Indiv,NatalYear,CoreNestling,ImmCohort,InclBr
1,NA,N,1994,Y
2,NA,N,2001,Y
3,NA,N,1994,Y
4,NA,N,1998,Y
5,NA,N,NA,Y
6,NA,N,1991,Y
7,NA,N,1992,Y
8,NA,N,1995,Y
9,NA,N,1995,Y
10,NA,N,1995,Y
11,NA,N,1995,Y
12,NA,N,NA,N
13,NA,N,NA,N
14,NA,N,NA,N
15,NA,N,NA,N
16,NA,N,NA,N
17,NA,N,NA,N
18,NA,N,NA,Y
19,NA,N,NA,N
20,NA,N,NA,N
21,NA,N,NA,N
22,NA,N,NA,N
23,NA,N,NA,N
24,NA,N,NA,N
25,NA,N,NA,Y
26,NA,N,NA,N
27,NA,N,NA,N
28,NA,N,1993,N
29,NA,N,1996,Y
30,NA,N,1996,Y
31,NA,N,1998,Y
32,NA,N,1997,Y
33,NA,N,1997,Y
34,NA,N,NA,N
35,NA,N,NA,N
36,NA,N,NA,Y
37,NA,N,NA,N
38,NA,N,NA,N
39,NA,N,NA,N
40,NA,N,NA,N
41,NA,N,NA,N
42,NA,N,NA,N
43,NA,N,NA,N
44,NA,N,NA,N
45,NA,N,NA,N
46,NA,N,NA,N
47,NA,N,NA,Y
48,NA,N,NA,Y
49,NA,N,NA,Y
50,NA,N,NA,Y
51,NA,N,NA,Y
52,NA,N,NA,Y
53,NA,N,NA,Y
54,NA,N,NA,Y
55,NA,N,NA,Y
56,NA,N,NA,Y
57,NA,N,NA,Y
58,1990,N,NA,N
59,1990,N,NA,N
60,1990,N,NA,N
61,1990,N,NA,N
62,1990,Y,NA,N
63,1990,Y,NA,N
64,1990,Y,NA,N
65,1990,Y,NA,N
66,1990,Y,NA,N
67,NA,N,2001,Y
68,NA,N,2000,Y
69,NA,N,2000,Y
70,NA,N,2000,Y
71,NA,N,2000,Y
72,NA,N,NA,Y
73,NA,N,1999,N
74,NA,N,1999,N
75,NA,N,NA,Y
76,NA,N,2000,N
77,2002,Y,NA,N
78,2002,Y,NA,N
79,2002,Y,NA,N
80,NA,N,2000,Y
81,NA,N,1997,Y
82,NA,N,2000,Y
83,NA,N,2001,Y
84,NA,N,2000,N
85,NA,N,NA,Y
86,NA,N,2000,Y
87,NA,N,2001,Y
88,NA,N,NA,Y
89,NA,N,2002,N
90,NA,N,2001,Y
91,NA,N,1999,Y
92,NA,N,1998,Y
93,NA,N,1998,Y
94,NA,N,2000,Y
95,NA,N,1999,Y
96,NA,N,2000,Y
97,NA,N,2000,Y
98,NA,N,1999,N
99,NA,N,2000,Y
100,NA,N,2000,Y
101,NA,N,2001,Y
102,NA,N,1996,Y
103,NA,N,2000,Y
104,NA,N,2000,Y
105,NA,N,2000,Y
106,NA,N,2000,Y
107,NA,N,2001,Y
108,NA,N,2000,Y
109,2002,N,NA,N
110,2002,N,NA,N
111,NA,N,1995,Y
112,NA,N,1996,Y
113,NA,N,1997,Y
114,NA,N,1997,Y
115,NA,N,1996,Y
116,NA,N,1997,Y
117,NA,N,1997,Y
118,NA,N,1997,Y
119,NA,N,1996,Y
120,NA,N,1997,Y
121,NA,N,1997,Y
122,NA,N,1996,Y
123,NA,N,1996,Y
124,NA,N,1996,Y
125,NA,N,1996,Y
126,NA,N,1997,Y
127,NA,N,1996,Y
128,NA,N,1996,Y
129,NA,N,1995,Y
130,NA,N,1997,Y
131,NA,N,1996,Y
132,NA,N,1996,Y
133,NA,N,1997,Y
134,NA,N,1996,Y
135,NA,N,1996,Y
136,NA,N,1996,Y
137,NA,N,1996,Y
138,NA,N,1997,Y
139,NA,N,1997,Y
140,NA,N,1997,Y
141,NA,N,1997,Y
142,NA,N,NA,N
143,NA,N,NA,N
144,NA,N,NA,N
145,NA,N,NA,N
146,NA,N,NA,N
147,NA,N,NA,N
148,NA,N,NA,N
149,NA,N,NA,N
150,NA,N,NA,N
151,NA,N,NA,N
152,NA,N,NA,N
153,NA,N,NA,Y
154,NA,N,NA,Y
155,NA,N,NA,Y
156,NA,N,1991,Y
157,NA,N,1991,Y
158,NA,N,1991,Y
159,NA,N,NA,Y
160,NA,N,NA,Y
161,NA,N,NA,Y
162,NA,N,NA,Y
163,NA,N,NA,Y
164,NA,N,NA,Y
165,NA,N,NA,Y
166,NA,N,1991,Y
167,1992,Y,NA,N
168,1992,Y,NA,N
169,1992,Y,NA,Y
170,NA,N,NA,Y
171,NA,N,NA,N
172,NA,N,NA,N
173,NA,N,NA,N
174,NA,N,NA,N
175,NA,N,NA,N
176,NA,N,NA,N
177,NA,N,NA,N
178,NA,N,NA,N
179,NA,N,NA,N
180,NA,N,NA,N
181,NA,N,NA,N
182,NA,N,NA,N
183,NA,N,NA,Y
184,NA,N,NA,N
185,NA,N,NA,N
186,NA,N,NA,N
187,NA,N,NA,N
188,NA,N,NA,N
189,NA,N,NA,N
190,NA,N,NA,N
191,NA,N,NA,N
192,NA,N,NA,Y
193,NA,N,NA,N
194,NA,N,NA,Y
195,NA,N,NA,N
196,NA,N,NA,N
197,NA,N,NA,N
198,NA,N,NA,N
199,NA,N,NA,N
200,NA,N,NA,N
201,NA,N,NA,N
202,NA,N,NA,N
203,NA,N,NA,N
204,NA,N,NA,N
205,NA,N,NA,N
206,NA,N,NA,N
207,NA,N,NA,N
208,NA,N,NA,N
209,NA,N,NA,N
210,NA,N,NA,N
211,NA,N,NA,N
212,NA,N,NA,N
213,NA,N,NA,N
214,NA,N,NA,N
215,NA,N,NA,N
216,NA,N,NA,Y
217,NA,N,NA,N
218,NA,N,NA,N
219,NA,N,NA,N
220,NA,N,NA,N
221,NA,N,NA,N
222,NA,N,NA,N
223,1990,N,NA,N
224,1990,N,NA,N
225,1990,N,NA,N
226,1990,N,NA,N
227,1990,N,NA,N
228,1990,N,NA,Y
229,1990,N,NA,Y
230,1990,N,NA,N
231,NA,N,NA,Y
232,1990,N,NA,Y
233,1990,N,NA,N
234,1990,N,NA,N
235,1990,N,NA,N
236,1990,N,NA,N
237,1990,N,NA,N
238,1990,N,NA,N
239,1990,N,NA,N
240,1990,N,NA,N
241,1990,N,NA,N
242,1990,N,NA,N
243,1990,Y,NA,N
244,1990,Y,NA,N
245,1990,Y,NA,N
246,1990,Y,NA,N
247,NA,N,NA,Y
248,1990,N,NA,N
249,1990,N,NA,N
250,1990,N,NA,N
251,1990,N,NA,N
252,1990,N,NA,N
253,NA,N,NA,Y
254,1990,Y,NA,N
255,1990,Y,NA,N
256,1990,Y,NA,N
257,1990,Y,NA,N
258,1990,N,NA,Y
259,NA,N,NA,Y
260,NA,N,NA,Y
261,NA,N,NA,Y
262,1990,N,NA,N
263,1990,N,NA,N
264,1990,N,NA,N
265,1990,N,NA,N
266,1990,Y,NA,N
267,1990,Y,NA,N
268,1990,Y,NA,N
269,NA,N,NA,Y
270,NA,N,NA,Y
271,NA,N,NA,Y
272,1990,Y,NA,Y
273,NA,N,NA,Y
274,NA,N,NA,Y
275,NA,N,NA,Y
276,NA,N,NA,Y
277,NA,N,NA,Y
278,NA,N,NA,Y
279,NA,N,NA,Y
280,NA,N,NA,Y
281,NA,N,NA,Y
282,NA,N,NA,Y
283,1991,Y,NA,N
284,1991,Y,NA,N
285,NA,N,NA,Y
286,1991,Y,NA,N
287,1991,Y,NA,N
288,1991,N,NA,N
289,1991,N,NA,N
290,1991,N,NA,N
291,1991,Y,NA,N
292,1991,Y,NA,N
293,1991,Y,NA,N
294,1991,Y,NA,N
295,NA,N,NA,Y
296,1991,Y,NA,Y
297,1991,Y,NA,N
298,1991,Y,NA,N
299,1991,Y,NA,N
300,1991,Y,NA,N
301,1991,Y,NA,N
302,1991,Y,NA,N
303,1991,Y,NA,Y
304,1991,Y,NA,N
305,1991,Y,NA,N
306,1991,Y,NA,N
307,1991,Y,NA,N
308,1991,Y,NA,Y
309,1991,Y,NA,N
310,1991,Y,NA,N
311,1991,Y,NA,N
312,1991,Y,NA,N
313,1991,Y,NA,N
314,1991,Y,NA,N
315,1991,Y,NA,N
316,1991,Y,NA,N
317,NA,N,NA,Y
318,1991,Y,NA,N
319,1991,Y,NA,N
320,1991,N,NA,N
321,1991,N,NA,N
322,1991,N,NA,N
323,1991,N,NA,N
324,1991,N,NA,N
325,1991,N,NA,N
326,1991,N,NA,N
327,1991,N,NA,N
328,1991,N,NA,N
329,1991,N,NA,N
330,1991,N,NA,N
331,1991,N,NA,N
332,1991,N,NA,N
333,NA,N,NA,Y
334,NA,N,NA,Y
335,1991,Y,NA,N
336,1991,Y,NA,N
337,1991,Y,NA,N
338,1991,N,NA,Y
339,1991,N,NA,N
340,1991,N,NA,N
341,1991,N,NA,Y
342,1991,N,NA,N
343,1991,N,NA,N
344,1991,N,NA,N
345,1991,N,NA,Y
346,1991,N,NA,N
347,1991,N,NA,N
348,1991,N,NA,N
349,1991,N,NA,Y
350,1991,N,NA,Y
351,1991,N,NA,N
352,1992,Y,NA,N
353,1992,Y,NA,N
354,1992,Y,NA,N
355,NA,N,1991,Y
356,NA,N,1991,Y
357,NA,N,1991,Y
358,NA,N,1991,Y
359,NA,N,1991,Y
360,NA,N,1991,Y
361,NA,N,1991,Y
362,NA,N,1991,Y
363,NA,N,1992,Y
364,NA,N,1992,Y
365,NA,N,1991,Y
366,NA,N,1991,Y
367,NA,N,1991,Y
368,NA,N,1991,Y
369,NA,N,1991,Y
370,NA,N,1991,Y
371,NA,N,1991,Y
372,NA,N,1992,Y
373,NA,N,1991,Y
374,NA,N,1991,Y
375,NA,N,1991,Y
376,1993,N,NA,N
377,1993,N,NA,N
378,NA,N,1991,Y
379,1993,N,NA,N
380,1993,N,NA,N
381,1993,N,NA,N
382,1993,N,NA,N
383,1993,N,NA,N
384,1993,N,NA,N
385,1993,N,NA,N
386,1993,N,NA,N
387,1993,N,NA,N
388,1993,N,NA,N
389,1993,N,NA,N
390,1993,N,NA,N
391,1993,N,NA,N
392,1993,N,NA,N
393,1993,N,NA,N
394,1993,N,NA,N
395,1993,N,NA,N
396,1993,N,NA,N
397,1993,N,NA,N
398,1993,N,NA,Y
399,1993,N,NA,N
400,1993,N,NA,Y
401,1993,N,NA,N
402,1993,N,NA,N
403,1993,N,NA,N
404,1993,N,NA,N
405,1993,N,NA,N
406,NA,N,1993,N
407,1993,Y,NA,Y
408,1993,Y,NA,N
409,1993,Y,NA,Y
410,1993,Y,NA,Y
411,1993,Y,NA,N
412,1993,Y,NA,N
413,1993,Y,NA,N
414,1993,Y,NA,N
415,1993,Y,NA,N
416,1993,Y,NA,N
417,1993,Y,NA,N
418,1993,Y,NA,N
419,1993,Y,NA,N
420,1993,Y,NA,N
421,1993,Y,NA,Y
422,1993,Y,NA,N
423,1993,Y,NA,N
424,1993,Y,NA,N
425,1993,Y,NA,N
426,NA,N,1991,Y
427,1993,Y,NA,N
428,1993,Y,NA,N
429,1993,Y,NA,Y
430,1993,Y,NA,Y
431,NA,N,1991,Y
432,1993,Y,NA,Y
433,1993,Y,NA,N
434,1993,Y,NA,N
435,1993,Y,NA,Y
436,1993,Y,NA,N
437,1993,N,NA,N
438,1993,N,NA,N
439,1993,N,NA,N
440,1993,N,NA,N
441,1993,N,NA,N
442,1993,N,NA,Y
443,1993,N,NA,N
444,1993,N,NA,Y
445,1993,N,NA,Y
446,1993,N,NA,N
447,1993,N,NA,N
448,1993,N,NA,N
449,1993,N,NA,Y
450,1993,N,NA,N
451,1993,N,NA,N
452,1993,N,NA,N
453,1993,N,NA,N
454,NA,N,1991,Y
455,1993,Y,NA,Y
456,1993,Y,NA,N
457,1993,Y,NA,Y
458,1993,Y,NA,Y
459,1993,Y,NA,N
460,1993,Y,NA,N
461,1993,Y,NA,N
462,1993,Y,NA,N
463,NA,N,1993,Y
464,NA,N,1992,Y
465,NA,N,1992,Y
466,NA,N,1992,Y
467,NA,N,1992,Y
468,NA,N,1992,Y
469,NA,N,1993,Y
470,NA,N,1991,N
471,NA,N,1991,N
472,NA,N,NA,Y
473,NA,N,1993,Y
474,NA,N,1992,Y
475,NA,N,1992,Y
476,NA,N,1992,Y
477,NA,N,1993,Y
478,1994,Y,NA,N
479,1994,Y,NA,N
480,1994,Y,NA,N
481,1994,Y,NA,Y
482,1994,Y,NA,Y
483,1994,Y,NA,Y
484,1994,Y,NA,Y
485,1994,Y,NA,N
486,1994,Y,NA,N
487,1994,Y,NA,N
488,1994,Y,NA,N
489,1994,Y,NA,N
490,1994,Y,NA,N
491,1994,Y,NA,Y
492,1994,Y,NA,Y
493,1994,Y,NA,N
494,1994,Y,NA,N
495,1994,Y,NA,Y
496,1994,Y,NA,N
497,1994,Y,NA,Y
498,1994,Y,NA,N
499,1994,Y,NA,N
500,1994,Y,NA,N
501,1994,Y,NA,Y
502,1994,Y,NA,Y
503,1994,Y,NA,N
504,1994,Y,NA,N
505,1994,Y,NA,Y
506,NA,N,1992,Y
507,NA,N,1992,Y
508,NA,N,1993,Y
509,NA,N,1993,Y
510,1993,N,NA,N
511,NA,N,1993,Y
512,NA,N,1992,Y
513,NA,N,1992,Y
514,1994,N,NA,N
515,1994,N,NA,N
516,1994,N,NA,N
517,1994,N,NA,N
518,1994,N,NA,N
519,NA,N,1992,Y
520,1994,N,NA,N
521,1994,N,NA,N
522,1994,N,NA,N
523,1994,N,NA,N
524,1994,N,NA,N
525,1994,N,NA,Y
526,1994,N,NA,N
527,1994,N,NA,N
528,1994,N,NA,N
529,1994,N,NA,N
530,1994,N,NA,Y
531,1994,N,NA,N
532,1994,N,NA,Y
533,1994,N,NA,N
534,1994,N,NA,Y
535,1994,N,NA,N
536,1994,N,NA,N
537,1994,N,NA,N
538,1994,N,NA,N
539,1994,N,NA,N
540,1994,N,NA,N
541,1994,N,NA,N
542,1994,N,NA,N
543,1994,N,NA,N
544,1994,N,NA,N
545,1994,N,NA,N
546,1994,N,NA,N
547,1994,N,NA,N
548,1994,N,NA,N
549,1994,Y,NA,N
550,1994,Y,NA,N
551,1994,Y,NA,N
552,1994,Y,NA,N
553,1994,Y,NA,Y
554,1994,Y,NA,Y
555,1994,N,NA,N
556,1994,N,NA,Y
557,1994,Y,NA,N
558,NA,N,1994,Y
559,NA,N,1993,Y
560,NA,N,1994,Y
561,NA,N,1992,N
562,NA,N,1992,N
563,NA,N,NA,Y
564,NA,N,1994,Y
565,NA,N,1994,Y
566,NA,N,1994,Y
567,NA,N,1993,Y
568,NA,N,1993,Y
569,NA,N,1993,Y
570,NA,N,1993,Y
571,NA,N,1994,Y
572,1994,N,NA,Y
573,NA,N,1994,Y
574,NA,N,1994,Y
575,1995,N,NA,N
576,1995,N,NA,N
577,1995,N,NA,N
578,1995,N,NA,Y
579,NA,N,1993,Y
580,1995,Y,NA,N
581,1995,Y,NA,N
582,1995,Y,NA,N
583,NA,N,1994,Y
584,NA,N,1992,N
585,1995,Y,NA,N
586,1995,Y,NA,N
587,NA,N,1994,Y
588,1995,Y,NA,N
589,1995,Y,NA,N
590,1995,Y,NA,Y
591,1995,Y,NA,N
592,1995,Y,NA,N
593,1995,Y,NA,N
594,1995,Y,NA,N
595,1995,Y,NA,N
596,1995,Y,NA,N
597,1995,Y,NA,N
598,1995,Y,NA,N
599,1995,Y,NA,N
600,NA,N,1994,Y
601,NA,N,1993,Y
602,1995,Y,NA,N
603,1995,Y,NA,Y
604,1995,Y,NA,N
605,NA,N,1994,Y
606,1995,N,NA,N
607,1995,N,NA,N
608,NA,N,1994,Y
609,1995,N,NA,N
610,NA,N,1994,Y
611,1995,N,NA,Y
612,NA,N,1994,Y
613,1995,N,NA,Y
614,1995,N,NA,Y
615,NA,N,1994,Y
616,NA,N,1994,Y
617,NA,N,1993,Y
618,NA,N,1994,Y
619,NA,N,1995,Y
620,NA,N,1995,Y
621,NA,N,1995,Y
622,NA,N,1994,Y
623,NA,N,1994,Y
624,NA,N,1994,Y
625,NA,N,1994,Y
626,NA,N,1995,Y
627,NA,N,1994,Y
628,NA,N,1994,Y
629,NA,N,1994,Y
630,NA,N,1994,Y
631,NA,N,1993,N
632,1996,Y,NA,N
633,1996,Y,NA,N
634,1996,Y,NA,N
635,1996,Y,NA,N
636,1996,Y,NA,N
637,1996,Y,NA,N
638,1996,Y,NA,N
639,1996,Y,NA,N
640,1996,Y,NA,N
641,1996,Y,NA,N
642,1996,Y,NA,N
643,1996,Y,NA,N
644,1996,Y,NA,N
645,1996,Y,NA,N
646,1996,Y,NA,N
647,1996,Y,NA,Y
648,1996,Y,NA,Y
649,1996,Y,NA,N
650,1996,Y,NA,Y
651,1996,Y,NA,N
652,1996,Y,NA,Y
653,1996,Y,NA,Y
654,1996,Y,NA,N
655,1996,Y,NA,N
656,1996,Y,NA,N
657,1996,Y,NA,N
658,1996,Y,NA,N
659,1996,Y,NA,N
660,1996,Y,NA,N
661,1996,Y,NA,N
662,1996,Y,NA,Y
663,1996,Y,NA,N
664,1996,Y,NA,N
665,1996,Y,NA,Y
666,1996,Y,NA,N
667,1996,Y,NA,N
668,1996,Y,NA,N
669,1996,Y,NA,N
670,NA,N,1994,Y
671,1996,Y,NA,N
672,1996,Y,NA,N
673,NA,N,1995,Y
674,NA,N,1996,N
675,1997,N,NA,N
676,1997,N,NA,N
677,1997,N,NA,N
678,1997,N,NA,N
679,1997,N,NA,Y
680,1997,N,NA,N
681,1997,N,NA,N
682,1997,N,NA,N
683,1997,N,NA,N
684,1997,N,NA,N
685,1997,N,NA,N
686,1997,N,NA,N
687,1997,N,NA,N
688,1997,N,NA,N
689,1997,N,NA,N
690,1997,N,NA,N
691,1997,N,NA,N
692,1997,N,NA,N
693,1997,N,NA,N
694,NA,N,1995,Y
695,1997,N,NA,N
696,1997,N,NA,N
697,NA,N,1995,Y
698,NA,N,1995,Y
699,1997,N,NA,N
700,1997,N,NA,N
701,1997,N,NA,N
702,1997,N,NA,N
703,1997,N,NA,N
704,1997,N,NA,N
705,1997,N,NA,N
706,NA,N,NA,Y
707,NA,N,1996,Y
708,1990,N,NA,Y
709,NA,N,1996,Y
710,NA,N,1997,Y
711,1996,N,NA,N
712,1996,N,NA,N
713,1996,N,NA,N
714,1996,N,NA,N
715,1996,N,NA,N
716,1996,N,NA,N
717,NA,N,1994,Y
718,NA,N,1995,Y
719,NA,N,1994,Y
720,NA,N,1994,Y
721,NA,N,1994,Y
722,NA,N,1995,Y
723,NA,N,1995,Y
724,1996,N,NA,N
725,1996,N,NA,N
726,1996,N,NA,Y
727,1996,N,NA,N
728,1996,N,NA,N
729,1996,N,NA,N
730,1996,N,NA,N
731,1996,N,NA,N
732,1996,N,NA,N
733,1996,N,NA,Y
734,1996,N,NA,N
735,1996,N,NA,N
736,1996,N,NA,N
737,1996,N,NA,N
738,1996,N,NA,Y
739,NA,N,NA,Y
740,NA,N,1995,Y
741,NA,N,1995,Y
742,1997,N,NA,Y
743,1997,N,NA,N
744,1997,N,NA,N
745,1997,N,NA,N
746,1997,N,NA,N
747,1997,N,NA,N
748,1997,N,NA,N
749,1999,Y,NA,N
750,1999,Y,NA,N
751,1999,Y,NA,N
752,1999,Y,NA,N
753,1999,Y,NA,N
754,1999,Y,NA,N
755,1999,Y,NA,Y
756,1999,Y,NA,N
757,1999,Y,NA,N
758,1999,Y,NA,N
759,1999,Y,NA,Y
760,1999,Y,NA,Y
761,1999,Y,NA,N
762,1999,Y,NA,N
763,1999,Y,NA,N
764,1999,Y,NA,N
765,1999,Y,NA,N
766,1999,Y,NA,N
767,1999,Y,NA,N
768,1999,Y,NA,N
769,1999,Y,NA,N
770,NA,N,1998,Y
771,1999,Y,NA,N
772,1999,Y,NA,N
773,1999,Y,NA,Y
774,1999,Y,NA,N
775,1999,Y,NA,N
776,1999,Y,NA,N
777,1999,Y,NA,N
778,1999,Y,NA,N
779,1999,Y,NA,N
780,1999,N,NA,N
781,1999,N,NA,Y
782,1999,N,NA,N
783,1999,N,NA,N
784,1999,N,NA,N
785,1999,N,NA,N
786,1999,N,NA,N
787,1999,N,NA,N
788,1999,N,NA,N
789,1999,N,NA,N
790,1999,N,NA,N
791,1999,N,NA,N
792,1999,N,NA,N
793,1999,N,NA,N
794,1999,N,NA,N
795,1999,N,NA,N
796,1999,N,NA,Y
797,1999,N,NA,Y
798,1999,N,NA,N
799,1999,N,NA,N
800,1999,N,NA,N
801,1999,N,NA,N
802,1999,N,NA,N
803,NA,N,1997,Y
804,NA,N,1997,Y
805,1999,N,NA,N
806,NA,N,NA,Y
807,1999,N,NA,N
808,1999,N,NA,Y
809,1999,N,NA,N
810,1999,N,NA,N
811,1999,N,NA,N
812,1999,N,NA,Y
813,1999,N,NA,N
814,1999,N,NA,N
815,1999,N,NA,N
816,1999,N,NA,N
817,1999,N,NA,N
818,1999,Y,NA,N
819,1999,Y,NA,Y
820,1999,Y,NA,N
821,1999,Y,NA,N
822,1999,Y,NA,Y
823,1999,Y,NA,N
824,1999,Y,NA,N
825,1999,Y,NA,N
826,1999,Y,NA,N
827,1999,Y,NA,Y
828,1999,Y,NA,Y
829,NA,N,1999,Y
830,NA,N,1999,Y
831,NA,N,1999,Y
832,NA,N,1998,Y
833,NA,N,1998,Y
834,NA,N,1998,Y
835,NA,N,1999,Y
836,NA,N,1998,Y
837,NA,N,1997,N
838,NA,N,1999,N
839,1991,Y,NA,Y
840,NA,N,1997,Y
841,1999,N,NA,N
842,1999,N,NA,N
843,1999,N,NA,N
844,1999,N,NA,N
845,1999,N,NA,N
846,1999,N,NA,N
847,1999,N,NA,N
848,1999,N,NA,Y
849,1999,N,NA,N
850,1999,N,NA,N
851,1999,N,NA,N
852,1999,N,NA,N
853,1999,N,NA,N
854,1999,N,NA,N
855,1999,N,NA,Y
856,1999,N,NA,N
857,1999,N,NA,N
858,1999,N,NA,N
859,1999,N,NA,N
860,1999,N,NA,N
861,1999,N,NA,N
862,1999,N,NA,N
863,1999,N,NA,N
864,1999,N,NA,N
865,1999,N,NA,N
866,1999,N,NA,N
867,1999,N,NA,N
868,NA,N,1997,Y
869,1999,N,NA,N
870,NA,N,1998,Y
871,NA,N,1998,Y
872,NA,N,1998,Y
873,NA,N,1998,Y
874,NA,N,1999,Y
875,NA,N,1998,Y
876,NA,N,1998,Y
877,NA,N,1998,Y
878,NA,N,1998,Y
879,2000,N,NA,N
880,NA,N,1998,Y
881,2000,N,NA,Y
882,2000,N,NA,N
883,2000,N,NA,N
884,2000,N,NA,Y
885,2000,N,NA,N
886,2000,N,NA,N
887,2000,N,NA,N
888,2000,N,NA,Y
889,2000,N,NA,N
890,2000,N,NA,Y
891,2000,N,NA,Y
892,2000,N,NA,N
893,2000,N,NA,N
894,2000,N,NA,N
895,2000,Y,NA,N
896,2000,Y,NA,N
897,2000,Y,NA,N
898,2000,Y,NA,N
899,2000,Y,NA,N
900,2000,Y,NA,N
901,2000,Y,NA,N
902,2000,Y,NA,Y
903,2000,Y,NA,Y
904,2000,Y,NA,Y
905,2000,Y,NA,N
906,2000,Y,NA,N
907,2000,Y,NA,N
908,2000,Y,NA,Y
909,2000,Y,NA,N
910,2000,Y,NA,N
911,2000,Y,NA,N
912,2000,Y,NA,N
913,1999,Y,NA,Y
914,2000,Y,NA,N
915,2000,Y,NA,N
916,2000,Y,NA,Y
917,2000,Y,NA,Y
918,2000,Y,NA,Y
919,NA,N,1999,Y
920,NA,N,1999,Y
921,NA,N,1999,Y
922,NA,N,1999,Y
923,NA,N,NA,Y
924,NA,N,1998,Y
925,NA,N,1998,Y
926,2000,N,NA,N
927,2000,N,NA,N
928,2000,N,NA,N
929,2000,N,NA,N
930,2000,N,NA,N
931,2000,N,NA,N
932,2000,N,NA,N
933,2000,N,NA,N
934,2000,N,NA,N
935,2000,N,NA,N
936,NA,N,1998,Y
937,NA,N,1998,Y
938,2000,N,NA,N
939,2000,N,NA,N
940,2000,N,NA,N
941,2000,N,NA,N
942,2000,N,NA,N
943,2000,N,NA,N
944,2000,N,NA,N
945,2000,N,NA,Y
946,2000,N,NA,N
947,2000,N,NA,N
948,2000,N,NA,N
949,2000,N,NA,N
950,2000,N,NA,N
951,2000,N,NA,N
952,2000,N,NA,N
953,2000,N,NA,N
954,2000,N,NA,N
955,2000,N,NA,Y
956,2000,N,NA,N
957,2000,N,NA,N
958,2000,N,NA,N
959,2000,N,NA,Y
960,2000,N,NA,N
961,NA,N,1998,Y
962,NA,N,1999,Y
963,NA,N,NA,Y
964,2001,Y,NA,N
965,2001,Y,NA,N
966,2001,Y,NA,Y
967,2001,Y,NA,N
968,2001,Y,NA,N
969,2001,Y,NA,N
970,2001,Y,NA,N
971,2001,Y,NA,N
972,2001,Y,NA,N
973,2001,Y,NA,N
974,2001,Y,NA,Y
975,2001,N,NA,N
976,2001,N,NA,N
977,2001,N,NA,N
978,2001,N,NA,N
979,2001,N,NA,N
980,2001,N,NA,N
981,2001,N,NA,N
982,2001,N,NA,N
983,2001,Y,NA,N
984,2001,Y,NA,Y
985,2001,Y,NA,Y
986,2001,Y,NA,Y
987,2001,Y,NA,N
988,2001,Y,NA,Y
989,2001,Y,NA,Y
990,2001,Y,NA,Y
991,2001,Y,NA,N
992,2001,Y,NA,N
993,2001,Y,NA,N
994,2001,Y,NA,N
995,2003,N,NA,N
996,2003,N,NA,N
997,2003,N,NA,N
998,2003,N,NA,N
999,2003,N,NA,N
1000,2003,N,NA,N
1001,2003,N,NA,N
1002,2003,N,NA,N
1003,2003,N,NA,N
1004,NA,N,2002,N
1005,1995,N,NA,Y
1006,NA,N,2002,N
1007,NA,N,2002,N
1008,NA,N,2002,N
1009,2004,N,NA,N
1010,2004,N,NA,N
1011,2004,N,NA,N
1012,2004,N,NA,N
1013,2004,N,NA,N
1014,NA,N,2001,Y
1015,NA,N,2001,Y
1016,NA,N,NA,N
1017,NA,N,2003,N
1018,2004,N,NA,N
1019,2004,N,NA,N
1020,2004,N,NA,N
1021,2004,N,NA,N
1022,2004,N,NA,N
1023,2004,N,NA,N
1024,2004,N,NA,N
1025,2004,N,NA,N
1026,2003,Y,NA,N
1027,2003,Y,NA,N
1028,NA,N,NA,N
1029,NA,N,2002,N
1030,NA,N,2002,N
1031,NA,N,2002,N
1032,NA,N,2003,N
1033,NA,N,2002,N
1034,2004,Y,NA,N
1035,2004,Y,NA,N
1036,2004,Y,NA,N
1037,2004,Y,NA,N
1038,2004,Y,NA,N
1039,2004,Y,NA,N
1040,2004,Y,NA,N
1041,2004,Y,NA,N
1042,2004,Y,NA,N
1043,2004,Y,NA,N
1044,2004,Y,NA,N
1045,2004,Y,NA,N
1046,2004,Y,NA,N
1047,2004,Y,NA,N
1048,2004,Y,NA,N
1049,2004,Y,NA,N
1050,2004,Y,NA,N
1051,2004,Y,NA,N
1052,2004,Y,NA,N
1053,2004,Y,NA,N
1054,2004,Y,NA,N
1055,2004,Y,NA,N
1056,2004,Y,NA,N
1057,2004,Y,NA,N
1058,2004,Y,NA,N
1059,2004,Y,NA,N
1060,2004,Y,NA,N
1061,2004,Y,NA,N
1062,2004,Y,NA,N
1063,NA,N,2012,N
1064,NA,N,2012,N
1065,NA,N,2003,N
1066,NA,N,2004,N
1067,2004,N,NA,N
1068,2004,N,NA,N
1069,2004,N,NA,N
1070,NA,N,2002,N
1071,NA,N,2001,N
1072,NA,N,2001,N
1073,NA,N,NA,N
1074,2004,Y,NA,N
1075,2004,Y,NA,N
1076,2004,Y,NA,N
1077,2004,Y,NA,N
1078,2004,Y,NA,N
1079,2004,Y,NA,N
1080,2004,Y,NA,N
1081,2004,Y,NA,N
1082,2004,Y,NA,N
1083,2004,Y,NA,N
1084,2004,Y,NA,N
1085,2004,Y,NA,N
1086,2004,Y,NA,N
1087,2004,Y,NA,N
1088,2004,Y,NA,N
1089,NA,N,2003,N
1090,NA,N,2004,N
1091,NA,N,2003,N
1092,NA,N,2003,N
1093,NA,N,2003,N
1094,NA,N,NA,N
1095,2005,Y,NA,N
1096,2005,Y,NA,N
1097,2005,Y,NA,N
1098,2005,Y,NA,N
1099,NA,N,2003,N
1100,2004,N,NA,N
1101,2004,N,NA,N
1102,2004,N,NA,N
1103,2004,N,NA,N
1104,2004,N,NA,N
1105,2004,N,NA,N
1106,2004,N,NA,N
1107,2004,N,NA,N
1108,2004,N,NA,N
1109,2004,N,NA,N
1110,2004,N,NA,N
1111,2004,N,NA,N
1112,2004,N,NA,N
1113,2004,N,NA,N
1114,NA,N,NA,N
1115,2005,N,NA,N
1116,2005,N,NA,N
1117,2005,N,NA,N
1118,NA,N,2002,Y
1119,NA,N,2002,Y
1120,NA,N,NA,N
1121,2005,N,NA,N
1122,2005,N,NA,N
1123,2005,N,NA,N
1124,2005,N,NA,N
1125,2005,N,NA,N
1126,2005,N,NA,N
1127,2005,N,NA,N
1128,2005,N,NA,N
1129,NA,N,2005,N
1130,NA,N,2005,N
1131,NA,N,2005,N
1132,NA,N,2005,N
1133,NA,N,2005,N
1134,NA,N,2005,N
1135,NA,N,2005,N
1136,NA,N,2007,N
1137,2005,Y,NA,N
1138,2005,Y,NA,N
1139,2005,Y,NA,N
1140,NA,N,NA,N
1141,2005,Y,NA,N
1142,2005,Y,NA,N
1143,2005,Y,NA,N
1144,2005,Y,NA,N
1145,2005,Y,NA,N
1146,2005,N,NA,N
1147,2005,N,NA,N
1148,2005,N,NA,N
1149,2005,N,NA,N
1150,2005,N,NA,N
1151,2005,N,NA,N
1152,2005,N,NA,N
1153,2005,N,NA,N
1154,NA,N,1994,Y
1155,NA,N,2004,N
1156,NA,N,2004,N
1157,NA,N,2004,N
1158,NA,N,2005,N
1159,2006,N,NA,N
1160,2006,N,NA,N
1161,2006,N,NA,N
1162,2006,N,NA,N
1163,2006,N,NA,N
1164,2005,Y,NA,N
1165,2005,Y,NA,N
1166,2005,Y,NA,N
1167,2005,Y,NA,N
1168,2005,Y,NA,N
1169,2005,Y,NA,N
1170,NA,N,2003,N
1171,2005,Y,NA,N
1172,2006,Y,NA,N
1173,2006,Y,NA,N
1174,NA,N,2004,N
1175,2006,Y,NA,N
1176,2006,Y,NA,N
1177,NA,N,2004,N
1178,2006,Y,NA,N
1179,2006,Y,NA,N
1180,2006,Y,NA,N
1181,NA,N,2003,N
1182,NA,N,2003,N
1183,NA,N,NA,N
1184,2006,Y,NA,N
1185,2006,Y,NA,N
1186,2006,Y,NA,N
1187,2006,N,NA,N
1188,2006,N,NA,N
1189,2006,N,NA,N
1190,2006,N,NA,N
1191,2006,N,NA,N
1192,2006,N,NA,N
1193,2006,N,NA,N
1194,2006,N,NA,N
1195,2006,N,NA,N
1196,NA,N,2006,N
1197,NA,N,2006,N
1198,2007,N,NA,N
1199,2007,N,NA,N
1200,2007,N,NA,N
1201,2007,N,NA,N
1202,2007,N,NA,N
1203,2007,N,NA,N
1204,2006,Y,NA,N
1205,2006,Y,NA,N
1206,2006,Y,NA,N
1207,2006,Y,NA,N
1208,2006,Y,NA,N
1209,2006,Y,NA,N
1210,NA,N,2002,N
1211,2006,Y,NA,N
1212,2006,Y,NA,N
1213,2006,Y,NA,N
1214,2006,Y,NA,N
1215,2006,Y,NA,N
1216,NA,N,2004,N
1217,NA,N,2003,N
1218,2006,Y,NA,N
1219,2006,Y,NA,N
1220,2006,Y,NA,N
1221,2006,Y,NA,N
1222,2006,Y,NA,N
1223,2005,Y,NA,N
1224,NA,N,2005,N
1225,NA,N,NA,N
1226,2007,Y,NA,N
1227,2007,Y,NA,N
1228,2007,N,NA,N
1229,2007,N,NA,N
1230,2007,N,NA,N
1231,2007,N,NA,N
1232,2007,N,NA,N
1233,2007,N,NA,N
1234,2007,N,NA,N
1235,2007,N,NA,N
1236,2007,N,NA,N
1237,2007,N,NA,N
1238,2007,N,NA,N
1239,2007,N,NA,N
1240,2007,N,NA,N
1241,2007,N,NA,N
1242,2007,N,NA,N
1243,2007,N,NA,N
1244,NA,N,2007,N
1245,2008,N,NA,N
1246,2008,N,NA,N
1247,2008,N,NA,N
1248,2008,N,NA,N
1249,2008,N,NA,N
1250,2008,N,NA,N
1251,2008,N,NA,N
1252,2008,N,NA,N
1253,2008,N,NA,N
1254,2008,N,NA,N
1255,2008,N,NA,N
1256,2008,N,NA,N
1257,2008,N,NA,N
1258,2008,N,NA,N
1259,2007,Y,NA,N
1260,2007,Y,NA,N
1261,2007,Y,NA,N
1262,2007,Y,NA,N
1263,NA,N,2006,N
1264,NA,N,NA,N
1265,NA,N,NA,N
1266,NA,N,2006,N
1267,NA,N,2004,N
1268,2008,N,NA,N
1269,2008,N,NA,N
1270,2008,N,NA,N
1271,2008,Y,NA,N
1272,2008,Y,NA,N
1273,NA,N,2005,N
1274,NA,N,2005,N
1275,NA,N,NA,N
1276,2008,Y,NA,N
1277,2008,Y,NA,N
1278,2008,Y,NA,N
1279,2008,Y,NA,N
1280,2008,Y,NA,N
1281,2008,Y,NA,N
1282,2008,N,NA,N
1283,2008,N,NA,N
1284,2008,N,NA,N
1285,2008,N,NA,N
1286,2008,N,NA,N
1287,2008,N,NA,N
1288,2008,N,NA,N
1289,2008,N,NA,N
1290,2008,N,NA,N
1291,2008,N,NA,N
1292,2008,N,NA,N
1293,NA,N,2008,N
1294,2009,N,NA,N
1295,2009,N,NA,N
1296,2009,N,NA,N
1297,2009,N,NA,N
1298,2009,N,NA,N
1299,2008,N,NA,N
1300,2008,N,NA,N
1301,2008,N,NA,N
1302,NA,N,2006,N
1303,NA,N,2006,N
1304,NA,N,2005,N
1305,2008,Y,NA,N
1306,2008,Y,NA,N
1307,2008,Y,NA,N
1308,2008,Y,NA,N
1309,2008,Y,NA,N
1310,2008,Y,NA,N
1311,2008,N,NA,N
1312,2008,N,NA,N
1313,2008,N,NA,N
1314,NA,N,2007,N
1315,1999,Y,NA,Y
1316,NA,N,NA,N
1317,2009,Y,NA,N
1318,2009,Y,NA,N
1319,2009,N,NA,N
1320,2009,N,NA,N
1321,2009,N,NA,N
1322,2009,N,NA,N
1323,NA,N,2008,N
1324,NA,N,2008,N
1325,NA,N,2008,N
1326,NA,N,2008,N
1327,NA,N,2008,N
1328,2010,N,NA,N
1329,2010,N,NA,N
1330,2010,N,NA,N
1331,2010,N,NA,N
1332,2010,N,NA,N
1333,2010,N,NA,N
1334,2010,N,NA,N
1335,2010,N,NA,N
1336,2010,N,NA,N
1337,2010,N,NA,N
1338,2010,N,NA,N
1339,NA,N,2008,N
1340,2010,N,NA,N
1341,2010,N,NA,N
1342,2010,N,NA,N
1343,2010,N,NA,N
1344,2010,N,NA,N
1345,2010,N,NA,N
1346,NA,N,2009,N
1347,NA,N,2008,N
1348,NA,N,2009,N
1349,NA,N,2008,N
1350,NA,N,2008,N
1351,NA,N,2008,N
1352,2010,Y,NA,N
1353,2010,Y,NA,N
1354,2010,Y,NA,N
1355,2010,Y,NA,N
1356,NA,N,2008,N
1357,NA,N,2008,N
1358,NA,N,NA,N
1359,2010,N,NA,N
1360,2010,N,NA,N
1361,2010,N,NA,N
1362,2010,N,NA,N
1363,2010,N,NA,N
1364,2010,N,NA,N
1365,2010,N,NA,N
1366,2010,N,NA,N
1367,2010,N,NA,N
1368,2010,N,NA,N
1369,2011,N,NA,N
1370,2011,N,NA,N
1371,2011,N,NA,N
1372,2011,N,NA,N
1373,NA,N,2009,N
1374,NA,N,2009,N
1375,NA,N,2008,N
1376,NA,N,2009,N
1377,2011,N,NA,N
1378,2011,N,NA,N
1379,2011,N,NA,N
1380,2011,N,NA,N
1381,2011,N,NA,N
1382,2011,N,NA,N
1383,NA,N,2008,N
1384,NA,N,2010,N
1385,NA,N,2010,N
1386,2011,N,NA,N
1387,2011,N,NA,N
1388,2011,N,NA,N
1389,2011,Y,NA,N
1390,2011,Y,NA,N
1391,2011,Y,NA,N
1392,2011,N,NA,N
1393,2011,N,NA,N
1394,2011,N,NA,N
1395,2011,N,NA,N
1396,2011,N,NA,N
1397,2011,N,NA,N
1398,2011,N,NA,N
1399,2011,N,NA,N
1400,2011,N,NA,N
1401,2011,N,NA,N
1402,NA,N,2010,N
1403,2012,N,NA,N
1404,2012,N,NA,N
1405,2012,N,NA,N
1406,2012,N,NA,N
1407,NA,N,2011,N
1408,2012,N,NA,N
1409,2011,Y,NA,N
1410,2011,Y,NA,N
1411,NA,N,2008,N
1412,NA,N,NA,N
1413,2011,Y,NA,N
1414,2011,Y,NA,N
1415,2011,Y,NA,N
1416,2011,Y,NA,N
1417,2011,Y,NA,N
1418,2011,Y,NA,N
1419,2002,Y,NA,N
1420,NA,N,2010,N
1421,NA,N,2004,N
1422,NA,N,2010,N
1423,NA,N,2010,N
1424,NA,N,2010,N
1425,NA,N,2010,N
1426,NA,N,2000,Y
1427,2006,Y,NA,N
1428,NA,N,NA,N
1429,2012,N,NA,N
1430,2012,N,NA,N
1431,2012,N,NA,N
1432,2012,N,NA,N
1433,2012,N,NA,N
1434,2004,N,NA,N
1435,NA,N,2012,N
1436,2013,N,NA,N
1437,2013,N,NA,N
1438,2013,N,NA,N
1439,2013,N,NA,N
1440,2013,N,NA,N
1441,2013,N,NA,N
1442,2013,N,NA,N
1443,NA,N,2011,N
1444,NA,N,2011,N
1445,NA,N,2012,N
1446,NA,N,2011,N
1447,2013,Y,NA,N
1448,2013,Y,NA,N
1449,2013,Y,NA,N
1450,2013,Y,NA,N
1451,2013,Y,NA,N
1452,2013,Y,NA,N
1453,2013,N,NA,N
1454,2013,N,NA,N
1455,2013,N,NA,N
1456,2013,N,NA,N
1457,2013,N,NA,N
1458,2013,N,NA,N
1459,2013,N,NA,N
1460,2013,N,NA,N
1461,2014,N,NA,N
1462,2014,N,NA,N
1463,2014,N,NA,N
1464,2014,N,NA,N
1465,2014,N,NA,N
1466,2014,N,NA,N
1467,2014,N,NA,N
1468,2002,Y,NA,N
1469,NA,N,2011,N
1470,NA,N,2011,N
1471,NA,N,2011,N
1472,2005,N,NA,N
1473,1990,N,NA,N
1474,2003,N,NA,N
1475,2004,N,NA,N
1476,2004,N,NA,N
1477,2009,N,NA,N
1478,NA,N,2007,N
1479,NA,N,1992,Y
1480,1999,Y,NA,N
1481,1993,Y,NA,N
1482,1999,N,NA,N
1483,NA,N,NA,N
1484,1991,N,NA,N
1485,NA,N,2007,N
1486,NA,N,1996,Y
1487,NA,N,2001,Y
1488,NA,N,2006,N
1489,1991,N,NA,N
1490,NA,N,2005,N
1491,NA,N,2002,Y
1492,2004,Y,NA,N
1493,1991,N,NA,N
1494,1991,N,NA,N
1495,1991,N,NA,N
1496,1996,N,NA,N
1497,NA,N,1998,Y
1498,NA,N,2001,Y
1499,NA,N,2007,N
1500,NA,N,2010,N
1501,NA,N,1996,Y
1502,NA,N,1991,Y
1503,2002,N,NA,N
1504,NA,N,NA,N
1505,1992,N,NA,N
1506,1992,N,NA,N
1507,1992,N,NA,N
1508,1992,N,NA,N
1509,1992,N,NA,N
1510,1992,N,NA,N
1511,1992,N,NA,N
1512,1992,Y,NA,N
1513,1992,Y,NA,N
1514,1992,N,NA,N
1515,1992,N,NA,N
1516,1992,N,NA,N
1517,1992,N,NA,Y
1518,1992,Y,NA,N
1519,1992,Y,NA,N
1520,1992,Y,NA,N
1521,1992,N,NA,N
1522,1992,N,NA,N
1523,1992,N,NA,N
1524,1992,N,NA,Y
1525,1992,N,NA,N
1526,1992,N,NA,N
1527,1992,N,NA,N
1528,1992,N,NA,N
1529,1992,N,NA,N
1530,1992,N,NA,N
1531,1992,N,NA,N
1532,1992,N,NA,N
1533,1992,N,NA,N
1534,1992,N,NA,N
1535,NA,N,1992,Y
1536,1997,Y,NA,N
1537,1997,Y,NA,N
1538,1997,Y,NA,N
1539,1997,Y,NA,N
1540,1997,Y,NA,N
1541,1997,Y,NA,N
1542,1997,Y,NA,N
1543,1997,Y,NA,N
1544,1997,Y,NA,N
1545,1997,Y,NA,N
1546,1997,Y,NA,N
1547,1997,Y,NA,N
1548,1997,Y,NA,N
1549,1997,Y,NA,N
1550,1997,Y,NA,N
1551,1997,Y,NA,N
1552,1997,Y,NA,N
1553,1997,Y,NA,N
1554,1997,Y,NA,N
1555,1997,Y,NA,N
1556,1997,Y,NA,N
1557,1997,Y,NA,N
1558,1997,Y,NA,N
1559,1997,Y,NA,N
1560,1997,Y,NA,N
1561,1997,Y,NA,N
1562,1997,Y,NA,N
1563,1997,Y,NA,N
1564,1997,Y,NA,N
1565,NA,N,NA,Y
1566,NA,N,NA,Y
1567,NA,N,NA,Y
1568,NA,N,NA,Y
1569,NA,N,NA,Y
1570,NA,N,NA,Y
1571,NA,N,NA,Y
1572,NA,N,NA,N
1573,NA,N,NA,Y
1574,1998,N,NA,N
1575,1998,Y,NA,Y
1576,1998,Y,NA,N
1577,1998,Y,NA,N
1578,1998,Y,NA,Y
1579,1998,Y,NA,N
1580,1998,Y,NA,N
1581,1998,Y,NA,N
1582,1998,Y,NA,N
1583,1998,Y,NA,N
1584,1998,Y,NA,N
1585,1998,Y,NA,N
1586,1998,Y,NA,N
1587,1998,Y,NA,N
1588,1998,Y,NA,N
1589,1998,Y,NA,N
1590,1998,Y,NA,N
1591,NA,N,NA,N
1592,NA,N,NA,N
1593,NA,N,NA,Y
1594,NA,N,NA,N
1595,NA,N,NA,Y
1596,NA,N,NA,Y
1597,NA,N,NA,N
1598,NA,N,NA,N
1599,NA,N,NA,N
1600,NA,N,NA,Y
1601,NA,N,NA,Y
1602,NA,N,NA,Y
1603,NA,N,NA,N
1604,NA,N,NA,Y
1605,NA,N,NA,N
1606,NA,N,NA,N
1607,NA,N,NA,Y
1608,NA,N,NA,Y
1609,1990,Y,NA,N
1610,1990,Y,NA,N
1611,1990,Y,NA,N
1612,1990,Y,NA,Y
1613,1990,Y,NA,N
1614,1990,Y,NA,N
1615,1990,Y,NA,Y
1616,1990,Y,NA,N
1617,1990,Y,NA,N
1618,1990,Y,NA,N
1619,1990,Y,NA,N
1620,1990,Y,NA,N
1621,1990,Y,NA,N
1622,1990,Y,NA,Y
1623,NA,N,NA,N
1624,1990,Y,NA,N
1625,1990,Y,NA,N
1626,2001,Y,NA,N
1627,2001,Y,NA,N
1628,2001,Y,NA,N
1629,2001,Y,NA,N
1630,2002,Y,NA,N
1631,2002,Y,NA,N
1632,2002,Y,NA,N
1633,2002,Y,NA,N
1634,2002,Y,NA,N
1635,2002,Y,NA,N
1636,2002,N,NA,N
1637,2002,N,NA,N
1638,2002,N,NA,N
1639,2002,Y,NA,N
1640,2002,Y,NA,N
1641,2002,Y,NA,N
1642,2002,Y,NA,N
1643,2002,Y,NA,N
1644,2002,Y,NA,N
1645,2002,Y,NA,N
1646,2002,Y,NA,N
1647,2002,Y,NA,N
1648,2002,Y,NA,N
1649,NA,N,2002,N
1650,NA,N,2002,N
1651,NA,N,2002,N
1652,2002,N,NA,N
1653,2002,N,NA,N
1654,2002,N,NA,N
1655,2002,N,NA,N
1656,2002,N,NA,N
1657,2002,N,NA,N
1658,2002,N,NA,N
1659,2002,N,NA,N
1660,2002,N,NA,N
1661,2002,N,NA,N
1662,2002,N,NA,N
1663,2002,N,NA,N
1664,2002,N,NA,N
1665,2002,N,NA,N
1666,2002,N,NA,N
1667,2002,N,NA,N
1668,2002,N,NA,N
1669,2002,N,NA,N
1670,2002,N,NA,N
1671,2002,N,NA,N
1672,2002,N,NA,N
1673,2002,N,NA,N
1674,2002,N,NA,N
1675,2002,N,NA,N
1676,2002,N,NA,N
1677,2002,N,NA,N
1678,2002,N,NA,N
1679,2002,N,NA,N
1680,2002,N,NA,N
1681,2002,N,NA,N
1682,2002,N,NA,N
1683,2002,N,NA,N
1684,2002,N,NA,N
1685,2002,Y,NA,N
1686,2002,Y,NA,N
1687,2002,Y,NA,N
1688,2002,Y,NA,N
1689,2002,Y,NA,N
1690,2002,Y,NA,N
1691,2002,Y,NA,N
1692,2002,Y,NA,N
1693,2002,Y,NA,N
1694,2002,Y,NA,N
1695,2002,Y,NA,N
1696,2002,Y,NA,N
1697,2002,Y,NA,N
1698,2002,Y,NA,N
1699,2002,Y,NA,N
1700,2002,Y,NA,N
1701,2002,Y,NA,N
1702,2002,Y,NA,N
1703,2002,Y,NA,N
1704,2002,Y,NA,N
1705,2002,Y,NA,N
1706,2002,Y,NA,N
1707,2002,Y,NA,N
1708,2002,N,NA,N
1709,2002,N,NA,N
1710,1996,Y,NA,Y
1711,2002,N,NA,N
1712,2002,N,NA,N
1713,2003,N,NA,N
1714,2003,N,NA,N
1715,2003,N,NA,N
1716,2003,N,NA,N
1717,2003,N,NA,N
1718,2003,N,NA,N
1719,2003,N,NA,N
1720,2003,N,NA,N
1721,2003,N,NA,N
1722,2003,N,NA,N
1723,2003,N,NA,N
1724,2003,N,NA,N
1725,2003,N,NA,N
1726,2003,N,NA,N
1727,2003,N,NA,N
1728,2003,N,NA,N
1729,2003,N,NA,N
1730,2003,N,NA,N
1731,2003,N,NA,N
1732,1996,Y,NA,N
1733,2003,Y,NA,N
1734,2003,Y,NA,N
1735,2003,Y,NA,N
1736,2003,Y,NA,N
1737,2003,Y,NA,N
1738,2003,Y,NA,N
1739,2003,Y,NA,N
1740,2003,Y,NA,N
1741,2003,Y,NA,N
1742,2003,Y,NA,N
1743,2003,Y,NA,N
1744,2003,Y,NA,N
1745,2003,Y,NA,N
1746,2003,Y,NA,N
1747,2003,Y,NA,N
1748,2003,Y,NA,N
1749,2003,Y,NA,N
1750,2003,Y,NA,N
1751,2003,Y,NA,N
1752,2003,Y,NA,N
1753,2003,Y,NA,N
1754,NA,N,2003,N
1755,NA,N,2000,Y
1756,1990,N,NA,Y
1757,2001,N,NA,N
1758,2001,N,NA,N
1759,2001,N,NA,N
1760,2001,N,NA,N
1761,2001,N,NA,N
1762,2001,N,NA,N
1763,2001,N,NA,N
1764,2001,N,NA,N
1765,2001,N,NA,N
1766,2001,N,NA,N
1767,2001,N,NA,N
1768,2001,N,NA,N
1769,2001,N,NA,N
1770,2001,N,NA,Y
1771,2001,N,NA,Y
1772,2001,N,NA,N
1773,2001,N,NA,Y
1774,2001,N,NA,N
1775,2001,N,NA,N
1776,2001,N,NA,N
1777,2001,N,NA,N
1778,2001,N,NA,Y
1779,2001,N,NA,N
1780,2001,N,NA,N
1781,1995,Y,NA,Y
1782,2001,N,NA,N
1783,2001,N,NA,N
1784,2001,N,NA,N
1785,2001,N,NA,N
1786,2001,N,NA,N
1787,2001,N,NA,N
1788,2001,N,NA,N
1789,2001,N,NA,N
1790,2001,N,NA,N
1791,2001,N,NA,N
1792,2001,N,NA,N
1793,2001,N,NA,N
1794,2001,N,NA,Y
1795,2001,N,NA,N
1796,2001,N,NA,N
1797,2001,N,NA,N
1798,2001,N,NA,N
1799,2001,N,NA,N
1800,2001,N,NA,N
1801,2001,N,NA,Y
1802,2001,N,NA,N
1803,2001,N,NA,N
1804,2001,N,NA,N
1805,2001,N,NA,N
1806,2001,N,NA,N
1807,2001,N,NA,N
1808,2001,N,NA,N
1809,2001,N,NA,N
1810,2001,N,NA,N
1811,2001,N,NA,N
1812,2001,N,NA,N
1813,2001,N,NA,N
1814,2001,N,NA,N
1815,2001,N,NA,Y
1816,2001,N,NA,Y
1817,2001,N,NA,N
1818,2002,N,NA,N
1819,2002,N,NA,N
1820,2002,N,NA,N
1821,2002,N,NA,N
1822,2002,N,NA,N
1823,2002,N,NA,N
1824,2002,N,NA,N
1825,2002,N,NA,N
1826,2002,N,NA,N
1827,2002,N,NA,N
1828,2002,N,NA,N
1829,2002,N,NA,N
1830,2002,N,NA,N
1831,2002,N,NA,N
1832,1997,Y,NA,N
1833,1997,Y,NA,N
1834,1997,Y,NA,N
1835,1997,Y,NA,N
1836,1997,Y,NA,N
1837,1997,Y,NA,N
1838,1997,Y,NA,N
1839,1997,Y,NA,N
1840,1997,Y,NA,N
1841,1997,Y,NA,N
1842,1997,Y,NA,N
1843,1997,Y,NA,Y
1844,1998,Y,NA,N
1845,1998,Y,NA,N
1846,1998,Y,NA,N
1847,1998,Y,NA,N
1848,1998,Y,NA,N
1849,1998,Y,NA,N
1850,1998,Y,NA,N
1851,1998,Y,NA,N
1852,1998,Y,NA,N
1853,1998,Y,NA,Y
1854,1998,Y,NA,N
1855,1992,N,NA,Y
1856,1998,N,NA,Y
1857,1998,N,NA,N
1858,1998,N,NA,N
1859,1998,N,NA,N
1860,1998,N,NA,N
1861,1998,N,NA,N
1862,1998,N,NA,N
1863,1998,N,NA,N
1864,1998,N,NA,N
1865,1998,N,NA,N
1866,1998,N,NA,N
1867,1998,N,NA,Y
1868,1998,N,NA,Y
1869,1998,N,NA,N
1870,1998,N,NA,N
1871,1998,N,NA,N
1872,1998,N,NA,N
1873,1998,N,NA,N
1874,1998,N,NA,N
1875,1998,N,NA,N
1876,1998,N,NA,N
1877,1998,N,NA,Y
1878,1998,N,NA,N
1879,1998,N,NA,N
1880,1998,N,NA,N
1881,1998,N,NA,N
1882,1998,N,NA,N
1883,1998,N,NA,N
1884,1998,N,NA,N
1885,1998,N,NA,N
1886,1998,N,NA,N
1887,1998,N,NA,Y
1888,1998,N,NA,N
1889,1998,N,NA,N
1890,1998,N,NA,N
1891,1999,N,NA,N
1892,1999,N,NA,N
1893,1999,N,NA,N
1894,1999,N,NA,N
1895,NA,N,1992,Y
1896,NA,N,NA,N
1897,NA,N,NA,N
1898,NA,N,NA,N
1899,NA,N,NA,N
1900,NA,N,NA,N
1901,NA,N,NA,N
1902,NA,N,NA,N
1903,NA,N,NA,N
1904,NA,N,NA,N
1905,NA,N,NA,N
1906,1991,N,NA,Y
1907,1991,N,NA,N
1908,1991,N,NA,Y
1909,1991,N,NA,N
1910,1991,N,NA,Y
1911,1991,N,NA,N
1912,1991,N,NA,N
1913,1991,N,NA,N
1914,1991,N,NA,N
1915,1991,N,NA,N
1916,NA,N,NA,N
1917,1992,N,NA,N
1918,1992,N,NA,N
1919,1992,N,NA,N
1920,1992,N,NA,N
1921,1992,N,NA,Y
1922,1992,Y,NA,N
1923,1992,Y,NA,N
1924,NA,N,NA,N
1925,NA,N,NA,N
1926,NA,N,NA,N
1927,NA,N,NA,N
1928,NA,N,NA,N
1929,NA,N,NA,N
1930,NA,N,NA,N
1931,NA,N,NA,N
1932,NA,N,NA,N
1933,NA,N,NA,N
1934,1990,N,NA,N
1935,1990,N,NA,N
1936,1990,N,NA,N
1937,1990,N,NA,Y
1938,1990,N,NA,Y
1939,1990,Y,NA,Y
1940,1990,N,NA,N
1941,1990,N,NA,N
1942,1990,N,NA,N
1943,1990,Y,NA,N
1944,1990,N,NA,N
1945,1990,N,NA,N
1946,1990,Y,NA,N
1947,1990,Y,NA,N
1948,1990,Y,NA,N
1949,1990,Y,NA,N
1950,1990,Y,NA,Y
1951,1991,Y,NA,N
1952,1991,Y,NA,N
1953,1991,Y,NA,N
1954,1991,Y,NA,N
1955,1991,Y,NA,N
1956,1991,Y,NA,N
1957,1991,Y,NA,N
1958,1991,N,NA,Y
1959,1991,N,NA,N
1960,1991,N,NA,N
1961,1991,Y,NA,Y
1962,1991,Y,NA,N
1963,1991,Y,NA,N
1964,1991,Y,NA,N
1965,1991,Y,NA,N
1966,1991,Y,NA,N
1967,1991,Y,NA,N
1968,1991,Y,NA,N
1969,1991,Y,NA,N
1970,1991,Y,NA,N
1971,1991,N,NA,N
1972,1991,N,NA,N
1973,1991,N,NA,N
1974,1991,N,NA,N
1975,1991,N,NA,N
1976,NA,N,NA,N
1977,1991,Y,NA,N
1978,1992,N,NA,N
1979,1993,N,NA,N
1980,1993,N,NA,N
1981,1993,N,NA,N
1982,1993,N,NA,N
1983,1993,N,NA,N
1984,1993,N,NA,N
1985,1993,N,NA,N
1986,1993,Y,NA,N
1987,1993,Y,NA,Y
1988,1993,Y,NA,Y
1989,1993,Y,NA,Y
1990,1993,Y,NA,N
1991,1993,Y,NA,N
1992,1993,Y,NA,Y
1993,1993,Y,NA,Y
1994,1993,Y,NA,N
1995,1993,Y,NA,Y
1996,1993,Y,NA,N
1997,1993,Y,NA,N
1998,1993,Y,NA,Y
1999,1993,Y,NA,N
2000,1993,Y,NA,N
2001,1993,Y,NA,Y
2002,1993,Y,NA,Y
2003,1993,Y,NA,N
2004,1993,Y,NA,Y
2005,1993,Y,NA,Y
2006,1993,Y,NA,Y
2007,1993,Y,NA,Y
2008,1993,Y,NA,N
2009,1993,N,NA,N
2010,1993,N,NA,N
2011,1993,N,NA,N
2012,1993,N,NA,Y
2013,1993,N,NA,Y
2014,1993,N,NA,N
2015,1993,N,NA,N
2016,1993,N,NA,N
2017,1993,N,NA,Y
2018,1993,N,NA,N
2019,1993,N,NA,Y
2020,1993,N,NA,N
2021,1993,N,NA,N
2022,1993,N,NA,N
2023,1993,N,NA,N
2024,1993,N,NA,N
2025,1993,N,NA,N
2026,1993,N,NA,Y
2027,1993,N,NA,Y
2028,1993,N,NA,N
2029,1993,N,NA,N
2030,1993,Y,NA,N
2031,1993,Y,NA,N
2032,1993,Y,NA,N
2033,1993,Y,NA,N
2034,1993,Y,NA,N
2035,1993,Y,NA,N
2036,1993,Y,NA,N
2037,1993,Y,NA,Y
2038,1993,Y,NA,N
2039,1993,Y,NA,N
2040,1993,Y,NA,N
2041,1994,Y,NA,N
2042,1994,Y,NA,N
2043,1994,Y,NA,N
2044,1994,Y,NA,N
2045,1994,Y,NA,Y
2046,1994,Y,NA,Y
2047,1990,Y,NA,Y
2048,1994,Y,NA,Y
2049,1994,Y,NA,N
2050,1994,Y,NA,N
2051,1994,Y,NA,N
2052,1994,Y,NA,N
2053,1994,Y,NA,N
2054,1994,Y,NA,N
2055,1994,Y,NA,N
2056,1994,Y,NA,N
2057,1994,Y,NA,N
2058,1994,Y,NA,N
2059,1994,N,NA,N
2060,1994,N,NA,N
2061,1994,N,NA,N
2062,1994,N,NA,N
2063,1994,N,NA,N
2064,1994,N,NA,N
2065,1994,N,NA,Y
2066,1994,N,NA,N
2067,1994,N,NA,N
2068,1994,N,NA,N
2069,1994,N,NA,N
2070,1994,N,NA,N
2071,1994,N,NA,N
2072,1994,N,NA,N
2073,1994,N,NA,Y
2074,1994,N,NA,N
2075,1994,N,NA,Y
2076,1994,N,NA,N
2077,1994,N,NA,N
2078,1994,N,NA,N
2079,1994,N,NA,N
2080,1994,N,NA,N
2081,1994,N,NA,N
2082,1994,N,NA,Y
2083,1994,N,NA,N
2084,1994,N,NA,N
2085,1994,N,NA,N
2086,1994,N,NA,N
2087,1994,N,NA,N
2088,1994,N,NA,N
2089,1994,Y,NA,N
2090,1994,Y,NA,N
2091,1994,Y,NA,N
2092,1995,Y,NA,N
2093,1995,Y,NA,N
2094,1995,Y,NA,Y
2095,1995,Y,NA,N
2096,1995,Y,NA,Y
2097,1995,Y,NA,N
2098,1995,Y,NA,Y
2099,1995,Y,NA,N
2100,1995,Y,NA,Y
2101,1995,Y,NA,Y
2102,1995,Y,NA,Y
2103,1995,Y,NA,Y
2104,1995,Y,NA,N
2105,1995,Y,NA,N
2106,1995,Y,NA,Y
2107,1995,Y,NA,N
2108,1995,Y,NA,Y
2109,1995,Y,NA,N
2110,1995,Y,NA,N
2111,1995,Y,NA,N
2112,1995,Y,NA,N
2113,1995,Y,NA,N
2114,1995,N,NA,N
2115,1995,N,NA,N
2116,1995,N,NA,Y
2117,1995,N,NA,N
2118,1995,N,NA,N
2119,1995,N,NA,N
2120,1995,N,NA,N
2121,1995,N,NA,N
2122,1995,N,NA,N
2123,1995,N,NA,N
2124,1995,N,NA,N
2125,1995,N,NA,N
2126,1995,N,NA,N
2127,1995,N,NA,N
2128,1996,Y,NA,Y
2129,1996,Y,NA,N
2130,1996,Y,NA,Y
2131,1996,Y,NA,Y
2132,1996,Y,NA,Y
2133,1996,Y,NA,Y
2134,1996,Y,NA,N
2135,1996,Y,NA,Y
2136,1996,Y,NA,N
2137,1996,Y,NA,Y
2138,1996,Y,NA,N
2139,1996,Y,NA,N
2140,1996,Y,NA,N
2141,1996,Y,NA,N
2142,1996,Y,NA,N
2143,1996,Y,NA,Y
2144,1996,Y,NA,N
2145,1996,Y,NA,N
2146,1996,Y,NA,Y
2147,1996,Y,NA,N
2148,1996,Y,NA,N
2149,1996,Y,NA,Y
2150,1996,Y,NA,N
2151,1996,Y,NA,N
2152,1996,Y,NA,N
2153,1996,Y,NA,Y
2154,1996,Y,NA,N
2155,1996,Y,NA,N
2156,1996,Y,NA,N
2157,1996,Y,NA,Y
2158,NA,N,NA,N
2159,1997,N,NA,N
2160,1997,N,NA,Y
2161,1997,N,NA,N
2162,1997,N,NA,Y
2163,1997,N,NA,N
2164,1997,N,NA,N
2165,1997,N,NA,N
2166,1997,N,NA,N
2167,1997,N,NA,N
2168,1997,N,NA,N
2169,1997,N,NA,N
2170,1997,N,NA,N
2171,1997,N,NA,N
2172,1997,N,NA,N
2173,1997,N,NA,N
2174,1997,N,NA,N
2175,1997,N,NA,N
2176,1997,N,NA,N
2177,1997,N,NA,N
2178,1997,N,NA,N
2179,1997,N,NA,N
2180,1997,N,NA,N
2181,1997,N,NA,N
2182,1997,N,NA,Y
2183,1997,N,NA,N
2184,1996,N,NA,N
2185,1996,N,NA,N
2186,1996,N,NA,N
2187,1996,N,NA,N
2188,1996,N,NA,Y
2189,1996,N,NA,N
2190,1996,N,NA,Y
2191,1996,N,NA,N
2192,1996,N,NA,Y
2193,1996,N,NA,N
2194,1996,N,NA,N
2195,1996,N,NA,N
2196,1996,N,NA,Y
2197,1996,N,NA,N
2198,1997,N,NA,N
2199,1997,N,NA,N
2200,1997,N,NA,N
2201,1997,N,NA,N
2202,1997,N,NA,N
2203,1997,N,NA,N
2204,1997,N,NA,N
2205,1997,N,NA,Y
2206,1997,N,NA,N
2207,1997,N,NA,N
2208,NA,N,1999,N
2209,NA,N,2000,Y
2210,1999,Y,NA,Y
2211,1999,Y,NA,N
2212,1999,Y,NA,N
2213,1999,Y,NA,N
2214,1999,Y,NA,N
2215,1999,Y,NA,N
2216,1999,Y,NA,N
2217,1999,Y,NA,Y
2218,1999,Y,NA,N
2219,1999,Y,NA,N
2220,1999,Y,NA,Y
2221,1999,Y,NA,Y
2222,1999,Y,NA,N
2223,1999,Y,NA,N
2224,1999,Y,NA,N
2225,1999,Y,NA,N
2226,1999,Y,NA,N
2227,1999,Y,NA,N
2228,1999,Y,NA,N
2229,1999,Y,NA,Y
2230,1999,Y,NA,N
2231,1999,Y,NA,N
2232,1999,N,NA,N
2233,1999,N,NA,Y
2234,1999,N,NA,N
2235,1999,N,NA,N
2236,1999,N,NA,N
2237,1999,N,NA,N
2238,1999,N,NA,N
2239,1999,N,NA,N
2240,1999,N,NA,N
2241,1999,N,NA,N
2242,1999,N,NA,N
2243,1999,N,NA,N
2244,1999,N,NA,Y
2245,1999,N,NA,N
2246,1999,N,NA,N
2247,1999,N,NA,N
2248,1999,N,NA,Y
2249,1999,N,NA,N
2250,1999,N,NA,N
2251,1999,N,NA,N
2252,1999,N,NA,N
2253,1999,N,NA,N
2254,1999,N,NA,N
2255,1999,Y,NA,Y
2256,1999,Y,NA,N
2257,1999,Y,NA,N
2258,1999,Y,NA,N
2259,1999,Y,NA,N
2260,1999,Y,NA,N
2261,1999,Y,NA,Y
2262,1999,Y,NA,Y
2263,1999,Y,NA,N
2264,1999,Y,NA,Y
2265,1999,Y,NA,Y
2266,1993,Y,NA,Y
2267,1999,Y,NA,N
2268,1999,Y,NA,N
2269,1999,Y,NA,N
2270,1999,Y,NA,N
2271,1999,Y,NA,N
2272,1999,Y,NA,N
2273,1999,Y,NA,N
2274,1999,N,NA,Y
2275,1999,N,NA,N
2276,1999,N,NA,Y
2277,1999,N,NA,N
2278,1999,N,NA,Y
2279,1999,N,NA,Y
2280,1999,N,NA,N
2281,1999,N,NA,N
2282,1999,N,NA,N
2283,1999,N,NA,N
2284,1999,N,NA,N
2285,1999,N,NA,N
2286,2000,N,NA,N
2287,2000,Y,NA,Y
2288,2000,Y,NA,Y
2289,2000,Y,NA,Y
2290,2000,Y,NA,N
2291,2000,Y,NA,N
2292,2000,Y,NA,Y
2293,2000,Y,NA,N
2294,2000,Y,NA,N
2295,2000,Y,NA,N
2296,2000,Y,NA,N
2297,2000,Y,NA,N
2298,2000,Y,NA,N
2299,2000,Y,NA,N
2300,2000,Y,NA,N
2301,2000,Y,NA,N
2302,2000,Y,NA,N
2303,2000,Y,NA,N
2304,2000,Y,NA,N
2305,2000,Y,NA,N
2306,2000,Y,NA,N
2307,2000,Y,NA,Y
2308,2000,Y,NA,N
2309,2000,Y,NA,Y
2310,2000,Y,NA,N
2311,2000,N,NA,N
2312,2000,N,NA,N
2313,2000,N,NA,N
2314,2000,N,NA,N
2315,2000,N,NA,N
2316,2000,N,NA,N
2317,2000,N,NA,N
2318,2000,N,NA,N
2319,2000,N,NA,N
2320,2000,N,NA,N
2321,2000,N,NA,N
2322,2000,N,NA,N
2323,2000,N,NA,N
2324,2000,N,NA,N
2325,2000,N,NA,N
2326,2000,N,NA,N
2327,2000,N,NA,N
2328,2000,N,NA,N
2329,2000,N,NA,N
2330,2000,N,NA,N
2331,2000,N,NA,N
2332,2000,N,NA,N
2333,2000,N,NA,N
2334,2000,N,NA,N
2335,2000,N,NA,N
2336,2000,N,NA,N
2337,2000,N,NA,N
2338,2000,N,NA,N
2339,2001,Y,NA,Y
2340,2001,Y,NA,N
2341,2001,Y,NA,N
2342,2001,Y,NA,N
2343,2001,Y,NA,N
2344,2001,Y,NA,N
2345,2001,Y,NA,N
2346,2001,Y,NA,N
2347,2001,Y,NA,N
2348,2001,Y,NA,N
2349,2001,Y,NA,N
2350,2001,Y,NA,N
2351,2001,Y,NA,N
2352,2001,Y,NA,N
2353,2001,Y,NA,N
2354,2001,Y,NA,N
2355,2003,N,NA,N
2356,2003,N,NA,N
2357,2003,N,NA,N
2358,2003,N,NA,N
2359,2003,N,NA,N
2360,2004,N,NA,N
2361,2004,N,NA,N
2362,2004,N,NA,N
2363,2004,N,NA,N
2364,2004,N,NA,N
2365,2004,N,NA,N
2366,2004,Y,NA,N
2367,2004,Y,NA,N
2368,2004,Y,NA,N
2369,2004,Y,NA,N
2370,2004,Y,NA,N
2371,2004,Y,NA,N
2372,2004,Y,NA,N
2373,2004,Y,NA,N
2374,2004,Y,NA,N
2375,2004,Y,NA,N
2376,2004,Y,NA,N
2377,2004,Y,NA,N
2378,2013,Y,NA,N
2379,2004,N,NA,N
2380,2004,Y,NA,N
2381,2004,Y,NA,N
2382,2004,Y,NA,N
2383,2004,Y,NA,N
2384,2005,Y,NA,N
2385,2005,Y,NA,N
2386,2005,Y,NA,N
2387,2004,N,NA,N
2388,NA,N,NA,N
2389,2004,N,NA,N
2390,2004,N,NA,N
2391,2004,N,NA,N
2392,2004,N,NA,N
2393,2004,N,NA,N
2394,2004,N,NA,N
2395,2004,N,NA,N
2396,2004,N,NA,N
2397,2005,N,NA,N
2398,2005,N,NA,N
2399,2005,N,NA,N
2400,2005,N,NA,N
2401,2005,N,NA,N
2402,2005,N,NA,N
2403,2005,N,NA,N
2404,2005,N,NA,N
2405,NA,N,2005,N
2406,2005,Y,NA,N
2407,2005,Y,NA,N
2408,2005,Y,NA,N
2409,2005,Y,NA,N
2410,2005,Y,NA,N
2411,2005,Y,NA,N
2412,2005,Y,NA,N
2413,2005,Y,NA,N
2414,2005,Y,NA,N
2415,2005,Y,NA,N
2416,2005,N,NA,N
2417,2005,N,NA,N
2418,2005,N,NA,N
2419,2005,N,NA,N
2420,2005,N,NA,N
2421,2005,N,NA,N
2422,2005,N,NA,N
2423,2005,N,NA,N
2424,2005,N,NA,N
2425,2005,N,NA,N
2426,2005,N,NA,N
2427,2005,N,NA,N
2428,2006,N,NA,N
2429,2006,N,NA,N
2430,2006,N,NA,N
2431,2005,Y,NA,N
2432,2005,Y,NA,N
2433,2005,Y,NA,N
2434,2005,Y,NA,N
2435,2005,Y,NA,N
2436,2005,Y,NA,N
2437,2005,Y,NA,N
2438,2005,Y,NA,N
2439,2005,Y,NA,N
2440,NA,N,NA,N
2441,2005,Y,NA,N
2442,2006,Y,NA,N
2443,2006,Y,NA,N
2444,2006,Y,NA,N
2445,2006,Y,NA,N
2446,2006,Y,NA,N
2447,2006,Y,NA,N
2448,2006,Y,NA,N
2449,2006,N,NA,N
2450,2006,N,NA,N
2451,2006,N,NA,N
2452,2006,N,NA,N
2453,2006,N,NA,N
2454,2006,N,NA,N
2455,2006,N,NA,N
2456,2006,Y,NA,N
2457,2006,Y,NA,N
2458,2006,Y,NA,N
2459,2006,Y,NA,N
2460,2006,Y,NA,N
2461,2006,Y,NA,N
2462,2006,Y,NA,N
2463,2006,Y,NA,N
2464,2006,N,NA,N
2465,2006,N,NA,N
2466,2006,Y,NA,N
2467,2007,Y,NA,N
2468,2007,Y,NA,N
2469,2007,Y,NA,N
2470,2007,Y,NA,N
2471,2007,N,NA,N
2472,2007,N,NA,N
2473,2007,Y,NA,N
2474,2007,Y,NA,N
2475,2007,Y,NA,N
2476,2007,Y,NA,N
2477,2007,Y,NA,N
2478,2007,N,NA,N
2479,2008,Y,NA,N
2480,2008,Y,NA,N
2481,2008,N,NA,N
2482,2008,N,NA,N
2483,2008,Y,NA,N
2484,2008,Y,NA,N
2485,2008,Y,NA,N
2486,2007,Y,NA,N
2487,2008,Y,NA,N
2488,2008,Y,NA,N
2489,2008,Y,NA,N
2490,2008,Y,NA,N
2491,2008,Y,NA,N
2492,2008,Y,NA,N
2493,2008,Y,NA,N
2494,2008,N,NA,N
2495,2008,N,NA,N
2496,2008,N,NA,N
2497,2008,N,NA,N
2498,2008,Y,NA,N
2499,2008,Y,NA,N
2500,2008,Y,NA,N
2501,2008,Y,NA,N
2502,2008,Y,NA,N
2503,2008,Y,NA,N
2504,2008,N,NA,N
2505,2008,N,NA,N
2506,2008,N,NA,N
2507,2008,N,NA,N
2508,2008,N,NA,N
2509,2007,N,NA,N
2510,2008,N,NA,N
2511,2008,Y,NA,N
2512,2008,N,NA,N
2513,2008,N,NA,N
2514,2008,N,NA,N
2515,2008,N,NA,N
2516,2008,Y,NA,N
2517,2008,Y,NA,N
2518,2008,Y,NA,N
2519,2009,Y,NA,N
2520,2009,Y,NA,N
2521,2009,Y,NA,N
2522,2009,Y,NA,N
2523,2009,Y,NA,N
2524,2009,Y,NA,N
2525,2009,Y,NA,N
2526,2009,Y,NA,N
2527,2009,Y,NA,N
2528,2009,Y,NA,N
2529,2009,Y,NA,N
2530,2009,Y,NA,N
2531,2009,Y,NA,N
2532,2009,Y,NA,N
2533,2009,Y,NA,N
2534,2009,Y,NA,N
2535,NA,N,2009,N
2536,2010,N,NA,N
2537,2010,Y,NA,N
2538,2010,Y,NA,N
2539,2010,Y,NA,N
2540,2010,Y,NA,N
2541,2010,Y,NA,N
2542,2010,Y,NA,N
2543,2010,Y,NA,N
2544,2010,Y,NA,N
2545,2010,N,NA,N
2546,2010,N,NA,N
2547,2010,N,NA,N
2548,NA,N,2010,N
2549,2010,Y,NA,N
2550,2010,Y,NA,N
2551,2010,Y,NA,N
2552,2010,Y,NA,N
2553,2010,Y,NA,N
2554,2010,Y,NA,N
2555,2010,Y,NA,N
2556,2010,Y,NA,N
2557,2010,N,NA,N
2558,2010,N,NA,N
2559,2010,N,NA,N
2560,2010,N,NA,N
2561,2010,N,NA,N
2562,2010,N,NA,N
2563,2011,N,NA,N
2564,2011,Y,NA,N
2565,2011,Y,NA,N
2566,2011,Y,NA,N
2567,2011,N,NA,N
2568,2011,N,NA,N
2569,2011,N,NA,N
2570,2011,N,NA,N
2571,2011,Y,NA,N
2572,2011,Y,NA,N
2573,2011,Y,NA,N
2574,2011,Y,NA,N
2575,2011,Y,NA,N
2576,2011,Y,NA,N
2577,2011,Y,NA,N
2578,1999,Y,NA,Y
2579,2011,Y,NA,N
2580,2011,Y,NA,N
2581,2011,Y,NA,N
2582,2011,Y,NA,N
2583,2011,Y,NA,N
2584,2011,Y,NA,N
2585,2011,Y,NA,N
2586,2011,Y,NA,N
2587,2011,Y,NA,N
2588,2011,Y,NA,N
2589,2011,Y,NA,N
2590,2011,Y,NA,N
2591,2011,Y,NA,N
2592,2011,N,NA,N
2593,2011,N,NA,N
2594,2011,N,NA,N
2595,2011,N,NA,N
2596,2011,Y,NA,N
2597,2011,Y,NA,N
2598,2011,Y,NA,N
2599,2011,Y,NA,N
2600,2004,Y,NA,N
2601,2012,Y,NA,N
2602,2012,Y,NA,N
2603,2012,N,NA,N
2604,2012,N,NA,N
2605,2012,N,NA,N
2606,2012,Y,NA,N
2607,2012,Y,NA,N
2608,2012,Y,NA,N
2609,2012,Y,NA,N
2610,2012,Y,NA,N
2611,2012,Y,NA,N
2612,2012,Y,NA,N
2613,2012,Y,NA,N
2614,2012,Y,NA,N
2615,2012,Y,NA,N
2616,2012,Y,NA,N
2617,2005,N,NA,N
2618,2013,Y,NA,N
2619,2013,Y,NA,N
2620,2013,Y,NA,N
2621,2013,Y,NA,N
2622,2013,Y,NA,N
2623,2013,Y,NA,N
2624,2013,Y,NA,N
2625,2014,N,NA,N
2626,2014,N,NA,N
2627,2014,N,NA,N
2628,2014,N,NA,N
2629,2014,N,NA,N
2630,2014,N,NA,N
2631,2014,N,NA,N
2632,2014,N,NA,N
2633,2014,N,NA,N
2634,2014,N,NA,N
2635,2014,N,NA,N
2636,2003,N,NA,N
2637,2010,N,NA,N
2638,1991,Y,NA,N
2639,2009,Y,NA,N
2640,1991,N,NA,N
2641,1991,N,NA,N
2642,1991,N,NA,N
2643,1991,N,NA,N
2644,1991,N,NA,N
2645,1992,Y,NA,N
2646,1992,Y,NA,N
2647,1992,Y,NA,N
2648,1992,Y,NA,N
2649,1992,Y,NA,N
2650,1992,Y,NA,N
2651,1992,Y,NA,N
2652,1992,Y,NA,N
2653,1992,Y,NA,Y
2654,1992,Y,NA,N
2655,1992,Y,NA,N
2656,1992,Y,NA,N
2657,1992,Y,NA,N
2658,1992,Y,NA,N
2659,1992,Y,NA,N
2660,1992,Y,NA,N
2661,1992,Y,NA,N
2662,1992,Y,NA,N
2663,1992,N,NA,N
2664,1992,N,NA,N
2665,1992,N,NA,Y
2666,1992,Y,NA,Y
2667,1992,Y,NA,N
2668,1992,Y,NA,N
2669,1992,N,NA,N
2670,1992,N,NA,N
2671,1992,N,NA,N
2672,1992,Y,NA,N
2673,1992,Y,NA,N
2674,1992,N,NA,Y
2675,1992,N,NA,N
2676,1992,N,NA,N
2677,1997,Y,NA,N
2678,1997,Y,NA,N
2679,1997,Y,NA,N
2680,1997,Y,NA,N
2681,1997,Y,NA,N
2682,1997,Y,NA,N
2683,1997,Y,NA,N
2684,1997,Y,NA,N
2685,1997,Y,NA,N
2686,1997,Y,NA,Y
2687,1997,Y,NA,N
2688,1997,Y,NA,N
2689,1997,Y,NA,N
2690,1997,Y,NA,N
2691,1997,Y,NA,N
2692,1997,Y,NA,N
2693,1997,Y,NA,N
2694,1997,Y,NA,N
2695,1997,Y,NA,N
2696,1997,Y,NA,N
2697,1997,Y,NA,N
2698,1997,Y,NA,N
2699,1997,Y,NA,N
2700,1997,Y,NA,N
2701,1997,Y,NA,N
2702,1997,Y,NA,Y
2703,1997,Y,NA,N
2704,1997,Y,NA,N
2705,1997,Y,NA,Y
2706,1997,Y,NA,N
2707,1997,Y,NA,N
2708,1997,Y,NA,N
2709,1997,Y,NA,N
2710,1997,Y,NA,N
2711,1997,Y,NA,N
2712,1997,Y,NA,Y
2713,NA,N,NA,Y
2714,NA,N,NA,Y
2715,NA,N,NA,Y
2716,NA,N,NA,N
2717,NA,N,NA,Y
2718,NA,N,NA,Y
2719,NA,N,NA,Y
2720,NA,N,NA,Y
2721,NA,N,NA,Y
2722,NA,N,NA,Y
2723,NA,N,NA,Y
2724,NA,N,NA,Y
2725,NA,N,NA,Y
2726,1998,Y,NA,Y
2727,1998,Y,NA,Y
2728,1998,Y,NA,N
2729,1998,Y,NA,Y
2730,1998,Y,NA,N
2731,1998,Y,NA,N
2732,1998,Y,NA,N
2733,1998,Y,NA,N
2734,1998,Y,NA,N
2735,1998,Y,NA,Y
2736,1998,Y,NA,N
2737,1998,Y,NA,N
2738,1998,Y,NA,Y
2739,1998,Y,NA,N
2740,1998,Y,NA,Y
2741,1998,Y,NA,N
2742,1998,Y,NA,N
2743,1998,Y,NA,N
2744,1998,Y,NA,N
2745,1990,Y,NA,Y
2746,1998,Y,NA,N
2747,1998,Y,NA,N
2748,1998,Y,NA,N
2749,1998,Y,NA,N
2750,1998,Y,NA,N
2751,1998,Y,NA,N
2752,1998,Y,NA,N
2753,1998,Y,NA,N
2754,1998,Y,NA,N
2755,1998,Y,NA,N
2756,NA,N,NA,Y
2757,NA,N,NA,N
2758,NA,N,NA,Y
2759,NA,N,NA,N
2760,NA,N,NA,N
2761,NA,N,NA,Y
2762,NA,N,NA,Y
2763,NA,N,NA,Y
2764,NA,N,NA,Y
2765,NA,N,NA,N
2766,NA,N,NA,Y
2767,NA,N,NA,N
2768,NA,N,NA,N
2769,1990,Y,NA,N
2770,1990,Y,NA,N
2771,1990,Y,NA,N
2772,1990,Y,NA,Y
2773,1990,Y,NA,Y
2774,1990,Y,NA,N
2775,1990,Y,NA,Y
2776,1990,Y,NA,N
2777,2001,Y,NA,N
2778,2001,Y,NA,N
2779,2002,Y,NA,N
2780,2002,Y,NA,N
2781,2002,Y,NA,N
2782,2002,N,NA,N
2783,2002,N,NA,N
2784,2002,Y,NA,N
2785,2002,Y,NA,N
2786,2002,Y,NA,N
2787,2002,Y,NA,N
2788,2002,N,NA,N
2789,2002,N,NA,N
2790,2002,N,NA,N
2791,2002,Y,NA,N
2792,2002,Y,NA,N
2793,2002,Y,NA,N
2794,2002,Y,NA,N
2795,2002,Y,NA,N
2796,2002,Y,NA,N
2797,2002,Y,NA,N
2798,2002,Y,NA,N
2799,2002,Y,NA,N
2800,2002,Y,NA,N
2801,2002,Y,NA,N
2802,2002,Y,NA,N
2803,2002,N,NA,N
2804,2002,N,NA,N
2805,2002,N,NA,N
2806,2002,N,NA,N
2807,2002,N,NA,N
2808,2002,N,NA,N
2809,2002,N,NA,N
2810,2002,N,NA,N
2811,2002,N,NA,N
2812,2002,N,NA,N
2813,2002,N,NA,N
2814,2002,Y,NA,N
2815,2002,Y,NA,N
2816,2002,Y,NA,N
2817,2002,Y,NA,N
2818,2002,Y,NA,N
2819,2002,Y,NA,N
2820,2002,Y,NA,N
2821,2002,N,NA,N
2822,2002,N,NA,N
2823,2002,Y,NA,N
2824,2002,Y,NA,N
2825,2002,Y,NA,N
2826,2002,Y,NA,N
2827,2002,Y,NA,N
2828,2002,N,NA,N
2829,2002,N,NA,N
2830,2002,N,NA,N
2831,2002,N,NA,N
2832,2002,Y,NA,N
2833,2002,Y,NA,N
2834,2002,Y,NA,N
2835,2003,N,NA,N
2836,2003,N,NA,N
2837,2003,N,NA,N
2838,2003,N,NA,N
2839,2003,N,NA,N
2840,2003,N,NA,N
2841,2003,N,NA,N
2842,2003,N,NA,N
2843,1996,Y,NA,Y
2844,2003,N,NA,N
2845,2003,N,NA,N
2846,2003,N,NA,N
2847,2003,N,NA,N
2848,2003,Y,NA,N
2849,2003,Y,NA,N
2850,2003,Y,NA,N
2851,2003,Y,NA,N
2852,2003,Y,NA,N
2853,2003,Y,NA,N
2854,2003,Y,NA,N
2855,2003,Y,NA,N
2856,2003,Y,NA,N
2857,2003,Y,NA,N
2858,2003,Y,NA,N
2859,2003,Y,NA,N
2860,2003,Y,NA,N
2861,2003,Y,NA,N
2862,2003,Y,NA,N
2863,2003,Y,NA,N
2864,2003,Y,NA,N
2865,2003,Y,NA,N
2866,2003,Y,NA,N
2867,2003,Y,NA,N
2868,2003,Y,NA,N
2869,2003,Y,NA,N
2870,2003,Y,NA,N
2871,2003,N,NA,N
2872,2003,Y,NA,N
2873,2003,Y,NA,N
2874,2003,Y,NA,N
2875,2003,Y,NA,N
2876,1990,N,NA,Y
2877,2001,N,NA,N
2878,2001,N,NA,N
2879,2001,N,NA,N
2880,2001,N,NA,N
2881,2001,N,NA,N
2882,2001,N,NA,N
2883,2001,N,NA,N
2884,2001,N,NA,N
2885,2001,N,NA,N
2886,2001,N,NA,N
2887,2001,N,NA,N
2888,2001,N,NA,N
2889,2001,N,NA,N
2890,2001,N,NA,N
2891,2001,N,NA,N
2892,2001,N,NA,N
2893,2001,N,NA,N
2894,2001,N,NA,N
2895,2002,N,NA,N
2896,2002,N,NA,N
2897,2002,N,NA,N
2898,2002,N,NA,N
2899,2002,N,NA,N
2900,2002,N,NA,N
2901,1997,Y,NA,N
2902,1997,Y,NA,N
2903,1997,Y,NA,N
2904,1997,Y,NA,N
2905,1997,Y,NA,N
2906,1997,Y,NA,N
2907,1997,Y,NA,N
2908,1997,Y,NA,N
2909,1997,Y,NA,N
2910,1997,Y,NA,N
2911,1997,Y,NA,N
2912,1997,Y,NA,N
2913,1997,Y,NA,N
2914,1997,Y,NA,N
2915,1998,Y,NA,N
2916,1998,Y,NA,Y
2917,1998,Y,NA,N
2918,1998,Y,NA,N
2919,1998,N,NA,N
2920,1998,N,NA,N
2921,1998,N,NA,Y
2922,1998,N,NA,N
2923,1998,N,NA,N
2924,1998,N,NA,N
2925,1998,N,NA,N
2926,1998,N,NA,N
2927,1998,N,NA,Y
2928,1998,N,NA,N
2929,1998,N,NA,N
2930,1992,N,NA,N
2931,1992,N,NA,Y
2932,1992,N,NA,N
2933,1992,N,NA,N
2934,1992,N,NA,N
2935,NA,N,NA,N
2936,NA,N,NA,N
2937,1990,N,NA,N
2938,1990,N,NA,Y
2939,1990,N,NA,N
2940,1990,Y,NA,N
2941,1991,Y,NA,N
2942,1991,Y,NA,N
2943,1991,Y,NA,N
2944,1991,Y,NA,N
2945,1991,Y,NA,N
2946,1991,Y,NA,N
2947,1991,Y,NA,N
2948,1991,Y,NA,N
2949,1991,Y,NA,N
2950,1991,Y,NA,N
2951,1991,Y,NA,N
2952,1991,Y,NA,N
2953,1991,Y,NA,N
2954,1991,Y,NA,Y
2955,1991,Y,NA,N
2956,1991,Y,NA,N
2957,1991,Y,NA,N
2958,1991,Y,NA,N
2959,1991,Y,NA,N
2960,1991,Y,NA,N
2961,1991,Y,NA,N
2962,1991,Y,NA,N
2963,1991,Y,NA,N
2964,1991,Y,NA,N
2965,1991,Y,NA,N
2966,1991,Y,NA,N
2967,1991,Y,NA,N
2968,1991,Y,NA,N
2969,1991,N,NA,N
2970,1991,Y,NA,N
2971,1993,N,NA,N
2972,1993,N,NA,N
2973,1993,N,NA,N
2974,1993,N,NA,N
2975,1993,Y,NA,Y
2976,1993,Y,NA,N
2977,1993,Y,NA,N
2978,1993,Y,NA,Y
2979,1993,Y,NA,Y
2980,1993,Y,NA,N
2981,1993,Y,NA,N
2982,1993,Y,NA,N
2983,1993,Y,NA,N
2984,1993,Y,NA,Y
2985,1993,Y,NA,Y
2986,1993,Y,NA,N
2987,1993,Y,NA,Y
2988,1993,Y,NA,Y
2989,1993,Y,NA,Y
2990,1993,Y,NA,N
2991,1993,Y,NA,N
2992,1993,Y,NA,Y
2993,1993,Y,NA,N
2994,1993,Y,NA,N
2995,1993,Y,NA,N
2996,1993,Y,NA,N
2997,1993,Y,NA,N
2998,1993,N,NA,N
2999,1993,N,NA,N
3000,1993,N,NA,N
3001,1993,N,NA,N
3002,1993,N,NA,N
3003,1994,Y,NA,N
3004,1994,Y,NA,N
3005,1994,Y,NA,N
3006,1994,Y,NA,N
3007,1994,Y,NA,N
3008,1994,Y,NA,Y
3009,1994,Y,NA,N
3010,1994,Y,NA,N
3011,1994,Y,NA,N
3012,1994,Y,NA,N
3013,1994,Y,NA,Y
3014,1994,Y,NA,N
3015,1994,Y,NA,N
3016,1994,Y,NA,N
3017,1994,Y,NA,N
3018,1994,Y,NA,N
3019,1994,Y,NA,N
3020,1994,N,NA,N
3021,1994,N,NA,N
3022,1994,N,NA,N
3023,1994,N,NA,N
3024,1994,N,NA,N
3025,1994,N,NA,N
3026,1994,N,NA,Y
3027,1994,N,NA,N
3028,1994,N,NA,N
3029,1994,N,NA,N
3030,1994,N,NA,N
3031,1994,N,NA,N
3032,1994,N,NA,N
3033,1994,N,NA,N
3034,1994,N,NA,Y
3035,1994,N,NA,N
3036,1994,N,NA,N
3037,1995,Y,NA,N
3038,1995,Y,NA,N
3039,1995,Y,NA,N
3040,1995,Y,NA,N
3041,1995,Y,NA,N
3042,1995,Y,NA,N
3043,1995,Y,NA,Y
3044,1995,Y,NA,N
3045,1995,Y,NA,N
3046,1995,Y,NA,N
3047,1995,Y,NA,N
3048,1995,N,NA,Y
3049,1996,Y,NA,N
3050,1996,Y,NA,N
3051,1996,Y,NA,N
3052,1996,Y,NA,N
3053,1996,Y,NA,N
3054,1996,Y,NA,N
3055,1996,Y,NA,N
3056,1996,Y,NA,N
3057,1996,Y,NA,N
3058,1996,Y,NA,N
3059,1996,Y,NA,Y
3060,1996,Y,NA,N
3061,1996,Y,NA,N
3062,1996,Y,NA,Y
3063,1996,Y,NA,Y
3064,1996,Y,NA,N
3065,1996,Y,NA,Y
3066,1996,Y,NA,N
3067,1996,Y,NA,N
3068,1996,Y,NA,N
3069,1996,Y,NA,N
3070,1996,Y,NA,N
3071,1996,Y,NA,Y
3072,1996,Y,NA,N
3073,1996,Y,NA,N
3074,NA,N,NA,N
3075,1996,Y,NA,N
3076,1996,Y,NA,N
3077,1996,Y,NA,Y
3078,1996,Y,NA,Y
3079,1996,Y,NA,N
3080,1996,Y,NA,N
3081,1996,Y,NA,N
3082,1996,Y,NA,N
3083,1996,Y,NA,N
3084,1996,Y,NA,Y
3085,1996,Y,NA,N
3086,1996,Y,NA,N
3087,1997,N,NA,N
3088,1997,N,NA,N
3089,1997,N,NA,N
3090,1997,N,NA,N
3091,1997,N,NA,N
3092,1997,N,NA,N
3093,1997,N,NA,N
3094,1997,N,NA,N
3095,1997,N,NA,N
3096,1997,N,NA,N
3097,1997,N,NA,N
3098,1997,N,NA,N
3099,1997,N,NA,N
3100,1996,N,NA,N
3101,1996,N,NA,Y
3102,1996,N,NA,N
3103,1996,N,NA,N
3104,1996,N,NA,N
3105,1996,N,NA,Y
3106,1996,N,NA,N
3107,1996,N,NA,N
3108,1996,N,NA,N
3109,1996,N,NA,N
3110,1996,N,NA,N
3111,1997,N,NA,N
3112,1997,N,NA,N
3113,1997,N,NA,N
3114,1999,Y,NA,N
3115,1999,Y,NA,N
3116,1999,Y,NA,N
3117,1999,Y,NA,Y
3118,1999,Y,NA,N
3119,1999,Y,NA,N
3120,1999,Y,NA,N
3121,1999,Y,NA,N
3122,1999,Y,NA,N
3123,1999,N,NA,N
3124,1999,N,NA,N
3125,1999,N,NA,N
3126,1999,N,NA,N
3127,1999,N,NA,N
3128,1999,N,NA,N
3129,1999,N,NA,N
3130,1999,N,NA,Y
3131,1999,N,NA,N
3132,1999,Y,NA,Y
3133,1999,Y,NA,N
3134,1999,Y,NA,N
3135,1999,Y,NA,N
3136,1999,Y,NA,N
3137,1999,Y,NA,N
3138,1999,Y,NA,Y
3139,1999,Y,NA,N
3140,1999,Y,NA,N
3141,2000,Y,NA,Y
3142,2000,Y,NA,N
3143,2000,Y,NA,N
3144,1999,N,NA,N
3145,1999,N,NA,N
3146,1999,N,NA,N
3147,1999,N,NA,N
3148,1999,N,NA,N
3149,2000,N,NA,N
3150,2000,Y,NA,N
3151,2000,Y,NA,N
3152,2000,Y,NA,N
3153,2000,Y,NA,N
3154,2000,Y,NA,N
3155,2000,Y,NA,N
3156,2000,Y,NA,N
3157,2000,Y,NA,N
3158,2000,Y,NA,N
3159,2000,Y,NA,N
3160,2000,N,NA,N
3161,2000,N,NA,N
3162,2000,N,NA,Y
3163,2000,N,NA,Y
3164,2000,N,NA,N
3165,2000,N,NA,N
3166,2001,Y,NA,Y
3167,2001,Y,NA,N
3168,2001,Y,NA,Y
3169,2001,Y,NA,N
3170,2001,Y,NA,N
3171,2001,Y,NA,N
3172,2001,Y,NA,N
3173,2001,Y,NA,N
3174,2001,Y,NA,N
3175,2001,Y,NA,N
3176,2003,N,NA,N
3177,2003,N,NA,N
3178,2003,N,NA,N
3179,1996,N,NA,Y
3180,2003,Y,NA,N
3181,2003,Y,NA,N
3182,2004,Y,NA,N
3183,2004,Y,NA,N
3184,2004,Y,NA,N
3185,2004,Y,NA,N
3186,2004,Y,NA,N
3187,2004,Y,NA,N
3188,2004,Y,NA,N
3189,2004,Y,NA,N
3190,2004,Y,NA,N
3191,2004,Y,NA,N
3192,2004,Y,NA,N
3193,2004,Y,NA,N
3194,2004,Y,NA,N
3195,2004,Y,NA,N
3196,2004,Y,NA,N
3197,2004,Y,NA,N
3198,2013,Y,NA,N
3199,2013,Y,NA,N
3200,2013,Y,NA,N
3201,2004,Y,NA,N
3202,2004,Y,NA,N
3203,2004,Y,NA,N
3204,2004,Y,NA,N
3205,2004,Y,NA,N
3206,2004,Y,NA,N
3207,2004,Y,NA,N
3208,2004,Y,NA,N
3209,2004,Y,NA,N
3210,2004,Y,NA,N
3211,2004,Y,NA,N
3212,2005,Y,NA,N
3213,2005,Y,NA,N
3214,2005,Y,NA,N
3215,2004,N,NA,N
3216,2004,N,NA,N
3217,2004,N,NA,N
3218,2004,N,NA,N
3219,2004,N,NA,N
3220,2004,N,NA,N
3221,2004,N,NA,N
3222,2004,N,NA,N
3223,2004,N,NA,N
3224,2004,N,NA,N
3225,2004,N,NA,N
3226,2005,N,NA,N
3227,2005,N,NA,N
3228,2005,N,NA,N
3229,2005,Y,NA,N
3230,2005,Y,NA,N
3231,2005,Y,NA,N
3232,2005,Y,NA,N
3233,2005,Y,NA,N
3234,2005,Y,NA,N
3235,2005,Y,NA,N
3236,2005,Y,NA,N
3237,2005,Y,NA,N
3238,2005,Y,NA,N
3239,2005,Y,NA,N
3240,2005,Y,NA,N
3241,2005,Y,NA,N
3242,2005,Y,NA,N
3243,2005,Y,NA,N
3244,2005,Y,NA,N
3245,2005,Y,NA,N
3246,2005,Y,NA,N
3247,2005,Y,NA,N
3248,2005,Y,NA,N
3249,2005,Y,NA,N
3250,2005,Y,NA,N
3251,2005,Y,NA,N
3252,2005,Y,NA,N
3253,2005,Y,NA,N
3254,2005,N,NA,N
3255,2005,N,NA,N
3256,2005,N,NA,N
3257,2005,N,NA,N
3258,2005,N,NA,N
3259,2005,N,NA,N
3260,2005,N,NA,N
3261,2005,N,NA,N
3262,2005,N,NA,N
3263,2005,N,NA,N
3264,2005,N,NA,N
3265,2005,N,NA,N
3266,2005,N,NA,N
3267,2005,N,NA,N
3268,2006,N,NA,N
3269,2005,Y,NA,N
3270,2005,Y,NA,N
3271,2005,Y,NA,N
3272,2005,Y,NA,N
3273,2005,Y,NA,N
3274,2005,Y,NA,N
3275,2005,Y,NA,N
3276,2005,Y,NA,N
3277,2005,Y,NA,N
3278,2005,Y,NA,N
3279,2005,Y,NA,N
3280,2006,Y,NA,N
3281,2006,Y,NA,N
3282,2006,Y,NA,N
3283,2006,Y,NA,N
3284,2006,Y,NA,N
3285,2006,Y,NA,N
3286,2006,Y,NA,N
3287,2006,Y,NA,N
3288,2006,Y,NA,N
3289,2006,N,NA,N
3290,2006,N,NA,N
3291,2006,N,NA,N
3292,2006,N,NA,N
3293,2006,N,NA,N
3294,2006,N,NA,N
3295,2006,Y,NA,N
3296,2006,Y,NA,N
3297,2006,Y,NA,N
3298,2006,Y,NA,N
3299,2006,Y,NA,N
3300,2006,Y,NA,N
3301,2006,Y,NA,N
3302,2006,Y,NA,N
3303,2006,Y,NA,N
3304,2006,Y,NA,N
3305,2006,Y,NA,N
3306,2006,Y,NA,N
3307,2006,Y,NA,N
3308,2006,Y,NA,N
3309,2006,Y,NA,N
3310,2006,Y,NA,N
3311,2006,Y,NA,N
3312,2006,Y,NA,N
3313,2006,Y,NA,N
3314,2006,Y,NA,N
3315,2006,Y,NA,N
3316,2006,Y,NA,N
3317,2006,Y,NA,N
3318,2006,Y,NA,N
3319,2006,Y,NA,N
3320,2006,Y,NA,N
3321,2006,Y,NA,N
3322,2006,Y,NA,N
3323,2006,Y,NA,N
3324,2006,Y,NA,N
3325,2006,Y,NA,N
3326,2006,Y,NA,N
3327,2006,Y,NA,N
3328,2006,Y,NA,N
3329,2006,Y,NA,N
3330,2006,Y,NA,N
3331,2006,Y,NA,N
3332,2007,Y,NA,N
3333,2007,Y,NA,N
3334,2007,Y,NA,N
3335,2007,Y,NA,N
3336,2007,Y,NA,N
3337,2007,Y,NA,N
3338,2007,Y,NA,N
3339,2007,Y,NA,N
3340,2007,Y,NA,N
3341,2007,Y,NA,N
3342,2007,Y,NA,N
3343,2007,Y,NA,N
3344,2007,Y,NA,N
3345,2007,Y,NA,N
3346,2007,Y,NA,N
3347,2007,Y,NA,N
3348,2007,N,NA,N
3349,2007,N,NA,N
3350,2008,N,NA,N
3351,2008,N,NA,N
3352,2008,N,NA,N
3353,2008,N,NA,N
3354,2007,Y,NA,N
3355,2007,Y,NA,N
3356,2007,Y,NA,N
3357,2007,Y,NA,N
3358,2007,Y,NA,N
3359,2007,Y,NA,N
3360,2007,Y,NA,N
3361,2008,Y,NA,N
3362,2008,Y,NA,N
3363,2008,Y,NA,N
3364,2008,Y,NA,N
3365,2008,Y,NA,N
3366,2008,Y,NA,N
3367,2008,Y,NA,N
3368,2008,Y,NA,N
3369,2008,Y,NA,N
3370,2008,Y,NA,N
3371,2008,Y,NA,N
3372,2008,Y,NA,N
3373,2008,Y,NA,N
3374,2008,Y,NA,N
3375,2008,Y,NA,N
3376,2008,Y,NA,N
3377,2008,Y,NA,N
3378,2008,N,NA,N
3379,2008,N,NA,N
3380,2008,N,NA,N
3381,2008,N,NA,N
3382,2008,N,NA,N
3383,2008,N,NA,N
3384,2008,N,NA,N
3385,2008,N,NA,N
3386,2008,N,NA,N
3387,2008,N,NA,N
3388,2008,N,NA,N
3389,2009,N,NA,N
3390,2009,N,NA,N
3391,2008,Y,NA,N
3392,2008,Y,NA,N
3393,2008,Y,NA,N
3394,2008,Y,NA,N
3395,2008,Y,NA,N
3396,2008,Y,NA,N
3397,2008,Y,NA,N
3398,2008,Y,NA,N
3399,2008,Y,NA,N
3400,2008,Y,NA,N
3401,2008,Y,NA,N
3402,2008,Y,NA,N
3403,2008,Y,NA,N
3404,2008,Y,NA,N
3405,2008,Y,NA,N
3406,2008,Y,NA,N
3407,2008,Y,NA,N
3408,2009,Y,NA,N
3409,2009,Y,NA,N
3410,2009,Y,NA,N
3411,2009,Y,NA,N
3412,2009,Y,NA,N
3413,2009,Y,NA,N
3414,2009,Y,NA,N
3415,2009,Y,NA,N
3416,2009,Y,NA,N
3417,2009,N,NA,N
3418,2009,N,NA,N
3419,2009,N,NA,N
3420,2010,N,NA,N
3421,2010,N,NA,N
3422,2010,N,NA,N
3423,2010,N,NA,N
3424,2010,N,NA,N
3425,2010,N,NA,N
3426,2010,N,NA,N
3427,2009,Y,NA,N
3428,2009,Y,NA,N
3429,2009,Y,NA,N
3430,2009,Y,NA,N
3431,2009,Y,NA,N
3432,2009,Y,NA,N
3433,2009,Y,NA,N
3434,2009,Y,NA,N
3435,2009,Y,NA,N
3436,2009,Y,NA,N
3437,2005,Y,NA,N
3438,2010,Y,NA,N
3439,2010,Y,NA,N
3440,2010,Y,NA,N
3441,2010,Y,NA,N
3442,2010,Y,NA,N
3443,2010,Y,NA,N
3444,2010,Y,NA,N
3445,2010,Y,NA,N
3446,2010,Y,NA,N
3447,2010,Y,NA,N
3448,2010,Y,NA,N
3449,2010,Y,NA,N
3450,2010,Y,NA,N
3451,2010,Y,NA,N
3452,2010,Y,NA,N
3453,2010,Y,NA,N
3454,2010,Y,NA,N
3455,2010,Y,NA,N
3456,2010,Y,NA,N
3457,2010,Y,NA,N
3458,2010,Y,NA,N
3459,2010,Y,NA,N
3460,2010,Y,NA,N
3461,2010,Y,NA,N
3462,2010,Y,NA,N
3463,2010,Y,NA,N
3464,2010,Y,NA,N
3465,2010,N,NA,N
3466,2010,N,NA,N
3467,2010,N,NA,N
3468,2010,N,NA,N
3469,2010,N,NA,N
3470,2011,N,NA,N
3471,2011,N,NA,N
3472,2011,N,NA,N
3473,2011,N,NA,N
3474,2011,N,NA,N
3475,2011,N,NA,N
3476,2011,N,NA,N
3477,2011,N,NA,N
3478,2010,Y,NA,N
3479,2010,Y,NA,N
3480,2010,Y,NA,N
3481,2010,Y,NA,N
3482,2011,Y,NA,N
3483,2011,Y,NA,N
3484,2011,Y,NA,N
3485,2011,Y,NA,N
3486,2011,Y,NA,N
3487,2011,Y,NA,N
3488,2011,Y,NA,N
3489,2011,Y,NA,N
3490,2011,Y,NA,N
3491,2011,Y,NA,N
3492,2011,Y,NA,N
3493,2011,Y,NA,N
3494,2011,Y,NA,N
3495,2011,Y,NA,N
3496,2011,Y,NA,N
3497,2011,Y,NA,N
3498,2011,Y,NA,N
3499,2011,Y,NA,N
3500,2011,Y,NA,N
3501,2011,Y,NA,N
3502,2011,Y,NA,N
3503,2011,Y,NA,N
3504,2011,Y,NA,N
3505,2011,Y,NA,N
3506,2011,Y,NA,N
3507,2011,Y,NA,N
3508,2011,Y,NA,N
3509,2011,Y,NA,N
3510,2011,Y,NA,N
3511,2011,Y,NA,N
3512,2011,N,NA,N
3513,2011,N,NA,N
3514,2011,N,NA,N
3515,2011,N,NA,N
3516,2011,N,NA,N
3517,2011,Y,NA,N
3518,2011,Y,NA,N
3519,2011,Y,NA,N
3520,2011,Y,NA,N
3521,2011,Y,NA,N
3522,2011,Y,NA,N
3523,2011,Y,NA,N
3524,2011,Y,NA,N
3525,2012,Y,NA,N
3526,2012,Y,NA,N
3527,2012,Y,NA,N
3528,2012,N,NA,N
3529,2012,N,NA,N
3530,2012,N,NA,N
3531,2012,N,NA,N
3532,2013,Y,NA,N
3533,2013,Y,NA,N
3534,2013,Y,NA,N
3535,2013,Y,NA,N
3536,2013,Y,NA,N
3537,2013,N,NA,N
3538,2013,N,NA,N
3539,2013,N,NA,N
3540,2013,N,NA,N
3541,2013,N,NA,N
3542,2013,N,NA,N
3543,2013,N,NA,N
3544,2013,N,NA,N
3545,2013,N,NA,N
3546,2013,N,NA,N
3547,2013,N,NA,N
3548,2013,N,NA,N
3549,2013,N,NA,N
3550,2013,N,NA,N
3551,2014,N,NA,N
3552,2014,N,NA,N
3553,2014,N,NA,N
3554,2014,N,NA,N
3555,2008,N,NA,N
3556,1992,Y,NA,Y
3557,1992,Y,NA,N
3558,1992,N,NA,Y
3559,1992,N,NA,N
3560,1992,N,NA,Y
3561,1992,Y,NA,Y
3562,1992,Y,NA,Y
3563,1992,N,NA,N
3564,1992,N,NA,N
3565,1992,N,NA,N
3566,1992,Y,NA,N
3567,1992,Y,NA,N
3568,1992,Y,NA,N
3569,1992,Y,NA,N
3570,1992,Y,NA,N
3571,1992,Y,NA,N
3572,1992,Y,NA,N
3573,1992,Y,NA,N
3574,1997,Y,NA,N
3575,1997,Y,NA,N
3576,1997,Y,NA,N
3577,1997,Y,NA,N
3578,1997,Y,NA,N
3579,1997,Y,NA,Y
3580,1997,Y,NA,Y
3581,1997,Y,NA,N
3582,1997,Y,NA,Y
3583,1997,Y,NA,N
3584,1997,Y,NA,N
3585,1997,Y,NA,N
3586,1997,Y,NA,Y
3587,1997,Y,NA,N
3588,1997,Y,NA,N
3589,1997,Y,NA,N
3590,NA,N,NA,Y
3591,1998,Y,NA,N
3592,1998,Y,NA,Y
3593,1998,Y,NA,N
3594,NA,N,NA,Y
3595,NA,N,NA,Y
3596,NA,N,NA,N
3597,NA,N,NA,N
3598,2002,Y,NA,N
3599,2002,Y,NA,N
3600,2002,Y,NA,N
3601,2002,Y,NA,N
3602,2002,Y,NA,N
3603,2002,Y,NA,N
3604,2002,Y,NA,N
3605,2002,Y,NA,N
3606,2002,N,NA,N
3607,2002,N,NA,N
3608,2002,N,NA,N
3609,2002,N,NA,N
3610,2002,N,NA,N
3611,2002,N,NA,N
3612,2002,N,NA,N
3613,2002,N,NA,N
3614,2002,N,NA,N
3615,2002,N,NA,N
3616,2002,N,NA,N
3617,2002,N,NA,N
3618,2002,N,NA,N
3619,2002,N,NA,N
3620,2002,N,NA,N
3621,2002,N,NA,N
3622,2002,N,NA,N
3623,2002,N,NA,N
3624,2002,N,NA,N
3625,2002,N,NA,N
3626,2002,Y,NA,N
3627,2002,Y,NA,N
3628,2002,Y,NA,N
3629,2002,Y,NA,N
3630,2002,Y,NA,N
3631,2002,Y,NA,N
3632,2002,Y,NA,N
3633,2002,Y,NA,N
3634,2002,Y,NA,N
3635,2002,Y,NA,N
3636,2002,Y,NA,N
3637,1996,Y,NA,Y
3638,1996,Y,NA,Y
3639,2002,N,NA,N
3640,2003,N,NA,N
3641,2003,N,NA,N
3642,2003,N,NA,N
3643,2003,N,NA,N
3644,2003,N,NA,N
3645,2003,N,NA,N
3646,2003,N,NA,N
3647,2003,N,NA,N
3648,2003,N,NA,N
3649,2003,N,NA,N
3650,2003,N,NA,N
3651,2003,N,NA,N
3652,2003,N,NA,N
3653,2003,N,NA,N
3654,2003,Y,NA,N
3655,2003,Y,NA,N
3656,2003,Y,NA,N
3657,2003,Y,NA,N
3658,2003,Y,NA,N
3659,2003,Y,NA,N
3660,2003,Y,NA,N
3661,2003,Y,NA,N
3662,2003,Y,NA,N
3663,2003,Y,NA,N
3664,2001,N,NA,N
3665,2001,N,NA,N
3666,2001,N,NA,N
3667,2001,N,NA,Y
3668,2001,N,NA,N
3669,2001,N,NA,N
3670,2001,N,NA,N
3671,2001,N,NA,N
3672,2001,N,NA,N
3673,2001,N,NA,N
3674,2002,N,NA,N
3675,2002,N,NA,N
3676,2002,N,NA,N
3677,2002,N,NA,N
3678,2002,N,NA,N
3679,2002,N,NA,N
3680,2002,N,NA,N
3681,2002,N,NA,N
3682,2002,N,NA,N
3683,2002,N,NA,N
3684,1997,Y,NA,N
3685,1997,Y,NA,N
3686,1997,Y,NA,N
3687,1997,Y,NA,N
3688,1997,Y,NA,N
3689,1997,Y,NA,N
3690,1997,Y,NA,N
3691,1997,Y,NA,N
3692,1998,N,NA,Y
3693,1998,N,NA,Y
3694,1998,N,NA,Y
3695,1998,N,NA,N
3696,1998,N,NA,Y
3697,1998,N,NA,N
3698,1998,N,NA,N
3699,1998,N,NA,N
3700,1998,N,NA,N
3701,1998,N,NA,N
3702,1998,N,NA,Y
3703,1998,N,NA,Y
3704,1990,Y,NA,N
3705,1990,Y,NA,N
3706,1991,Y,NA,N
3707,1991,Y,NA,N
3708,1991,Y,NA,N
3709,1991,Y,NA,N
3710,1991,Y,NA,N
3711,1993,Y,NA,Y
3712,1993,Y,NA,N
3713,1993,Y,NA,Y
3714,1994,Y,NA,Y
3715,1994,Y,NA,N
3716,1994,Y,NA,N
3717,1994,Y,NA,N
3718,1994,Y,NA,N
3719,1994,Y,NA,N
3720,1994,Y,NA,N
3721,1994,Y,NA,N
3722,1994,N,NA,N
3723,1994,N,NA,N
3724,1994,N,NA,N
3725,1994,N,NA,N
3726,1995,Y,NA,N
3727,1995,Y,NA,N
3728,1995,Y,NA,N
3729,1995,Y,NA,N
3730,1995,Y,NA,N
3731,1995,Y,NA,N
3732,1995,Y,NA,N
3733,1995,Y,NA,Y
3734,1995,Y,NA,N
3735,1995,N,NA,N
3736,1995,N,NA,Y
3737,1995,N,NA,N
3738,1996,Y,NA,N
3739,1996,Y,NA,N
3740,1996,Y,NA,N
3741,1996,Y,NA,N
3742,1996,Y,NA,Y
3743,1996,Y,NA,Y
3744,1996,Y,NA,N
3745,1996,Y,NA,N
3746,1996,Y,NA,N
3747,1997,N,NA,N
3748,1997,N,NA,N
3749,1997,N,NA,Y
3750,1997,N,NA,N
3751,1997,N,NA,N
3752,1997,N,NA,N
3753,1997,N,NA,N
3754,1999,Y,NA,N
3755,1999,Y,NA,N
3756,1999,Y,NA,N
3757,1999,Y,NA,N
3758,1999,N,NA,N
3759,1999,N,NA,N
3760,1999,N,NA,N
3761,1999,Y,NA,N
3762,1999,Y,NA,N
3763,1999,Y,NA,N
3764,2000,Y,NA,N
3765,2000,Y,NA,N
3766,2000,Y,NA,Y
3767,2000,Y,NA,N
3768,1999,N,NA,N
3769,1999,N,NA,N
3770,1999,N,NA,N
3771,1999,N,NA,N
3772,1999,N,NA,N
3773,1999,N,NA,N
3774,1999,N,NA,N
3775,1999,N,NA,N
3776,1999,N,NA,N
3777,1999,N,NA,N
3778,2000,Y,NA,N
3779,2000,Y,NA,Y
3780,2000,Y,NA,Y
3781,2000,Y,NA,N
3782,2000,Y,NA,N
3783,2000,Y,NA,N
3784,2000,Y,NA,N
3785,2001,N,NA,N
3786,2000,N,NA,N
3787,2000,N,NA,N
3788,2000,N,NA,N
3789,2000,N,NA,N
3790,2000,N,NA,N
3791,2000,N,NA,N
3792,2000,N,NA,N
3793,2000,N,NA,N
3794,2001,N,NA,Y
3795,2001,Y,NA,N
3796,2001,Y,NA,N
3797,2001,Y,NA,N
3798,2001,Y,NA,N
3799,2001,Y,NA,N
3800,2001,Y,NA,N
3801,2001,Y,NA,N
3802,2001,Y,NA,N
3803,2001,Y,NA,N
3804,2001,Y,NA,N
3805,2003,N,NA,N
3806,2003,N,NA,N
3807,2004,N,NA,N
3808,2004,N,NA,N
3809,2004,Y,NA,N
3810,2004,Y,NA,N
3811,2004,Y,NA,N
3812,2004,Y,NA,N
3813,2004,Y,NA,N
3814,2004,Y,NA,N
3815,2004,Y,NA,N
3816,2013,Y,NA,N
3817,2013,Y,NA,N
3818,2004,Y,NA,N
3819,2004,Y,NA,N
3820,2004,Y,NA,N
3821,2005,Y,NA,N
3822,2005,Y,NA,N
3823,2005,Y,NA,N
3824,2005,Y,NA,N
3825,2005,N,NA,N
3826,2005,N,NA,N
3827,NA,N,2005,N
3828,2005,Y,NA,N
3829,2005,Y,NA,N
3830,2005,Y,NA,N
3831,2005,Y,NA,N
3832,2005,Y,NA,N
3833,2005,Y,NA,N
3834,2005,Y,NA,N
3835,2005,Y,NA,N
3836,2005,Y,NA,N
3837,2005,Y,NA,N
3838,2005,Y,NA,N
3839,2005,Y,NA,N
3840,2005,N,NA,N
3841,2005,N,NA,N
3842,2005,N,NA,N
3843,2006,Y,NA,N
3844,2006,Y,NA,N
3845,2006,Y,NA,N
3846,2006,Y,NA,N
3847,2006,Y,NA,N
3848,2006,Y,NA,N
3849,2006,Y,NA,N
3850,2006,Y,NA,N
3851,2006,Y,NA,N
3852,2006,N,NA,N
3853,2006,N,NA,N
3854,2006,N,NA,N
3855,2006,N,NA,N
3856,2006,N,NA,N
3857,2006,N,NA,N
3858,2006,N,NA,N
3859,2006,N,NA,N
3860,2007,N,NA,N
3861,2007,N,NA,N
3862,2006,Y,NA,N
3863,2006,Y,NA,N
3864,2006,Y,NA,N
3865,2006,Y,NA,N
3866,2007,Y,NA,N
3867,2007,Y,NA,N
3868,2007,Y,NA,N
3869,2007,Y,NA,N
3870,2007,Y,NA,N
3871,2007,Y,NA,N
3872,2007,Y,NA,N
3873,2007,Y,NA,N
3874,2007,Y,NA,N
3875,2007,N,NA,N
3876,2007,N,NA,N
3877,2007,N,NA,N
3878,2007,N,NA,N
3879,2007,N,NA,N
3880,2007,N,NA,N
3881,2007,N,NA,N
3882,2007,Y,NA,N
3883,2007,Y,NA,N
3884,2008,Y,NA,N
3885,2008,Y,NA,N
3886,2008,Y,NA,N
3887,2008,Y,NA,N
3888,2008,Y,NA,N
3889,2008,Y,NA,N
3890,2008,N,NA,N
3891,2008,N,NA,N
3892,2008,N,NA,N
3893,2008,N,NA,N
3894,2008,N,NA,N
3895,2008,N,NA,N
3896,2008,N,NA,N
3897,2008,N,NA,N
3898,2009,Y,NA,N
3899,2009,Y,NA,N
3900,2009,Y,NA,N
3901,2009,Y,NA,N
3902,2009,Y,NA,N
3903,2009,Y,NA,N
3904,2009,Y,NA,N
3905,2009,Y,NA,N
3906,2009,N,NA,N
3907,2009,N,NA,N
3908,2009,N,NA,N
3909,2010,N,NA,N
3910,2010,N,NA,N
3911,2010,N,NA,N
3912,2010,N,NA,N
3913,2010,N,NA,N
3914,2010,N,NA,N
3915,2010,N,NA,N
3916,2010,N,NA,N
3917,2010,N,NA,N
3918,2010,N,NA,N
3919,2010,N,NA,N
3920,2010,N,NA,N
3921,2010,N,NA,N
3922,2010,N,NA,N
3923,2010,Y,NA,N
3924,2010,Y,NA,N
3925,2010,Y,NA,N
3926,2010,Y,NA,N
3927,2010,Y,NA,N
3928,2010,Y,NA,N
3929,2010,Y,NA,N
3930,2010,Y,NA,N
3931,2010,Y,NA,N
3932,2010,Y,NA,N
3933,2010,Y,NA,N
3934,2010,Y,NA,N
3935,2010,Y,NA,N
3936,2011,N,NA,N
3937,2011,N,NA,N
3938,2010,Y,NA,N
3939,2010,Y,NA,N
3940,2010,Y,NA,N
3941,2011,Y,NA,N
3942,2011,Y,NA,N
3943,2011,Y,NA,N
3944,2011,Y,NA,N
3945,2011,Y,NA,N
3946,2011,Y,NA,N
3947,2011,N,NA,N
3948,2011,N,NA,N
3949,2011,N,NA,N
3950,2011,N,NA,N
3951,2011,N,NA,N
3952,2011,N,NA,N
3953,2011,Y,NA,N
3954,2011,Y,NA,N
3955,2011,Y,NA,N
3956,2011,Y,NA,N
3957,2012,Y,NA,N
3958,2012,Y,NA,N
3959,2012,Y,NA,N
3960,2012,Y,NA,N
3961,2012,Y,NA,N
3962,2012,Y,NA,N
3963,2012,Y,NA,N
3964,2012,N,NA,N
3965,2012,N,NA,N
3966,2012,N,NA,N
3967,2012,N,NA,N
3968,2012,N,NA,N
3969,2013,N,NA,N
3970,2013,N,NA,N
3971,2013,N,NA,N
3972,2013,Y,NA,N
3973,2013,Y,NA,N
3974,2013,Y,NA,N
3975,2013,Y,NA,N
3976,2013,N,NA,N
3977,2013,N,NA,N
3978,2013,N,NA,N
3979,2013,N,NA,N
3980,2013,N,NA,N
3981,2013,N,NA,N
3982,2014,N,NA,N
3983,2014,N,NA,N
3984,2014,N,NA,N
3985,2014,N,NA,N
3986,2014,N,NA,N
3987,2014,N,NA,N
3988,2014,N,NA,N
3989,2014,N,NA,N
3990,2014,N,NA,N
3991,2014,N,NA,N
3992,2014,N,NA,N
3993,2014,N,NA,N
3994,2014,N,NA,N
3995,2014,N,NA,N
3996,2014,N,NA,N
3997,2014,N,NA,N
3998,2014,N,NA,N
3999,2014,N,NA,N
4000,2014,N,NA,N
4001,2014,N,NA,N
4002,2014,N,NA,N
4003,2014,N,NA,N
4004,2014,N,NA,N
4005,2014,N,NA,N
4006,1996,N,NA,N
4007,1992,Y,NA,N
4008,1992,Y,NA,N
4009,1992,Y,NA,N
4010,NA,N,NA,Y
4011,1998,Y,NA,Y
4012,1998,Y,NA,N
4013,2002,Y,NA,N
4014,2002,Y,NA,N
4015,2002,Y,NA,N
4016,2002,Y,NA,N
4017,2002,Y,NA,N
4018,2002,Y,NA,N
4019,2002,Y,NA,N
4020,2002,N,NA,N
4021,2002,N,NA,N
4022,2002,N,NA,N
4023,2002,N,NA,N
4024,2002,N,NA,N
4025,2002,N,NA,N
4026,2002,N,NA,N
4027,2002,N,NA,N
4028,2002,N,NA,N
4029,2002,Y,NA,N
4030,2002,Y,NA,N
4031,2002,Y,NA,N
4032,2002,N,NA,N
4033,2002,N,NA,N
4034,2003,Y,NA,N
4035,2003,Y,NA,N
4036,2003,Y,NA,N
4037,2003,Y,NA,N
4038,2003,Y,NA,N
4039,2003,Y,NA,N
4040,2003,Y,NA,N
4041,2001,N,NA,N
4042,2001,N,NA,Y
4043,2001,N,NA,N
4044,2001,N,NA,N
4045,2001,N,NA,N
4046,2002,N,NA,N
4047,2002,N,NA,N
4048,2002,N,NA,N
4049,2002,N,NA,N
4050,1997,Y,NA,N
4051,1997,Y,NA,N
4052,1997,Y,NA,N
4053,1991,Y,NA,N
4054,1991,Y,NA,N
4055,1991,Y,NA,N
4056,2013,Y,NA,N
4057,2013,Y,NA,N
4058,2013,Y,NA,N
4059,2013,Y,NA,N
4060,2013,Y,NA,N
4061,2013,Y,NA,N
4062,2004,Y,NA,N
4063,2004,Y,NA,N
4064,2004,Y,NA,N
4065,2013,Y,NA,N
4066,2013,Y,NA,N
4067,2013,Y,NA,N
4068,2013,Y,NA,N
4069,2013,Y,NA,N
4070,2004,Y,NA,N
4071,2004,N,NA,N
4072,2004,N,NA,N
4073,2004,N,NA,N
4074,2005,N,NA,N
4075,2005,N,NA,N
4076,2005,N,NA,N
4077,2005,N,NA,N
4078,2005,Y,NA,N
4079,2005,Y,NA,N
4080,2005,Y,NA,N
4081,2005,Y,NA,N
4082,2005,Y,NA,N
4083,2005,Y,NA,N
4084,2005,N,NA,N
4085,2005,N,NA,N
4086,2005,N,NA,N
4087,2006,Y,NA,N
4088,2006,Y,NA,N
4089,2006,Y,NA,N
4090,2006,Y,NA,N
4091,2006,N,NA,N
4092,2006,N,NA,N
4093,2006,N,NA,N
4094,2006,N,NA,N
4095,2006,N,NA,N
4096,2006,N,NA,N
4097,2006,Y,NA,N
4098,2006,Y,NA,N
4099,2006,Y,NA,N
4100,2006,Y,NA,N
4101,2006,Y,NA,N
4102,2006,Y,NA,N
4103,2006,Y,NA,N
4104,2006,Y,NA,N
4105,2006,Y,NA,N
4106,2006,Y,NA,N
4107,2007,N,NA,N
4108,2007,N,NA,N
4109,2007,N,NA,N
4110,2007,N,NA,N
4111,2007,N,NA,N
4112,2008,N,NA,N
4113,2008,N,NA,N
4114,2008,N,NA,N
4115,2008,N,NA,N
4116,2007,Y,NA,N
4117,2007,Y,NA,N
4118,2007,Y,NA,N
4119,2007,N,NA,N
4120,2007,N,NA,N
4121,2008,Y,NA,N
4122,2008,Y,NA,N
4123,2008,Y,NA,N
4124,2008,Y,NA,N
4125,2008,Y,NA,N
4126,2008,Y,NA,N
4127,2008,Y,NA,N
4128,2008,Y,NA,N
4129,2009,N,NA,N
4130,2008,N,NA,N
4131,2008,N,NA,N
4132,2008,N,NA,N
4133,2008,N,NA,N
4134,2008,Y,NA,N
4135,2008,Y,NA,N
4136,2008,Y,NA,N
4137,2009,Y,NA,N
4138,2009,Y,NA,N
4139,2009,N,NA,N
4140,2009,N,NA,N
4141,2010,N,NA,N
4142,2010,N,NA,N
4143,2010,N,NA,N
4144,2010,N,NA,N
4145,2010,N,NA,N
4146,2010,N,NA,N
4147,2010,Y,NA,N
4148,2010,Y,NA,N
4149,2010,Y,NA,N
4150,2010,N,NA,N
4151,2010,N,NA,N
4152,2010,N,NA,N
4153,2010,N,NA,N
4154,2011,N,NA,N
4155,2011,Y,NA,N
4156,2011,Y,NA,N
4157,2011,Y,NA,N
4158,2011,Y,NA,N
4159,2011,N,NA,N
4160,2011,N,NA,N
4161,2011,N,NA,N
4162,2011,N,NA,N
4163,2011,N,NA,N
4164,2011,N,NA,N
4165,2011,N,NA,N
4166,2011,N,NA,N
4167,2012,N,NA,N
4168,2012,N,NA,N
4169,2012,N,NA,N
4170,2012,N,NA,N
4171,2012,N,NA,N
4172,2011,N,NA,N
4173,2011,N,NA,N
4174,2011,N,NA,N
4175,2011,N,NA,N
4176,2012,N,NA,N
4177,2011,Y,NA,N
4178,2011,Y,NA,N
4179,2011,Y,NA,N
4180,2011,Y,NA,N
4181,2011,Y,NA,N
4182,2012,N,NA,N
4183,2012,N,NA,N
4184,2012,N,NA,N
4185,2013,N,NA,N
4186,2013,N,NA,N
4187,2013,N,NA,N
4188,2013,Y,NA,N
4189,2013,Y,NA,N
4190,2013,Y,NA,N
4191,2013,Y,NA,N
4192,2013,Y,NA,N
4193,2013,Y,NA,N
4194,2013,N,NA,N
4195,2013,N,NA,N
4196,2013,N,NA,N
4197,2013,N,NA,N
4198,2014,N,NA,N
4199,2014,N,NA,N
4200,2014,N,NA,N
4201,2009,N,NA,N
4202,2009,N,NA,N
4203,2012,N,NA,N
4204,NA,N,NA,N
4205,2011,N,NA,N
4206,2011,N,NA,N
4207,2013,N,NA,N
4208,2013,N,NA,N
4209,2013,N,NA,N
4210,2013,N,NA,N
4211,2013,N,NA,N
4212,2013,N,NA,N
4213,NA,N,NA,N
4214,NA,N,NA,N
4215,NA,N,NA,N
4216,NA,N,NA,N
4217,1990,Y,NA,N
4218,1990,Y,NA,N
4219,1990,Y,NA,N
4220,NA,N,NA,N
4221,NA,N,NA,Y
4222,1990,Y,NA,N
4223,1990,Y,NA,N
4224,NA,N,NA,N
4225,1991,Y,NA,N
4226,1991,Y,NA,N
4227,NA,N,NA,N
4228,NA,N,1991,Y
4229,NA,N,NA,N
4230,NA,N,NA,Y
4231,NA,N,NA,Y
4232,1993,Y,NA,N
4233,1993,Y,NA,N
4234,1993,Y,NA,N
4235,1993,Y,NA,N
4236,NA,N,1992,Y
4237,NA,N,NA,Y
4238,1996,Y,NA,Y
4239,1996,Y,NA,N
4240,1996,Y,NA,N
4241,NA,N,1995,Y
4242,1998,N,NA,N
4243,1994,Y,NA,N
4244,1994,Y,NA,N
4245,1994,Y,NA,N
4246,1994,Y,NA,N
4247,1994,Y,NA,N
4248,NA,N,NA,N
4249,NA,N,NA,N
4250,1990,Y,NA,N
4251,1990,Y,NA,N
4252,1990,Y,NA,N
4253,1991,Y,NA,N
4254,1991,Y,NA,N
4255,1991,Y,NA,N
4256,1991,Y,NA,N
4257,NA,N,NA,N
4258,NA,N,NA,N
4259,NA,N,NA,N
4260,NA,N,NA,Y
4261,NA,N,NA,Y
4262,NA,N,NA,Y
4263,NA,N,NA,Y
4264,1990,N,NA,N
4265,1990,N,NA,N
4266,1993,N,NA,N
4267,1993,N,NA,N
4268,1993,N,NA,Y
4269,1993,N,NA,N
4270,NA,N,NA,Y
4271,NA,N,NA,Y
4272,1993,Y,NA,N
4273,1993,Y,NA,N
4274,1993,Y,NA,N
4275,1994,Y,NA,Y
4276,NA,N,NA,Y
4277,1991,Y,NA,N
4278,NA,N,2000,N
4279,NA,N,2001,Y
4280,NA,N,1996,Y
4281,NA,N,1998,N
4282,NA,N,NA,N
4283,1993,N,NA,N
4284,NA,N,NA,N
4285,NA,N,1993,Y
4286,NA,N,1992,Y
4287,NA,N,1992,Y
4288,NA,N,1992,N
4289,NA,N,1993,Y
4290,NA,N,1999,N
4291,NA,N,1999,Y
4292,NA,N,NA,N
4293,NA,N,2000,Y
4294,NA,N,NA,N
4295,NA,N,NA,N
4296,NA,N,NA,N
4297,NA,N,NA,N
4298,NA,N,2007,N
4299,2008,N,NA,N
4300,2008,N,NA,N
4301,NA,N,2004,N
4302,2005,N,NA,N
4303,NA,N,NA,N
4304,NA,N,2004,N
4305,NA,N,2004,N
4306,NA,N,NA,N
4307,2010,N,NA,N
4308,2010,N,NA,N
4309,2010,N,NA,N
4310,NA,N,NA,N
4311,NA,N,NA,N
4312,2009,N,NA,N
4313,2009,N,NA,N
4314,2010,N,NA,N
4315,2011,N,NA,N
4316,2011,N,NA,N
4317,2011,N,NA,N
4318,2011,N,NA,N
4319,2010,N,NA,N
4320,2010,N,NA,N
4321,2006,N,NA,N
4322,NA,N,NA,N
4323,NA,N,2002,N
4324,NA,N,NA,N
4325,NA,N,NA,N
4326,NA,N,NA,N
4327,2006,N,NA,N
4328,NA,N,NA,N
4329,2006,N,NA,N
4330,NA,N,2004,N
4331,NA,N,NA,N
4332,2007,N,NA,N
4333,NA,N,NA,N
4334,NA,N,2003,N
4335,NA,N,2005,N
4336,NA,N,2009,N
4337,2011,N,NA,N
4338,2011,N,NA,N
4339,NA,N,2005,N
4340,2008,N,NA,N
4341,2008,N,NA,N
4342,2008,N,NA,N
4343,2008,N,NA,N
4344,NA,N,2004,N
4345,NA,N,NA,N
4346,2008,N,NA,N
4347,2008,N,NA,N
4348,2008,N,NA,N
4349,NA,N,NA,N
4350,NA,N,2007,N
4351,NA,N,NA,N
4352,NA,N,2010,N
4353,NA,N,2011,N
4354,NA,N,NA,N
4355,2008,N,NA,N
4356,2008,N,NA,N
4357,2008,N,NA,N
4358,2008,N,NA,N
4359,NA,N,NA,N
4360,NA,N,NA,N
4361,NA,N,NA,N
4362,NA,N,NA,Y
4363,NA,N,NA,Y
4364,NA,N,NA,N
4365,1990,Y,NA,N
4366,1990,Y,NA,N
4367,NA,N,NA,Y
4368,NA,N,1996,Y
4369,NA,N,NA,N
4370,NA,N,NA,Y
4371,1990,Y,NA,N
4372,NA,N,NA,Y
4373,1990,Y,NA,N
4374,1990,Y,NA,N
4375,1991,Y,NA,N
4376,1991,Y,NA,Y
4377,1991,Y,NA,N
4378,1993,Y,NA,N
4379,1993,Y,NA,N
4380,1993,N,NA,Y
4381,1994,Y,NA,N
4382,1994,Y,NA,N
4383,NA,N,NA,Y
4384,NA,N,NA,Y
4385,1996,Y,NA,N
4386,NA,N,NA,Y
4387,NA,N,NA,Y
4388,1999,N,NA,N
4389,1999,N,NA,N
4390,1999,N,NA,N
4391,2000,N,NA,N
4392,2000,N,NA,N
4393,2000,N,NA,N
4394,2003,N,NA,N
4395,2004,N,NA,N
4396,2004,N,NA,N
4397,2004,N,NA,N
4398,NA,N,NA,N
4399,NA,N,NA,N
4400,2004,N,NA,N
4401,2004,N,NA,N
4402,2004,N,NA,N
4403,2004,N,NA,N
4404,2005,N,NA,N
4405,NA,N,NA,N
4406,2005,N,NA,N
4407,2005,N,NA,N
4408,2005,N,NA,N
4409,NA,N,NA,N
4410,NA,N,NA,N
4411,2006,Y,NA,N
4412,2006,Y,NA,N
4413,2006,Y,NA,N
4414,2006,Y,NA,N
4415,2006,Y,NA,N
4416,NA,N,NA,N
4417,2006,N,NA,N
4418,2006,N,NA,N
4419,NA,N,NA,N
4420,NA,N,NA,N
4421,NA,N,NA,N
4422,NA,N,NA,N
4423,NA,N,NA,N
4424,NA,N,NA,N
4425,NA,N,NA,N
4426,NA,N,NA,N
4427,2008,N,NA,N
4428,2008,N,NA,N
4429,2008,N,NA,N
4430,2008,N,NA,N
4431,2008,Y,NA,N
4432,2008,Y,NA,N
4433,2008,Y,NA,N
4434,NA,N,NA,N
4435,NA,N,NA,N
4436,NA,N,NA,N
4437,NA,N,NA,N
4438,2009,N,NA,N
4439,2009,N,NA,N
4440,2009,N,NA,N
4441,2010,N,NA,N
4442,2010,N,NA,N
4443,2010,N,NA,N
4444,2010,N,NA,N
4445,2010,N,NA,N
4446,2010,N,NA,N
4447,2010,N,NA,N
4448,2010,N,NA,N
4449,2010,N,NA,N
4450,2010,N,NA,N
4451,2010,N,NA,N
4452,2010,N,NA,N
4453,2010,N,NA,N
4454,2010,N,NA,N
4455,2011,N,NA,N
4456,2011,N,NA,N
4457,2011,N,NA,N
4458,2011,N,NA,N
4459,2011,N,NA,N
4460,2011,N,NA,N
4461,2011,N,NA,N
4462,2011,N,NA,N
4463,2011,N,NA,N
4464,2011,Y,NA,N
4465,2011,Y,NA,N
4466,2011,Y,NA,N
4467,2011,N,NA,N
4468,2011,N,NA,N
4469,2011,N,NA,N
4470,NA,N,NA,N
4471,2006,N,NA,N
4472,2012,N,NA,N
4473,2012,N,NA,N
4474,2012,N,NA,N
4475,2013,Y,NA,N
4476,2013,Y,NA,N
4477,2013,N,NA,N
4478,2013,N,NA,N
4479,2014,N,NA,N
4480,2014,N,NA,N
4481,2014,N,NA,N
4482,2014,N,NA,N
4483,2014,N,NA,N
4484,2014,N,NA,N
4485,2014,N,NA,N
4486,2014,N,NA,N
4487,2014,N,NA,N
4488,2014,N,NA,N
4489,2014,N,NA,N
4490,2014,N,NA,N
4491,2014,N,NA,N
4492,NA,N,NA,Y
4493,NA,N,NA,N
4494,NA,N,NA,N
4495,1992,Y,NA,N
4496,1992,Y,NA,N
4497,1992,Y,NA,N
4498,NA,N,NA,N
4499,NA,N,NA,Y
4500,NA,N,NA,Y
4501,2002,N,NA,N
4502,2002,N,NA,N
4503,2002,Y,NA,N
4504,2002,Y,NA,N
4505,2002,Y,NA,N
4506,2002,N,NA,N
4507,2002,N,NA,N
4508,2002,N,NA,N
4509,2002,N,NA,N
4510,2002,N,NA,N
4511,2002,N,NA,N
4512,2002,N,NA,N
4513,2002,N,NA,N
4514,2002,N,NA,N
4515,2002,N,NA,N
4516,2002,N,NA,N
4517,2002,N,NA,N
4518,2002,N,NA,N
4519,2002,N,NA,N
4520,2002,N,NA,N
4521,2003,N,NA,N
4522,2003,N,NA,N
4523,2003,N,NA,N
4524,2003,N,NA,N
4525,2003,N,NA,N
4526,2003,N,NA,N
4527,2003,Y,NA,N
4528,2003,Y,NA,N
4529,2001,N,NA,N
4530,2001,N,NA,N
4531,NA,N,NA,N
4532,1992,Y,NA,N
4533,1992,Y,NA,N
4534,1992,Y,NA,N
4535,1992,Y,NA,N
4536,1992,N,NA,Y
4537,1992,N,NA,N
4538,1991,Y,NA,N
4539,1991,Y,NA,N
4540,1991,Y,NA,N
4541,1991,Y,NA,N
4542,1991,Y,NA,N
4543,1991,Y,NA,N
4544,1991,Y,NA,Y
4545,1991,Y,NA,N
4546,1993,N,NA,N
4547,1993,N,NA,Y
4548,1993,N,NA,Y
4549,1993,N,NA,N
4550,1994,Y,NA,Y
4551,1994,Y,NA,N
4552,1994,Y,NA,N
4553,1994,N,NA,Y
4554,1994,N,NA,N
4555,1994,N,NA,Y
4556,1994,N,NA,N
4557,1994,N,NA,N
4558,1994,N,NA,N
4559,1994,N,NA,Y
4560,1994,N,NA,N
4561,1994,N,NA,N
4562,1995,N,NA,N
4563,1995,N,NA,N
4564,1996,Y,NA,N
4565,1996,Y,NA,Y
4566,1996,Y,NA,Y
4567,1996,Y,NA,N
4568,1996,Y,NA,Y
4569,1996,Y,NA,N
4570,1996,Y,NA,Y
4571,1997,N,NA,N
4572,1997,N,NA,N
4573,1997,N,NA,N
4574,1996,N,NA,N
4575,1996,N,NA,Y
4576,1996,N,NA,N
4577,1996,N,NA,N
4578,1996,N,NA,N
4579,1996,N,NA,N
4580,1996,N,NA,N
4581,1996,N,NA,N
4582,1996,N,NA,N
4583,1997,N,NA,N
4584,1997,N,NA,N
4585,1997,N,NA,N
4586,1997,N,NA,N
4587,1997,N,NA,N
4588,1997,N,NA,N
4589,1997,N,NA,N
4590,1999,Y,NA,Y
4591,1999,Y,NA,N
4592,1999,Y,NA,N
4593,1999,Y,NA,N
4594,1999,Y,NA,N
4595,1999,Y,NA,Y
4596,1999,Y,NA,N
4597,1999,Y,NA,N
4598,1999,Y,NA,N
4599,1999,Y,NA,N
4600,1999,Y,NA,N
4601,1999,Y,NA,N
4602,1999,Y,NA,N
4603,1999,Y,NA,Y
4604,1999,Y,NA,Y
4605,1999,Y,NA,N
4606,1999,Y,NA,N
4607,1999,Y,NA,N
4608,1999,Y,NA,N
4609,1999,Y,NA,N
4610,1999,Y,NA,N
4611,1999,Y,NA,N
4612,1999,Y,NA,N
4613,2000,Y,NA,N
4614,2000,Y,NA,N
4615,2000,Y,NA,N
4616,2000,Y,NA,N
4617,2000,Y,NA,N
4618,2000,Y,NA,N
4619,1999,N,NA,N
4620,1999,N,NA,N
4621,1999,N,NA,N
4622,1999,N,NA,N
4623,2000,Y,NA,N
4624,2000,Y,NA,Y
4625,2000,Y,NA,N
4626,2000,Y,NA,N
4627,2000,Y,NA,N
4628,2000,Y,NA,N
4629,2000,Y,NA,N
4630,2000,N,NA,Y
4631,2000,N,NA,N
4632,2000,N,NA,N
4633,2001,Y,NA,N
4634,2001,Y,NA,N
4635,2001,N,NA,N
4636,2001,N,NA,N
4637,2001,N,NA,Y
4638,2001,Y,NA,Y
4639,2001,Y,NA,Y
4640,2001,Y,NA,N
4641,2001,Y,NA,N
4642,2001,Y,NA,Y
4643,2001,Y,NA,Y
4644,2003,N,NA,N
4645,2003,N,NA,N
4646,2003,N,NA,N
4647,2003,N,NA,N
4648,2004,N,NA,N
4649,2004,N,NA,N
4650,2004,N,NA,N
4651,2004,N,NA,N
4652,2004,N,NA,N
4653,2004,N,NA,N
4654,2004,N,NA,N
4655,2004,N,NA,N
4656,2004,N,NA,N
4657,2004,N,NA,N
4658,2004,N,NA,N
4659,2004,N,NA,N
4660,2004,N,NA,N
4661,2004,Y,NA,N
4662,2004,Y,NA,N
4663,2004,Y,NA,N
4664,2013,Y,NA,N
4665,2013,Y,NA,N
4666,2013,Y,NA,N
4667,2004,Y,NA,N
4668,2004,Y,NA,N
4669,2004,Y,NA,N
4670,2004,Y,NA,N
4671,2004,Y,NA,N
4672,2004,Y,NA,N
4673,2004,Y,NA,N
4674,2004,Y,NA,N
4675,2005,N,NA,N
4676,2005,N,NA,N
4677,2005,N,NA,N
4678,2005,Y,NA,N
4679,2005,Y,NA,N
4680,2005,Y,NA,N
4681,2005,Y,NA,N
4682,2005,Y,NA,N
4683,2005,Y,NA,N
4684,2005,N,NA,N
4685,2005,N,NA,N
4686,2006,N,NA,N
4687,2006,N,NA,N
4688,2006,N,NA,N
4689,2006,N,NA,N
4690,2006,N,NA,N
4691,2006,N,NA,N
4692,2006,N,NA,N
4693,2006,N,NA,N
4694,2006,Y,NA,N
4695,2006,Y,NA,N
4696,2006,N,NA,N
4697,2006,N,NA,N
4698,2006,N,NA,N
4699,2006,N,NA,N
4700,2006,N,NA,N
4701,2007,N,NA,N
4702,2007,N,NA,N
4703,2007,N,NA,N
4704,2006,Y,NA,N
4705,2006,N,NA,N
4706,2006,N,NA,N
4707,2006,N,NA,N
4708,2005,N,NA,N
4709,2005,N,NA,N
4710,2007,N,NA,N
4711,2007,N,NA,N
4712,2007,N,NA,N
4713,2007,N,NA,N
4714,2008,N,NA,N
4715,2008,N,NA,N
4716,2008,N,NA,N
4717,2008,N,NA,N
4718,2008,N,NA,N
4719,2008,N,NA,N
4720,2008,N,NA,N
4721,2008,N,NA,N
4722,2008,N,NA,N
4723,2008,N,NA,N
4724,2008,N,NA,N
4725,2008,N,NA,N
4726,2008,N,NA,N
4727,2008,N,NA,N
4728,2008,N,NA,N
4729,2008,N,NA,N
4730,2008,N,NA,N
4731,2008,N,NA,N
4732,2008,N,NA,N
4733,2008,N,NA,N
4734,2008,N,NA,N
4735,2008,N,NA,N
4736,2008,N,NA,N
4737,2008,N,NA,N
4738,2008,N,NA,N
4739,2008,N,NA,N
4740,2008,N,NA,N
4741,2008,N,NA,N
4742,2008,N,NA,N
4743,2008,Y,NA,N
4744,2008,Y,NA,N
4745,2008,N,NA,N
4746,2008,N,NA,N
4747,2008,N,NA,N
4748,2008,Y,NA,N
4749,2008,Y,NA,N
4750,2008,Y,NA,N
4751,2009,N,NA,N
4752,2009,N,NA,N
4753,2009,N,NA,N
4754,2009,Y,NA,N
4755,2009,Y,NA,N
4756,2009,Y,NA,N
4757,2010,N,NA,N
4758,2010,N,NA,N
4759,2013,Y,NA,N
4760,2013,Y,NA,N
4761,2013,Y,NA,N
4762,2013,Y,NA,N
4763,2013,N,NA,N
4764,2013,N,NA,N
4765,2013,N,NA,N
4766,2013,N,NA,N
4767,2010,N,NA,N
4768,2010,N,NA,N
4769,2010,N,NA,N
4770,2010,Y,NA,N
4771,2010,Y,NA,N
4772,2010,N,NA,N
4773,2011,N,NA,N
4774,2011,N,NA,N
4775,2011,N,NA,N
4776,2011,Y,NA,N
4777,2011,Y,NA,N
4778,2011,Y,NA,N
4779,2011,N,NA,N
4780,2011,N,NA,N
4781,2011,N,NA,N
4782,2012,Y,NA,N
4783,2012,Y,NA,N
4784,2012,Y,NA,N
4785,2012,Y,NA,N
4786,2012,Y,NA,N
4787,2012,Y,NA,N
4788,2012,Y,NA,N
4789,2012,N,NA,N
4790,2012,N,NA,N
4791,2012,N,NA,N
4792,2005,Y,NA,N
4793,2012,N,NA,N
4794,2012,N,NA,N
4795,2012,N,NA,N
4796,2012,N,NA,N
4797,2013,N,NA,N
4798,2013,N,NA,N
4799,2013,Y,NA,N
4800,2013,Y,NA,N
4801,2013,Y,NA,N
4802,2013,Y,NA,N
4803,2013,Y,NA,N
4804,2013,Y,NA,N
4805,2013,Y,NA,N
4806,2013,N,NA,N
4807,2013,N,NA,N
4808,2013,N,NA,N
4809,2013,N,NA,N
4810,2013,N,NA,N
4811,2014,N,NA,N
4812,2014,N,NA,N
4813,2014,N,NA,N
4814,2014,N,NA,N
4815,2014,N,NA,N
4816,2014,N,NA,N
4817,2014,N,NA,N
4818,2014,N,NA,N
4819,2014,N,NA,N
4820,2014,N,NA,N
4821,2014,N,NA,N
4822,2014,N,NA,N
4823,2014,N,NA,N
4824,2005,N,NA,N
4825,2009,Y,NA,N
4826,1991,N,NA,N
4827,1991,N,NA,N
4828,1997,Y,NA,Y
4829,1997,Y,NA,N
4830,1997,Y,NA,N
4831,1997,Y,NA,N
4832,1997,Y,NA,N
4833,1998,Y,NA,Y
4834,1998,Y,NA,N
4835,1998,Y,NA,N
4836,1998,Y,NA,N
4837,1998,Y,NA,N
4838,1998,Y,NA,N
4839,NA,N,NA,Y
4840,NA,N,NA,N
4841,NA,N,NA,N
4842,1990,Y,NA,N
4843,1990,Y,NA,Y
4844,1990,Y,NA,Y
4845,2002,Y,NA,N
4846,2002,Y,NA,N
4847,2002,Y,NA,N
4848,2002,Y,NA,N
4849,2002,Y,NA,N
4850,2002,Y,NA,N
4851,2003,N,NA,N
4852,2003,N,NA,N
4853,2003,N,NA,N
4854,1996,N,NA,Y
4855,2003,Y,NA,N
4856,2003,Y,NA,N
4857,2003,Y,NA,N
4858,2003,Y,NA,N
4859,2003,Y,NA,N
4860,2003,Y,NA,N
4861,2003,Y,NA,N
4862,2003,N,NA,N
4863,2003,N,NA,N
4864,2001,N,NA,N
4865,2001,N,NA,N
4866,2001,N,NA,N
4867,2001,N,NA,N
4868,2001,N,NA,Y
4869,2001,N,NA,Y
4870,2001,N,NA,N
4871,2002,N,NA,N
4872,2002,N,NA,N
4873,2002,N,NA,N
4874,2002,N,NA,N
4875,2002,N,NA,N
4876,1991,Y,NA,N
4877,1991,Y,NA,N
4878,1991,Y,NA,N
4879,1991,Y,NA,N
4880,1991,Y,NA,N
4881,1993,Y,NA,Y
4882,1993,Y,NA,N
4883,1993,Y,NA,N
4884,1993,Y,NA,N
4885,1994,Y,NA,N
4886,1994,Y,NA,N
4887,1994,Y,NA,N
4888,1994,Y,NA,N
4889,1994,Y,NA,N
4890,1996,Y,NA,N
4891,1996,Y,NA,N
4892,2013,Y,NA,N
4893,2013,Y,NA,N
4894,2013,Y,NA,N
4895,1999,Y,NA,Y
4896,1999,Y,NA,N
4897,1999,Y,NA,N
4898,1999,N,NA,N
4899,1999,N,NA,Y
4900,1999,N,NA,Y
4901,1999,N,NA,N
4902,1999,N,NA,N
4903,1999,N,NA,N
4904,1999,N,NA,N
4905,1999,N,NA,N
4906,1999,N,NA,Y
4907,2000,N,NA,Y
4908,2000,N,NA,Y
4909,2000,N,NA,N
4910,2000,N,NA,N
4911,2000,Y,NA,N
4912,2000,Y,NA,Y
4913,2000,Y,NA,N
4914,2000,Y,NA,N
4915,2000,Y,NA,N
4916,2000,N,NA,N
4917,2001,Y,NA,Y
4918,2001,Y,NA,N
4919,2001,Y,NA,N
4920,2001,Y,NA,N
4921,2001,Y,NA,N
4922,2001,Y,NA,N
4923,2003,N,NA,N
4924,2003,N,NA,N
4925,2003,N,NA,N
4926,2000,N,NA,Y
4927,2004,N,NA,N
4928,2004,N,NA,N
4929,2004,N,NA,N
4930,2004,N,NA,N
4931,2004,N,NA,N
4932,2004,N,NA,N
4933,2004,N,NA,N
4934,2004,N,NA,N
4935,2004,N,NA,N
4936,2004,N,NA,N
4937,2004,N,NA,N
4938,2004,Y,NA,N
4939,2004,Y,NA,N
4940,2004,Y,NA,N
4941,2004,Y,NA,N
4942,2014,N,NA,N
4943,2014,N,NA,N
4944,2014,N,NA,N
4945,2004,Y,NA,N
4946,2004,Y,NA,N
4947,2004,Y,NA,N
4948,2004,Y,NA,N
4949,2004,Y,NA,N
4950,2004,Y,NA,N
4951,2004,Y,NA,N
4952,2004,Y,NA,N
4953,2004,Y,NA,N
4954,2004,Y,NA,N
4955,2004,Y,NA,N
4956,2005,Y,NA,N
4957,2004,N,NA,N
4958,2004,N,NA,N
4959,2004,N,NA,N
4960,2004,N,NA,N
4961,2004,N,NA,N
4962,2005,N,NA,N
4963,2005,N,NA,N
4964,2005,Y,NA,N
4965,2005,Y,NA,N
4966,2005,Y,NA,N
4967,2005,Y,NA,N
4968,2005,Y,NA,N
4969,2005,Y,NA,N
4970,2005,Y,NA,N
4971,2005,Y,NA,N
4972,2005,Y,NA,N
4973,2005,N,NA,N
4974,2005,N,NA,N
4975,2005,N,NA,N
4976,2005,N,NA,N
4977,2005,N,NA,N
4978,2005,N,NA,N
4979,2005,N,NA,N
4980,2005,N,NA,N
4981,2005,N,NA,N
4982,2005,N,NA,N
4983,2005,N,NA,N
4984,2005,N,NA,N
4985,2005,N,NA,N
4986,2005,N,NA,N
4987,2005,N,NA,N
4988,2006,N,NA,N
4989,2006,N,NA,N
4990,2006,N,NA,N
4991,2006,N,NA,N
4992,2006,N,NA,N
4993,2006,N,NA,N
4994,2006,N,NA,N
4995,2006,N,NA,N
4996,2006,N,NA,N
4997,2006,N,NA,N
4998,2006,N,NA,N
4999,2006,N,NA,N
5000,2006,N,NA,N
5001,2006,N,NA,N
5002,2006,N,NA,N
5003,2006,N,NA,N
5004,2006,N,NA,N
5005,2006,N,NA,N
5006,2007,N,NA,N
5007,2007,N,NA,N
5008,2007,N,NA,N
5009,2006,Y,NA,N
5010,2006,Y,NA,N
5011,2006,Y,NA,N
5012,2006,Y,NA,N
5013,2006,Y,NA,N
5014,2006,Y,NA,N
5015,2006,Y,NA,N
5016,2006,Y,NA,N
5017,2006,Y,NA,N
5018,2005,Y,NA,N
5019,2007,Y,NA,N
5020,2007,Y,NA,N
5021,2007,N,NA,N
5022,2007,N,NA,N
5023,2007,N,NA,N
5024,2007,N,NA,N
5025,2007,N,NA,N
5026,2007,N,NA,N
5027,2007,N,NA,N
5028,2007,N,NA,N
5029,2008,N,NA,N
5030,2008,N,NA,N
5031,2008,N,NA,N
5032,2008,N,NA,N
5033,2008,N,NA,N
5034,2008,N,NA,N
5035,2007,Y,NA,N
5036,2007,Y,NA,N
5037,2007,Y,NA,N
5038,2007,Y,NA,N
5039,2007,Y,NA,N
5040,2007,Y,NA,N
5041,2007,Y,NA,N
5042,2007,Y,NA,N
5043,2007,Y,NA,N
5044,2007,Y,NA,N
5045,2007,Y,NA,N
5046,2008,N,NA,N
5047,2008,N,NA,N
5048,2008,Y,NA,N
5049,2008,Y,NA,N
5050,2008,Y,NA,N
5051,2008,Y,NA,N
5052,2008,Y,NA,N
5053,2008,Y,NA,N
5054,2008,Y,NA,N
5055,2008,Y,NA,N
5056,2008,Y,NA,N
5057,2008,Y,NA,N
5058,2008,N,NA,N
5059,2008,N,NA,N
5060,2008,N,NA,N
5061,2008,N,NA,N
5062,2008,N,NA,N
5063,2008,N,NA,N
5064,2008,N,NA,N
5065,2008,N,NA,N
5066,2008,N,NA,N
5067,2008,N,NA,N
5068,2008,N,NA,N
5069,2008,N,NA,N
5070,2008,N,NA,N
5071,2008,N,NA,N
5072,2008,N,NA,N
5073,2008,N,NA,N
5074,2008,N,NA,N
5075,2008,N,NA,N
5076,2008,N,NA,N
5077,2008,N,NA,N
5078,2008,N,NA,N
5079,2008,N,NA,N
5080,2008,N,NA,N
5081,2008,N,NA,N
5082,2008,N,NA,N
5083,2009,N,NA,N
5084,2009,N,NA,N
5085,2009,N,NA,N
5086,2009,N,NA,N
5087,2009,N,NA,N
5088,2009,N,NA,N
5089,2008,Y,NA,N
5090,2008,Y,NA,N
5091,2008,Y,NA,N
5092,2008,Y,NA,N
5093,2008,Y,NA,N
5094,2008,Y,NA,N
5095,2008,Y,NA,N
5096,2008,Y,NA,N
5097,2008,Y,NA,N
5098,2008,Y,NA,N
5099,2008,Y,NA,N
5100,2008,Y,NA,N
5101,2009,Y,NA,N
5102,2009,Y,NA,N
5103,2009,Y,NA,N
5104,2009,Y,NA,N
5105,2009,Y,NA,N
5106,2009,Y,NA,N
5107,2009,Y,NA,N
5108,2009,N,NA,N
5109,2009,N,NA,N
5110,2009,N,NA,N
5111,2009,N,NA,N
5112,2009,N,NA,N
5113,2010,N,NA,N
5114,2010,N,NA,N
5115,2010,N,NA,N
5116,2010,N,NA,N
5117,2010,N,NA,N
5118,2010,N,NA,N
5119,2010,N,NA,N
5120,2010,N,NA,N
5121,2010,N,NA,N
5122,2010,N,NA,N
5123,2010,N,NA,N
5124,2010,N,NA,N
5125,2010,N,NA,N
5126,2010,N,NA,N
5127,2010,N,NA,N
5128,2010,N,NA,N
5129,2010,N,NA,N
5130,2010,N,NA,N
5131,2010,N,NA,N
5132,2010,N,NA,N
5133,2010,N,NA,N
5134,2009,Y,NA,N
5135,2009,Y,NA,N
5136,2010,Y,NA,N
5137,2010,Y,NA,N
5138,2010,Y,NA,N
5139,2010,Y,NA,N
5140,2010,Y,NA,N
5141,2010,Y,NA,N
5142,2010,Y,NA,N
5143,2010,Y,NA,N
5144,2010,Y,NA,N
5145,2010,Y,NA,N
5146,2010,Y,NA,N
5147,2010,Y,NA,N
5148,2010,Y,NA,N
5149,2010,Y,NA,N
5150,2010,N,NA,N
5151,2010,N,NA,N
5152,2010,Y,NA,N
5153,2010,Y,NA,N
5154,2010,Y,NA,N
5155,2010,Y,NA,N
5156,2010,Y,NA,N
5157,2010,Y,NA,N
5158,2010,Y,NA,N
5159,2010,Y,NA,N
5160,2010,N,NA,N
5161,2010,N,NA,N
5162,2010,N,NA,N
5163,2010,N,NA,N
5164,2010,N,NA,N
5165,2010,N,NA,N
5166,2010,N,NA,N
5167,2010,N,NA,N
5168,2010,N,NA,N
5169,2010,N,NA,N
5170,2010,N,NA,N
5171,2010,N,NA,N
5172,2010,N,NA,N
5173,2010,N,NA,N
5174,2010,N,NA,N
5175,2010,N,NA,N
5176,2010,N,NA,N
5177,2010,N,NA,N
5178,2010,N,NA,N
5179,2010,N,NA,N
5180,2011,N,NA,N
5181,2011,N,NA,N
5182,2011,N,NA,N
5183,2011,N,NA,N
5184,2011,N,NA,N
5185,2011,N,NA,N
5186,2011,N,NA,N
5187,2011,N,NA,N
5188,2011,N,NA,N
5189,2011,N,NA,N
5190,2011,N,NA,N
5191,2011,N,NA,N
5192,2011,N,NA,N
5193,2011,N,NA,N
5194,2011,N,NA,N
5195,2011,N,NA,N
5196,2011,N,NA,N
5197,2011,N,NA,N
5198,2011,N,NA,N
5199,2011,N,NA,N
5200,2010,Y,NA,N
5201,2010,Y,NA,N
5202,2010,Y,NA,N
5203,2010,Y,NA,N
5204,2010,Y,NA,N
5205,2010,Y,NA,N
5206,2010,Y,NA,N
5207,2010,N,NA,N
5208,2010,N,NA,N
5209,2010,Y,NA,N
5210,2010,Y,NA,N
5211,2010,Y,NA,N
5212,2010,Y,NA,N
5213,2010,Y,NA,N
5214,2010,Y,NA,N
5215,2010,Y,NA,N
5216,2011,Y,NA,N
5217,2011,Y,NA,N
5218,2011,Y,NA,N
5219,2011,Y,NA,N
5220,2011,Y,NA,N
5221,2011,Y,NA,N
5222,2011,Y,NA,N
5223,2011,Y,NA,N
5224,2011,Y,NA,N
5225,2011,Y,NA,N
5226,2011,Y,NA,N
5227,2011,Y,NA,N
5228,2011,Y,NA,N
5229,2011,Y,NA,N
5230,2011,Y,NA,N
5231,2011,Y,NA,N
5232,2011,Y,NA,N
5233,2011,Y,NA,N
5234,2011,Y,NA,N
5235,2011,Y,NA,N
5236,2011,N,NA,N
5237,2011,N,NA,N
5238,2011,N,NA,N
5239,2011,N,NA,N
5240,2011,N,NA,N
5241,2011,N,NA,N
5242,2011,N,NA,N
5243,2011,N,NA,N
5244,2011,N,NA,N
5245,2011,N,NA,N
5246,2011,N,NA,N
5247,2011,N,NA,N
5248,2011,N,NA,N
5249,2011,N,NA,N
5250,2011,N,NA,N
5251,2011,N,NA,N
5252,2011,N,NA,N
5253,2011,N,NA,N
5254,2011,N,NA,N
5255,2011,N,NA,N
5256,2011,N,NA,N
5257,2011,N,NA,N
5258,2011,N,NA,N
5259,2011,N,NA,N
5260,2011,N,NA,N
5261,2011,N,NA,N
5262,2011,N,NA,N
5263,2012,N,NA,N
5264,2011,N,NA,N
5265,2011,N,NA,N
5266,2011,N,NA,N
5267,2011,N,NA,N
5268,2011,N,NA,N
5269,2011,Y,NA,N
5270,2011,Y,NA,N
5271,2011,Y,NA,N
5272,2011,Y,NA,N
5273,2011,Y,NA,N
5274,2011,Y,NA,N
5275,2011,Y,NA,N
5276,2011,Y,NA,N
5277,2011,Y,NA,N
5278,2011,Y,NA,N
5279,2011,Y,NA,N
5280,2011,Y,NA,N
5281,2012,Y,NA,N
5282,2012,Y,NA,N
5283,2012,Y,NA,N
5284,2012,Y,NA,N
5285,2012,Y,NA,N
5286,2012,Y,NA,N
5287,2012,N,NA,N
5288,2012,N,NA,N
5289,2012,N,NA,N
5290,2012,N,NA,N
5291,2012,N,NA,N
5292,2012,N,NA,N
5293,2012,N,NA,N
5294,2012,N,NA,N
5295,2012,N,NA,N
5296,2012,N,NA,N
5297,2012,N,NA,N
5298,2012,N,NA,N
5299,2012,N,NA,N
5300,2012,N,NA,N
5301,2012,N,NA,N
5302,2012,N,NA,N
5303,2013,N,NA,N
5304,2013,N,NA,N
5305,2013,N,NA,N
5306,2013,N,NA,N
5307,2013,N,NA,N
5308,2013,N,NA,N
5309,2013,N,NA,N
5310,2013,N,NA,N
5311,2013,N,NA,N
5312,2013,N,NA,N
5313,2013,N,NA,N
5314,2013,N,NA,N
5315,2013,N,NA,N
5316,2013,N,NA,N
5317,2013,N,NA,N
5318,2013,N,NA,N
5319,2013,N,NA,N
5320,2013,N,NA,N
5321,2013,Y,NA,N
5322,2013,Y,NA,N
5323,2013,Y,NA,N
5324,2013,Y,NA,N
5325,2013,Y,NA,N
5326,2013,Y,NA,N
5327,2013,Y,NA,N
5328,2013,Y,NA,N
5329,2013,Y,NA,N
5330,2013,Y,NA,N
5331,2013,Y,NA,N
5332,2013,Y,NA,N
5333,2013,Y,NA,N
5334,2013,Y,NA,N
5335,2013,Y,NA,N
5336,2013,N,NA,N
5337,2013,N,NA,N
5338,2013,N,NA,N
5339,2013,N,NA,N
5340,2013,N,NA,N
5341,2013,N,NA,N
5342,2013,N,NA,N
5343,2013,N,NA,N
5344,2013,N,NA,N
5345,2013,N,NA,N
5346,2013,N,NA,N
5347,2013,N,NA,N
5348,2013,N,NA,N
5349,2014,N,NA,N
5350,2014,N,NA,N
5351,2014,N,NA,N
5352,2014,N,NA,N
5353,2014,N,NA,N
5354,2014,N,NA,N
5355,2014,N,NA,N
5356,2014,N,NA,N
5357,2014,N,NA,N
5358,2014,N,NA,N
5359,2014,N,NA,N
5360,2014,N,NA,N
5361,2014,N,NA,N
5362,2014,N,NA,N
5363,2014,N,NA,N
5364,2014,N,NA,N
5365,2014,N,NA,N
5366,2014,N,NA,N
5367,2014,N,NA,N
5368,2014,N,NA,N
5369,2014,N,NA,N
5370,2014,N,NA,N
5371,2014,N,NA,N
5372,2014,N,NA,N
5373,2014,N,NA,N
5374,2014,N,NA,N
5375,2014,N,NA,N
5376,2014,N,NA,N
5377,2014,N,NA,N
5378,2014,N,NA,N
5379,2005,N,NA,N
5380,2007,N,NA,N
5381,2013,N,NA,N
5382,1997,Y,NA,N
5383,1997,Y,NA,N
5384,1997,Y,NA,N
5385,1997,Y,NA,Y
5386,1998,Y,NA,N
5387,1998,Y,NA,N
5388,1998,Y,NA,N
5389,2002,Y,NA,N
5390,2002,N,NA,N
5391,2002,N,NA,N
5392,2003,N,NA,N
5393,2003,N,NA,N
5394,2003,N,NA,N
5395,2003,N,NA,N
5396,2003,N,NA,N
5397,2003,N,NA,N
5398,2003,N,NA,N
5399,2003,N,NA,N
5400,2003,Y,NA,N
5401,2003,Y,NA,N
5402,2003,Y,NA,N
5403,2003,Y,NA,N
5404,2003,Y,NA,N
5405,2003,Y,NA,N
5406,2002,N,NA,N
5407,2002,N,NA,N
5408,2002,N,NA,N
5409,2002,N,NA,N
5410,2013,Y,NA,N
5411,2013,Y,NA,N
5412,2013,Y,NA,N
5413,2013,Y,NA,N
5414,2013,Y,NA,N
5415,2013,Y,NA,N
5416,1999,Y,NA,N
5417,1999,Y,NA,N
5418,1999,Y,NA,N
5419,1999,Y,NA,N
5420,1999,Y,NA,N
5421,1999,Y,NA,N
5422,1999,Y,NA,N
5423,1999,Y,NA,N
5424,1999,N,NA,Y
5425,1999,N,NA,Y
5426,1999,Y,NA,N
5427,1999,Y,NA,N
5428,1999,Y,NA,N
5429,1999,Y,NA,N
5430,2000,Y,NA,N
5431,2000,Y,NA,N
5432,2000,Y,NA,N
5433,2000,Y,NA,N
5434,2000,Y,NA,N
5435,2000,Y,NA,N
5436,2000,Y,NA,N
5437,2000,Y,NA,N
5438,2000,N,NA,N
5439,2000,N,NA,N
5440,2001,Y,NA,N
5441,2001,Y,NA,N
5442,2001,Y,NA,N
5443,2001,Y,NA,N
5444,2001,Y,NA,Y
5445,2001,Y,NA,Y
5446,2001,Y,NA,N
5447,2003,N,NA,N
5448,2003,N,NA,N
5449,2004,N,NA,N
5450,2004,N,NA,N
5451,2004,N,NA,N
5452,2004,N,NA,N
5453,2004,N,NA,N
5454,2004,N,NA,N
5455,2004,N,NA,N
5456,2004,Y,NA,N
5457,2004,Y,NA,N
5458,2004,Y,NA,N
5459,2004,Y,NA,N
5460,2004,Y,NA,N
5461,2004,Y,NA,N
5462,2013,Y,NA,N
5463,2013,Y,NA,N
5464,2013,Y,NA,N
5465,2013,Y,NA,N
5466,2014,N,NA,N
5467,2014,N,NA,N
5468,2004,Y,NA,N
5469,2004,Y,NA,N
5470,2004,Y,NA,N
5471,2004,Y,NA,N
5472,2004,Y,NA,N
5473,2004,Y,NA,N
5474,2005,N,NA,N
5475,2005,N,NA,N
5476,2005,N,NA,N
5477,2005,N,NA,N
5478,2005,N,NA,N
5479,2005,N,NA,N
5480,2005,Y,NA,N
5481,2005,Y,NA,N
5482,2005,Y,NA,N
5483,2005,Y,NA,N
5484,2005,Y,NA,N
5485,2005,Y,NA,N
5486,2005,Y,NA,N
5487,2005,N,NA,N
5488,2005,N,NA,N
5489,2005,N,NA,N
5490,2005,N,NA,N
5491,2005,N,NA,N
5492,2005,N,NA,N
5493,2005,N,NA,N
5494,2005,N,NA,N
5495,2006,N,NA,N
5496,2006,N,NA,N
5497,2006,N,NA,N
5498,2006,Y,NA,N
5499,2006,Y,NA,N
5500,2006,Y,NA,N
5501,2006,Y,NA,N
5502,2006,Y,NA,N
5503,2006,Y,NA,N
5504,2006,N,NA,N
5505,2006,N,NA,N
5506,2006,N,NA,N
5507,2007,N,NA,N
5508,2007,N,NA,N
5509,2007,N,NA,N
5510,2007,N,NA,N
5511,2006,Y,NA,N
5512,2006,Y,NA,N
5513,2006,Y,NA,N
5514,2007,Y,NA,N
5515,2007,Y,NA,N
5516,2007,Y,NA,N
5517,2007,Y,NA,N
5518,2007,Y,NA,N
5519,2008,N,NA,N
5520,2008,N,NA,N
5521,2008,N,NA,N
5522,2008,N,NA,N
5523,2007,Y,NA,N
5524,2007,Y,NA,N
5525,2007,Y,NA,N
5526,2008,Y,NA,N
5527,2008,Y,NA,N
5528,2008,Y,NA,N
5529,2008,Y,NA,N
5530,2008,Y,NA,N
5531,2008,Y,NA,N
5532,2008,Y,NA,N
5533,2008,Y,NA,N
5534,2008,Y,NA,N
5535,2008,Y,NA,N
5536,2008,Y,NA,N
5537,2008,Y,NA,N
5538,2008,Y,NA,N
5539,2008,N,NA,N
5540,2008,N,NA,N
5541,2008,N,NA,N
5542,2008,N,NA,N
5543,2009,N,NA,N
5544,2009,N,NA,N
5545,2009,N,NA,N
5546,2009,N,NA,N
5547,2009,N,NA,N
5548,2008,Y,NA,N
5549,2008,Y,NA,N
5550,2008,Y,NA,N
5551,2008,Y,NA,N
5552,2008,Y,NA,N
5553,2008,Y,NA,N
5554,2009,Y,NA,N
5555,2009,Y,NA,N
5556,2009,Y,NA,N
5557,2009,Y,NA,N
5558,2009,Y,NA,N
5559,2009,Y,NA,N
5560,2009,Y,NA,N
5561,2009,Y,NA,N
5562,2009,Y,NA,N
5563,2010,N,NA,N
5564,2010,N,NA,N
5565,2010,N,NA,N
5566,2010,N,NA,N
5567,2009,Y,NA,N
5568,2009,Y,NA,N
5569,2009,Y,NA,N
5570,2010,Y,NA,N
5571,2010,Y,NA,N
5572,2010,Y,NA,N
5573,2010,Y,NA,N
5574,2013,Y,NA,N
5575,2013,Y,NA,N
5576,2013,Y,NA,N
5577,2013,N,NA,N
5578,2013,N,NA,N
5579,2013,N,NA,N
5580,2013,N,NA,N
5581,2010,Y,NA,N
5582,2010,Y,NA,N
5583,2010,Y,NA,N
5584,2010,Y,NA,N
5585,2010,Y,NA,N
5586,2010,Y,NA,N
5587,2010,Y,NA,N
5588,2010,Y,NA,N
5589,2010,Y,NA,N
5590,2010,Y,NA,N
5591,2010,Y,NA,N
5592,2010,Y,NA,N
5593,2010,N,NA,N
5594,2010,N,NA,N
5595,2010,N,NA,N
5596,2011,Y,NA,N
5597,2011,Y,NA,N
5598,2011,Y,NA,N
5599,2011,Y,NA,N
5600,2011,Y,NA,N
5601,2011,Y,NA,N
5602,2011,Y,NA,N
5603,2011,Y,NA,N
5604,2011,Y,NA,N
5605,2011,Y,NA,N
5606,2011,Y,NA,N
5607,2011,Y,NA,N
5608,2011,Y,NA,N
5609,2011,N,NA,N
5610,2011,N,NA,N
5611,2011,N,NA,N
5612,2011,N,NA,N
5613,2011,N,NA,N
5614,2011,N,NA,N
5615,2011,N,NA,N
5616,2011,N,NA,N
5617,2011,N,NA,N
5618,2011,N,NA,N
5619,2012,N,NA,N
5620,2011,Y,NA,N
5621,2011,Y,NA,N
5622,2011,Y,NA,N
5623,2011,Y,NA,N
5624,2011,Y,NA,N
5625,2011,Y,NA,N
5626,2011,Y,NA,N
5627,2011,Y,NA,N
5628,2011,Y,NA,N
5629,2011,Y,NA,N
5630,2011,Y,NA,N
5631,2011,Y,NA,N
5632,2011,Y,NA,N
5633,2011,Y,NA,N
5634,2011,Y,NA,N
5635,2012,Y,NA,N
5636,2012,Y,NA,N
5637,2012,Y,NA,N
5638,2004,Y,NA,N
5639,2012,N,NA,N
5640,2012,N,NA,N
5641,2012,N,NA,N
5642,2012,N,NA,N
5643,2013,N,NA,N
5644,2013,N,NA,N
5645,2013,N,NA,N
5646,2013,N,NA,N
5647,2013,N,NA,N
5648,2013,N,NA,N
5649,2013,N,NA,N
5650,2013,N,NA,N
5651,2013,N,NA,N
5652,2013,Y,NA,N
5653,2013,Y,NA,N
5654,2013,Y,NA,N
5655,2013,Y,NA,N
5656,2013,Y,NA,N
5657,2013,Y,NA,N
5658,2013,Y,NA,N
5659,2013,Y,NA,N
5660,2013,Y,NA,N
5661,2013,Y,NA,N
5662,2013,N,NA,N
5663,2013,N,NA,N
5664,2013,N,NA,N
5665,2013,N,NA,N
5666,2013,N,NA,N
5667,2013,N,NA,N
5668,2013,N,NA,N
5669,2013,N,NA,N
5670,2013,N,NA,N
5671,2013,N,NA,N
5672,2013,N,NA,N
5673,2013,N,NA,N
5674,2013,N,NA,N
5675,2013,N,NA,N
5676,2013,N,NA,N
5677,2014,N,NA,N
5678,2014,N,NA,N
5679,2014,N,NA,N
5680,2014,N,NA,N
5681,2014,N,NA,N
5682,2014,N,NA,N
5683,2014,N,NA,N
5684,2014,N,NA,N
5685,2014,N,NA,N
5686,2014,N,NA,N
5687,2014,N,NA,N
5688,2014,N,NA,N
5689,2014,N,NA,N
5690,2014,N,NA,N
5691,2014,N,NA,N
5692,2014,N,NA,N
5693,2014,N,NA,N
5694,2014,N,NA,N
5695,2006,N,NA,N
5696,2007,N,NA,N
5697,2013,N,NA,N
5698,2004,Y,NA,N
5699,2003,Y,NA,N
5700,2005,Y,NA,N
5701,2013,Y,NA,N
5702,1992,Y,NA,N
5703,2002,Y,NA,N
5704,2002,Y,NA,N
5705,2002,Y,NA,N
5706,2002,Y,NA,N
5707,2002,Y,NA,N
5708,2002,Y,NA,N
5709,2002,Y,NA,N
5710,2002,Y,NA,N
5711,2002,N,NA,N
5712,2002,N,NA,N
5713,2002,N,NA,N
5714,2002,N,NA,N
5715,2002,Y,NA,N
5716,2002,Y,NA,N
5717,2002,Y,NA,N
5718,2002,Y,NA,N
5719,2002,Y,NA,N
5720,2003,N,NA,N
5721,2003,N,NA,N
5722,2003,Y,NA,N
5723,2003,Y,NA,N
5724,2003,Y,NA,N
5725,2003,Y,NA,N
5726,2003,Y,NA,N
5727,2001,N,NA,N
5728,2001,N,NA,N
5729,2001,N,NA,N
5730,2001,N,NA,N
5731,2001,N,NA,N
5732,2001,N,NA,Y
5733,1998,Y,NA,N
5734,1998,Y,NA,N
5735,1998,Y,NA,N
5736,1998,Y,NA,N
5737,2004,Y,NA,N
5738,2004,Y,NA,N
5739,2004,Y,NA,N
5740,2013,Y,NA,N
5741,2013,Y,NA,N
5742,2013,Y,NA,N
5743,2013,Y,NA,N
5744,2013,Y,NA,N
5745,2013,Y,NA,N
5746,2013,Y,NA,N
5747,2013,Y,NA,N
5748,2013,Y,NA,N
5749,2014,N,NA,N
5750,2014,N,NA,N
5751,2004,Y,NA,N
5752,2004,Y,NA,N
5753,2004,Y,NA,N
5754,2004,N,NA,N
5755,2004,N,NA,N
5756,2005,N,NA,N
5757,2005,N,NA,N
5758,2005,N,NA,N
5759,2005,Y,NA,N
5760,2005,Y,NA,N
5761,2005,Y,NA,N
5762,2005,Y,NA,N
5763,2005,Y,NA,N
5764,2005,Y,NA,N
5765,2005,Y,NA,N
5766,2005,N,NA,N
5767,2005,N,NA,N
5768,2005,Y,NA,N
5769,2005,Y,NA,N
5770,2006,Y,NA,N
5771,2006,Y,NA,N
5772,2006,Y,NA,N
5773,2006,N,NA,N
5774,2006,N,NA,N
5775,2006,N,NA,N
5776,2006,N,NA,N
5777,2006,N,NA,N
5778,2006,Y,NA,N
5779,2006,Y,NA,N
5780,2006,Y,NA,N
5781,2006,Y,NA,N
5782,2006,Y,NA,N
5783,2006,Y,NA,N
5784,2006,Y,NA,N
5785,2006,Y,NA,N
5786,2006,Y,NA,N
5787,2007,Y,NA,N
5788,2007,Y,NA,N
5789,2007,Y,NA,N
5790,2007,Y,NA,N
5791,2007,N,NA,N
5792,2007,N,NA,N
5793,2007,Y,NA,N
5794,2007,Y,NA,N
5795,2007,Y,NA,N
5796,2007,Y,NA,N
5797,2008,Y,NA,N
5798,2008,Y,NA,N
5799,2008,Y,NA,N
5800,2008,Y,NA,N
5801,2008,Y,NA,N
5802,2008,Y,NA,N
5803,2008,Y,NA,N
5804,2008,Y,NA,N
5805,2008,N,NA,N
5806,2008,N,NA,N
5807,2008,N,NA,N
5808,2008,Y,NA,N
5809,2008,Y,NA,N
5810,2008,Y,NA,N
5811,2008,Y,NA,N
5812,2008,Y,NA,N
5813,2008,Y,NA,N
5814,2008,Y,NA,N
5815,2009,Y,NA,N
5816,2009,Y,NA,N
5817,2009,Y,NA,N
5818,2009,Y,NA,N
5819,2009,Y,NA,N
5820,2009,Y,NA,N
5821,2010,N,NA,N
5822,2010,N,NA,N
5823,2010,N,NA,N
5824,2010,N,NA,N
5825,2010,N,NA,N
5826,2010,N,NA,N
5827,2010,N,NA,N
5828,2010,N,NA,N
5829,2009,Y,NA,N
5830,2010,Y,NA,N
5831,2010,Y,NA,N
5832,2010,Y,NA,N
5833,2010,Y,NA,N
5834,2010,Y,NA,N
5835,2013,Y,NA,N
5836,2013,Y,NA,N
5837,2010,Y,NA,N
5838,2010,Y,NA,N
5839,2010,Y,NA,N
5840,2010,N,NA,N
5841,2010,N,NA,N
5842,2010,N,NA,N
5843,2010,N,NA,N
5844,2010,N,NA,N
5845,2011,N,NA,N
5846,2011,N,NA,N
5847,2011,N,NA,N
5848,2011,N,NA,N
5849,2011,N,NA,N
5850,2010,Y,NA,N
5851,2010,Y,NA,N
5852,2010,Y,NA,N
5853,2010,Y,NA,N
5854,2010,Y,NA,N
5855,2011,N,NA,N
5856,2011,N,NA,N
5857,2011,N,NA,N
5858,2011,Y,NA,N
5859,2011,Y,NA,N
5860,2011,Y,NA,N
5861,2011,Y,NA,N
5862,2011,Y,NA,N
5863,2011,Y,NA,N
5864,2011,Y,NA,N
5865,2011,Y,NA,N
5866,2011,Y,NA,N
5867,2011,Y,NA,N
5868,2011,N,NA,N
5869,2011,N,NA,N
5870,2011,N,NA,N
5871,2011,N,NA,N
5872,2011,N,NA,N
5873,2011,N,NA,N
5874,2011,Y,NA,N
5875,2011,Y,NA,N
5876,2011,Y,NA,N
5877,2011,Y,NA,N
5878,2011,Y,NA,N
5879,2011,Y,NA,N
5880,2011,Y,NA,N
5881,2011,Y,NA,N
5882,2011,Y,NA,N
5883,2011,N,NA,N
5884,2011,Y,NA,N
5885,2011,Y,NA,N
5886,2011,Y,NA,N
5887,2011,Y,NA,N
5888,2012,Y,NA,N
5889,2012,Y,NA,N
5890,2012,Y,NA,N
5891,2012,Y,NA,N
5892,2012,Y,NA,N
5893,2012,Y,NA,N
5894,2012,Y,NA,N
5895,2012,Y,NA,N
5896,2012,Y,NA,N
5897,2012,Y,NA,N
5898,2012,N,NA,N
5899,2012,N,NA,N
5900,2013,Y,NA,N
5901,2013,Y,NA,N
5902,2013,Y,NA,N
5903,2013,Y,NA,N
5904,2013,Y,NA,N
5905,2013,Y,NA,N
5906,2013,Y,NA,N
5907,2013,Y,NA,N
5908,2013,Y,NA,N
5909,2013,Y,NA,N
5910,2013,Y,NA,N
5911,2013,Y,NA,N
5912,2013,Y,NA,N
5913,2013,Y,NA,N
5914,2013,Y,NA,N
5915,2013,Y,NA,N
5916,2013,Y,NA,N
5917,2013,Y,NA,N
5918,2013,Y,NA,N
5919,2013,Y,NA,N
5920,2013,N,NA,N
5921,2013,N,NA,N
5922,2013,N,NA,N
5923,2013,N,NA,N
5924,2013,N,NA,N
5925,2013,N,NA,N
5926,2013,N,NA,N
5927,2013,N,NA,N
5928,2013,N,NA,N
5929,2013,N,NA,N
5930,2013,N,NA,N
5931,2013,N,NA,N
5932,2013,N,NA,N
5933,2013,N,NA,N
5934,2013,N,NA,N
5935,2013,N,NA,N
5936,2013,N,NA,N
5937,2013,N,NA,N
5938,2014,N,NA,N
5939,2014,N,NA,N
5940,2014,N,NA,N
5941,2014,N,NA,N
5942,2014,N,NA,N
5943,2010,Y,NA,N
5944,2013,Y,NA,N
5945,2013,N,NA,N
5946,NA,N,NA,N
5947,NA,N,NA,N
5948,1990,Y,NA,N
5949,1990,Y,NA,Y
5950,1993,Y,NA,N
5951,1993,Y,NA,N
5952,1993,Y,NA,N
5953,1993,Y,NA,N
5954,1994,Y,NA,N
5955,1994,Y,NA,N
5956,1994,Y,NA,N
5957,1994,Y,NA,N
5958,NA,N,NA,Y
5959,NA,N,NA,N
5960,2004,N,NA,N
5961,2008,N,NA,N
5962,2008,N,NA,N
5963,2008,N,NA,N
5964,NA,N,NA,N
5965,NA,N,NA,N
5966,2011,N,NA,N
5967,2011,N,NA,N
5968,NA,N,NA,N
5969,NA,N,NA,N
5970,2009,N,NA,N
5971,2009,N,NA,N
5972,2009,N,NA,N
5973,2009,N,NA,N
5974,2010,N,NA,N
5975,2010,N,NA,N
5976,2010,N,NA,N
5977,2010,N,NA,N
5978,2011,N,NA,N
5979,2011,N,NA,N
5980,2011,N,NA,N
5981,2011,N,NA,N
5982,2008,N,NA,N
5983,2008,N,NA,N
5984,NA,N,NA,N
5985,2006,N,NA,N
5986,2006,N,NA,N
5987,NA,N,NA,N
5988,NA,N,NA,N
5989,2008,N,NA,N
5990,NA,N,NA,N
5991,2010,N,NA,N
5992,2010,N,NA,N
5993,2011,N,NA,N
5994,2011,N,NA,N
5995,2008,N,NA,N
5996,2010,N,NA,N
5997,NA,N,NA,N
5998,NA,N,NA,N
5999,NA,N,NA,N
6000,NA,N,NA,Y
6001,1993,Y,NA,Y
6002,1993,Y,NA,N
6003,1994,Y,NA,N
6004,1994,Y,NA,N
6005,1995,Y,NA,N
6006,1995,Y,NA,Y
6007,1995,Y,NA,N
6008,1996,Y,NA,N
6009,1996,Y,NA,Y
6010,1999,N,NA,N
6011,2000,Y,NA,N
6012,2000,Y,NA,N
6013,2000,Y,NA,Y
6014,2000,Y,NA,N
6015,2000,N,NA,Y
6016,2000,N,NA,N
6017,2000,N,NA,N
6018,2001,Y,NA,N
6019,2001,Y,NA,N
6020,2001,Y,NA,N
6021,2001,Y,NA,N
6022,2004,N,NA,N
6023,NA,N,NA,N
6024,2006,N,NA,N
6025,2006,N,NA,N
6026,2006,N,NA,N
6027,2007,N,NA,N
6028,2007,N,NA,N
6029,NA,N,NA,N
6030,2008,N,NA,N
6031,2000,N,NA,Y
6032,NA,N,NA,N
6033,NA,N,NA,N
6034,NA,N,NA,N
6035,2011,Y,NA,N
6036,2011,Y,NA,N
6037,NA,N,NA,N
6038,NA,N,NA,N
6039,NA,N,NA,N
6040,NA,N,NA,N
6041,2013,Y,NA,N
6042,2014,N,NA,N
6043,2014,N,NA,N
6044,2014,N,NA,N
6045,2014,N,NA,N
6046,2014,N,NA,N
6047,2002,N,NA,N
6048,2002,N,NA,N
6049,2002,N,NA,N
6050,2003,N,NA,N
6051,2003,N,NA,N
6052,2003,N,NA,N
6053,2003,N,NA,N
6054,1996,Y,NA,Y
6055,2003,Y,NA,N
6056,2003,Y,NA,N
6057,2003,Y,NA,N
6058,2001,N,NA,N
6059,2001,N,NA,N
6060,2001,N,NA,N
6061,2001,N,NA,N
6062,2001,N,NA,N
6063,2002,N,NA,N
6064,2002,N,NA,N
6065,2002,N,NA,N
6066,2002,N,NA,N
6067,1999,N,NA,N
6068,1999,N,NA,N
6069,1999,N,NA,N
6070,1997,N,NA,N
6071,2000,N,NA,N
6072,2000,N,NA,Y
6073,2004,N,NA,N
6074,2004,N,NA,N
6075,2004,N,NA,N
6076,2004,Y,NA,N
6077,2004,Y,NA,N
6078,2004,Y,NA,N
6079,2013,Y,NA,N
6080,2004,Y,NA,N
6081,2004,Y,NA,N
6082,2004,Y,NA,N
6083,2004,Y,NA,N
6084,2004,Y,NA,N
6085,2005,N,NA,N
6086,2005,N,NA,N
6087,2005,Y,NA,N
6088,2005,Y,NA,N
6089,2005,Y,NA,N
6090,2006,N,NA,N
6091,2006,N,NA,N
6092,2006,N,NA,N
6093,2006,Y,NA,N
6094,2006,Y,NA,N
6095,2006,Y,NA,N
6096,2006,Y,NA,N
6097,2006,Y,NA,N
6098,2006,Y,NA,N
6099,2006,Y,NA,N
6100,2008,Y,NA,N
6101,2008,Y,NA,N
6102,2008,Y,NA,N
6103,2008,Y,NA,N
6104,2009,Y,NA,N
6105,2009,Y,NA,N
6106,2009,Y,NA,N
6107,2010,N,NA,N
6108,2010,Y,NA,N
6109,2010,Y,NA,N
6110,2010,Y,NA,N
6111,2010,Y,NA,N
6112,2010,Y,NA,N
6113,2010,Y,NA,N
6114,2011,Y,NA,N
6115,2011,Y,NA,N
6116,2013,Y,NA,N
6117,2013,Y,NA,N
6118,2013,Y,NA,N
6119,2014,N,NA,N
6120,2014,N,NA,N
6121,2014,N,NA,N
6122,2002,N,NA,N
6123,2002,N,NA,N
6124,2002,N,NA,N
6125,2002,Y,NA,N
6126,2002,Y,NA,N
6127,2003,N,NA,N
6128,2003,N,NA,N
6129,2003,N,NA,N
6130,2003,Y,NA,N
6131,2003,Y,NA,N
6132,2003,Y,NA,N
6133,1991,Y,NA,Y
6134,1991,Y,NA,N
6135,1993,Y,NA,N
6136,1993,Y,NA,N
6137,1993,Y,NA,N
6138,1993,Y,NA,N
6139,1995,Y,NA,N
6140,1996,Y,NA,Y
6141,1996,Y,NA,N
6142,1996,Y,NA,N
6143,1999,Y,NA,N
6144,1999,Y,NA,Y
6145,2000,Y,NA,Y
6146,2004,N,NA,N
6147,2004,N,NA,N
6148,2004,N,NA,N
6149,2004,Y,NA,N
6150,2005,N,NA,N
6151,2005,N,NA,N
6152,2005,N,NA,N
6153,2005,N,NA,N
6154,2006,Y,NA,N
6155,2006,Y,NA,N
6156,2006,Y,NA,N
6157,2006,N,NA,N
6158,2006,Y,NA,N
6159,2006,Y,NA,N
6160,2006,Y,NA,N
6161,2007,N,NA,N
6162,2007,N,NA,N
6163,2007,N,NA,N
6164,2007,Y,NA,N
6165,2007,Y,NA,N
6166,2007,Y,NA,N
6167,2007,Y,NA,N
6168,2007,Y,NA,N
6169,2007,Y,NA,N
6170,2008,Y,NA,N
6171,2008,Y,NA,N
6172,2008,Y,NA,N
6173,2008,Y,NA,N
6174,2008,Y,NA,N
6175,2008,Y,NA,N
6176,2008,Y,NA,N
6177,2008,Y,NA,N
6178,2008,Y,NA,N
6179,2008,Y,NA,N
6180,2009,Y,NA,N
6181,2009,Y,NA,N
6182,2009,Y,NA,N
6183,2002,Y,NA,N
6184,2010,Y,NA,N
6185,2010,Y,NA,N
6186,2011,Y,NA,N
6187,2011,Y,NA,N
6188,2011,Y,NA,N
6189,2011,N,NA,N
6190,2011,Y,NA,N
6191,2011,Y,NA,N
6192,2011,Y,NA,N
6193,2011,Y,NA,N
6194,2011,Y,NA,N
6195,2011,Y,NA,N
6196,2011,Y,NA,N
6197,2012,Y,NA,N
6198,2012,Y,NA,N
6199,2014,N,NA,N
6200,2014,N,NA,N
6201,2014,N,NA,N
6202,2014,N,NA,N
6203,2014,N,NA,N
6204,2014,N,NA,N
6205,2014,N,NA,N
6206,2014,N,NA,N
6207,2002,Y,NA,N
6208,2013,Y,NA,N
6209,2013,Y,NA,N
6210,2013,Y,NA,N
6211,2013,Y,NA,N
6212,2013,Y,NA,N
6213,2013,Y,NA,N
6214,2004,Y,NA,N
6215,2004,Y,NA,N
6216,2004,N,NA,N
6217,2004,N,NA,N
6218,2004,N,NA,N
6219,2005,N,NA,N
6220,2005,N,NA,N
6221,2006,Y,NA,N
6222,2006,Y,NA,N
6223,2006,N,NA,N
6224,2006,N,NA,N
6225,2006,N,NA,N
6226,2006,N,NA,N
6227,2006,N,NA,N
6228,2006,N,NA,N
6229,2006,N,NA,N
6230,2007,Y,NA,N
6231,2007,Y,NA,N
6232,2008,N,NA,N
6233,2008,N,NA,N
6234,2008,N,NA,N
6235,2011,Y,NA,N
6236,2011,Y,NA,N
6237,2012,Y,NA,N
6238,2010,Y,NA,N
6239,2010,Y,NA,N
6240,2011,Y,NA,N
6241,2011,Y,NA,N
6242,2011,Y,NA,N
6243,2014,N,NA,N
6244,2014,N,NA,N
6245,2014,N,NA,N
6246,2014,N,NA,N
6247,2014,N,NA,N
6248,2014,N,NA,N
6249,2014,N,NA,N
6250,2013,Y,NA,N
6251,2013,Y,NA,N
6252,2013,Y,NA,N
6253,2013,Y,NA,N
6254,NA,N,NA,N
6255,2008,N,NA,N
6256,2008,N,NA,N
6257,NA,N,NA,N
6258,2010,N,NA,N
6259,2004,N,NA,N
6260,2007,N,NA,N
6261,2007,N,NA,N
6262,2008,N,NA,N
6263,2008,N,NA,N
6264,2008,N,NA,N
6265,2008,N,NA,N
6266,NA,N,2005,N
6267,NA,N,1996,N
6268,NA,N,2004,N
6269,NA,N,1993,N
6270,NA,N,2001,N
6271,NA,N,2001,N
6272,NA,N,2002,N
6273,NA,N,1999,N
6274,NA,N,2000,Y
6275,NA,N,1992,N
6276,NA,N,1991,N
6277,NA,N,1991,N
6278,NA,N,1991,N
6279,NA,N,1991,N
6280,NA,N,1993,N
6281,NA,N,1995,N
6282,NA,N,1995,Y
6283,NA,N,1996,N
6284,NA,N,1995,Y
6285,NA,N,1996,N
6286,NA,N,NA,N
6287,NA,N,NA,N
6288,NA,N,NA,N
6289,1990,N,NA,N
6290,NA,N,NA,N
6291,NA,N,NA,N
6292,NA,N,NA,N
6293,NA,N,NA,Y
6294,1991,N,NA,N
6295,1991,N,NA,N
6296,1990,N,NA,N
6297,1990,N,NA,N
6298,1990,N,NA,N
6299,NA,N,NA,N
6300,NA,N,NA,N
6301,1990,N,NA,N
6302,1990,N,NA,N
6303,1990,N,NA,N
6304,NA,N,1996,N
6305,NA,N,1996,N
6306,NA,N,1997,N
6307,NA,N,1996,Y
6308,NA,N,2000,Y
6309,NA,N,1996,Y
6310,1998,Y,NA,N
6311,1998,Y,NA,N
6312,2000,Y,NA,N
6313,2000,Y,NA,N
6314,2000,Y,NA,N
6315,2000,Y,NA,N
6316,2002,Y,NA,N
6317,2002,Y,NA,N
6318,NA,N,1991,N
6319,NA,N,1997,Y
6320,NA,N,1998,Y
6321,1999,N,NA,N
6322,NA,N,NA,N
6323,NA,N,NA,N
6324,NA,N,NA,N
6325,NA,N,NA,N
6326,NA,N,NA,Y
6327,NA,N,NA,N
6328,NA,N,NA,N
6329,NA,N,NA,N
6330,NA,N,NA,Y
6331,NA,N,NA,Y
6332,NA,N,NA,Y
6333,NA,N,NA,Y
6334,NA,N,NA,N
6335,NA,N,NA,N
6336,NA,N,NA,Y
6337,NA,N,NA,N
6338,NA,N,NA,N
6339,NA,N,NA,N
6340,NA,N,NA,N
6341,NA,N,NA,Y
6342,NA,N,NA,N
6343,NA,N,NA,N
6344,NA,N,NA,N
6345,NA,N,NA,N
6346,NA,N,NA,N
6347,NA,N,NA,N
6348,NA,N,NA,N
6349,NA,N,NA,N
6350,NA,N,NA,N
6351,NA,N,2000,Y
6352,NA,N,2000,Y
6353,NA,N,2000,N
6354,NA,N,2000,Y
6355,NA,N,2001,Y
6356,2002,N,NA,N
6357,2002,N,NA,N
6358,2002,N,NA,N
6359,NA,N,2001,N
6360,NA,N,2001,N
6361,NA,N,2002,N
6362,NA,N,2002,N
6363,NA,N,2000,N
6364,NA,N,2001,N
6365,NA,N,2002,N
6366,NA,N,2000,N
6367,NA,N,2001,N
6368,NA,N,2002,N
6369,NA,N,2002,N
6370,NA,N,2002,N
6371,NA,N,2002,N
6372,NA,N,2001,N
6373,NA,N,2001,Y
6374,NA,N,2001,N
6375,NA,N,2001,N
6376,NA,N,2002,N
6377,NA,N,2001,N
6378,NA,N,1999,Y
6379,NA,N,2000,N
6380,NA,N,1999,Y
6381,NA,N,2000,N
6382,NA,N,2000,N
6383,NA,N,1999,Y
6384,NA,N,2000,N
6385,NA,N,1999,Y
6386,NA,N,1999,N
6387,NA,N,2000,Y
6388,NA,N,2001,Y
6389,NA,N,2001,N
6390,NA,N,2000,N
6391,NA,N,2000,N
6392,NA,N,2001,Y
6393,NA,N,1999,Y
6394,NA,N,1996,Y
6395,NA,N,1995,Y
6396,1998,N,NA,Y
6397,2002,N,NA,N
6398,2002,N,NA,N
6399,NA,N,1996,N
6400,NA,N,1994,Y
6401,NA,N,1997,N
6402,NA,N,1996,N
6403,NA,N,1996,Y
6404,NA,N,1994,Y
6405,NA,N,1994,Y
6406,1999,Y,NA,N
6407,1999,Y,NA,N
6408,1999,Y,NA,N
6409,1996,Y,NA,N
6410,1996,Y,NA,N
6411,1996,Y,NA,N
6412,NA,N,1997,N
6413,NA,N,1997,N
6414,NA,N,1996,N
6415,NA,N,1996,N
6416,NA,N,1997,N
6417,NA,N,1997,N
6418,NA,N,1996,N
6419,NA,N,1996,N
6420,NA,N,1997,N
6421,NA,N,1997,N
6422,NA,N,1996,N
6423,NA,N,1997,N
6424,NA,N,1997,N
6425,NA,N,1997,Y
6426,NA,N,1996,N
6427,NA,N,1996,N
6428,NA,N,1996,N
6429,NA,N,1997,N
6430,NA,N,1997,N
6431,NA,N,1996,N
6432,NA,N,1996,Y
6433,NA,N,1997,Y
6434,NA,N,1996,N
6435,NA,N,1996,N
6436,NA,N,1996,N
6437,NA,N,1997,N
6438,NA,N,1997,Y
6439,NA,N,1996,N
6440,NA,N,1996,N
6441,NA,N,1996,Y
6442,NA,N,1996,Y
6443,NA,N,1997,Y
6444,1999,N,NA,N
6445,1999,N,NA,N
6446,1999,N,NA,N
6447,1999,N,NA,N
6448,NA,N,1996,N
6449,NA,N,1996,Y
6450,NA,N,1996,Y
6451,NA,N,1996,Y
6452,NA,N,1996,N
6453,NA,N,NA,N
6454,NA,N,NA,N
6455,NA,N,NA,N
6456,NA,N,NA,N
6457,NA,N,1991,Y
6458,NA,N,NA,Y
6459,NA,N,NA,N
6460,NA,N,NA,Y
6461,1993,N,NA,N
6462,1993,N,NA,N
6463,1993,N,NA,N
6464,1993,N,NA,N
6465,1994,N,NA,N
6466,1994,N,NA,N
6467,1994,N,NA,N
6468,1994,N,NA,N
6469,NA,N,NA,N
6470,NA,N,1991,N
6471,NA,N,1991,N
6472,NA,N,NA,N
6473,NA,N,1991,N
6474,NA,N,1991,N
6475,NA,N,NA,N
6476,NA,N,NA,N
6477,NA,N,1991,Y
6478,NA,N,NA,N
6479,NA,N,1991,N
6480,NA,N,NA,Y
6481,NA,N,NA,N
6482,NA,N,NA,N
6483,NA,N,1991,N
6484,NA,N,1991,N
6485,NA,N,1991,N
6486,NA,N,1991,N
6487,NA,N,NA,N
6488,NA,N,NA,N
6489,NA,N,NA,N
6490,NA,N,NA,N
6491,NA,N,NA,N
6492,NA,N,NA,N
6493,NA,N,NA,N
6494,NA,N,1991,N
6495,NA,N,NA,N
6496,NA,N,1991,N
6497,NA,N,NA,N
6498,NA,N,NA,N
6499,NA,N,1991,N
6500,NA,N,NA,N
6501,NA,N,NA,Y
6502,NA,N,NA,Y
6503,NA,N,NA,Y
6504,NA,N,NA,Y
6505,1993,N,NA,N
6506,1993,N,NA,N
6507,1993,N,NA,N
6508,1992,N,NA,N
6509,1992,N,NA,N
6510,1992,N,NA,N
6511,NA,N,NA,Y
6512,NA,N,NA,N
6513,NA,N,1991,N
6514,NA,N,1991,N
6515,NA,N,1991,N
6516,NA,N,NA,N
6517,NA,N,NA,N
6518,NA,N,NA,N
6519,1990,N,NA,N
6520,1991,N,NA,N
6521,1991,N,NA,N
6522,NA,N,NA,N
6523,NA,N,NA,Y
6524,NA,N,NA,N
6525,NA,N,NA,N
6526,NA,N,NA,N
6527,NA,N,NA,Y
6528,NA,N,NA,N
6529,NA,N,NA,N
6530,NA,N,NA,N
6531,NA,N,NA,Y
6532,NA,N,NA,N
6533,NA,N,NA,N
6534,NA,N,NA,N
6535,NA,N,NA,N
6536,NA,N,NA,N
6537,NA,N,NA,N
6538,NA,N,NA,Y
6539,NA,N,NA,Y
6540,1993,N,NA,N
6541,1993,N,NA,N
6542,1993,N,NA,N
6543,1993,N,NA,N
6544,1993,N,NA,N
6545,1991,N,NA,N
6546,1991,N,NA,N
6547,1992,N,NA,N
6548,1992,N,NA,N
6549,NA,N,NA,Y
6550,NA,N,NA,N
6551,NA,N,NA,Y
6552,NA,N,NA,Y
6553,NA,N,NA,Y
6554,NA,N,1992,Y
6555,1993,N,NA,N
6556,1993,N,NA,N
6557,NA,N,NA,N
6558,NA,N,NA,N
6559,NA,N,NA,N
6560,NA,N,NA,Y
6561,NA,N,NA,Y
6562,NA,N,NA,N
6563,NA,N,NA,Y
6564,NA,N,NA,Y
6565,1991,N,NA,N
6566,1991,N,NA,N
6567,NA,N,NA,N
6568,NA,N,1991,N
6569,NA,N,1991,N
6570,NA,N,NA,Y
6571,NA,N,1991,Y
6572,1993,N,NA,N
6573,NA,N,1991,Y
6574,NA,N,1992,N
6575,NA,N,1992,Y
6576,NA,N,1992,N
6577,NA,N,1992,Y
6578,NA,N,1991,N
6579,NA,N,1991,N
6580,NA,N,1991,N
6581,NA,N,1991,N
6582,NA,N,1991,Y
6583,NA,N,1991,Y
6584,1993,N,NA,Y
6585,1993,N,NA,N
6586,1993,N,NA,N
6587,1994,N,NA,N
6588,NA,N,1991,N
6589,NA,N,1991,N
6590,NA,N,1991,Y
6591,NA,N,1992,N
6592,NA,N,1991,N
6593,NA,N,1991,Y
6594,NA,N,1992,N
6595,NA,N,1991,Y
6596,NA,N,1992,Y
6597,NA,N,1991,N
6598,NA,N,1993,N
6599,NA,N,1992,N
6600,NA,N,1993,Y
6601,NA,N,1993,N
6602,NA,N,1993,N
6603,NA,N,1992,N
6604,NA,N,1993,N
6605,NA,N,1993,N
6606,NA,N,1992,Y
6607,NA,N,1992,Y
6608,NA,N,1992,N
6609,NA,N,1992,N
6610,NA,N,1993,N
6611,NA,N,1993,N
6612,NA,N,1993,N
6613,NA,N,1992,Y
6614,NA,N,1992,Y
6615,NA,N,1992,Y
6616,1994,N,NA,N
6617,1994,N,NA,N
6618,NA,N,1993,Y
6619,NA,N,1992,Y
6620,NA,N,1992,N
6621,NA,N,1993,N
6622,NA,N,1992,N
6623,NA,N,1992,Y
6624,NA,N,1993,N
6625,NA,N,1993,Y
6626,NA,N,1994,Y
6627,1997,N,NA,N
6628,NA,N,1993,N
6629,NA,N,1993,Y
6630,NA,N,1995,Y
6631,NA,N,1994,N
6632,NA,N,1993,Y
6633,NA,N,1993,N
6634,NA,N,1994,N
6635,NA,N,1994,N
6636,NA,N,1994,N
6637,NA,N,1993,Y
6638,NA,N,1994,Y
6639,NA,N,1994,Y
6640,NA,N,1994,N
6641,NA,N,1994,N
6642,NA,N,1993,N
6643,NA,N,1994,N
6644,NA,N,1994,N
6645,NA,N,1994,N
6646,NA,N,1994,N
6647,NA,N,1993,Y
6648,NA,N,1993,Y
6649,NA,N,1993,Y
6650,1999,Y,NA,N
6651,1999,Y,NA,N
6652,1999,Y,NA,N
6653,1999,Y,NA,N
6654,2001,Y,NA,N
6655,2001,Y,NA,N
6656,NA,N,1994,N
6657,NA,N,1994,Y
6658,NA,N,1995,Y
6659,1996,N,NA,N
6660,1996,N,NA,N
6661,NA,N,1994,N
6662,NA,N,1993,Y
6663,NA,N,1994,N
6664,NA,N,1994,N
6665,NA,N,1994,Y
6666,NA,N,1994,Y
6667,NA,N,1994,N
6668,NA,N,1994,N
6669,NA,N,1994,N
6670,NA,N,1993,N
6671,NA,N,1993,N
6672,NA,N,1994,N
6673,NA,N,1994,N
6674,NA,N,1994,N
6675,NA,N,1994,N
6676,NA,N,1994,N
6677,NA,N,1994,N
6678,NA,N,1994,Y
6679,NA,N,1994,Y
6680,1997,N,NA,N
6681,NA,N,1994,N
6682,NA,N,1994,N
6683,NA,N,1994,N
6684,NA,N,1993,Y
6685,NA,N,1994,N
6686,NA,N,1994,Y
6687,NA,N,1994,N
6688,NA,N,1994,N
6689,NA,N,1995,Y
6690,NA,N,1995,N
6691,NA,N,1995,Y
6692,NA,N,1998,Y
6693,2000,Y,NA,N
6694,2000,Y,NA,N
6695,NA,N,1994,Y
6696,NA,N,1994,Y
6697,NA,N,1994,Y
6698,NA,N,1994,N
6699,NA,N,1995,N
6700,NA,N,1994,Y
6701,NA,N,1994,N
6702,NA,N,1994,Y
6703,NA,N,1994,Y
6704,NA,N,1994,N
6705,NA,N,1995,N
6706,NA,N,1997,N
6707,NA,N,1997,N
6708,NA,N,1995,N
6709,NA,N,1995,N
6710,NA,N,1995,N
6711,NA,N,1996,N
6712,NA,N,1997,N
6713,NA,N,1997,N
6714,NA,N,1997,N
6715,NA,N,1997,N
6716,NA,N,1995,Y
6717,NA,N,1995,Y
6718,NA,N,1994,Y
6719,NA,N,1996,N
6720,NA,N,1995,Y
6721,NA,N,1997,Y
6722,NA,N,1997,Y
6723,1999,N,NA,N
6724,1999,N,NA,N
6725,NA,N,1997,N
6726,NA,N,1997,Y
6727,NA,N,1997,N
6728,NA,N,1997,N
6729,NA,N,1997,N
6730,NA,N,1998,N
6731,NA,N,1999,N
6732,NA,N,1998,N
6733,NA,N,1999,N
6734,NA,N,1999,N
6735,NA,N,1999,N
6736,NA,N,1998,N
6737,NA,N,1999,N
6738,NA,N,1999,N
6739,NA,N,1999,N
6740,NA,N,1999,N
6741,NA,N,1997,Y
6742,NA,N,1997,Y
6743,NA,N,1997,Y
6744,NA,N,1999,N
6745,NA,N,1999,N
6746,NA,N,1998,Y
6747,NA,N,1998,Y
6748,2002,N,NA,N
6749,2002,N,NA,N
6750,2002,N,NA,N
6751,2001,N,NA,N
6752,2001,N,NA,N
6753,NA,N,1999,N
6754,NA,N,1997,Y
6755,NA,N,2000,Y
6756,NA,N,1999,N
6757,NA,N,2000,N
6758,NA,N,1999,N
6759,NA,N,1999,N
6760,NA,N,2000,N
6761,NA,N,2002,N
6762,NA,N,2012,N
6763,NA,N,2012,N
6764,NA,N,2012,N
6765,NA,N,2012,N
6766,NA,N,2013,N
6767,NA,N,2012,N
6768,NA,N,2002,N
6769,NA,N,2002,N
6770,NA,N,2004,N
6771,NA,N,2003,N
6772,NA,N,2003,N
6773,NA,N,2004,N
6774,NA,N,2005,N
6775,NA,N,2005,N
6776,NA,N,2006,N
6777,NA,N,2006,N
6778,NA,N,2004,N
6779,NA,N,2004,N
6780,NA,N,2001,N
6781,NA,N,2006,N
6782,NA,N,2007,N
6783,NA,N,2007,N
6784,NA,N,2006,N
6785,NA,N,2006,N
6786,NA,N,2007,N
6787,NA,N,2006,N
6788,NA,N,2008,N
6789,NA,N,2007,N
6790,NA,N,2009,N
6791,NA,N,2008,N
6792,NA,N,2008,N
6793,NA,N,2009,N
6794,NA,N,2009,N
6795,NA,N,2009,N
6796,NA,N,2009,N
6797,NA,N,2009,N
6798,NA,N,2009,N
6799,NA,N,2010,N
6800,2011,N,NA,N
6801,2011,N,NA,N
6802,NA,N,2010,N
6803,NA,N,2010,N
6804,NA,N,2009,N
6805,NA,N,2009,N
6806,NA,N,2011,N
6807,NA,N,2010,N
6808,NA,N,2010,N
6809,NA,N,2010,N
6810,NA,N,2011,N
6811,NA,N,2012,N
6812,NA,N,2012,N
6813,NA,N,2012,N
6814,NA,N,2012,N
6815,NA,N,2012,N
6816,NA,N,2012,N
6817,NA,N,2012,N
6818,NA,N,2012,N
6819,NA,N,2012,N
6820,NA,N,2012,N
6821,NA,N,2011,N
6822,NA,N,2012,N
6823,NA,N,2012,N
6824,NA,N,2013,N
6825,NA,N,2013,N
6826,NA,N,2013,N
6827,NA,N,2013,N
6828,NA,N,2013,N
6829,NA,N,2013,N
6830,NA,N,2013,N
6831,NA,N,2008,N
6832,NA,N,2008,N
6833,NA,N,2008,N
6834,NA,N,2008,N
6835,NA,N,2008,N
6836,NA,N,2009,N
6837,NA,N,2009,N
6838,NA,N,2009,N
6839,NA,N,1999,N
6840,NA,N,2009,N
6841,NA,N,2010,N
6842,NA,N,2010,N
6843,NA,N,2010,N
6844,NA,N,2010,N
6845,NA,N,2010,N
6846,NA,N,2010,N
6847,NA,N,2010,N
6848,NA,N,2011,N
6849,NA,N,2011,N
6850,NA,N,2011,N
6851,NA,N,2011,N
6852,NA,N,2011,N
6853,NA,N,2012,N
6854,NA,N,2013,N
6855,NA,N,2013,N
6856,NA,N,2013,N
6857,NA,N,2013,N
6858,NA,N,2013,N
6859,NA,N,2007,N
6860,NA,N,2009,N
6861,NA,N,2010,N
6862,NA,N,NA,N
6863,NA,N,1994,N
6864,NA,N,1994,N
6865,NA,N,2011,N
6866,NA,N,1994,N
6867,NA,N,2004,N
6868,NA,N,2004,N
6869,NA,N,2003,N
6870,NA,N,2008,N
6871,NA,N,1997,Y
6872,NA,N,NA,Y
6873,NA,N,1995,Y
6874,NA,N,1994,Y
6875,NA,N,1999,N
6876,NA,N,2011,N
6877,NA,N,1995,N
6878,NA,N,2010,N
6879,NA,N,2010,N
6880,NA,N,2008,N
6881,NA,N,2007,N
6882,NA,N,2007,N
6883,NA,N,1995,Y
6884,NA,N,1996,Y
6885,NA,N,2001,N
6886,NA,N,1994,N
6887,NA,N,1994,Y
6888,NA,N,1994,Y
6889,NA,N,NA,Y
6890,NA,N,NA,N
6891,NA,N,2005,N
6892,NA,N,1994,Y
6893,NA,N,2012,N
6894,NA,N,2012,N
6895,2013,N,NA,N
6896,2013,N,NA,N
6897,2013,N,NA,N
6898,NA,N,2012,N
6899,NA,N,2002,N
6900,NA,N,2009,N
6901,NA,N,2009,N
6902,NA,N,2010,N
6903,2011,N,NA,N
6904,2011,N,NA,N
6905,2011,N,NA,N
6906,2011,N,NA,N
6907,2010,N,NA,N
6908,2010,N,NA,N
6909,NA,N,2004,N
6910,NA,N,2004,N
6911,2005,N,NA,N
6912,NA,N,2000,Y
6913,NA,N,2009,N
6914,NA,N,NA,Y
6915,NA,N,1991,Y
6916,NA,N,1994,Y
6917,NA,N,1996,Y
6918,NA,N,2005,N
6919,NA,N,1991,Y
6920,NA,N,1996,Y
6921,NA,N,2003,N
6922,NA,N,2007,N
6923,NA,N,2008,N
6924,NA,N,2008,N
6925,NA,N,NA,Y
6926,NA,N,1993,Y
6927,NA,N,1997,Y
6928,NA,N,2002,Y
6929,NA,N,1991,Y
6930,NA,N,NA,Y
6931,NA,N,1991,Y
6932,NA,N,1997,Y
6933,NA,N,1997,Y
6934,NA,N,1991,Y
6935,NA,N,NA,Y
6936,NA,N,1991,Y
