year,snp,chr,n_chroms_total,freq_total,n_chroms_nestling,freq_nestling
1990,474,1,342,0.8976608187134503,0,
1991,474,1,442,0.9095022624434389,212,0.9056603773584906
1992,474,1,210,0.9047619047619048,20,0.9
1993,474,1,156,0.9230769230769231,12,1.0
1994,474,1,134,0.9328358208955224,6,1.0
1995,474,1,242,0.9380165289256198,100,0.94
1996,474,1,186,0.9354838709677419,10,1.0
1997,474,1,150,0.92,4,0.5
1998,474,1,114,0.9210526315789473,8,1.0
1999,474,1,400,0.9175,296,0.9087837837837838
2000,474,1,404,0.9405940594059405,200,0.945
2001,474,1,402,0.9353233830845771,182,0.9175824175824175
2002,474,1,482,0.9273858921161826,268,0.9365671641791045
2003,474,1,474,0.9282700421940928,192,0.9322916666666666
2004,474,1,644,0.9208074534161491,320,0.91875
2005,474,1,688,0.9244186046511628,282,0.925531914893617
2006,474,1,774,0.9289405684754521,338,0.9319526627218935
2007,474,1,660,0.9393939393939394,178,0.9550561797752809
2008,474,1,724,0.9406077348066298,328,0.9542682926829268
2009,474,1,564,0.9326241134751773,170,0.9294117647058824
2010,474,1,628,0.9187898089171974,290,0.906896551724138
2011,474,1,790,0.9050632911392406,406,0.896551724137931
2012,474,1,502,0.9143426294820717,104,0.9423076923076923
2013,474,1,652,0.897239263803681,298,0.8825503355704698
1990,513,1,342,0.3684210526315789,0,
1991,513,1,442,0.3733031674208145,212,0.3867924528301887
1992,513,1,210,0.35714285714285715,20,0.25
1993,513,1,156,0.3782051282051282,12,0.75
1994,513,1,134,0.3582089552238806,6,0.3333333333333333
1995,513,1,242,0.30165289256198347,100,0.24
1996,513,1,186,0.3279569892473118,10,0.4
1997,513,1,150,0.3466666666666667,4,0.0
1998,513,1,114,0.39473684210526316,8,0.625
1999,513,1,400,0.4275,296,0.43243243243243246
2000,513,1,404,0.44801980198019803,200,0.47
2001,513,1,402,0.417910447761194,182,0.41208791208791207
2002,513,1,480,0.40208333333333335,266,0.37969924812030076
2003,513,1,474,0.42616033755274263,192,0.421875
2004,513,1,644,0.4394409937888199,320,0.440625
2005,513,1,688,0.42441860465116277,282,0.4219858156028369
2006,513,1,774,0.4069767441860465,338,0.378698224852071
2007,513,1,660,0.3984848484848485,178,0.39325842696629215
2008,513,1,724,0.39502762430939226,328,0.4024390243902439
2009,513,1,564,0.36879432624113473,170,0.3
2010,513,1,628,0.410828025477707,290,0.43103448275862066
2011,513,1,790,0.40759493670886077,406,0.4064039408866995
2012,513,1,502,0.4203187250996016,104,0.33653846153846156
2013,513,1,652,0.42484662576687116,298,0.4161073825503356
1990,620,1,342,0.5350877192982456,0,
1991,620,1,442,0.5407239819004525,212,0.5424528301886793
1992,620,1,210,0.5142857142857142,20,0.5
1993,620,1,156,0.5,12,0.5
1994,620,1,134,0.5149253731343284,6,0.6666666666666666
1995,620,1,242,0.49173553719008267,100,0.53
1996,620,1,186,0.5053763440860215,10,0.4
1997,620,1,150,0.48,4,0.25
1998,620,1,114,0.45614035087719296,8,0.625
1999,620,1,400,0.465,296,0.46621621621621623
2000,620,1,404,0.45544554455445546,200,0.415
2001,620,1,402,0.48756218905472637,182,0.5384615384615384
2002,620,1,480,0.4625,266,0.4473684210526316
2003,620,1,474,0.47468354430379744,192,0.5052083333333334
2004,620,1,644,0.4782608695652174,320,0.490625
2005,620,1,688,0.46511627906976744,282,0.45390070921985815
2006,620,1,774,0.4728682170542636,338,0.5
2007,620,1,660,0.45606060606060606,178,0.42696629213483145
2008,620,1,724,0.44613259668508287,328,0.45121951219512196
2009,620,1,564,0.44680851063829785,170,0.3941176470588235
2010,620,1,628,0.4697452229299363,290,0.4724137931034483
2011,620,1,790,0.46962025316455697,406,0.4876847290640394
2012,620,1,502,0.49203187250996017,104,0.4807692307692308
2013,620,1,652,0.495398773006135,298,0.5
1990,644,1,342,0.16374269005847952,0,
1991,644,1,442,0.19683257918552036,212,0.2028301886792453
1992,644,1,210,0.1761904761904762,20,0.2
1993,644,1,156,0.17307692307692307,12,0.08333333333333333
1994,644,1,134,0.1417910447761194,6,0.0
1995,644,1,242,0.11570247933884298,100,0.08
1996,644,1,186,0.13440860215053763,10,0.2
1997,644,1,150,0.12666666666666668,4,0.25
1998,644,1,114,0.12280701754385964,8,0.125
1999,644,1,400,0.11,296,0.11148648648648649
2000,644,1,404,0.10643564356435643,200,0.095
2001,644,1,402,0.11940298507462686,182,0.10989010989010989
2002,644,1,482,0.13692946058091288,268,0.13805970149253732
2003,644,1,474,0.15822784810126583,192,0.19270833333333334
2004,644,1,644,0.14906832298136646,320,0.128125
2005,644,1,688,0.16715116279069767,282,0.1702127659574468
2006,644,1,774,0.15891472868217055,338,0.14792899408284024
2007,644,1,660,0.15151515151515152,178,0.11235955056179775
2008,644,1,724,0.1712707182320442,328,0.17682926829268292
2009,644,1,564,0.14893617021276595,170,0.12352941176470589
2010,644,1,628,0.15764331210191082,290,0.15862068965517243
2011,644,1,790,0.16455696202531644,406,0.1625615763546798
2012,644,1,502,0.1752988047808765,104,0.21153846153846154
2013,644,1,652,0.19631901840490798,298,0.20134228187919462
1990,675,1,342,0.8596491228070176,0,
1991,675,1,442,0.8190045248868778,212,0.7924528301886793
1992,675,1,210,0.8142857142857143,20,0.8
1993,675,1,156,0.8269230769230769,12,0.8333333333333334
1994,675,1,134,0.8059701492537313,6,0.5
1995,675,1,242,0.7975206611570248,100,0.75
1996,675,1,186,0.8440860215053764,10,0.7
1997,675,1,150,0.8266666666666667,4,0.75
1998,675,1,114,0.8157894736842105,8,0.75
1999,675,1,400,0.835,296,0.8445945945945946
2000,675,1,404,0.8539603960396039,200,0.855
2001,675,1,402,0.8407960199004975,182,0.8571428571428571
2002,675,1,482,0.8340248962655602,268,0.8507462686567164
2003,675,1,474,0.8291139240506329,192,0.8177083333333334
2004,675,1,644,0.8354037267080745,320,0.815625
2005,675,1,688,0.8604651162790697,282,0.8865248226950354
2006,675,1,774,0.838501291989664,338,0.8284023668639053
2007,675,1,660,0.8515151515151516,178,0.8314606741573034
2008,675,1,724,0.8660220994475138,328,0.875
2009,675,1,564,0.8634751773049646,170,0.888235294117647
2010,675,1,626,0.853035143769968,288,0.8333333333333334
2011,675,1,790,0.8569620253164557,406,0.8817733990147784
2012,675,1,502,0.8565737051792829,104,0.9423076923076923
2013,675,1,652,0.848159509202454,298,0.8456375838926175
1990,689,1,342,0.30116959064327486,0,
1991,689,1,442,0.27601809954751133,212,0.2169811320754717
1992,689,1,210,0.2857142857142857,20,0.4
1993,689,1,156,0.30128205128205127,12,0.3333333333333333
1994,689,1,134,0.29850746268656714,6,0.16666666666666666
1995,689,1,242,0.30991735537190085,100,0.33
1996,689,1,186,0.27419354838709675,10,0.2
1997,689,1,150,0.26666666666666666,4,0.25
1998,689,1,114,0.2807017543859649,8,0.125
1999,689,1,400,0.2825,296,0.2905405405405405
2000,689,1,402,0.24378109452736318,198,0.21212121212121213
2001,689,1,402,0.21890547263681592,182,0.2032967032967033
2002,689,1,482,0.2572614107883817,268,0.291044776119403
2003,689,1,474,0.2805907172995781,192,0.3020833333333333
2004,689,1,644,0.2950310559006211,320,0.303125
2005,689,1,688,0.29941860465116277,282,0.2907801418439716
2006,689,1,774,0.3268733850129199,338,0.33136094674556216
2007,689,1,660,0.30303030303030304,178,0.25280898876404495
2008,689,1,724,0.3011049723756906,328,0.2652439024390244
2009,689,1,564,0.3049645390070922,170,0.28823529411764703
2010,689,1,628,0.3105095541401274,290,0.30689655172413793
2011,689,1,788,0.3147208121827411,404,0.30198019801980197
2012,689,1,502,0.35258964143426297,104,0.47115384615384615
2013,689,1,652,0.3266871165644172,298,0.32550335570469796
1990,698,1,342,0.695906432748538,0,
1991,698,1,442,0.7036199095022625,212,0.7169811320754716
1992,698,1,210,0.7238095238095238,20,0.8
1993,698,1,156,0.7051282051282052,12,0.6666666666666666
1994,698,1,134,0.7089552238805971,6,0.8333333333333334
1995,698,1,242,0.7644628099173554,100,0.82
1996,698,1,186,0.7258064516129032,10,0.7
1997,698,1,150,0.7133333333333334,4,1.0
1998,698,1,114,0.6929824561403509,8,0.75
1999,698,1,400,0.685,296,0.6790540540540541
2000,698,1,404,0.7227722772277227,200,0.7
2001,698,1,402,0.7338308457711443,182,0.7527472527472527
2002,698,1,482,0.7385892116182573,268,0.753731343283582
2003,698,1,474,0.6983122362869199,192,0.6510416666666666
2004,698,1,644,0.7360248447204969,320,0.73125
2005,698,1,686,0.7361516034985423,280,0.7357142857142858
2006,698,1,772,0.7383419689119171,338,0.7100591715976331
2007,698,1,658,0.7021276595744681,178,0.6067415730337079
2008,698,1,722,0.7202216066481995,328,0.7347560975609756
2009,698,1,562,0.6903914590747331,170,0.6588235294117647
2010,698,1,626,0.6884984025559105,290,0.6724137931034483
2011,698,1,788,0.7170050761421319,406,0.7192118226600985
2012,698,1,500,0.726,104,0.6730769230769231
2013,698,1,650,0.7538461538461538,298,0.761744966442953
1990,761,1,342,0.8245614035087719,0,
1991,761,1,442,0.8506787330316742,212,0.8773584905660378
1992,761,1,210,0.8428571428571429,20,0.75
1993,761,1,156,0.8269230769230769,12,0.9166666666666666
1994,761,1,134,0.835820895522388,6,1.0
1995,761,1,242,0.7768595041322314,100,0.77
1996,761,1,186,0.7956989247311828,10,0.9
1997,761,1,150,0.7666666666666667,4,0.25
1998,761,1,114,0.7894736842105263,8,0.75
1999,761,1,400,0.815,296,0.8175675675675675
2000,761,1,404,0.8514851485148515,200,0.885
2001,761,1,402,0.8084577114427861,182,0.7637362637362637
2002,761,1,482,0.8132780082987552,268,0.8022388059701493
2003,761,1,474,0.8037974683544303,192,0.7760416666666666
2004,761,1,644,0.8074534161490683,320,0.7875
2005,761,1,688,0.8328488372093024,282,0.8439716312056738
2006,761,1,774,0.8229974160206718,338,0.8195266272189349
2007,761,1,660,0.8454545454545455,178,0.8426966292134831
2008,761,1,724,0.8425414364640884,328,0.8353658536585366
2009,761,1,564,0.8475177304964538,170,0.8176470588235294
2010,761,1,628,0.8503184713375797,290,0.8413793103448276
2011,761,1,788,0.8578680203045685,404,0.8539603960396039
2012,761,1,502,0.8685258964143426,104,0.8846153846153846
2013,761,1,652,0.8757668711656442,298,0.87248322147651
1990,783,1,342,0.7807017543859649,0,
1991,783,1,442,0.7760180995475113,212,0.7971698113207547
1992,783,1,210,0.7523809523809524,20,0.75
1993,783,1,156,0.7692307692307693,12,0.9166666666666666
1994,783,1,134,0.7388059701492538,6,0.6666666666666666
1995,783,1,240,0.6916666666666667,100,0.69
1996,783,1,184,0.7119565217391305,10,0.9
1997,783,1,150,0.7266666666666667,4,0.75
1998,783,1,114,0.7982456140350878,8,0.875
1999,783,1,400,0.8075,296,0.8074324324324325
2000,783,1,404,0.7698019801980198,200,0.745
2001,783,1,402,0.7338308457711443,182,0.6703296703296703
2002,783,1,482,0.7697095435684648,268,0.7873134328358209
2003,783,1,472,0.7711864406779662,190,0.7631578947368421
2004,783,1,642,0.7694704049844237,318,0.7547169811320755
2005,783,1,686,0.8090379008746356,280,0.8214285714285714
2006,783,1,772,0.7966321243523317,338,0.7869822485207101
2007,783,1,658,0.8009118541033434,178,0.8258426966292135
2008,783,1,722,0.8074792243767313,328,0.823170731707317
2009,783,1,562,0.7953736654804271,170,0.8235294117647058
2010,783,1,620,0.8032258064516129,284,0.8098591549295775
2011,783,1,780,0.7935897435897435,398,0.7914572864321608
2012,783,1,498,0.8012048192771084,104,0.8461538461538461
2013,783,1,646,0.7585139318885449,298,0.7181208053691275
1990,800,1,342,0.2953216374269006,0,
1991,800,1,442,0.3054298642533937,212,0.32547169811320753
1992,800,1,210,0.2857142857142857,20,0.2
1993,800,1,156,0.30128205128205127,12,0.5
1994,800,1,134,0.2835820895522388,6,0.3333333333333333
1995,800,1,242,0.2768595041322314,100,0.27
1996,800,1,186,0.2849462365591398,10,0.5
1997,800,1,150,0.3,4,0.25
1998,800,1,114,0.2982456140350877,8,0.25
1999,800,1,400,0.2525,296,0.23648648648648649
2000,800,1,404,0.2623762376237624,200,0.24
2001,800,1,402,0.2960199004975124,182,0.29120879120879123
2002,800,1,482,0.3153526970954357,268,0.3283582089552239
2003,800,1,474,0.2974683544303797,192,0.28125
2004,800,1,644,0.2996894409937888,320,0.321875
2005,800,1,688,0.3125,282,0.31560283687943264
2006,800,1,774,0.32558139534883723,338,0.32840236686390534
2007,800,1,660,0.30757575757575756,178,0.3089887640449438
2008,800,1,722,0.2839335180055402,326,0.2607361963190184
2009,800,1,564,0.25886524822695034,170,0.2647058823529412
2010,800,1,628,0.2627388535031847,290,0.2620689655172414
2011,800,1,790,0.23924050632911392,406,0.22413793103448276
2012,800,1,502,0.22709163346613545,104,0.19230769230769232
2013,800,1,652,0.22085889570552147,298,0.20469798657718122
1990,817,1,342,0.4239766081871345,0,
1991,817,1,442,0.5158371040723982,212,0.5235849056603774
1992,817,1,210,0.5285714285714286,20,0.35
1993,817,1,156,0.5256410256410257,12,0.3333333333333333
1994,817,1,134,0.5373134328358209,6,0.6666666666666666
1995,817,1,242,0.5165289256198347,100,0.51
1996,817,1,186,0.4946236559139785,10,0.5
1997,817,1,150,0.5133333333333333,4,0.75
1998,817,1,114,0.5175438596491229,8,0.625
1999,817,1,400,0.5575,296,0.5641891891891891
2000,817,1,404,0.5841584158415841,200,0.625
2001,817,1,402,0.572139303482587,182,0.6043956043956044
2002,817,1,482,0.5373443983402489,268,0.5410447761194029
2003,817,1,474,0.5527426160337553,192,0.5989583333333334
2004,817,1,644,0.5714285714285714,320,0.61875
2005,817,1,688,0.5566860465116279,282,0.574468085106383
2006,817,1,774,0.5568475452196382,338,0.5562130177514792
2007,817,1,660,0.5484848484848485,178,0.5337078651685393
2008,817,1,724,0.5345303867403315,328,0.551829268292683
2009,817,1,564,0.5319148936170213,170,0.5647058823529412
2010,817,1,628,0.517515923566879,290,0.5586206896551724
2011,817,1,790,0.4962025316455696,406,0.4827586206896552
2012,817,1,502,0.49800796812749004,104,0.46153846153846156
2013,817,1,652,0.5506134969325154,298,0.5671140939597316
1990,820,1,342,0.4269005847953216,0,
1991,820,1,442,0.41855203619909503,212,0.41037735849056606
1992,820,1,210,0.42857142857142855,20,0.45
1993,820,1,156,0.4423076923076923,12,0.5833333333333334
1994,820,1,134,0.3656716417910448,6,0.16666666666666666
1995,820,1,242,0.34297520661157027,100,0.35
1996,820,1,186,0.3225806451612903,10,0.1
1997,820,1,150,0.34,4,0.5
1998,820,1,114,0.3508771929824561,8,0.375
1999,820,1,400,0.3575,296,0.36486486486486486
2000,820,1,404,0.37623762376237624,200,0.405
2001,820,1,402,0.35074626865671643,182,0.34065934065934067
2002,820,1,480,0.3416666666666667,266,0.3609022556390977
2003,820,1,474,0.350210970464135,192,0.3333333333333333
2004,820,1,642,0.35514018691588783,318,0.3710691823899371
2005,820,1,688,0.3546511627906977,282,0.34397163120567376
2006,820,1,774,0.35012919896640826,338,0.3757396449704142
2007,820,1,660,0.31666666666666665,178,0.2752808988764045
2008,820,1,724,0.3342541436464088,328,0.3170731707317073
2009,820,1,564,0.3404255319148936,170,0.3588235294117647
2010,820,1,628,0.34235668789808915,290,0.33793103448275863
2011,820,1,790,0.34177215189873417,406,0.3645320197044335
2012,820,1,502,0.3247011952191235,104,0.2980769230769231
2013,820,1,650,0.3292307692307692,296,0.32432432432432434
1990,927,1,342,0.49415204678362573,0,
1991,927,1,442,0.49321266968325794,212,0.5141509433962265
1992,927,1,210,0.4380952380952381,20,0.45
1993,927,1,156,0.46153846153846156,12,0.5833333333333334
1994,927,1,134,0.5074626865671642,6,0.5
1995,927,1,242,0.49173553719008267,100,0.46
1996,927,1,186,0.4731182795698925,10,0.5
1997,927,1,150,0.49333333333333335,4,0.25
1998,927,1,114,0.5,8,0.625
1999,927,1,400,0.515,296,0.5236486486486487
2000,927,1,404,0.4752475247524752,200,0.485
2001,927,1,402,0.47512437810945274,182,0.4835164835164835
2002,927,1,482,0.48132780082987553,268,0.48134328358208955
2003,927,1,472,0.4894067796610169,190,0.4631578947368421
2004,927,1,644,0.484472049689441,320,0.484375
2005,927,1,688,0.4883720930232558,282,0.5070921985815603
2006,927,1,774,0.47674418604651164,338,0.45857988165680474
2007,927,1,660,0.49393939393939396,178,0.5393258426966292
2008,927,1,722,0.4709141274238227,326,0.49079754601226994
2009,927,1,564,0.4397163120567376,170,0.4823529411764706
2010,927,1,628,0.4315286624203822,290,0.4103448275862069
2011,927,1,790,0.42278481012658226,406,0.43842364532019706
2012,927,1,502,0.4103585657370518,104,0.5096153846153846
2013,927,1,652,0.38650306748466257,298,0.3859060402684564
1990,1114,2,342,0.7602339181286549,0,
1991,1114,2,442,0.8167420814479638,212,0.8254716981132075
1992,1114,2,210,0.819047619047619,20,0.85
1993,1114,2,156,0.8012820512820513,12,0.5833333333333334
1994,1114,2,134,0.7985074626865671,6,1.0
1995,1114,2,242,0.7975206611570248,100,0.8
1996,1114,2,186,0.7688172043010753,10,0.6
1997,1114,2,150,0.78,4,0.75
1998,1114,2,114,0.7894736842105263,8,0.875
1999,1114,2,400,0.7925,296,0.8040540540540541
2000,1114,2,404,0.7896039603960396,200,0.795
2001,1114,2,402,0.7885572139303483,182,0.8241758241758241
2002,1114,2,482,0.7800829875518672,268,0.7835820895522388
2003,1114,2,474,0.7510548523206751,192,0.75
2004,1114,2,644,0.7468944099378882,320,0.75
2005,1114,2,688,0.748546511627907,282,0.7446808510638298
2006,1114,2,774,0.7286821705426356,338,0.7130177514792899
2007,1114,2,660,0.7272727272727273,178,0.702247191011236
2008,1114,2,724,0.7292817679558011,328,0.75
2009,1114,2,564,0.7092198581560284,170,0.7470588235294118
2010,1114,2,628,0.7070063694267515,290,0.7068965517241379
2011,1114,2,790,0.7227848101265822,406,0.7389162561576355
2012,1114,2,502,0.7310756972111554,104,0.7980769230769231
2013,1114,2,652,0.7346625766871165,298,0.7348993288590604
1990,1118,2,342,0.7514619883040936,0,
1991,1118,2,442,0.7126696832579186,212,0.6981132075471698
1992,1118,2,210,0.7095238095238096,20,0.65
1993,1118,2,156,0.7243589743589743,12,0.9166666666666666
1994,1118,2,134,0.7089552238805971,6,0.8333333333333334
1995,1118,2,242,0.7479338842975206,100,0.76
1996,1118,2,186,0.7043010752688172,10,0.6
1997,1118,2,150,0.6866666666666666,4,0.25
1998,1118,2,114,0.6491228070175439,8,0.5
1999,1118,2,400,0.6675,296,0.668918918918919
2000,1118,2,404,0.6782178217821783,200,0.66
2001,1118,2,402,0.7089552238805971,182,0.7307692307692307
2002,1118,2,482,0.7053941908713693,268,0.7238805970149254
2003,1118,2,474,0.70042194092827,192,0.6979166666666666
2004,1118,2,644,0.7142857142857143,320,0.70625
2005,1118,2,686,0.7157434402332361,280,0.6964285714285714
2006,1118,2,772,0.7098445595854922,338,0.7130177514792899
2007,1118,2,658,0.7021276595744681,178,0.7078651685393258
2008,1118,2,722,0.7063711911357341,328,0.7012195121951219
2009,1118,2,562,0.6886120996441281,170,0.6647058823529411
2010,1118,2,626,0.6661341853035144,290,0.6482758620689655
2011,1118,2,788,0.6954314720812182,406,0.687192118226601
2012,1118,2,500,0.674,104,0.625
2013,1118,2,650,0.6861538461538461,298,0.6845637583892618
1990,1129,2,342,0.8947368421052632,0,
1991,1129,2,442,0.8755656108597285,212,0.8726415094339622
1992,1129,2,210,0.8904761904761904,20,0.9
1993,1129,2,156,0.9102564102564102,12,1.0
1994,1129,2,134,0.8955223880597015,6,1.0
1995,1129,2,242,0.871900826446281,100,0.84
1996,1129,2,186,0.8655913978494624,10,0.8
1997,1129,2,150,0.8733333333333333,4,0.75
1998,1129,2,114,0.8771929824561403,8,1.0
1999,1129,2,400,0.8925,296,0.902027027027027
2000,1129,2,404,0.905940594059406,200,0.91
2001,1129,2,402,0.8905472636815921,182,0.8901098901098901
2002,1129,2,482,0.9024896265560166,268,0.9104477611940298
2003,1129,2,474,0.8987341772151899,192,0.9010416666666666
2004,1129,2,644,0.9161490683229814,320,0.921875
2005,1129,2,686,0.8950437317784257,280,0.8642857142857143
2006,1129,2,772,0.9015544041450777,338,0.908284023668639
2007,1129,2,658,0.8875379939209727,178,0.8764044943820225
2008,1129,2,722,0.9016620498614959,328,0.9176829268292683
2009,1129,2,562,0.9074733096085409,170,0.9235294117647059
2010,1129,2,626,0.8753993610223643,290,0.8551724137931035
2011,1129,2,788,0.8959390862944162,406,0.9039408866995073
2012,1129,2,500,0.91,104,0.9326923076923077
2013,1129,2,650,0.9076923076923077,298,0.9194630872483222
1990,1164,2,342,0.18128654970760233,0,
1991,1164,2,442,0.19004524886877827,212,0.1792452830188679
1992,1164,2,210,0.20952380952380953,20,0.15
1993,1164,2,156,0.20512820512820512,12,0.08333333333333333
1994,1164,2,134,0.16417910447761194,6,0.16666666666666666
1995,1164,2,242,0.16115702479338842,100,0.14
1996,1164,2,186,0.1774193548387097,10,0.3
1997,1164,2,150,0.17333333333333334,4,0.25
1998,1164,2,114,0.16666666666666666,8,0.125
1999,1164,2,400,0.2075,296,0.22635135135135134
2000,1164,2,404,0.21534653465346534,200,0.23
2001,1164,2,402,0.22388059701492538,182,0.23076923076923078
2002,1164,2,482,0.24273858921161826,268,0.25
2003,1164,2,474,0.22784810126582278,192,0.21875
2004,1164,2,644,0.2546583850931677,320,0.278125
2005,1164,2,688,0.23546511627906977,282,0.2198581560283688
2006,1164,2,774,0.22739018087855298,338,0.20414201183431951
2007,1164,2,660,0.20454545454545456,178,0.1404494382022472
2008,1164,2,724,0.22790055248618785,328,0.22560975609756098
2009,1164,2,564,0.19148936170212766,170,0.12352941176470589
2010,1164,2,628,0.2070063694267516,290,0.21379310344827587
2011,1164,2,788,0.22208121827411167,404,0.2202970297029703
2012,1164,2,502,0.21912350597609562,104,0.20192307692307693
2013,1164,2,652,0.23773006134969324,298,0.2483221476510067
1990,1166,2,342,0.15497076023391812,0,
1991,1166,2,442,0.1515837104072398,212,0.14622641509433962
1992,1166,2,210,0.14285714285714285,20,0.15
1993,1166,2,156,0.1346153846153846,12,0.08333333333333333
1994,1166,2,134,0.09701492537313433,6,0.0
1995,1166,2,242,0.12396694214876033,100,0.11
1996,1166,2,186,0.10752688172043011,10,0.1
1997,1166,2,150,0.1,4,0.0
1998,1166,2,114,0.09649122807017543,8,0.0
1999,1166,2,400,0.1875,296,0.21621621621621623
2000,1166,2,404,0.20297029702970298,200,0.255
2001,1166,2,402,0.18159203980099503,182,0.2032967032967033
2002,1166,2,482,0.2012448132780083,268,0.22388059701492538
2003,1166,2,474,0.16244725738396623,192,0.11458333333333333
2004,1166,2,644,0.18788819875776397,320,0.190625
2005,1166,2,688,0.1744186046511628,282,0.1702127659574468
2006,1166,2,774,0.1640826873385013,338,0.14792899408284024
2007,1166,2,660,0.1621212121212121,178,0.15168539325842698
2008,1166,2,724,0.1574585635359116,328,0.14329268292682926
2009,1166,2,564,0.16134751773049646,170,0.1588235294117647
2010,1166,2,628,0.17993630573248406,290,0.19655172413793104
2011,1166,2,790,0.1860759493670886,406,0.17733990147783252
2012,1166,2,502,0.1752988047808765,104,0.125
2013,1166,2,652,0.18098159509202455,298,0.16778523489932887
1990,1241,2,342,0.8157894736842105,0,
1991,1241,2,442,0.8076923076923077,212,0.8066037735849056
1992,1241,2,210,0.7952380952380952,20,0.85
1993,1241,2,156,0.8269230769230769,12,1.0
1994,1241,2,134,0.835820895522388,6,1.0
1995,1241,2,242,0.8512396694214877,100,0.87
1996,1241,2,186,0.8494623655913979,10,0.8
1997,1241,2,150,0.8533333333333334,4,1.0
1998,1241,2,114,0.9035087719298246,8,0.875
1999,1241,2,400,0.8625,296,0.8513513513513513
2000,1241,2,404,0.8613861386138614,200,0.87
2001,1241,2,402,0.835820895522388,182,0.8021978021978022
2002,1241,2,482,0.8360995850622407,268,0.835820895522388
2003,1241,2,474,0.8333333333333334,192,0.8177083333333334
2004,1241,2,644,0.8478260869565217,320,0.846875
2005,1241,2,688,0.8517441860465116,282,0.8581560283687943
2006,1241,2,774,0.8488372093023255,338,0.8520710059171598
2007,1241,2,660,0.8409090909090909,178,0.8258426966292135
2008,1241,2,724,0.8314917127071824,328,0.8109756097560976
2009,1241,2,564,0.8368794326241135,170,0.8529411764705882
2010,1241,2,628,0.8089171974522293,290,0.7931034482758621
2011,1241,2,790,0.8278481012658228,406,0.8423645320197044
2012,1241,2,502,0.8167330677290837,104,0.7692307692307693
2013,1241,2,652,0.8266871165644172,298,0.8322147651006712
1990,1268,2,342,0.195906432748538,0,
1991,1268,2,442,0.25565610859728505,212,0.2830188679245283
1992,1268,2,210,0.2619047619047619,20,0.3
1993,1268,2,156,0.2692307692307692,12,0.3333333333333333
1994,1268,2,134,0.23880597014925373,6,0.16666666666666666
1995,1268,2,242,0.25206611570247933,100,0.2
1996,1268,2,186,0.25268817204301075,10,0.2
1997,1268,2,150,0.26,4,0.0
1998,1268,2,114,0.30701754385964913,8,0.375
1999,1268,2,400,0.2525,296,0.23648648648648649
2000,1268,2,404,0.2400990099009901,200,0.225
2001,1268,2,402,0.23383084577114427,182,0.2087912087912088
2002,1268,2,482,0.23858921161825727,268,0.22388059701492538
2003,1268,2,474,0.2489451476793249,192,0.265625
2004,1268,2,644,0.2220496894409938,320,0.203125
2005,1268,2,688,0.22093023255813954,282,0.20212765957446807
2006,1268,2,774,0.2131782945736434,338,0.19230769230769232
2007,1268,2,660,0.2515151515151515,178,0.3146067415730337
2008,1268,2,724,0.24171270718232044,328,0.24695121951219512
2009,1268,2,564,0.22340425531914893,170,0.20588235294117646
2010,1268,2,626,0.2380191693290735,288,0.24305555555555555
2011,1268,2,790,0.2518987341772152,406,0.26108374384236455
2012,1268,2,502,0.23306772908366533,104,0.16346153846153846
2013,1268,2,652,0.2561349693251534,298,0.25838926174496646
1990,1304,2,342,0.8421052631578947,0,
1991,1304,2,442,0.8416289592760181,212,0.8537735849056604
1992,1304,2,210,0.8571428571428571,20,0.8
1993,1304,2,156,0.8589743589743589,12,0.9166666666666666
1994,1304,2,134,0.8432835820895522,6,0.8333333333333334
1995,1304,2,242,0.8512396694214877,100,0.86
1996,1304,2,186,0.8440860215053764,10,0.9
1997,1304,2,150,0.8533333333333334,4,1.0
1998,1304,2,114,0.8596491228070176,8,1.0
1999,1304,2,400,0.85,296,0.847972972972973
2000,1304,2,404,0.849009900990099,200,0.825
2001,1304,2,402,0.8606965174129353,182,0.8406593406593407
2002,1304,2,482,0.8775933609958506,268,0.8694029850746269
2003,1304,2,474,0.879746835443038,192,0.8802083333333334
2004,1304,2,642,0.8785046728971962,320,0.865625
2005,1304,2,686,0.8760932944606414,282,0.8546099290780141
2006,1304,2,772,0.8886010362694301,338,0.893491124260355
2007,1304,2,656,0.8871951219512195,176,0.8977272727272727
2008,1304,2,722,0.9058171745152355,328,0.9207317073170732
2009,1304,2,564,0.8847517730496454,170,0.8529411764705882
2010,1304,2,628,0.8853503184713376,290,0.8931034482758621
2011,1304,2,788,0.8769035532994924,404,0.8638613861386139
2012,1304,2,502,0.8864541832669323,104,0.8557692307692307
2013,1304,2,652,0.8819018404907976,298,0.8758389261744967
1990,1320,2,342,0.6783625730994152,0,
1991,1320,2,442,0.6742081447963801,212,0.6462264150943396
1992,1320,2,210,0.6761904761904762,20,0.7
1993,1320,2,156,0.6282051282051282,12,0.4166666666666667
1994,1320,2,134,0.6194029850746269,6,0.6666666666666666
1995,1320,2,242,0.6487603305785123,100,0.66
1996,1320,2,186,0.6666666666666666,10,0.7
1997,1320,2,150,0.6533333333333333,4,0.75
1998,1320,2,114,0.6842105263157895,8,0.5
1999,1320,2,400,0.65,296,0.652027027027027
2000,1320,2,404,0.6435643564356436,200,0.65
2001,1320,2,402,0.599502487562189,182,0.554945054945055
2002,1320,2,482,0.6120331950207469,268,0.5970149253731343
2003,1320,2,474,0.6392405063291139,192,0.640625
2004,1320,2,644,0.6319875776397516,320,0.615625
2005,1320,2,688,0.6482558139534884,282,0.6631205673758865
2006,1320,2,774,0.6201550387596899,338,0.5976331360946746
2007,1320,2,660,0.6136363636363636,178,0.5842696629213483
2008,1320,2,724,0.6229281767955801,328,0.6067073170731707
2009,1320,2,564,0.6365248226950354,170,0.6647058823529411
2010,1320,2,628,0.6719745222929936,290,0.696551724137931
2011,1320,2,790,0.6784810126582278,406,0.6921182266009852
2012,1320,2,502,0.6553784860557769,104,0.6730769230769231
2013,1320,2,652,0.6042944785276073,298,0.5771812080536913
1990,1388,2,342,0.22514619883040934,0,
1991,1388,2,442,0.18778280542986425,212,0.1650943396226415
1992,1388,2,210,0.20952380952380953,20,0.15
1993,1388,2,156,0.22435897435897437,12,0.3333333333333333
1994,1388,2,134,0.26119402985074625,6,0.3333333333333333
1995,1388,2,242,0.256198347107438,100,0.2
1996,1388,2,186,0.26344086021505375,10,0.4
1997,1388,2,150,0.2866666666666667,4,0.0
1998,1388,2,114,0.32456140350877194,8,0.125
1999,1388,2,400,0.3075,296,0.3108108108108108
2000,1388,2,404,0.2871287128712871,200,0.29
2001,1388,2,402,0.26119402985074625,182,0.2032967032967033
2002,1388,2,482,0.3132780082987552,268,0.31343283582089554
2003,1388,2,474,0.32489451476793246,192,0.3177083333333333
2004,1388,2,644,0.2996894409937888,320,0.290625
2005,1388,2,688,0.2936046511627907,282,0.28368794326241137
2006,1388,2,774,0.28940568475452194,338,0.28106508875739644
2007,1388,2,660,0.24393939393939393,178,0.20224719101123595
2008,1388,2,724,0.24033149171270718,328,0.22865853658536586
2009,1388,2,564,0.21453900709219859,170,0.21176470588235294
2010,1388,2,628,0.21496815286624205,290,0.18275862068965518
2011,1388,2,790,0.2518987341772152,406,0.2660098522167488
2012,1388,2,502,0.22310756972111553,104,0.21153846153846154
2013,1388,2,652,0.25,298,0.2684563758389262
1990,1451,2,342,0.7076023391812866,0,
1991,1451,2,442,0.7194570135746606,212,0.6933962264150944
1992,1451,2,210,0.6904761904761905,20,0.8
1993,1451,2,156,0.7051282051282052,12,0.5833333333333334
1994,1451,2,134,0.6940298507462687,6,0.5
1995,1451,2,242,0.7024793388429752,100,0.69
1996,1451,2,186,0.7150537634408602,10,0.7
1997,1451,2,150,0.7266666666666667,4,0.5
1998,1451,2,114,0.6929824561403509,8,0.5
1999,1451,2,400,0.7,296,0.7094594594594594
2000,1451,2,404,0.6856435643564357,200,0.71
2001,1451,2,402,0.6592039800995025,182,0.6813186813186813
2002,1451,2,482,0.6410788381742739,268,0.6455223880597015
2003,1451,2,474,0.6645569620253164,192,0.703125
2004,1451,2,644,0.6350931677018633,320,0.63125
2005,1451,2,688,0.6322674418604651,282,0.624113475177305
2006,1451,2,774,0.6731266149870802,338,0.6834319526627219
2007,1451,2,660,0.65,178,0.651685393258427
2008,1451,2,724,0.6781767955801105,328,0.6707317073170732
2009,1451,2,564,0.6808510638297872,170,0.6823529411764706
2010,1451,2,626,0.6757188498402555,288,0.6944444444444444
2011,1451,2,790,0.6772151898734177,406,0.6748768472906403
2012,1451,2,502,0.6852589641434262,104,0.6730769230769231
2013,1451,2,652,0.7085889570552147,298,0.7281879194630873
1990,1500,2,342,0.4327485380116959,0,
1991,1500,2,442,0.35294117647058826,212,0.32547169811320753
1992,1500,2,210,0.37142857142857144,20,0.4
1993,1500,2,156,0.391025641025641,12,0.5
1994,1500,2,134,0.40298507462686567,6,0.3333333333333333
1995,1500,2,242,0.36363636363636365,100,0.32
1996,1500,2,186,0.40860215053763443,10,0.6
1997,1500,2,150,0.4533333333333333,4,0.5
1998,1500,2,114,0.49122807017543857,8,0.5
1999,1500,2,400,0.465,296,0.44932432432432434
2000,1500,2,404,0.46782178217821785,200,0.43
2001,1500,2,402,0.48258706467661694,182,0.46153846153846156
2002,1500,2,482,0.495850622406639,268,0.5149253731343284
2003,1500,2,472,0.4872881355932203,190,0.4789473684210526
2004,1500,2,644,0.4751552795031056,320,0.48125
2005,1500,2,688,0.436046511627907,282,0.41134751773049644
2006,1500,2,774,0.4664082687338501,338,0.5118343195266272
2007,1500,2,660,0.46060606060606063,178,0.4550561797752809
2008,1500,2,724,0.4419889502762431,328,0.4329268292682927
2009,1500,2,564,0.4326241134751773,170,0.4764705882352941
2010,1500,2,628,0.42356687898089174,290,0.4
2011,1500,2,790,0.40632911392405063,406,0.39655172413793105
2012,1500,2,502,0.43227091633466136,104,0.3942307692307692
2013,1500,2,652,0.4110429447852761,298,0.39932885906040266
1990,1529,2,342,0.8099415204678363,0,
1991,1529,2,442,0.7963800904977375,212,0.8018867924528302
1992,1529,2,210,0.8047619047619048,20,0.85
1993,1529,2,156,0.8012820512820513,12,0.8333333333333334
1994,1529,2,134,0.8134328358208955,6,0.8333333333333334
1995,1529,2,242,0.7975206611570248,100,0.83
1996,1529,2,186,0.7956989247311828,10,0.9
1997,1529,2,150,0.8133333333333334,4,1.0
1998,1529,2,114,0.8333333333333334,8,0.75
1999,1529,2,400,0.8125,296,0.8108108108108109
2000,1529,2,404,0.8391089108910891,200,0.855
2001,1529,2,402,0.8333333333333334,182,0.8516483516483516
2002,1529,2,482,0.8298755186721992,268,0.8656716417910447
2003,1529,2,474,0.8185654008438819,192,0.8177083333333334
2004,1529,2,644,0.7981366459627329,320,0.79375
2005,1529,2,688,0.8226744186046512,282,0.8333333333333334
2006,1529,2,774,0.8255813953488372,338,0.8224852071005917
2007,1529,2,660,0.8166666666666667,178,0.8089887640449438
2008,1529,2,724,0.8162983425414365,328,0.823170731707317
2009,1529,2,564,0.8067375886524822,170,0.8117647058823529
2010,1529,2,628,0.8089171974522293,290,0.803448275862069
2011,1529,2,790,0.8151898734177215,406,0.8251231527093597
2012,1529,2,502,0.8366533864541833,104,0.8653846153846154
2013,1529,2,652,0.8604294478527608,298,0.8959731543624161
1990,1554,2,342,0.5263157894736842,0,
1991,1554,2,442,0.48868778280542985,212,0.4811320754716981
1992,1554,2,210,0.5285714285714286,20,0.6
1993,1554,2,156,0.5064102564102564,12,0.25
1994,1554,2,134,0.47761194029850745,6,0.3333333333333333
1995,1554,2,242,0.5247933884297521,100,0.6
1996,1554,2,186,0.478494623655914,10,0.5
1997,1554,2,150,0.46,4,0.5
1998,1554,2,114,0.43859649122807015,8,0.625
1999,1554,2,400,0.4725,296,0.4864864864864865
2000,1554,2,404,0.5024752475247525,200,0.55
2001,1554,2,402,0.4975124378109453,182,0.5164835164835165
2002,1554,2,482,0.46887966804979253,268,0.4552238805970149
2003,1554,2,474,0.4409282700421941,192,0.4166666666666667
2004,1554,2,644,0.43167701863354035,320,0.41875
2005,1554,2,688,0.45930232558139533,282,0.46099290780141844
2006,1554,2,774,0.458656330749354,338,0.4526627218934911
2007,1554,2,660,0.509090909090909,178,0.5786516853932584
2008,1554,2,724,0.4613259668508287,328,0.4420731707317073
2009,1554,2,564,0.4627659574468085,170,0.4470588235294118
2010,1554,2,628,0.46178343949044587,290,0.4413793103448276
2011,1554,2,790,0.4670886075949367,406,0.4605911330049261
2012,1554,2,502,0.43824701195219123,104,0.36538461538461536
2013,1554,2,652,0.46319018404907975,298,0.5
1990,1604,2,342,0.8187134502923976,0,
1991,1604,2,442,0.7963800904977375,212,0.7971698113207547
1992,1604,2,210,0.8571428571428571,20,0.85
1993,1604,2,156,0.8846153846153846,12,0.9166666666666666
1994,1604,2,134,0.8955223880597015,6,0.8333333333333334
1995,1604,2,242,0.8677685950413223,100,0.89
1996,1604,2,186,0.8602150537634409,10,0.9
1997,1604,2,150,0.8666666666666667,4,1.0
1998,1604,2,114,0.8859649122807017,8,0.875
1999,1604,2,400,0.7925,296,0.7601351351351351
2000,1604,2,404,0.8292079207920792,200,0.865
2001,1604,2,402,0.8084577114427861,182,0.8241758241758241
2002,1604,2,482,0.8112033195020747,268,0.7985074626865671
2003,1604,2,474,0.8312236286919831,192,0.8489583333333334
2004,1604,2,642,0.8489096573208723,318,0.8616352201257862
2005,1604,2,688,0.8517441860465116,282,0.8439716312056738
2006,1604,2,774,0.8488372093023255,338,0.8520710059171598
2007,1604,2,660,0.8363636363636363,178,0.8426966292134831
2008,1604,2,724,0.8397790055248618,328,0.8475609756097561
2009,1604,2,564,0.849290780141844,170,0.8705882352941177
2010,1604,2,626,0.8322683706070287,288,0.8541666666666666
2011,1604,2,790,0.8455696202531645,406,0.8620689655172413
2012,1604,2,502,0.848605577689243,104,0.8557692307692307
2013,1604,2,650,0.8492307692307692,296,0.8547297297297297
1990,1635,2,342,0.8070175438596491,0,
1991,1635,2,442,0.8031674208144797,212,0.8018867924528302
1992,1635,2,210,0.861904761904762,20,0.95
1993,1635,2,156,0.8525641025641025,12,0.75
1994,1635,2,134,0.8582089552238806,6,1.0
1995,1635,2,242,0.9008264462809917,100,0.95
1996,1635,2,186,0.8978494623655914,10,0.9
1997,1635,2,150,0.8933333333333333,4,1.0
1998,1635,2,114,0.8859649122807017,8,0.875
1999,1635,2,400,0.8425,296,0.8277027027027027
2000,1635,2,404,0.8292079207920792,200,0.835
2001,1635,2,402,0.8507462686567164,182,0.8956043956043956
2002,1635,2,482,0.8278008298755186,268,0.8171641791044776
2003,1635,2,474,0.8227848101265823,192,0.796875
2004,1635,2,644,0.8680124223602484,320,0.89375
2005,1635,2,688,0.8444767441860465,282,0.851063829787234
2006,1635,2,774,0.8242894056847545,338,0.8195266272189349
2007,1635,2,660,0.8136363636363636,178,0.8089887640449438
2008,1635,2,724,0.8494475138121547,328,0.8780487804878049
2009,1635,2,564,0.8262411347517731,170,0.8352941176470589
2010,1635,2,628,0.8073248407643312,290,0.8068965517241379
2011,1635,2,790,0.8177215189873418,406,0.8226600985221675
2012,1635,2,502,0.8346613545816733,104,0.8461538461538461
2013,1635,2,652,0.8328220858895705,298,0.8355704697986577
1990,1690,2,338,0.5325443786982249,0,
1991,1690,2,438,0.4863013698630137,208,0.44711538461538464
1992,1690,2,210,0.48095238095238096,20,0.4
1993,1690,2,156,0.4807692307692308,12,0.6666666666666666
1994,1690,2,134,0.4552238805970149,6,0.16666666666666666
1995,1690,2,242,0.512396694214876,100,0.5
1996,1690,2,186,0.5268817204301075,10,0.5
1997,1690,2,150,0.49333333333333335,4,0.5
1998,1690,2,114,0.4473684210526316,8,0.25
1999,1690,2,400,0.415,296,0.40202702702702703
2000,1690,2,402,0.48009950248756217,198,0.4797979797979798
2001,1690,2,402,0.472636815920398,182,0.4340659340659341
2002,1690,2,480,0.45625,266,0.4398496240601504
2003,1690,2,472,0.4639830508474576,192,0.4635416666666667
2004,1690,2,642,0.43146417445482865,320,0.4
2005,1690,2,684,0.4692982456140351,280,0.4928571428571429
2006,1690,2,770,0.4831168831168831,338,0.4970414201183432
2007,1690,2,658,0.4696048632218845,178,0.48314606741573035
2008,1690,2,720,0.45,326,0.450920245398773
2009,1690,2,560,0.41785714285714287,168,0.43452380952380953
2010,1690,2,622,0.42604501607717044,286,0.44755244755244755
2011,1690,2,786,0.42366412213740456,404,0.4207920792079208
2012,1690,2,498,0.4538152610441767,104,0.5480769230769231
2013,1690,2,648,0.404320987654321,298,0.37919463087248323
1990,1740,2,342,0.260233918128655,0,
1991,1740,2,442,0.2850678733031674,212,0.2830188679245283
1992,1740,2,210,0.3,20,0.2
1993,1740,2,156,0.2948717948717949,12,0.0
1994,1740,2,134,0.3358208955223881,6,0.3333333333333333
1995,1740,2,242,0.3181818181818182,100,0.29
1996,1740,2,186,0.3333333333333333,10,0.3
1997,1740,2,150,0.32666666666666666,4,0.0
1998,1740,2,114,0.3508771929824561,8,0.625
1999,1740,2,400,0.3825,296,0.3885135135135135
2000,1740,2,404,0.349009900990099,200,0.345
2001,1740,2,402,0.373134328358209,182,0.4010989010989011
2002,1740,2,482,0.3651452282157676,268,0.3694029850746269
2003,1740,2,474,0.38396624472573837,192,0.3958333333333333
2004,1740,2,644,0.3944099378881988,320,0.390625
2005,1740,2,688,0.4171511627906977,282,0.4432624113475177
2006,1740,2,774,0.3979328165374677,338,0.41124260355029585
2007,1740,2,660,0.3984848484848485,178,0.4157303370786517
2008,1740,2,724,0.38535911602209943,328,0.3932926829268293
2009,1740,2,564,0.41312056737588654,170,0.4411764705882353
2010,1740,2,628,0.40605095541401276,290,0.39655172413793105
2011,1740,2,790,0.4291139240506329,406,0.43842364532019706
2012,1740,2,502,0.4342629482071713,104,0.4423076923076923
2013,1740,2,652,0.4156441717791411,298,0.412751677852349
1990,1859,3,342,0.8421052631578947,0,
1991,1859,3,442,0.8190045248868778,212,0.8207547169811321
1992,1859,3,210,0.8571428571428571,20,0.9
1993,1859,3,156,0.8333333333333334,12,0.75
1994,1859,3,134,0.8582089552238806,6,1.0
1995,1859,3,242,0.8884297520661157,100,0.92
1996,1859,3,186,0.8870967741935484,10,1.0
1997,1859,3,150,0.88,4,1.0
1998,1859,3,114,0.8771929824561403,8,0.875
1999,1859,3,400,0.8875,296,0.8918918918918919
2000,1859,3,404,0.905940594059406,200,0.895
2001,1859,3,402,0.8830845771144279,182,0.8736263736263736
2002,1859,3,482,0.9149377593360996,268,0.9216417910447762
2003,1859,3,474,0.9071729957805907,192,0.9166666666666666
2004,1859,3,644,0.9037267080745341,320,0.903125
2005,1859,3,688,0.8909883720930233,282,0.8971631205673759
2006,1859,3,774,0.8901808785529716,338,0.8905325443786982
2007,1859,3,660,0.8742424242424243,178,0.8426966292134831
2008,1859,3,724,0.8977900552486188,328,0.9024390243902439
2009,1859,3,564,0.8971631205673759,170,0.9058823529411765
2010,1859,3,628,0.8789808917197452,290,0.8793103448275862
2011,1859,3,790,0.8645569620253165,406,0.8596059113300493
2012,1859,3,502,0.8685258964143426,104,0.8942307692307693
2013,1859,3,652,0.8696319018404908,298,0.8825503355704698
1990,1905,3,342,0.5789473684210527,0,
1991,1905,3,442,0.5429864253393665,212,0.5141509433962265
1992,1905,3,210,0.5428571428571428,20,0.65
1993,1905,3,156,0.5512820512820513,12,0.5
1994,1905,3,134,0.5671641791044776,6,0.8333333333333334
1995,1905,3,242,0.6570247933884298,100,0.7
1996,1905,3,186,0.6397849462365591,10,0.6
1997,1905,3,150,0.5933333333333334,4,1.0
1998,1905,3,114,0.631578947368421,8,0.75
1999,1905,3,400,0.615,296,0.6114864864864865
2000,1905,3,404,0.6014851485148515,200,0.565
2001,1905,3,402,0.6144278606965174,182,0.6263736263736264
2002,1905,3,482,0.5975103734439834,268,0.5970149253731343
2003,1905,3,474,0.5991561181434599,192,0.6041666666666666
2004,1905,3,644,0.6304347826086957,320,0.66875
2005,1905,3,688,0.5915697674418605,282,0.5851063829787234
2006,1905,3,774,0.5930232558139535,338,0.5946745562130178
2007,1905,3,660,0.5909090909090909,178,0.5898876404494382
2008,1905,3,724,0.5704419889502762,328,0.5701219512195121
2009,1905,3,564,0.5656028368794326,170,0.6
2010,1905,3,628,0.5398089171974523,290,0.5275862068965518
2011,1905,3,788,0.5748730964467005,404,0.599009900990099
2012,1905,3,502,0.5836653386454184,104,0.6057692307692307
2013,1905,3,652,0.5598159509202454,298,0.5134228187919463
1990,1948,3,342,0.6491228070175439,0,
1991,1948,3,442,0.6447963800904978,212,0.6273584905660378
1992,1948,3,210,0.6666666666666666,20,0.65
1993,1948,3,156,0.6538461538461539,12,0.4166666666666667
1994,1948,3,134,0.6567164179104478,6,0.3333333333333333
1995,1948,3,242,0.6859504132231405,100,0.67
1996,1948,3,186,0.6559139784946236,10,0.4
1997,1948,3,150,0.6266666666666667,4,0.75
1998,1948,3,114,0.6052631578947368,8,0.5
1999,1948,3,400,0.6375,296,0.6486486486486487
2000,1948,3,404,0.6188118811881188,200,0.625
2001,1948,3,402,0.6119402985074627,182,0.6208791208791209
2002,1948,3,482,0.6016597510373444,268,0.5970149253731343
2003,1948,3,474,0.5907172995780591,192,0.5833333333333334
2004,1948,3,644,0.6086956521739131,320,0.6125
2005,1948,3,688,0.6061046511627907,282,0.5886524822695035
2006,1948,3,774,0.6537467700258398,338,0.6715976331360947
2007,1948,3,660,0.6272727272727273,178,0.5617977528089888
2008,1948,3,724,0.6174033149171271,328,0.5975609756097561
2009,1948,3,564,0.625886524822695,170,0.6705882352941176
2010,1948,3,628,0.6146496815286624,290,0.6206896551724138
2011,1948,3,790,0.5974683544303797,406,0.5886699507389163
2012,1948,3,502,0.6414342629482072,104,0.6826923076923077
2013,1948,3,652,0.6579754601226994,298,0.6845637583892618
1990,1957,3,342,0.6169590643274854,0,
1991,1957,3,442,0.6040723981900452,212,0.5943396226415094
1992,1957,3,210,0.6,20,0.65
1993,1957,3,156,0.5833333333333334,12,0.5
1994,1957,3,134,0.582089552238806,6,0.5
1995,1957,3,242,0.5909090909090909,100,0.55
1996,1957,3,186,0.6075268817204301,10,0.7
1997,1957,3,150,0.62,4,0.5
1998,1957,3,114,0.6578947368421053,8,0.75
1999,1957,3,400,0.63,296,0.6216216216216216
2000,1957,3,404,0.7202970297029703,200,0.77
2001,1957,3,402,0.6865671641791045,182,0.6648351648351648
2002,1957,3,482,0.7095435684647303,268,0.7089552238805971
2003,1957,3,472,0.7033898305084746,190,0.6947368421052632
2004,1957,3,644,0.6645962732919255,320,0.640625
2005,1957,3,688,0.6627906976744186,282,0.6843971631205674
2006,1957,3,774,0.6731266149870802,338,0.6804733727810651
2007,1957,3,660,0.6621212121212121,178,0.6404494382022472
2008,1957,3,724,0.6850828729281768,328,0.6890243902439024
2009,1957,3,564,0.6826241134751773,170,0.6823529411764706
2010,1957,3,628,0.6640127388535032,290,0.6689655172413793
2011,1957,3,788,0.6789340101522843,404,0.693069306930693
2012,1957,3,502,0.6892430278884463,104,0.7019230769230769
2013,1957,3,652,0.6901840490797546,298,0.7080536912751678
1990,2013,3,342,0.827485380116959,0,
1991,2013,3,442,0.8235294117647058,212,0.8349056603773585
1992,2013,3,210,0.819047619047619,20,0.9
1993,2013,3,156,0.8269230769230769,12,0.8333333333333334
1994,2013,3,134,0.8059701492537313,6,0.6666666666666666
1995,2013,3,240,0.7833333333333333,100,0.79
1996,2013,3,184,0.7663043478260869,10,0.8
1997,2013,3,150,0.78,4,0.75
1998,2013,3,114,0.7807017543859649,8,0.625
1999,2013,3,400,0.8075,296,0.8243243243243243
2000,2013,3,404,0.7673267326732673,200,0.735
2001,2013,3,402,0.753731343283582,182,0.7362637362637363
2002,2013,3,482,0.7717842323651453,268,0.7686567164179104
2003,2013,3,472,0.777542372881356,190,0.7684210526315789
2004,2013,3,642,0.794392523364486,318,0.8081761006289309
2005,2013,3,686,0.7769679300291545,282,0.75177304964539
2006,2013,3,772,0.788860103626943,338,0.8047337278106509
2007,2013,3,656,0.7728658536585366,176,0.7159090909090909
2008,2013,3,722,0.7811634349030471,328,0.801829268292683
2009,2013,3,564,0.7854609929078015,170,0.7588235294117647
2010,2013,3,622,0.77491961414791,284,0.7605633802816901
2011,2013,3,784,0.8150510204081632,400,0.8275
2012,2013,3,500,0.804,104,0.7692307692307693
2013,2013,3,650,0.8261538461538461,298,0.825503355704698
1990,2043,3,342,0.5058479532163743,0,
1991,2043,3,442,0.5226244343891403,212,0.5
1992,2043,3,210,0.5238095238095238,20,0.35
1993,2043,3,156,0.5064102564102564,12,0.25
1994,2043,3,134,0.5298507462686567,6,0.6666666666666666
1995,2043,3,242,0.4628099173553719,100,0.39
1996,2043,3,186,0.489247311827957,10,0.2
1997,2043,3,150,0.49333333333333335,4,0.5
1998,2043,3,114,0.4649122807017544,8,0.5
1999,2043,3,400,0.4325,296,0.4222972972972973
2000,2043,3,404,0.4628712871287129,200,0.49
2001,2043,3,402,0.4228855721393035,182,0.44505494505494503
2002,2043,3,482,0.487551867219917,268,0.5186567164179104
2003,2043,3,474,0.42616033755274263,192,0.4114583333333333
2004,2043,3,644,0.42391304347826086,320,0.409375
2005,2043,3,688,0.438953488372093,282,0.4219858156028369
2006,2043,3,774,0.4509043927648579,338,0.47041420118343197
2007,2043,3,660,0.46515151515151515,178,0.47752808988764045
2008,2043,3,724,0.48342541436464087,328,0.49085365853658536
2009,2043,3,564,0.5053191489361702,170,0.5529411764705883
2010,2043,3,628,0.5031847133757962,290,0.49310344827586206
2011,2043,3,790,0.4911392405063291,406,0.49507389162561577
2012,2043,3,502,0.5079681274900398,104,0.5192307692307693
2013,2043,3,652,0.48619631901840493,298,0.4563758389261745
1990,2047,3,342,0.6871345029239766,0,
1991,2047,3,442,0.6855203619909502,212,0.6886792452830188
1992,2047,3,210,0.6857142857142857,20,0.65
1993,2047,3,156,0.6923076923076923,12,0.75
1994,2047,3,134,0.7089552238805971,6,0.6666666666666666
1995,2047,3,242,0.71900826446281,100,0.68
1996,2047,3,186,0.7473118279569892,10,0.9
1997,2047,3,150,0.78,4,0.75
1998,2047,3,114,0.8245614035087719,8,0.875
1999,2047,3,400,0.795,296,0.777027027027027
2000,2047,3,404,0.7797029702970297,200,0.795
2001,2047,3,402,0.8034825870646766,182,0.8571428571428571
2002,2047,3,482,0.7780082987551867,268,0.7835820895522388
2003,2047,3,474,0.7679324894514767,192,0.7447916666666666
2004,2047,3,644,0.7795031055900621,320,0.796875
2005,2047,3,688,0.7601744186046512,282,0.74822695035461
2006,2047,3,774,0.7506459948320413,338,0.7455621301775148
2007,2047,3,660,0.7606060606060606,178,0.7808988764044944
2008,2047,3,724,0.7279005524861878,328,0.7012195121951219
2009,2047,3,564,0.7659574468085106,170,0.7941176470588235
2010,2047,3,628,0.7738853503184714,290,0.7896551724137931
2011,2047,3,790,0.7506329113924051,406,0.7364532019704434
2012,2047,3,502,0.7649402390438247,104,0.7403846153846154
2013,2047,3,652,0.7653374233128835,298,0.7483221476510067
1990,2115,3,342,0.15497076023391812,0,
1991,2115,3,442,0.1493212669683258,212,0.14622641509433962
1992,2115,3,210,0.14285714285714285,20,0.1
1993,2115,3,156,0.15384615384615385,12,0.08333333333333333
1994,2115,3,134,0.1417910447761194,6,0.0
1995,2115,3,242,0.1487603305785124,100,0.15
1996,2115,3,186,0.16129032258064516,10,0.2
1997,2115,3,150,0.15333333333333332,4,0.5
1998,2115,3,114,0.17543859649122806,8,0.375
1999,2115,3,400,0.12,296,0.10135135135135136
2000,2115,3,404,0.13613861386138615,200,0.125
2001,2115,3,402,0.16169154228855723,182,0.17032967032967034
2002,2115,3,482,0.12655601659751037,268,0.12686567164179105
2003,2115,3,474,0.17088607594936708,192,0.21875
2004,2115,3,644,0.18012422360248448,320,0.1875
2005,2115,3,688,0.15406976744186046,282,0.1276595744680851
2006,2115,3,774,0.1744186046511628,338,0.1834319526627219
2007,2115,3,660,0.15151515151515152,178,0.11235955056179775
2008,2115,3,724,0.16298342541436464,328,0.14939024390243902
2009,2115,3,564,0.14716312056737588,170,0.1
2010,2115,3,628,0.18471337579617833,290,0.20344827586206896
2011,2115,3,790,0.1810126582278481,406,0.16748768472906403
2012,2115,3,502,0.19322709163346613,104,0.20192307692307693
2013,2115,3,652,0.18251533742331288,298,0.16778523489932887
1990,2132,3,342,0.8128654970760234,0,
1991,2132,3,442,0.8257918552036199,212,0.839622641509434
1992,2132,3,210,0.8095238095238095,20,0.85
1993,2132,3,156,0.8012820512820513,12,0.75
1994,2132,3,134,0.7611940298507462,6,0.5
1995,2132,3,242,0.6900826446280992,100,0.67
1996,2132,3,186,0.7043010752688172,10,0.7
1997,2132,3,150,0.72,4,1.0
1998,2132,3,114,0.7192982456140351,8,0.625
1999,2132,3,400,0.67,296,0.6621621621621622
2000,2132,3,404,0.6806930693069307,200,0.67
2001,2132,3,402,0.6691542288557214,182,0.6373626373626373
2002,2132,3,480,0.6520833333333333,266,0.6165413533834586
2003,2132,3,472,0.6716101694915254,190,0.7105263157894737
2004,2132,3,644,0.6816770186335404,320,0.69375
2005,2132,3,686,0.6661807580174927,280,0.6357142857142857
2006,2132,3,772,0.6411917098445595,338,0.6420118343195266
2007,2132,3,658,0.6504559270516718,178,0.6966292134831461
2008,2132,3,722,0.646814404432133,328,0.6737804878048781
2009,2132,3,562,0.6281138790035588,170,0.6176470588235294
2010,2132,3,626,0.6533546325878594,290,0.6379310344827587
2011,2132,3,788,0.6802030456852792,406,0.6896551724137931
2012,2132,3,500,0.69,104,0.7019230769230769
2013,2132,3,650,0.676923076923077,298,0.6510067114093959
1990,2138,3,336,0.4375,0,
1991,2138,3,438,0.45662100456621,212,0.47641509433962265
1992,2138,3,208,0.4182692307692308,20,0.4
1993,2138,3,154,0.44155844155844154,12,0.75
1994,2138,3,132,0.4090909090909091,6,0.3333333333333333
1995,2138,3,236,0.5211864406779662,98,0.5306122448979592
1996,2138,3,180,0.5444444444444444,10,0.6
1997,2138,3,146,0.5205479452054794,4,0.5
1998,2138,3,114,0.543859649122807,8,0.625
1999,2138,3,394,0.5685279187817259,290,0.5689655172413793
2000,2138,3,396,0.5782828282828283,196,0.6071428571428571
2001,2138,3,396,0.5883838383838383,182,0.6318681318681318
2002,2138,3,474,0.5632911392405063,266,0.5413533834586466
2003,2138,3,462,0.5930735930735931,188,0.601063829787234
2004,2138,3,628,0.6130573248407644,314,0.6369426751592356
2005,2138,3,670,0.5955223880597015,276,0.572463768115942
2006,2138,3,754,0.5915119363395226,334,0.5778443113772455
2007,2138,3,644,0.6211180124223602,176,0.6761363636363636
2008,2138,3,702,0.5897435897435898,320,0.575
2009,2138,3,548,0.5985401459854015,164,0.5975609756097561
2010,2138,3,602,0.6212624584717608,276,0.6413043478260869
2011,2138,3,760,0.5828947368421052,390,0.5564102564102564
2012,2138,3,484,0.5929752066115702,98,0.6530612244897959
2013,2138,3,624,0.594551282051282,286,0.6048951048951049
1990,2208,3,342,0.18128654970760233,0,
1991,2208,3,442,0.17873303167420815,212,0.19811320754716982
1992,2208,3,210,0.2,20,0.1
1993,2208,3,156,0.1987179487179487,12,0.16666666666666666
1994,2208,3,134,0.23880597014925373,6,0.16666666666666666
1995,2208,3,242,0.2024793388429752,100,0.24
1996,2208,3,186,0.16129032258064516,10,0.0
1997,2208,3,150,0.16,4,0.25
1998,2208,3,114,0.12280701754385964,8,0.0
1999,2208,3,400,0.18,296,0.19256756756756757
2000,2208,3,404,0.2202970297029703,200,0.26
2001,2208,3,402,0.19900497512437812,182,0.1813186813186813
2002,2208,3,482,0.21991701244813278,268,0.2126865671641791
2003,2208,3,474,0.23839662447257384,192,0.265625
2004,2208,3,644,0.2236024844720497,320,0.221875
2005,2208,3,688,0.22965116279069767,282,0.24113475177304963
2006,2208,3,774,0.22997416020671835,338,0.22781065088757396
2007,2208,3,660,0.22272727272727272,178,0.23595505617977527
2008,2208,3,722,0.21191135734072022,326,0.21779141104294478
2009,2208,3,564,0.21099290780141844,170,0.23529411764705882
2010,2208,3,626,0.16932907348242812,288,0.1527777777777778
2011,2208,3,788,0.19543147208121828,404,0.2079207920792079
2012,2208,3,502,0.21115537848605578,104,0.25
2013,2208,3,652,0.21319018404907975,298,0.2181208053691275
1990,2366,3,342,0.8771929824561403,0,
1991,2366,3,442,0.8416289592760181,212,0.8301886792452831
1992,2366,3,210,0.8476190476190476,20,0.95
1993,2366,3,156,0.8269230769230769,12,0.6666666666666666
1994,2366,3,134,0.8283582089552238,6,1.0
1995,2366,3,242,0.8264462809917356,100,0.82
1996,2366,3,186,0.8333333333333334,10,0.8
1997,2366,3,150,0.8333333333333334,4,0.75
1998,2366,3,114,0.8421052631578947,8,1.0
1999,2366,3,400,0.8375,296,0.831081081081081
2000,2366,3,404,0.8787128712871287,200,0.9
2001,2366,3,402,0.8731343283582089,182,0.8626373626373627
2002,2366,3,482,0.8672199170124482,268,0.8582089552238806
2003,2366,3,472,0.864406779661017,190,0.8526315789473684
2004,2366,3,644,0.8633540372670807,320,0.85625
2005,2366,3,688,0.876453488372093,282,0.8829787234042553
2006,2366,3,774,0.8669250645994832,338,0.8461538461538461
2007,2366,3,660,0.8575757575757575,178,0.8820224719101124
2008,2366,3,724,0.856353591160221,328,0.8536585365853658
2009,2366,3,564,0.8652482269503546,170,0.8941176470588236
2010,2366,3,628,0.8423566878980892,290,0.8413793103448276
2011,2366,3,788,0.8210659898477157,404,0.8193069306930693
2012,2366,3,500,0.822,102,0.7745098039215687
2013,2366,3,650,0.8184615384615385,298,0.8154362416107382
1990,2371,3,342,0.5935672514619883,0,
1991,2371,3,442,0.5859728506787331,212,0.5707547169811321
1992,2371,3,210,0.6047619047619047,20,0.65
1993,2371,3,156,0.5833333333333334,12,0.25
1994,2371,3,134,0.6119402985074627,6,0.8333333333333334
1995,2371,3,242,0.6570247933884298,100,0.74
1996,2371,3,186,0.6397849462365591,10,0.4
1997,2371,3,150,0.62,4,0.75
1998,2371,3,114,0.631578947368421,8,0.875
1999,2371,3,400,0.6075,296,0.6013513513513513
2000,2371,3,404,0.6485148514851485,200,0.67
2001,2371,3,402,0.6268656716417911,182,0.6208791208791209
2002,2371,3,474,0.6666666666666666,260,0.6653846153846154
2003,2371,3,468,0.6581196581196581,192,0.65625
2004,2371,3,638,0.6191222570532915,320,0.60625
2005,2371,3,680,0.6161764705882353,280,0.5857142857142857
2006,2371,3,770,0.6194805194805195,338,0.6301775147928994
2007,2371,3,660,0.6015151515151516,178,0.6123595505617978
2008,2371,3,724,0.6146408839779005,328,0.6067073170731707
2009,2371,3,564,0.6578014184397163,170,0.7176470588235294
2010,2371,3,628,0.6130573248407644,290,0.603448275862069
2011,2371,3,790,0.5949367088607594,406,0.6009852216748769
2012,2371,3,500,0.604,102,0.6078431372549019
2013,2371,3,648,0.5802469135802469,296,0.5574324324324325
1990,2392,3,342,0.7456140350877193,0,
1991,2392,3,442,0.753393665158371,212,0.7594339622641509
1992,2392,3,210,0.7571428571428571,20,0.8
1993,2392,3,156,0.7692307692307693,12,0.8333333333333334
1994,2392,3,134,0.7611940298507462,6,0.8333333333333334
1995,2392,3,242,0.731404958677686,100,0.67
1996,2392,3,186,0.7419354838709677,10,0.9
1997,2392,3,150,0.7466666666666667,4,0.75
1998,2392,3,114,0.7456140350877193,8,0.75
1999,2392,3,400,0.7325,296,0.7162162162162162
2000,2392,3,402,0.7935323383084577,198,0.797979797979798
2001,2392,3,402,0.8084577114427861,182,0.7967032967032966
2002,2392,3,482,0.8174273858921162,268,0.8246268656716418
2003,2392,3,474,0.8059071729957806,192,0.7864583333333334
2004,2392,3,644,0.7919254658385093,320,0.80625
2005,2392,3,688,0.7776162790697675,282,0.7836879432624113
2006,2392,3,774,0.7687338501291989,338,0.7662721893491125
2007,2392,3,660,0.759090909090909,178,0.7415730337078652
2008,2392,3,724,0.7320441988950276,328,0.7164634146341463
2009,2392,3,564,0.7553191489361702,170,0.788235294117647
2010,2392,3,628,0.7595541401273885,290,0.7689655172413793
2011,2392,3,790,0.7164556962025317,406,0.7167487684729064
2012,2392,3,502,0.7330677290836654,104,0.7788461538461539
2013,2392,3,652,0.7300613496932515,298,0.7281879194630873
1990,2470,3,342,0.8801169590643275,0,
1991,2470,3,442,0.8461538461538461,212,0.839622641509434
1992,2470,3,210,0.8571428571428571,20,0.9
1993,2470,3,156,0.8461538461538461,12,0.8333333333333334
1994,2470,3,134,0.8432835820895522,6,0.6666666666666666
1995,2470,3,242,0.8140495867768595,100,0.8
1996,2470,3,186,0.8333333333333334,10,1.0
1997,2470,3,150,0.8533333333333334,4,0.75
1998,2470,3,114,0.8596491228070176,8,1.0
1999,2470,3,400,0.8475,296,0.8445945945945946
2000,2470,3,404,0.8811881188118812,200,0.89
2001,2470,3,402,0.8781094527363185,182,0.8626373626373627
2002,2470,3,482,0.8755186721991701,268,0.8843283582089553
2003,2470,3,474,0.8670886075949367,192,0.859375
2004,2470,3,644,0.8695652173913043,320,0.8875
2005,2470,3,688,0.8517441860465116,282,0.8546099290780141
2006,2470,3,774,0.8527131782945736,338,0.8520710059171598
2007,2470,3,660,0.8681818181818182,178,0.8539325842696629
2008,2470,3,724,0.856353591160221,328,0.850609756097561
2009,2470,3,564,0.8617021276595744,170,0.8117647058823529
2010,2470,3,628,0.8773885350318471,290,0.8586206896551725
2011,2470,3,790,0.9050632911392406,406,0.9187192118226601
2012,2470,3,502,0.8824701195219123,104,0.8846153846153846
2013,2470,3,652,0.8941717791411042,298,0.8993288590604027
1990,2584,4,342,0.8654970760233918,0,
1991,2584,4,442,0.8914027149321267,212,0.8820754716981132
1992,2584,4,210,0.8666666666666667,20,0.9
1993,2584,4,156,0.8717948717948718,12,0.8333333333333334
1994,2584,4,134,0.8582089552238806,6,0.3333333333333333
1995,2584,4,242,0.8305785123966942,100,0.8
1996,2584,4,186,0.8655913978494624,10,1.0
1997,2584,4,150,0.8733333333333333,4,0.75
1998,2584,4,114,0.8508771929824561,8,0.875
1999,2584,4,400,0.87,296,0.8716216216216216
2000,2584,4,404,0.8762376237623762,200,0.885
2001,2584,4,402,0.8781094527363185,182,0.8681318681318682
2002,2584,4,482,0.8921161825726142,268,0.8917910447761194
2003,2584,4,474,0.8924050632911392,192,0.875
2004,2584,4,644,0.8913043478260869,320,0.8875
2005,2584,4,688,0.9069767441860465,282,0.925531914893617
2006,2584,4,774,0.8979328165374677,338,0.8964497041420119
2007,2584,4,660,0.8939393939393939,178,0.8932584269662921
2008,2584,4,724,0.9129834254143646,328,0.926829268292683
2009,2584,4,564,0.898936170212766,170,0.9235294117647059
2010,2584,4,628,0.8837579617834395,290,0.8896551724137931
2011,2584,4,790,0.8810126582278481,406,0.8694581280788177
2012,2584,4,502,0.8864541832669323,104,0.8942307692307693
2013,2584,4,652,0.8941717791411042,298,0.9026845637583892
1990,2744,4,342,0.631578947368421,0,
1991,2744,4,442,0.6040723981900452,212,0.6084905660377359
1992,2744,4,210,0.6,20,0.7
1993,2744,4,156,0.5769230769230769,12,0.5833333333333334
1994,2744,4,134,0.5671641791044776,6,0.5
1995,2744,4,242,0.5785123966942148,100,0.52
1996,2744,4,186,0.6021505376344086,10,0.6
1997,2744,4,150,0.6333333333333333,4,1.0
1998,2744,4,114,0.631578947368421,8,0.5
1999,2744,4,400,0.6725,296,0.6858108108108109
2000,2744,4,404,0.6188118811881188,200,0.585
2001,2744,4,402,0.6393034825870647,182,0.6648351648351648
2002,2744,4,482,0.6576763485477178,268,0.7052238805970149
2003,2744,4,474,0.6434599156118144,192,0.625
2004,2744,4,642,0.6526479750778816,320,0.634375
2005,2744,4,686,0.6341107871720116,282,0.6134751773049646
2006,2744,4,772,0.6528497409326425,338,0.6390532544378699
2007,2744,4,658,0.6276595744680851,178,0.6235955056179775
2008,2744,4,722,0.6371191135734072,328,0.6280487804878049
2009,2744,4,564,0.6578014184397163,170,0.7411764705882353
2010,2744,4,628,0.6194267515923567,290,0.6103448275862069
2011,2744,4,788,0.6091370558375635,404,0.5866336633663366
2012,2744,4,502,0.5776892430278885,104,0.49038461538461536
2013,2744,4,652,0.5797546012269938,298,0.5637583892617449
1990,2765,4,342,0.6871345029239766,0,
1991,2765,4,442,0.6990950226244343,212,0.6981132075471698
1992,2765,4,210,0.7047619047619048,20,0.9
1993,2765,4,156,0.6730769230769231,12,0.6666666666666666
1994,2765,4,134,0.6119402985074627,6,0.3333333333333333
1995,2765,4,242,0.6694214876033058,100,0.77
1996,2765,4,186,0.6451612903225806,10,0.5
1997,2765,4,150,0.6666666666666666,4,0.75
1998,2765,4,114,0.6754385964912281,8,0.625
1999,2765,4,400,0.6475,296,0.6486486486486487
2000,2765,4,404,0.6633663366336634,200,0.7
2001,2765,4,402,0.6766169154228856,182,0.6923076923076923
2002,2765,4,482,0.6970954356846473,268,0.7126865671641791
2003,2765,4,474,0.6645569620253164,192,0.65625
2004,2765,4,644,0.687888198757764,320,0.690625
2005,2765,4,688,0.690406976744186,282,0.6879432624113475
2006,2765,4,774,0.6873385012919897,338,0.7100591715976331
2007,2765,4,660,0.6727272727272727,178,0.6741573033707865
2008,2765,4,724,0.6850828729281768,328,0.6615853658536586
2009,2765,4,564,0.700354609929078,170,0.7058823529411765
2010,2765,4,628,0.6703821656050956,290,0.6586206896551724
2011,2765,4,790,0.6886075949367089,406,0.6896551724137931
2012,2765,4,502,0.6772908366533864,104,0.6826923076923077
2013,2765,4,652,0.6855828220858896,298,0.6845637583892618
1990,2855,4,340,0.3088235294117647,0,
1991,2855,4,438,0.273972602739726,210,0.2761904761904762
1992,2855,4,210,0.28095238095238095,20,0.4
1993,2855,4,156,0.26282051282051283,12,0.25
1994,2855,4,134,0.29850746268656714,6,0.3333333333333333
1995,2855,4,242,0.3347107438016529,100,0.33
1996,2855,4,186,0.3172043010752688,10,0.4
1997,2855,4,150,0.32,4,0.5
1998,2855,4,114,0.3157894736842105,8,0.25
1999,2855,4,400,0.315,296,0.3108108108108108
2000,2855,4,404,0.3316831683168317,200,0.33
2001,2855,4,402,0.3582089552238806,182,0.3626373626373626
2002,2855,4,482,0.35477178423236516,268,0.35447761194029853
2003,2855,4,474,0.3628691983122363,192,0.3333333333333333
2004,2855,4,642,0.38006230529595014,318,0.37735849056603776
2005,2855,4,688,0.3648255813953488,282,0.35106382978723405
2006,2855,4,774,0.36563307493540054,338,0.363905325443787
2007,2855,4,660,0.3712121212121212,178,0.33707865168539325
2008,2855,4,724,0.38950276243093923,328,0.3932926829268293
2009,2855,4,564,0.374113475177305,170,0.40588235294117647
2010,2855,4,628,0.3837579617834395,290,0.41724137931034483
2011,2855,4,782,0.36061381074168797,398,0.36180904522613067
2012,2855,4,502,0.3605577689243028,104,0.34615384615384615
2013,2855,4,652,0.3512269938650307,298,0.3624161073825503
1990,2878,5,342,0.7192982456140351,0,
1991,2878,5,442,0.748868778280543,212,0.7783018867924528
1992,2878,5,210,0.7523809523809524,20,0.8
1993,2878,5,156,0.7051282051282052,12,0.75
1994,2878,5,134,0.7164179104477612,6,0.8333333333333334
1995,2878,5,242,0.6776859504132231,100,0.59
1996,2878,5,186,0.6989247311827957,10,0.7
1997,2878,5,150,0.6866666666666666,4,0.5
1998,2878,5,114,0.6666666666666666,8,0.75
1999,2878,5,400,0.7075,296,0.7162162162162162
2000,2878,5,404,0.6955445544554455,200,0.675
2001,2878,5,402,0.6616915422885572,182,0.6263736263736264
2002,2878,5,482,0.6307053941908713,268,0.6082089552238806
2003,2878,5,474,0.6561181434599156,192,0.6354166666666666
2004,2878,5,644,0.6692546583850931,320,0.671875
2005,2878,5,686,0.6807580174927114,280,0.6607142857142857
2006,2878,5,772,0.6852331606217616,338,0.6715976331360947
2007,2878,5,658,0.71580547112462,178,0.7640449438202247
2008,2878,5,722,0.724376731301939,328,0.7530487804878049
2009,2878,5,562,0.702846975088968,170,0.6941176470588235
2010,2878,5,626,0.694888178913738,290,0.6931034482758621
2011,2878,5,788,0.6573604060913706,406,0.645320197044335
2012,2878,5,500,0.66,104,0.6442307692307693
2013,2878,5,650,0.6523076923076923,298,0.6409395973154363
1990,2912,5,342,0.5730994152046783,0,
1991,2912,5,442,0.6153846153846154,212,0.6320754716981132
1992,2912,5,210,0.6142857142857143,20,0.55
1993,2912,5,156,0.5897435897435898,12,0.5833333333333334
1994,2912,5,134,0.5746268656716418,6,0.3333333333333333
1995,2912,5,242,0.6074380165289256,100,0.66
1996,2912,5,186,0.5698924731182796,10,0.4
1997,2912,5,150,0.54,4,0.5
1998,2912,5,114,0.5614035087719298,8,0.625
1999,2912,5,400,0.5475,296,0.5472972972972973
2000,2912,5,404,0.6163366336633663,200,0.64
2001,2912,5,402,0.6517412935323383,182,0.7087912087912088
2002,2912,5,482,0.6203319502074689,268,0.6417910447761194
2003,2912,5,474,0.5991561181434599,192,0.59375
2004,2912,5,644,0.577639751552795,320,0.559375
2005,2912,5,688,0.5625,282,0.5673758865248227
2006,2912,5,774,0.5503875968992248,338,0.5295857988165681
2007,2912,5,658,0.5319148936170213,176,0.5397727272727273
2008,2912,5,724,0.5428176795580111,328,0.551829268292683
2009,2912,5,564,0.5372340425531915,170,0.5529411764705883
2010,2912,5,628,0.5063694267515924,290,0.496551724137931
2011,2912,5,790,0.5113924050632911,406,0.5197044334975369
2012,2912,5,502,0.5099601593625498,104,0.5096153846153846
2013,2912,5,652,0.5291411042944786,298,0.5503355704697986
1990,2928,5,340,0.8352941176470589,0,
1991,2928,5,438,0.8287671232876712,210,0.8333333333333334
1992,2928,5,208,0.8028846153846154,20,0.65
1993,2928,5,156,0.7884615384615384,12,0.75
1994,2928,5,134,0.8134328358208955,6,1.0
1995,2928,5,242,0.8801652892561983,100,0.89
1996,2928,5,186,0.8709677419354839,10,0.8
1997,2928,5,150,0.8666666666666667,4,1.0
1998,2928,5,114,0.8771929824561403,8,0.875
1999,2928,5,400,0.8725,296,0.8682432432432432
2000,2928,5,404,0.8811881188118812,200,0.87
2001,2928,5,402,0.8781094527363185,182,0.8846153846153846
2002,2928,5,482,0.8941908713692946,268,0.9104477611940298
2003,2928,5,474,0.879746835443038,192,0.875
2004,2928,5,644,0.8835403726708074,320,0.878125
2005,2928,5,688,0.877906976744186,282,0.8617021276595744
2006,2928,5,774,0.8617571059431525,338,0.8431952662721893
2007,2928,5,660,0.8772727272727273,178,0.8764044943820225
2008,2928,5,724,0.8798342541436464,328,0.8932926829268293
2009,2928,5,564,0.8652482269503546,170,0.8764705882352941
2010,2928,5,628,0.8550955414012739,290,0.8413793103448276
2011,2928,5,790,0.8455696202531645,406,0.8448275862068966
2012,2928,5,502,0.848605577689243,104,0.8461538461538461
2013,2928,5,652,0.8496932515337423,298,0.8557046979865772
1990,2939,5,342,0.7807017543859649,0,
1991,2939,5,442,0.7895927601809954,212,0.8066037735849056
1992,2939,5,210,0.7666666666666667,20,0.85
1993,2939,5,156,0.7628205128205128,12,0.6666666666666666
1994,2939,5,134,0.7686567164179104,6,0.6666666666666666
1995,2939,5,242,0.7066115702479339,100,0.68
1996,2939,5,186,0.7258064516129032,10,0.7
1997,2939,5,150,0.7133333333333334,4,0.5
1998,2939,5,114,0.6842105263157895,8,0.5
1999,2939,5,396,0.7222222222222222,292,0.7294520547945206
2000,2939,5,402,0.7139303482587065,200,0.71
2001,2939,5,402,0.7288557213930348,182,0.7417582417582418
2002,2939,5,478,0.7050209205020921,264,0.678030303030303
2003,2939,5,468,0.7094017094017094,190,0.6947368421052632
2004,2939,5,640,0.7296875,320,0.746875
2005,2939,5,684,0.7353801169590644,282,0.7304964539007093
2006,2939,5,770,0.7415584415584415,338,0.742603550295858
2007,2939,5,658,0.7492401215805471,178,0.7640449438202247
2008,2939,5,716,0.75,322,0.7484472049689441
2009,2939,5,560,0.7678571428571429,170,0.8
2010,2939,5,618,0.7540453074433657,284,0.75
2011,2939,5,784,0.7283163265306123,404,0.7128712871287128
2012,2939,5,494,0.7550607287449392,104,0.7980769230769231
2013,2939,5,642,0.7616822429906542,294,0.7721088435374149
1990,3041,5,342,0.2719298245614035,0,
1991,3041,5,442,0.2239819004524887,212,0.22641509433962265
1992,3041,5,210,0.19047619047619047,20,0.2
1993,3041,5,156,0.20512820512820512,12,0.4166666666666667
1994,3041,5,134,0.208955223880597,6,0.0
1995,3041,5,242,0.2024793388429752,100,0.2
1996,3041,5,186,0.22043010752688172,10,0.4
1997,3041,5,150,0.20666666666666667,4,0.5
1998,3041,5,114,0.21052631578947367,8,0.125
1999,3041,5,400,0.2425,296,0.25675675675675674
2000,3041,5,404,0.2376237623762376,200,0.235
2001,3041,5,402,0.29850746268656714,182,0.3241758241758242
2002,3041,5,482,0.27800829875518673,268,0.26119402985074625
2003,3041,5,474,0.2679324894514768,192,0.24479166666666666
2004,3041,5,644,0.2748447204968944,320,0.28125
2005,3041,5,688,0.2819767441860465,282,0.2765957446808511
2006,3041,5,774,0.27002583979328165,338,0.23372781065088757
2007,3041,5,658,0.2674772036474164,176,0.29545454545454547
2008,3041,5,724,0.27486187845303867,328,0.2865853658536585
2009,3041,5,564,0.2624113475177305,170,0.23529411764705882
2010,3041,5,628,0.24522292993630573,290,0.24482758620689654
2011,3041,5,790,0.23417721518987342,406,0.22167487684729065
2012,3041,5,502,0.22709163346613545,104,0.23076923076923078
2013,3041,5,652,0.2331288343558282,298,0.25838926174496646
1990,3086,5,342,0.39766081871345027,0,
1991,3086,5,442,0.41402714932126694,212,0.38207547169811323
1992,3086,5,210,0.3904761904761905,20,0.35
1993,3086,5,156,0.4358974358974359,12,0.5833333333333334
1994,3086,5,134,0.4253731343283582,6,0.3333333333333333
1995,3086,5,242,0.41735537190082644,100,0.38
1996,3086,5,186,0.43010752688172044,10,0.4
1997,3086,5,150,0.44666666666666666,4,1.0
1998,3086,5,114,0.4473684210526316,8,0.375
1999,3086,5,400,0.4075,296,0.3918918918918919
2000,3086,5,404,0.41336633663366334,200,0.37
2001,3086,5,402,0.417910447761194,182,0.3791208791208791
2002,3086,5,482,0.4211618257261411,268,0.4141791044776119
2003,3086,5,474,0.4409282700421941,192,0.4583333333333333
2004,3086,5,642,0.40342679127725856,318,0.39937106918238996
2005,3086,5,688,0.41569767441860467,282,0.425531914893617
2006,3086,5,774,0.37467700258397935,338,0.3668639053254438
2007,3086,5,660,0.4106060606060606,178,0.4606741573033708
2008,3086,5,724,0.38950276243093923,328,0.39634146341463417
2009,3086,5,564,0.40425531914893614,170,0.4294117647058823
2010,3086,5,628,0.3996815286624204,290,0.4
2011,3086,5,790,0.38354430379746834,406,0.3817733990147783
2012,3086,5,502,0.3605577689243028,104,0.25961538461538464
2013,3086,5,652,0.3895705521472393,298,0.40939597315436244
1990,3149,5,342,0.31871345029239767,0,
1991,3149,5,442,0.332579185520362,212,0.32547169811320753
1992,3149,5,210,0.3476190476190476,20,0.2
1993,3149,5,156,0.3076923076923077,12,0.3333333333333333
1994,3149,5,134,0.27611940298507465,6,0.0
1995,3149,5,242,0.2603305785123967,100,0.26
1996,3149,5,186,0.26344086021505375,10,0.4
1997,3149,5,150,0.26,4,0.25
1998,3149,5,114,0.2543859649122807,8,0.375
1999,3149,5,400,0.2875,296,0.2972972972972973
2000,3149,5,404,0.2623762376237624,200,0.275
2001,3149,5,402,0.2537313432835821,182,0.24725274725274726
2002,3149,5,482,0.2551867219917012,268,0.2537313432835821
2003,3149,5,474,0.25949367088607594,192,0.22916666666666666
2004,3149,5,644,0.27639751552795033,320,0.275
2005,3149,5,686,0.30029154518950435,280,0.29642857142857143
2006,3149,5,772,0.30958549222797926,338,0.3136094674556213
2007,3149,5,658,0.3221884498480243,178,0.3258426966292135
2008,3149,5,722,0.31024930747922436,328,0.3231707317073171
2009,3149,5,562,0.28647686832740216,170,0.23529411764705882
2010,3149,5,626,0.3003194888178914,290,0.3137931034482759
2011,3149,5,788,0.3210659898477157,406,0.33251231527093594
2012,3149,5,500,0.318,104,0.3269230769230769
2013,3149,5,650,0.2907692307692308,298,0.2651006711409396
1990,3172,5,342,0.34210526315789475,0,
1991,3172,5,442,0.3257918552036199,212,0.33490566037735847
1992,3172,5,210,0.3,20,0.2
1993,3172,5,156,0.30128205128205127,12,0.3333333333333333
1994,3172,5,134,0.26119402985074625,6,0.16666666666666666
1995,3172,5,242,0.2603305785123967,100,0.23
1996,3172,5,186,0.27419354838709675,10,0.5
1997,3172,5,150,0.32,4,0.5
1998,3172,5,114,0.34210526315789475,8,0.375
1999,3172,5,400,0.3525,296,0.35135135135135137
2000,3172,5,404,0.3193069306930693,200,0.29
2001,3172,5,402,0.373134328358209,182,0.38461538461538464
2002,3172,5,482,0.3921161825726141,268,0.39552238805970147
2003,3172,5,474,0.3924050632911392,192,0.4010416666666667
2004,3172,5,644,0.40683229813664595,320,0.421875
2005,3172,5,688,0.3953488372093023,282,0.37943262411347517
2006,3172,5,774,0.43669250645994834,338,0.4437869822485207
2007,3172,5,660,0.41818181818181815,178,0.3539325842696629
2008,3172,5,724,0.43370165745856354,328,0.4481707317073171
2009,3172,5,564,0.4166666666666667,170,0.4176470588235294
2010,3172,5,628,0.4538216560509554,290,0.503448275862069
2011,3172,5,786,0.45165394402035625,402,0.4552238805970149
2012,3172,5,502,0.46215139442231074,104,0.4326923076923077
2013,3172,5,652,0.4754601226993865,298,0.4899328859060403
1990,3330,5,338,0.17455621301775148,0,
1991,3330,5,434,0.20046082949308755,208,0.22115384615384615
1992,3330,5,206,0.18446601941747573,20,0.15
1993,3330,5,152,0.1513157894736842,12,0.3333333333333333
1994,3330,5,130,0.15384615384615385,6,0.16666666666666666
1995,3330,5,240,0.20416666666666666,100,0.21
1996,3330,5,184,0.20108695652173914,10,0.2
1997,3330,5,148,0.22297297297297297,4,0.5
1998,3330,5,114,0.22807017543859648,8,0.125
1999,3330,5,400,0.205,296,0.20608108108108109
2000,3330,5,404,0.19306930693069307,200,0.16
2001,3330,5,402,0.19402985074626866,182,0.1978021978021978
2002,3330,5,482,0.21369294605809128,268,0.20149253731343283
2003,3330,5,474,0.2109704641350211,192,0.19270833333333334
2004,3330,5,644,0.22981366459627328,320,0.228125
2005,3330,5,688,0.22238372093023256,282,0.2375886524822695
2006,3330,5,774,0.2248062015503876,338,0.22781065088757396
2007,3330,5,660,0.19242424242424241,178,0.16292134831460675
2008,3330,5,724,0.20994475138121546,328,0.20426829268292682
2009,3330,5,564,0.20921985815602837,170,0.17058823529411765
2010,3330,5,628,0.1926751592356688,290,0.18275862068965518
2011,3330,5,788,0.20431472081218274,404,0.19306930693069307
2012,3330,5,502,0.18127490039840638,104,0.15384615384615385
2013,3330,5,652,0.19631901840490798,298,0.21476510067114093
1990,3413,6,342,0.6695906432748538,0,
1991,3413,6,442,0.665158371040724,212,0.6415094339622641
1992,3413,6,210,0.6571428571428571,20,0.75
1993,3413,6,156,0.6602564102564102,12,0.5
1994,3413,6,134,0.6492537313432836,6,0.6666666666666666
1995,3413,6,242,0.6735537190082644,100,0.69
1996,3413,6,186,0.6451612903225806,10,0.6
1997,3413,6,150,0.6333333333333333,4,0.5
1998,3413,6,114,0.5877192982456141,8,0.625
1999,3413,6,400,0.6575,296,0.6756756756756757
2000,3413,6,404,0.6633663366336634,200,0.71
2001,3413,6,402,0.6417910447761194,182,0.6483516483516484
2002,3413,6,482,0.6514522821576764,268,0.6567164179104478
2003,3413,6,472,0.663135593220339,190,0.7
2004,3413,6,644,0.672360248447205,320,0.7
2005,3413,6,688,0.6627906976744186,282,0.6595744680851063
2006,3413,6,774,0.661498708010336,338,0.6390532544378699
2007,3413,6,660,0.6515151515151515,178,0.6292134831460674
2008,3413,6,724,0.664364640883978,328,0.6463414634146342
2009,3413,6,564,0.6453900709219859,170,0.5823529411764706
2010,3413,6,628,0.7085987261146497,290,0.7344827586206897
2011,3413,6,790,0.7025316455696202,406,0.687192118226601
2012,3413,6,502,0.701195219123506,104,0.6442307692307693
2013,3413,6,652,0.691717791411043,298,0.6644295302013423
1990,3493,6,342,0.4502923976608187,0,
1991,3493,6,442,0.4298642533936652,212,0.42452830188679247
1992,3493,6,210,0.45714285714285713,20,0.4
1993,3493,6,156,0.4230769230769231,12,0.3333333333333333
1994,3493,6,134,0.4253731343283582,6,0.5
1995,3493,6,242,0.4214876033057851,100,0.39
1996,3493,6,186,0.43548387096774194,10,0.6
1997,3493,6,150,0.46,4,0.5
1998,3493,6,114,0.4473684210526316,8,0.375
1999,3493,6,400,0.4125,296,0.40202702702702703
2000,3493,6,404,0.39851485148514854,200,0.4
2001,3493,6,402,0.41044776119402987,182,0.4010989010989011
2002,3493,6,482,0.42323651452282157,268,0.43283582089552236
2003,3493,6,474,0.3924050632911392,192,0.3802083333333333
2004,3493,6,644,0.44565217391304346,320,0.478125
2005,3493,6,688,0.41569767441860467,282,0.39361702127659576
2006,3493,6,774,0.41472868217054265,338,0.4289940828402367
2007,3493,6,660,0.4090909090909091,178,0.3707865168539326
2008,3493,6,724,0.4198895027624309,328,0.4268292682926829
2009,3493,6,564,0.4024822695035461,170,0.3352941176470588
2010,3493,6,628,0.4012738853503185,290,0.3758620689655172
2011,3493,6,790,0.4139240506329114,406,0.41133004926108374
2012,3493,6,502,0.4243027888446215,104,0.41346153846153844
2013,3493,6,652,0.4677914110429448,298,0.5
1990,3512,6,342,0.26900584795321636,0,
1991,3512,6,442,0.27601809954751133,212,0.30660377358490565
1992,3512,6,210,0.2904761904761905,20,0.2
1993,3512,6,156,0.2692307692307692,12,0.3333333333333333
1994,3512,6,134,0.23880597014925373,6,0.16666666666666666
1995,3512,6,242,0.24380165289256198,100,0.26
1996,3512,6,186,0.23655913978494625,10,0.3
1997,3512,6,150,0.23333333333333334,4,0.5
1998,3512,6,114,0.22807017543859648,8,0.125
1999,3512,6,400,0.22,296,0.22297297297297297
2000,3512,6,404,0.2871287128712871,200,0.325
2001,3512,6,402,0.27860696517412936,182,0.2967032967032967
2002,3512,6,482,0.23651452282157676,268,0.21641791044776118
2003,3512,6,472,0.21398305084745764,190,0.16842105263157894
2004,3512,6,644,0.2375776397515528,320,0.24375
2005,3512,6,688,0.22674418604651161,282,0.24822695035460993
2006,3512,6,774,0.21705426356589147,338,0.20710059171597633
2007,3512,6,660,0.21515151515151515,178,0.24157303370786518
2008,3512,6,724,0.22099447513812154,328,0.21341463414634146
2009,3512,6,564,0.20921985815602837,170,0.21764705882352942
2010,3512,6,628,0.18630573248407642,290,0.15862068965517243
2011,3512,6,790,0.19367088607594937,406,0.19458128078817735
2012,3512,6,502,0.17131474103585656,104,0.17307692307692307
2013,3512,6,652,0.16717791411042945,298,0.1610738255033557
1990,3521,6,342,0.7807017543859649,0,
1991,3521,6,442,0.753393665158371,212,0.7735849056603774
1992,3521,6,210,0.7476190476190476,20,0.75
1993,3521,6,156,0.7692307692307693,12,0.8333333333333334
1994,3521,6,134,0.7835820895522388,6,1.0
1995,3521,6,242,0.7520661157024794,100,0.76
1996,3521,6,186,0.7580645161290323,10,0.8
1997,3521,6,150,0.7466666666666667,4,0.75
1998,3521,6,114,0.7631578947368421,8,1.0
1999,3521,6,400,0.79,296,0.8006756756756757
2000,3521,6,404,0.8044554455445545,200,0.835
2001,3521,6,402,0.8009950248756219,182,0.8241758241758241
2002,3521,6,482,0.8091286307053942,268,0.832089552238806
2003,3521,6,474,0.7869198312236287,192,0.7604166666666666
2004,3521,6,644,0.8043478260869565,320,0.815625
2005,3521,6,688,0.7776162790697675,282,0.7446808510638298
2006,3521,6,774,0.7816537467700259,338,0.7958579881656804
2007,3521,6,660,0.7848484848484848,178,0.797752808988764
2008,3521,6,724,0.7859116022099447,328,0.8140243902439024
2009,3521,6,564,0.7624113475177305,170,0.6882352941176471
2010,3521,6,628,0.7754777070063694,290,0.7551724137931034
2011,3521,6,790,0.7835443037974683,406,0.7758620689655172
2012,3521,6,502,0.8286852589641435,104,0.8653846153846154
2013,3521,6,652,0.8328220858895705,298,0.8221476510067114
1990,3695,6,342,0.13157894736842105,0,
1991,3695,6,442,0.1583710407239819,212,0.15566037735849056
1992,3695,6,210,0.14761904761904762,20,0.3
1993,3695,6,156,0.14743589743589744,12,0.16666666666666666
1994,3695,6,134,0.12686567164179105,6,0.16666666666666666
1995,3695,6,242,0.128099173553719,100,0.11
1996,3695,6,186,0.15053763440860216,10,0.3
1997,3695,6,150,0.15333333333333332,4,0.0
1998,3695,6,114,0.16666666666666666,8,0.0
1999,3695,6,400,0.17,296,0.17229729729729729
2000,3695,6,404,0.15346534653465346,200,0.15
2001,3695,6,402,0.1791044776119403,182,0.19230769230769232
2002,3695,6,480,0.14791666666666667,266,0.15037593984962405
2003,3695,6,474,0.12447257383966245,192,0.078125
2004,3695,6,644,0.13198757763975155,320,0.125
2005,3695,6,688,0.15261627906976744,282,0.17375886524822695
2006,3695,6,774,0.16925064599483206,338,0.16272189349112426
2007,3695,6,660,0.15,178,0.11797752808988764
2008,3695,6,724,0.17265193370165746,328,0.17682926829268292
2009,3695,6,564,0.18617021276595744,170,0.22941176470588234
2010,3695,6,628,0.15605095541401273,290,0.13448275862068965
2011,3695,6,790,0.1620253164556962,406,0.1748768472906404
2012,3695,6,502,0.16733067729083664,104,0.2403846153846154
2013,3695,6,652,0.16257668711656442,298,0.18120805369127516
1990,3739,6,342,0.1023391812865497,0,
1991,3739,6,442,0.08144796380090498,212,0.08018867924528301
1992,3739,6,210,0.1,20,0.2
1993,3739,6,156,0.07051282051282051,12,0.0
1994,3739,6,134,0.08208955223880597,6,0.16666666666666666
1995,3739,6,242,0.10743801652892562,100,0.1
1996,3739,6,186,0.11290322580645161,10,0.1
1997,3739,6,150,0.13333333333333333,4,0.5
1998,3739,6,114,0.13157894736842105,8,0.25
1999,3739,6,400,0.1075,296,0.09797297297297297
2000,3739,6,404,0.12128712871287128,200,0.105
2001,3739,6,402,0.11442786069651742,182,0.0989010989010989
2002,3739,6,482,0.12240663900414937,268,0.13805970149253732
2003,3739,6,474,0.1160337552742616,192,0.10416666666666667
2004,3739,6,644,0.12422360248447205,320,0.13125
2005,3739,6,688,0.12645348837209303,282,0.12411347517730496
2006,3739,6,774,0.12532299741602068,338,0.11834319526627218
2007,3739,6,660,0.12424242424242424,178,0.11797752808988764
2008,3739,6,724,0.15331491712707182,328,0.17682926829268292
2009,3739,6,564,0.1347517730496454,170,0.12941176470588237
2010,3739,6,628,0.12261146496815287,290,0.1206896551724138
2011,3739,6,790,0.12784810126582277,406,0.12807881773399016
2012,3739,6,502,0.14143426294820718,104,0.15384615384615385
2013,3739,6,652,0.1303680981595092,298,0.14093959731543623
1990,3796,7,342,0.7807017543859649,0,
1991,3796,7,442,0.832579185520362,212,0.839622641509434
1992,3796,7,210,0.8142857142857143,20,0.95
1993,3796,7,156,0.8205128205128205,12,0.8333333333333334
1994,3796,7,134,0.8432835820895522,6,0.8333333333333334
1995,3796,7,242,0.8512396694214877,100,0.86
1996,3796,7,186,0.8602150537634409,10,0.7
1997,3796,7,150,0.8466666666666667,4,0.75
1998,3796,7,114,0.8333333333333334,8,0.625
1999,3796,7,400,0.7775,296,0.7567567567567568
2000,3796,7,404,0.7772277227722773,200,0.79
2001,3796,7,402,0.7711442786069652,182,0.7802197802197802
2002,3796,7,482,0.7614107883817427,268,0.746268656716418
2003,3796,7,474,0.7763713080168776,192,0.7916666666666666
2004,3796,7,644,0.7748447204968945,320,0.778125
2005,3796,7,688,0.7572674418604651,282,0.7269503546099291
2006,3796,7,774,0.7635658914728682,338,0.7751479289940828
2007,3796,7,660,0.7378787878787879,178,0.6797752808988764
2008,3796,7,724,0.755524861878453,328,0.7530487804878049
2009,3796,7,564,0.7358156028368794,170,0.7352941176470589
2010,3796,7,628,0.7372611464968153,290,0.7517241379310344
2011,3796,7,790,0.760759493670886,406,0.770935960591133
2012,3796,7,502,0.749003984063745,104,0.7788461538461539
2013,3796,7,652,0.7745398773006135,298,0.7885906040268457
1990,3813,7,342,0.43859649122807015,0,
1991,3813,7,440,0.4818181818181818,210,0.47619047619047616
1992,3813,7,210,0.5142857142857142,20,0.35
1993,3813,7,156,0.5192307692307693,12,0.4166666666666667
1994,3813,7,134,0.5298507462686567,6,0.3333333333333333
1995,3813,7,242,0.49586776859504134,100,0.47
1996,3813,7,186,0.478494623655914,10,0.2
1997,3813,7,150,0.46,4,0.5
1998,3813,7,114,0.4298245614035088,8,0.5
1999,3813,7,400,0.46,296,0.46621621621621623
2000,3813,7,404,0.4430693069306931,200,0.475
2001,3813,7,402,0.41044776119402987,182,0.42857142857142855
2002,3813,7,482,0.38589211618257263,268,0.376865671641791
2003,3813,7,474,0.41350210970464135,192,0.46875
2004,3813,7,644,0.42391304347826086,320,0.453125
2005,3813,7,686,0.3965014577259475,280,0.3607142857142857
2006,3813,7,772,0.43134715025906734,338,0.4526627218934911
2007,3813,7,658,0.4027355623100304,178,0.37640449438202245
2008,3813,7,722,0.43351800554016623,328,0.4451219512195122
2009,3813,7,562,0.45907473309608543,170,0.4588235294117647
2010,3813,7,626,0.45527156549520764,290,0.4724137931034483
2011,3813,7,786,0.44783715012722647,404,0.45544554455445546
2012,3813,7,500,0.448,104,0.47115384615384615
2013,3813,7,650,0.4461538461538462,298,0.4563758389261745
1990,3819,7,342,0.8362573099415205,0,
1991,3819,7,442,0.8574660633484162,212,0.8632075471698113
1992,3819,7,210,0.861904761904762,20,0.9
1993,3819,7,156,0.8717948717948718,12,0.9166666666666666
1994,3819,7,134,0.8731343283582089,6,1.0
1995,3819,7,242,0.859504132231405,100,0.88
1996,3819,7,186,0.8440860215053764,10,1.0
1997,3819,7,150,0.84,4,0.75
1998,3819,7,114,0.868421052631579,8,0.875
1999,3819,7,400,0.875,296,0.8783783783783784
2000,3819,7,402,0.8482587064676617,198,0.8383838383838383
2001,3819,7,402,0.8631840796019901,182,0.8626373626373627
2002,3819,7,482,0.8443983402489627,268,0.8507462686567164
2003,3819,7,474,0.8333333333333334,192,0.8072916666666666
2004,3819,7,644,0.8105590062111802,320,0.8
2005,3819,7,688,0.8212209302325582,282,0.8262411347517731
2006,3819,7,774,0.8281653746770026,338,0.8372781065088757
2007,3819,7,660,0.8075757575757576,178,0.797752808988764
2008,3819,7,724,0.7638121546961326,328,0.7439024390243902
2009,3819,7,564,0.7429078014184397,170,0.7176470588235294
2010,3819,7,628,0.7197452229299363,290,0.6931034482758621
2011,3819,7,790,0.7354430379746836,406,0.7266009852216748
2012,3819,7,502,0.7290836653386454,104,0.7307692307692307
2013,3819,7,648,0.7438271604938271,294,0.7619047619047619
1990,3867,7,342,0.15497076023391812,0,
1991,3867,7,442,0.16515837104072398,212,0.16037735849056603
1992,3867,7,210,0.14761904761904762,20,0.05
1993,3867,7,156,0.16025641025641027,12,0.25
1994,3867,7,134,0.16417910447761194,6,0.16666666666666666
1995,3867,7,242,0.13636363636363635,100,0.12
1996,3867,7,186,0.16666666666666666,10,0.3
1997,3867,7,150,0.16666666666666666,4,0.0
1998,3867,7,114,0.14912280701754385,8,0.25
1999,3867,7,400,0.1225,296,0.11148648648648649
2000,3867,7,404,0.14356435643564355,200,0.15
2001,3867,7,402,0.12189054726368159,182,0.08241758241758242
2002,3867,7,482,0.14522821576763487,268,0.16044776119402984
2003,3867,7,474,0.14978902953586498,192,0.16666666666666666
2004,3867,7,644,0.13354037267080746,320,0.140625
2005,3867,7,688,0.12936046511627908,282,0.14184397163120568
2006,3867,7,774,0.13565891472868216,338,0.16272189349112426
2007,3867,7,660,0.12424242424242424,178,0.1404494382022472
2008,3867,7,722,0.1260387811634349,326,0.12576687116564417
2009,3867,7,564,0.0975177304964539,170,0.06470588235294118
2010,3867,7,628,0.11146496815286625,290,0.11379310344827587
2011,3867,7,790,0.12151898734177215,406,0.1206896551724138
2012,3867,7,502,0.10756972111553785,104,0.08653846153846154
2013,3867,7,652,0.10736196319018405,298,0.10738255033557047
1990,3897,7,342,0.15789473684210525,0,
1991,3897,7,442,0.17647058823529413,212,0.18867924528301888
1992,3897,7,210,0.19047619047619047,20,0.2
1993,3897,7,156,0.19230769230769232,12,0.25
1994,3897,7,134,0.1791044776119403,6,0.0
1995,3897,7,242,0.1859504132231405,100,0.19
1996,3897,7,186,0.17204301075268819,10,0.2
1997,3897,7,150,0.16666666666666666,4,0.5
1998,3897,7,114,0.14912280701754385,8,0.0
1999,3897,7,400,0.145,296,0.14527027027027026
2000,3897,7,404,0.1707920792079208,200,0.18
2001,3897,7,402,0.15671641791044777,182,0.17032967032967034
2002,3897,7,482,0.17427385892116182,268,0.19029850746268656
2003,3897,7,474,0.16666666666666666,192,0.171875
2004,3897,7,644,0.16304347826086957,320,0.15625
2005,3897,7,688,0.16279069767441862,282,0.1595744680851064
2006,3897,7,774,0.16149870801033592,338,0.14792899408284024
2007,3897,7,660,0.1696969696969697,178,0.1404494382022472
2008,3897,7,724,0.18922651933701656,328,0.18597560975609756
2009,3897,7,564,0.22340425531914893,170,0.25882352941176473
2010,3897,7,628,0.20222929936305734,290,0.2
2011,3897,7,790,0.189873417721519,406,0.18472906403940886
2012,3897,7,502,0.2350597609561753,104,0.3269230769230769
2013,3897,7,652,0.2223926380368098,298,0.2214765100671141
1990,3906,7,342,0.827485380116959,0,
1991,3906,7,440,0.8022727272727272,210,0.7714285714285715
1992,3906,7,208,0.8221153846153846,20,0.9
1993,3906,7,154,0.8116883116883117,12,0.8333333333333334
1994,3906,7,132,0.8333333333333334,6,0.8333333333333334
1995,3906,7,240,0.7791666666666667,98,0.7653061224489796
1996,3906,7,186,0.7849462365591398,10,0.7
1997,3906,7,150,0.7933333333333333,4,1.0
1998,3906,7,114,0.8245614035087719,8,0.875
1999,3906,7,400,0.83,296,0.8277027027027027
2000,3906,7,404,0.8193069306930693,200,0.8
2001,3906,7,402,0.8258706467661692,182,0.8351648351648352
2002,3906,7,482,0.8008298755186722,268,0.8134328358208955
2003,3906,7,474,0.7932489451476793,192,0.765625
2004,3906,7,644,0.8183229813664596,320,0.821875
2005,3906,7,688,0.8081395348837209,282,0.8014184397163121
2006,3906,7,774,0.7984496124031008,338,0.7869822485207101
2007,3906,7,660,0.7742424242424243,178,0.7584269662921348
2008,3906,7,724,0.7928176795580111,328,0.8079268292682927
2009,3906,7,564,0.75177304964539,170,0.7235294117647059
2010,3906,7,628,0.7404458598726115,290,0.7379310344827587
2011,3906,7,790,0.7417721518987341,406,0.7315270935960592
2012,3906,7,502,0.750996015936255,104,0.7019230769230769
2013,3906,7,652,0.75920245398773,298,0.7718120805369127
1990,4060,7,342,0.25146198830409355,0,
1991,4060,7,442,0.27149321266968324,212,0.28773584905660377
1992,4060,7,210,0.21904761904761905,20,0.15
1993,4060,7,156,0.21153846153846154,12,0.16666666666666666
1994,4060,7,134,0.208955223880597,6,0.16666666666666666
1995,4060,7,242,0.2396694214876033,100,0.25
1996,4060,7,186,0.23118279569892472,10,0.2
1997,4060,7,150,0.20666666666666667,4,0.75
1998,4060,7,114,0.22807017543859648,8,0.375
1999,4060,7,400,0.2075,296,0.20270270270270271
2000,4060,7,404,0.19306930693069307,200,0.175
2001,4060,7,402,0.22885572139303484,182,0.23626373626373626
2002,4060,7,482,0.23443983402489627,268,0.24253731343283583
2003,4060,7,474,0.20464135021097046,192,0.19270833333333334
2004,4060,7,644,0.2251552795031056,320,0.221875
2005,4060,7,688,0.22674418604651161,282,0.24822695035460993
2006,4060,7,774,0.21188630490956073,338,0.21597633136094674
2007,4060,7,660,0.23030303030303031,178,0.2696629213483146
2008,4060,7,724,0.23480662983425415,328,0.25609756097560976
2009,4060,7,564,0.21631205673758866,170,0.2
2010,4060,7,628,0.22770700636942676,290,0.22758620689655173
2011,4060,7,790,0.21645569620253163,406,0.20689655172413793
2012,4060,7,502,0.20717131474103587,104,0.19230769230769232
2013,4060,7,652,0.19631901840490798,298,0.19798657718120805
1990,4111,7,342,0.7719298245614035,0,
1991,4111,7,442,0.751131221719457,212,0.7547169811320755
1992,4111,7,210,0.7476190476190476,20,0.7
1993,4111,7,156,0.7628205128205128,12,0.75
1994,4111,7,134,0.7313432835820896,6,0.5
1995,4111,7,242,0.7355371900826446,100,0.74
1996,4111,7,186,0.7473118279569892,10,0.5
1997,4111,7,150,0.7266666666666667,4,0.75
1998,4111,7,114,0.7368421052631579,8,0.875
1999,4111,7,400,0.6975,296,0.6858108108108109
2000,4111,7,402,0.7512437810945274,198,0.7828282828282829
2001,4111,7,402,0.7338308457711443,182,0.7197802197802198
2002,4111,7,482,0.7427385892116183,268,0.7313432835820896
2003,4111,7,474,0.740506329113924,192,0.734375
2004,4111,7,644,0.7127329192546584,320,0.70625
2005,4111,7,688,0.7034883720930233,282,0.7127659574468085
2006,4111,7,774,0.7002583979328165,338,0.6893491124260355
2007,4111,7,660,0.703030303030303,178,0.7134831460674157
2008,4111,7,724,0.6781767955801105,328,0.649390243902439
2009,4111,7,564,0.7127659574468085,170,0.7352941176470589
2010,4111,7,628,0.6863057324840764,290,0.6724137931034483
2011,4111,7,786,0.6743002544529262,402,0.6592039800995025
2012,4111,7,502,0.6733067729083665,104,0.7019230769230769
2013,4111,7,652,0.6641104294478528,298,0.6409395973154363
1990,4114,7,340,0.2852941176470588,0,
1991,4114,7,440,0.3068181818181818,212,0.3113207547169811
1992,4114,7,210,0.3142857142857143,20,0.05
1993,4114,7,156,0.3269230769230769,12,0.5
1994,4114,7,134,0.35074626865671643,6,0.6666666666666666
1995,4114,7,242,0.371900826446281,100,0.33
1996,4114,7,186,0.3817204301075269,10,0.4
1997,4114,7,150,0.38,4,0.5
1998,4114,7,114,0.40350877192982454,8,0.25
1999,4114,7,400,0.4225,296,0.42567567567567566
2000,4114,7,402,0.40049751243781095,198,0.36363636363636365
2001,4114,7,402,0.4129353233830846,182,0.3901098901098901
2002,4114,7,482,0.4087136929460581,268,0.41044776119402987
2003,4114,7,474,0.4177215189873418,192,0.375
2004,4114,7,644,0.41459627329192544,320,0.40625
2005,4114,7,688,0.4186046511627907,282,0.425531914893617
2006,4114,7,774,0.4134366925064599,338,0.41420118343195267
2007,4114,7,660,0.42727272727272725,178,0.449438202247191
2008,4114,7,724,0.4516574585635359,328,0.4725609756097561
2009,4114,7,562,0.4306049822064057,168,0.40476190476190477
2010,4114,7,628,0.4601910828025478,290,0.47586206896551725
2011,4114,7,788,0.4606598984771574,404,0.4752475247524752
2012,4114,7,500,0.464,104,0.46153846153846156
2013,4114,7,648,0.4398148148148148,296,0.4560810810810811
1990,4162,8,342,0.3391812865497076,0,
1991,4162,8,442,0.332579185520362,212,0.32547169811320753
1992,4162,8,210,0.3619047619047619,20,0.45
1993,4162,8,156,0.3525641025641026,12,0.5
1994,4162,8,134,0.3582089552238806,6,0.3333333333333333
1995,4162,8,242,0.3512396694214876,100,0.35
1996,4162,8,186,0.3602150537634409,10,0.4
1997,4162,8,150,0.35333333333333333,4,0.5
1998,4162,8,114,0.3684210526315789,8,0.625
1999,4162,8,400,0.36,296,0.3581081081081081
2000,4162,8,404,0.349009900990099,200,0.3
2001,4162,8,402,0.35074626865671643,182,0.3131868131868132
2002,4162,8,482,0.35477178423236516,268,0.3619402985074627
2003,4162,8,474,0.3333333333333333,192,0.3020833333333333
2004,4162,8,644,0.34627329192546585,320,0.340625
2005,4162,8,688,0.3808139534883721,282,0.38652482269503546
2006,4162,8,774,0.3785529715762274,338,0.3816568047337278
2007,4162,8,660,0.35909090909090907,178,0.4044943820224719
2008,4162,8,724,0.36464088397790057,328,0.375
2009,4162,8,564,0.36524822695035464,170,0.34705882352941175
2010,4162,8,628,0.3343949044585987,290,0.31724137931034485
2011,4162,8,790,0.3493670886075949,406,0.3497536945812808
2012,4162,8,502,0.33665338645418325,104,0.33653846153846156
2013,4162,8,652,0.29754601226993865,298,0.26174496644295303
1990,4191,8,342,0.6257309941520468,0,
1991,4191,8,442,0.6493212669683258,212,0.6367924528301887
1992,4191,8,210,0.6761904761904762,20,0.75
1993,4191,8,156,0.7115384615384616,12,0.8333333333333334
1994,4191,8,134,0.7014925373134329,6,0.8333333333333334
1995,4191,8,242,0.743801652892562,100,0.77
1996,4191,8,186,0.7365591397849462,10,0.8
1997,4191,8,150,0.74,4,0.5
1998,4191,8,114,0.7192982456140351,8,0.625
1999,4191,8,400,0.71,296,0.7027027027027027
2000,4191,8,402,0.7089552238805971,198,0.7070707070707071
2001,4191,8,402,0.7089552238805971,182,0.7142857142857143
2002,4191,8,482,0.6991701244813278,268,0.6977611940298507
2003,4191,8,474,0.6983122362869199,192,0.703125
2004,4191,8,642,0.7133956386292835,320,0.728125
2005,4191,8,684,0.7105263157894737,280,0.725
2006,4191,8,770,0.7246753246753247,338,0.7071005917159763
2007,4191,8,656,0.7134146341463414,178,0.6910112359550562
2008,4191,8,720,0.7152777777777778,328,0.7134146341463414
2009,4191,8,562,0.6868327402135231,170,0.6647058823529411
2010,4191,8,626,0.6884984025559105,290,0.7137931034482758
2011,4191,8,788,0.7182741116751269,406,0.7364532019704434
2012,4191,8,498,0.7068273092369478,102,0.7352941176470589
2013,4191,8,648,0.7021604938271605,298,0.7080536912751678
1990,4197,8,342,0.2309941520467836,0,
1991,4197,8,442,0.2330316742081448,212,0.24056603773584906
1992,4197,8,210,0.24285714285714285,20,0.1
1993,4197,8,156,0.2692307692307692,12,0.25
1994,4197,8,134,0.26119402985074625,6,0.16666666666666666
1995,4197,8,242,0.26859504132231404,100,0.27
1996,4197,8,186,0.25268817204301075,10,0.4
1997,4197,8,150,0.22666666666666666,4,0.25
1998,4197,8,114,0.23684210526315788,8,0.25
1999,4197,8,400,0.255,296,0.26013513513513514
2000,4197,8,404,0.2202970297029703,200,0.23
2001,4197,8,402,0.19402985074626866,182,0.1813186813186813
2002,4197,8,482,0.1991701244813278,268,0.19402985074626866
2003,4197,8,474,0.21940928270042195,192,0.24479166666666666
2004,4197,8,642,0.21339563862928349,320,0.209375
2005,4197,8,686,0.2434402332361516,282,0.2624113475177305
2006,4197,8,772,0.22279792746113988,338,0.20710059171597633
2007,4197,8,658,0.23708206686930092,178,0.2696629213483146
2008,4197,8,722,0.2257617728531856,328,0.2225609756097561
2009,4197,8,564,0.23581560283687944,170,0.3
2010,4197,8,628,0.2085987261146497,290,0.2
2011,4197,8,788,0.17766497461928935,404,0.16584158415841585
2012,4197,8,502,0.17729083665338646,104,0.15384615384615385
2013,4197,8,652,0.147239263803681,298,0.12416107382550336
1990,4219,8,342,0.6929824561403509,0,
1991,4219,8,442,0.7036199095022625,212,0.7122641509433962
1992,4219,8,210,0.7285714285714285,20,0.8
1993,4219,8,156,0.7243589743589743,12,0.75
1994,4219,8,134,0.7089552238805971,6,0.6666666666666666
1995,4219,8,242,0.6983471074380165,100,0.72
1996,4219,8,186,0.7043010752688172,10,0.5
1997,4219,8,150,0.6933333333333334,4,0.75
1998,4219,8,114,0.6842105263157895,8,0.625
1999,4219,8,400,0.705,296,0.706081081081081
2000,4219,8,404,0.6782178217821783,200,0.67
2001,4219,8,402,0.6915422885572139,182,0.7087912087912088
2002,4219,8,482,0.7282157676348547,268,0.75
2003,4219,8,474,0.70042194092827,192,0.6979166666666666
2004,4219,8,644,0.6940993788819876,320,0.696875
2005,4219,8,688,0.6584302325581395,282,0.6312056737588653
2006,4219,8,774,0.6770025839793282,338,0.7011834319526628
2007,4219,8,660,0.7,178,0.7303370786516854
2008,4219,8,724,0.6961325966850829,328,0.7103658536585366
2009,4219,8,562,0.693950177935943,168,0.6964285714285714
2010,4219,8,626,0.6773162939297125,290,0.6413793103448275
2011,4219,8,788,0.6954314720812182,406,0.7142857142857143
2012,4219,8,500,0.71,104,0.6923076923076923
2013,4219,8,650,0.6953846153846154,298,0.697986577181208
1990,4226,8,342,0.5994152046783626,0,
1991,4226,8,442,0.5859728506787331,212,0.5943396226415094
1992,4226,8,210,0.5904761904761905,20,0.5
1993,4226,8,156,0.5833333333333334,12,0.5
1994,4226,8,134,0.5746268656716418,6,0.5
1995,4226,8,242,0.5247933884297521,100,0.48
1996,4226,8,186,0.5376344086021505,10,0.7
1997,4226,8,150,0.5533333333333333,4,0.75
1998,4226,8,114,0.5789473684210527,8,0.625
1999,4226,8,400,0.535,296,0.5101351351351351
2000,4226,8,404,0.5198019801980198,200,0.48
2001,4226,8,402,0.5472636815920398,182,0.5274725274725275
2002,4226,8,482,0.5414937759336099,268,0.5559701492537313
2003,4226,8,474,0.5717299578059072,192,0.5677083333333334
2004,4226,8,644,0.562111801242236,320,0.55625
2005,4226,8,688,0.561046511627907,282,0.5390070921985816
2006,4226,8,774,0.5542635658914729,338,0.5769230769230769
2007,4226,8,660,0.5712121212121212,178,0.5955056179775281
2008,4226,8,724,0.56353591160221,328,0.5640243902439024
2009,4226,8,564,0.5851063829787234,170,0.6294117647058823
2010,4226,8,628,0.5621019108280255,290,0.5344827586206896
2011,4226,8,790,0.5481012658227848,406,0.5197044334975369
2012,4226,8,502,0.5258964143426295,104,0.4519230769230769
2013,4226,8,652,0.5030674846625767,298,0.46308724832214765
1990,4240,8,342,0.16374269005847952,0,
1991,4240,8,442,0.2171945701357466,212,0.22641509433962265
1992,4240,8,210,0.21904761904761905,20,0.25
1993,4240,8,156,0.23076923076923078,12,0.4166666666666667
1994,4240,8,134,0.19402985074626866,6,0.16666666666666666
1995,4240,8,242,0.2066115702479339,100,0.23
1996,4240,8,186,0.22043010752688172,10,0.2
1997,4240,8,150,0.20666666666666667,4,0.25
1998,4240,8,114,0.18421052631578946,8,0.125
1999,4240,8,400,0.1825,296,0.1891891891891892
2000,4240,8,404,0.18564356435643564,200,0.21
2001,4240,8,402,0.17164179104477612,182,0.16483516483516483
2002,4240,8,482,0.17427385892116182,268,0.1865671641791045
2003,4240,8,474,0.19831223628691982,192,0.22395833333333334
2004,4240,8,644,0.17546583850931677,320,0.165625
2005,4240,8,688,0.17587209302325582,282,0.18085106382978725
2006,4240,8,774,0.1821705426356589,338,0.16568047337278108
2007,4240,8,660,0.18181818181818182,178,0.1404494382022472
2008,4240,8,724,0.19751381215469613,328,0.19817073170731708
2009,4240,8,564,0.1950354609929078,170,0.18823529411764706
2010,4240,8,628,0.19904458598726116,290,0.2
2011,4240,8,790,0.22151898734177214,406,0.21674876847290642
2012,4240,8,502,0.20119521912350596,104,0.15384615384615385
2013,4240,8,652,0.21625766871165644,298,0.23154362416107382
1990,4244,8,342,0.7602339181286549,0,
1991,4244,8,442,0.746606334841629,212,0.7735849056603774
1992,4244,8,210,0.680952380952381,20,0.65
1993,4244,8,156,0.717948717948718,12,0.8333333333333334
1994,4244,8,134,0.7313432835820896,6,0.8333333333333334
1995,4244,8,242,0.7479338842975206,100,0.78
1996,4244,8,186,0.7634408602150538,10,0.7
1997,4244,8,150,0.7733333333333333,4,0.75
1998,4244,8,114,0.7631578947368421,8,0.75
1999,4244,8,400,0.7675,296,0.7702702702702703
2000,4244,8,404,0.7326732673267327,200,0.705
2001,4244,8,402,0.7238805970149254,182,0.6978021978021978
2002,4244,8,482,0.7406639004149378,268,0.753731343283582
2003,4244,8,472,0.7838983050847458,190,0.8
2004,4244,8,644,0.7546583850931677,320,0.728125
2005,4244,8,688,0.7703488372093024,282,0.7801418439716312
2006,4244,8,774,0.7751937984496124,338,0.772189349112426
2007,4244,8,660,0.759090909090909,178,0.7359550561797753
2008,4244,8,724,0.7776243093922652,328,0.7865853658536586
2009,4244,8,562,0.7526690391459074,168,0.75
2010,4244,8,628,0.7165605095541401,290,0.7137931034482758
2011,4244,8,790,0.7240506329113924,406,0.7266009852216748
2012,4244,8,500,0.692,102,0.6078431372549019
2013,4244,8,650,0.68,298,0.6677852348993288
1990,4267,8,342,0.631578947368421,0,
1991,4267,8,442,0.6040723981900452,212,0.5943396226415094
1992,4267,8,210,0.6238095238095238,20,0.6
1993,4267,8,156,0.6089743589743589,12,0.6666666666666666
1994,4267,8,134,0.6119402985074627,6,0.3333333333333333
1995,4267,8,242,0.6074380165289256,100,0.6
1996,4267,8,186,0.5967741935483871,10,0.6
1997,4267,8,150,0.5866666666666667,4,0.5
1998,4267,8,114,0.5614035087719298,8,0.375
1999,4267,8,400,0.56,296,0.5641891891891891
2000,4267,8,404,0.504950495049505,200,0.46
2001,4267,8,402,0.5124378109452736,182,0.5274725274725275
2002,4267,8,482,0.495850622406639,268,0.5186567164179104
2003,4267,8,474,0.4957805907172996,192,0.4739583333333333
2004,4267,8,644,0.515527950310559,320,0.525
2005,4267,8,688,0.5334302325581395,282,0.5319148936170213
2006,4267,8,774,0.5322997416020672,338,0.5295857988165681
2007,4267,8,660,0.5545454545454546,178,0.5898876404494382
2008,4267,8,724,0.5414364640883977,328,0.5274390243902439
2009,4267,8,564,0.5354609929078015,170,0.5294117647058824
2010,4267,8,628,0.5270700636942676,290,0.5137931034482759
2011,4267,8,790,0.5215189873417722,406,0.4876847290640394
2012,4267,8,502,0.5637450199203188,104,0.6153846153846154
2013,4267,8,652,0.5429447852760736,298,0.5503355704697986
1990,4275,8,342,0.804093567251462,0,
1991,4275,8,442,0.7647058823529411,212,0.7547169811320755
1992,4275,8,210,0.7380952380952381,20,0.75
1993,4275,8,156,0.7115384615384616,12,0.5
1994,4275,8,134,0.6492537313432836,6,0.5
1995,4275,8,242,0.7024793388429752,100,0.72
1996,4275,8,186,0.7096774193548387,10,0.8
1997,4275,8,150,0.6866666666666666,4,0.75
1998,4275,8,114,0.6842105263157895,8,0.5
1999,4275,8,400,0.695,296,0.7027027027027027
2000,4275,8,404,0.7400990099009901,200,0.78
2001,4275,8,402,0.7089552238805971,182,0.6978021978021978
2002,4275,8,482,0.7323651452282157,268,0.7425373134328358
2003,4275,8,474,0.7172995780590717,192,0.6875
2004,4275,8,644,0.7453416149068323,320,0.75625
2005,4275,8,688,0.75,282,0.75177304964539
2006,4275,8,774,0.7687338501291989,338,0.7869822485207101
2007,4275,8,660,0.759090909090909,178,0.7191011235955056
2008,4275,8,724,0.7859116022099447,328,0.7774390243902439
2009,4275,8,564,0.7854609929078015,170,0.7647058823529411
2010,4275,8,628,0.7595541401273885,290,0.7344827586206897
2011,4275,8,790,0.7860759493670886,406,0.7980295566502463
2012,4275,8,502,0.8047808764940239,104,0.8846153846153846
2013,4275,8,652,0.8251533742331288,298,0.8456375838926175
1990,4310,8,342,0.7309941520467836,0,
1991,4310,8,440,0.7886363636363637,210,0.8238095238095238
1992,4310,8,208,0.7596153846153846,20,0.7
1993,4310,8,154,0.7727272727272727,12,0.8333333333333334
1994,4310,8,132,0.7803030303030303,6,0.6666666666666666
1995,4310,8,242,0.6983471074380165,100,0.68
1996,4310,8,186,0.6935483870967742,10,0.5
1997,4310,8,150,0.7066666666666667,4,0.75
1998,4310,8,114,0.7105263157894737,8,0.375
1999,4310,8,400,0.68,296,0.6756756756756757
2000,4310,8,404,0.7128712871287128,200,0.725
2001,4310,8,402,0.6865671641791045,182,0.7197802197802198
2002,4310,8,482,0.6597510373443983,268,0.6380597014925373
2003,4310,8,474,0.6561181434599156,192,0.6770833333333334
2004,4310,8,644,0.6381987577639752,320,0.640625
2005,4310,8,688,0.6395348837209303,282,0.648936170212766
2006,4310,8,774,0.6434108527131783,338,0.6479289940828402
2007,4310,8,658,0.6413373860182371,176,0.6420454545454546
2008,4310,8,724,0.638121546961326,328,0.6371951219512195
2009,4310,8,564,0.624113475177305,170,0.611764705882353
2010,4310,8,628,0.6369426751592356,290,0.6551724137931034
2011,4310,8,790,0.6443037974683544,406,0.6527093596059114
2012,4310,8,502,0.6653386454183267,104,0.6923076923076923
2013,4310,8,652,0.6794478527607362,298,0.6912751677852349
1990,4311,8,342,0.6900584795321637,0,
1991,4311,8,442,0.6742081447963801,212,0.6320754716981132
1992,4311,8,210,0.7238095238095238,20,0.65
1993,4311,8,156,0.717948717948718,12,0.8333333333333334
1994,4311,8,134,0.7164179104477612,6,0.6666666666666666
1995,4311,8,242,0.6900826446280992,100,0.67
1996,4311,8,186,0.7150537634408602,10,0.8
1997,4311,8,150,0.6933333333333334,4,0.5
1998,4311,8,114,0.6929824561403509,8,0.875
1999,4311,8,400,0.7175,296,0.722972972972973
2000,4311,8,404,0.7202970297029703,200,0.72
2001,4311,8,402,0.7313432835820896,182,0.7307692307692307
2002,4311,8,482,0.7219917012448133,268,0.6977611940298507
2003,4311,8,474,0.7215189873417721,192,0.6927083333333334
2004,4311,8,644,0.7453416149068323,320,0.74375
2005,4311,8,688,0.7427325581395349,282,0.7730496453900709
2006,4311,8,774,0.7235142118863049,338,0.7189349112426036
2007,4311,8,660,0.7287878787878788,178,0.7303370786516854
2008,4311,8,724,0.7375690607734806,328,0.7560975609756098
2009,4311,8,564,0.7393617021276596,170,0.7470588235294118
2010,4311,8,628,0.7372611464968153,290,0.7482758620689656
2011,4311,8,790,0.7493670886075949,406,0.7487684729064039
2012,4311,8,502,0.7410358565737052,104,0.7403846153846154
2013,4311,8,652,0.7423312883435583,298,0.7583892617449665
1990,4312,8,342,0.7339181286549707,0,
1991,4312,8,442,0.7579185520361991,212,0.7688679245283019
1992,4312,8,210,0.7523809523809524,20,0.85
1993,4312,8,156,0.8012820512820513,12,0.9166666666666666
1994,4312,8,134,0.7835820895522388,6,0.8333333333333334
1995,4312,8,242,0.731404958677686,100,0.72
1996,4312,8,186,0.7526881720430108,10,0.8
1997,4312,8,150,0.78,4,1.0
1998,4312,8,114,0.7631578947368421,8,0.625
1999,4312,8,400,0.7425,296,0.7364864864864865
2000,4312,8,404,0.7029702970297029,200,0.71
2001,4312,8,402,0.746268656716418,182,0.7637362637362637
2002,4312,8,482,0.7510373443983402,268,0.7611940298507462
2003,4312,8,474,0.7679324894514767,192,0.7604166666666666
2004,4312,8,644,0.7981366459627329,320,0.8125
2005,4312,8,686,0.7973760932944607,280,0.8178571428571428
2006,4312,8,772,0.7862694300518135,338,0.7662721893491125
2007,4312,8,658,0.7644376899696048,178,0.7584269662921348
2008,4312,8,722,0.7257617728531855,328,0.7012195121951219
2009,4312,8,562,0.7384341637010676,170,0.7647058823529411
2010,4312,8,626,0.7236421725239617,290,0.7275862068965517
2011,4312,8,788,0.7347715736040609,406,0.7266009852216748
2012,4312,8,500,0.734,104,0.7307692307692307
2013,4312,8,650,0.7215384615384616,298,0.7181208053691275
1990,4364,8,342,0.11403508771929824,0,
1991,4364,8,442,0.1244343891402715,212,0.12735849056603774
1992,4364,8,210,0.12857142857142856,20,0.1
1993,4364,8,156,0.10897435897435898,12,0.08333333333333333
1994,4364,8,134,0.12686567164179105,6,0.16666666666666666
1995,4364,8,242,0.15702479338842976,100,0.15
1996,4364,8,186,0.16666666666666666,10,0.1
1997,4364,8,150,0.15333333333333332,4,0.25
1998,4364,8,114,0.15789473684210525,8,0.125
1999,4364,8,400,0.21,296,0.2195945945945946
2000,4364,8,404,0.19801980198019803,200,0.195
2001,4364,8,402,0.2064676616915423,182,0.24175824175824176
2002,4364,8,482,0.1825726141078838,268,0.17537313432835822
2003,4364,8,474,0.1940928270042194,192,0.20833333333333334
2004,4364,8,644,0.17236024844720496,320,0.1625
2005,4364,8,688,0.1613372093023256,282,0.14893617021276595
2006,4364,8,774,0.16279069767441862,338,0.15680473372781065
2007,4364,8,660,0.15151515151515152,178,0.14606741573033707
2008,4364,8,724,0.14917127071823205,328,0.14329268292682926
2009,4364,8,564,0.13120567375886524,170,0.1588235294117647
2010,4364,8,628,0.14331210191082802,290,0.15172413793103448
2011,4364,8,790,0.12658227848101267,406,0.0960591133004926
2012,4364,8,502,0.1454183266932271,104,0.15384615384615385
2013,4364,8,652,0.15950920245398773,298,0.15100671140939598
1990,4371,8,342,0.3538011695906433,0,
1991,4371,8,442,0.36877828054298645,212,0.41037735849056606
1992,4371,8,210,0.36666666666666664,20,0.3
1993,4371,8,156,0.38461538461538464,12,0.3333333333333333
1994,4371,8,134,0.40298507462686567,6,0.5
1995,4371,8,242,0.4049586776859504,100,0.45
1996,4371,8,186,0.3870967741935484,10,0.3
1997,4371,8,150,0.38,4,0.25
1998,4371,8,114,0.32456140350877194,8,0.125
1999,4371,8,400,0.3225,296,0.31756756756756754
2000,4371,8,402,0.3333333333333333,198,0.3333333333333333
2001,4371,8,402,0.31343283582089554,182,0.3021978021978022
2002,4371,8,480,0.30625,266,0.31203007518796994
2003,4371,8,472,0.3008474576271186,192,0.2916666666666667
2004,4371,8,642,0.32554517133956384,320,0.33125
2005,4371,8,688,0.35319767441860467,282,0.36524822695035464
2006,4371,8,774,0.36563307493540054,338,0.35798816568047337
2007,4371,8,660,0.36818181818181817,178,0.37640449438202245
2008,4371,8,722,0.3767313019390582,326,0.3987730061349693
2009,4371,8,562,0.36298932384341637,168,0.35119047619047616
2010,4371,8,628,0.3614649681528662,290,0.3689655172413793
2011,4371,8,790,0.36455696202531646,406,0.3694581280788177
2012,4371,8,502,0.350597609561753,104,0.3269230769230769
2013,4371,8,652,0.36349693251533743,298,0.3724832214765101
1990,4382,8,342,0.631578947368421,0,
1991,4382,8,442,0.6312217194570136,212,0.6273584905660378
1992,4382,8,210,0.5714285714285714,20,0.5
1993,4382,8,156,0.5833333333333334,12,0.5
1994,4382,8,134,0.6044776119402985,6,0.5
1995,4382,8,242,0.5743801652892562,100,0.53
1996,4382,8,186,0.5913978494623656,10,0.7
1997,4382,8,150,0.6,4,0.5
1998,4382,8,114,0.5789473684210527,8,0.5
1999,4382,8,400,0.6175,296,0.625
2000,4382,8,404,0.650990099009901,200,0.66
2001,4382,8,402,0.6293532338308457,182,0.6373626373626373
2002,4382,8,482,0.6120331950207469,268,0.6231343283582089
2003,4382,8,474,0.6139240506329114,192,0.625
2004,4382,8,644,0.5450310559006211,320,0.509375
2005,4382,8,688,0.5625,282,0.5673758865248227
2006,4382,8,774,0.5878552971576227,338,0.591715976331361
2007,4382,8,660,0.5833333333333334,178,0.6123595505617978
2008,4382,8,724,0.5814917127071824,328,0.5701219512195121
2009,4382,8,564,0.599290780141844,170,0.6
2010,4382,8,628,0.5828025477707006,290,0.5758620689655173
2011,4382,8,790,0.5746835443037974,406,0.5566502463054187
2012,4382,8,500,0.58,102,0.5686274509803921
2013,4382,8,650,0.6092307692307692,298,0.6241610738255033
1990,4383,8,342,0.3713450292397661,0,
1991,4383,8,442,0.38461538461538464,212,0.419811320754717
1992,4383,8,210,0.4,20,0.5
1993,4383,8,156,0.38461538461538464,12,0.25
1994,4383,8,134,0.40298507462686567,6,0.6666666666666666
1995,4383,8,242,0.4090909090909091,100,0.43
1996,4383,8,186,0.3817204301075269,10,0.2
1997,4383,8,150,0.36666666666666664,4,0.25
1998,4383,8,114,0.3508771929824561,8,0.375
1999,4383,8,400,0.3625,296,0.3614864864864865
2000,4383,8,404,0.3589108910891089,200,0.335
2001,4383,8,402,0.3756218905472637,182,0.3516483516483517
2002,4383,8,482,0.34439834024896265,268,0.3283582089552239
2003,4383,8,474,0.34810126582278483,192,0.3541666666666667
2004,4383,8,644,0.34006211180124224,320,0.346875
2005,4383,8,686,0.3396501457725947,280,0.29642857142857143
2006,4383,8,772,0.3549222797927461,338,0.35798816568047337
2007,4383,8,658,0.40425531914893614,178,0.47191011235955055
2008,4383,8,722,0.3975069252077562,328,0.4115853658536585
2009,4383,8,560,0.4142857142857143,168,0.44642857142857145
2010,4383,8,626,0.4169329073482428,290,0.4068965517241379
2011,4383,8,788,0.41116751269035534,406,0.43103448275862066
2012,4383,8,498,0.38353413654618473,102,0.30392156862745096
2013,4383,8,648,0.3533950617283951,298,0.348993288590604
1990,4385,8,330,0.22121212121212122,0,
1991,4385,8,436,0.22935779816513763,212,0.2641509433962264
1992,4385,8,208,0.23076923076923078,20,0.2
1993,4385,8,154,0.22077922077922077,12,0.16666666666666666
1994,4385,8,132,0.24242424242424243,6,0.16666666666666666
1995,4385,8,238,0.23529411764705882,100,0.24
1996,4385,8,182,0.2087912087912088,10,0.0
1997,4385,8,146,0.18493150684931506,4,0.0
1998,4385,8,114,0.17543859649122806,8,0.375
1999,4385,8,396,0.18686868686868688,292,0.19863013698630136
2000,4385,8,396,0.19444444444444445,196,0.19387755102040816
2001,4385,8,396,0.17929292929292928,180,0.18333333333333332
2002,4385,8,478,0.15690376569037656,266,0.15413533834586465
2003,4385,8,470,0.14042553191489363,192,0.14583333333333334
2004,4385,8,638,0.13166144200626959,318,0.13522012578616352
2005,4385,8,682,0.1348973607038123,280,0.11785714285714285
2006,4385,8,768,0.13802083333333334,338,0.14497041420118342
2007,4385,8,654,0.13761467889908258,176,0.10227272727272728
2008,4385,8,722,0.14127423822714683,328,0.1402439024390244
2009,4385,8,560,0.13392857142857142,168,0.09523809523809523
2010,4385,8,626,0.1485623003194888,290,0.15862068965517243
2011,4385,8,788,0.1434010152284264,406,0.13054187192118227
2012,4385,8,500,0.148,104,0.19230769230769232
2013,4385,8,646,0.13003095975232198,292,0.1232876712328767
1990,4389,8,342,0.2222222222222222,0,
1991,4389,8,442,0.2239819004524887,212,0.24528301886792453
1992,4389,8,210,0.20476190476190476,20,0.2
1993,4389,8,156,0.1987179487179487,12,0.25
1994,4389,8,134,0.20149253731343283,6,0.0
1995,4389,8,242,0.19008264462809918,100,0.18
1996,4389,8,186,0.1881720430107527,10,0.3
1997,4389,8,150,0.18666666666666668,4,0.25
1998,4389,8,114,0.19298245614035087,8,0.25
1999,4389,8,400,0.1475,296,0.13851351351351351
2000,4389,8,404,0.1782178217821782,200,0.2
2001,4389,8,402,0.1691542288557214,182,0.15934065934065933
2002,4389,8,482,0.16182572614107885,268,0.1455223880597015
2003,4389,8,474,0.15611814345991562,192,0.16666666666666666
2004,4389,8,644,0.15372670807453417,320,0.140625
2005,4389,8,688,0.15843023255813954,282,0.1595744680851064
2006,4389,8,774,0.16020671834625322,338,0.15088757396449703
2007,4389,8,660,0.15151515151515152,178,0.12921348314606743
2008,4389,8,724,0.16160220994475138,328,0.16158536585365854
2009,4389,8,564,0.14184397163120568,170,0.12352941176470589
2010,4389,8,626,0.13578274760383385,288,0.13194444444444445
2011,4389,8,790,0.1620253164556962,406,0.18472906403940886
2012,4389,8,502,0.1693227091633466,104,0.20192307692307693
2013,4389,8,652,0.17638036809815952,298,0.19463087248322147
1990,4471,8,342,0.28362573099415206,0,
1991,4471,8,442,0.24434389140271492,212,0.2169811320754717
1992,4471,8,210,0.2761904761904762,20,0.4
1993,4471,8,156,0.28205128205128205,12,0.4166666666666667
1994,4471,8,134,0.31343283582089554,6,0.5
1995,4471,8,242,0.2768595041322314,100,0.27
1996,4471,8,186,0.2956989247311828,10,0.4
1997,4471,8,150,0.30666666666666664,4,0.25
1998,4471,8,114,0.30701754385964913,8,0.125
1999,4471,8,400,0.28,296,0.2702702702702703
2000,4471,8,404,0.2722772277227723,200,0.27
2001,4471,8,402,0.26616915422885573,182,0.25274725274725274
2002,4471,8,482,0.23443983402489627,268,0.22388059701492538
2003,4471,8,474,0.25738396624472576,192,0.3229166666666667
2004,4471,8,644,0.2220496894409938,320,0.24375
2005,4471,8,688,0.1875,282,0.18085106382978725
2006,4471,8,774,0.2235142118863049,338,0.25443786982248523
2007,4471,8,660,0.20303030303030303,178,0.2247191011235955
2008,4471,8,722,0.22437673130193905,326,0.24233128834355827
2009,4471,8,564,0.22340425531914893,170,0.19411764705882353
2010,4471,8,628,0.18630573248407642,290,0.15172413793103448
2011,4471,8,790,0.21772151898734177,406,0.23399014778325122
2012,4471,8,502,0.20717131474103587,104,0.20192307692307693
2013,4471,8,652,0.1901840490797546,298,0.17114093959731544
1990,4472,8,322,0.8788819875776398,0,
1991,4472,8,416,0.8557692307692307,202,0.8762376237623762
1992,4472,8,194,0.8350515463917526,20,0.8
1993,4472,8,140,0.7928571428571428,12,0.75
1994,4472,8,118,0.788135593220339,6,0.6666666666666666
1995,4472,8,234,0.7777777777777778,100,0.78
1996,4472,8,180,0.7555555555555555,10,0.6
1997,4472,8,146,0.7671232876712328,4,1.0
1998,4472,8,112,0.7767857142857143,8,0.875
1999,4472,8,400,0.76,296,0.75
2000,4472,8,404,0.7599009900990099,200,0.745
2001,4472,8,402,0.7711442786069652,182,0.7747252747252747
2002,4472,8,482,0.7821576763485477,268,0.7873134328358209
2003,4472,8,474,0.7805907172995781,192,0.78125
2004,4472,8,644,0.8183229813664596,320,0.834375
2005,4472,8,688,0.815406976744186,282,0.8156028368794326
2006,4472,8,774,0.8036175710594315,338,0.8017751479289941
2007,4472,8,660,0.7772727272727272,178,0.7415730337078652
2008,4472,8,724,0.8038674033149171,328,0.7987804878048781
2009,4472,8,564,0.7943262411347518,170,0.8058823529411765
2010,4472,8,628,0.7977707006369427,290,0.8068965517241379
2011,4472,8,782,0.7979539641943734,398,0.7889447236180904
2012,4472,8,500,0.808,104,0.8461538461538461
2013,4472,8,650,0.7907692307692308,298,0.7718120805369127
1990,4502,8,342,0.42105263157894735,0,
1991,4502,8,442,0.41855203619909503,212,0.42452830188679247
1992,4502,8,210,0.38571428571428573,20,0.5
1993,4502,8,156,0.4166666666666667,12,0.5833333333333334
1994,4502,8,134,0.4253731343283582,6,0.6666666666666666
1995,4502,8,242,0.4090909090909091,100,0.32
1996,4502,8,186,0.43548387096774194,10,0.5
1997,4502,8,150,0.4666666666666667,4,0.25
1998,4502,8,114,0.5087719298245614,8,0.25
1999,4502,8,400,0.4775,296,0.47297297297297297
2000,4502,8,404,0.47277227722772275,200,0.455
2001,4502,8,402,0.4427860696517413,182,0.4065934065934066
2002,4502,8,482,0.45228215767634855,268,0.458955223880597
2003,4502,8,474,0.4704641350210971,192,0.4895833333333333
2004,4502,8,644,0.43478260869565216,320,0.428125
2005,4502,8,688,0.39680232558139533,282,0.3723404255319149
2006,4502,8,774,0.43669250645994834,338,0.4822485207100592
2007,4502,8,660,0.42272727272727273,178,0.43258426966292135
2008,4502,8,724,0.40331491712707185,328,0.3719512195121951
2009,4502,8,564,0.40425531914893614,170,0.3235294117647059
2010,4502,8,628,0.42197452229299365,290,0.4206896551724138
2011,4502,8,790,0.4417721518987342,406,0.45566502463054187
2012,4502,8,502,0.40239043824701193,104,0.4423076923076923
2013,4502,8,652,0.42484662576687116,298,0.4664429530201342
1990,4605,9,342,0.8830409356725146,0,
1991,4605,9,442,0.8891402714932126,212,0.9009433962264151
1992,4605,9,210,0.9,20,0.95
1993,4605,9,156,0.8782051282051282,12,0.8333333333333334
1994,4605,9,134,0.8880597014925373,6,0.8333333333333334
1995,4605,9,242,0.9132231404958677,100,0.96
1996,4605,9,186,0.8924731182795699,10,0.9
1997,4605,9,150,0.8933333333333333,4,1.0
1998,4605,9,114,0.8859649122807017,8,0.875
1999,4605,9,400,0.8625,296,0.8547297297297297
2000,4605,9,404,0.849009900990099,200,0.85
2001,4605,9,402,0.8532338308457711,182,0.8626373626373627
2002,4605,9,482,0.8423236514522822,268,0.8470149253731343
2003,4605,9,474,0.8459915611814346,192,0.84375
2004,4605,9,644,0.8478260869565217,320,0.859375
2005,4605,9,688,0.8444767441860465,282,0.8546099290780141
2006,4605,9,774,0.8165374677002584,338,0.8047337278106509
2007,4605,9,660,0.8181818181818182,178,0.8539325842696629
2008,4605,9,724,0.819060773480663,328,0.8323170731707317
2009,4605,9,564,0.799645390070922,170,0.8058823529411765
2010,4605,9,628,0.8057324840764332,290,0.8103448275862069
2011,4605,9,790,0.8063291139240506,406,0.8029556650246306
2012,4605,9,502,0.8187250996015937,104,0.8365384615384616
2013,4605,9,652,0.8174846625766872,298,0.8187919463087249
1990,4615,9,342,0.6140350877192983,0,
1991,4615,9,442,0.6018099547511312,212,0.6037735849056604
1992,4615,9,210,0.5857142857142857,20,0.7
1993,4615,9,156,0.5897435897435898,12,0.5833333333333334
1994,4615,9,134,0.6044776119402985,6,0.6666666666666666
1995,4615,9,242,0.6074380165289256,100,0.59
1996,4615,9,186,0.6290322580645161,10,0.7
1997,4615,9,150,0.6266666666666667,4,0.75
1998,4615,9,114,0.6228070175438597,8,0.75
1999,4615,9,400,0.63,296,0.6317567567567568
2000,4615,9,404,0.6336633663366337,200,0.595
2001,4615,9,402,0.5895522388059702,182,0.5384615384615384
2002,4615,9,480,0.5979166666666667,266,0.5902255639097744
2003,4615,9,474,0.6012658227848101,192,0.59375
2004,4615,9,644,0.562111801242236,320,0.546875
2005,4615,9,688,0.5915697674418605,282,0.6099290780141844
2006,4615,9,774,0.5930232558139535,338,0.6035502958579881
2007,4615,9,660,0.5833333333333334,178,0.5730337078651685
2008,4615,9,724,0.5842541436464088,328,0.6067073170731707
2009,4615,9,564,0.5886524822695035,170,0.5411764705882353
2010,4615,9,628,0.5843949044585988,290,0.6103448275862069
2011,4615,9,790,0.5860759493670886,406,0.5788177339901478
2012,4615,9,502,0.5916334661354582,104,0.5
2013,4615,9,652,0.6119631901840491,298,0.6073825503355704
1990,4646,9,342,0.5614035087719298,0,
1991,4646,9,442,0.5407239819004525,212,0.5754716981132075
1992,4646,9,210,0.5380952380952381,20,0.55
1993,4646,9,156,0.5192307692307693,12,0.5
1994,4646,9,134,0.5447761194029851,6,0.6666666666666666
1995,4646,9,242,0.5537190082644629,100,0.57
1996,4646,9,186,0.5376344086021505,10,0.5
1997,4646,9,150,0.5533333333333333,4,0.75
1998,4646,9,114,0.5614035087719298,8,0.5
1999,4646,9,400,0.6125,296,0.6283783783783784
2000,4646,9,404,0.5767326732673267,200,0.525
2001,4646,9,402,0.5671641791044776,182,0.5714285714285714
2002,4646,9,482,0.5601659751037344,268,0.5485074626865671
2003,4646,9,474,0.5548523206751055,192,0.5625
2004,4646,9,644,0.5372670807453416,320,0.53125
2005,4646,9,688,0.5465116279069767,282,0.5709219858156028
2006,4646,9,774,0.537467700258398,338,0.5414201183431953
2007,4646,9,660,0.5590909090909091,178,0.6460674157303371
2008,4646,9,724,0.5428176795580111,328,0.5579268292682927
2009,4646,9,564,0.50177304964539,170,0.4588235294117647
2010,4646,9,626,0.49201277955271566,288,0.4965277777777778
2011,4646,9,790,0.520253164556962,406,0.5246305418719212
2012,4646,9,502,0.5179282868525896,104,0.49038461538461536
2013,4646,9,650,0.5,298,0.4865771812080537
1990,4657,9,342,0.3567251461988304,0,
1991,4657,9,442,0.3891402714932127,212,0.4009433962264151
1992,4657,9,210,0.3619047619047619,20,0.15
1993,4657,9,156,0.3525641025641026,12,0.4166666666666667
1994,4657,9,134,0.3582089552238806,6,0.3333333333333333
1995,4657,9,242,0.34710743801652894,100,0.32
1996,4657,9,186,0.3763440860215054,10,0.5
1997,4657,9,150,0.37333333333333335,4,0.25
1998,4657,9,114,0.3684210526315789,8,0.25
1999,4657,9,400,0.3375,296,0.32432432432432434
2000,4657,9,404,0.35396039603960394,200,0.395
2001,4657,9,402,0.3656716417910448,182,0.37362637362637363
2002,4657,9,482,0.35477178423236516,268,0.35447761194029853
2003,4657,9,474,0.35654008438818563,192,0.3541666666666667
2004,4657,9,644,0.37111801242236025,320,0.384375
2005,4657,9,688,0.35174418604651164,282,0.3475177304964539
2006,4657,9,774,0.3359173126614987,338,0.3136094674556213
2007,4657,9,660,0.35,178,0.33707865168539325
2008,4657,9,724,0.3259668508287293,328,0.3079268292682927
2009,4657,9,564,0.3280141843971631,170,0.3352941176470588
2010,4657,9,628,0.3471337579617834,290,0.3413793103448276
2011,4657,9,790,0.3278481012658228,406,0.3251231527093596
2012,4657,9,502,0.3107569721115538,104,0.38461538461538464
2013,4657,9,652,0.3220858895705521,298,0.3221476510067114
1990,4660,9,342,0.26900584795321636,0,
1991,4660,9,442,0.24660633484162897,212,0.22641509433962265
1992,4660,9,210,0.24285714285714285,20,0.2
1993,4660,9,156,0.23717948717948717,12,0.08333333333333333
1994,4660,9,134,0.26119402985074625,6,0.6666666666666666
1995,4660,9,242,0.2975206611570248,100,0.35
1996,4660,9,186,0.2849462365591398,10,0.2
1997,4660,9,150,0.28,4,0.25
1998,4660,9,114,0.30701754385964913,8,0.125
1999,4660,9,400,0.335,296,0.34459459459459457
2000,4660,9,402,0.2935323383084577,198,0.26262626262626265
2001,4660,9,402,0.3208955223880597,182,0.3241758241758242
2002,4660,9,482,0.2800829875518672,268,0.27611940298507465
2003,4660,9,474,0.2911392405063291,192,0.3125
2004,4660,9,644,0.3059006211180124,320,0.271875
2005,4660,9,688,0.3125,282,0.3333333333333333
2006,4660,9,774,0.30749354005167956,338,0.28994082840236685
2007,4660,9,660,0.30454545454545456,178,0.30337078651685395
2008,4660,9,724,0.2886740331491713,328,0.28353658536585363
2009,4660,9,564,0.299645390070922,170,0.3588235294117647
2010,4660,9,628,0.25477707006369427,290,0.2482758620689655
2011,4660,9,790,0.25316455696202533,406,0.2561576354679803
2012,4660,9,502,0.2908366533864542,104,0.27884615384615385
2013,4660,9,652,0.29141104294478526,298,0.27181208053691275
1990,4749,9,340,0.6,0,
1991,4749,9,440,0.5840909090909091,212,0.5801886792452831
1992,4749,9,208,0.5817307692307693,20,0.55
1993,4749,9,154,0.5909090909090909,12,0.9166666666666666
1994,4749,9,132,0.6060606060606061,6,0.5
1995,4749,9,240,0.625,100,0.62
1996,4749,9,184,0.6630434782608695,10,0.7
1997,4749,9,148,0.668918918918919,4,0.75
1998,4749,9,114,0.6666666666666666,8,0.625
1999,4749,9,400,0.65,296,0.6385135135135135
2000,4749,9,404,0.6707920792079208,200,0.71
2001,4749,9,402,0.6691542288557214,182,0.6813186813186813
2002,4749,9,482,0.6929460580912863,268,0.7164179104477612
2003,4749,9,474,0.609704641350211,192,0.5104166666666666
2004,4749,9,644,0.6490683229813664,320,0.675
2005,4749,9,688,0.6468023255813954,282,0.6808510638297872
2006,4749,9,774,0.627906976744186,338,0.6242603550295858
2007,4749,9,660,0.6924242424242424,178,0.7752808988764045
2008,4749,9,724,0.643646408839779,328,0.6432926829268293
2009,4749,9,564,0.6329787234042553,170,0.5823529411764706
2010,4749,9,628,0.6337579617834395,290,0.6310344827586207
2011,4749,9,790,0.6645569620253164,406,0.6921182266009852
2012,4749,9,502,0.651394422310757,104,0.6346153846153846
2013,4749,9,652,0.6380368098159509,298,0.6308724832214765
1990,4751,9,342,0.7426900584795322,0,
1991,4751,9,442,0.7307692307692307,212,0.7264150943396226
1992,4751,9,210,0.7047619047619048,20,0.65
1993,4751,9,156,0.7051282051282052,12,0.5
1994,4751,9,134,0.7089552238805971,6,0.6666666666666666
1995,4751,9,242,0.7231404958677686,100,0.71
1996,4751,9,186,0.7258064516129032,10,0.8
1997,4751,9,150,0.74,4,0.75
1998,4751,9,114,0.6842105263157895,8,0.5
1999,4751,9,400,0.725,296,0.7331081081081081
2000,4751,9,404,0.7128712871287128,200,0.705
2001,4751,9,402,0.7288557213930348,182,0.7307692307692307
2002,4751,9,482,0.7136929460580913,268,0.7201492537313433
2003,4751,9,474,0.7320675105485233,192,0.7760416666666666
2004,4751,9,644,0.7329192546583851,320,0.728125
2005,4751,9,688,0.7151162790697675,282,0.6879432624113475
2006,4751,9,774,0.7312661498708011,338,0.7071005917159763
2007,4751,9,660,0.6984848484848485,178,0.6292134831460674
2008,4751,9,724,0.7348066298342542,328,0.7164634146341463
2009,4751,9,562,0.7758007117437722,168,0.8035714285714286
2010,4751,9,628,0.7945859872611465,290,0.7965517241379311
2011,4751,9,790,0.7569620253164557,406,0.7315270935960592
2012,4751,9,502,0.7908366533864541,104,0.8173076923076923
2013,4751,9,652,0.7975460122699386,298,0.7885906040268457
1990,4754,9,342,0.8654970760233918,0,
1991,4754,9,442,0.8393665158371041,212,0.8443396226415094
1992,4754,9,210,0.8333333333333334,20,0.75
1993,4754,9,156,0.8461538461538461,12,0.75
1994,4754,9,134,0.8432835820895522,6,1.0
1995,4754,9,242,0.8677685950413223,100,0.88
1996,4754,9,186,0.8763440860215054,10,1.0
1997,4754,9,150,0.8733333333333333,4,1.0
1998,4754,9,114,0.9122807017543859,8,1.0
1999,4754,9,400,0.8625,296,0.8445945945945946
2000,4754,9,404,0.8811881188118812,200,0.885
2001,4754,9,402,0.8930348258706468,182,0.9065934065934066
2002,4754,9,482,0.8858921161825726,268,0.8880597014925373
2003,4754,9,474,0.879746835443038,192,0.875
2004,4754,9,644,0.8618012422360248,320,0.871875
2005,4754,9,688,0.8706395348837209,282,0.875886524822695
2006,4754,9,774,0.875968992248062,338,0.8846153846153846
2007,4754,9,660,0.8712121212121212,178,0.8258426966292135
2008,4754,9,724,0.8784530386740331,328,0.8780487804878049
2009,4754,9,560,0.8732142857142857,166,0.8554216867469879
2010,4754,9,626,0.8722044728434505,290,0.8827586206896552
2011,4754,9,788,0.881979695431472,406,0.8817733990147784
2012,4754,9,500,0.874,104,0.8557692307692307
2013,4754,9,650,0.8753846153846154,298,0.8791946308724832
1990,4770,9,342,0.3128654970760234,0,
1991,4770,9,442,0.2918552036199095,212,0.2830188679245283
1992,4770,9,210,0.2904761904761905,20,0.3
1993,4770,9,156,0.2948717948717949,12,0.25
1994,4770,9,134,0.30597014925373134,6,0.5
1995,4770,9,242,0.2603305785123967,100,0.27
1996,4770,9,186,0.24731182795698925,10,0.1
1997,4770,9,150,0.23333333333333334,4,0.25
1998,4770,9,114,0.20175438596491227,8,0.0
1999,4770,9,400,0.19,296,0.1891891891891892
2000,4770,9,404,0.18811881188118812,200,0.225
2001,4770,9,402,0.19651741293532338,182,0.2032967032967033
2002,4770,9,482,0.19294605809128632,268,0.19029850746268656
2003,4770,9,474,0.20253164556962025,192,0.203125
2004,4770,9,644,0.2375776397515528,320,0.234375
2005,4770,9,688,0.20784883720930233,282,0.19858156028368795
2006,4770,9,774,0.21834625322997417,338,0.21301775147928995
2007,4770,9,660,0.2196969696969697,178,0.19101123595505617
2008,4770,9,724,0.19060773480662985,328,0.16463414634146342
2009,4770,9,564,0.17553191489361702,170,0.16470588235294117
2010,4770,9,628,0.19745222929936307,290,0.21724137931034482
2011,4770,9,790,0.21139240506329113,406,0.19950738916256158
2012,4770,9,502,0.19322709163346613,104,0.20192307692307693
2013,4770,9,652,0.19631901840490798,298,0.20469798657718122
1990,4827,9,342,0.8742690058479532,0,
1991,4827,9,442,0.8755656108597285,212,0.8820754716981132
1992,4827,9,210,0.8857142857142857,20,0.9
1993,4827,9,156,0.8974358974358975,12,0.9166666666666666
1994,4827,9,134,0.8955223880597015,6,1.0
1995,4827,9,242,0.9173553719008265,100,0.92
1996,4827,9,186,0.9247311827956989,10,1.0
1997,4827,9,150,0.9066666666666666,4,0.75
1998,4827,9,114,0.9210526315789473,8,0.875
1999,4827,9,400,0.935,296,0.9425675675675675
2000,4827,9,404,0.9133663366336634,200,0.89
2001,4827,9,402,0.9079601990049752,182,0.8846153846153846
2002,4827,9,482,0.9190871369294605,268,0.9253731343283582
2003,4827,9,474,0.8987341772151899,192,0.890625
2004,4827,9,644,0.8959627329192547,320,0.890625
2005,4827,9,688,0.8909883720930233,282,0.900709219858156
2006,4827,9,774,0.8875968992248062,338,0.8816568047337278
2007,4827,9,660,0.8893939393939394,178,0.8764044943820225
2008,4827,9,724,0.8908839779005525,328,0.8780487804878049
2009,4827,9,564,0.8900709219858156,170,0.8647058823529412
2010,4827,9,628,0.9076433121019108,290,0.896551724137931
2011,4827,9,790,0.9189873417721519,406,0.9285714285714286
2012,4827,9,502,0.9143426294820717,104,0.9326923076923077
2013,4827,9,652,0.9141104294478528,298,0.9228187919463087
1990,4882,10,342,0.6374269005847953,0,
1991,4882,10,442,0.669683257918552,212,0.6886792452830188
1992,4882,10,210,0.6238095238095238,20,0.7
1993,4882,10,156,0.6153846153846154,12,0.6666666666666666
1994,4882,10,134,0.6119402985074627,6,0.8333333333333334
1995,4882,10,242,0.6570247933884298,100,0.67
1996,4882,10,186,0.6666666666666666,10,0.7
1997,4882,10,150,0.62,4,0.75
1998,4882,10,114,0.6228070175438597,8,0.75
1999,4882,10,400,0.61,296,0.6013513513513513
2000,4882,10,404,0.6485148514851485,200,0.655
2001,4882,10,402,0.7014925373134329,182,0.7197802197802198
2002,4882,10,482,0.6991701244813278,268,0.6865671641791045
2003,4882,10,474,0.6919831223628692,192,0.6770833333333334
2004,4882,10,644,0.6925465838509317,320,0.703125
2005,4882,10,688,0.6816860465116279,282,0.6524822695035462
2006,4882,10,774,0.6731266149870802,338,0.665680473372781
2007,4882,10,660,0.7045454545454546,178,0.7078651685393258
2008,4882,10,724,0.6477900552486188,328,0.6524390243902439
2009,4882,10,564,0.6365248226950354,170,0.6352941176470588
2010,4882,10,628,0.60828025477707,290,0.5620689655172414
2011,4882,10,790,0.6075949367088608,406,0.6059113300492611
2012,4882,10,502,0.5956175298804781,104,0.5288461538461539
2013,4882,10,652,0.5966257668711656,298,0.5503355704697986
1990,5012,10,342,0.5146198830409356,0,
1991,5012,10,442,0.5339366515837104,212,0.5566037735849056
1992,5012,10,210,0.5333333333333333,20,0.65
1993,5012,10,156,0.5384615384615384,12,0.5833333333333334
1994,5012,10,134,0.5149253731343284,6,0.3333333333333333
1995,5012,10,242,0.5537190082644629,100,0.58
1996,5012,10,186,0.510752688172043,10,0.3
1997,5012,10,150,0.5066666666666667,4,0.25
1998,5012,10,114,0.5,8,0.25
1999,5012,10,400,0.5675,296,0.5912162162162162
2000,5012,10,404,0.5693069306930693,200,0.56
2001,5012,10,402,0.5472636815920398,182,0.5439560439560439
2002,5012,10,482,0.5435684647302904,268,0.5485074626865671
2003,5012,10,474,0.5253164556962026,192,0.4947916666666667
2004,5012,10,644,0.5046583850931677,320,0.496875
2005,5012,10,688,0.5218023255813954,282,0.5035460992907801
2006,5012,10,774,0.5155038759689923,338,0.5059171597633136
2007,5012,10,660,0.546969696969697,178,0.6123595505617978
2008,5012,10,724,0.5207182320441989,328,0.5091463414634146
2009,5012,10,564,0.526595744680851,170,0.5294117647058824
2010,5012,10,628,0.5286624203821656,290,0.5172413793103449
2011,5012,10,790,0.5367088607594936,406,0.5369458128078818
2012,5012,10,502,0.547808764940239,104,0.5961538461538461
2013,5012,10,652,0.5598159509202454,298,0.5906040268456376
1990,5013,10,340,0.7029411764705882,0,
1991,5013,10,440,0.6772727272727272,212,0.6933962264150944
1992,5013,10,208,0.6201923076923077,20,0.4
1993,5013,10,154,0.6298701298701299,12,0.5833333333333334
1994,5013,10,132,0.6439393939393939,6,1.0
1995,5013,10,240,0.6791666666666667,100,0.66
1996,5013,10,184,0.7065217391304348,10,0.9
1997,5013,10,148,0.7094594594594594,4,0.5
1998,5013,10,114,0.7017543859649122,8,0.625
1999,5013,10,400,0.71,296,0.6959459459459459
2000,5013,10,402,0.7039800995024875,198,0.6666666666666666
2001,5013,10,402,0.6741293532338308,182,0.6428571428571429
2002,5013,10,482,0.6950207468879668,268,0.6865671641791045
2003,5013,10,474,0.6645569620253164,192,0.640625
2004,5013,10,644,0.6987577639751553,320,0.73125
2005,5013,10,688,0.7165697674418605,282,0.7163120567375887
2006,5013,10,774,0.7118863049095607,338,0.7071005917159763
2007,5013,10,660,0.7151515151515152,178,0.6573033707865169
2008,5013,10,724,0.7016574585635359,328,0.6890243902439024
2009,5013,10,564,0.7039007092198581,170,0.6882352941176471
2010,5013,10,624,0.7291666666666666,286,0.7202797202797203
2011,5013,10,788,0.7068527918781726,404,0.6806930693069307
2012,5013,10,502,0.7390438247011952,104,0.7788461538461539
2013,5013,10,652,0.7392638036809815,298,0.7516778523489933
1990,5036,10,342,0.4415204678362573,0,
1991,5036,10,442,0.41402714932126694,212,0.3867924528301887
1992,5036,10,210,0.4380952380952381,20,0.4
1993,5036,10,156,0.38461538461538464,12,0.3333333333333333
1994,5036,10,134,0.3805970149253731,6,0.5
1995,5036,10,242,0.3925619834710744,100,0.44
1996,5036,10,186,0.3870967741935484,10,0.1
1997,5036,10,150,0.36666666666666664,4,0.5
1998,5036,10,114,0.37719298245614036,8,0.25
1999,5036,10,400,0.3725,296,0.36486486486486486
2000,5036,10,404,0.3465346534653465,200,0.295
2001,5036,10,402,0.3756218905472637,182,0.4230769230769231
2002,5036,10,482,0.3132780082987552,268,0.30970149253731344
2003,5036,10,474,0.2848101265822785,192,0.2864583333333333
2004,5036,10,644,0.30124223602484473,320,0.315625
2005,5036,10,688,0.2761627906976744,282,0.2624113475177305
2006,5036,10,774,0.2777777777777778,338,0.28402366863905326
2007,5036,10,660,0.25303030303030305,178,0.20786516853932585
2008,5036,10,724,0.2569060773480663,328,0.27134146341463417
2009,5036,10,562,0.23309608540925267,168,0.17261904761904762
2010,5036,10,628,0.2898089171974522,290,0.296551724137931
2011,5036,10,790,0.2949367088607595,406,0.30295566502463056
2012,5036,10,502,0.2749003984063745,104,0.22115384615384615
2013,5036,10,652,0.30214723926380366,298,0.2986577181208054
1990,5066,10,342,0.4093567251461988,0,
1991,5066,10,442,0.4502262443438914,212,0.49056603773584906
1992,5066,10,210,0.44285714285714284,20,0.4
1993,5066,10,156,0.44871794871794873,12,0.5833333333333334
1994,5066,10,134,0.4253731343283582,6,0.3333333333333333
1995,5066,10,242,0.4256198347107438,100,0.42
1996,5066,10,186,0.42473118279569894,10,0.5
1997,5066,10,150,0.44,4,0.25
1998,5066,10,114,0.4649122807017544,8,0.25
1999,5066,10,400,0.4975,296,0.5033783783783784
2000,5066,10,404,0.48267326732673266,200,0.465
2001,5066,10,402,0.4601990049751244,182,0.4065934065934066
2002,5066,10,482,0.5269709543568465,268,0.5410447761194029
2003,5066,10,474,0.5232067510548524,192,0.4947916666666667
2004,5066,10,644,0.532608695652174,320,0.546875
2005,5066,10,688,0.5247093023255814,282,0.4858156028368794
2006,5066,10,774,0.5064599483204134,338,0.5118343195266272
2007,5066,10,660,0.5272727272727272,178,0.550561797752809
2008,5066,10,724,0.4958563535911602,328,0.4695121951219512
2009,5066,10,564,0.5319148936170213,170,0.5
2010,5066,10,628,0.5143312101910829,290,0.5137931034482759
2011,5066,10,790,0.5113924050632911,406,0.5
2012,5066,10,502,0.49800796812749004,104,0.4423076923076923
2013,5066,10,652,0.5245398773006135,298,0.5234899328859061
1990,5069,10,332,0.3855421686746988,0,
1991,5069,10,436,0.3830275229357798,210,0.36666666666666664
1992,5069,10,206,0.4077669902912621,20,0.45
1993,5069,10,156,0.41025641025641024,12,0.5833333333333334
1994,5069,10,134,0.417910447761194,6,0.6666666666666666
1995,5069,10,240,0.45,100,0.55
1996,5069,10,182,0.4340659340659341,8,0.25
1997,5069,10,148,0.41216216216216217,4,0.5
1998,5069,10,112,0.42857142857142855,8,0.375
1999,5069,10,392,0.4489795918367347,290,0.46206896551724136
2000,5069,10,390,0.45384615384615384,192,0.5
2001,5069,10,392,0.4489795918367347,178,0.449438202247191
2002,5069,10,474,0.45569620253164556,264,0.4318181818181818
2003,5069,10,462,0.47835497835497837,184,0.42934782608695654
2004,5069,10,628,0.5222929936305732,312,0.5512820512820513
2005,5069,10,672,0.5148809523809523,274,0.5255474452554745
2006,5069,10,754,0.5212201591511937,332,0.5271084337349398
2007,5069,10,636,0.5094339622641509,168,0.5297619047619048
2008,5069,10,710,0.5408450704225352,326,0.5705521472392638
2009,5069,10,552,0.5144927536231884,168,0.5357142857142857
2010,5069,10,616,0.5097402597402597,288,0.5416666666666666
2011,5069,10,772,0.4896373056994819,400,0.4775
2012,5069,10,490,0.4857142857142857,102,0.4411764705882353
2013,5069,10,632,0.5,288,0.5104166666666666
1990,5074,10,342,0.8742690058479532,0,
1991,5074,10,442,0.830316742081448,212,0.8113207547169812
1992,5074,10,210,0.8380952380952381,20,0.75
1993,5074,10,156,0.8461538461538461,12,0.75
1994,5074,10,134,0.8432835820895522,6,1.0
1995,5074,10,242,0.8099173553719008,100,0.84
1996,5074,10,186,0.7741935483870968,10,0.6
1997,5074,10,150,0.7666666666666667,4,0.75
1998,5074,10,114,0.7456140350877193,8,0.75
1999,5074,10,400,0.79,296,0.8074324324324325
2000,5074,10,404,0.7945544554455446,200,0.795
2001,5074,10,402,0.7835820895522388,182,0.8131868131868132
2002,5074,10,482,0.7510373443983402,268,0.7649253731343284
2003,5074,10,474,0.7447257383966245,192,0.7447916666666666
2004,5074,10,644,0.7779503105590062,320,0.79375
2005,5074,10,688,0.7703488372093024,282,0.7446808510638298
2006,5074,10,774,0.7906976744186046,338,0.8047337278106509
2007,5074,10,660,0.7924242424242425,178,0.8033707865168539
2008,5074,10,724,0.8273480662983426,328,0.8414634146341463
2009,5074,10,564,0.8386524822695035,170,0.8529411764705882
2010,5074,10,628,0.8200636942675159,290,0.8241379310344827
2011,5074,10,790,0.8113924050632911,406,0.7980295566502463
2012,5074,10,502,0.8207171314741036,104,0.8076923076923077
2013,5074,10,650,0.803076923076923,296,0.8074324324324325
1990,5075,10,342,0.3567251461988304,0,
1991,5075,10,442,0.35294117647058826,212,0.35377358490566035
1992,5075,10,210,0.3523809523809524,20,0.5
1993,5075,10,156,0.358974358974359,12,0.3333333333333333
1994,5075,10,134,0.35074626865671643,6,0.16666666666666666
1995,5075,10,240,0.32916666666666666,100,0.31
1996,5075,10,184,0.31521739130434784,10,0.3
1997,5075,10,150,0.3333333333333333,4,0.75
1998,5075,10,114,0.34210526315789475,8,0.125
1999,5075,10,400,0.36,296,0.3716216216216216
2000,5075,10,404,0.3316831683168317,200,0.355
2001,5075,10,402,0.34577114427860695,182,0.3791208791208791
2002,5075,10,482,0.35477178423236516,268,0.373134328358209
2003,5075,10,472,0.3326271186440678,190,0.3684210526315789
2004,5075,10,644,0.31521739130434784,320,0.34375
2005,5075,10,688,0.2863372093023256,282,0.2695035460992908
2006,5075,10,774,0.33204134366925064,338,0.3609467455621302
2007,5075,10,660,0.3090909090909091,178,0.30337078651685395
2008,5075,10,724,0.2776243093922652,328,0.2865853658536585
2009,5075,10,564,0.2712765957446808,170,0.22941176470588234
2010,5075,10,626,0.2715654952076677,288,0.2777777777777778
2011,5075,10,788,0.2918781725888325,404,0.30198019801980197
2012,5075,10,502,0.28286852589641437,104,0.33653846153846156
2013,5075,10,652,0.3128834355828221,298,0.3221476510067114
1990,5136,10,342,0.8947368421052632,0,
1991,5136,10,442,0.8914027149321267,212,0.8962264150943396
1992,5136,10,210,0.8952380952380953,20,1.0
1993,5136,10,156,0.8782051282051282,12,0.8333333333333334
1994,5136,10,134,0.8955223880597015,6,1.0
1995,5136,10,242,0.8677685950413223,100,0.87
1996,5136,10,186,0.8924731182795699,10,0.9
1997,5136,10,150,0.8733333333333333,4,0.75
1998,5136,10,114,0.8596491228070176,8,0.875
1999,5136,10,400,0.89,296,0.8918918918918919
2000,5136,10,404,0.8737623762376238,200,0.875
2001,5136,10,402,0.8532338308457711,182,0.8516483516483516
2002,5136,10,482,0.8340248962655602,268,0.832089552238806
2003,5136,10,474,0.8523206751054853,192,0.8385416666666666
2004,5136,10,644,0.8633540372670807,320,0.871875
2005,5136,10,688,0.8459302325581395,282,0.8617021276595744
2006,5136,10,774,0.851421188630491,338,0.8579881656804734
2007,5136,10,660,0.853030303030303,178,0.848314606741573
2008,5136,10,724,0.8383977900552486,328,0.8353658536585366
2009,5136,10,564,0.8546099290780141,170,0.8705882352941177
2010,5136,10,628,0.8535031847133758,290,0.8586206896551725
2011,5136,10,790,0.8430379746835444,406,0.8349753694581281
2012,5136,10,502,0.8605577689243028,104,0.8653846153846154
2013,5136,10,652,0.8634969325153374,298,0.8590604026845637
1990,5161,10,342,0.6403508771929824,0,
1991,5161,10,442,0.6380090497737556,212,0.6179245283018868
1992,5161,10,210,0.6523809523809524,20,0.6
1993,5161,10,156,0.6025641025641025,12,0.5
1994,5161,10,134,0.5671641791044776,6,0.3333333333333333
1995,5161,10,242,0.5289256198347108,100,0.46
1996,5161,10,186,0.5268817204301075,10,0.6
1997,5161,10,150,0.54,4,0.25
1998,5161,10,114,0.5526315789473685,8,0.375
1999,5161,10,400,0.5425,296,0.5371621621621622
2000,5161,10,404,0.5272277227722773,200,0.54
2001,5161,10,402,0.527363184079602,182,0.5164835164835165
2002,5161,10,482,0.5269709543568465,268,0.5447761194029851
2003,5161,10,474,0.48945147679324896,192,0.484375
2004,5161,10,644,0.4720496894409938,320,0.478125
2005,5161,10,686,0.47230320699708456,280,0.48214285714285715
2006,5161,10,772,0.4533678756476684,338,0.45857988165680474
2007,5161,10,658,0.4574468085106383,178,0.5
2008,5161,10,722,0.46398891966759004,328,0.4878048780487805
2009,5161,10,562,0.4804270462633452,170,0.5117647058823529
2010,5161,10,626,0.44568690095846647,290,0.46206896551724136
2011,5161,10,788,0.4403553299492386,406,0.42857142857142855
2012,5161,10,500,0.45,104,0.375
2013,5161,10,650,0.4646153846153846,298,0.4563758389261745
1990,5172,10,342,0.34210526315789475,0,
1991,5172,10,442,0.34615384615384615,212,0.35377358490566035
1992,5172,10,210,0.3333333333333333,20,0.3
1993,5172,10,156,0.33974358974358976,12,0.5
1994,5172,10,134,0.34328358208955223,6,0.3333333333333333
1995,5172,10,242,0.36363636363636365,100,0.43
1996,5172,10,186,0.3387096774193548,10,0.1
1997,5172,10,150,0.28,4,0.5
1998,5172,10,114,0.2807017543859649,8,0.375
1999,5172,10,400,0.2725,296,0.27364864864864863
2000,5172,10,404,0.31435643564356436,200,0.375
2001,5172,10,402,0.3308457711442786,182,0.36813186813186816
2002,5172,10,482,0.34647302904564314,268,0.3582089552238806
2003,5172,10,474,0.33122362869198313,192,0.328125
2004,5172,10,644,0.36801242236024845,320,0.403125
2005,5172,10,688,0.34593023255813954,282,0.35815602836879434
2006,5172,10,774,0.31912144702842377,338,0.31952662721893493
2007,5172,10,660,0.3242424242424242,178,0.34269662921348315
2008,5172,10,724,0.3218232044198895,328,0.3384146341463415
2009,5172,10,564,0.324468085106383,170,0.31176470588235294
2010,5172,10,628,0.3232484076433121,290,0.2896551724137931
2011,5172,10,788,0.32741116751269034,404,0.3316831683168317
2012,5172,10,502,0.3565737051792829,104,0.3942307692307692
2013,5172,10,652,0.3450920245398773,298,0.33557046979865773
1990,5199,11,342,0.8450292397660819,0,
1991,5199,11,442,0.8416289592760181,212,0.8537735849056604
1992,5199,11,210,0.8571428571428571,20,0.9
1993,5199,11,156,0.8397435897435898,12,1.0
1994,5199,11,134,0.835820895522388,6,0.8333333333333334
1995,5199,11,242,0.8305785123966942,100,0.85
1996,5199,11,186,0.8387096774193549,10,1.0
1997,5199,11,150,0.8333333333333334,4,0.75
1998,5199,11,114,0.8508771929824561,8,0.875
1999,5199,11,400,0.88,296,0.8885135135135135
2000,5199,11,404,0.844059405940594,200,0.83
2001,5199,11,402,0.8756218905472637,182,0.8461538461538461
2002,5199,11,482,0.8609958506224067,268,0.8544776119402985
2003,5199,11,474,0.8481012658227848,192,0.828125
2004,5199,11,644,0.8555900621118012,320,0.846875
2005,5199,11,688,0.8415697674418605,282,0.8617021276595744
2006,5199,11,774,0.8488372093023255,338,0.8402366863905325
2007,5199,11,660,0.8242424242424242,178,0.8089887640449438
2008,5199,11,724,0.8383977900552486,328,0.8414634146341463
2009,5199,11,564,0.8191489361702128,170,0.8
2010,5199,11,628,0.8073248407643312,290,0.8
2011,5199,11,790,0.8316455696202532,406,0.8300492610837439
2012,5199,11,502,0.8406374501992032,104,0.8557692307692307
2013,5199,11,652,0.8343558282208589,298,0.8087248322147651
1990,5248,11,340,0.2676470588235294,0,
1991,5248,11,442,0.2579185520361991,212,0.2641509433962264
1992,5248,11,210,0.26666666666666666,20,0.35
1993,5248,11,156,0.23076923076923078,12,0.16666666666666666
1994,5248,11,134,0.22388059701492538,6,0.0
1995,5248,11,242,0.23553719008264462,100,0.21
1996,5248,11,186,0.25806451612903225,10,0.3
1997,5248,11,150,0.24,4,0.0
1998,5248,11,114,0.24561403508771928,8,0.25
1999,5248,11,400,0.2525,296,0.25675675675675674
2000,5248,11,404,0.2376237623762376,200,0.23
2001,5248,11,402,0.236318407960199,182,0.23076923076923078
2002,5248,11,480,0.26666666666666666,266,0.2932330827067669
2003,5248,11,474,0.23628691983122363,192,0.21875
2004,5248,11,644,0.2779503105590062,320,0.303125
2005,5248,11,688,0.2921511627906977,282,0.32978723404255317
2006,5248,11,774,0.24806201550387597,338,0.21005917159763313
2007,5248,11,660,0.2590909090909091,178,0.28651685393258425
2008,5248,11,724,0.2845303867403315,328,0.2896341463414634
2009,5248,11,564,0.31382978723404253,170,0.32941176470588235
2010,5248,11,628,0.31528662420382164,290,0.32068965517241377
2011,5248,11,790,0.2873417721518987,406,0.29064039408866993
2012,5248,11,502,0.27689243027888444,104,0.3557692307692308
2013,5248,11,652,0.2960122699386503,298,0.3053691275167785
1990,5292,11,342,0.7017543859649122,0,
1991,5292,11,442,0.7126696832579186,212,0.7122641509433962
1992,5292,11,210,0.7142857142857143,20,0.7
1993,5292,11,156,0.7564102564102564,12,0.9166666666666666
1994,5292,11,134,0.753731343283582,6,0.8333333333333334
1995,5292,11,242,0.7603305785123967,100,0.8
1996,5292,11,186,0.7473118279569892,10,0.8
1997,5292,11,150,0.7533333333333333,4,1.0
1998,5292,11,114,0.7368421052631579,8,0.5
1999,5292,11,400,0.6875,296,0.6756756756756757
2000,5292,11,404,0.6732673267326733,200,0.65
2001,5292,11,402,0.7039800995024875,182,0.7032967032967034
2002,5292,11,482,0.7012448132780082,268,0.7201492537313433
2003,5292,11,472,0.6440677966101694,190,0.6052631578947368
2004,5292,11,644,0.6350931677018633,320,0.61875
2005,5292,11,688,0.6468023255813954,282,0.6595744680851063
2006,5292,11,774,0.6447028423772609,338,0.6479289940828402
2007,5292,11,660,0.6484848484848484,178,0.6067415730337079
2008,5292,11,724,0.6256906077348067,328,0.6158536585365854
2009,5292,11,564,0.5975177304964538,170,0.5882352941176471
2010,5292,11,628,0.6019108280254777,290,0.6
2011,5292,11,790,0.6303797468354431,406,0.6379310344827587
2012,5292,11,502,0.6394422310756972,104,0.6634615384615384
2013,5292,11,652,0.647239263803681,298,0.6610738255033557
1990,5307,11,338,0.5,0,
1991,5307,11,442,0.49321266968325794,212,0.49056603773584906
1992,5307,11,210,0.5,20,0.3
1993,5307,11,156,0.5384615384615384,12,0.75
1994,5307,11,134,0.5597014925373134,6,0.6666666666666666
1995,5307,11,242,0.5826446280991735,100,0.61
1996,5307,11,186,0.5913978494623656,10,0.4
1997,5307,11,150,0.5666666666666667,4,0.25
1998,5307,11,114,0.5701754385964912,8,0.5
1999,5307,11,400,0.5175,296,0.48986486486486486
2000,5307,11,404,0.5371287128712872,200,0.55
2001,5307,11,398,0.5527638190954773,178,0.5617977528089888
2002,5307,11,482,0.549792531120332,268,0.582089552238806
2003,5307,11,474,0.5232067510548524,192,0.4635416666666667
2004,5307,11,644,0.5559006211180124,320,0.553125
2005,5307,11,688,0.5683139534883721,282,0.6063829787234043
2006,5307,11,774,0.5503875968992248,338,0.5384615384615384
2007,5307,11,658,0.5258358662613982,176,0.4659090909090909
2008,5307,11,724,0.5428176795580111,328,0.5335365853658537
2009,5307,11,564,0.5443262411347518,170,0.5529411764705883
2010,5307,11,628,0.5573248407643312,290,0.5586206896551724
2011,5307,11,790,0.5481012658227848,406,0.5295566502463054
2012,5307,11,502,0.5637450199203188,104,0.5961538461538461
2013,5307,11,652,0.5628834355828221,298,0.5738255033557047
1990,5333,11,342,0.8508771929824561,0,
1991,5333,11,442,0.8190045248868778,212,0.8160377358490566
1992,5333,11,210,0.8380952380952381,20,0.9
1993,5333,11,156,0.8397435897435898,12,0.5833333333333334
1994,5333,11,134,0.8208955223880597,6,0.6666666666666666
1995,5333,11,242,0.7975206611570248,100,0.84
1996,5333,11,186,0.8333333333333334,10,0.9
1997,5333,11,150,0.8333333333333334,4,1.0
1998,5333,11,114,0.8157894736842105,8,0.875
1999,5333,11,400,0.7775,296,0.7736486486486487
2000,5333,11,404,0.7673267326732673,200,0.78
2001,5333,11,402,0.7313432835820896,182,0.7197802197802198
2002,5333,11,482,0.7489626556016598,268,0.75
2003,5333,11,474,0.729957805907173,192,0.7239583333333334
2004,5333,11,644,0.7453416149068323,320,0.74375
2005,5333,11,688,0.7732558139534884,282,0.8049645390070922
2006,5333,11,774,0.7674418604651163,338,0.7544378698224852
2007,5333,11,660,0.7924242424242425,178,0.8089887640449438
2008,5333,11,724,0.7748618784530387,328,0.7621951219512195
2009,5333,11,564,0.7570921985815603,170,0.7411764705882353
2010,5333,11,628,0.7659235668789809,290,0.7551724137931034
2011,5333,11,790,0.7911392405063291,406,0.8201970443349754
2012,5333,11,502,0.8027888446215139,104,0.8365384615384616
2013,5333,11,652,0.7699386503067485,298,0.761744966442953
1990,5359,11,342,0.21929824561403508,0,
1991,5359,11,442,0.20135746606334842,212,0.18867924528301888
1992,5359,11,210,0.21904761904761905,20,0.3
1993,5359,11,156,0.19230769230769232,12,0.16666666666666666
1994,5359,11,134,0.208955223880597,6,0.16666666666666666
1995,5359,11,242,0.19834710743801653,100,0.16
1996,5359,11,186,0.21505376344086022,10,0.2
1997,5359,11,150,0.20666666666666667,4,0.0
1998,5359,11,114,0.21052631578947367,8,0.375
1999,5359,11,400,0.2025,296,0.19594594594594594
2000,5359,11,404,0.20544554455445543,200,0.195
2001,5359,11,402,0.24378109452736318,182,0.25274725274725274
2002,5359,11,480,0.20625,266,0.19548872180451127
2003,5359,11,472,0.2521186440677966,190,0.28421052631578947
2004,5359,11,644,0.2329192546583851,320,0.240625
2005,5359,11,688,0.25872093023255816,282,0.26595744680851063
2006,5359,11,774,0.25064599483204136,338,0.24260355029585798
2007,5359,11,660,0.2545454545454545,178,0.28651685393258425
2008,5359,11,724,0.23895027624309392,328,0.24390243902439024
2009,5359,11,564,0.2375886524822695,170,0.20588235294117646
2010,5359,11,628,0.2659235668789809,290,0.27586206896551724
2011,5359,11,790,0.2468354430379747,406,0.23399014778325122
2012,5359,11,502,0.26693227091633465,104,0.3173076923076923
2013,5359,11,652,0.25766871165644173,298,0.27181208053691275
1990,5370,11,342,0.6461988304093568,0,
1991,5370,11,442,0.6561085972850679,212,0.6792452830188679
1992,5370,11,210,0.7,20,0.7
1993,5370,11,156,0.7115384615384616,12,0.75
1994,5370,11,134,0.7164179104477612,6,0.8333333333333334
1995,5370,11,242,0.6694214876033058,100,0.7
1996,5370,11,186,0.6720430107526881,10,0.7
1997,5370,11,150,0.6733333333333333,4,0.75
1998,5370,11,114,0.7280701754385965,8,0.875
1999,5370,11,400,0.6625,296,0.6385135135135135
2000,5370,11,404,0.6905940594059405,200,0.685
2001,5370,11,402,0.6567164179104478,182,0.6483516483516484
2002,5370,11,482,0.6784232365145229,268,0.6977611940298507
2003,5370,11,474,0.6687763713080169,192,0.6927083333333334
2004,5370,11,644,0.672360248447205,320,0.68125
2005,5370,11,688,0.6453488372093024,282,0.648936170212766
2006,5370,11,774,0.6459948320413437,338,0.6331360946745562
2007,5370,11,660,0.6484848484848484,178,0.6629213483146067
2008,5370,11,724,0.6284530386740331,328,0.6036585365853658
2009,5370,11,564,0.6205673758865248,170,0.6411764705882353
2010,5370,11,628,0.6178343949044586,290,0.6206896551724138
2011,5370,11,790,0.6253164556962025,406,0.6231527093596059
2012,5370,11,502,0.6175298804780877,104,0.6442307692307693
2013,5370,11,652,0.588957055214724,298,0.5671140939597316
1990,5412,11,340,0.7823529411764706,0,
1991,5412,11,440,0.8181818181818182,212,0.8773584905660378
1992,5412,11,210,0.8047619047619048,20,0.8
1993,5412,11,156,0.8205128205128205,12,1.0
1994,5412,11,134,0.7985074626865671,6,0.5
1995,5412,11,242,0.756198347107438,100,0.75
1996,5412,11,186,0.7956989247311828,10,1.0
1997,5412,11,150,0.7933333333333333,4,0.75
1998,5412,11,114,0.7807017543859649,8,0.75
1999,5412,11,398,0.7663316582914573,294,0.7619047619047619
2000,5412,11,402,0.7761194029850746,200,0.765
2001,5412,11,400,0.805,182,0.8076923076923077
2002,5412,11,478,0.797071129707113,266,0.8157894736842105
2003,5412,11,470,0.8042553191489362,192,0.8072916666666666
2004,5412,11,638,0.799373040752351,318,0.8207547169811321
2005,5412,11,684,0.7675438596491229,282,0.74822695035461
2006,5412,11,770,0.7805194805194805,338,0.7869822485207101
2007,5412,11,658,0.7781155015197568,178,0.8033707865168539
2008,5412,11,722,0.7686980609418282,328,0.75
2009,5412,11,560,0.8035714285714286,168,0.7916666666666666
2010,5412,11,624,0.7884615384615384,288,0.8055555555555556
2011,5412,11,788,0.7906091370558376,406,0.7980295566502463
2012,5412,11,502,0.7888446215139442,104,0.8461538461538461
2013,5412,11,642,0.7912772585669782,288,0.8125
1990,5418,11,342,0.7660818713450293,0,
1991,5418,11,442,0.8099547511312217,212,0.8207547169811321
1992,5418,11,210,0.7761904761904762,20,0.7
1993,5418,11,156,0.7948717948717948,12,0.8333333333333334
1994,5418,11,134,0.7835820895522388,6,0.5
1995,5418,11,242,0.743801652892562,100,0.68
1996,5418,11,186,0.7956989247311828,10,0.8
1997,5418,11,150,0.8,4,1.0
1998,5418,11,114,0.8157894736842105,8,0.75
1999,5418,11,400,0.795,296,0.7871621621621622
2000,5418,11,404,0.7673267326732673,200,0.76
2001,5418,11,402,0.7512437810945274,182,0.7582417582417582
2002,5418,11,482,0.7531120331950207,268,0.7835820895522388
2003,5418,11,474,0.7510548523206751,192,0.7395833333333334
2004,5418,11,644,0.7748447204968945,320,0.7875
2005,5418,11,688,0.7718023255813954,282,0.7836879432624113
2006,5418,11,774,0.7713178294573644,338,0.757396449704142
2007,5418,11,660,0.8,178,0.8202247191011236
2008,5418,11,724,0.7886740331491713,328,0.7865853658536586
2009,5418,11,564,0.7819148936170213,170,0.788235294117647
2010,5418,11,626,0.8162939297124601,288,0.84375
2011,5418,11,790,0.7924050632911392,406,0.7832512315270936
2012,5418,11,502,0.7330677290836654,104,0.5865384615384616
2013,5418,11,652,0.7193251533742331,298,0.7046979865771812
1990,5466,12,342,0.4590643274853801,0,
1991,5466,12,442,0.5361990950226244,212,0.5330188679245284
1992,5466,12,210,0.5333333333333333,20,0.45
1993,5466,12,156,0.5705128205128205,12,0.6666666666666666
1994,5466,12,134,0.5522388059701493,6,0.3333333333333333
1995,5466,12,242,0.5950413223140496,100,0.64
1996,5466,12,186,0.5806451612903226,10,0.4
1997,5466,12,150,0.56,4,0.5
1998,5466,12,114,0.5526315789473685,8,0.75
1999,5466,12,400,0.575,296,0.5777027027027027
2000,5466,12,402,0.599502487562189,198,0.6262626262626263
2001,5466,12,402,0.5522388059701493,182,0.5439560439560439
2002,5466,12,482,0.5643153526970954,268,0.5671641791044776
2003,5466,12,474,0.5443037974683544,192,0.5052083333333334
2004,5466,12,644,0.5434782608695652,320,0.525
2005,5466,12,688,0.5436046511627907,282,0.5460992907801419
2006,5466,12,774,0.5297157622739018,338,0.5236686390532544
2007,5466,12,660,0.5318181818181819,178,0.5280898876404494
2008,5466,12,724,0.5511049723756906,328,0.573170731707317
2009,5466,12,564,0.5531914893617021,170,0.5705882352941176
2010,5466,12,628,0.5668789808917197,290,0.5655172413793104
2011,5466,12,790,0.5620253164556962,406,0.5394088669950738
2012,5466,12,502,0.5657370517928287,104,0.5673076923076923
2013,5466,12,652,0.5812883435582822,298,0.5838926174496645
1990,5507,12,338,0.3757396449704142,0,
1991,5507,12,438,0.3150684931506849,210,0.3047619047619048
1992,5507,12,208,0.32211538461538464,20,0.25
1993,5507,12,154,0.2597402597402597,12,0.0
1994,5507,12,130,0.25384615384615383,6,0.3333333333333333
1995,5507,12,238,0.2815126050420168,100,0.27
1996,5507,12,182,0.3021978021978022,10,0.3
1997,5507,12,146,0.2945205479452055,4,0.0
1998,5507,12,112,0.2767857142857143,8,0.125
1999,5507,12,398,0.2889447236180904,296,0.2939189189189189
2000,5507,12,400,0.33,198,0.3333333333333333
2001,5507,12,398,0.33668341708542715,182,0.3241758241758242
2002,5507,12,474,0.29535864978902954,264,0.26515151515151514
2003,5507,12,466,0.30686695278969955,190,0.32105263157894737
2004,5507,12,632,0.32436708860759494,314,0.3375796178343949
2005,5507,12,674,0.314540059347181,280,0.2785714285714286
2006,5507,12,760,0.3,332,0.2891566265060241
2007,5507,12,650,0.27384615384615385,176,0.21022727272727273
2008,5507,12,708,0.3135593220338983,322,0.32298136645962733
2009,5507,12,546,0.3021978021978022,168,0.24404761904761904
2010,5507,12,616,0.32142857142857145,288,0.2847222222222222
2011,5507,12,778,0.34575835475578404,400,0.3525
2012,5507,12,498,0.3534136546184739,104,0.3269230769230769
2013,5507,12,650,0.34615384615384615,298,0.3523489932885906
1990,5543,12,342,0.7368421052631579,0,
1991,5543,12,442,0.746606334841629,212,0.75
1992,5543,12,210,0.7523809523809524,20,0.85
1993,5543,12,156,0.75,12,0.6666666666666666
1994,5543,12,134,0.746268656716418,6,0.6666666666666666
1995,5543,12,242,0.7603305785123967,100,0.79
1996,5543,12,186,0.7526881720430108,10,0.9
1997,5543,12,150,0.78,4,0.75
1998,5543,12,114,0.8070175438596491,8,0.875
1999,5543,12,400,0.7925,296,0.7905405405405406
2000,5543,12,404,0.7623762376237624,200,0.77
2001,5543,12,402,0.7412935323383084,182,0.7197802197802198
2002,5543,12,482,0.7697095435684648,268,0.7947761194029851
2003,5543,12,474,0.7383966244725738,192,0.7135416666666666
2004,5543,12,644,0.7468944099378882,320,0.753125
2005,5543,12,688,0.7688953488372093,282,0.7978723404255319
2006,5543,12,774,0.751937984496124,338,0.7396449704142012
2007,5543,12,658,0.78419452887538,176,0.8068181818181818
2008,5543,12,724,0.7651933701657458,328,0.7591463414634146
2009,5543,12,560,0.7446428571428572,166,0.7168674698795181
2010,5543,12,628,0.7595541401273885,290,0.7241379310344828
2011,5543,12,788,0.7817258883248731,404,0.7871287128712872
2012,5543,12,500,0.778,104,0.7692307692307693
2013,5543,12,650,0.8015384615384615,298,0.8087248322147651
1990,5617,12,342,0.7456140350877193,0,
1991,5617,12,442,0.746606334841629,212,0.7547169811320755
1992,5617,12,210,0.7428571428571429,20,0.7
1993,5617,12,156,0.7756410256410257,12,0.75
1994,5617,12,134,0.7611940298507462,6,0.6666666666666666
1995,5617,12,242,0.743801652892562,100,0.77
1996,5617,12,186,0.7311827956989247,10,0.6
1997,5617,12,150,0.72,4,1.0
1998,5617,12,114,0.6929824561403509,8,0.625
1999,5617,12,400,0.72,296,0.7398648648648649
2000,5617,12,404,0.7326732673267327,200,0.78
2001,5617,12,402,0.6990049751243781,182,0.7087912087912088
2002,5617,12,482,0.6950207468879668,268,0.7052238805970149
2003,5617,12,474,0.6962025316455697,192,0.6614583333333334
2004,5617,12,644,0.7298136645962733,320,0.73125
2005,5617,12,688,0.7209302325581395,282,0.6808510638297872
2006,5617,12,774,0.7260981912144703,338,0.7100591715976331
2007,5617,12,660,0.7227272727272728,178,0.6966292134831461
2008,5617,12,724,0.75,328,0.7469512195121951
2009,5617,12,564,0.7304964539007093,170,0.711764705882353
2010,5617,12,628,0.7595541401273885,290,0.7689655172413793
2011,5617,12,788,0.7614213197969543,404,0.754950495049505
2012,5617,12,502,0.7649402390438247,104,0.7596153846153846
2013,5617,12,652,0.7745398773006135,298,0.7785234899328859
1990,5749,12,342,0.2573099415204678,0,
1991,5749,12,442,0.18552036199095023,212,0.16037735849056603
1992,5749,12,210,0.16666666666666666,20,0.2
1993,5749,12,156,0.1794871794871795,12,0.4166666666666667
1994,5749,12,134,0.1791044776119403,6,0.16666666666666666
1995,5749,12,242,0.2066115702479339,100,0.25
1996,5749,12,186,0.20430107526881722,10,0.4
1997,5749,12,150,0.20666666666666667,4,0.25
1998,5749,12,114,0.24561403508771928,8,0.125
1999,5749,12,400,0.2575,296,0.2635135135135135
2000,5749,12,404,0.2524752475247525,200,0.235
2001,5749,12,402,0.27611940298507465,182,0.2802197802197802
2002,5749,12,482,0.23029045643153526,268,0.208955223880597
2003,5749,12,474,0.24261603375527427,192,0.22395833333333334
2004,5749,12,644,0.2267080745341615,320,0.234375
2005,5749,12,688,0.22965116279069767,282,0.25177304964539005
2006,5749,12,774,0.2222222222222222,338,0.20414201183431951
2007,5749,12,660,0.21363636363636362,178,0.19662921348314608
2008,5749,12,724,0.23480662983425415,328,0.24390243902439024
2009,5749,12,564,0.24113475177304963,170,0.2647058823529412
2010,5749,12,628,0.2340764331210191,290,0.23103448275862068
2011,5749,12,790,0.21139240506329113,406,0.21428571428571427
2012,5749,12,502,0.20717131474103587,104,0.25
2013,5749,12,652,0.23006134969325154,298,0.25838926174496646
1990,5781,13,342,0.8625730994152047,0,
1991,5781,13,442,0.8099547511312217,212,0.7971698113207547
1992,5781,13,210,0.8666666666666667,20,1.0
1993,5781,13,156,0.8397435897435898,12,0.75
1994,5781,13,134,0.8432835820895522,6,0.5
1995,5781,13,242,0.7603305785123967,100,0.74
1996,5781,13,186,0.7365591397849462,10,0.8
1997,5781,13,150,0.7533333333333333,4,0.5
1998,5781,13,114,0.7280701754385965,8,0.5
1999,5781,13,400,0.7225,296,0.722972972972973
2000,5781,13,404,0.7722772277227723,200,0.82
2001,5781,13,402,0.7711442786069652,182,0.7857142857142857
2002,5781,13,482,0.7697095435684648,268,0.7798507462686567
2003,5781,13,474,0.7426160337552743,192,0.7447916666666666
2004,5781,13,644,0.7546583850931677,320,0.753125
2005,5781,13,688,0.7805232558139535,282,0.7801418439716312
2006,5781,13,774,0.7713178294573644,338,0.7662721893491125
2007,5781,13,660,0.7893939393939394,178,0.8146067415730337
2008,5781,13,724,0.7776243093922652,328,0.7896341463414634
2009,5781,13,564,0.7695035460992907,170,0.8058823529411765
2010,5781,13,628,0.7786624203821656,290,0.7758620689655172
2011,5781,13,790,0.7569620253164557,406,0.7339901477832512
2012,5781,13,502,0.7629482071713147,104,0.7788461538461539
2013,5781,13,652,0.7622699386503068,298,0.7483221476510067
1990,5898,13,342,0.7690058479532164,0,
1991,5898,13,442,0.7669683257918553,212,0.75
1992,5898,13,210,0.7619047619047619,20,0.65
1993,5898,13,156,0.782051282051282,12,0.75
1994,5898,13,134,0.7686567164179104,6,0.8333333333333334
1995,5898,13,242,0.743801652892562,100,0.73
1996,5898,13,186,0.7634408602150538,10,0.9
1997,5898,13,150,0.7466666666666667,4,0.25
1998,5898,13,114,0.7017543859649122,8,0.875
1999,5898,13,400,0.7475,296,0.7668918918918919
2000,5898,13,404,0.7871287128712872,200,0.795
2001,5898,13,402,0.7810945273631841,182,0.7912087912087912
2002,5898,13,482,0.8008298755186722,268,0.8134328358208955
2003,5898,13,474,0.8227848101265823,192,0.84375
2004,5898,13,644,0.8027950310559007,320,0.79375
2005,5898,13,688,0.8081395348837209,282,0.8226950354609929
2006,5898,13,774,0.8204134366925064,338,0.8165680473372781
2007,5898,13,660,0.8287878787878787,178,0.8089887640449438
2008,5898,13,724,0.8204419889502762,328,0.8109756097560976
2009,5898,13,564,0.8386524822695035,170,0.8352941176470589
2010,5898,13,628,0.8598726114649682,290,0.8689655172413793
2011,5898,13,790,0.8455696202531645,406,0.8423645320197044
2012,5898,13,502,0.8247011952191236,104,0.7980769230769231
2013,5898,13,652,0.8312883435582822,298,0.8322147651006712
1990,6011,13,342,0.847953216374269,0,
1991,6011,13,442,0.8529411764705882,212,0.8301886792452831
1992,6011,13,210,0.8714285714285714,20,0.85
1993,6011,13,156,0.8717948717948718,12,0.9166666666666666
1994,6011,13,134,0.8805970149253731,6,1.0
1995,6011,13,242,0.9297520661157025,100,0.95
1996,6011,13,186,0.946236559139785,10,0.9
1997,6011,13,150,0.9466666666666667,4,1.0
1998,6011,13,114,0.956140350877193,8,1.0
1999,6011,13,400,0.9225,296,0.9087837837837838
2000,6011,13,404,0.9158415841584159,200,0.89
2001,6011,13,402,0.927860696517413,182,0.9340659340659341
2002,6011,13,482,0.9128630705394191,268,0.917910447761194
2003,6011,13,474,0.9050632911392406,192,0.8958333333333334
2004,6011,13,644,0.9363354037267081,320,0.946875
2005,6011,13,688,0.9302325581395349,282,0.9184397163120568
2006,6011,13,774,0.937984496124031,338,0.9319526627218935
2007,6011,13,660,0.943939393939394,178,0.9606741573033708
2008,6011,13,724,0.93646408839779,328,0.9329268292682927
2009,6011,13,564,0.950354609929078,170,0.9588235294117647
2010,6011,13,628,0.9442675159235668,290,0.9551724137931035
2011,6011,13,790,0.9291139240506329,406,0.9285714285714286
2012,6011,13,502,0.9282868525896414,104,0.8942307692307693
2013,6011,13,652,0.9325153374233128,298,0.9194630872483222
1990,6042,13,342,0.30701754385964913,0,
1991,6042,13,442,0.3009049773755656,212,0.27358490566037735
1992,6042,13,210,0.3142857142857143,20,0.35
1993,6042,13,156,0.3269230769230769,12,0.3333333333333333
1994,6042,13,134,0.3582089552238806,6,0.3333333333333333
1995,6042,13,242,0.3181818181818182,100,0.33
1996,6042,13,186,0.27419354838709675,10,0.2
1997,6042,13,150,0.2733333333333333,4,0.5
1998,6042,13,114,0.3157894736842105,8,0.625
1999,6042,13,400,0.2775,296,0.27364864864864863
2000,6042,13,404,0.2599009900990099,200,0.255
2001,6042,13,402,0.21641791044776118,182,0.19230769230769232
2002,6042,13,480,0.23958333333333334,266,0.23684210526315788
2003,6042,13,474,0.22362869198312235,192,0.203125
2004,6042,13,644,0.2236024844720497,320,0.221875
2005,6042,13,688,0.22819767441860464,282,0.23404255319148937
2006,6042,13,774,0.23772609819121446,338,0.257396449704142
2007,6042,13,660,0.24848484848484848,178,0.2696629213483146
2008,6042,13,724,0.21823204419889503,328,0.2347560975609756
2009,6042,13,564,0.21453900709219859,170,0.21176470588235294
2010,6042,13,628,0.2659235668789809,290,0.29310344827586204
2011,6042,13,790,0.25443037974683547,406,0.26108374384236455
2012,6042,13,502,0.23306772908366533,104,0.21153846153846154
2013,6042,13,652,0.20705521472392638,298,0.18791946308724833
1990,6087,13,342,0.6812865497076024,0,
1991,6087,13,442,0.7217194570135747,212,0.7122641509433962
1992,6087,13,210,0.7285714285714285,20,0.8
1993,6087,13,156,0.7371794871794872,12,0.5833333333333334
1994,6087,13,134,0.746268656716418,6,1.0
1995,6087,13,242,0.7520661157024794,100,0.79
1996,6087,13,186,0.7311827956989247,10,0.7
1997,6087,13,150,0.7333333333333333,4,1.0
1998,6087,13,114,0.7631578947368421,8,0.625
1999,6087,13,400,0.7575,296,0.7567567567567568
2000,6087,13,404,0.7673267326732673,200,0.805
2001,6087,13,402,0.7587064676616916,182,0.7472527472527473
2002,6087,13,482,0.7302904564315352,268,0.7201492537313433
2003,6087,13,474,0.7468354430379747,192,0.7083333333333334
2004,6087,13,644,0.7515527950310559,320,0.73125
2005,6087,13,688,0.7383720930232558,282,0.723404255319149
2006,6087,13,774,0.7377260981912145,338,0.7455621301775148
2007,6087,13,660,0.7484848484848485,178,0.7584269662921348
2008,6087,13,724,0.7168508287292817,328,0.7103658536585366
2009,6087,13,564,0.7145390070921985,170,0.7235294117647059
2010,6087,13,628,0.7245222929936306,290,0.7413793103448276
2011,6087,13,790,0.739240506329114,406,0.7339901477832512
2012,6087,13,502,0.7250996015936255,104,0.7307692307692307
2013,6087,13,652,0.7177914110429447,298,0.7080536912751678
1990,6110,13,342,0.41228070175438597,0,
1991,6110,13,442,0.38461538461538464,212,0.37735849056603776
1992,6110,13,210,0.3904761904761905,20,0.3
1993,6110,13,156,0.3782051282051282,12,0.4166666666666667
1994,6110,13,134,0.34328358208955223,6,0.16666666666666666
1995,6110,13,242,0.3305785123966942,100,0.35
1996,6110,13,186,0.3279569892473118,10,0.5
1997,6110,13,150,0.38666666666666666,4,0.5
1998,6110,13,114,0.3508771929824561,8,0.125
1999,6110,13,400,0.3375,296,0.3277027027027027
2000,6110,13,404,0.3094059405940594,200,0.295
2001,6110,13,402,0.31094527363184077,182,0.3241758241758242
2002,6110,13,482,0.3257261410788382,268,0.3358208955223881
2003,6110,13,474,0.33122362869198313,192,0.3645833333333333
2004,6110,13,644,0.3447204968944099,320,0.3625
2005,6110,13,688,0.32122093023255816,282,0.3191489361702128
2006,6110,13,774,0.3385012919896641,338,0.33136094674556216
2007,6110,13,660,0.346969696969697,178,0.3202247191011236
2008,6110,13,724,0.3687845303867403,328,0.3628048780487805
2009,6110,13,564,0.32269503546099293,170,0.2647058823529412
2010,6110,13,628,0.3535031847133758,290,0.3758620689655172
2011,6110,13,788,0.3604060913705584,404,0.3589108910891089
2012,6110,13,500,0.386,104,0.3269230769230769
2013,6110,13,650,0.40307692307692305,298,0.4161073825503356
1990,6174,14,342,0.827485380116959,0,
1991,6174,14,442,0.8009049773755657,212,0.7783018867924528
1992,6174,14,210,0.8142857142857143,20,0.8
1993,6174,14,156,0.8269230769230769,12,0.9166666666666666
1994,6174,14,134,0.7985074626865671,6,0.6666666666666666
1995,6174,14,242,0.7975206611570248,100,0.8
1996,6174,14,186,0.8118279569892473,10,0.9
1997,6174,14,150,0.82,4,1.0
1998,6174,14,114,0.8070175438596491,8,0.875
1999,6174,14,400,0.7925,296,0.7905405405405406
2000,6174,14,404,0.8193069306930693,200,0.825
2001,6174,14,402,0.7960199004975125,182,0.7857142857142857
2002,6174,14,482,0.8257261410788381,268,0.8395522388059702
2003,6174,14,474,0.8248945147679325,192,0.7916666666666666
2004,6174,14,644,0.843167701863354,320,0.8375
2005,6174,14,688,0.8575581395348837,282,0.8475177304964538
2006,6174,14,774,0.8630490956072352,338,0.8609467455621301
2007,6174,14,660,0.8742424242424243,178,0.8764044943820225
2008,6174,14,724,0.8743093922651933,328,0.8628048780487805
2009,6174,14,564,0.8829787234042553,170,0.9117647058823529
2010,6174,14,628,0.8710191082802548,290,0.8758620689655172
2011,6174,14,790,0.8746835443037975,406,0.8645320197044335
2012,6174,14,502,0.8745019920318725,104,0.875
2013,6174,14,652,0.8619631901840491,298,0.8624161073825504
1990,6301,14,342,0.28654970760233917,0,
1991,6301,14,442,0.3416289592760181,212,0.3584905660377358
1992,6301,14,210,0.34285714285714286,20,0.3
1993,6301,14,156,0.3269230769230769,12,0.3333333333333333
1994,6301,14,134,0.27611940298507465,6,0.0
1995,6301,14,242,0.30991735537190085,100,0.32
1996,6301,14,186,0.3225806451612903,10,0.3
1997,6301,14,150,0.29333333333333333,4,0.5
1998,6301,14,114,0.2807017543859649,8,0.375
1999,6301,14,400,0.2425,296,0.23986486486486486
2000,6301,14,404,0.2747524752475248,200,0.31
2001,6301,14,402,0.25870646766169153,182,0.25824175824175827
2002,6301,14,482,0.27800829875518673,268,0.2835820895522388
2003,6301,14,472,0.2457627118644068,190,0.23157894736842105
2004,6301,14,644,0.2422360248447205,320,0.23125
2005,6301,14,688,0.24854651162790697,282,0.25177304964539005
2006,6301,14,774,0.22997416020671835,338,0.22485207100591717
2007,6301,14,660,0.2727272727272727,178,0.29213483146067415
2008,6301,14,724,0.2265193370165746,328,0.21646341463414634
2009,6301,14,562,0.23843416370106763,168,0.24404761904761904
2010,6301,14,626,0.22364217252396165,290,0.20689655172413793
2011,6301,14,788,0.24238578680203046,406,0.24630541871921183
2012,6301,14,500,0.208,104,0.20192307692307693
2013,6301,14,650,0.23076923076923078,298,0.24161073825503357
1990,6347,14,342,0.3684210526315789,0,
1991,6347,14,442,0.36199095022624433,212,0.3584905660377358
1992,6347,14,210,0.40476190476190477,20,0.4
1993,6347,14,156,0.4230769230769231,12,0.4166666666666667
1994,6347,14,134,0.40298507462686567,6,0.16666666666666666
1995,6347,14,242,0.39669421487603307,100,0.45
1996,6347,14,186,0.3655913978494624,10,0.5
1997,6347,14,150,0.37333333333333335,4,0.75
1998,6347,14,114,0.34210526315789475,8,0.125
1999,6347,14,400,0.3125,296,0.3108108108108108
2000,6347,14,404,0.30198019801980197,200,0.315
2001,6347,14,402,0.29850746268656714,182,0.32967032967032966
2002,6347,14,482,0.31742738589211617,268,0.33955223880597013
2003,6347,14,474,0.310126582278481,192,0.3020833333333333
2004,6347,14,644,0.30745341614906835,320,0.30625
2005,6347,14,688,0.3023255813953488,282,0.3120567375886525
2006,6347,14,774,0.30749354005167956,338,0.2958579881656805
2007,6347,14,660,0.2878787878787879,178,0.2752808988764045
2008,6347,14,724,0.2638121546961326,328,0.2652439024390244
2009,6347,14,564,0.23581560283687944,170,0.2235294117647059
2010,6347,14,628,0.2340764331210191,290,0.27241379310344827
2011,6347,14,790,0.22531645569620254,406,0.2315270935960591
2012,6347,14,502,0.20318725099601595,104,0.21153846153846154
2013,6347,14,652,0.18251533742331288,298,0.1912751677852349
1990,6351,14,342,0.20760233918128654,0,
1991,6351,14,442,0.1832579185520362,212,0.17452830188679244
1992,6351,14,210,0.15714285714285714,20,0.05
1993,6351,14,156,0.15384615384615385,12,0.08333333333333333
1994,6351,14,134,0.16417910447761194,6,0.16666666666666666
1995,6351,14,242,0.1652892561983471,100,0.15
1996,6351,14,186,0.17204301075268819,10,0.0
1997,6351,14,150,0.17333333333333334,4,0.0
1998,6351,14,114,0.20175438596491227,8,0.125
1999,6351,14,400,0.235,296,0.25
2000,6351,14,404,0.2202970297029703,200,0.21
2001,6351,14,402,0.23383084577114427,182,0.23076923076923078
2002,6351,14,482,0.19294605809128632,268,0.1791044776119403
2003,6351,14,474,0.189873417721519,192,0.18229166666666666
2004,6351,14,644,0.17546583850931677,320,0.16875
2005,6351,14,688,0.15988372093023256,282,0.1453900709219858
2006,6351,14,774,0.1821705426356589,338,0.20414201183431951
2007,6351,14,658,0.17325227963525835,176,0.1590909090909091
2008,6351,14,724,0.15469613259668508,328,0.13414634146341464
2009,6351,14,564,0.16134751773049646,170,0.1588235294117647
2010,6351,14,628,0.15286624203821655,290,0.13793103448275862
2011,6351,14,790,0.13924050632911392,406,0.1354679802955665
2012,6351,14,502,0.1454183266932271,104,0.125
2013,6351,14,652,0.15184049079754602,298,0.1476510067114094
1990,6363,14,342,0.8450292397660819,0,
1991,6363,14,442,0.8823529411764706,212,0.8915094339622641
1992,6363,14,210,0.8952380952380953,20,0.9
1993,6363,14,156,0.8910256410256411,12,0.8333333333333334
1994,6363,14,134,0.8955223880597015,6,0.8333333333333334
1995,6363,14,242,0.8760330578512396,100,0.91
1996,6363,14,186,0.8709677419354839,10,0.9
1997,6363,14,150,0.8666666666666667,4,0.75
1998,6363,14,114,0.8421052631578947,8,1.0
1999,6363,14,400,0.8325,296,0.8277027027027027
2000,6363,14,404,0.8836633663366337,200,0.9
2001,6363,14,402,0.8805970149253731,182,0.9010989010989011
2002,6363,14,482,0.8983402489626556,268,0.917910447761194
2003,6363,14,474,0.9050632911392406,192,0.90625
2004,6363,14,644,0.906832298136646,320,0.909375
2005,6363,14,688,0.9026162790697675,282,0.9078014184397163
2006,6363,14,774,0.9095607235142119,338,0.908284023668639
2007,6363,14,660,0.9030303030303031,178,0.9157303370786517
2008,6363,14,724,0.8950276243093923,328,0.8902439024390244
2009,6363,14,564,0.8776595744680851,170,0.8470588235294118
2010,6363,14,628,0.8519108280254777,290,0.8379310344827586
2011,6363,14,790,0.830379746835443,406,0.8177339901477833
2012,6363,14,502,0.8446215139442231,104,0.8076923076923077
2013,6363,14,652,0.8496932515337423,298,0.825503355704698
1990,6379,14,342,0.3567251461988304,0,
1991,6379,14,442,0.3665158371040724,212,0.3490566037735849
1992,6379,14,210,0.3761904761904762,20,0.45
1993,6379,14,156,0.3782051282051282,12,0.25
1994,6379,14,134,0.417910447761194,6,0.6666666666666666
1995,6379,14,242,0.4132231404958678,100,0.41
1996,6379,14,186,0.4032258064516129,10,0.2
1997,6379,14,150,0.4266666666666667,4,0.25
1998,6379,14,114,0.40350877192982454,8,0.125
1999,6379,14,400,0.43,296,0.4391891891891892
2000,6379,14,402,0.36318407960199006,198,0.3434343434343434
2001,6379,14,402,0.3805970149253731,182,0.3901098901098901
2002,6379,14,482,0.37136929460580914,268,0.3582089552238806
2003,6379,14,474,0.35864978902953587,192,0.359375
2004,6379,14,642,0.3707165109034268,318,0.36477987421383645
2005,6379,14,688,0.375,282,0.39361702127659576
2006,6379,14,774,0.4005167958656331,338,0.40532544378698226
2007,6379,14,656,0.3628048780487805,174,0.3448275862068966
2008,6379,14,722,0.39196675900277006,326,0.39263803680981596
2009,6379,14,564,0.39893617021276595,170,0.36470588235294116
2010,6379,14,622,0.43890675241157556,284,0.4823943661971831
2011,6379,14,784,0.43239795918367346,400,0.415
2012,6379,14,500,0.424,104,0.41346153846153844
2013,6379,14,648,0.4506172839506173,298,0.4697986577181208
1990,6501,14,340,0.8176470588235294,0,
1991,6501,14,440,0.8159090909090909,212,0.8113207547169812
1992,6501,14,208,0.7980769230769231,20,0.95
1993,6501,14,154,0.8181818181818182,12,0.9166666666666666
1994,6501,14,132,0.7878787878787878,6,0.6666666666666666
1995,6501,14,240,0.7666666666666667,100,0.77
1996,6501,14,184,0.7934782608695652,10,0.8
1997,6501,14,148,0.7972972972972973,4,0.75
1998,6501,14,114,0.7894736842105263,8,0.625
1999,6501,14,400,0.775,296,0.777027027027027
2000,6501,14,404,0.7153465346534653,200,0.675
2001,6501,14,402,0.7288557213930348,182,0.7527472527472527
2002,6501,14,482,0.7427385892116183,268,0.7574626865671642
2003,6501,14,474,0.7426160337552743,192,0.7708333333333334
2004,6501,14,642,0.7554517133956387,318,0.7641509433962265
2005,6501,14,688,0.7456395348837209,282,0.7375886524822695
2006,6501,14,774,0.7700258397932817,338,0.772189349112426
2007,6501,14,660,0.759090909090909,178,0.7640449438202247
2008,6501,14,722,0.7465373961218836,326,0.7208588957055214
2009,6501,14,564,0.7730496453900709,170,0.7529411764705882
2010,6501,14,624,0.7708333333333334,286,0.7937062937062938
2011,6501,14,784,0.7321428571428571,400,0.72
2012,6501,14,500,0.74,104,0.7980769230769231
2013,6501,14,650,0.7538461538461538,298,0.7684563758389261
1990,6536,14,342,0.30994152046783624,0,
1991,6536,14,442,0.334841628959276,212,0.330188679245283
1992,6536,14,210,0.3476190476190476,20,0.3
1993,6536,14,156,0.3782051282051282,12,0.3333333333333333
1994,6536,14,134,0.41044776119402987,6,0.5
1995,6536,14,242,0.34710743801652894,100,0.32
1996,6536,14,186,0.3817204301075269,10,0.5
1997,6536,14,150,0.38666666666666666,4,0.25
1998,6536,14,114,0.37719298245614036,8,0.25
1999,6536,14,400,0.4,296,0.40202702702702703
2000,6536,14,404,0.40594059405940597,200,0.425
2001,6536,14,402,0.373134328358209,182,0.34615384615384615
2002,6536,14,480,0.4166666666666667,268,0.43283582089552236
2003,6536,14,472,0.3813559322033898,192,0.3854166666666667
2004,6536,14,642,0.38006230529595014,320,0.3875
2005,6536,14,684,0.3713450292397661,280,0.37142857142857144
2006,6536,14,774,0.3850129198966408,338,0.40236686390532544
2007,6536,14,660,0.4106060606060606,178,0.4101123595505618
2008,6536,14,724,0.39226519337016574,328,0.3902439024390244
2009,6536,14,564,0.3829787234042553,170,0.36470588235294116
2010,6536,14,628,0.4012738853503185,290,0.38620689655172413
2011,6536,14,790,0.37721518987341773,406,0.35714285714285715
2012,6536,14,502,0.3884462151394422,104,0.38461538461538464
2013,6536,14,652,0.39723926380368096,298,0.3825503355704698
1990,6549,14,342,0.6608187134502924,0,
1991,6549,14,442,0.579185520361991,212,0.5330188679245284
1992,6549,14,210,0.6190476190476191,20,0.5
1993,6549,14,156,0.6282051282051282,12,0.75
1994,6549,14,134,0.664179104477612,6,1.0
1995,6549,14,242,0.5991735537190083,100,0.54
1996,6549,14,186,0.6075268817204301,10,0.8
1997,6549,14,150,0.62,4,0.5
1998,6549,14,114,0.6052631578947368,8,0.625
1999,6549,14,400,0.6525,296,0.6655405405405406
2000,6549,14,404,0.6856435643564357,200,0.735
2001,6549,14,402,0.6492537313432836,182,0.6318681318681318
2002,6549,14,480,0.6791666666666667,266,0.6842105263157895
2003,6549,14,474,0.7130801687763713,192,0.75
2004,6549,14,644,0.6708074534161491,320,0.6625
2005,6549,14,688,0.686046511627907,282,0.6914893617021277
2006,6549,14,774,0.6770025839793282,338,0.6715976331360947
2007,6549,14,660,0.6681818181818182,178,0.6685393258426966
2008,6549,14,724,0.6712707182320442,328,0.6829268292682927
2009,6549,14,564,0.6719858156028369,170,0.6764705882352942
2010,6549,14,626,0.6932907348242812,288,0.7152777777777778
2011,6549,14,790,0.6936708860759494,406,0.7044334975369458
2012,6549,14,502,0.7211155378486056,104,0.7980769230769231
2013,6549,14,652,0.7070552147239264,298,0.6946308724832215
1990,6595,14,342,0.8362573099415205,0,
1991,6595,14,442,0.8235294117647058,212,0.8160377358490566
1992,6595,14,210,0.7952380952380952,20,0.75
1993,6595,14,156,0.8205128205128205,12,0.9166666666666666
1994,6595,14,134,0.835820895522388,6,0.8333333333333334
1995,6595,14,242,0.7892561983471075,100,0.72
1996,6595,14,186,0.8064516129032258,10,1.0
1997,6595,14,150,0.8333333333333334,4,0.5
1998,6595,14,114,0.8245614035087719,8,0.625
1999,6595,14,400,0.845,296,0.8445945945945946
2000,6595,14,404,0.8316831683168316,200,0.815
2001,6595,14,402,0.8631840796019901,182,0.8736263736263736
2002,6595,14,482,0.8506224066390041,268,0.8470149253731343
2003,6595,14,474,0.879746835443038,192,0.8854166666666666
2004,6595,14,644,0.8726708074534162,320,0.86875
2005,6595,14,688,0.8561046511627907,282,0.8652482269503546
2006,6595,14,774,0.8656330749354005,338,0.8668639053254438
2007,6595,14,660,0.8636363636363636,178,0.8258426966292135
2008,6595,14,724,0.830110497237569,328,0.8140243902439024
2009,6595,14,564,0.8386524822695035,170,0.8352941176470589
2010,6595,14,628,0.8471337579617835,290,0.8586206896551725
2011,6595,14,790,0.8088607594936709,406,0.8029556650246306
2012,6595,14,502,0.798804780876494,104,0.8365384615384616
2013,6595,14,652,0.8067484662576687,298,0.7919463087248322
1990,6709,15,338,0.3224852071005917,0,
1991,6709,15,438,0.3584474885844749,210,0.38571428571428573
1992,6709,15,208,0.3173076923076923,20,0.25
1993,6709,15,154,0.33766233766233766,12,0.3333333333333333
1994,6709,15,132,0.29545454545454547,6,0.16666666666666666
1995,6709,15,238,0.24789915966386555,98,0.23469387755102042
1996,6709,15,184,0.24456521739130435,10,0.3
1997,6709,15,148,0.2635135135135135,4,0.25
1998,6709,15,114,0.2894736842105263,8,0.25
1999,6709,15,400,0.245,296,0.23310810810810811
2000,6709,15,396,0.24242424242424243,194,0.2268041237113402
2001,6709,15,402,0.291044776119403,182,0.3241758241758242
2002,6709,15,482,0.27800829875518673,268,0.27238805970149255
2003,6709,15,472,0.2733050847457627,190,0.2578947368421053
2004,6709,15,642,0.26947040498442365,318,0.2610062893081761
2005,6709,15,686,0.2696793002915452,280,0.2642857142857143
2006,6709,15,770,0.2636363636363636,336,0.25595238095238093
2007,6709,15,654,0.2798165137614679,178,0.3539325842696629
2008,6709,15,718,0.24651810584958217,328,0.25
2009,6709,15,558,0.22759856630824374,170,0.2235294117647059
2010,6709,15,622,0.21543408360128619,288,0.19791666666666666
2011,6709,15,786,0.24173027989821882,406,0.23891625615763548
2012,6709,15,498,0.23293172690763053,104,0.25
2013,6709,15,640,0.2109375,290,0.18275862068965518
1990,6724,15,342,0.7426900584795322,0,
1991,6724,15,442,0.8031674208144797,212,0.8301886792452831
1992,6724,15,210,0.8142857142857143,20,0.7
1993,6724,15,156,0.7948717948717948,12,0.6666666666666666
1994,6724,15,134,0.7910447761194029,6,0.6666666666666666
1995,6724,15,242,0.7479338842975206,100,0.73
1996,6724,15,186,0.7580645161290323,10,0.7
1997,6724,15,150,0.74,4,1.0
1998,6724,15,114,0.7280701754385965,8,0.75
1999,6724,15,400,0.735,296,0.7297297297297297
2000,6724,15,404,0.7400990099009901,200,0.76
2001,6724,15,402,0.7686567164179104,182,0.8296703296703297
2002,6724,15,482,0.7510373443983402,268,0.7723880597014925
2003,6724,15,474,0.7109704641350211,192,0.7239583333333334
2004,6724,15,644,0.7096273291925466,320,0.734375
2005,6724,15,688,0.7093023255813954,282,0.7127659574468085
2006,6724,15,774,0.7144702842377261,338,0.7189349112426036
2007,6724,15,660,0.7257575757575757,178,0.7247191011235955
2008,6724,15,724,0.7279005524861878,328,0.7286585365853658
2009,6724,15,564,0.7358156028368794,170,0.7529411764705882
2010,6724,15,628,0.7054140127388535,290,0.7
2011,6724,15,790,0.7278481012658228,406,0.7389162561576355
2012,6724,15,500,0.734,102,0.7647058823529411
2013,6724,15,650,0.7061538461538461,298,0.6879194630872483
1990,6813,15,342,0.4619883040935672,0,
1991,6813,15,442,0.5158371040723982,212,0.5188679245283019
1992,6813,15,210,0.5142857142857142,20,0.65
1993,6813,15,156,0.5,12,0.5
1994,6813,15,134,0.47761194029850745,6,0.16666666666666666
1995,6813,15,242,0.47520661157024796,100,0.48
1996,6813,15,186,0.45161290322580644,10,0.3
1997,6813,15,150,0.4533333333333333,4,0.5
1998,6813,15,114,0.4473684210526316,8,0.375
1999,6813,15,400,0.4525,296,0.4594594594594595
2000,6813,15,404,0.43316831683168316,200,0.41
2001,6813,15,402,0.4228855721393035,182,0.41208791208791207
2002,6813,15,482,0.43775933609958506,268,0.4664179104477612
2003,6813,15,474,0.41139240506329117,192,0.3802083333333333
2004,6813,15,644,0.42701863354037267,320,0.440625
2005,6813,15,688,0.4258720930232558,282,0.4397163120567376
2006,6813,15,774,0.4160206718346253,338,0.40236686390532544
2007,6813,15,660,0.4287878787878788,178,0.42696629213483145
2008,6813,15,724,0.4088397790055249,328,0.3719512195121951
2009,6813,15,564,0.4166666666666667,170,0.38235294117647056
2010,6813,15,628,0.4156050955414013,290,0.42758620689655175
2011,6813,15,790,0.4189873417721519,406,0.42610837438423643
2012,6813,15,502,0.4362549800796813,104,0.4423076923076923
2013,6813,15,652,0.4263803680981595,298,0.43288590604026844
1990,6838,15,342,0.8859649122807017,0,
1991,6838,15,442,0.8710407239819005,212,0.8679245283018868
1992,6838,15,210,0.8666666666666667,20,0.85
1993,6838,15,156,0.8525641025641025,12,0.75
1994,6838,15,134,0.8656716417910447,6,0.8333333333333334
1995,6838,15,242,0.8677685950413223,100,0.87
1996,6838,15,186,0.8655913978494624,10,0.8
1997,6838,15,150,0.86,4,1.0
1998,6838,15,114,0.868421052631579,8,0.875
1999,6838,15,400,0.9025,296,0.9121621621621622
2000,6838,15,404,0.9034653465346535,200,0.895
2001,6838,15,402,0.9104477611940298,182,0.9230769230769231
2002,6838,15,482,0.8962655601659751,268,0.8805970149253731
2003,6838,15,474,0.9050632911392406,192,0.9270833333333334
2004,6838,15,644,0.8928571428571429,320,0.890625
2005,6838,15,688,0.9069767441860465,282,0.9042553191489362
2006,6838,15,774,0.91343669250646,338,0.9230769230769231
2007,6838,15,660,0.9196969696969697,178,0.9438202247191011
2008,6838,15,724,0.9129834254143646,328,0.9115853658536586
2009,6838,15,564,0.9237588652482269,170,0.9294117647058824
2010,6838,15,628,0.9203821656050956,290,0.9103448275862069
2011,6838,15,790,0.930379746835443,406,0.9334975369458128
2012,6838,15,502,0.9243027888446215,104,0.9326923076923077
2013,6838,15,652,0.9156441717791411,298,0.9228187919463087
1990,6847,15,342,0.24269005847953215,0,
1991,6847,15,442,0.22850678733031674,212,0.2169811320754717
1992,6847,15,210,0.23333333333333334,20,0.25
1993,6847,15,156,0.27564102564102566,12,0.5833333333333334
1994,6847,15,134,0.2537313432835821,6,0.16666666666666666
1995,6847,15,242,0.24380165289256198,100,0.2
1996,6847,15,186,0.26344086021505375,10,0.3
1997,6847,15,150,0.28,4,0.25
1998,6847,15,114,0.2982456140350877,8,0.25
1999,6847,15,400,0.28,296,0.2702702702702703
2000,6847,15,404,0.25495049504950495,200,0.23
2001,6847,15,402,0.24378109452736318,182,0.1978021978021978
2002,6847,15,482,0.27593360995850624,268,0.291044776119403
2003,6847,15,474,0.21729957805907174,192,0.18229166666666666
2004,6847,15,644,0.22826086956521738,320,0.234375
2005,6847,15,688,0.22965116279069767,282,0.20921985815602837
2006,6847,15,774,0.23901808785529716,338,0.23076923076923078
2007,6847,15,658,0.25379939209726443,176,0.25
2008,6847,15,724,0.2776243093922652,328,0.2804878048780488
2009,6847,15,564,0.2695035460992908,170,0.24705882352941178
2010,6847,15,628,0.2611464968152866,290,0.2413793103448276
2011,6847,15,790,0.2518987341772152,406,0.2561576354679803
2012,6847,15,502,0.28286852589641437,104,0.3269230769230769
2013,6847,15,652,0.28067484662576686,298,0.28187919463087246
1990,6862,15,342,0.25146198830409355,0,
1991,6862,15,442,0.2239819004524887,212,0.23113207547169812
1992,6862,15,210,0.2571428571428571,20,0.3
1993,6862,15,156,0.22435897435897437,12,0.08333333333333333
1994,6862,15,134,0.20149253731343283,6,0.16666666666666666
1995,6862,15,242,0.3140495867768595,100,0.41
1996,6862,15,186,0.26881720430107525,10,0.4
1997,6862,15,150,0.2733333333333333,4,0.25
1998,6862,15,114,0.2719298245614035,8,0.125
1999,6862,15,400,0.22,296,0.20608108108108109
2000,6862,15,404,0.24504950495049505,200,0.275
2001,6862,15,402,0.27114427860696516,182,0.2857142857142857
2002,6862,15,482,0.27593360995850624,268,0.27238805970149255
2003,6862,15,474,0.2489451476793249,192,0.20833333333333334
2004,6862,15,644,0.2732919254658385,320,0.29375
2005,6862,15,688,0.2863372093023256,282,0.2872340425531915
2006,6862,15,774,0.29328165374677,338,0.30177514792899407
2007,6862,15,658,0.29027355623100304,176,0.2840909090909091
2008,6862,15,722,0.3047091412742382,326,0.3098159509202454
2009,6862,15,564,0.274822695035461,170,0.27647058823529413
2010,6862,15,628,0.267515923566879,290,0.28620689655172415
2011,6862,15,790,0.2518987341772152,406,0.2561576354679803
2012,6862,15,502,0.25298804780876494,104,0.2403846153846154
2013,6862,15,652,0.2361963190184049,298,0.2214765100671141
1990,6968,17,342,0.13450292397660818,0,
1991,6968,17,442,0.167420814479638,212,0.16981132075471697
1992,6968,17,210,0.1380952380952381,20,0.05
1993,6968,17,156,0.1346153846153846,12,0.25
1994,6968,17,134,0.12686567164179105,6,0.0
1995,6968,17,242,0.1487603305785124,100,0.17
1996,6968,17,186,0.12903225806451613,10,0.2
1997,6968,17,150,0.14,4,0.25
1998,6968,17,114,0.11403508771929824,8,0.125
1999,6968,17,400,0.1275,296,0.12837837837837837
2000,6968,17,404,0.12128712871287128,200,0.115
2001,6968,17,402,0.10696517412935323,182,0.09340659340659341
2002,6968,17,482,0.11410788381742738,268,0.09328358208955224
2003,6968,17,474,0.12869198312236288,192,0.13541666666666666
2004,6968,17,644,0.12422360248447205,320,0.13125
2005,6968,17,688,0.125,282,0.12411347517730496
2006,6968,17,774,0.13049095607235142,338,0.1242603550295858
2007,6968,17,660,0.1393939393939394,178,0.17415730337078653
2008,6968,17,724,0.15331491712707182,328,0.17073170731707318
2009,6968,17,564,0.14893617021276595,170,0.11176470588235295
2010,6968,17,628,0.14171974522292993,290,0.1206896551724138
2011,6968,17,790,0.13037974683544304,406,0.13054187192118227
2012,6968,17,502,0.14741035856573706,104,0.11538461538461539
2013,6968,17,652,0.13957055214723926,298,0.1476510067114094
1990,7044,17,340,0.4235294117647059,0,
1991,7044,17,440,0.35,212,0.330188679245283
1992,7044,17,208,0.3894230769230769,20,0.45
1993,7044,17,154,0.38311688311688313,12,0.3333333333333333
1994,7044,17,132,0.38636363636363635,6,0.6666666666666666
1995,7044,17,238,0.39915966386554624,100,0.36
1996,7044,17,182,0.41208791208791207,10,0.6
1997,7044,17,148,0.43243243243243246,4,0.25
1998,7044,17,114,0.43859649122807015,8,0.5
1999,7044,17,400,0.4675,296,0.47297297297297297
2000,7044,17,404,0.4603960396039604,200,0.44
2001,7044,17,402,0.44776119402985076,182,0.4340659340659341
2002,7044,17,482,0.4730290456431535,268,0.48134328358208955
2003,7044,17,474,0.47468354430379744,192,0.4739583333333333
2004,7044,17,640,0.4953125,316,0.49050632911392406
2005,7044,17,688,0.5058139534883721,282,0.5070921985815603
2006,7044,17,774,0.5258397932816538,338,0.5029585798816568
2007,7044,17,660,0.5287878787878788,178,0.5280898876404494
2008,7044,17,720,0.5222222222222223,324,0.5339506172839507
2009,7044,17,562,0.5195729537366548,170,0.5941176470588235
2010,7044,17,622,0.4871382636655949,284,0.4612676056338028
2011,7044,17,780,0.45256410256410257,396,0.45202020202020204
2012,7044,17,500,0.476,104,0.5673076923076923
2013,7044,17,646,0.4674922600619195,296,0.4831081081081081
1990,7049,17,334,0.8982035928143712,0,
1991,7049,17,426,0.9107981220657277,204,0.8970588235294118
1992,7049,17,202,0.8910891089108911,20,0.85
1993,7049,17,148,0.8851351351351351,12,0.9166666666666666
1994,7049,17,126,0.8968253968253969,6,1.0
1995,7049,17,238,0.9285714285714286,100,0.92
1996,7049,17,182,0.9230769230769231,10,0.9
1997,7049,17,146,0.9041095890410958,4,0.75
1998,7049,17,114,0.8859649122807017,8,1.0
1999,7049,17,400,0.89,296,0.8885135135135135
2000,7049,17,404,0.9257425742574258,200,0.95
2001,7049,17,402,0.9154228855721394,182,0.9230769230769231
2002,7049,17,482,0.9273858921161826,268,0.914179104477612
2003,7049,17,474,0.9135021097046413,192,0.9166666666666666
2004,7049,17,644,0.8975155279503105,320,0.884375
2005,7049,17,688,0.9069767441860465,282,0.9290780141843972
2006,7049,17,772,0.9067357512953368,336,0.9136904761904762
2007,7049,17,658,0.9057750759878419,178,0.9044943820224719
2008,7049,17,722,0.9168975069252078,328,0.9298780487804879
2009,7049,17,562,0.9181494661921709,170,0.9470588235294117
2010,7049,17,626,0.9201277955271565,288,0.9201388888888888
2011,7049,17,788,0.8934010152284264,404,0.8960396039603961
2012,7049,17,500,0.902,104,0.9326923076923077
2013,7049,17,648,0.8966049382716049,298,0.8993288590604027
1990,7059,17,342,0.6929824561403509,0,
1991,7059,17,442,0.7126696832579186,212,0.7405660377358491
1992,7059,17,210,0.7,20,0.8
1993,7059,17,156,0.7243589743589743,12,0.75
1994,7059,17,134,0.664179104477612,6,0.5
1995,7059,17,242,0.6363636363636364,100,0.62
1996,7059,17,186,0.6397849462365591,10,0.6
1997,7059,17,150,0.6733333333333333,4,1.0
1998,7059,17,114,0.7105263157894737,8,0.625
1999,7059,17,400,0.725,296,0.7398648648648649
2000,7059,17,404,0.6460396039603961,200,0.585
2001,7059,17,402,0.664179104477612,182,0.6648351648351648
2002,7059,17,480,0.6791666666666667,266,0.706766917293233
2003,7059,17,472,0.6716101694915254,192,0.671875
2004,7059,17,642,0.6697819314641744,320,0.678125
2005,7059,17,686,0.6122448979591837,282,0.549645390070922
2006,7059,17,772,0.6204663212435233,338,0.6272189349112426
2007,7059,17,660,0.6166666666666667,178,0.6348314606741573
2008,7059,17,724,0.5939226519337016,328,0.5701219512195121
2009,7059,17,564,0.6170212765957447,170,0.6
2010,7059,17,628,0.5907643312101911,290,0.5896551724137931
2011,7059,17,788,0.6065989847715736,404,0.5965346534653465
2012,7059,17,500,0.618,102,0.6078431372549019
2013,7059,17,648,0.6234567901234568,298,0.6208053691275168
1990,7106,17,342,0.7748538011695907,0,
1991,7106,17,440,0.7909090909090909,210,0.7857142857142857
1992,7106,17,208,0.8076923076923077,20,1.0
1993,7106,17,152,0.7960526315789473,10,0.9
1994,7106,17,130,0.7923076923076923,6,0.6666666666666666
1995,7106,17,240,0.7875,100,0.77
1996,7106,17,182,0.8076923076923077,10,1.0
1997,7106,17,146,0.8424657534246576,4,0.5
1998,7106,17,110,0.8454545454545455,8,0.875
1999,7106,17,394,0.8578680203045685,294,0.8639455782312925
2000,7106,17,396,0.8636363636363636,200,0.885
2001,7106,17,396,0.8611111111111112,182,0.8791208791208791
2002,7106,17,472,0.8516949152542372,264,0.8446969696969697
2003,7106,17,466,0.8326180257510729,192,0.8229166666666666
2004,7106,17,632,0.8212025316455697,316,0.8481012658227848
2005,7106,17,680,0.8,282,0.7872340425531915
2006,7106,17,766,0.7989556135770235,338,0.7928994082840237
2007,7106,17,656,0.8003048780487805,178,0.8146067415730337
2008,7106,17,720,0.7972222222222223,328,0.7865853658536586
2009,7106,17,556,0.789568345323741,166,0.8072289156626506
2010,7106,17,620,0.7548387096774194,286,0.7307692307692307
2011,7106,17,784,0.7602040816326531,404,0.7524752475247525
2012,7106,17,498,0.7730923694779116,104,0.7980769230769231
2013,7106,17,636,0.7814465408805031,286,0.7902097902097902
1990,7139,17,342,0.672514619883041,0,
1991,7139,17,442,0.7149321266968326,212,0.7311320754716981
1992,7139,17,210,0.7095238095238096,20,0.7
1993,7139,17,156,0.6923076923076923,12,0.8333333333333334
1994,7139,17,134,0.6268656716417911,6,0.16666666666666666
1995,7139,17,242,0.6239669421487604,100,0.59
1996,7139,17,186,0.6129032258064516,10,0.6
1997,7139,17,150,0.6066666666666667,4,1.0
1998,7139,17,114,0.5701754385964912,8,0.625
1999,7139,17,400,0.585,296,0.5878378378378378
2000,7139,17,404,0.6188118811881188,200,0.655
2001,7139,17,402,0.6094527363184079,182,0.5879120879120879
2002,7139,17,482,0.6078838174273858,268,0.6156716417910447
2003,7139,17,474,0.6181434599156118,192,0.59375
2004,7139,17,644,0.6164596273291926,320,0.6125
2005,7139,17,688,0.6366279069767442,282,0.6560283687943262
2006,7139,17,774,0.6317829457364341,338,0.6420118343195266
2007,7139,17,660,0.6151515151515151,178,0.5842696629213483
2008,7139,17,724,0.6049723756906077,328,0.5853658536585366
2009,7139,17,562,0.5871886120996441,168,0.5654761904761905
2010,7139,17,624,0.5977564102564102,288,0.59375
2011,7139,17,788,0.6142131979695431,406,0.6354679802955665
2012,7139,17,500,0.576,104,0.5576923076923077
2013,7139,17,650,0.5892307692307692,298,0.5771812080536913
1990,7181,17,342,0.5058479532163743,0,
1991,7181,17,442,0.5135746606334841,212,0.5141509433962265
1992,7181,17,210,0.5095238095238095,20,0.5
1993,7181,17,156,0.5,12,0.5833333333333334
1994,7181,17,134,0.4925373134328358,6,0.3333333333333333
1995,7181,17,242,0.5330578512396694,100,0.53
1996,7181,17,186,0.5161290322580645,10,0.6
1997,7181,17,150,0.52,4,0.5
1998,7181,17,114,0.5,8,0.625
1999,7181,17,400,0.495,296,0.4966216216216216
2000,7181,17,404,0.5198019801980198,200,0.53
2001,7181,17,402,0.5248756218905473,182,0.521978021978022
2002,7181,17,482,0.5373443983402489,268,0.5186567164179104
2003,7181,17,472,0.5338983050847458,190,0.5368421052631579
2004,7181,17,644,0.532608695652174,320,0.51875
2005,7181,17,688,0.5363372093023255,282,0.524822695035461
2006,7181,17,774,0.5142118863049095,338,0.47041420118343197
2007,7181,17,660,0.5409090909090909,178,0.5617977528089888
2008,7181,17,724,0.5400552486187845,328,0.524390243902439
2009,7181,17,564,0.5602836879432624,170,0.5941176470588235
2010,7181,17,628,0.5334394904458599,290,0.5310344827586206
2011,7181,17,788,0.5304568527918782,404,0.5173267326732673
2012,7181,17,502,0.5039840637450199,104,0.5
2013,7181,17,652,0.5015337423312883,298,0.5067114093959731
1990,7198,17,342,0.7076023391812866,0,
1991,7198,17,442,0.7126696832579186,212,0.7311320754716981
1992,7198,17,210,0.6761904761904762,20,0.65
1993,7198,17,156,0.6923076923076923,12,0.8333333333333334
1994,7198,17,134,0.664179104477612,6,0.6666666666666666
1995,7198,17,242,0.6818181818181818,100,0.71
1996,7198,17,186,0.6559139784946236,10,0.6
1997,7198,17,150,0.6466666666666666,4,0.5
1998,7198,17,114,0.7105263157894737,8,0.625
1999,7198,17,400,0.72,296,0.7263513513513513
2000,7198,17,404,0.6732673267326733,200,0.635
2001,7198,17,402,0.7064676616915423,182,0.7087912087912088
2002,7198,17,482,0.6784232365145229,268,0.6716417910447762
2003,7198,17,474,0.6814345991561181,192,0.65625
2004,7198,17,644,0.718944099378882,320,0.740625
2005,7198,17,688,0.7194767441860465,282,0.7269503546099291
2006,7198,17,774,0.7002583979328165,338,0.6952662721893491
2007,7198,17,660,0.7181818181818181,178,0.7752808988764045
2008,7198,17,724,0.7320441988950276,328,0.7530487804878049
2009,7198,17,564,0.7304964539007093,170,0.6764705882352942
2010,7198,17,628,0.7420382165605095,290,0.7586206896551724
2011,7198,17,790,0.7544303797468355,406,0.7463054187192119
2012,7198,17,502,0.7470119521912351,104,0.7019230769230769
2013,7198,17,652,0.7745398773006135,298,0.7885906040268457
1990,7209,17,342,0.8362573099415205,0,
1991,7209,17,442,0.7918552036199095,212,0.7877358490566038
1992,7209,17,210,0.7857142857142857,20,0.8
1993,7209,17,156,0.8076923076923077,12,0.9166666666666666
1994,7209,17,134,0.8283582089552238,6,0.8333333333333334
1995,7209,17,242,0.8677685950413223,100,0.9
1996,7209,17,186,0.8440860215053764,10,0.5
1997,7209,17,150,0.8333333333333334,4,0.75
1998,7209,17,114,0.8596491228070176,8,0.875
1999,7209,17,400,0.8525,296,0.8547297297297297
2000,7209,17,404,0.8316831683168316,200,0.83
2001,7209,17,402,0.8233830845771144,182,0.8241758241758241
2002,7209,17,482,0.7946058091286307,268,0.7873134328358209
2003,7209,17,474,0.79957805907173,192,0.796875
2004,7209,17,644,0.812111801242236,320,0.8125
2005,7209,17,688,0.8343023255813954,282,0.8475177304964538
2006,7209,17,774,0.8307493540051679,338,0.8284023668639053
2007,7209,17,660,0.8272727272727273,178,0.848314606741573
2008,7209,17,724,0.81353591160221,328,0.823170731707317
2009,7209,17,564,0.799645390070922,170,0.7588235294117647
2010,7209,17,628,0.8057324840764332,290,0.8103448275862069
2011,7209,17,788,0.8236040609137056,404,0.8341584158415841
2012,7209,17,502,0.8167330677290837,104,0.7788461538461539
2013,7209,17,652,0.8312883435582822,298,0.8389261744966443
1990,7231,17,336,0.6547619047619048,0,
1991,7231,17,428,0.6705607476635514,204,0.6911764705882353
1992,7231,17,206,0.6747572815533981,20,0.65
1993,7231,17,154,0.6688311688311688,12,0.5833333333333334
1994,7231,17,132,0.6515151515151515,6,0.3333333333333333
1995,7231,17,242,0.6363636363636364,100,0.67
1996,7231,17,186,0.5967741935483871,10,0.5
1997,7231,17,150,0.6066666666666667,4,1.0
1998,7231,17,114,0.5614035087719298,8,0.25
1999,7231,17,394,0.6015228426395939,290,0.6137931034482759
2000,7231,17,392,0.5918367346938775,194,0.6237113402061856
2001,7231,17,396,0.601010101010101,182,0.6318681318681318
2002,7231,17,476,0.5798319327731093,264,0.5833333333333334
2003,7231,17,472,0.5741525423728814,192,0.640625
2004,7231,17,642,0.557632398753894,320,0.559375
2005,7231,17,680,0.5588235294117647,280,0.5607142857142857
2006,7231,17,760,0.5592105263157895,330,0.5636363636363636
2007,7231,17,650,0.5553846153846154,174,0.5344827586206896
2008,7231,17,714,0.5630252100840336,326,0.5368098159509203
2009,7231,17,556,0.5899280575539568,170,0.6235294117647059
2010,7231,17,618,0.6132686084142395,286,0.6188811188811189
2011,7231,17,764,0.6531413612565445,386,0.6632124352331606
2012,7231,17,484,0.6735537190082644,96,0.7291666666666666
2013,7231,17,632,0.6787974683544303,286,0.6853146853146853
1990,7238,17,342,0.26900584795321636,0,
1991,7238,17,442,0.2420814479638009,212,0.2169811320754717
1992,7238,17,210,0.2761904761904762,20,0.45
1993,7238,17,156,0.24358974358974358,12,0.08333333333333333
1994,7238,17,134,0.2537313432835821,6,0.3333333333333333
1995,7238,17,242,0.2975206611570248,100,0.35
1996,7238,17,186,0.26881720430107525,10,0.1
1997,7238,17,150,0.24666666666666667,4,0.25
1998,7238,17,114,0.24561403508771928,8,0.25
1999,7238,17,400,0.2875,296,0.30067567567567566
2000,7238,17,404,0.2599009900990099,200,0.24
2001,7238,17,402,0.2935323383084577,182,0.3241758241758242
2002,7238,17,482,0.25103734439834025,268,0.2462686567164179
2003,7238,17,474,0.2468354430379747,192,0.2552083333333333
2004,7238,17,644,0.2484472049689441,320,0.234375
2005,7238,17,688,0.28343023255813954,282,0.30141843971631205
2006,7238,17,774,0.23772609819121446,338,0.21301775147928995
2007,7238,17,660,0.23484848484848486,178,0.23595505617977527
2008,7238,17,724,0.21823204419889503,328,0.21646341463414634
2009,7238,17,564,0.22695035460992907,170,0.24705882352941178
2010,7238,17,628,0.22611464968152867,290,0.22413793103448276
2011,7238,17,790,0.2430379746835443,406,0.2660098522167488
2012,7238,17,502,0.24302788844621515,104,0.25
2013,7238,17,652,0.24846625766871167,298,0.2651006711409396
1990,7245,17,340,0.49411764705882355,0,
1991,7245,17,440,0.509090909090909,212,0.5283018867924528
1992,7245,17,210,0.4523809523809524,20,0.45
1993,7245,17,156,0.4807692307692308,12,0.3333333333333333
1994,7245,17,134,0.47761194029850745,6,0.3333333333333333
1995,7245,17,242,0.3925619834710744,100,0.4
1996,7245,17,186,0.3924731182795699,10,0.4
1997,7245,17,150,0.3933333333333333,4,0.0
1998,7245,17,114,0.3508771929824561,8,0.125
1999,7245,17,400,0.405,296,0.4155405405405405
2000,7245,17,404,0.42326732673267325,200,0.445
2001,7245,17,402,0.417910447761194,182,0.42857142857142855
2002,7245,17,482,0.4190871369294606,268,0.4253731343283582
2003,7245,17,474,0.43670886075949367,192,0.46875
2004,7245,17,644,0.4254658385093168,320,0.425
2005,7245,17,688,0.42151162790697677,282,0.4219858156028369
2006,7245,17,774,0.4754521963824289,338,0.4970414201183432
2007,7245,17,660,0.4772727272727273,178,0.43258426966292135
2008,7245,17,724,0.5027624309392266,328,0.5365853658536586
2009,7245,17,564,0.4734042553191489,170,0.43529411764705883
2010,7245,17,628,0.46656050955414013,290,0.4689655172413793
2011,7245,17,790,0.4759493670886076,406,0.4802955665024631
2012,7245,17,500,0.468,102,0.4803921568627451
2013,7245,17,650,0.4584615384615385,298,0.4395973154362416
1990,7282,17,342,0.8391812865497076,0,
1991,7282,17,440,0.825,210,0.8333333333333334
1992,7282,17,208,0.8125,20,0.9
1993,7282,17,154,0.7857142857142857,12,0.75
1994,7282,17,132,0.8106060606060606,6,1.0
1995,7282,17,242,0.8429752066115702,100,0.86
1996,7282,17,186,0.8225806451612904,10,0.9
1997,7282,17,150,0.82,4,0.75
1998,7282,17,114,0.8070175438596491,8,0.75
1999,7282,17,400,0.8075,296,0.8040540540540541
2000,7282,17,404,0.8242574257425742,200,0.82
2001,7282,17,402,0.8109452736318408,182,0.8021978021978022
2002,7282,17,482,0.8360995850622407,268,0.8507462686567164
2003,7282,17,474,0.8375527426160337,192,0.859375
2004,7282,17,644,0.8354037267080745,320,0.83125
2005,7282,17,688,0.8313953488372093,282,0.8404255319148937
2006,7282,17,774,0.8307493540051679,338,0.8402366863905325
2007,7282,17,660,0.8409090909090909,178,0.8426966292134831
2008,7282,17,724,0.8604972375690608,328,0.8719512195121951
2009,7282,17,564,0.8599290780141844,170,0.8352941176470589
2010,7282,17,628,0.8678343949044586,290,0.8724137931034482
2011,7282,17,790,0.850632911392405,406,0.8226600985221675
2012,7282,17,502,0.8745019920318725,104,0.8653846153846154
2013,7282,17,652,0.8726993865030674,298,0.87248322147651
1990,7293,17,342,0.10526315789473684,0,
1991,7293,17,442,0.10180995475113122,212,0.09433962264150944
1992,7293,17,210,0.09523809523809523,20,0.15
1993,7293,17,156,0.10897435897435898,12,0.08333333333333333
1994,7293,17,134,0.08955223880597014,6,0.16666666666666666
1995,7293,17,242,0.07851239669421488,100,0.04
1996,7293,17,186,0.0967741935483871,10,0.0
1997,7293,17,150,0.1,4,0.25
1998,7293,17,114,0.09649122807017543,8,0.125
1999,7293,17,400,0.09,296,0.08445945945945946
2000,7293,17,404,0.09653465346534654,200,0.105
2001,7293,17,402,0.08706467661691543,182,0.06043956043956044
2002,7293,17,482,0.09336099585062241,268,0.1044776119402985
2003,7293,17,474,0.08227848101265822,192,0.052083333333333336
2004,7293,17,644,0.11490683229813664,320,0.125
2005,7293,17,688,0.12354651162790697,282,0.13120567375886524
2006,7293,17,774,0.12015503875968993,338,0.09763313609467456
2007,7293,17,660,0.11818181818181818,178,0.10112359550561797
2008,7293,17,724,0.11187845303867404,328,0.09451219512195122
2009,7293,17,564,0.10460992907801418,170,0.08823529411764706
2010,7293,17,628,0.10191082802547771,290,0.08275862068965517
2011,7293,17,790,0.11139240506329114,406,0.11330049261083744
2012,7293,17,502,0.12350597609561753,104,0.18269230769230768
2013,7293,17,652,0.12269938650306748,298,0.12080536912751678
1990,7295,17,342,0.37719298245614036,0,
1991,7295,17,442,0.4004524886877828,212,0.41509433962264153
1992,7295,17,210,0.36666666666666664,20,0.45
1993,7295,17,156,0.3974358974358974,12,0.6666666666666666
1994,7295,17,134,0.3805970149253731,6,0.3333333333333333
1995,7295,17,242,0.40082644628099173,100,0.38
1996,7295,17,186,0.41935483870967744,10,0.5
1997,7295,17,150,0.44666666666666666,4,0.5
1998,7295,17,114,0.4473684210526316,8,0.375
1999,7295,17,400,0.4425,296,0.4358108108108108
2000,7295,17,404,0.42574257425742573,200,0.405
2001,7295,17,402,0.43781094527363185,182,0.41208791208791207
2002,7295,17,482,0.45850622406639,268,0.44776119402985076
2003,7295,17,474,0.4451476793248945,192,0.4322916666666667
2004,7295,17,644,0.46273291925465837,320,0.49375
2005,7295,17,688,0.4273255813953488,282,0.41134751773049644
2006,7295,17,774,0.4509043927648579,338,0.47041420118343197
2007,7295,17,660,0.44242424242424244,178,0.449438202247191
2008,7295,17,724,0.42265193370165743,328,0.39939024390243905
2009,7295,17,564,0.4450354609929078,170,0.4823529411764706
2010,7295,17,628,0.4426751592356688,290,0.4517241379310345
2011,7295,17,790,0.4582278481012658,406,0.46551724137931033
2012,7295,17,502,0.44223107569721115,104,0.3942307692307692
2013,7295,17,652,0.43558282208588955,298,0.43288590604026844
1990,7318,17,342,0.4766081871345029,0,
1991,7318,17,442,0.4683257918552036,212,0.4339622641509434
1992,7318,17,210,0.49523809523809526,20,0.55
1993,7318,17,156,0.5128205128205128,12,0.6666666666666666
1994,7318,17,134,0.5223880597014925,6,0.3333333333333333
1995,7318,17,242,0.4669421487603306,100,0.47
1996,7318,17,186,0.44623655913978494,10,0.3
1997,7318,17,150,0.46,4,0.25
1998,7318,17,114,0.5,8,0.625
1999,7318,17,400,0.475,296,0.46621621621621623
2000,7318,17,404,0.5074257425742574,200,0.56
2001,7318,17,402,0.5099502487562189,182,0.5384615384615384
2002,7318,17,482,0.5,268,0.5
2003,7318,17,472,0.5317796610169492,190,0.5684210526315789
2004,7318,17,644,0.5124223602484472,320,0.50625
2005,7318,17,688,0.48691860465116277,282,0.4787234042553192
2006,7318,17,774,0.4870801033591731,338,0.5177514792899408
2007,7318,17,660,0.48484848484848486,178,0.4438202247191011
2008,7318,17,724,0.457182320441989,328,0.42073170731707316
2009,7318,17,564,0.4946808510638298,170,0.4647058823529412
2010,7318,17,628,0.5127388535031847,290,0.5275862068965518
2011,7318,17,790,0.5177215189873418,406,0.541871921182266
2012,7318,17,502,0.48406374501992033,104,0.41346153846153844
2013,7318,17,652,0.48773006134969327,298,0.5
1990,7453,18,342,0.3713450292397661,0,
1991,7453,18,442,0.3891402714932127,212,0.37735849056603776
1992,7453,18,210,0.34285714285714286,20,0.35
1993,7453,18,156,0.358974358974359,12,0.3333333333333333
1994,7453,18,134,0.3656716417910448,6,0.6666666666666666
1995,7453,18,242,0.30991735537190085,100,0.27
1996,7453,18,186,0.3333333333333333,10,0.4
1997,7453,18,150,0.3333333333333333,4,0.25
1998,7453,18,114,0.3333333333333333,8,0.125
1999,7453,18,400,0.31,296,0.30405405405405406
2000,7453,18,400,0.27,196,0.25510204081632654
2001,7453,18,402,0.3208955223880597,182,0.33516483516483514
2002,7453,18,482,0.2946058091286307,268,0.30223880597014924
2003,7453,18,474,0.3080168776371308,192,0.328125
2004,7453,18,644,0.3105590062111801,320,0.31875
2005,7453,18,686,0.28717201166180756,280,0.2892857142857143
2006,7453,18,772,0.27849740932642486,338,0.27514792899408286
2007,7453,18,658,0.25379939209726443,178,0.25280898876404495
2008,7453,18,722,0.25761772853185594,328,0.2621951219512195
2009,7453,18,560,0.2625,168,0.23214285714285715
2010,7453,18,626,0.26517571884984026,290,0.27241379310344827
2011,7453,18,786,0.2786259541984733,404,0.2896039603960396
2012,7453,18,498,0.25502008032128515,104,0.19230769230769232
2013,7453,18,648,0.31790123456790126,298,0.3691275167785235
1990,7568,18,342,0.5409356725146199,0,
1991,7568,18,442,0.5316742081447964,212,0.5283018867924528
1992,7568,18,210,0.49523809523809526,20,0.3
1993,7568,18,156,0.5,12,0.5
1994,7568,18,134,0.5074626865671642,6,0.6666666666666666
1995,7568,18,242,0.512396694214876,100,0.49
1996,7568,18,186,0.489247311827957,10,0.6
1997,7568,18,150,0.5066666666666667,4,0.5
1998,7568,18,114,0.4824561403508772,8,0.625
1999,7568,18,400,0.53,296,0.5472972972972973
2000,7568,18,404,0.5,200,0.47
2001,7568,18,402,0.5298507462686567,182,0.5274725274725275
2002,7568,18,482,0.504149377593361,268,0.5111940298507462
2003,7568,18,474,0.5021097046413502,192,0.515625
2004,7568,18,644,0.5295031055900621,320,0.53125
2005,7568,18,686,0.48104956268221577,280,0.475
2006,7568,18,772,0.49740932642487046,338,0.5177514792899408
2007,7568,18,658,0.47112462006079026,178,0.43258426966292135
2008,7568,18,722,0.5041551246537396,328,0.524390243902439
2009,7568,18,562,0.505338078291815,170,0.5294117647058824
2010,7568,18,626,0.48242811501597443,290,0.4862068965517241
2011,7568,18,788,0.4720812182741117,406,0.4827586206896552
2012,7568,18,498,0.4799196787148594,102,0.49019607843137253
2013,7568,18,648,0.4984567901234568,298,0.5134228187919463
1990,7597,18,342,0.1286549707602339,0,
1991,7597,18,442,0.1334841628959276,212,0.12735849056603774
1992,7597,18,210,0.15714285714285714,20,0.15
1993,7597,18,156,0.14102564102564102,12,0.08333333333333333
1994,7597,18,134,0.14925373134328357,6,0.3333333333333333
1995,7597,18,242,0.1652892561983471,100,0.19
1996,7597,18,186,0.16129032258064516,10,0.3
1997,7597,18,150,0.17333333333333334,4,0.25
1998,7597,18,114,0.19298245614035087,8,0.5
1999,7597,18,400,0.1675,296,0.1554054054054054
2000,7597,18,404,0.15594059405940594,200,0.125
2001,7597,18,402,0.19154228855721392,182,0.21978021978021978
2002,7597,18,482,0.18049792531120332,268,0.17537313432835822
2003,7597,18,474,0.16666666666666666,192,0.13541666666666666
2004,7597,18,644,0.18633540372670807,320,0.2
2005,7597,18,688,0.19040697674418605,282,0.1879432624113475
2006,7597,18,774,0.20801033591731266,338,0.22781065088757396
2007,7597,18,660,0.20757575757575758,178,0.24157303370786518
2008,7597,18,724,0.22099447513812154,328,0.2347560975609756
2009,7597,18,564,0.20567375886524822,170,0.22941176470588234
2010,7597,18,628,0.18949044585987262,290,0.16896551724137931
2011,7597,18,788,0.1751269035532995,404,0.15594059405940594
2012,7597,18,502,0.18326693227091634,104,0.11538461538461539
2013,7597,18,652,0.1687116564417178,298,0.1644295302013423
1990,7622,18,342,0.3538011695906433,0,
1991,7622,18,442,0.36199095022624433,212,0.3584905660377358
1992,7622,18,210,0.3904761904761905,20,0.45
1993,7622,18,156,0.4230769230769231,12,0.4166666666666667
1994,7622,18,134,0.4253731343283582,6,0.16666666666666666
1995,7622,18,242,0.3760330578512397,100,0.36
1996,7622,18,186,0.3817204301075269,10,0.3
1997,7622,18,150,0.3933333333333333,4,0.5
1998,7622,18,114,0.43859649122807015,8,0.625
1999,7622,18,400,0.47,296,0.47297297297297297
2000,7622,18,404,0.4183168316831683,200,0.395
2001,7622,18,402,0.39552238805970147,182,0.3516483516483517
2002,7622,18,482,0.3796680497925311,268,0.3880597014925373
2003,7622,18,474,0.37130801687763715,192,0.359375
2004,7622,18,644,0.36490683229813664,320,0.334375
2005,7622,18,688,0.4113372093023256,282,0.4645390070921986
2006,7622,18,774,0.39664082687338503,338,0.40236686390532544
2007,7622,18,660,0.3712121212121212,178,0.3258426966292135
2008,7622,18,724,0.40331491712707185,328,0.42378048780487804
2009,7622,18,564,0.4024822695035461,170,0.4176470588235294
2010,7622,18,628,0.43789808917197454,290,0.4827586206896552
2011,7622,18,790,0.4253164556962025,406,0.42857142857142855
2012,7622,18,502,0.4601593625498008,104,0.49038461538461536
2013,7622,18,652,0.40337423312883436,298,0.3624161073825503
1990,7629,18,340,0.7529411764705882,0,
1991,7629,18,440,0.7386363636363636,212,0.7311320754716981
1992,7629,18,208,0.7596153846153846,20,0.95
1993,7629,18,154,0.7467532467532467,12,0.5833333333333334
1994,7629,18,132,0.7348484848484849,6,0.8333333333333334
1995,7629,18,240,0.7375,100,0.8
1996,7629,18,184,0.7282608695652174,10,0.8
1997,7629,18,148,0.7432432432432432,4,0.75
1998,7629,18,114,0.7719298245614035,8,0.75
1999,7629,18,400,0.7275,296,0.7128378378378378
2000,7629,18,402,0.7089552238805971,198,0.702020202020202
2001,7629,18,402,0.7039800995024875,182,0.7197802197802198
2002,7629,18,480,0.6916666666666667,266,0.6804511278195489
2003,7629,18,474,0.6919831223628692,192,0.7083333333333334
2004,7629,18,638,0.6865203761755486,314,0.6719745222929936
2005,7629,18,684,0.6827485380116959,280,0.6785714285714286
2006,7629,18,772,0.677461139896373,338,0.6627218934911243
2007,7629,18,658,0.6702127659574468,178,0.702247191011236
2008,7629,18,722,0.6578947368421053,328,0.6676829268292683
2009,7629,18,564,0.6613475177304965,170,0.6823529411764706
2010,7629,18,622,0.662379421221865,284,0.6584507042253521
2011,7629,18,784,0.6543367346938775,400,0.65
2012,7629,18,500,0.662,104,0.5673076923076923
2013,7629,18,648,0.6574074074074074,298,0.6476510067114094
1990,7635,18,342,0.18128654970760233,0,
1991,7635,18,442,0.17873303167420815,212,0.16981132075471697
1992,7635,18,210,0.15714285714285714,20,0.1
1993,7635,18,156,0.17307692307692307,12,0.3333333333333333
1994,7635,18,134,0.15671641791044777,6,0.0
1995,7635,18,242,0.1446280991735537,100,0.13
1996,7635,18,186,0.16666666666666666,10,0.2
1997,7635,18,150,0.16666666666666666,4,0.0
1998,7635,18,114,0.14912280701754385,8,0.0
1999,7635,18,400,0.145,296,0.14527027027027026
2000,7635,18,404,0.13366336633663367,200,0.145
2001,7635,18,402,0.13681592039800994,182,0.17032967032967034
2002,7635,18,482,0.14522821576763487,268,0.16417910447761194
2003,7635,18,474,0.14135021097046413,192,0.140625
2004,7635,18,644,0.15062111801242237,320,0.15625
2005,7635,18,688,0.14825581395348839,282,0.15602836879432624
2006,7635,18,774,0.14599483204134367,338,0.14497041420118342
2007,7635,18,660,0.13333333333333333,178,0.15168539325842698
2008,7635,18,724,0.12845303867403315,328,0.12804878048780488
2009,7635,18,564,0.13120567375886524,170,0.14705882352941177
2010,7635,18,628,0.11624203821656051,290,0.11379310344827587
2011,7635,18,790,0.11518987341772152,406,0.10098522167487685
2012,7635,18,502,0.11354581673306773,104,0.0673076923076923
2013,7635,18,652,0.13650306748466257,298,0.13087248322147652
1990,7660,18,342,0.8888888888888888,0,
1991,7660,18,442,0.9004524886877828,212,0.8962264150943396
1992,7660,18,210,0.9047619047619048,20,0.9
1993,7660,18,156,0.9166666666666666,12,1.0
1994,7660,18,134,0.9029850746268657,6,1.0
1995,7660,18,242,0.9008264462809917,100,0.95
1996,7660,18,186,0.8870967741935484,10,0.9
1997,7660,18,150,0.88,4,1.0
1998,7660,18,114,0.8947368421052632,8,0.875
1999,7660,18,400,0.8925,296,0.8918918918918919
2000,7660,18,404,0.8985148514851485,200,0.885
2001,7660,18,402,0.9104477611940298,182,0.9175824175824175
2002,7660,18,482,0.9232365145228216,268,0.9402985074626866
2003,7660,18,474,0.9113924050632911,192,0.9010416666666666
2004,7660,18,644,0.9192546583850931,320,0.921875
2005,7660,18,688,0.8822674418604651,282,0.8617021276595744
2006,7660,18,774,0.8837209302325582,338,0.8846153846153846
2007,7660,18,660,0.8803030303030303,178,0.8820224719101124
2008,7660,18,724,0.8425414364640884,328,0.8262195121951219
2009,7660,18,564,0.8705673758865248,170,0.9
2010,7660,18,628,0.8742038216560509,290,0.8827586206896552
2011,7660,18,790,0.8721518987341772,406,0.8891625615763546
2012,7660,18,502,0.8565737051792829,104,0.8269230769230769
2013,7660,18,652,0.8512269938650306,298,0.8355704697986577
1990,7718,19,342,0.3508771929824561,0,
1991,7718,19,442,0.31447963800904977,212,0.28773584905660377
1992,7718,19,210,0.3142857142857143,20,0.4
1993,7718,19,156,0.3269230769230769,12,0.3333333333333333
1994,7718,19,134,0.3358208955223881,6,0.3333333333333333
1995,7718,19,242,0.41735537190082644,100,0.4
1996,7718,19,186,0.44086021505376344,10,0.5
1997,7718,19,150,0.4266666666666667,4,1.0
1998,7718,19,114,0.45614035087719296,8,0.25
1999,7718,19,400,0.4,296,0.38175675675675674
2000,7718,19,404,0.4183168316831683,200,0.435
2001,7718,19,402,0.417910447761194,182,0.4230769230769231
2002,7718,19,482,0.42323651452282157,268,0.39925373134328357
2003,7718,19,474,0.4050632911392405,192,0.4010416666666667
2004,7718,19,644,0.41770186335403725,320,0.421875
2005,7718,19,688,0.4011627906976744,282,0.40070921985815605
2006,7718,19,774,0.4095607235142119,338,0.40236686390532544
2007,7718,19,660,0.38181818181818183,178,0.3202247191011236
2008,7718,19,724,0.42265193370165743,328,0.43902439024390244
2009,7718,19,564,0.4095744680851064,170,0.40588235294117647
2010,7718,19,628,0.40764331210191085,290,0.4068965517241379
2011,7718,19,790,0.4215189873417722,406,0.4408866995073892
2012,7718,19,502,0.4063745019920319,104,0.38461538461538464
2013,7718,19,652,0.4217791411042945,298,0.4395973154362416
1990,7734,19,342,0.24561403508771928,0,
1991,7734,19,442,0.23529411764705882,212,0.23113207547169812
1992,7734,19,210,0.23333333333333334,20,0.3
1993,7734,19,156,0.22435897435897437,12,0.16666666666666666
1994,7734,19,134,0.22388059701492538,6,0.3333333333333333
1995,7734,19,242,0.256198347107438,100,0.27
1996,7734,19,186,0.26344086021505375,10,0.5
1997,7734,19,150,0.29333333333333333,4,1.0
1998,7734,19,114,0.35964912280701755,8,0.375
1999,7734,19,400,0.325,296,0.31756756756756754
2000,7734,19,404,0.2871287128712871,200,0.295
2001,7734,19,402,0.3009950248756219,182,0.3076923076923077
2002,7734,19,482,0.3112033195020747,268,0.30597014925373134
2003,7734,19,474,0.26371308016877637,192,0.25
2004,7734,19,644,0.2593167701863354,320,0.259375
2005,7734,19,688,0.2805232558139535,282,0.29432624113475175
2006,7734,19,774,0.2661498708010336,338,0.24260355029585798
2007,7734,19,660,0.2924242424242424,178,0.3258426966292135
2008,7734,19,724,0.26243093922651933,328,0.2530487804878049
2009,7734,19,564,0.22872340425531915,170,0.18235294117647058
2010,7734,19,628,0.2356687898089172,290,0.2206896551724138
2011,7734,19,790,0.22278481012658227,406,0.2019704433497537
2012,7734,19,502,0.22310756972111553,104,0.22115384615384615
2013,7734,19,652,0.2254601226993865,298,0.23825503355704697
1990,7797,19,342,0.8830409356725146,0,
1991,7797,19,442,0.8755656108597285,212,0.8726415094339622
1992,7797,19,210,0.9,20,0.95
1993,7797,19,156,0.8910256410256411,12,0.8333333333333334
1994,7797,19,134,0.8656716417910447,6,0.6666666666666666
1995,7797,19,242,0.8553719008264463,100,0.89
1996,7797,19,186,0.8602150537634409,10,0.9
1997,7797,19,150,0.88,4,1.0
1998,7797,19,114,0.8596491228070176,8,0.875
1999,7797,19,400,0.86,296,0.8648648648648649
2000,7797,19,404,0.8539603960396039,200,0.855
2001,7797,19,402,0.8233830845771144,182,0.8241758241758241
2002,7797,19,482,0.8319502074688797,268,0.8507462686567164
2003,7797,19,474,0.8270042194092827,192,0.8333333333333334
2004,7797,19,644,0.8245341614906833,320,0.8375
2005,7797,19,688,0.8313953488372093,282,0.8687943262411347
2006,7797,19,774,0.8036175710594315,338,0.7840236686390533
2007,7797,19,660,0.8227272727272728,178,0.8370786516853933
2008,7797,19,724,0.8466850828729282,328,0.8628048780487805
2009,7797,19,564,0.8546099290780141,170,0.8470588235294118
2010,7797,19,628,0.8773885350318471,290,0.8827586206896552
2011,7797,19,790,0.8848101265822785,406,0.8817733990147784
2012,7797,19,502,0.896414342629482,104,0.9230769230769231
2013,7797,19,652,0.901840490797546,298,0.9093959731543624
1990,7892,19,342,0.14912280701754385,0,
1991,7892,19,442,0.17194570135746606,212,0.1792452830188679
1992,7892,19,210,0.1761904761904762,20,0.05
1993,7892,19,156,0.17307692307692307,12,0.16666666666666666
1994,7892,19,134,0.1791044776119403,6,0.0
1995,7892,19,242,0.1652892561983471,100,0.16
1996,7892,19,186,0.16666666666666666,10,0.1
1997,7892,19,150,0.16,4,0.0
1998,7892,19,114,0.14912280701754385,8,0.25
1999,7892,19,400,0.1225,296,0.10810810810810811
2000,7892,19,404,0.11633663366336634,200,0.115
2001,7892,19,402,0.12189054726368159,182,0.11538461538461539
2002,7892,19,482,0.15352697095435686,268,0.16791044776119404
2003,7892,19,474,0.12658227848101267,192,0.11458333333333333
2004,7892,19,644,0.13975155279503104,320,0.146875
2005,7892,19,688,0.1308139534883721,282,0.14184397163120568
2006,7892,19,774,0.12919896640826872,338,0.11834319526627218
2007,7892,19,660,0.11818181818181818,178,0.10112359550561797
2008,7892,19,724,0.12292817679558012,328,0.11585365853658537
2009,7892,19,564,0.13120567375886524,170,0.13529411764705881
2010,7892,19,628,0.13694267515923567,290,0.1310344827586207
2011,7892,19,790,0.1189873417721519,406,0.10344827586206896
2012,7892,19,502,0.12749003984063745,104,0.18269230769230768
2013,7892,19,652,0.11196319018404909,298,0.1040268456375839
1990,7912,19,342,0.20175438596491227,0,
1991,7912,19,442,0.1832579185520362,212,0.1792452830188679
1992,7912,19,210,0.18571428571428572,20,0.25
1993,7912,19,156,0.21153846153846154,12,0.4166666666666667
1994,7912,19,134,0.19402985074626866,6,0.16666666666666666
1995,7912,19,242,0.23140495867768596,100,0.23
1996,7912,19,186,0.27419354838709675,10,0.2
1997,7912,19,150,0.26666666666666666,4,0.25
1998,7912,19,114,0.2631578947368421,8,0.25
1999,7912,19,400,0.245,296,0.24324324324324326
2000,7912,19,404,0.27970297029702973,200,0.3
2001,7912,19,402,0.24129353233830847,182,0.2087912087912088
2002,7912,19,482,0.2966804979253112,268,0.31343283582089554
2003,7912,19,474,0.2721518987341772,192,0.2760416666666667
2004,7912,19,644,0.2639751552795031,320,0.2625
2005,7912,19,688,0.2688953488372093,282,0.2801418439716312
2006,7912,19,774,0.26356589147286824,338,0.27218934911242604
2007,7912,19,660,0.2803030303030303,178,0.24719101123595505
2008,7912,19,724,0.26795580110497236,328,0.2774390243902439
2009,7912,19,564,0.2641843971631206,170,0.25882352941176473
2010,7912,19,628,0.2643312101910828,290,0.2517241379310345
2011,7912,19,790,0.2974683544303797,406,0.3054187192118227
2012,7912,19,502,0.2908366533864542,104,0.27884615384615385
2013,7912,19,652,0.3113496932515337,298,0.3288590604026846
1990,7944,19,338,0.2455621301775148,0,
1991,7944,19,436,0.26376146788990823,208,0.23557692307692307
1992,7944,19,206,0.3300970873786408,20,0.35
1993,7944,19,152,0.3355263157894737,12,0.25
1994,7944,19,130,0.35384615384615387,6,0.5
1995,7944,19,240,0.4041666666666667,100,0.44
1996,7944,19,184,0.3641304347826087,10,0.4
1997,7944,19,148,0.36486486486486486,4,0.5
1998,7944,19,114,0.35964912280701755,8,0.375
1999,7944,19,400,0.405,296,0.4155405405405405
2000,7944,19,404,0.37623762376237624,200,0.325
2001,7944,19,402,0.40298507462686567,182,0.4175824175824176
2002,7944,19,482,0.37136929460580914,268,0.3843283582089552
2003,7944,19,472,0.3601694915254237,190,0.3263157894736842
2004,7944,19,644,0.391304347826087,320,0.39375
2005,7944,19,688,0.36627906976744184,282,0.36879432624113473
2006,7944,19,774,0.35012919896640826,338,0.34615384615384615
2007,7944,19,660,0.32575757575757575,178,0.34831460674157305
2008,7944,19,724,0.31767955801104975,328,0.3170731707317073
2009,7944,19,564,0.3120567375886525,170,0.3
2010,7944,19,628,0.32961783439490444,290,0.32413793103448274
2011,7944,19,790,0.34430379746835443,406,0.3399014778325123
2012,7944,19,502,0.3745019920318725,104,0.4230769230769231
2013,7944,19,652,0.38190184049079756,298,0.39932885906040266
1990,7971,19,342,0.5906432748538012,0,
1991,7971,19,442,0.6199095022624435,212,0.6462264150943396
1992,7971,19,210,0.5904761904761905,20,0.65
1993,7971,19,156,0.6089743589743589,12,0.8333333333333334
1994,7971,19,134,0.5671641791044776,6,0.3333333333333333
1995,7971,19,242,0.5289256198347108,100,0.55
1996,7971,19,186,0.5376344086021505,10,0.4
1997,7971,19,150,0.54,4,0.75
1998,7971,19,114,0.5263157894736842,8,0.375
1999,7971,19,400,0.545,296,0.5472972972972973
2000,7971,19,404,0.5742574257425742,200,0.62
2001,7971,19,402,0.572139303482587,182,0.6153846153846154
2002,7971,19,482,0.553941908713693,268,0.5485074626865671
2003,7971,19,472,0.565677966101695,190,0.5631578947368421
2004,7971,19,644,0.5652173913043478,320,0.571875
2005,7971,19,688,0.559593023255814,282,0.5390070921985816
2006,7971,19,774,0.5529715762273901,338,0.5295857988165681
2007,7971,19,656,0.5335365853658537,174,0.5114942528735632
2008,7971,19,724,0.5538674033149171,328,0.5426829268292683
2009,7971,19,564,0.5336879432624113,170,0.5176470588235295
2010,7971,19,628,0.5366242038216561,290,0.5827586206896552
2011,7971,19,790,0.5341772151898734,406,0.5443349753694581
2012,7971,19,502,0.5079681274900398,104,0.46153846153846156
2013,7971,19,652,0.5230061349693251,298,0.5369127516778524
1990,7975,19,342,0.5935672514619883,0,
1991,7975,19,442,0.5294117647058824,212,0.49528301886792453
1992,7975,19,210,0.5476190476190477,20,0.5
1993,7975,19,156,0.5897435897435898,12,0.9166666666666666
1994,7975,19,134,0.582089552238806,6,0.5
1995,7975,19,242,0.5578512396694215,100,0.55
1996,7975,19,186,0.553763440860215,10,0.4
1997,7975,19,150,0.5666666666666667,4,0.5
1998,7975,19,114,0.5877192982456141,8,0.625
1999,7975,19,400,0.605,296,0.6148648648648649
2000,7975,19,404,0.5717821782178217,200,0.56
2001,7975,19,402,0.5870646766169154,182,0.6153846153846154
2002,7975,19,482,0.5975103734439834,268,0.6194029850746269
2003,7975,19,474,0.580168776371308,192,0.53125
2004,7975,19,644,0.6024844720496895,320,0.60625
2005,7975,19,688,0.5784883720930233,282,0.5354609929078015
2006,7975,19,774,0.6227390180878553,338,0.6331360946745562
2007,7975,19,660,0.5863636363636363,178,0.5337078651685393
2008,7975,19,722,0.6454293628808865,326,0.647239263803681
2009,7975,19,564,0.6223404255319149,170,0.5588235294117647
2010,7975,19,628,0.6385350318471338,290,0.6517241379310345
2011,7975,19,790,0.6341772151898735,406,0.6280788177339901
2012,7975,19,502,0.6334661354581673,104,0.5961538461538461
2013,7975,19,652,0.6579754601226994,298,0.6812080536912751
1990,7985,19,340,0.7911764705882353,0,
1991,7985,19,440,0.775,212,0.7641509433962265
1992,7985,19,210,0.7904761904761904,20,0.85
1993,7985,19,156,0.7692307692307693,12,0.9166666666666666
1994,7985,19,134,0.753731343283582,6,0.5
1995,7985,19,242,0.7231404958677686,100,0.73
1996,7985,19,186,0.6989247311827957,10,0.6
1997,7985,19,150,0.72,4,0.75
1998,7985,19,114,0.7280701754385965,8,0.875
1999,7985,19,400,0.7475,296,0.7567567567567568
2000,7985,19,404,0.7673267326732673,200,0.805
2001,7985,19,402,0.753731343283582,182,0.7637362637362637
2002,7985,19,482,0.7780082987551867,268,0.7761194029850746
2003,7985,19,474,0.7468354430379747,192,0.703125
2004,7985,19,644,0.7515527950310559,320,0.753125
2005,7985,19,688,0.7311046511627907,282,0.6985815602836879
2006,7985,19,774,0.7325581395348837,338,0.7189349112426036
2007,7985,19,660,0.7393939393939394,178,0.7752808988764045
2008,7985,19,724,0.744475138121547,328,0.7164634146341463
2009,7985,19,564,0.75177304964539,170,0.7294117647058823
2010,7985,19,628,0.7531847133757962,290,0.7517241379310344
2011,7985,19,790,0.7683544303797468,406,0.7561576354679803
2012,7985,19,502,0.7729083665338645,104,0.7596153846153846
2013,7985,19,650,0.7753846153846153,296,0.7702702702702703
1990,8004,20,330,0.12121212121212122,0,
1991,8004,20,430,0.09767441860465116,212,0.08962264150943396
1992,8004,20,200,0.115,20,0.1
1993,8004,20,146,0.10273972602739725,12,0.08333333333333333
1994,8004,20,124,0.08870967741935484,6,0.0
1995,8004,20,232,0.08189655172413793,100,0.08
1996,8004,20,178,0.06179775280898876,10,0.0
1997,8004,20,142,0.056338028169014086,4,0.25
1998,8004,20,112,0.05357142857142857,8,0.0
1999,8004,20,400,0.0775,296,0.09121621621621621
2000,8004,20,404,0.07920792079207921,200,0.12
2001,8004,20,402,0.06716417910447761,182,0.07142857142857142
2002,8004,20,482,0.06639004149377593,268,0.06716417910447761
2003,8004,20,474,0.08016877637130802,192,0.08333333333333333
2004,8004,20,644,0.09316770186335403,320,0.1
2005,8004,20,688,0.09156976744186046,282,0.10638297872340426
2006,8004,20,774,0.08010335917312661,338,0.05917159763313609
2007,8004,20,660,0.07727272727272727,178,0.07303370786516854
2008,8004,20,724,0.09530386740331492,328,0.10365853658536585
2009,8004,20,564,0.10638297872340426,170,0.1411764705882353
2010,8004,20,628,0.09554140127388536,290,0.10689655172413794
2011,8004,20,790,0.08860759493670886,406,0.09113300492610837
2012,8004,20,502,0.08366533864541832,104,0.07692307692307693
2013,8004,20,652,0.09049079754601227,298,0.09395973154362416
1990,8022,20,342,0.12280701754385964,0,
1991,8022,20,442,0.09049773755656108,212,0.08018867924528301
1992,8022,20,210,0.10476190476190476,20,0.1
1993,8022,20,156,0.10256410256410256,12,0.16666666666666666
1994,8022,20,134,0.11194029850746269,6,0.0
1995,8022,20,242,0.10330578512396695,100,0.05
1996,8022,20,186,0.13440860215053763,10,0.1
1997,8022,20,150,0.14,4,0.0
1998,8022,20,114,0.13157894736842105,8,0.125
1999,8022,20,396,0.1414141414141414,292,0.14383561643835616
2000,8022,20,402,0.1517412935323383,200,0.15
2001,8022,20,400,0.135,182,0.10989010989010989
2002,8022,20,476,0.13865546218487396,264,0.13636363636363635
2003,8022,20,470,0.14893617021276595,192,0.13020833333333334
2004,8022,20,640,0.1640625,320,0.16875
2005,8022,20,684,0.16812865497076024,282,0.16666666666666666
2006,8022,20,770,0.15974025974025974,338,0.16568047337278108
2007,8022,20,660,0.14393939393939395,178,0.12921348314606743
2008,8022,20,724,0.15469613259668508,328,0.1402439024390244
2009,8022,20,562,0.1494661921708185,168,0.14285714285714285
2010,8022,20,626,0.15654952076677317,290,0.15517241379310345
2011,8022,20,788,0.15609137055837563,406,0.1477832512315271
2012,8022,20,500,0.172,104,0.15384615384615385
2013,8022,20,650,0.1523076923076923,298,0.14429530201342283
1990,8101,20,342,0.2953216374269006,0,
1991,8101,20,442,0.3167420814479638,212,0.32547169811320753
1992,8101,20,210,0.34285714285714286,20,0.5
1993,8101,20,156,0.3269230769230769,12,0.5
1994,8101,20,134,0.3358208955223881,6,0.3333333333333333
1995,8101,20,242,0.384297520661157,100,0.47
1996,8101,20,186,0.3602150537634409,10,0.3
1997,8101,20,150,0.3466666666666667,4,0.75
1998,8101,20,114,0.3684210526315789,8,0.375
1999,8101,20,400,0.3775,296,0.38175675675675674
2000,8101,20,404,0.33910891089108913,200,0.325
2001,8101,20,402,0.373134328358209,182,0.3956043956043956
2002,8101,20,482,0.3817427385892116,268,0.39925373134328357
2003,8101,20,474,0.379746835443038,192,0.3854166666666667
2004,8101,20,644,0.36180124223602483,320,0.35
2005,8101,20,688,0.35174418604651164,282,0.3404255319148936
2006,8101,20,774,0.3863049095607235,338,0.3994082840236686
2007,8101,20,660,0.3378787878787879,178,0.29213483146067415
2008,8101,20,724,0.3218232044198895,328,0.29573170731707316
2009,8101,20,564,0.30851063829787234,170,0.31176470588235294
2010,8101,20,628,0.28503184713375795,290,0.2793103448275862
2011,8101,20,790,0.2670886075949367,406,0.2536945812807882
2012,8101,20,502,0.2848605577689243,104,0.33653846153846156
2013,8101,20,652,0.2837423312883436,298,0.2751677852348993
1990,8133,20,342,0.1783625730994152,0,
1991,8133,20,442,0.20588235294117646,212,0.22169811320754718
1992,8133,20,210,0.20952380952380953,20,0.15
1993,8133,20,156,0.19230769230769232,12,0.08333333333333333
1994,8133,20,134,0.22388059701492538,6,0.16666666666666666
1995,8133,20,242,0.23553719008264462,100,0.26
1996,8133,20,186,0.1827956989247312,10,0.0
1997,8133,20,150,0.19333333333333333,4,0.0
1998,8133,20,114,0.15789473684210525,8,0.0
1999,8133,20,400,0.1625,296,0.16554054054054054
2000,8133,20,404,0.13366336633663367,200,0.135
2001,8133,20,402,0.13930348258706468,182,0.14285714285714285
2002,8133,20,482,0.15560165975103735,268,0.16044776119402984
2003,8133,20,474,0.15611814345991562,192,0.18229166666666666
2004,8133,20,644,0.16770186335403728,320,0.18125
2005,8133,20,688,0.15261627906976744,282,0.12411347517730496
2006,8133,20,774,0.17183462532299743,338,0.1834319526627219
2007,8133,20,660,0.1787878787878788,178,0.1853932584269663
2008,8133,20,724,0.18093922651933703,328,0.17682926829268292
2009,8133,20,564,0.1524822695035461,170,0.11764705882352941
2010,8133,20,628,0.15445859872611464,290,0.14482758620689656
2011,8133,20,790,0.17721518987341772,406,0.1724137931034483
2012,8133,20,502,0.17729083665338646,104,0.16346153846153846
2013,8133,20,652,0.15644171779141106,298,0.14429530201342283
1990,8167,20,342,0.7953216374269005,0,
1991,8167,20,442,0.7918552036199095,212,0.7783018867924528
1992,8167,20,210,0.8142857142857143,20,0.85
1993,8167,20,156,0.782051282051282,12,0.6666666666666666
1994,8167,20,134,0.7686567164179104,6,0.8333333333333334
1995,8167,20,242,0.7727272727272727,100,0.78
1996,8167,20,186,0.7634408602150538,10,0.5
1997,8167,20,150,0.76,4,1.0
1998,8167,20,114,0.7894736842105263,8,0.75
1999,8167,20,400,0.7675,296,0.7668918918918919
2000,8167,20,404,0.806930693069307,200,0.815
2001,8167,20,402,0.7686567164179104,182,0.7417582417582418
2002,8167,20,482,0.7302904564315352,268,0.7350746268656716
2003,8167,20,474,0.7130801687763713,192,0.6770833333333334
2004,8167,20,644,0.7298136645962733,320,0.7125
2005,8167,20,686,0.7303206997084548,280,0.6964285714285714
2006,8167,20,772,0.7409326424870466,338,0.7455621301775148
2007,8167,20,658,0.723404255319149,178,0.6910112359550562
2008,8167,20,722,0.721606648199446,328,0.7134146341463414
2009,8167,20,562,0.7170818505338078,170,0.711764705882353
2010,8167,20,626,0.7364217252396166,290,0.7379310344827587
2011,8167,20,788,0.7601522842639594,406,0.7512315270935961
2012,8167,20,500,0.76,104,0.7211538461538461
2013,8167,20,650,0.7630769230769231,298,0.7583892617449665
1990,8224,20,342,0.7602339181286549,0,
1991,8224,20,442,0.7669683257918553,212,0.7830188679245284
1992,8224,20,210,0.7666666666666667,20,0.8
1993,8224,20,156,0.7756410256410257,12,0.9166666666666666
1994,8224,20,134,0.7910447761194029,6,1.0
1995,8224,20,242,0.8016528925619835,100,0.85
1996,8224,20,186,0.7688172043010753,10,0.6
1997,8224,20,150,0.7466666666666667,4,0.5
1998,8224,20,114,0.7456140350877193,8,0.75
1999,8224,20,400,0.75,296,0.7601351351351351
2000,8224,20,404,0.745049504950495,200,0.695
2001,8224,20,402,0.7512437810945274,182,0.6923076923076923
2002,8224,20,482,0.7738589211618258,268,0.7985074626865671
2003,8224,20,474,0.7447257383966245,192,0.7447916666666666
2004,8224,20,644,0.7360248447204969,320,0.715625
2005,8224,20,688,0.75,282,0.7801418439716312
2006,8224,20,774,0.751937984496124,338,0.742603550295858
2007,8224,20,660,0.746969696969697,178,0.7471910112359551
2008,8224,20,724,0.744475138121547,328,0.7164634146341463
2009,8224,20,564,0.7358156028368794,170,0.7411764705882353
2010,8224,20,628,0.7468152866242038,290,0.7413793103448276
2011,8224,20,788,0.7258883248730964,404,0.7153465346534653
2012,8224,20,502,0.7569721115537849,104,0.8461538461538461
2013,8224,20,652,0.754601226993865,298,0.7751677852348994
1990,8263,20,342,0.804093567251462,0,
1991,8263,20,442,0.8190045248868778,212,0.8207547169811321
1992,8263,20,210,0.7952380952380952,20,0.65
1993,8263,20,156,0.8397435897435898,12,0.9166666666666666
1994,8263,20,134,0.8208955223880597,6,0.6666666666666666
1995,8263,20,242,0.8140495867768595,100,0.81
1996,8263,20,186,0.8225806451612904,10,0.9
1997,8263,20,150,0.8333333333333334,4,0.75
1998,8263,20,114,0.8421052631578947,8,0.75
1999,8263,20,400,0.795,296,0.7804054054054054
2000,8263,20,404,0.806930693069307,200,0.79
2001,8263,20,402,0.7686567164179104,182,0.7472527472527473
2002,8263,20,482,0.7883817427385892,268,0.7947761194029851
2003,8263,20,474,0.8037974683544303,192,0.8229166666666666
2004,8263,20,644,0.8012422360248447,320,0.796875
2005,8263,20,686,0.8104956268221575,280,0.8214285714285714
2006,8263,20,774,0.7932816537467701,338,0.7810650887573964
2007,8263,20,660,0.8015151515151515,178,0.797752808988764
2008,8263,20,724,0.824585635359116,328,0.8292682926829268
2009,8263,20,564,0.8315602836879432,170,0.8705882352941177
2010,8263,20,626,0.8115015974440895,288,0.8020833333333334
2011,8263,20,790,0.7810126582278482,406,0.7684729064039408
2012,8263,20,502,0.8306772908366534,104,0.875
2013,8263,20,652,0.843558282208589,298,0.8624161073825504
1990,8342,20,342,0.8187134502923976,0,
1991,8342,20,442,0.8212669683257918,212,0.8301886792452831
1992,8342,20,210,0.8238095238095238,20,0.8
1993,8342,20,156,0.8397435897435898,12,1.0
1994,8342,20,134,0.8283582089552238,6,0.8333333333333334
1995,8342,20,242,0.8553719008264463,100,0.83
1996,8342,20,186,0.8763440860215054,10,0.8
1997,8342,20,150,0.86,4,1.0
1998,8342,20,114,0.8421052631578947,8,0.75
1999,8342,20,400,0.8675,296,0.875
2000,8342,20,404,0.8341584158415841,200,0.815
2001,8342,20,402,0.8482587064676617,182,0.8681318681318682
2002,8342,20,482,0.8381742738589212,268,0.8432835820895522
2003,8342,20,474,0.8270042194092827,192,0.8020833333333334
2004,8342,20,644,0.8400621118012422,320,0.846875
2005,8342,20,688,0.8357558139534884,282,0.8475177304964538
2006,8342,20,774,0.8436692506459949,338,0.8402366863905325
2007,8342,20,660,0.8469696969696969,178,0.848314606741573
2008,8342,20,724,0.8232044198895028,328,0.7987804878048781
2009,8342,20,564,0.851063829787234,170,0.888235294117647
2010,8342,20,628,0.8359872611464968,290,0.8275862068965517
2011,8342,20,790,0.8202531645569621,406,0.8251231527093597
2012,8342,20,502,0.8386454183266933,104,0.8653846153846154
2013,8342,20,652,0.8619631901840491,298,0.8926174496644296
1990,8410,21,342,0.39766081871345027,0,
1991,8410,21,442,0.34615384615384615,212,0.32547169811320753
1992,8410,21,210,0.3476190476190476,20,0.45
1993,8410,21,156,0.33974358974358976,12,0.4166666666666667
1994,8410,21,134,0.3358208955223881,6,0.3333333333333333
1995,8410,21,242,0.33884297520661155,100,0.38
1996,8410,21,186,0.3172043010752688,10,0.4
1997,8410,21,150,0.32666666666666666,4,0.25
1998,8410,21,114,0.3684210526315789,8,0.625
1999,8410,21,400,0.385,296,0.39864864864864863
2000,8410,21,404,0.38366336633663367,200,0.405
2001,8410,21,402,0.373134328358209,182,0.4010989010989011
2002,8410,21,482,0.36929460580912865,268,0.3582089552238806
2003,8410,21,474,0.39451476793248946,192,0.4375
2004,8410,21,644,0.38975155279503104,320,0.425
2005,8410,21,688,0.376453488372093,282,0.3829787234042553
2006,8410,21,774,0.3798449612403101,338,0.35798816568047337
2007,8410,21,660,0.3621212121212121,178,0.3258426966292135
2008,8410,21,724,0.3825966850828729,328,0.39939024390243905
2009,8410,21,564,0.4166666666666667,170,0.4176470588235294
2010,8410,21,628,0.445859872611465,290,0.46206896551724136
2011,8410,21,790,0.4316455696202532,406,0.4408866995073892
2012,8410,21,502,0.4103585657370518,104,0.40384615384615385
2013,8410,21,652,0.4110429447852761,298,0.4261744966442953
1990,8485,21,340,0.16176470588235295,0,
1991,8485,21,440,0.12045454545454545,212,0.10849056603773585
1992,8485,21,208,0.11538461538461539,20,0.2
1993,8485,21,154,0.11688311688311688,12,0.16666666666666666
1994,8485,21,132,0.12121212121212122,6,0.16666666666666666
1995,8485,21,238,0.14705882352941177,100,0.19
1996,8485,21,182,0.13186813186813187,10,0.2
1997,8485,21,148,0.12162162162162163,4,0.0
1998,8485,21,114,0.12280701754385964,8,0.25
1999,8485,21,400,0.12,296,0.11824324324324324
2000,8485,21,402,0.13930348258706468,198,0.12626262626262627
2001,8485,21,402,0.17412935323383086,182,0.1813186813186813
2002,8485,21,482,0.14730290456431536,268,0.15298507462686567
2003,8485,21,474,0.14556962025316456,192,0.11458333333333333
2004,8485,21,644,0.15993788819875776,320,0.15625
2005,8485,21,688,0.17151162790697674,282,0.18439716312056736
2006,8485,21,774,0.17054263565891473,338,0.16272189349112426
2007,8485,21,660,0.15151515151515152,178,0.1404494382022472
2008,8485,21,724,0.1712707182320442,328,0.17073170731707318
2009,8485,21,564,0.16134751773049646,170,0.1588235294117647
2010,8485,21,622,0.1607717041800643,284,0.17253521126760563
2011,8485,21,780,0.15384615384615385,396,0.13383838383838384
2012,8485,21,500,0.156,104,0.09615384615384616
2013,8485,21,648,0.17746913580246915,298,0.18791946308724833
1990,8486,21,342,0.6081871345029239,0,
1991,8486,21,440,0.575,210,0.580952380952381
1992,8486,21,210,0.5714285714285714,20,0.75
1993,8486,21,156,0.5512820512820513,12,0.4166666666666667
1994,8486,21,134,0.5522388059701493,6,0.6666666666666666
1995,8486,21,242,0.5743801652892562,100,0.59
1996,8486,21,186,0.543010752688172,10,0.4
1997,8486,21,150,0.5666666666666667,4,1.0
1998,8486,21,114,0.5614035087719298,8,0.75
1999,8486,21,400,0.54,296,0.527027027027027
2000,8486,21,404,0.556930693069307,200,0.56
2001,8486,21,402,0.5771144278606966,182,0.6263736263736264
2002,8486,21,482,0.529045643153527,268,0.5261194029850746
2003,8486,21,474,0.5738396624472574,192,0.578125
2004,8486,21,644,0.5683229813664596,320,0.55
2005,8486,21,688,0.5668604651162791,282,0.5886524822695035
2006,8486,21,774,0.5813953488372093,338,0.6035502958579881
2007,8486,21,658,0.5668693009118541,176,0.625
2008,8486,21,724,0.5621546961325967,328,0.5701219512195121
2009,8486,21,564,0.5797872340425532,170,0.5941176470588235
2010,8486,21,628,0.5955414012738853,290,0.6172413793103448
2011,8486,21,790,0.5911392405063292,406,0.6009852216748769
2012,8486,21,502,0.5697211155378487,104,0.5480769230769231
2013,8486,21,652,0.5567484662576687,298,0.5436241610738255
1990,8540,21,340,0.55,0,
1991,8540,21,440,0.5386363636363637,212,0.5377358490566038
1992,8540,21,206,0.49029126213592233,20,0.5
1993,8540,21,154,0.474025974025974,12,0.4166666666666667
1994,8540,21,132,0.45454545454545453,6,0.3333333333333333
1995,8540,21,240,0.4666666666666667,100,0.4
1996,8540,21,184,0.5054347826086957,10,0.6
1997,8540,21,148,0.5337837837837838,4,0.75
1998,8540,21,112,0.5803571428571429,8,0.625
1999,8540,21,398,0.5577889447236181,296,0.5472972972972973
2000,8540,21,400,0.5475,198,0.5656565656565656
2001,8540,21,400,0.5025,182,0.46153846153846156
2002,8540,21,480,0.55,268,0.5634328358208955
2003,8540,21,470,0.4808510638297872,190,0.3894736842105263
2004,8540,21,642,0.48909657320872274,320,0.4875
2005,8540,21,688,0.502906976744186,282,0.5141843971631206
2006,8540,21,772,0.5038860103626943,336,0.5238095238095238
2007,8540,21,658,0.5197568389057751,178,0.5224719101123596
2008,8540,21,722,0.4598337950138504,328,0.43597560975609756
2009,8540,21,562,0.4928825622775801,170,0.5705882352941176
2010,8540,21,626,0.4281150159744409,290,0.38620689655172413
2011,8540,21,788,0.39086294416243655,406,0.3866995073891626
2012,8540,21,500,0.386,104,0.3942307692307692
2013,8540,21,650,0.3646153846153846,298,0.348993288590604
1990,8545,21,338,0.6035502958579881,0,
1991,8545,21,432,0.5648148148148148,208,0.5480769230769231
1992,8545,21,206,0.587378640776699,20,0.5
1993,8545,21,152,0.6118421052631579,12,0.75
1994,8545,21,130,0.6153846153846154,6,0.8333333333333334
1995,8545,21,238,0.6008403361344538,98,0.6122448979591837
1996,8545,21,184,0.5869565217391305,10,0.6
1997,8545,21,148,0.6081081081081081,4,1.0
1998,8545,21,114,0.6491228070175439,8,1.0
1999,8545,21,400,0.605,296,0.5912162162162162
2000,8545,21,404,0.594059405940594,200,0.555
2001,8545,21,402,0.6044776119402985,182,0.5989010989010989
2002,8545,21,480,0.59375,266,0.5827067669172933
2003,8545,21,472,0.6292372881355932,192,0.6770833333333334
2004,8545,21,642,0.5981308411214953,320,0.60625
2005,8545,21,686,0.5743440233236151,282,0.5354609929078015
2006,8545,21,774,0.5710594315245479,338,0.5621301775147929
2007,8545,21,658,0.601823708206687,176,0.6988636363636364
2008,8545,21,724,0.5870165745856354,328,0.5670731707317073
2009,8545,21,564,0.5868794326241135,170,0.5764705882352941
2010,8545,21,628,0.5907643312101911,290,0.5793103448275863
2011,8545,21,790,0.5455696202531646,406,0.5172413793103449
2012,8545,21,502,0.5856573705179283,104,0.6730769230769231
2013,8545,21,652,0.593558282208589,298,0.6241610738255033
1990,8653,22,342,0.13450292397660818,0,
1991,8653,22,440,0.08863636363636364,210,0.0761904761904762
1992,8653,22,210,0.09047619047619047,20,0.1
1993,8653,22,156,0.09615384615384616,12,0.0
1994,8653,22,134,0.12686567164179105,6,0.5
1995,8653,22,242,0.1487603305785124,100,0.17
1996,8653,22,186,0.13440860215053763,10,0.1
1997,8653,22,150,0.14666666666666667,4,0.0
1998,8653,22,114,0.13157894736842105,8,0.125
1999,8653,22,400,0.12,296,0.11148648648648649
2000,8653,22,404,0.14356435643564355,200,0.17
2001,8653,22,402,0.12935323383084577,182,0.14285714285714285
2002,8653,22,482,0.16182572614107885,268,0.1865671641791045
2003,8653,22,474,0.14978902953586498,192,0.16666666666666666
2004,8653,22,644,0.14596273291925466,320,0.14375
2005,8653,22,688,0.15261627906976744,282,0.16312056737588654
2006,8653,22,774,0.1124031007751938,338,0.09763313609467456
2007,8653,22,660,0.1318181818181818,178,0.16292134831460675
2008,8653,22,724,0.15193370165745856,328,0.16463414634146342
2009,8653,22,564,0.15070921985815602,170,0.12352941176470589
2010,8653,22,628,0.1464968152866242,290,0.14482758620689656
2011,8653,22,790,0.15443037974683543,406,0.1477832512315271
2012,8653,22,502,0.15338645418326693,104,0.14423076923076922
2013,8653,22,652,0.15337423312883436,298,0.1476510067114094
1990,8655,22,342,0.6169590643274854,0,
1991,8655,22,442,0.6085972850678733,212,0.5990566037735849
1992,8655,22,210,0.6190476190476191,20,0.65
1993,8655,22,156,0.6346153846153846,12,0.5833333333333334
1994,8655,22,134,0.6268656716417911,6,0.5
1995,8655,22,242,0.6652892561983471,100,0.66
1996,8655,22,186,0.6774193548387096,10,0.9
1997,8655,22,150,0.68,4,0.75
1998,8655,22,114,0.6666666666666666,8,0.625
1999,8655,22,400,0.645,296,0.6385135135135135
2000,8655,22,404,0.6881188118811881,200,0.715
2001,8655,22,402,0.6268656716417911,182,0.554945054945055
2002,8655,22,482,0.6721991701244814,268,0.6604477611940298
2003,8655,22,474,0.6624472573839663,192,0.7083333333333334
2004,8655,22,644,0.6459627329192547,320,0.6625
2005,8655,22,688,0.6191860465116279,282,0.6205673758865248
2006,8655,22,774,0.6201550387596899,338,0.6183431952662722
2007,8655,22,660,0.6318181818181818,178,0.6348314606741573
2008,8655,22,722,0.6454293628808865,326,0.6625766871165644
2009,8655,22,564,0.6471631205673759,170,0.6352941176470588
2010,8655,22,628,0.6544585987261147,290,0.6586206896551724
2011,8655,22,790,0.6468354430379747,406,0.6551724137931034
2012,8655,22,502,0.6553784860557769,104,0.7403846153846154
2013,8655,22,652,0.6088957055214724,298,0.5939597315436241
1990,8688,22,342,0.1111111111111111,0,
1991,8688,22,442,0.09502262443438914,212,0.08962264150943396
1992,8688,22,210,0.10952380952380952,20,0.25
1993,8688,22,156,0.09615384615384616,12,0.0
1994,8688,22,134,0.09701492537313433,6,0.0
1995,8688,22,242,0.12396694214876033,100,0.15
1996,8688,22,186,0.0967741935483871,10,0.0
1997,8688,22,150,0.09333333333333334,4,0.0
1998,8688,22,114,0.06140350877192982,8,0.0
1999,8688,22,400,0.08,296,0.08783783783783784
2000,8688,22,404,0.06435643564356436,200,0.06
2001,8688,22,402,0.05223880597014925,182,0.038461538461538464
2002,8688,22,482,0.07053941908713693,268,0.07835820895522388
2003,8688,22,474,0.05485232067510549,192,0.046875
2004,8688,22,644,0.04192546583850932,320,0.028125
2005,8688,22,688,0.05232558139534884,282,0.05319148936170213
2006,8688,22,774,0.056847545219638244,338,0.05621301775147929
2007,8688,22,660,0.06212121212121212,178,0.05056179775280899
2008,8688,22,724,0.04419889502762431,328,0.03048780487804878
2009,8688,22,564,0.06028368794326241,170,0.09411764705882353
2010,8688,22,628,0.052547770700636945,290,0.06206896551724138
2011,8688,22,790,0.05949367088607595,406,0.06157635467980296
2012,8688,22,502,0.0398406374501992,104,0.009615384615384616
2013,8688,22,652,0.05061349693251534,298,0.0436241610738255
1990,8800,23,342,0.8538011695906432,0,
1991,8800,23,442,0.834841628959276,212,0.8207547169811321
1992,8800,23,210,0.8809523809523809,20,1.0
1993,8800,23,156,0.8589743589743589,12,0.75
1994,8800,23,134,0.8283582089552238,6,0.6666666666666666
1995,8800,23,242,0.8760330578512396,100,0.91
1996,8800,23,186,0.8548387096774194,10,0.8
1997,8800,23,150,0.8466666666666667,4,1.0
1998,8800,23,114,0.8421052631578947,8,1.0
1999,8800,23,400,0.86,296,0.8716216216216216
2000,8800,23,404,0.8292079207920792,200,0.855
2001,8800,23,402,0.8159203980099502,182,0.8296703296703297
2002,8800,23,482,0.8215767634854771,268,0.7985074626865671
2003,8800,23,474,0.810126582278481,192,0.8125
2004,8800,23,644,0.8027950310559007,320,0.809375
2005,8800,23,688,0.8052325581395349,282,0.8085106382978723
2006,8800,23,774,0.8126614987080103,338,0.8165680473372781
2007,8800,23,660,0.8378787878787879,178,0.9157303370786517
2008,8800,23,724,0.81353591160221,328,0.823170731707317
2009,8800,23,564,0.8386524822695035,170,0.8647058823529412
2010,8800,23,628,0.8359872611464968,290,0.8379310344827586
2011,8800,23,790,0.8341772151898734,406,0.8423645320197044
2012,8800,23,502,0.8167330677290837,104,0.8269230769230769
2013,8800,23,652,0.8067484662576687,298,0.8120805369127517
1990,8816,23,318,0.7861635220125787,0,
1991,8816,23,422,0.7417061611374408,206,0.7281553398058253
1992,8816,23,206,0.7572815533980582,20,0.8
1993,8816,23,150,0.7933333333333333,10,1.0
1994,8816,23,130,0.8153846153846154,6,0.6666666666666666
1995,8816,23,236,0.7245762711864406,98,0.6428571428571429
1996,8816,23,178,0.7471910112359551,8,0.875
1997,8816,23,142,0.7605633802816901,4,0.75
1998,8816,23,108,0.7870370370370371,8,0.875
1999,8816,23,392,0.7831632653061225,294,0.782312925170068
2000,8816,23,392,0.7627551020408163,196,0.75
2001,8816,23,392,0.7372448979591837,180,0.6944444444444444
2002,8816,23,472,0.7860169491525424,264,0.7840909090909091
2003,8816,23,456,0.793859649122807,186,0.7795698924731183
2004,8816,23,626,0.8035143769968051,318,0.8176100628930818
2005,8816,23,668,0.8188622754491018,276,0.8297101449275363
2006,8816,23,748,0.8221925133689839,332,0.8253012048192772
2007,8816,23,634,0.8264984227129337,176,0.8409090909090909
2008,8816,23,692,0.8179190751445087,318,0.8176100628930818
2009,8816,23,534,0.7846441947565543,168,0.7142857142857143
2010,8816,23,582,0.788659793814433,278,0.7841726618705036
2011,8816,23,740,0.8013513513513514,396,0.7878787878787878
2012,8816,23,462,0.803030303030303,100,0.79
2013,8816,23,608,0.774671052631579,290,0.7724137931034483
1990,8838,23,342,0.39473684210526316,0,
1991,8838,23,442,0.40497737556561086,212,0.4056603773584906
1992,8838,23,210,0.4523809523809524,20,0.4
1993,8838,23,156,0.4358974358974359,12,0.3333333333333333
1994,8838,23,134,0.44776119402985076,6,0.5
1995,8838,23,242,0.40082644628099173,100,0.31
1996,8838,23,186,0.41397849462365593,10,0.6
1997,8838,23,150,0.4266666666666667,4,0.5
1998,8838,23,114,0.4473684210526316,8,0.75
1999,8838,23,400,0.4125,296,0.3885135135135135
2000,8838,23,404,0.44554455445544555,200,0.455
2001,8838,23,402,0.4427860696517413,182,0.42857142857142855
2002,8838,23,480,0.44583333333333336,266,0.42857142857142855
2003,8838,23,470,0.46382978723404256,190,0.5105263157894737
2004,8838,23,642,0.4501557632398754,320,0.484375
2005,8838,23,686,0.45481049562682213,282,0.46099290780141844
2006,8838,23,772,0.4533678756476684,338,0.4437869822485207
2007,8838,23,660,0.4772727272727273,178,0.5112359550561798
2008,8838,23,724,0.4198895027624309,328,0.3871951219512195
2009,8838,23,564,0.43439716312056736,170,0.45294117647058824
2010,8838,23,628,0.46178343949044587,290,0.47586206896551725
2011,8838,23,790,0.4518987341772152,406,0.4187192118226601
2012,8838,23,502,0.4601593625498008,104,0.46153846153846156
2013,8838,23,652,0.4432515337423313,298,0.39932885906040266
1990,8844,23,342,0.4649122807017544,0,
1991,8844,23,442,0.49321266968325794,212,0.49056603773584906
1992,8844,23,210,0.5523809523809524,20,0.65
1993,8844,23,156,0.5512820512820513,12,0.5833333333333334
1994,8844,23,134,0.5447761194029851,6,0.5
1995,8844,23,242,0.5743801652892562,100,0.6
1996,8844,23,186,0.5591397849462365,10,0.5
1997,8844,23,150,0.5333333333333333,4,0.5
1998,8844,23,114,0.5,8,0.375
1999,8844,23,400,0.5225,296,0.527027027027027
2000,8844,23,404,0.5,200,0.455
2001,8844,23,402,0.5373134328358209,182,0.510989010989011
2002,8844,23,482,0.5373443983402489,268,0.5485074626865671
2003,8844,23,472,0.5233050847457628,190,0.48947368421052634
2004,8844,23,644,0.562111801242236,320,0.578125
2005,8844,23,686,0.5583090379008746,280,0.5714285714285714
2006,8844,23,772,0.5595854922279793,338,0.5562130177514792
2007,8844,23,658,0.5592705167173252,178,0.5842696629213483
2008,8844,23,722,0.5844875346260388,328,0.573170731707317
2009,8844,23,562,0.6156583629893239,170,0.6470588235294118
2010,8844,23,626,0.6261980830670927,290,0.6517241379310345
2011,8844,23,788,0.5951776649746193,406,0.5812807881773399
2012,8844,23,500,0.62,104,0.6634615384615384
2013,8844,23,650,0.5846153846153846,298,0.5671140939597316
1990,8944,23,342,0.7105263157894737,0,
1991,8944,23,442,0.753393665158371,212,0.7688679245283019
1992,8944,23,210,0.7714285714285715,20,0.8
1993,8944,23,156,0.7692307692307693,12,0.75
1994,8944,23,134,0.7611940298507462,6,0.8333333333333334
1995,8944,23,242,0.7727272727272727,100,0.79
1996,8944,23,186,0.7849462365591398,10,0.8
1997,8944,23,150,0.74,4,0.75
1998,8944,23,114,0.7280701754385965,8,0.625
1999,8944,23,400,0.7525,296,0.7567567567567568
2000,8944,23,404,0.745049504950495,200,0.715
2001,8944,23,402,0.7313432835820896,182,0.6978021978021978
2002,8944,23,482,0.7697095435684648,268,0.7798507462686567
2003,8944,23,474,0.740506329113924,192,0.7447916666666666
2004,8944,23,644,0.7236024844720497,320,0.696875
2005,8944,23,688,0.7587209302325582,282,0.776595744680851
2006,8944,23,774,0.8062015503875969,338,0.8284023668639053
2007,8944,23,660,0.8045454545454546,178,0.7921348314606742
2008,8944,23,724,0.8107734806629834,328,0.801829268292683
2009,8944,23,564,0.7890070921985816,170,0.7470588235294118
2010,8944,23,628,0.8009554140127388,290,0.8137931034482758
2011,8944,23,790,0.789873417721519,406,0.7906403940886699
2012,8944,23,502,0.7669322709163346,104,0.7692307692307693
2013,8944,23,652,0.7791411042944786,298,0.7651006711409396
1990,8999,24,342,0.5818713450292398,0,
1991,8999,24,442,0.5475113122171946,212,0.5471698113207547
1992,8999,24,210,0.5952380952380952,20,0.6
1993,8999,24,156,0.5512820512820513,12,0.4166666666666667
1994,8999,24,134,0.5522388059701493,6,0.5
1995,8999,24,242,0.5495867768595041,100,0.61
1996,8999,24,186,0.5161290322580645,10,0.5
1997,8999,24,150,0.52,4,1.0
1998,8999,24,114,0.543859649122807,8,0.75
1999,8999,24,400,0.53,296,0.5236486486486487
2000,8999,24,404,0.5618811881188119,200,0.58
2001,8999,24,402,0.5522388059701493,182,0.5439560439560439
2002,8999,24,482,0.558091286307054,268,0.5671641791044776
2003,8999,24,474,0.540084388185654,192,0.4791666666666667
2004,8999,24,644,0.531055900621118,320,0.521875
2005,8999,24,688,0.5377906976744186,282,0.5354609929078015
2006,8999,24,774,0.5232558139534884,338,0.5118343195266272
2007,8999,24,660,0.5424242424242425,178,0.5674157303370787
2008,8999,24,724,0.5649171270718232,328,0.5792682926829268
2009,8999,24,564,0.5957446808510638,170,0.6294117647058823
2010,8999,24,628,0.5509554140127388,290,0.5724137931034483
2011,8999,24,790,0.5354430379746835,406,0.5197044334975369
2012,8999,24,502,0.5318725099601593,104,0.47115384615384615
2013,8999,24,652,0.5260736196319018,298,0.4966442953020134
1990,9076,24,342,0.5,0,
1991,9076,24,442,0.5497737556561086,212,0.5660377358490566
1992,9076,24,210,0.5571428571428572,20,0.55
1993,9076,24,156,0.5512820512820513,12,0.3333333333333333
1994,9076,24,134,0.5373134328358209,6,0.8333333333333334
1995,9076,24,242,0.5289256198347108,100,0.55
1996,9076,24,186,0.5053763440860215,10,0.3
1997,9076,24,150,0.5133333333333333,4,1.0
1998,9076,24,114,0.5,8,0.25
1999,9076,24,400,0.505,296,0.5101351351351351
2000,9076,24,404,0.4628712871287129,200,0.44
2001,9076,24,402,0.47761194029850745,182,0.46153846153846156
2002,9076,24,482,0.47717842323651455,268,0.5223880597014925
2003,9076,24,472,0.4427966101694915,190,0.4421052631578947
2004,9076,24,644,0.46273291925465837,320,0.465625
2005,9076,24,688,0.4578488372093023,282,0.4787234042553192
2006,9076,24,774,0.4444444444444444,338,0.4260355029585799
2007,9076,24,660,0.4393939393939394,178,0.43820224719101125
2008,9076,24,724,0.44060773480662985,328,0.4146341463414634
2009,9076,24,564,0.46808510638297873,170,0.4588235294117647
2010,9076,24,628,0.5031847133757962,290,0.5379310344827586
2011,9076,24,790,0.4860759493670886,406,0.46551724137931033
2012,9076,24,502,0.5,104,0.4807692307692308
2013,9076,24,652,0.4815950920245399,298,0.47651006711409394
1990,9135,24,342,0.8187134502923976,0,
1991,9135,24,442,0.8438914027149321,212,0.8584905660377359
1992,9135,24,210,0.8380952380952381,20,0.85
1993,9135,24,156,0.8205128205128205,12,0.6666666666666666
1994,9135,24,134,0.7761194029850746,6,0.6666666666666666
1995,9135,24,242,0.8099173553719008,100,0.88
1996,9135,24,186,0.8064516129032258,10,0.5
1997,9135,24,150,0.7866666666666666,4,0.75
1998,9135,24,114,0.8070175438596491,8,0.75
1999,9135,24,400,0.77,296,0.7635135135135135
2000,9135,24,404,0.7574257425742574,200,0.725
2001,9135,24,402,0.7313432835820896,182,0.7087912087912088
2002,9135,24,482,0.7344398340248963,268,0.7649253731343284
2003,9135,24,474,0.6772151898734177,192,0.6354166666666666
2004,9135,24,644,0.6956521739130435,320,0.7
2005,9135,24,688,0.6933139534883721,282,0.7163120567375887
2006,9135,24,774,0.6369509043927648,338,0.606508875739645
2007,9135,24,660,0.6484848484848484,178,0.6348314606741573
2008,9135,24,724,0.6657458563535912,328,0.6737804878048781
2009,9135,24,564,0.6613475177304965,170,0.6470588235294118
2010,9135,24,628,0.6863057324840764,290,0.696551724137931
2011,9135,24,790,0.6936708860759494,406,0.6945812807881774
2012,9135,24,502,0.7211155378486056,104,0.6634615384615384
2013,9135,24,652,0.6794478527607362,298,0.6476510067114094
1990,9139,24,342,0.17251461988304093,0,
1991,9139,24,442,0.17420814479638008,212,0.19339622641509435
1992,9139,24,210,0.14285714285714285,20,0.2
1993,9139,24,156,0.1282051282051282,12,0.16666666666666666
1994,9139,24,134,0.1417910447761194,6,0.0
1995,9139,24,242,0.13636363636363635,100,0.15
1996,9139,24,186,0.13978494623655913,10,0.2
1997,9139,24,150,0.13333333333333333,4,0.0
1998,9139,24,114,0.13157894736842105,8,0.25
1999,9139,24,400,0.1575,296,0.16216216216216217
2000,9139,24,404,0.15841584158415842,200,0.19
2001,9139,24,402,0.16169154228855723,182,0.15934065934065933
2002,9139,24,482,0.16597510373443983,268,0.1417910447761194
2003,9139,24,474,0.1940928270042194,192,0.22916666666666666
2004,9139,24,644,0.16925465838509315,320,0.159375
2005,9139,24,688,0.18023255813953487,282,0.1702127659574468
2006,9139,24,774,0.1744186046511628,338,0.1863905325443787
2007,9139,24,660,0.18333333333333332,178,0.21910112359550563
2008,9139,24,724,0.16022099447513813,328,0.14329268292682926
2009,9139,24,564,0.18617021276595744,170,0.21176470588235294
2010,9139,24,628,0.1592356687898089,290,0.15517241379310345
2011,9139,24,790,0.16455696202531644,406,0.17980295566502463
2012,9139,24,502,0.13147410358565736,104,0.125
2013,9139,24,652,0.1334355828220859,298,0.12751677852348994
1990,9165,24,342,0.12280701754385964,0,
1991,9165,24,442,0.1244343891402715,212,0.13679245283018868
1992,9165,24,210,0.09047619047619047,20,0.05
1993,9165,24,156,0.09615384615384616,12,0.16666666666666666
1994,9165,24,134,0.1044776119402985,6,0.0
1995,9165,24,242,0.13636363636363635,100,0.2
1996,9165,24,186,0.13978494623655913,10,0.2
1997,9165,24,150,0.12666666666666668,4,0.0
1998,9165,24,114,0.12280701754385964,8,0.125
1999,9165,24,400,0.13,296,0.13513513513513514
2000,9165,24,404,0.09900990099009901,200,0.075
2001,9165,24,402,0.13432835820895522,182,0.15934065934065933
2002,9165,24,482,0.12240663900414937,268,0.12686567164179105
2003,9165,24,474,0.11181434599156118,192,0.109375
2004,9165,24,644,0.10869565217391304,320,0.1125
2005,9165,24,688,0.10319767441860465,282,0.11702127659574468
2006,9165,24,774,0.09819121447028424,338,0.09763313609467456
2007,9165,24,660,0.10757575757575757,178,0.10674157303370786
2008,9165,24,724,0.0925414364640884,328,0.08536585365853659
2009,9165,24,564,0.09042553191489362,170,0.07647058823529412
2010,9165,24,628,0.11305732484076433,290,0.11379310344827587
2011,9165,24,790,0.1189873417721519,406,0.14285714285714285
2012,9165,24,502,0.11752988047808766,104,0.15384615384615385
2013,9165,24,652,0.12269938650306748,298,0.13087248322147652
1990,9216,24,342,0.6023391812865497,0,
1991,9216,24,442,0.6470588235294118,212,0.6698113207547169
1992,9216,24,210,0.6047619047619047,20,0.5
1993,9216,24,156,0.6089743589743589,12,0.3333333333333333
1994,9216,24,134,0.6044776119402985,6,0.5
1995,9216,24,242,0.5950413223140496,100,0.59
1996,9216,24,186,0.6236559139784946,10,0.8
1997,9216,24,150,0.6266666666666667,4,0.75
1998,9216,24,114,0.5789473684210527,8,0.375
1999,9216,24,400,0.565,296,0.5641891891891891
2000,9216,24,404,0.551980198019802,200,0.51
2001,9216,24,402,0.6019900497512438,182,0.6373626373626373
2002,9216,24,482,0.6016597510373444,268,0.6082089552238806
2003,9216,24,474,0.6054852320675106,192,0.6302083333333334
2004,9216,24,644,0.6133540372670807,320,0.621875
2005,9216,24,688,0.5988372093023255,282,0.5815602836879432
2006,9216,24,774,0.6330749354005168,338,0.6479289940828402
2007,9216,24,660,0.6166666666666667,178,0.6179775280898876
2008,9216,24,724,0.5994475138121547,328,0.5884146341463414
2009,9216,24,564,0.625886524822695,170,0.6647058823529411
2010,9216,24,628,0.6305732484076433,290,0.6241379310344828
2011,9216,24,788,0.6408629441624365,404,0.6534653465346535
2012,9216,24,502,0.6155378486055777,104,0.7115384615384616
2013,9216,24,652,0.6073619631901841,298,0.6208053691275168
1990,9222,24,342,0.10526315789473684,0,
1991,9222,24,442,0.12895927601809956,212,0.12735849056603774
1992,9222,24,210,0.1380952380952381,20,0.15
1993,9222,24,156,0.16025641025641027,12,0.08333333333333333
1994,9222,24,134,0.14925373134328357,6,0.16666666666666666
1995,9222,24,242,0.17355371900826447,100,0.21
1996,9222,24,186,0.13440860215053763,10,0.0
1997,9222,24,150,0.15333333333333332,4,0.25
1998,9222,24,114,0.15789473684210525,8,0.0
1999,9222,24,400,0.1325,296,0.12837837837837837
2000,9222,24,404,0.09653465346534654,200,0.085
2001,9222,24,402,0.10945273631840796,182,0.12637362637362637
2002,9222,24,482,0.07468879668049792,268,0.06343283582089553
2003,9222,24,474,0.09071729957805907,192,0.10416666666666667
2004,9222,24,644,0.10869565217391304,320,0.121875
2005,9222,24,688,0.09302325581395349,282,0.07801418439716312
2006,9222,24,774,0.11369509043927649,338,0.13313609467455623
2007,9222,24,660,0.1303030303030303,178,0.17415730337078653
2008,9222,24,724,0.11187845303867404,328,0.10060975609756098
2009,9222,24,564,0.1453900709219858,170,0.18823529411764706
2010,9222,24,628,0.10668789808917198,290,0.07931034482758621
2011,9222,24,790,0.11518987341772152,406,0.12807881773399016
2012,9222,24,502,0.11952191235059761,104,0.16346153846153846
2013,9222,24,652,0.1165644171779141,298,0.11409395973154363
1990,9263,24,342,0.38596491228070173,0,
1991,9263,24,438,0.3858447488584475,208,0.39903846153846156
1992,9263,24,208,0.40384615384615385,20,0.35
1993,9263,24,154,0.38311688311688313,12,0.3333333333333333
1994,9263,24,132,0.3787878787878788,6,0.3333333333333333
1995,9263,24,242,0.3760330578512397,100,0.37
1996,9263,24,186,0.3817204301075269,10,0.2
1997,9263,24,150,0.4,4,0.5
1998,9263,24,114,0.42105263157894735,8,0.625
1999,9263,24,400,0.3675,296,0.35135135135135137
2000,9263,24,402,0.3805970149253731,198,0.3888888888888889
2001,9263,24,402,0.3656716417910448,182,0.37362637362637363
2002,9263,24,480,0.40625,266,0.4473684210526316
2003,9263,24,470,0.3893617021276596,190,0.38421052631578945
2004,9263,24,638,0.3981191222570533,318,0.39308176100628933
2005,9263,24,684,0.39473684210526316,280,0.3892857142857143
2006,9263,24,774,0.39664082687338503,338,0.3994082840236686
2007,9263,24,660,0.39090909090909093,178,0.37640449438202245
2008,9263,24,722,0.40443213296398894,326,0.39570552147239263
2009,9263,24,560,0.42857142857142855,168,0.4226190476190476
2010,9263,24,618,0.4255663430420712,282,0.43617021276595747
2011,9263,24,776,0.39819587628865977,396,0.3787878787878788
2012,9263,24,496,0.4153225806451613,104,0.47115384615384615
2013,9263,24,648,0.4166666666666667,298,0.4395973154362416
1990,9291,25,342,0.6491228070175439,0,
1991,9291,25,442,0.6380090497737556,212,0.6179245283018868
1992,9291,25,210,0.6,20,0.65
1993,9291,25,156,0.6217948717948718,12,0.8333333333333334
1994,9291,25,134,0.6268656716417911,6,0.5
1995,9291,25,242,0.6198347107438017,100,0.62
1996,9291,25,186,0.6397849462365591,10,0.8
1997,9291,25,150,0.64,4,0.75
1998,9291,25,114,0.6578947368421053,8,0.75
1999,9291,25,400,0.6675,296,0.6655405405405406
2000,9291,25,404,0.6534653465346535,200,0.615
2001,9291,25,402,0.6691542288557214,182,0.6373626373626373
2002,9291,25,482,0.6244813278008299,268,0.6119402985074627
2003,9291,25,474,0.6455696202531646,192,0.6666666666666666
2004,9291,25,644,0.656832298136646,320,0.66875
2005,9291,25,688,0.6424418604651163,282,0.6595744680851063
2006,9291,25,774,0.6679586563307494,338,0.6893491124260355
2007,9291,25,660,0.6545454545454545,178,0.6460674157303371
2008,9291,25,724,0.6712707182320442,328,0.676829268292683
2009,9291,25,562,0.6957295373665481,168,0.6964285714285714
2010,9291,25,628,0.6990445859872612,290,0.7034482758620689
2011,9291,25,790,0.689873417721519,406,0.6773399014778325
2012,9291,25,502,0.701195219123506,104,0.6442307692307693
2013,9291,25,652,0.6978527607361963,298,0.714765100671141
1990,9296,25,338,0.7514792899408284,0,
1991,9296,25,434,0.7603686635944701,206,0.7621359223300971
1992,9296,25,206,0.7572815533980582,20,0.55
1993,9296,25,154,0.7402597402597403,12,0.8333333333333334
1994,9296,25,134,0.746268656716418,6,0.8333333333333334
1995,9296,25,242,0.7272727272727273,100,0.72
1996,9296,25,186,0.7365591397849462,10,0.7
1997,9296,25,150,0.7333333333333333,4,0.5
1998,9296,25,114,0.7368421052631579,8,0.875
1999,9296,25,398,0.7512562814070352,294,0.7551020408163265
2000,9296,25,402,0.7313432835820896,200,0.68
2001,9296,25,400,0.7025,182,0.6538461538461539
2002,9296,25,474,0.7046413502109705,264,0.6931818181818182
2003,9296,25,468,0.7286324786324786,192,0.7083333333333334
2004,9296,25,636,0.7437106918238994,318,0.7421383647798742
2005,9296,25,682,0.7580645161290323,282,0.7624113475177305
2006,9296,25,768,0.7721354166666666,338,0.7781065088757396
2007,9296,25,656,0.788109756097561,178,0.7921348314606742
2008,9296,25,720,0.7944444444444444,328,0.7987804878048781
2009,9296,25,558,0.7849462365591398,168,0.7440476190476191
2010,9296,25,622,0.7813504823151125,288,0.7881944444444444
2011,9296,25,784,0.7653061224489796,404,0.7623762376237624
2012,9296,25,502,0.7370517928286853,104,0.7788461538461539
2013,9296,25,644,0.7391304347826086,290,0.7517241379310344
1990,9299,25,342,0.6812865497076024,0,
1991,9299,25,442,0.669683257918552,212,0.6933962264150944
1992,9299,25,210,0.6333333333333333,20,0.6
1993,9299,25,156,0.6474358974358975,12,0.75
1994,9299,25,134,0.6716417910447762,6,0.5
1995,9299,25,242,0.5950413223140496,100,0.53
1996,9299,25,186,0.6397849462365591,10,1.0
1997,9299,25,150,0.6333333333333333,4,0.5
1998,9299,25,114,0.6842105263157895,8,0.75
1999,9299,25,400,0.71,296,0.7128378378378378
2000,9299,25,404,0.7178217821782178,200,0.71
2001,9299,25,402,0.7512437810945274,182,0.7527472527472527
2002,9299,25,482,0.7634854771784232,268,0.7835820895522388
2003,9299,25,474,0.7742616033755274,192,0.8020833333333334
2004,9299,25,644,0.7763975155279503,320,0.784375
2005,9299,25,688,0.7703488372093024,282,0.7624113475177305
2006,9299,25,774,0.7816537467700259,338,0.8047337278106509
2007,9299,25,660,0.7954545454545454,178,0.7808988764044944
2008,9299,25,724,0.7790055248618785,328,0.7530487804878049
2009,9299,25,564,0.8067375886524822,170,0.788235294117647
2010,9299,25,628,0.804140127388535,290,0.8137931034482758
2011,9299,25,790,0.7886075949367088,406,0.7684729064039408
2012,9299,25,502,0.7848605577689243,104,0.7788461538461539
2013,9299,25,652,0.7868098159509203,298,0.7919463087248322
1990,9305,25,342,0.41228070175438597,0,
1991,9305,25,442,0.36877828054298645,212,0.37264150943396224
1992,9305,25,210,0.38095238095238093,20,0.15
1993,9305,25,156,0.4166666666666667,12,0.5833333333333334
1994,9305,25,134,0.4701492537313433,6,0.5
1995,9305,25,242,0.45867768595041325,100,0.44
1996,9305,25,186,0.5053763440860215,10,0.8
1997,9305,25,150,0.5066666666666667,4,0.25
1998,9305,25,114,0.5,8,0.75
1999,9305,25,400,0.495,296,0.48986486486486486
2000,9305,25,404,0.5173267326732673,200,0.5
2001,9305,25,402,0.5323383084577115,182,0.4945054945054945
2002,9305,25,482,0.5477178423236515,268,0.5522388059701493
2003,9305,25,474,0.5464135021097046,192,0.5052083333333334
2004,9305,25,644,0.5341614906832298,320,0.525
2005,9305,25,688,0.5508720930232558,282,0.5709219858156028
2006,9305,25,774,0.5335917312661499,338,0.5207100591715976
2007,9305,25,660,0.5378787878787878,178,0.5337078651685393
2008,9305,25,724,0.5331491712707183,328,0.5335365853658537
2009,9305,25,564,0.5035460992907801,170,0.4823529411764706
2010,9305,25,628,0.5031847133757962,290,0.503448275862069
2011,9305,25,790,0.48860759493670886,406,0.4975369458128079
2012,9305,25,502,0.4960159362549801,104,0.5
2013,9305,25,652,0.4601226993865031,298,0.436241610738255
1990,9345,26,342,0.6812865497076024,0,
1991,9345,26,442,0.6719457013574661,212,0.6698113207547169
1992,9345,26,210,0.6666666666666666,20,0.85
1993,9345,26,156,0.6987179487179487,12,0.8333333333333334
1994,9345,26,134,0.7089552238805971,6,0.6666666666666666
1995,9345,26,242,0.628099173553719,100,0.63
1996,9345,26,186,0.6451612903225806,10,0.9
1997,9345,26,150,0.6666666666666666,4,0.75
1998,9345,26,114,0.6842105263157895,8,0.625
1999,9345,26,400,0.6575,296,0.6486486486486487
2000,9345,26,404,0.6262376237623762,200,0.59
2001,9345,26,402,0.6567164179104478,182,0.6483516483516484
2002,9345,26,480,0.6729166666666667,266,0.6766917293233082
2003,9345,26,474,0.6814345991561181,192,0.703125
2004,9345,26,644,0.6692546583850931,320,0.66875
2005,9345,26,688,0.6656976744186046,282,0.6666666666666666
2006,9345,26,774,0.648578811369509,338,0.6479289940828402
2007,9345,26,660,0.6333333333333333,178,0.6123595505617978
2008,9345,26,724,0.6091160220994475,328,0.5975609756097561
2009,9345,26,564,0.6063829787234043,170,0.6058823529411764
2010,9345,26,628,0.6003184713375797,290,0.5586206896551724
2011,9345,26,790,0.6215189873417721,406,0.6182266009852216
2012,9345,26,502,0.6314741035856574,104,0.5961538461538461
2013,9345,26,652,0.6134969325153374,298,0.5906040268456376
1990,9458,27,342,0.21637426900584794,0,
1991,9458,27,442,0.20135746606334842,212,0.19339622641509435
1992,9458,27,210,0.1619047619047619,20,0.2
1993,9458,27,156,0.1858974358974359,12,0.08333333333333333
1994,9458,27,134,0.20149253731343283,6,0.3333333333333333
1995,9458,27,242,0.23140495867768596,100,0.28
1996,9458,27,186,0.21505376344086022,10,0.2
1997,9458,27,150,0.21333333333333335,4,0.0
1998,9458,27,114,0.23684210526315788,8,0.375
1999,9458,27,400,0.2475,296,0.2533783783783784
2000,9458,27,404,0.2722772277227723,200,0.28
2001,9458,27,402,0.24875621890547264,182,0.22527472527472528
2002,9458,27,482,0.2551867219917012,268,0.2537313432835821
2003,9458,27,474,0.25738396624472576,192,0.23958333333333334
2004,9458,27,644,0.2468944099378882,320,0.225
2005,9458,27,688,0.23837209302325582,282,0.23049645390070922
2006,9458,27,774,0.23126614987080105,338,0.23076923076923078
2007,9458,27,660,0.21818181818181817,178,0.21348314606741572
2008,9458,27,724,0.22099447513812154,328,0.21951219512195122
2009,9458,27,564,0.22695035460992907,170,0.22941176470588234
2010,9458,27,628,0.21178343949044587,290,0.20344827586206896
2011,9458,27,790,0.23670886075949368,406,0.23645320197044334
2012,9458,27,502,0.2250996015936255,104,0.19230769230769232
2013,9458,27,652,0.27300613496932513,298,0.2986577181208054
1990,9559,27,342,0.5877192982456141,0,
1991,9559,27,442,0.581447963800905,212,0.589622641509434
1992,9559,27,210,0.6047619047619047,20,0.55
1993,9559,27,156,0.6282051282051282,12,0.9166666666666666
1994,9559,27,134,0.5970149253731343,6,0.5
1995,9559,27,242,0.47107438016528924,100,0.32
1996,9559,27,186,0.5,10,0.8
1997,9559,27,150,0.5333333333333333,4,0.5
1998,9559,27,114,0.5350877192982456,8,0.5
1999,9559,27,400,0.5425,296,0.5371621621621622
2000,9559,27,404,0.6014851485148515,200,0.615
2001,9559,27,402,0.5671641791044776,182,0.5384615384615384
2002,9559,27,482,0.6099585062240664,268,0.6268656716417911
2003,9559,27,474,0.5675105485232067,192,0.5625
2004,9559,27,644,0.5605590062111802,320,0.596875
2005,9559,27,688,0.5726744186046512,282,0.5851063829787234
2006,9559,27,774,0.5607235142118863,338,0.5621301775147929
2007,9559,27,660,0.5681818181818182,178,0.6179775280898876
2008,9559,27,724,0.5524861878453039,328,0.5396341463414634
2009,9559,27,564,0.5673758865248227,170,0.5941176470588235
2010,9559,27,628,0.5636942675159236,290,0.5758620689655173
2011,9559,27,790,0.5594936708860759,406,0.5566502463054187
2012,9559,27,502,0.5776892430278885,104,0.6153846153846154
2013,9559,27,652,0.5659509202453987,298,0.5503355704697986
1990,9562,27,342,0.4853801169590643,0,
1991,9562,27,442,0.4751131221719457,212,0.4858490566037736
1992,9562,27,210,0.46190476190476193,20,0.55
1993,9562,27,156,0.4423076923076923,12,0.25
1994,9562,27,134,0.4626865671641791,6,0.6666666666666666
1995,9562,27,242,0.5247933884297521,100,0.61
1996,9562,27,186,0.4838709677419355,10,0.4
1997,9562,27,150,0.44666666666666666,4,1.0
1998,9562,27,114,0.47368421052631576,8,0.625
1999,9562,27,400,0.5225,296,0.5371621621621622
2000,9562,27,404,0.504950495049505,200,0.535
2001,9562,27,402,0.4527363184079602,182,0.489010989010989
2002,9562,27,482,0.4336099585062241,268,0.4253731343283582
2003,9562,27,474,0.4282700421940928,192,0.4322916666666667
2004,9562,27,644,0.4658385093167702,320,0.496875
2005,9562,27,688,0.44040697674418605,282,0.4326241134751773
2006,9562,27,774,0.4418604651162791,338,0.4467455621301775
2007,9562,27,660,0.44696969696969696,178,0.398876404494382
2008,9562,27,724,0.4903314917127072,328,0.5
2009,9562,27,564,0.5035460992907801,170,0.4823529411764706
2010,9562,27,628,0.5079617834394905,290,0.5
2011,9562,27,790,0.5316455696202531,406,0.5615763546798029
2012,9562,27,502,0.5657370517928287,104,0.5769230769230769
2013,9562,27,652,0.5705521472392638,298,0.5771812080536913
1990,9575,27,292,0.886986301369863,0,
1991,9575,27,378,0.9153439153439153,184,0.9130434782608695
1992,9575,27,178,0.898876404494382,16,0.875
1993,9575,27,130,0.9230769230769231,12,0.9166666666666666
1994,9575,27,112,0.9375,6,1.0
1995,9575,27,226,0.9601769911504425,98,0.9897959183673469
1996,9575,27,170,0.9352941176470588,10,0.7
1997,9575,27,138,0.9130434782608695,4,0.75
1998,9575,27,108,0.8981481481481481,6,1.0
1999,9575,27,380,0.9157894736842105,282,0.925531914893617
2000,9575,27,386,0.8860103626943006,196,0.8775510204081632
2001,9575,27,398,0.907035175879397,182,0.9285714285714286
2002,9575,27,464,0.9051724137931034,256,0.91015625
2003,9575,27,458,0.9235807860262009,192,0.9270833333333334
2004,9575,27,626,0.9408945686900958,318,0.9559748427672956
2005,9575,27,660,0.9348484848484848,274,0.9343065693430657
2006,9575,27,744,0.9341397849462365,334,0.9401197604790419
2007,9575,27,634,0.9290220820189274,178,0.9269662921348315
2008,9575,27,704,0.9332386363636364,328,0.9420731707317073
2009,9575,27,542,0.933579335793358,168,0.9464285714285714
2010,9575,27,606,0.929042904290429,286,0.9335664335664335
2011,9575,27,760,0.9171052631578948,394,0.916243654822335
2012,9575,27,474,0.919831223628692,104,0.9230769230769231
2013,9575,27,612,0.9248366013071896,280,0.9428571428571428
1990,9592,27,342,0.17543859649122806,0,
1991,9592,27,442,0.1515837104072398,212,0.13679245283018868
1992,9592,27,210,0.19047619047619047,20,0.2
1993,9592,27,156,0.1794871794871795,12,0.0
1994,9592,27,134,0.17164179104477612,6,0.0
1995,9592,27,242,0.11570247933884298,100,0.13
1996,9592,27,186,0.10752688172043011,10,0.2
1997,9592,27,150,0.12,4,0.25
1998,9592,27,114,0.10526315789473684,8,0.0
1999,9592,27,400,0.1125,296,0.11148648648648649
2000,9592,27,404,0.10643564356435643,200,0.12
2001,9592,27,402,0.10696517412935323,182,0.11538461538461539
2002,9592,27,482,0.0912863070539419,268,0.10820895522388059
2003,9592,27,474,0.07805907172995781,192,0.09895833333333333
2004,9592,27,644,0.07453416149068323,320,0.075
2005,9592,27,688,0.07703488372093023,282,0.0851063829787234
2006,9592,27,774,0.07235142118863049,338,0.06804733727810651
2007,9592,27,660,0.06515151515151515,178,0.06741573033707865
2008,9592,27,724,0.0787292817679558,328,0.09146341463414634
2009,9592,27,564,0.0726950354609929,170,0.08235294117647059
2010,9592,27,628,0.08280254777070063,290,0.0896551724137931
2011,9592,27,790,0.07848101265822785,406,0.08620689655172414
2012,9592,27,502,0.09362549800796813,104,0.09615384615384616
2013,9592,27,652,0.08282208588957055,298,0.06040268456375839
1990,9609,28,340,0.22647058823529412,0,
1991,9609,28,438,0.2625570776255708,210,0.2619047619047619
1992,9609,28,206,0.22330097087378642,20,0.35
1993,9609,28,152,0.23026315789473684,12,0.25
1994,9609,28,130,0.26153846153846155,6,0.5
1995,9609,28,240,0.31666666666666665,100,0.3
1996,9609,28,184,0.358695652173913,10,0.2
1997,9609,28,148,0.33783783783783783,4,0.0
1998,9609,28,114,0.35964912280701755,8,0.375
1999,9609,28,400,0.3375,296,0.3310810810810811
2000,9609,28,404,0.3292079207920792,200,0.35
2001,9609,28,400,0.3275,180,0.3333333333333333
2002,9609,28,482,0.3278008298755187,268,0.30223880597014924
2003,9609,28,472,0.375,190,0.4421052631578947
2004,9609,28,644,0.37888198757763975,320,0.396875
2005,9609,28,688,0.3648255813953488,282,0.35815602836879434
2006,9609,28,774,0.36175710594315247,338,0.35502958579881655
2007,9609,28,660,0.353030303030303,178,0.3258426966292135
2008,9609,28,724,0.3328729281767956,328,0.3445121951219512
2009,9609,28,562,0.3309608540925267,168,0.38095238095238093
2010,9609,28,622,0.3327974276527331,284,0.3345070422535211
2011,9609,28,782,0.31841432225063937,398,0.31909547738693467
2012,9609,28,500,0.316,104,0.36538461538461536
2013,9609,28,648,0.3256172839506173,298,0.33557046979865773
1990,9638,28,342,0.17251461988304093,0,
1991,9638,28,442,0.15384615384615385,212,0.1509433962264151
1992,9638,28,210,0.12857142857142856,20,0.1
1993,9638,28,156,0.12179487179487179,12,0.08333333333333333
1994,9638,28,134,0.11940298507462686,6,0.16666666666666666
1995,9638,28,242,0.15702479338842976,100,0.16
1996,9638,28,186,0.15053763440860216,10,0.2
1997,9638,28,150,0.18,4,0.25
1998,9638,28,114,0.21929824561403508,8,0.25
1999,9638,28,400,0.2075,296,0.20608108108108109
2000,9638,28,404,0.19554455445544555,200,0.145
2001,9638,28,402,0.19402985074626866,182,0.1813186813186813
2002,9638,28,482,0.22614107883817428,268,0.22388059701492538
2003,9638,28,474,0.21940928270042195,192,0.24479166666666666
2004,9638,28,644,0.19875776397515527,320,0.178125
2005,9638,28,688,0.2063953488372093,282,0.23404255319148937
2006,9638,28,774,0.2041343669250646,338,0.21301775147928995
2007,9638,28,660,0.22272727272727272,178,0.2640449438202247
2008,9638,28,724,0.22375690607734808,328,0.2621951219512195
2009,9638,28,564,0.19858156028368795,170,0.21176470588235294
2010,9638,28,628,0.19745222929936307,290,0.1793103448275862
2011,9638,28,790,0.1911392405063291,406,0.2044334975369458
2012,9638,28,502,0.1752988047808765,104,0.14423076923076922
2013,9638,28,652,0.15644171779141106,298,0.1610738255033557
1990,9654,28,342,0.14912280701754385,0,
1991,9654,28,442,0.1583710407239819,212,0.17452830188679244
1992,9654,28,210,0.15714285714285714,20,0.1
1993,9654,28,156,0.1346153846153846,12,0.08333333333333333
1994,9654,28,134,0.12686567164179105,6,0.16666666666666666
1995,9654,28,242,0.16942148760330578,100,0.17
1996,9654,28,186,0.14516129032258066,10,0.1
1997,9654,28,150,0.14,4,0.0
1998,9654,28,114,0.07894736842105263,8,0.0
1999,9654,28,400,0.1675,296,0.19932432432432431
2000,9654,28,404,0.12623762376237624,200,0.16
2001,9654,28,402,0.14925373134328357,182,0.1813186813186813
2002,9654,28,482,0.13900414937759337,268,0.1455223880597015
2003,9654,28,474,0.12236286919831224,192,0.109375
2004,9654,28,644,0.14130434782608695,320,0.140625
2005,9654,28,688,0.14534883720930233,282,0.13829787234042554
2006,9654,28,774,0.14857881136950904,338,0.14201183431952663
2007,9654,28,660,0.14545454545454545,178,0.1404494382022472
2008,9654,28,724,0.13950276243093923,328,0.11585365853658537
2009,9654,28,564,0.15070921985815602,170,0.1411764705882353
2010,9654,28,628,0.1449044585987261,290,0.15172413793103448
2011,9654,28,790,0.1468354430379747,406,0.14285714285714285
2012,9654,28,502,0.1693227091633466,104,0.21153846153846154
2013,9654,28,652,0.17791411042944785,298,0.19463087248322147
1990,9676,28,334,0.19760479041916168,0,
1991,9676,28,438,0.22146118721461186,212,0.22641509433962265
1992,9676,28,206,0.21359223300970873,18,0.2777777777777778
1993,9676,28,150,0.21333333333333335,8,0.25
1994,9676,28,130,0.2076923076923077,6,0.16666666666666666
1995,9676,28,238,0.226890756302521,100,0.23
1996,9676,28,182,0.2087912087912088,10,0.1
1997,9676,28,146,0.1917808219178082,4,0.5
1998,9676,28,110,0.2818181818181818,8,0.5
1999,9676,28,388,0.23711340206185566,288,0.22569444444444445
2000,9676,28,384,0.25,190,0.2631578947368421
2001,9676,28,384,0.23697916666666666,178,0.21910112359550563
2002,9676,28,450,0.22,252,0.21428571428571427
2003,9676,28,454,0.22687224669603523,186,0.23118279569892472
2004,9676,28,614,0.21172638436482086,304,0.19736842105263158
2005,9676,28,666,0.1996996996996997,282,0.20212765957446807
2006,9676,28,748,0.1751336898395722,326,0.17484662576687116
2007,9676,28,634,0.19873817034700317,172,0.22093023255813954
2008,9676,28,698,0.17478510028653296,318,0.16352201257861634
2009,9676,28,538,0.18773234200743494,164,0.17682926829268292
2010,9676,28,602,0.17275747508305647,282,0.14893617021276595
2011,9676,28,772,0.18523316062176165,400,0.195
2012,9676,28,490,0.18775510204081633,104,0.18269230769230768
2013,9676,28,636,0.16823899371069181,296,0.15202702702702703
1990,9695,28,342,0.7339181286549707,0,
1991,9695,28,442,0.7398190045248869,212,0.75
1992,9695,28,210,0.7619047619047619,20,0.65
1993,9695,28,156,0.7628205128205128,12,0.8333333333333334
1994,9695,28,134,0.7611940298507462,6,0.8333333333333334
1995,9695,28,242,0.7933884297520661,100,0.81
1996,9695,28,186,0.7741935483870968,10,0.6
1997,9695,28,150,0.7733333333333333,4,0.75
1998,9695,28,114,0.7368421052631579,8,0.625
1999,9695,28,400,0.76,296,0.7635135135135135
2000,9695,28,404,0.7301980198019802,200,0.69
2001,9695,28,402,0.7437810945273632,182,0.7417582417582418
2002,9695,28,482,0.7531120331950207,268,0.7649253731343284
2003,9695,28,474,0.7426160337552743,192,0.734375
2004,9695,28,644,0.7329192546583851,320,0.7125
2005,9695,28,688,0.751453488372093,282,0.74822695035461
2006,9695,28,774,0.7428940568475452,338,0.772189349112426
2007,9695,28,660,0.7136363636363636,178,0.6797752808988764
2008,9695,28,724,0.6878453038674033,328,0.6646341463414634
2009,9695,28,564,0.7127659574468085,170,0.711764705882353
2010,9695,28,628,0.7213375796178344,290,0.7241379310344828
2011,9695,28,790,0.7367088607594937,406,0.7463054187192119
2012,9695,28,502,0.7211155378486056,104,0.7307692307692307
2013,9695,28,652,0.7116564417177914,298,0.7046979865771812
1990,9729,28,340,0.4823529411764706,0,
1991,9729,28,440,0.4636363636363636,212,0.4669811320754717
1992,9729,28,210,0.47619047619047616,20,0.65
1993,9729,28,156,0.44871794871794873,12,0.25
1994,9729,28,134,0.43283582089552236,6,0.3333333333333333
1995,9729,28,242,0.4669421487603306,100,0.53
1996,9729,28,186,0.41935483870967744,10,0.3
1997,9729,28,150,0.4,4,0.75
1998,9729,28,114,0.40350877192982454,8,0.375
1999,9729,28,400,0.395,296,0.39864864864864863
2000,9729,28,404,0.349009900990099,200,0.37
2001,9729,28,402,0.3880597014925373,182,0.46153846153846156
2002,9729,28,482,0.38589211618257263,268,0.40671641791044777
2003,9729,28,472,0.3516949152542373,190,0.3473684210526316
2004,9729,28,644,0.36335403726708076,320,0.36875
2005,9729,28,688,0.3561046511627907,282,0.33687943262411346
2006,9729,28,774,0.35658914728682173,338,0.3727810650887574
2007,9729,28,660,0.3409090909090909,178,0.3651685393258427
2008,9729,28,724,0.3453038674033149,328,0.3353658536585366
2009,9729,28,564,0.34574468085106386,170,0.3352941176470588
2010,9729,28,628,0.34394904458598724,290,0.32413793103448274
2011,9729,28,790,0.3367088607594937,406,0.3399014778325123
2012,9729,28,502,0.34462151394422313,104,0.33653846153846156
2013,9729,28,652,0.3374233128834356,298,0.3624161073825503
1990,9775,28,342,0.8391812865497076,0,
1991,9775,28,442,0.8076923076923077,212,0.7877358490566038
1992,9775,28,210,0.8476190476190476,20,0.9
1993,9775,28,156,0.8589743589743589,12,0.8333333333333334
1994,9775,28,134,0.8731343283582089,6,1.0
1995,9775,28,242,0.8801652892561983,100,0.91
1996,9775,28,186,0.8548387096774194,10,0.8
1997,9775,28,150,0.8533333333333334,4,0.75
1998,9775,28,114,0.8596491228070176,8,1.0
1999,9775,28,400,0.85,296,0.847972972972973
2000,9775,28,404,0.8886138613861386,200,0.915
2001,9775,28,402,0.845771144278607,182,0.8076923076923077
2002,9775,28,482,0.8734439834024896,268,0.8694029850746269
2003,9775,28,474,0.8860759493670886,192,0.9114583333333334
2004,9775,28,644,0.8478260869565217,320,0.84375
2005,9775,28,688,0.8430232558139535,282,0.8120567375886525
2006,9775,28,774,0.8410852713178295,338,0.8165680473372781
2007,9775,28,660,0.8590909090909091,178,0.848314606741573
2008,9775,28,724,0.8687845303867403,328,0.8719512195121951
2009,9775,28,564,0.8794326241134752,170,0.9117647058823529
2010,9775,28,628,0.893312101910828,290,0.896551724137931
2011,9775,28,790,0.9063291139240506,406,0.9088669950738916
2012,9775,28,502,0.898406374501992,104,0.9038461538461539
2013,9775,28,652,0.9079754601226994,298,0.9328859060402684
1990,9944,1A,342,0.1023391812865497,0,
1991,9944,1A,442,0.07692307692307693,212,0.08490566037735849
1992,9944,1A,210,0.0761904761904762,20,0.05
1993,9944,1A,156,0.08333333333333333,12,0.08333333333333333
1994,9944,1A,134,0.08955223880597014,6,0.3333333333333333
1995,9944,1A,242,0.08677685950413223,100,0.11
1996,9944,1A,186,0.06989247311827956,10,0.1
1997,9944,1A,150,0.06666666666666667,4,0.0
1998,9944,1A,114,0.07894736842105263,8,0.0
1999,9944,1A,400,0.095,296,0.09797297297297297
2000,9944,1A,404,0.06435643564356436,200,0.055
2001,9944,1A,402,0.06716417910447761,182,0.06593406593406594
2002,9944,1A,482,0.043568464730290454,268,0.033582089552238806
2003,9944,1A,474,0.04430379746835443,192,0.03125
2004,9944,1A,644,0.06677018633540373,320,0.075
2005,9944,1A,688,0.08284883720930232,282,0.09219858156028368
2006,9944,1A,774,0.07622739018087855,338,0.0650887573964497
2007,9944,1A,660,0.07272727272727272,178,0.07303370786516854
2008,9944,1A,724,0.05662983425414365,328,0.06097560975609756
2009,9944,1A,564,0.03546099290780142,170,0.0058823529411764705
2010,9944,1A,628,0.03503184713375796,290,0.027586206896551724
2011,9944,1A,790,0.05443037974683544,406,0.059113300492610835
2012,9944,1A,502,0.0398406374501992,104,0.009615384615384616
2013,9944,1A,652,0.0352760736196319,298,0.026845637583892617
1990,9992,1A,338,0.7810650887573964,0,
1991,9992,1A,430,0.7930232558139535,202,0.7772277227722773
1992,9992,1A,208,0.8221153846153846,20,1.0
1993,9992,1A,154,0.8376623376623377,12,0.8333333333333334
1994,9992,1A,132,0.8257575757575758,6,0.6666666666666666
1995,9992,1A,242,0.8305785123966942,100,0.84
1996,9992,1A,186,0.8064516129032258,10,0.7
1997,9992,1A,150,0.7933333333333333,4,1.0
1998,9992,1A,114,0.7543859649122807,8,0.75
1999,9992,1A,400,0.765,296,0.7736486486486487
2000,9992,1A,404,0.7797029702970297,200,0.82
2001,9992,1A,402,0.7487562189054726,182,0.7527472527472527
2002,9992,1A,480,0.7770833333333333,266,0.7706766917293233
2003,9992,1A,472,0.788135593220339,192,0.8489583333333334
2004,9992,1A,642,0.764797507788162,320,0.753125
2005,9992,1A,682,0.750733137829912,278,0.737410071942446
2006,9992,1A,766,0.7637075718015666,336,0.7589285714285714
2007,9992,1A,660,0.7287878787878788,178,0.651685393258427
2008,9992,1A,724,0.7472375690607734,328,0.7317073170731707
2009,9992,1A,564,0.7393617021276596,170,0.7294117647058823
2010,9992,1A,628,0.7627388535031847,290,0.7724137931034483
2011,9992,1A,788,0.7703045685279187,404,0.7623762376237624
2012,9992,1A,498,0.7951807228915663,104,0.8557692307692307
2013,9992,1A,650,0.8076923076923077,298,0.8221476510067114
1990,10070,1A,342,0.8333333333333334,0,
1991,10070,1A,442,0.8484162895927602,212,0.8349056603773585
1992,10070,1A,210,0.8333333333333334,20,0.95
1993,10070,1A,156,0.8397435897435898,12,0.6666666666666666
1994,10070,1A,134,0.8432835820895522,6,0.8333333333333334
1995,10070,1A,240,0.8375,100,0.82
1996,10070,1A,184,0.8260869565217391,10,0.8
1997,10070,1A,150,0.82,4,1.0
1998,10070,1A,114,0.7982456140350878,8,0.875
1999,10070,1A,398,0.8140703517587939,294,0.8231292517006803
2000,10070,1A,404,0.844059405940594,200,0.845
2001,10070,1A,402,0.8532338308457711,182,0.8681318681318682
2002,10070,1A,478,0.8577405857740585,264,0.8598484848484849
2003,10070,1A,474,0.8628691983122363,192,0.8854166666666666
2004,10070,1A,640,0.859375,316,0.8639240506329114
2005,10070,1A,682,0.8533724340175953,278,0.8273381294964028
2006,10070,1A,770,0.8688311688311688,336,0.8690476190476191
2007,10070,1A,658,0.8586626139817629,178,0.8314606741573034
2008,10070,1A,722,0.8753462603878116,328,0.8810975609756098
2009,10070,1A,562,0.8718861209964412,170,0.8411764705882353
2010,10070,1A,626,0.8722044728434505,290,0.8655172413793103
2011,10070,1A,788,0.868020304568528,406,0.8669950738916257
2012,10070,1A,500,0.836,104,0.7307692307692307
2013,10070,1A,650,0.8661538461538462,298,0.8758389261744967
1990,10080,1A,342,0.26608187134502925,0,
1991,10080,1A,442,0.22624434389140272,212,0.22169811320754718
1992,10080,1A,210,0.24285714285714285,20,0.25
1993,10080,1A,156,0.1858974358974359,12,0.3333333333333333
1994,10080,1A,134,0.19402985074626866,6,0.16666666666666666
1995,10080,1A,242,0.18181818181818182,100,0.16
1996,10080,1A,186,0.1827956989247312,10,0.1
1997,10080,1A,150,0.18,4,0.0
1998,10080,1A,114,0.17543859649122806,8,0.5
1999,10080,1A,400,0.1675,296,0.16554054054054054
2000,10080,1A,404,0.20297029702970298,200,0.175
2001,10080,1A,402,0.20398009950248755,182,0.17582417582417584
2002,10080,1A,482,0.25311203319502074,268,0.26492537313432835
2003,10080,1A,474,0.2320675105485232,192,0.23958333333333334
2004,10080,1A,644,0.2236024844720497,320,0.234375
2005,10080,1A,688,0.20494186046511628,282,0.1702127659574468
2006,10080,1A,774,0.21188630490956073,338,0.22485207100591717
2007,10080,1A,660,0.2318181818181818,178,0.2640449438202247
2008,10080,1A,724,0.22099447513812154,328,0.24390243902439024
2009,10080,1A,564,0.21808510638297873,170,0.19411764705882353
2010,10080,1A,628,0.2197452229299363,290,0.21379310344827587
2011,10080,1A,790,0.25443037974683547,406,0.27832512315270935
2012,10080,1A,502,0.23306772908366533,104,0.2403846153846154
2013,10080,1A,652,0.24539877300613497,298,0.2516778523489933
1990,10120,1A,342,0.7953216374269005,0,
1991,10120,1A,442,0.7647058823529411,212,0.7547169811320755
1992,10120,1A,210,0.8,20,0.9
1993,10120,1A,156,0.7756410256410257,12,0.8333333333333334
1994,10120,1A,134,0.7835820895522388,6,0.8333333333333334
1995,10120,1A,242,0.78099173553719,100,0.79
1996,10120,1A,186,0.7741935483870968,10,0.7
1997,10120,1A,150,0.74,4,0.5
1998,10120,1A,114,0.7631578947368421,8,0.875
1999,10120,1A,400,0.8075,296,0.8209459459459459
2000,10120,1A,404,0.7995049504950495,200,0.785
2001,10120,1A,402,0.7810945273631841,182,0.7527472527472527
2002,10120,1A,482,0.7676348547717843,268,0.7686567164179104
2003,10120,1A,474,0.7827004219409283,192,0.7604166666666666
2004,10120,1A,644,0.7748447204968945,320,0.765625
2005,10120,1A,688,0.7965116279069767,282,0.7872340425531915
2006,10120,1A,774,0.8126614987080103,338,0.7958579881656804
2007,10120,1A,660,0.8166666666666667,178,0.8370786516853933
2008,10120,1A,724,0.8149171270718232,328,0.8170731707317073
2009,10120,1A,562,0.8078291814946619,168,0.7916666666666666
2010,10120,1A,626,0.7971246006389776,290,0.7827586206896552
2011,10120,1A,788,0.8109137055837563,406,0.8078817733990148
2012,10120,1A,500,0.83,104,0.8365384615384616
2013,10120,1A,650,0.8292307692307692,298,0.8087248322147651
1990,10152,1A,342,0.7719298245614035,0,
1991,10152,1A,442,0.8031674208144797,212,0.8160377358490566
1992,10152,1A,210,0.7619047619047619,20,0.65
1993,10152,1A,156,0.7564102564102564,12,0.5833333333333334
1994,10152,1A,134,0.7686567164179104,6,0.8333333333333334
1995,10152,1A,242,0.8016528925619835,100,0.81
1996,10152,1A,186,0.8118279569892473,10,0.9
1997,10152,1A,150,0.8133333333333334,4,0.75
1998,10152,1A,114,0.8421052631578947,8,1.0
1999,10152,1A,400,0.8175,296,0.8040540540540541
2000,10152,1A,404,0.8341584158415841,200,0.84
2001,10152,1A,402,0.8308457711442786,182,0.8351648351648352
2002,10152,1A,482,0.8153526970954357,268,0.7835820895522388
2003,10152,1A,474,0.79957805907173,192,0.7864583333333334
2004,10152,1A,644,0.8105590062111802,320,0.8375
2005,10152,1A,688,0.7921511627906976,282,0.8014184397163121
2006,10152,1A,774,0.7674418604651163,338,0.7544378698224852
2007,10152,1A,660,0.7787878787878788,178,0.8202247191011236
2008,10152,1A,724,0.7734806629834254,328,0.7926829268292683
2009,10152,1A,564,0.799645390070922,170,0.8294117647058824
2010,10152,1A,628,0.785031847133758,290,0.7655172413793103
2011,10152,1A,790,0.7822784810126582,406,0.7881773399014779
2012,10152,1A,502,0.7888446215139442,104,0.8173076923076923
2013,10152,1A,652,0.7883435582822086,298,0.7885906040268457
1990,10158,1A,342,0.8508771929824561,0,
1991,10158,1A,442,0.8574660633484162,212,0.8632075471698113
1992,10158,1A,210,0.8285714285714286,20,0.9
1993,10158,1A,156,0.8012820512820513,12,0.75
1994,10158,1A,134,0.7835820895522388,6,0.8333333333333334
1995,10158,1A,242,0.8181818181818182,100,0.82
1996,10158,1A,186,0.8118279569892473,10,0.7
1997,10158,1A,150,0.8,4,0.75
1998,10158,1A,114,0.7894736842105263,8,0.875
1999,10158,1A,400,0.8325,296,0.847972972972973
2000,10158,1A,404,0.8391089108910891,200,0.875
2001,10158,1A,402,0.8009950248756219,182,0.8021978021978022
2002,10158,1A,482,0.7655601659751037,268,0.75
2003,10158,1A,474,0.7890295358649789,192,0.7916666666666666
2004,10158,1A,644,0.796583850931677,320,0.778125
2005,10158,1A,688,0.8226744186046512,282,0.8191489361702128
2006,10158,1A,774,0.8049095607235142,338,0.7751479289940828
2007,10158,1A,660,0.8106060606060606,178,0.8202247191011236
2008,10158,1A,724,0.8038674033149171,328,0.7987804878048781
2009,10158,1A,562,0.8309608540925267,168,0.9047619047619048
2010,10158,1A,628,0.7818471337579618,290,0.7482758620689656
2011,10158,1A,790,0.7810126582278482,406,0.7807881773399015
2012,10158,1A,502,0.8087649402390438,104,0.8461538461538461
2013,10158,1A,652,0.7929447852760736,298,0.7818791946308725
1990,10165,1A,342,0.7339181286549707,0,
1991,10165,1A,442,0.755656108597285,212,0.7358490566037735
1992,10165,1A,210,0.7523809523809524,20,0.85
1993,10165,1A,156,0.7756410256410257,12,0.9166666666666666
1994,10165,1A,134,0.7835820895522388,6,0.8333333333333334
1995,10165,1A,242,0.7024793388429752,100,0.63
1996,10165,1A,186,0.6935483870967742,10,0.9
1997,10165,1A,150,0.7,4,0.75
1998,10165,1A,114,0.7543859649122807,8,0.875
1999,10165,1A,400,0.7525,296,0.7533783783783784
2000,10165,1A,404,0.7871287128712872,200,0.79
2001,10165,1A,402,0.7860696517412935,182,0.7857142857142857
2002,10165,1A,482,0.7925311203319502,268,0.8022388059701493
2003,10165,1A,474,0.8059071729957806,192,0.8229166666666666
2004,10165,1A,644,0.7950310559006211,320,0.796875
2005,10165,1A,688,0.7805232558139535,282,0.74822695035461
2006,10165,1A,774,0.7945736434108527,338,0.8136094674556213
2007,10165,1A,660,0.7833333333333333,178,0.7752808988764045
2008,10165,1A,724,0.7886740331491713,328,0.7774390243902439
2009,10165,1A,564,0.774822695035461,170,0.7529411764705882
2010,10165,1A,628,0.7770700636942676,290,0.7793103448275862
2011,10165,1A,790,0.7734177215189874,406,0.7733990147783252
2012,10165,1A,502,0.7549800796812749,104,0.75
2013,10165,1A,652,0.7684049079754601,298,0.785234899328859
1990,10219,1A,342,0.5497076023391813,0,
1991,10219,1A,442,0.5520361990950227,212,0.5330188679245284
1992,10219,1A,210,0.5523809523809524,20,0.65
1993,10219,1A,156,0.5769230769230769,12,0.6666666666666666
1994,10219,1A,134,0.6044776119402985,6,0.8333333333333334
1995,10219,1A,242,0.6363636363636364,100,0.66
1996,10219,1A,186,0.5967741935483871,10,0.3
1997,10219,1A,150,0.58,4,0.25
1998,10219,1A,114,0.5614035087719298,8,0.625
1999,10219,1A,400,0.6275,296,0.6385135135135135
2000,10219,1A,404,0.6039603960396039,200,0.605
2001,10219,1A,402,0.6094527363184079,182,0.5824175824175825
2002,10219,1A,482,0.5663900414937759,268,0.5671641791044776
2003,10219,1A,474,0.5569620253164557,192,0.5
2004,10219,1A,644,0.5543478260869565,320,0.528125
2005,10219,1A,688,0.5726744186046512,282,0.5921985815602837
2006,10219,1A,774,0.5645994832041343,338,0.5680473372781065
2007,10219,1A,660,0.5712121212121212,178,0.5842696629213483
2008,10219,1A,724,0.5593922651933702,328,0.5579268292682927
2009,10219,1A,564,0.5709219858156028,170,0.5705882352941176
2010,10219,1A,628,0.5668789808917197,290,0.5896551724137931
2011,10219,1A,790,0.5822784810126582,406,0.6059113300492611
2012,10219,1A,502,0.5776892430278885,104,0.5673076923076923
2013,10219,1A,652,0.5674846625766872,298,0.5536912751677853
1990,10223,1A,342,0.8216374269005848,0,
1991,10223,1A,442,0.8212669683257918,212,0.8254716981132075
1992,10223,1A,210,0.8142857142857143,20,0.75
1993,10223,1A,156,0.8397435897435898,12,1.0
1994,10223,1A,134,0.8507462686567164,6,0.8333333333333334
1995,10223,1A,242,0.8388429752066116,100,0.82
1996,10223,1A,186,0.8440860215053764,10,1.0
1997,10223,1A,150,0.8533333333333334,4,1.0
1998,10223,1A,114,0.8421052631578947,8,0.75
1999,10223,1A,400,0.8525,296,0.8513513513513513
2000,10223,1A,404,0.8638613861386139,200,0.855
2001,10223,1A,402,0.8656716417910447,182,0.8351648351648352
2002,10223,1A,482,0.8713692946058091,268,0.8619402985074627
2003,10223,1A,474,0.8649789029535865,192,0.8333333333333334
2004,10223,1A,644,0.8680124223602484,320,0.871875
2005,10223,1A,688,0.8822674418604651,282,0.8865248226950354
2006,10223,1A,774,0.8863049095607235,338,0.8875739644970414
2007,10223,1A,660,0.8787878787878788,178,0.8876404494382022
2008,10223,1A,724,0.8922651933701657,328,0.8932926829268293
2009,10223,1A,562,0.900355871886121,168,0.8988095238095238
2010,10223,1A,628,0.9060509554140127,290,0.9241379310344827
2011,10223,1A,790,0.8936708860759494,406,0.8916256157635468
2012,10223,1A,502,0.8924302788844621,104,0.9038461538461539
2013,10223,1A,652,0.8650306748466258,298,0.8389261744966443
1990,10227,1A,342,0.31871345029239767,0,
1991,10227,1A,442,0.36877828054298645,212,0.39622641509433965
1992,10227,1A,210,0.3619047619047619,20,0.4
1993,10227,1A,156,0.3333333333333333,12,0.25
1994,10227,1A,134,0.3656716417910448,6,0.5
1995,10227,1A,242,0.38016528925619836,100,0.36
1996,10227,1A,186,0.3709677419354839,10,0.2
1997,10227,1A,150,0.3333333333333333,4,0.5
1998,10227,1A,114,0.2894736842105263,8,0.375
1999,10227,1A,400,0.355,296,0.36824324324324326
2000,10227,1A,404,0.35148514851485146,200,0.335
2001,10227,1A,402,0.3656716417910448,182,0.4010989010989011
2002,10227,1A,482,0.37344398340248963,268,0.373134328358209
2003,10227,1A,474,0.38396624472573837,192,0.3802083333333333
2004,10227,1A,644,0.37111801242236025,320,0.378125
2005,10227,1A,688,0.3648255813953488,282,0.375886524822695
2006,10227,1A,774,0.36304909560723514,338,0.3609467455621302
2007,10227,1A,660,0.3575757575757576,178,0.34269662921348315
2008,10227,1A,724,0.35911602209944754,328,0.36890243902439024
2009,10227,1A,564,0.3546099290780142,170,0.35294117647058826
2010,10227,1A,628,0.37898089171974525,290,0.3724137931034483
2011,10227,1A,790,0.3886075949367089,406,0.39408866995073893
2012,10227,1A,502,0.4203187250996016,104,0.4326923076923077
2013,10227,1A,652,0.4447852760736196,298,0.4697986577181208
1990,10318,1B,342,0.260233918128655,0,
1991,10318,1B,442,0.27601809954751133,212,0.2971698113207547
1992,10318,1B,210,0.2619047619047619,20,0.3
1993,10318,1B,156,0.23717948717948717,12,0.08333333333333333
1994,10318,1B,134,0.23134328358208955,6,0.16666666666666666
1995,10318,1B,242,0.2644628099173554,100,0.28
1996,10318,1B,186,0.2903225806451613,10,0.6
1997,10318,1B,150,0.25333333333333335,4,0.0
1998,10318,1B,114,0.2631578947368421,8,0.25
1999,10318,1B,400,0.2525,296,0.25675675675675674
2000,10318,1B,400,0.255,196,0.29081632653061223
2001,10318,1B,400,0.25,180,0.25555555555555554
2002,10318,1B,478,0.2489539748953975,264,0.23863636363636365
2003,10318,1B,472,0.2288135593220339,192,0.21354166666666666
2004,10318,1B,640,0.2328125,316,0.24050632911392406
2005,10318,1B,688,0.23982558139534885,282,0.23049645390070922
2006,10318,1B,774,0.23126614987080105,338,0.23076923076923078
2007,10318,1B,660,0.20606060606060606,178,0.14606741573033707
2008,10318,1B,720,0.2263888888888889,324,0.22839506172839505
2009,10318,1B,562,0.2206405693950178,170,0.21764705882352942
2010,10318,1B,626,0.26677316293929715,290,0.2655172413793103
2011,10318,1B,784,0.26403061224489793,400,0.2775
2012,10318,1B,500,0.266,104,0.3173076923076923
2013,10318,1B,648,0.25925925925925924,296,0.28040540540540543
1990,10351,1B,340,0.6705882352941176,0,
1991,10351,1B,442,0.6968325791855203,212,0.7122641509433962
1992,10351,1B,208,0.7259615384615384,20,0.7
1993,10351,1B,154,0.7467532467532467,12,0.75
1994,10351,1B,132,0.7575757575757576,6,0.8333333333333334
1995,10351,1B,240,0.7833333333333333,100,0.81
1996,10351,1B,184,0.7717391304347826,10,0.9
1997,10351,1B,148,0.7567567567567568,4,0.5
1998,10351,1B,112,0.7142857142857143,8,0.625
1999,10351,1B,398,0.7462311557788944,296,0.7533783783783784
2000,10351,1B,402,0.7288557213930348,200,0.715
2001,10351,1B,400,0.7275,182,0.7197802197802198
2002,10351,1B,480,0.7354166666666667,268,0.7313432835820896
2003,10351,1B,472,0.7266949152542372,192,0.703125
2004,10351,1B,638,0.7272727272727273,316,0.6930379746835443
2005,10351,1B,684,0.7733918128654971,280,0.8
2006,10351,1B,770,0.7883116883116883,338,0.7810650887573964
2007,10351,1B,658,0.78419452887538,178,0.7752808988764045
2008,10351,1B,720,0.7819444444444444,326,0.7914110429447853
2009,10351,1B,564,0.7695035460992907,170,0.7470588235294118
2010,10351,1B,626,0.7827476038338658,288,0.7708333333333334
2011,10351,1B,786,0.7951653944020356,402,0.8059701492537313
2012,10351,1B,500,0.772,104,0.7692307692307693
2013,10351,1B,644,0.7562111801242236,294,0.7414965986394558
1990,10404,4A,342,0.716374269005848,0,
1991,10404,4A,442,0.7013574660633484,212,0.6981132075471698
1992,10404,4A,210,0.7095238095238096,20,0.9
1993,10404,4A,156,0.6794871794871795,12,0.4166666666666667
1994,10404,4A,134,0.6865671641791045,6,0.5
1995,10404,4A,242,0.6859504132231405,100,0.7
1996,10404,4A,186,0.6881720430107527,10,0.8
1997,10404,4A,150,0.6933333333333334,4,0.75
1998,10404,4A,114,0.7017543859649122,8,0.625
1999,10404,4A,400,0.695,296,0.6959459459459459
2000,10404,4A,404,0.7277227722772277,200,0.72
2001,10404,4A,402,0.7263681592039801,182,0.7252747252747253
2002,10404,4A,482,0.7261410788381742,268,0.6977611940298507
2003,10404,4A,474,0.7109704641350211,192,0.71875
2004,10404,4A,644,0.7142857142857143,320,0.70625
2005,10404,4A,688,0.7281976744186046,282,0.7340425531914894
2006,10404,4A,774,0.7157622739018088,338,0.7100591715976331
2007,10404,4A,660,0.7348484848484849,178,0.7247191011235955
2008,10404,4A,724,0.7513812154696132,328,0.7621951219512195
2009,10404,4A,564,0.7340425531914894,170,0.7411764705882353
2010,10404,4A,628,0.6942675159235668,290,0.6482758620689655
2011,10404,4A,788,0.7131979695431472,404,0.7153465346534653
2012,10404,4A,502,0.7211155378486056,104,0.7596153846153846
2013,10404,4A,652,0.7515337423312883,298,0.7684563758389261
1990,10592,4A,342,0.7573099415204678,0,
1991,10592,4A,442,0.7669683257918553,212,0.7735849056603774
1992,10592,4A,210,0.7761904761904762,20,0.7
1993,10592,4A,156,0.75,12,0.6666666666666666
1994,10592,4A,134,0.746268656716418,6,0.8333333333333334
1995,10592,4A,242,0.7768595041322314,100,0.82
1996,10592,4A,186,0.7365591397849462,10,0.7
1997,10592,4A,150,0.6866666666666666,4,0.75
1998,10592,4A,114,0.6929824561403509,8,0.75
1999,10592,4A,400,0.67,296,0.668918918918919
2000,10592,4A,404,0.6460396039603961,200,0.665
2001,10592,4A,402,0.6442786069651741,182,0.6318681318681318
2002,10592,4A,482,0.6348547717842323,268,0.6305970149253731
2003,10592,4A,472,0.663135593220339,190,0.6473684210526316
2004,10592,4A,644,0.6739130434782609,320,0.659375
2005,10592,4A,688,0.6729651162790697,282,0.6843971631205674
2006,10592,4A,774,0.6498708010335917,338,0.6242603550295858
2007,10592,4A,660,0.6575757575757576,178,0.702247191011236
2008,10592,4A,724,0.6685082872928176,328,0.6524390243902439
2009,10592,4A,564,0.6347517730496454,170,0.5941176470588235
2010,10592,4A,628,0.6305732484076433,290,0.6482758620689655
2011,10592,4A,790,0.6531645569620254,406,0.6527093596059114
2012,10592,4A,502,0.6095617529880478,104,0.5673076923076923
2013,10592,4A,652,0.6226993865030674,298,0.6241610738255033
1990,10641,4A,342,0.4093567251461988,0,
1991,10641,4A,442,0.40497737556561086,212,0.3915094339622642
1992,10641,4A,210,0.38571428571428573,20,0.25
1993,10641,4A,156,0.3974358974358974,12,0.5833333333333334
1994,10641,4A,134,0.417910447761194,6,0.3333333333333333
1995,10641,4A,242,0.36363636363636365,100,0.35
1996,10641,4A,186,0.34946236559139787,10,0.5
1997,10641,4A,150,0.36666666666666664,4,0.0
1998,10641,4A,114,0.38596491228070173,8,0.625
1999,10641,4A,400,0.4225,296,0.43243243243243246
2000,10641,4A,404,0.4183168316831683,200,0.4
2001,10641,4A,402,0.43034825870646765,182,0.4230769230769231
2002,10641,4A,482,0.3900414937759336,268,0.3917910447761194
2003,10641,4A,474,0.41139240506329117,192,0.4010416666666667
2004,10641,4A,644,0.38509316770186336,320,0.384375
2005,10641,4A,688,0.4069767441860465,282,0.4219858156028369
2006,10641,4A,774,0.4018087855297158,338,0.3905325443786982
2007,10641,4A,658,0.4331306990881459,176,0.4772727272727273
2008,10641,4A,724,0.4102209944751381,328,0.4054878048780488
2009,10641,4A,564,0.4379432624113475,170,0.5235294117647059
2010,10641,4A,628,0.41878980891719747,290,0.40344827586206894
2011,10641,4A,790,0.3822784810126582,406,0.39408866995073893
2012,10641,4A,502,0.4243027888446215,104,0.4807692307692308
2013,10641,4A,652,0.42024539877300615,298,0.412751677852349
1990,10661,4A,342,0.24853801169590642,0,
1991,10661,4A,442,0.2850678733031674,212,0.30660377358490565
1992,10661,4A,210,0.24285714285714285,20,0.3
1993,10661,4A,156,0.21794871794871795,12,0.25
1994,10661,4A,134,0.208955223880597,6,0.3333333333333333
1995,10661,4A,242,0.19834710743801653,100,0.14
1996,10661,4A,186,0.20967741935483872,10,0.0
1997,10661,4A,150,0.21333333333333335,4,0.5
1998,10661,4A,114,0.18421052631578946,8,0.0
1999,10661,4A,400,0.2225,296,0.23648648648648649
2000,10661,4A,404,0.1608910891089109,200,0.115
2001,10661,4A,402,0.17661691542288557,182,0.15934065934065933
2002,10661,4A,482,0.14522821576763487,268,0.15298507462686567
2003,10661,4A,474,0.13291139240506328,192,0.10416666666666667
2004,10661,4A,644,0.15217391304347827,320,0.146875
2005,10661,4A,688,0.16569767441860464,282,0.16666666666666666
2006,10661,4A,774,0.19896640826873385,338,0.21597633136094674
2007,10661,4A,660,0.20606060606060606,178,0.21910112359550563
2008,10661,4A,724,0.2265193370165746,328,0.23780487804878048
2009,10661,4A,564,0.2429078014184397,170,0.23529411764705882
2010,10661,4A,628,0.21019108280254778,290,0.2103448275862069
2011,10661,4A,790,0.2481012658227848,406,0.2684729064039409
2012,10661,4A,502,0.23904382470119523,104,0.2403846153846154
2013,10661,4A,652,0.25306748466257667,298,0.28859060402684567
1990,10662,4A,342,0.48830409356725146,0,
1991,10662,4A,442,0.5429864253393665,212,0.5660377358490566
1992,10662,4A,210,0.5285714285714286,20,0.6
1993,10662,4A,156,0.5256410256410257,12,0.5
1994,10662,4A,134,0.5,6,0.8333333333333334
1995,10662,4A,242,0.4793388429752066,100,0.43
1996,10662,4A,186,0.489247311827957,10,0.1
1997,10662,4A,150,0.4533333333333333,4,0.5
1998,10662,4A,114,0.4298245614035088,8,0.25
1999,10662,4A,398,0.4623115577889447,294,0.46938775510204084
2000,10662,4A,404,0.3886138613861386,200,0.335
2001,10662,4A,402,0.43781094527363185,182,0.46153846153846156
2002,10662,4A,482,0.3879668049792531,268,0.4141791044776119
2003,10662,4A,474,0.39029535864978904,192,0.3697916666666667
2004,10662,4A,644,0.42857142857142855,320,0.403125
2005,10662,4A,688,0.43459302325581395,282,0.425531914893617
2006,10662,4A,774,0.49483204134366926,338,0.5325443786982249
2007,10662,4A,660,0.47575757575757577,178,0.449438202247191
2008,10662,4A,724,0.48204419889502764,328,0.4847560975609756
2009,10662,4A,564,0.5035460992907801,170,0.4470588235294118
2010,10662,4A,628,0.46337579617834396,290,0.46206896551724136
2011,10662,4A,790,0.49240506329113926,406,0.49507389162561577
2012,10662,4A,502,0.46215139442231074,104,0.4423076923076923
2013,10662,4A,652,0.504601226993865,298,0.5536912751677853
1990,10673,4A,336,0.8125,0,
1991,10673,4A,436,0.8348623853211009,212,0.8443396226415094
1992,10673,4A,206,0.8398058252427184,20,0.85
1993,10673,4A,152,0.8223684210526315,12,0.8333333333333334
1994,10673,4A,130,0.8153846153846154,6,1.0
1995,10673,4A,238,0.7983193277310925,100,0.76
1996,10673,4A,182,0.8351648351648352,10,0.9
1997,10673,4A,146,0.815068493150685,4,0.5
1998,10673,4A,114,0.8070175438596491,8,0.75
1999,10673,4A,400,0.84,296,0.8445945945945946
2000,10673,4A,404,0.7846534653465347,200,0.735
2001,10673,4A,402,0.8383084577114428,182,0.8571428571428571
2002,10673,4A,482,0.8236514522821576,268,0.8432835820895522
2003,10673,4A,474,0.8248945147679325,192,0.8333333333333334
2004,10673,4A,644,0.84472049689441,320,0.840625
2005,10673,4A,688,0.8502906976744186,282,0.8475177304964538
2006,10673,4A,774,0.8604651162790697,338,0.8727810650887574
2007,10673,4A,660,0.8560606060606061,178,0.8764044943820225
2008,10673,4A,724,0.8425414364640884,328,0.8384146341463414
2009,10673,4A,564,0.8705673758865248,170,0.8647058823529412
2010,10673,4A,628,0.8471337579617835,290,0.8448275862068966
2011,10673,4A,790,0.8632911392405064,406,0.8817733990147784
2012,10673,4A,502,0.8426294820717132,104,0.9038461538461539
2013,10673,4A,652,0.8634969325153374,298,0.8959731543624161
1990,10709,LGE22,342,0.2982456140350877,0,
1991,10709,LGE22,442,0.3212669683257919,212,0.3490566037735849
1992,10709,LGE22,210,0.2523809523809524,20,0.05
1993,10709,LGE22,156,0.2564102564102564,12,0.16666666666666666
1994,10709,LGE22,134,0.26119402985074625,6,0.16666666666666666
1995,10709,LGE22,242,0.24793388429752067,100,0.23
1996,10709,LGE22,186,0.24731182795698925,10,0.1
1997,10709,LGE22,150,0.26,4,0.25
1998,10709,LGE22,114,0.2719298245614035,8,0.25
1999,10709,LGE22,400,0.255,296,0.24662162162162163
2000,10709,LGE22,404,0.21782178217821782,200,0.175
2001,10709,LGE22,402,0.22885572139303484,182,0.25274725274725274
2002,10709,LGE22,482,0.22406639004149378,268,0.22014925373134328
2003,10709,LGE22,472,0.22245762711864406,190,0.23157894736842105
2004,10709,LGE22,644,0.2267080745341615,320,0.234375
2005,10709,LGE22,688,0.22093023255813954,282,0.22340425531914893
2006,10709,LGE22,774,0.2248062015503876,338,0.21893491124260356
2007,10709,LGE22,660,0.2106060606060606,178,0.19101123595505617
2008,10709,LGE22,724,0.23480662983425415,328,0.2347560975609756
2009,10709,LGE22,564,0.2074468085106383,170,0.1588235294117647
2010,10709,LGE22,628,0.22929936305732485,290,0.21724137931034482
2011,10709,LGE22,790,0.24430379746835443,406,0.23645320197044334
2012,10709,LGE22,502,0.26095617529880477,104,0.23076923076923078
2013,10709,LGE22,652,0.2607361963190184,298,0.2651006711409396
