pop,gene,pos,generation,freq
m1,mokC,16972,0,0.006
m1,mokC,16972,500,0.032
m1,mokC,16972,1000,0.027
m1,mokC,16972,1500,0.046
m1,mokC,16972,2000,0.012
m1,mokC,16972,2500,0.0
m1,mokC,16972,3000,0.008
m1,mokC,16972,3500,0.0
m1,mokC,16972,4000,0.041
m1,mokC,16972,4500,0.005
m1,mokC,16972,5000,0.038
m1,mokC,16972,5500,0.029
m1,mokC,16972,6000,0.065
m1,mokC,16972,6500,0.027
m1,mokC,16972,7000,0.06
m1,mokC,16972,7500,0.08
m1,mokC,16972,8000,0.015
m1,mokC,16972,8500,0.064
m1,mokC,16972,9000,0.098
m1,mokC,16972,9500,0.109
m1,mokC,16972,10000,0.211
m1,mokC,16972,10500,0.07
m1,mokC,16972,11000,0.143
m1,mokC,16972,11500,0.099
m1,mokC,16972,12000,0.159
m1,mokC,16972,12500,0.042
m1,mokC,16972,13000,0.488
m1,mokC,16972,13500,0.859
m1,mokC,16972,14000,0.905
m1,mokC,16972,14500,0.966
m1,mokC,16972,15000,0.983
m1,mokC,16972,16000,0.985
m1,mokC,16972,16500,1.0
m1,mokC,16972,17000,0.973
m1,mokC,16972,17500,1.0
m1,mokC,16972,18000,1.0
m1,mokC,16972,18500,1.0
m1,mokC,16972,19000,1.0
m1,mokC,16972,19500,1.0
m1,mokC,16972,20000,1.0
m1,mokC,16972,20500,1.0
m1,mokC,16972,21000,1.0
m1,mokC,16972,21500,1.0
m1,mokC,16972,22000,1.0
m1,mokC,16972,22500,0.989
m1,mokC,16972,23000,1.0
m1,mokC,16972,23500,1.0
m1,mokC,16972,24000,1.0
m1,mokC,16972,24500,1.0
m1,mokC,16972,25000,1.0
m1,mokC,16972,25500,1.0
m1,mokC,16972,26000,1.0
m1,mokC,16972,26500,1.0
m1,mokC,16972,27000,1.0
m1,mokC,16972,27500,1.0
m1,mokC,16972,28000,1.0
m1,mokC,16972,28500,1.0
m1,mokC,16972,29000,1.0
m1,mokC,16972,29500,1.0
m1,mokC,16972,30000,1.0
m1,mokC,16972,30500,1.0
m1,mokC,16972,31000,1.0
m1,mokC,16972,31500,1.0
m1,mokC,16972,32000,0.995
m1,mokC,16972,32500,1.0
m1,mokC,16972,33000,1.0
m1,mokC,16972,33500,1.0
m1,mokC,16972,34000,1.0
m1,mokC,16972,34500,1.0
m1,mokC,16972,35000,1.0
m1,mokC,16972,35500,1.0
m1,mokC,16972,36000,1.0
m1,mokC,16972,36500,1.0
m1,mokC,16972,37000,1.0
m1,mokC,16972,37500,1.0
m1,mokC,16972,38000,1.0
m1,mokC,16972,38500,1.0
m1,mokC,16972,39000,1.0
m1,mokC,16972,39500,1.0
m1,mokC,16972,40000,1.0
m1,mokC,16972,40500,1.0
m1,mokC,16972,41000,1.0
m1,mokC,16972,41500,1.0
m1,mokC,16972,42000,1.0
m1,mokC,16972,42500,1.0
m1,mokC,16972,43000,1.0
m1,mokC,16972,43500,1.0
m1,mokC,16972,44000,1.0
m1,mokC,16972,44500,1.0
m1,mokC,16972,45000,1.0
m1,mokC,16972,45500,1.0
m1,mokC,16972,46000,1.0
m1,mokC,16972,46500,0.991
m1,mokC,16972,47000,1.0
m1,mokC,16972,47500,1.0
m1,mokC,16972,48000,1.0
m1,mokC,16972,48500,1.0
m1,mokC,16972,49000,1.0
m1,mokC,16972,49500,1.0
m1,mokC,16972,50000,1.0
m1,mokC,16972,50500,1.0
m1,mokC,16972,51000,1.0
m1,mokC,16972,51500,1.0
m1,mokC,16972,52000,1.0
m1,mokC,16972,52500,1.0
m1,mokC,16972,53000,1.0
m1,mokC,16972,53500,1.0
m1,mokC,16972,54000,1.0
m1,mokC,16972,54500,1.0
m1,mokC,16972,55000,1.0
m1,mokC,16972,55500,1.0
m1,mokC,16972,56000,1.0
m1,mokC,16972,56500,1.0
m1,mokC,16972,57000,1.0
m1,mokC,16972,57500,1.0
m1,mokC,16972,58000,1.0
m1,mokC,16972,58500,1.0
m1,mokC,16972,59000,1.0
m1,mokC,16972,59500,1.0
m1,mokC,16972,60000,1.0
m1,mokC,16972,60500,1.0
m1,thrA,1615,0,0.0
m1,thrA,1615,500,0.0
m1,thrA,1615,1000,0.0
m1,thrA,1615,1500,0.0
m1,thrA,1615,2000,0.0
m1,thrA,1615,2500,0.0
m1,thrA,1615,3000,0.0
m1,thrA,1615,3500,0.0
m1,thrA,1615,4000,0.0
m1,thrA,1615,4500,0.0
m1,thrA,1615,5000,0.0
m1,thrA,1615,5500,0.0
m1,thrA,1615,6000,0.0
m1,thrA,1615,6500,0.0
m1,thrA,1615,7000,0.0
m1,thrA,1615,7500,0.0
m1,thrA,1615,8000,0.0
m1,thrA,1615,8500,0.0
m1,thrA,1615,9000,0.0
m1,thrA,1615,9500,0.0
m1,thrA,1615,10000,0.0
m1,thrA,1615,10500,0.0
m1,thrA,1615,11000,0.0
m1,thrA,1615,11500,0.0
m1,thrA,1615,12000,0.0
m1,thrA,1615,12500,0.0
m1,thrA,1615,13000,0.0
m1,thrA,1615,13500,0.0
m1,thrA,1615,14000,0.0
m1,thrA,1615,14500,0.0
m1,thrA,1615,15000,0.0
m1,thrA,1615,16000,0.0
m1,thrA,1615,16500,0.0
m1,thrA,1615,17000,0.0
m1,thrA,1615,17500,0.0
m1,thrA,1615,18000,0.0
m1,thrA,1615,18500,0.0
m1,thrA,1615,19000,0.0
m1,thrA,1615,19500,0.0
m1,thrA,1615,20000,0.0
m1,thrA,1615,20500,0.0
m1,thrA,1615,21000,0.0
m1,thrA,1615,21500,0.0
m1,thrA,1615,22000,0.0
m1,thrA,1615,22500,0.0
m1,thrA,1615,23000,0.0
m1,thrA,1615,23500,0.0
m1,thrA,1615,24000,0.0
m1,thrA,1615,24500,0.0
m1,thrA,1615,25000,0.0
m1,thrA,1615,25500,0.0
m1,thrA,1615,26000,0.027
m1,thrA,1615,26500,0.161
m1,thrA,1615,27000,0.316
m1,thrA,1615,27500,0.952
m1,thrA,1615,28000,0.925
m1,thrA,1615,28500,0.984
m1,thrA,1615,29000,1.0
m1,thrA,1615,29500,1.0
m1,thrA,1615,30000,1.0
m1,thrA,1615,30500,1.0
m1,thrA,1615,31000,1.0
m1,thrA,1615,31500,1.0
m1,thrA,1615,32000,1.0
m1,thrA,1615,32500,1.0
m1,thrA,1615,33000,1.0
m1,thrA,1615,33500,1.0
m1,thrA,1615,34000,1.0
m1,thrA,1615,34500,1.0
m1,thrA,1615,35000,1.0
m1,thrA,1615,35500,1.0
m1,thrA,1615,36000,1.0
m1,thrA,1615,36500,1.0
m1,thrA,1615,37000,0.988
m1,thrA,1615,37500,1.0
m1,thrA,1615,38000,1.0
m1,thrA,1615,38500,1.0
m1,thrA,1615,39000,1.0
m1,thrA,1615,39500,1.0
m1,thrA,1615,40000,1.0
m1,thrA,1615,40500,1.0
m1,thrA,1615,41000,1.0
m1,thrA,1615,41500,1.0
m1,thrA,1615,42000,1.0
m1,thrA,1615,42500,1.0
m1,thrA,1615,43000,1.0
m1,thrA,1615,43500,1.0
m1,thrA,1615,44000,1.0
m1,thrA,1615,44500,1.0
m1,thrA,1615,45000,1.0
m1,thrA,1615,45500,1.0
m1,thrA,1615,46000,1.0
m1,thrA,1615,46500,1.0
m1,thrA,1615,47000,1.0
m1,thrA,1615,47500,1.0
m1,thrA,1615,48000,1.0
m1,thrA,1615,48500,1.0
m1,thrA,1615,49000,1.0
m1,thrA,1615,49500,1.0
m1,thrA,1615,50000,1.0
m1,thrA,1615,50500,1.0
m1,thrA,1615,51000,1.0
m1,thrA,1615,51500,1.0
m1,thrA,1615,52000,1.0
m1,thrA,1615,52500,1.0
m1,thrA,1615,53000,0.99
m1,thrA,1615,53500,1.0
m1,thrA,1615,54000,1.0
m1,thrA,1615,54500,1.0
m1,thrA,1615,55000,0.98
m1,thrA,1615,55500,1.0
m1,thrA,1615,56000,1.0
m1,thrA,1615,56500,1.0
m1,thrA,1615,57000,1.0
m1,thrA,1615,57500,1.0
m1,thrA,1615,58000,1.0
m1,thrA,1615,58500,1.0
m1,thrA,1615,59000,1.0
m1,thrA,1615,59500,1.0
m1,thrA,1615,60000,1.0
m1,thrA,1615,60500,1.0
m1,rihC,31535,0,0.0
m1,rihC,31535,500,0.0
m1,rihC,31535,1000,0.0
m1,rihC,31535,1500,0.0
m1,rihC,31535,2000,0.0
m1,rihC,31535,2500,0.0
m1,rihC,31535,3000,0.0
m1,rihC,31535,4000,0.0
m1,rihC,31535,4500,0.0
m1,rihC,31535,5000,0.0
m1,rihC,31535,5500,0.0
m1,rihC,31535,6000,0.0
m1,rihC,31535,6500,0.0
m1,rihC,31535,7000,0.0
m1,rihC,31535,7500,0.0
m1,rihC,31535,8000,0.0
m1,rihC,31535,8500,0.0
m1,rihC,31535,9000,0.0
m1,rihC,31535,9500,0.0
m1,rihC,31535,10000,0.0
m1,rihC,31535,10500,0.0
m1,rihC,31535,11000,0.0
m1,rihC,31535,11500,0.0
m1,rihC,31535,12000,0.0
m1,rihC,31535,12500,0.0
m1,rihC,31535,13000,0.0
m1,rihC,31535,13500,0.0
m1,rihC,31535,14000,0.0
m1,rihC,31535,14500,0.0
m1,rihC,31535,15000,0.0
m1,rihC,31535,16000,0.0
m1,rihC,31535,16500,0.0
m1,rihC,31535,17000,0.0
m1,rihC,31535,17500,0.0
m1,rihC,31535,18000,0.0
m1,rihC,31535,18500,0.0
m1,rihC,31535,19000,0.0
m1,rihC,31535,19500,0.0
m1,rihC,31535,20000,0.0
m1,rihC,31535,20500,0.0
m1,rihC,31535,21000,0.0
m1,rihC,31535,21500,0.0
m1,rihC,31535,22000,0.0
m1,rihC,31535,22500,0.0
m1,rihC,31535,23000,0.0
m1,rihC,31535,23500,0.0
m1,rihC,31535,24000,0.0
m1,rihC,31535,24500,0.0
m1,rihC,31535,25000,0.0
m1,rihC,31535,25500,0.0
m1,rihC,31535,26000,0.0
m1,rihC,31535,26500,0.0
m1,rihC,31535,27000,0.0
m1,rihC,31535,27500,0.0
m1,rihC,31535,28000,0.037
m1,rihC,31535,28500,0.0
m1,rihC,31535,29000,0.073
m1,rihC,31535,29500,0.0
m1,rihC,31535,30000,0.022
m1,rihC,31535,30500,0.148
m1,rihC,31535,31000,0.271
m1,rihC,31535,31500,0.06
m1,rihC,31535,32000,0.102
m1,rihC,31535,32500,0.154
m1,rihC,31535,33000,0.243
m1,rihC,31535,33500,0.031
m1,rihC,31535,34000,0.31
m1,rihC,31535,34500,0.135
m1,rihC,31535,35000,0.633
m1,rihC,31535,35500,0.366
m1,rihC,31535,36000,0.595
m1,rihC,31535,36500,0.75
m1,rihC,31535,37000,0.674
m1,rihC,31535,37500,0.778
m1,rihC,31535,38000,1.0
m1,rihC,31535,38500,0.684
m1,rihC,31535,39000,0.72
m1,rihC,31535,39500,1.0
m1,rihC,31535,40000,0.727
m1,rihC,31535,40500,0.421
m1,rihC,31535,41000,0.85
m1,rihC,31535,41500,0.65
m1,rihC,31535,42000,0.849
m1,rihC,31535,42500,0.636
m1,rihC,31535,43000,0.382
m1,rihC,31535,43500,0.704
m1,rihC,31535,44000,0.947
m1,rihC,31535,44500,1.0
m1,rihC,31535,45000,0.909
m1,rihC,31535,45500,0.279
m1,rihC,31535,46000,0.558
m1,rihC,31535,46500,0.429
m1,rihC,31535,47000,0.447
m1,rihC,31535,47500,0.608
m1,rihC,31535,48000,0.556
m1,rihC,31535,48500,0.75
m1,rihC,31535,49000,0.791
m1,rihC,31535,49500,0.697
m1,rihC,31535,50000,0.455
m1,rihC,31535,50500,0.778
m1,rihC,31535,51000,0.645
m1,rihC,31535,51500,0.569
m1,rihC,31535,52000,0.667
m1,rihC,31535,52500,0.491
m1,rihC,31535,53000,0.733
m1,rihC,31535,53500,0.807
m1,rihC,31535,54000,0.649
m1,rihC,31535,54500,0.72
m1,rihC,31535,55000,0.651
m1,rihC,31535,55500,0.744
m1,rihC,31535,56000,0.674
m1,rihC,31535,56500,0.725
m1,rihC,31535,57000,0.45
m1,rihC,31535,57500,0.358
m1,rihC,31535,58000,0.34
m1,rihC,31535,58500,0.64
m1,rihC,31535,59000,0.348
m1,rihC,31535,59500,0.625
m1,rihC,31535,60000,0.333
m1,rihC,31535,60500,0.64
m1,caiD,39986,0,0.0
m1,caiD,39986,500,0.0
m1,caiD,39986,1000,0.0
m1,caiD,39986,1500,0.0
m1,caiD,39986,2000,0.0
m1,caiD,39986,2500,0.0
m1,caiD,39986,3000,0.0
m1,caiD,39986,3500,0.0
m1,caiD,39986,4000,0.0
m1,caiD,39986,4500,0.0
m1,caiD,39986,5000,0.0
m1,caiD,39986,5500,0.0
m1,caiD,39986,6000,0.0
m1,caiD,39986,6500,0.0
m1,caiD,39986,7000,0.0
m1,caiD,39986,7500,0.0
m1,caiD,39986,8000,0.0
m1,caiD,39986,8500,0.0
m1,caiD,39986,9000,0.0
m1,caiD,39986,9500,0.0
m1,caiD,39986,10000,0.0
m1,caiD,39986,10500,0.0
m1,caiD,39986,11000,0.0
m1,caiD,39986,11500,0.0
m1,caiD,39986,12000,0.0
m1,caiD,39986,12500,0.0
m1,caiD,39986,13000,0.0
m1,caiD,39986,13500,0.0
m1,caiD,39986,14000,0.0
m1,caiD,39986,14500,0.0
m1,caiD,39986,15000,0.0
m1,caiD,39986,16000,0.0
m1,caiD,39986,16500,0.0
m1,caiD,39986,17000,0.0
m1,caiD,39986,17500,0.0
m1,caiD,39986,18000,0.0
m1,caiD,39986,18500,0.0
m1,caiD,39986,19000,0.0
m1,caiD,39986,19500,0.0
m1,caiD,39986,20000,0.0
m1,caiD,39986,20500,0.0
m1,caiD,39986,21000,0.0
m1,caiD,39986,21500,0.0
m1,caiD,39986,22000,0.0
m1,caiD,39986,22500,0.0
m1,caiD,39986,23000,0.0
m1,caiD,39986,23500,0.0
m1,caiD,39986,24000,0.0
m1,caiD,39986,24500,0.0
m1,caiD,39986,25000,0.0
m1,caiD,39986,25500,0.0
m1,caiD,39986,26000,0.0
m1,caiD,39986,26500,0.0
m1,caiD,39986,27000,0.0
m1,caiD,39986,27500,0.0
m1,caiD,39986,28000,0.0
m1,caiD,39986,28500,0.029
m1,caiD,39986,29000,0.057
m1,caiD,39986,29500,0.035
m1,caiD,39986,30000,0.0
m1,caiD,39986,30500,0.059
m1,caiD,39986,31000,0.094
m1,caiD,39986,31500,0.0
m1,caiD,39986,32000,0.0
m1,caiD,39986,32500,0.184
m1,caiD,39986,33000,0.312
m1,caiD,39986,33500,0.023
m1,caiD,39986,34000,0.25
m1,caiD,39986,34500,0.059
m1,caiD,39986,35000,0.463
m1,caiD,39986,35500,0.268
m1,caiD,39986,36000,0.568
m1,caiD,39986,36500,0.841
m1,caiD,39986,37000,0.775
m1,caiD,39986,37500,0.848
m1,caiD,39986,38000,1.0
m1,caiD,39986,38500,0.6
m1,caiD,39986,39000,0.694
m1,caiD,39986,39500,0.875
m1,caiD,39986,40000,0.562
m1,caiD,39986,40500,0.533
m1,caiD,39986,41000,0.71
m1,caiD,39986,41500,0.682
m1,caiD,39986,42000,0.82
m1,caiD,39986,42500,0.556
m1,caiD,39986,43000,0.577
m1,caiD,39986,43500,0.756
m1,caiD,39986,44000,0.938
m1,caiD,39986,44500,0.677
m1,caiD,39986,45000,0.704
m1,caiD,39986,45500,0.318
m1,caiD,39986,46000,0.707
m1,caiD,39986,46500,0.364
m1,caiD,39986,47000,0.533
m1,caiD,39986,47500,0.741
m1,caiD,39986,48000,0.651
m1,caiD,39986,48500,0.82
m1,caiD,39986,49000,0.821
m1,caiD,39986,49500,0.73
m1,caiD,39986,50000,0.593
m1,caiD,39986,50500,0.774
m1,caiD,39986,51000,0.81
m1,caiD,39986,51500,0.641
m1,caiD,39986,52000,0.4
m1,caiD,39986,52500,0.603
m1,caiD,39986,53000,0.684
m1,caiD,39986,53500,0.787
m1,caiD,39986,54000,0.605
m1,caiD,39986,54500,0.69
m1,caiD,39986,55000,0.634
m1,caiD,39986,55500,0.712
m1,caiD,39986,56000,0.639
m1,caiD,39986,56500,0.734
m1,caiD,39986,57000,0.417
m1,caiD,39986,57500,0.532
m1,caiD,39986,58000,0.375
m1,caiD,39986,58500,0.487
m1,caiD,39986,59000,0.467
m1,caiD,39986,59500,0.5
m1,caiD,39986,60000,0.36
m1,caiD,39986,60500,0.578
m1,intergenic,46353,0,0.0
m1,intergenic,46353,500,0.0
m1,intergenic,46353,1000,0.0
m1,intergenic,46353,1500,0.0
m1,intergenic,46353,2000,0.0
m1,intergenic,46353,2500,0.0
m1,intergenic,46353,3000,0.0
m1,intergenic,46353,3500,0.0
m1,intergenic,46353,4000,0.0
m1,intergenic,46353,4500,0.0
m1,intergenic,46353,5000,0.0
m1,intergenic,46353,5500,0.0
m1,intergenic,46353,6000,0.0
m1,intergenic,46353,6500,0.0
m1,intergenic,46353,7000,0.0
m1,intergenic,46353,7500,0.0
m1,intergenic,46353,8000,0.0
m1,intergenic,46353,8500,0.0
m1,intergenic,46353,9000,0.0
m1,intergenic,46353,9500,0.0
m1,intergenic,46353,10000,0.0
m1,intergenic,46353,10500,0.0
m1,intergenic,46353,11000,0.0
m1,intergenic,46353,11500,0.0
m1,intergenic,46353,12000,0.0
m1,intergenic,46353,12500,0.0
m1,intergenic,46353,13000,0.0
m1,intergenic,46353,13500,0.0
m1,intergenic,46353,14000,0.0
m1,intergenic,46353,14500,0.0
m1,intergenic,46353,15000,0.0
m1,intergenic,46353,16000,0.0
m1,intergenic,46353,16500,0.0
m1,intergenic,46353,17000,0.0
m1,intergenic,46353,17500,0.0
m1,intergenic,46353,18000,0.0
m1,intergenic,46353,18500,0.0
m1,intergenic,46353,19000,0.0
m1,intergenic,46353,19500,0.0
m1,intergenic,46353,20000,0.0
m1,intergenic,46353,20500,0.0
m1,intergenic,46353,21000,0.0
m1,intergenic,46353,21500,0.0
m1,intergenic,46353,22000,0.018
m1,intergenic,46353,22500,0.0
m1,intergenic,46353,23000,0.0
m1,intergenic,46353,23500,0.0
m1,intergenic,46353,24000,0.0
m1,intergenic,46353,24500,0.0
m1,intergenic,46353,25000,0.0
m1,intergenic,46353,25500,0.0
m1,intergenic,46353,26000,0.011
m1,intergenic,46353,26500,0.111
m1,intergenic,46353,27000,0.237
m1,intergenic,46353,27500,0.892
m1,intergenic,46353,28000,0.944
m1,intergenic,46353,28500,1.0
m1,intergenic,46353,29000,1.0
m1,intergenic,46353,29500,0.979
m1,intergenic,46353,30000,1.0
m1,intergenic,46353,30500,1.0
m1,intergenic,46353,31000,1.0
m1,intergenic,46353,31500,1.0
m1,intergenic,46353,32000,1.0
m1,intergenic,46353,32500,1.0
m1,intergenic,46353,33000,1.0
m1,intergenic,46353,33500,0.981
m1,intergenic,46353,34000,1.0
m1,intergenic,46353,34500,1.0
m1,intergenic,46353,35000,1.0
m1,intergenic,46353,35500,1.0
m1,intergenic,46353,36000,1.0
m1,intergenic,46353,36500,1.0
m1,intergenic,46353,37000,0.985
m1,intergenic,46353,37500,1.0
m1,intergenic,46353,38000,1.0
m1,intergenic,46353,38500,1.0
m1,intergenic,46353,39000,1.0
m1,intergenic,46353,39500,1.0
m1,intergenic,46353,40000,1.0
m1,intergenic,46353,40500,1.0
m1,intergenic,46353,41000,0.979
m1,intergenic,46353,41500,1.0
m1,intergenic,46353,42000,1.0
m1,intergenic,46353,42500,1.0
m1,intergenic,46353,43000,1.0
m1,intergenic,46353,43500,1.0
m1,intergenic,46353,44000,1.0
m1,intergenic,46353,44500,1.0
m1,intergenic,46353,45000,1.0
m1,intergenic,46353,45500,1.0
m1,intergenic,46353,46000,1.0
m1,intergenic,46353,46500,1.0
m1,intergenic,46353,47000,1.0
m1,intergenic,46353,47500,1.0
m1,intergenic,46353,48000,1.0
m1,intergenic,46353,48500,1.0
m1,intergenic,46353,49000,1.0
m1,intergenic,46353,49500,1.0
m1,intergenic,46353,50000,1.0
m1,intergenic,46353,50500,1.0
m1,intergenic,46353,51000,1.0
m1,intergenic,46353,51500,1.0
m1,intergenic,46353,52000,1.0
m1,intergenic,46353,52500,1.0
m1,intergenic,46353,53000,1.0
m1,intergenic,46353,53500,1.0
m1,intergenic,46353,54000,0.979
m1,intergenic,46353,54500,1.0
m1,intergenic,46353,55000,0.978
m1,intergenic,46353,55500,1.0
m1,intergenic,46353,56000,1.0
m1,intergenic,46353,56500,1.0
m1,intergenic,46353,57000,1.0
m1,intergenic,46353,57500,0.983
m1,intergenic,46353,58000,0.962
m1,intergenic,46353,58500,1.0
m1,intergenic,46353,59000,1.0
m1,intergenic,46353,59500,0.985
m1,intergenic,46353,60000,0.983
m1,intergenic,46353,60500,1.0
m1,apaG,55552,0,0.0
m1,apaG,55552,500,0.0
m1,apaG,55552,1000,0.0
m1,apaG,55552,1500,0.0
m1,apaG,55552,2000,0.0
m1,apaG,55552,2500,0.0
m1,apaG,55552,3000,0.0
m1,apaG,55552,3500,0.0
m1,apaG,55552,4000,0.0
m1,apaG,55552,4500,0.0
m1,apaG,55552,5000,0.0
m1,apaG,55552,5500,0.0
m1,apaG,55552,6000,0.0
m1,apaG,55552,6500,0.0
m1,apaG,55552,7000,0.0
m1,apaG,55552,7500,0.0
m1,apaG,55552,8000,0.0
m1,apaG,55552,8500,0.0
m1,apaG,55552,9000,0.0
m1,apaG,55552,9500,0.0
m1,apaG,55552,10000,0.0
m1,apaG,55552,10500,0.0
m1,apaG,55552,11000,0.0
m1,apaG,55552,11500,0.0
m1,apaG,55552,12000,0.0
m1,apaG,55552,12500,0.0
m1,apaG,55552,13000,0.0
m1,apaG,55552,13500,0.0
m1,apaG,55552,14000,0.0
m1,apaG,55552,14500,0.0
m1,apaG,55552,15000,0.0
m1,apaG,55552,16000,0.0
m1,apaG,55552,16500,0.0
m1,apaG,55552,17000,0.0
m1,apaG,55552,17500,0.0
m1,apaG,55552,18000,0.0
m1,apaG,55552,18500,0.0
m1,apaG,55552,19000,0.0
m1,apaG,55552,19500,0.0
m1,apaG,55552,20000,0.0
m1,apaG,55552,20500,0.0
m1,apaG,55552,21000,0.0
m1,apaG,55552,21500,0.0
m1,apaG,55552,22000,0.0
m1,apaG,55552,22500,0.0
m1,apaG,55552,23000,0.0
m1,apaG,55552,23500,0.0
m1,apaG,55552,24000,0.0
m1,apaG,55552,24500,0.0
m1,apaG,55552,25000,0.0
m1,apaG,55552,25500,0.0
m1,apaG,55552,26000,0.0
m1,apaG,55552,26500,0.0
m1,apaG,55552,27000,0.0
m1,apaG,55552,27500,0.0
m1,apaG,55552,28000,0.0
m1,apaG,55552,28500,0.0
m1,apaG,55552,29000,0.0
m1,apaG,55552,29500,0.013
m1,apaG,55552,30000,0.0
m1,apaG,55552,30500,0.061
m1,apaG,55552,31000,0.089
m1,apaG,55552,31500,0.141
m1,apaG,55552,32000,0.028
m1,apaG,55552,32500,0.135
m1,apaG,55552,33000,0.321
m1,apaG,55552,33500,0.044
m1,apaG,55552,34000,0.351
m1,apaG,55552,34500,0.083
m1,apaG,55552,35000,0.593
m1,apaG,55552,35500,0.295
m1,apaG,55552,36000,0.614
m1,apaG,55552,36500,0.667
m1,apaG,55552,37000,0.774
m1,apaG,55552,37500,0.849
m1,apaG,55552,38000,1.0
m1,apaG,55552,38500,0.846
m1,apaG,55552,39000,0.514
m1,apaG,55552,39500,1.0
m1,apaG,55552,40000,0.955
m1,apaG,55552,40500,0.574
m1,apaG,55552,41000,0.878
m1,apaG,55552,41500,0.885
m1,apaG,55552,42000,0.688
m1,apaG,55552,42500,0.681
m1,apaG,55552,43000,0.463
m1,apaG,55552,43500,0.85
m1,apaG,55552,44000,0.938
m1,apaG,55552,44500,0.891
m1,apaG,55552,45000,0.75
m1,apaG,55552,45500,0.391
m1,apaG,55552,46000,0.542
m1,apaG,55552,46500,0.333
m1,apaG,55552,47000,0.552
m1,apaG,55552,47500,0.66
m1,apaG,55552,48000,0.447
m1,apaG,55552,48500,0.705
m1,apaG,55552,49000,0.792
m1,apaG,55552,49500,0.874
m1,apaG,55552,50000,0.527
m1,apaG,55552,50500,0.709
m1,apaG,55552,51000,0.492
m1,apaG,55552,51500,0.611
m1,apaG,55552,52000,0.486
m1,apaG,55552,52500,0.582
m1,apaG,55552,53000,0.6
m1,apaG,55552,53500,0.681
m1,apaG,55552,54000,0.661
m1,apaG,55552,54500,0.672
m1,apaG,55552,55000,0.75
m1,apaG,55552,55500,0.645
m1,apaG,55552,56000,0.649
m1,apaG,55552,56500,0.693
m1,apaG,55552,57000,0.628
m1,apaG,55552,57500,0.379
m1,apaG,55552,58000,0.213
m1,apaG,55552,58500,0.438
m1,apaG,55552,59000,0.493
m1,apaG,55552,59500,0.442
m1,apaG,55552,60000,0.358
m1,apaG,55552,60500,0.663
m1,surA,58701,0,0.0
m1,surA,58701,500,0.0
m1,surA,58701,1000,0.0
m1,surA,58701,1500,0.0
m1,surA,58701,2000,0.0
m1,surA,58701,2500,0.0
m1,surA,58701,3000,0.0
m1,surA,58701,3500,0.0
m1,surA,58701,4000,0.0
m1,surA,58701,4500,0.0
m1,surA,58701,5000,0.0
m1,surA,58701,5500,0.0
m1,surA,58701,6000,0.0
m1,surA,58701,6500,0.0
m1,surA,58701,7000,0.0
m1,surA,58701,7500,0.0
m1,surA,58701,8000,0.0
m1,surA,58701,8500,0.0
m1,surA,58701,9000,0.0
m1,surA,58701,9500,0.0
m1,surA,58701,10000,0.0
m1,surA,58701,10500,0.0
m1,surA,58701,11000,0.0
m1,surA,58701,11500,0.0
m1,surA,58701,12000,0.0
m1,surA,58701,12500,0.0
m1,surA,58701,13000,0.0
m1,surA,58701,13500,0.0
m1,surA,58701,14000,0.0
m1,surA,58701,14500,0.0
m1,surA,58701,15000,0.0
m1,surA,58701,16000,0.0
m1,surA,58701,16500,0.0
m1,surA,58701,17000,0.0
m1,surA,58701,17500,0.0
m1,surA,58701,18000,0.0
m1,surA,58701,18500,0.0
m1,surA,58701,19000,0.0
m1,surA,58701,19500,0.0
m1,surA,58701,20000,0.0
m1,surA,58701,20500,0.0
m1,surA,58701,21000,0.0
m1,surA,58701,21500,0.0
m1,surA,58701,22000,0.0
m1,surA,58701,22500,0.0
m1,surA,58701,23000,0.0
m1,surA,58701,23500,0.0
m1,surA,58701,24000,0.0
m1,surA,58701,24500,0.0
m1,surA,58701,25000,0.0
m1,surA,58701,25500,0.0
m1,surA,58701,26000,0.0
m1,surA,58701,26500,0.0
m1,surA,58701,27000,0.0
m1,surA,58701,27500,0.0
m1,surA,58701,28000,0.0
m1,surA,58701,28500,0.0
m1,surA,58701,29000,0.0
m1,surA,58701,29500,0.0
m1,surA,58701,30000,0.0
m1,surA,58701,30500,0.0
m1,surA,58701,31000,0.0
m1,surA,58701,31500,0.0
m1,surA,58701,32000,0.0
m1,surA,58701,32500,0.0
m1,surA,58701,33000,0.0
m1,surA,58701,33500,0.0
m1,surA,58701,34000,0.0
m1,surA,58701,34500,0.0
m1,surA,58701,35000,0.0
m1,surA,58701,35500,0.0
m1,surA,58701,36000,0.007
m1,surA,58701,36500,0.0
m1,surA,58701,37000,0.0
m1,surA,58701,37500,0.0
m1,surA,58701,38000,0.0
m1,surA,58701,38500,0.0
m1,surA,58701,39000,0.0
m1,surA,58701,39500,0.0
m1,surA,58701,40000,0.0
m1,surA,58701,40500,0.0
m1,surA,58701,41000,0.074
m1,surA,58701,41500,0.0
m1,surA,58701,42000,0.378
m1,surA,58701,42500,0.341
m1,surA,58701,43000,0.095
m1,surA,58701,43500,0.081
m1,surA,58701,44000,0.943
m1,surA,58701,44500,1.0
m1,surA,58701,45000,0.643
m1,surA,58701,45500,0.438
m1,surA,58701,46000,0.661
m1,surA,58701,46500,0.372
m1,surA,58701,47000,0.452
m1,surA,58701,47500,0.5
m1,surA,58701,48000,0.565
m1,surA,58701,48500,0.745
m1,surA,58701,49000,0.789
m1,surA,58701,49500,0.677
m1,surA,58701,50000,0.302
m1,surA,58701,50500,0.734
m1,surA,58701,51000,0.535
m1,surA,58701,51500,0.656
m1,surA,58701,52000,0.474
m1,surA,58701,52500,0.554
m1,surA,58701,53000,0.625
m1,surA,58701,53500,0.755
m1,surA,58701,54000,0.568
m1,surA,58701,54500,0.763
m1,surA,58701,55000,0.651
m1,surA,58701,55500,0.694
m1,surA,58701,56000,0.655
m1,surA,58701,56500,0.796
m1,surA,58701,57000,0.5
m1,surA,58701,57500,0.568
m1,surA,58701,58000,0.22
m1,surA,58701,58500,0.469
m1,surA,58701,59000,0.5
m1,surA,58701,59500,0.433
m1,surA,58701,60000,0.241
m1,surA,58701,60500,0.617
m1,imp,59693,0,0.0
m1,imp,59693,500,0.0
m1,imp,59693,1000,0.0
m1,imp,59693,1500,0.0
m1,imp,59693,2000,0.0
m1,imp,59693,2500,0.0
m1,imp,59693,3000,0.0
m1,imp,59693,3500,0.0
m1,imp,59693,4000,0.0
m1,imp,59693,4500,0.0
m1,imp,59693,5000,0.0
m1,imp,59693,5500,0.0
m1,imp,59693,6000,0.0
m1,imp,59693,6500,0.0
m1,imp,59693,7000,0.0
m1,imp,59693,7500,0.0
m1,imp,59693,8000,0.0
m1,imp,59693,8500,0.0
m1,imp,59693,9000,0.0
m1,imp,59693,9500,0.0
m1,imp,59693,10000,0.0
m1,imp,59693,10500,0.0
m1,imp,59693,11000,0.0
m1,imp,59693,11500,0.0
m1,imp,59693,12000,0.0
m1,imp,59693,12500,0.0
m1,imp,59693,13000,0.0
m1,imp,59693,13500,0.0
m1,imp,59693,14000,0.0
m1,imp,59693,14500,0.005
m1,imp,59693,15000,0.0
m1,imp,59693,16000,0.0
m1,imp,59693,16500,0.0
m1,imp,59693,17000,0.0
m1,imp,59693,17500,0.0
m1,imp,59693,18000,0.0
m1,imp,59693,18500,0.0
m1,imp,59693,19000,0.0
m1,imp,59693,19500,0.0
m1,imp,59693,20000,0.0
m1,imp,59693,20500,0.0
m1,imp,59693,21000,0.0
m1,imp,59693,21500,0.0
m1,imp,59693,22000,0.012
m1,imp,59693,22500,0.0
m1,imp,59693,23000,0.0
m1,imp,59693,23500,0.0
m1,imp,59693,24000,0.009
m1,imp,59693,24500,0.0
m1,imp,59693,25000,0.0
m1,imp,59693,25500,0.0
m1,imp,59693,26000,0.008
m1,imp,59693,26500,0.0
m1,imp,59693,27000,0.0
m1,imp,59693,27500,0.0
m1,imp,59693,28000,0.03
m1,imp,59693,28500,0.012
m1,imp,59693,29000,0.0
m1,imp,59693,29500,0.035
m1,imp,59693,30000,0.015
m1,imp,59693,30500,0.079
m1,imp,59693,31000,0.142
m1,imp,59693,31500,0.055
m1,imp,59693,32000,0.061
m1,imp,59693,32500,0.059
m1,imp,59693,33000,0.34
m1,imp,59693,33500,0.023
m1,imp,59693,34000,0.328
m1,imp,59693,34500,0.075
m1,imp,59693,35000,0.412
m1,imp,59693,35500,0.222
m1,imp,59693,36000,0.627
m1,imp,59693,36500,0.778
m1,imp,59693,37000,0.78
m1,imp,59693,37500,0.843
m1,imp,59693,38000,0.7
m1,imp,59693,38500,0.743
m1,imp,59693,39000,0.613
m1,imp,59693,39500,0.692
m1,imp,59693,40000,0.653
m1,imp,59693,40500,0.481
m1,imp,59693,41000,0.844
m1,imp,59693,41500,0.565
m1,imp,59693,42000,0.871
m1,imp,59693,42500,0.679
m1,imp,59693,43000,0.5
m1,imp,59693,43500,0.714
m1,imp,59693,44000,0.918
m1,imp,59693,44500,1.0
m1,imp,59693,45000,0.692
m1,imp,59693,45500,0.299
m1,imp,59693,46000,0.661
m1,imp,59693,46500,0.398
m1,imp,59693,47000,0.539
m1,imp,59693,47500,0.607
m1,imp,59693,48000,0.524
m1,imp,59693,48500,0.857
m1,imp,59693,49000,0.843
m1,imp,59693,49500,0.705
m1,imp,59693,50000,0.453
m1,imp,59693,50500,0.78
m1,imp,59693,51000,0.605
m1,imp,59693,51500,0.622
m1,imp,59693,52000,0.579
m1,imp,59693,52500,0.615
m1,imp,59693,53000,0.69
m1,imp,59693,53500,0.753
m1,imp,59693,54000,0.571
m1,imp,59693,54500,0.722
m1,imp,59693,55000,0.608
m1,imp,59693,55500,0.685
m1,imp,59693,56000,0.545
m1,imp,59693,56500,0.693
m1,imp,59693,57000,0.442
m1,imp,59693,57500,0.445
m1,imp,59693,58000,0.248
m1,imp,59693,58500,0.491
m1,imp,59693,59000,0.435
m1,imp,59693,59500,0.449
m1,imp,59693,60000,0.429
m1,imp,59693,60500,0.647
m1,polB,67987,0,0.0
m1,polB,67987,500,0.0
m1,polB,67987,1000,0.0
m1,polB,67987,1500,0.0
m1,polB,67987,2000,0.0
m1,polB,67987,2500,0.0
m1,polB,67987,3000,0.0
m1,polB,67987,4000,0.0
m1,polB,67987,4500,0.0
m1,polB,67987,5000,0.0
m1,polB,67987,5500,0.0
m1,polB,67987,6000,0.0
m1,polB,67987,6500,0.0
m1,polB,67987,7000,0.0
m1,polB,67987,7500,0.0
m1,polB,67987,8000,0.0
m1,polB,67987,8500,0.0
m1,polB,67987,9000,0.0
m1,polB,67987,9500,0.0
m1,polB,67987,10000,0.0
m1,polB,67987,10500,0.0
m1,polB,67987,11000,0.0
m1,polB,67987,11500,0.0
m1,polB,67987,12000,0.0
m1,polB,67987,12500,0.0
m1,polB,67987,13000,0.0
m1,polB,67987,13500,0.0
m1,polB,67987,14000,0.0
m1,polB,67987,14500,0.0
m1,polB,67987,15000,0.027
m1,polB,67987,16000,0.0
m1,polB,67987,16500,0.0
m1,polB,67987,17000,0.0
m1,polB,67987,17500,0.0
m1,polB,67987,18000,0.0
m1,polB,67987,18500,0.0
m1,polB,67987,19000,0.0
m1,polB,67987,19500,0.0
m1,polB,67987,20000,0.0
m1,polB,67987,20500,0.0
m1,polB,67987,21000,0.0
m1,polB,67987,21500,0.0
m1,polB,67987,22000,0.0
m1,polB,67987,22500,0.0
m1,polB,67987,23000,0.0
m1,polB,67987,23500,0.0
m1,polB,67987,24000,0.0
m1,polB,67987,24500,0.0
m1,polB,67987,25000,0.0
m1,polB,67987,25500,0.0
m1,polB,67987,26000,0.0
m1,polB,67987,26500,0.0
m1,polB,67987,27000,0.0
m1,polB,67987,27500,0.0
m1,polB,67987,28000,0.017
m1,polB,67987,28500,0.017
m1,polB,67987,29000,0.041
m1,polB,67987,29500,0.0
m1,polB,67987,30000,0.0
m1,polB,67987,30500,0.076
m1,polB,67987,31000,0.159
m1,polB,67987,31500,0.025
m1,polB,67987,32000,0.018
m1,polB,67987,32500,0.261
m1,polB,67987,33000,0.28
m1,polB,67987,33500,0.0
m1,polB,67987,34000,0.424
m1,polB,67987,34500,0.019
m1,polB,67987,35000,0.61
m1,polB,67987,35500,0.328
m1,polB,67987,36000,0.577
m1,polB,67987,36500,0.75
m1,polB,67987,37000,0.77
m1,polB,67987,37500,0.851
m1,polB,67987,38000,1.0
m1,polB,67987,38500,0.9
m1,polB,67987,39000,0.731
m1,polB,67987,39500,0.846
m1,polB,67987,40000,0.7
m1,polB,67987,40500,0.571
m1,polB,67987,41000,0.941
m1,polB,67987,41500,0.667
m1,polB,67987,42000,0.614
m1,polB,67987,42500,0.553
m1,polB,67987,43000,0.509
m1,polB,67987,43500,0.723
m1,polB,67987,44000,0.929
m1,polB,67987,44500,0.917
m1,polB,67987,45000,0.871
m1,polB,67987,45500,0.457
m1,polB,67987,46000,0.675
m1,polB,67987,46500,0.491
m1,polB,67987,47000,0.578
m1,polB,67987,47500,0.571
m1,polB,67987,48000,0.444
m1,polB,67987,48500,0.733
m1,polB,67987,49000,0.865
m1,polB,67987,49500,0.6
m1,polB,67987,50000,0.468
m1,polB,67987,50500,0.714
m1,polB,67987,51000,0.54
m1,polB,67987,51500,0.432
m1,polB,67987,52000,0.781
m1,polB,67987,52500,0.554
m1,polB,67987,53000,0.769
m1,polB,67987,53500,0.65
m1,polB,67987,54000,0.615
m1,polB,67987,54500,0.69
m1,polB,67987,55000,0.589
m1,polB,67987,55500,0.77
m1,polB,67987,56000,0.789
m1,polB,67987,56500,0.877
m1,polB,67987,57000,0.595
m1,polB,67987,57500,0.371
m1,polB,67987,58000,0.316
m1,polB,67987,58500,0.439
m1,polB,67987,59000,0.44
m1,polB,67987,59500,0.545
m1,polB,67987,60000,0.323
m1,polB,67987,60500,0.571
m1,araA,70484,0,0.0
m1,araA,70484,500,0.0
m1,araA,70484,1000,0.0
m1,araA,70484,1500,0.0
m1,araA,70484,2000,0.0
m1,araA,70484,2500,0.0
m1,araA,70484,3000,0.0
m1,araA,70484,3500,0.0
m1,araA,70484,4000,0.0
m1,araA,70484,4500,0.0
m1,araA,70484,5000,0.0
m1,araA,70484,5500,0.0
m1,araA,70484,6000,0.0
m1,araA,70484,6500,0.0
m1,araA,70484,7000,0.0
m1,araA,70484,7500,0.0
m1,araA,70484,8000,0.0
m1,araA,70484,8500,0.0
m1,araA,70484,9000,0.0
m1,araA,70484,9500,0.0
m1,araA,70484,10000,0.0
m1,araA,70484,10500,0.0
m1,araA,70484,11000,0.0
m1,araA,70484,11500,0.0
m1,araA,70484,12000,0.0
m1,araA,70484,12500,0.0
m1,araA,70484,13000,0.0
m1,araA,70484,13500,0.0
m1,araA,70484,14000,0.0
m1,araA,70484,14500,0.0
m1,araA,70484,15000,0.0
m1,araA,70484,16000,0.0
m1,araA,70484,16500,0.0
m1,araA,70484,17000,0.0
m1,araA,70484,17500,0.0
m1,araA,70484,18000,0.0
m1,araA,70484,18500,0.0
m1,araA,70484,19000,0.0
m1,araA,70484,19500,0.0
m1,araA,70484,20000,0.0
m1,araA,70484,20500,0.0
m1,araA,70484,21000,0.0
m1,araA,70484,21500,0.0
m1,araA,70484,22000,0.0
m1,araA,70484,22500,0.0
m1,araA,70484,23000,0.0
m1,araA,70484,23500,0.0
m1,araA,70484,24000,0.0
m1,araA,70484,24500,0.0
m1,araA,70484,25000,0.0
m1,araA,70484,25500,0.0
m1,araA,70484,26000,0.0
m1,araA,70484,26500,0.0
m1,araA,70484,27000,0.0
m1,araA,70484,27500,0.258
m1,araA,70484,28000,0.161
m1,araA,70484,28500,0.219
m1,araA,70484,29000,0.431
m1,araA,70484,29500,0.461
m1,araA,70484,30000,0.429
m1,araA,70484,30500,0.259
m1,araA,70484,31000,0.299
m1,araA,70484,31500,0.111
m1,araA,70484,32000,0.487
m1,araA,70484,32500,0.19
m1,araA,70484,33000,0.339
m1,araA,70484,33500,0.108
m1,araA,70484,34000,0.375
m1,araA,70484,34500,0.133
m1,araA,70484,35000,0.554
m1,araA,70484,35500,0.478
m1,araA,70484,36000,0.765
m1,araA,70484,36500,0.795
m1,araA,70484,37000,0.854
m1,araA,70484,37500,0.795
m1,araA,70484,38000,1.0
m1,araA,70484,38500,0.826
m1,araA,70484,39000,0.893
m1,araA,70484,39500,0.917
m1,araA,70484,40000,0.75
m1,araA,70484,40500,0.424
m1,araA,70484,41000,0.857
m1,araA,70484,41500,0.7
m1,araA,70484,42000,0.783
m1,araA,70484,42500,0.375
m1,araA,70484,43000,0.49
m1,araA,70484,43500,0.838
m1,araA,70484,44000,0.943
m1,araA,70484,44500,0.925
m1,araA,70484,45000,0.606
m1,araA,70484,45500,0.6
m1,araA,70484,46000,0.467
m1,araA,70484,46500,0.431
m1,araA,70484,47000,0.55
m1,araA,70484,47500,0.596
m1,araA,70484,48000,0.55
m1,araA,70484,48500,0.763
m1,araA,70484,49000,0.81
m1,araA,70484,49500,0.76
m1,araA,70484,50000,0.455
m1,araA,70484,50500,0.716
m1,araA,70484,51000,0.51
m1,araA,70484,51500,0.658
m1,araA,70484,52000,0.514
m1,araA,70484,52500,0.471
m1,araA,70484,53000,0.594
m1,araA,70484,53500,0.718
m1,araA,70484,54000,0.57
m1,araA,70484,54500,0.704
m1,araA,70484,55000,0.786
m1,araA,70484,55500,0.747
m1,araA,70484,56000,0.679
m1,araA,70484,56500,0.731
m1,araA,70484,57000,0.727
m1,araA,70484,57500,0.333
m1,araA,70484,58000,0.342
m1,araA,70484,58500,0.582
m1,araA,70484,59000,0.416
m1,araA,70484,59500,0.474
m1,araA,70484,60000,0.371
m1,araA,70484,60500,0.525
m1,tbpA,77408,0,0.0
m1,tbpA,77408,500,0.0
m1,tbpA,77408,1000,0.0
m1,tbpA,77408,1500,0.0
m1,tbpA,77408,2000,0.0
m1,tbpA,77408,2500,0.0
m1,tbpA,77408,3000,0.0
m1,tbpA,77408,3500,0.0
m1,tbpA,77408,4000,0.0
m1,tbpA,77408,4500,0.0
m1,tbpA,77408,5000,0.0
m1,tbpA,77408,5500,0.0
m1,tbpA,77408,6000,0.0
m1,tbpA,77408,6500,0.0
m1,tbpA,77408,7000,0.0
m1,tbpA,77408,7500,0.0
m1,tbpA,77408,8000,0.0
m1,tbpA,77408,8500,0.0
m1,tbpA,77408,9000,0.0
m1,tbpA,77408,9500,0.0
m1,tbpA,77408,10000,0.0
m1,tbpA,77408,10500,0.0
m1,tbpA,77408,11000,0.0
m1,tbpA,77408,11500,0.0
m1,tbpA,77408,12000,0.0
m1,tbpA,77408,12500,0.0
m1,tbpA,77408,13000,0.0
m1,tbpA,77408,13500,0.0
m1,tbpA,77408,14000,0.0
m1,tbpA,77408,14500,0.0
m1,tbpA,77408,15000,0.0
m1,tbpA,77408,16000,0.0
m1,tbpA,77408,16500,0.0
m1,tbpA,77408,17000,0.0
m1,tbpA,77408,17500,0.0
m1,tbpA,77408,18000,0.0
m1,tbpA,77408,18500,0.0
m1,tbpA,77408,19000,0.0
m1,tbpA,77408,19500,0.0
m1,tbpA,77408,20000,0.0
m1,tbpA,77408,20500,0.0
m1,tbpA,77408,21000,0.0
m1,tbpA,77408,21500,0.0
m1,tbpA,77408,22000,0.0
m1,tbpA,77408,22500,0.0
m1,tbpA,77408,23000,0.0
m1,tbpA,77408,23500,0.0
m1,tbpA,77408,24000,0.0
m1,tbpA,77408,24500,0.0
m1,tbpA,77408,25000,0.0
m1,tbpA,77408,25500,0.0
m1,tbpA,77408,26000,0.0
m1,tbpA,77408,26500,0.0
m1,tbpA,77408,27000,0.0
m1,tbpA,77408,27500,0.275
m1,tbpA,77408,28000,0.163
m1,tbpA,77408,28500,0.452
m1,tbpA,77408,29000,0.478
m1,tbpA,77408,29500,0.512
m1,tbpA,77408,30000,0.294
m1,tbpA,77408,30500,0.326
m1,tbpA,77408,31000,0.302
m1,tbpA,77408,31500,0.257
m1,tbpA,77408,32000,0.435
m1,tbpA,77408,32500,0.3
m1,tbpA,77408,33000,0.403
m1,tbpA,77408,33500,0.089
m1,tbpA,77408,34000,0.333
m1,tbpA,77408,34500,0.12
m1,tbpA,77408,35000,0.6
m1,tbpA,77408,35500,0.414
m1,tbpA,77408,36000,0.712
m1,tbpA,77408,36500,0.707
m1,tbpA,77408,37000,0.718
m1,tbpA,77408,37500,0.929
m1,tbpA,77408,38000,1.0
m1,tbpA,77408,38500,0.833
m1,tbpA,77408,39000,0.85
m1,tbpA,77408,39500,0.625
m1,tbpA,77408,40000,1.0
m1,tbpA,77408,40500,0.667
m1,tbpA,77408,41000,0.792
m1,tbpA,77408,41500,0.591
m1,tbpA,77408,42000,0.768
m1,tbpA,77408,42500,0.469
m1,tbpA,77408,43000,0.542
m1,tbpA,77408,43500,0.882
m1,tbpA,77408,44000,0.857
m1,tbpA,77408,44500,0.944
m1,tbpA,77408,45000,0.88
m1,tbpA,77408,45500,0.243
m1,tbpA,77408,46000,0.714
m1,tbpA,77408,46500,0.2
m1,tbpA,77408,47000,0.521
m1,tbpA,77408,47500,0.824
m1,tbpA,77408,48000,0.75
m1,tbpA,77408,48500,0.744
m1,tbpA,77408,49000,0.857
m1,tbpA,77408,49500,0.818
m1,tbpA,77408,50000,0.622
m1,tbpA,77408,50500,0.708
m1,tbpA,77408,51000,0.571
m1,tbpA,77408,51500,0.625
m1,tbpA,77408,52000,0.647
m1,tbpA,77408,52500,0.642
m1,tbpA,77408,53000,0.737
m1,tbpA,77408,53500,0.824
m1,tbpA,77408,54000,0.571
m1,tbpA,77408,54500,0.8
m1,tbpA,77408,55000,0.727
m1,tbpA,77408,55500,0.727
m1,tbpA,77408,56000,0.769
m1,tbpA,77408,56500,0.842
m1,tbpA,77408,57000,0.458
m1,tbpA,77408,57500,0.475
m1,tbpA,77408,58000,0.312
m1,tbpA,77408,58500,0.483
m1,tbpA,77408,59000,0.424
m1,tbpA,77408,59500,0.513
m1,tbpA,77408,60000,0.412
m1,tbpA,77408,60500,0.667
m1,ilvI,90037,0,0.0
m1,ilvI,90037,500,0.0
m1,ilvI,90037,1000,0.0
m1,ilvI,90037,1500,0.0
m1,ilvI,90037,2000,0.0
m1,ilvI,90037,2500,0.0
m1,ilvI,90037,3000,0.0
m1,ilvI,90037,3500,0.0
m1,ilvI,90037,4000,0.0
m1,ilvI,90037,4500,0.0
m1,ilvI,90037,5000,0.0
m1,ilvI,90037,5500,0.0
m1,ilvI,90037,6000,0.0
m1,ilvI,90037,6500,0.0
m1,ilvI,90037,7000,0.0
m1,ilvI,90037,7500,0.0
m1,ilvI,90037,8000,0.0
m1,ilvI,90037,8500,0.0
m1,ilvI,90037,9000,0.0
m1,ilvI,90037,9500,0.0
m1,ilvI,90037,10000,0.0
m1,ilvI,90037,10500,0.0
m1,ilvI,90037,11000,0.0
m1,ilvI,90037,11500,0.0
m1,ilvI,90037,12000,0.0
m1,ilvI,90037,12500,0.0
m1,ilvI,90037,13000,0.0
m1,ilvI,90037,13500,0.0
m1,ilvI,90037,14000,0.0
m1,ilvI,90037,14500,0.0
m1,ilvI,90037,15000,0.02
m1,ilvI,90037,16000,0.0
m1,ilvI,90037,16500,0.0
m1,ilvI,90037,17000,0.0
m1,ilvI,90037,17500,0.0
m1,ilvI,90037,18000,0.0
m1,ilvI,90037,18500,0.028
m1,ilvI,90037,19000,0.0
m1,ilvI,90037,19500,0.0
m1,ilvI,90037,20000,0.0
m1,ilvI,90037,20500,0.0
m1,ilvI,90037,21000,0.0
m1,ilvI,90037,21500,0.0
m1,ilvI,90037,22000,0.0
m1,ilvI,90037,22500,0.0
m1,ilvI,90037,23000,0.0
m1,ilvI,90037,23500,0.0
m1,ilvI,90037,24000,0.0
m1,ilvI,90037,24500,0.0
m1,ilvI,90037,25000,0.0
m1,ilvI,90037,25500,0.0
m1,ilvI,90037,26000,0.0
m1,ilvI,90037,26500,0.0
m1,ilvI,90037,27000,0.0
m1,ilvI,90037,27500,0.0
m1,ilvI,90037,28000,0.0
m1,ilvI,90037,28500,0.0
m1,ilvI,90037,29000,0.033
m1,ilvI,90037,29500,0.061
m1,ilvI,90037,30000,0.0
m1,ilvI,90037,30500,0.13
m1,ilvI,90037,31000,0.148
m1,ilvI,90037,31500,0.038
m1,ilvI,90037,32000,0.048
m1,ilvI,90037,32500,0.056
m1,ilvI,90037,33000,0.341
m1,ilvI,90037,33500,0.009
m1,ilvI,90037,34000,0.425
m1,ilvI,90037,34500,0.073
m1,ilvI,90037,35000,0.459
m1,ilvI,90037,35500,0.424
m1,ilvI,90037,36000,0.711
m1,ilvI,90037,36500,0.734
m1,ilvI,90037,37000,0.755
m1,ilvI,90037,37500,0.842
m1,ilvI,90037,38000,1.0
m1,ilvI,90037,38500,0.722
m1,ilvI,90037,39000,0.722
m1,ilvI,90037,39500,0.917
m1,ilvI,90037,40000,0.88
m1,ilvI,90037,40500,0.636
m1,ilvI,90037,41000,0.839
m1,ilvI,90037,41500,0.833
m1,ilvI,90037,42000,0.86
m1,ilvI,90037,42500,0.55
m1,ilvI,90037,43000,0.41
m1,ilvI,90037,43500,0.9
m1,ilvI,90037,44000,0.939
m1,ilvI,90037,44500,0.865
m1,ilvI,90037,45000,0.857
m1,ilvI,90037,45500,0.286
m1,ilvI,90037,46000,0.529
m1,ilvI,90037,46500,0.333
m1,ilvI,90037,47000,0.495
m1,ilvI,90037,47500,0.613
m1,ilvI,90037,48000,0.655
m1,ilvI,90037,48500,0.59
m1,ilvI,90037,49000,0.726
m1,ilvI,90037,49500,0.711
m1,ilvI,90037,50000,0.544
m1,ilvI,90037,50500,0.75
m1,ilvI,90037,51000,0.488
m1,ilvI,90037,51500,0.564
m1,ilvI,90037,52000,0.636
m1,ilvI,90037,52500,0.595
m1,ilvI,90037,53000,0.686
m1,ilvI,90037,53500,0.765
m1,ilvI,90037,54000,0.659
m1,ilvI,90037,54500,0.79
m1,ilvI,90037,55000,0.725
m1,ilvI,90037,55500,0.547
m1,ilvI,90037,56000,0.658
m1,ilvI,90037,56500,0.833
m1,ilvI,90037,57000,0.724
m1,ilvI,90037,57500,0.551
m1,ilvI,90037,58000,0.244
m1,ilvI,90037,58500,0.522
m1,ilvI,90037,59000,0.485
m1,ilvI,90037,59500,0.458
m1,ilvI,90037,60000,0.416
m1,ilvI,90037,60500,0.563
m1,murG,103062,0,0.0
m1,murG,103062,500,0.0
m1,murG,103062,1000,0.0
m1,murG,103062,1500,0.0
m1,murG,103062,2000,0.0
m1,murG,103062,2500,0.0
m1,murG,103062,3000,0.0
m1,murG,103062,3500,0.0
m1,murG,103062,4000,0.0
m1,murG,103062,4500,0.0
m1,murG,103062,5000,0.0
m1,murG,103062,5500,0.0
m1,murG,103062,6000,0.02
m1,murG,103062,6500,0.0
m1,murG,103062,7000,0.0
m1,murG,103062,7500,0.0
m1,murG,103062,8000,0.0
m1,murG,103062,8500,0.0
m1,murG,103062,9000,0.0
m1,murG,103062,9500,0.0
m1,murG,103062,10000,0.0
m1,murG,103062,10500,0.0
m1,murG,103062,11000,0.0
m1,murG,103062,11500,0.0
m1,murG,103062,12000,0.0
m1,murG,103062,12500,0.0
m1,murG,103062,13000,0.0
m1,murG,103062,13500,0.0
m1,murG,103062,14000,0.0
m1,murG,103062,14500,0.0
m1,murG,103062,15000,0.0
m1,murG,103062,16000,0.0
m1,murG,103062,16500,0.0
m1,murG,103062,17000,0.0
m1,murG,103062,17500,0.0
m1,murG,103062,18000,0.0
m1,murG,103062,18500,0.0
m1,murG,103062,19000,0.0
m1,murG,103062,19500,0.0
m1,murG,103062,20000,0.0
m1,murG,103062,20500,0.0
m1,murG,103062,21000,0.0
m1,murG,103062,21500,0.0
m1,murG,103062,22000,0.0
m1,murG,103062,22500,0.0
m1,murG,103062,23000,0.0
m1,murG,103062,23500,0.0
m1,murG,103062,24000,0.0
m1,murG,103062,24500,0.0
m1,murG,103062,25000,0.0
m1,murG,103062,25500,0.0
m1,murG,103062,26000,0.0
m1,murG,103062,26500,0.0
m1,murG,103062,27000,0.0
m1,murG,103062,27500,0.0
m1,murG,103062,28000,0.0
m1,murG,103062,28500,0.0
m1,murG,103062,29000,0.0
m1,murG,103062,29500,0.035
m1,murG,103062,30000,0.0
m1,murG,103062,30500,0.163
m1,murG,103062,31000,0.179
m1,murG,103062,31500,0.016
m1,murG,103062,32000,0.02
m1,murG,103062,32500,0.073
m1,murG,103062,33000,0.333
m1,murG,103062,33500,0.044
m1,murG,103062,34000,0.205
m1,murG,103062,34500,0.053
m1,murG,103062,35000,0.552
m1,murG,103062,35500,0.339
m1,murG,103062,36000,0.663
m1,murG,103062,36500,0.618
m1,murG,103062,37000,0.738
m1,murG,103062,37500,0.824
m1,murG,103062,38000,0.833
m1,murG,103062,38500,0.625
m1,murG,103062,39000,0.739
m1,murG,103062,39500,0.905
m1,murG,103062,40000,0.88
m1,murG,103062,40500,0.423
m1,murG,103062,41000,1.0
m1,murG,103062,41500,0.5
m1,murG,103062,42000,0.857
m1,murG,103062,42500,0.553
m1,murG,103062,43000,0.511
m1,murG,103062,43500,0.842
m1,murG,103062,44000,0.632
m1,murG,103062,44500,0.882
m1,murG,103062,45000,0.529
m1,murG,103062,45500,0.5
m1,murG,103062,46000,0.661
m1,murG,103062,46500,0.312
m1,murG,103062,47000,0.582
m1,murG,103062,47500,0.613
m1,murG,103062,48000,0.605
m1,murG,103062,48500,0.696
m1,murG,103062,49000,0.859
m1,murG,103062,49500,0.754
m1,murG,103062,50000,0.552
m1,murG,103062,50500,0.804
m1,murG,103062,51000,0.621
m1,murG,103062,51500,0.619
m1,murG,103062,52000,0.771
m1,murG,103062,52500,0.609
m1,murG,103062,53000,0.623
m1,murG,103062,53500,0.716
m1,murG,103062,54000,0.635
m1,murG,103062,54500,0.733
m1,murG,103062,55000,0.755
m1,murG,103062,55500,0.682
m1,murG,103062,56000,0.647
m1,murG,103062,56500,0.731
m1,murG,103062,57000,0.528
m1,murG,103062,57500,0.5
m1,murG,103062,58000,0.338
m1,murG,103062,58500,0.606
m1,murG,103062,59000,0.516
m1,murG,103062,59500,0.521
m1,murG,103062,60000,0.317
m1,murG,103062,60500,0.655
m1,mutT,114028,0,0.0
m1,mutT,114028,500,0.0
m1,mutT,114028,1000,0.014
m1,mutT,114028,1500,0.0
m1,mutT,114028,2000,0.0
m1,mutT,114028,2500,0.0
m1,mutT,114028,3000,0.0
m1,mutT,114028,3500,0.0
m1,mutT,114028,4000,0.0
m1,mutT,114028,4500,0.0
m1,mutT,114028,5000,0.0
m1,mutT,114028,5500,0.0
m1,mutT,114028,6000,0.0
m1,mutT,114028,6500,0.02
m1,mutT,114028,7000,0.0
m1,mutT,114028,7500,0.0
m1,mutT,114028,8000,0.0
m1,mutT,114028,8500,0.0
m1,mutT,114028,9000,0.0
m1,mutT,114028,9500,0.0
m1,mutT,114028,10000,0.0
m1,mutT,114028,10500,0.018
m1,mutT,114028,11000,0.0
m1,mutT,114028,11500,0.0
m1,mutT,114028,12000,0.0
m1,mutT,114028,12500,0.0
m1,mutT,114028,13000,0.019
m1,mutT,114028,13500,0.0
m1,mutT,114028,14000,0.0
m1,mutT,114028,14500,0.037
m1,mutT,114028,15000,0.0
m1,mutT,114028,16000,0.0
m1,mutT,114028,16500,0.0
m1,mutT,114028,17000,0.011
m1,mutT,114028,17500,0.026
m1,mutT,114028,18000,0.0
m1,mutT,114028,18500,0.0
m1,mutT,114028,19000,0.0
m1,mutT,114028,19500,0.0
m1,mutT,114028,20000,0.0
m1,mutT,114028,20500,0.0
m1,mutT,114028,21000,0.0
m1,mutT,114028,21500,0.022
m1,mutT,114028,22000,0.0
m1,mutT,114028,22500,0.0
m1,mutT,114028,23000,0.0
m1,mutT,114028,23500,0.0
m1,mutT,114028,24000,0.065
m1,mutT,114028,24500,0.0
m1,mutT,114028,25000,0.0
m1,mutT,114028,25500,0.0
m1,mutT,114028,26000,0.012
m1,mutT,114028,26500,0.12
m1,mutT,114028,27000,0.314
m1,mutT,114028,27500,0.913
m1,mutT,114028,28000,0.823
m1,mutT,114028,28500,0.917
m1,mutT,114028,29000,0.935
m1,mutT,114028,29500,0.92
m1,mutT,114028,30000,0.936
m1,mutT,114028,30500,0.907
m1,mutT,114028,31000,0.882
m1,mutT,114028,31500,0.938
m1,mutT,114028,32000,0.912
m1,mutT,114028,32500,0.96
m1,mutT,114028,33000,0.952
m1,mutT,114028,33500,0.902
m1,mutT,114028,34000,0.95
m1,mutT,114028,34500,0.947
m1,mutT,114028,35000,0.972
m1,mutT,114028,35500,0.926
m1,mutT,114028,36000,0.935
m1,mutT,114028,36500,0.928
m1,mutT,114028,37000,0.862
m1,mutT,114028,37500,0.931
m1,mutT,114028,38000,1.0
m1,mutT,114028,38500,1.0
m1,mutT,114028,39000,0.949
m1,mutT,114028,39500,1.0
m1,mutT,114028,40000,0.9
m1,mutT,114028,40500,0.909
m1,mutT,114028,41000,0.935
m1,mutT,114028,41500,1.0
m1,mutT,114028,42000,0.921
m1,mutT,114028,42500,0.886
m1,mutT,114028,43000,0.906
m1,mutT,114028,43500,0.947
m1,mutT,114028,44000,0.956
m1,mutT,114028,44500,1.0
m1,mutT,114028,45000,0.962
m1,mutT,114028,45500,0.881
m1,mutT,114028,46000,0.929
m1,mutT,114028,46500,0.957
m1,mutT,114028,47000,0.926
m1,mutT,114028,47500,0.966
m1,mutT,114028,48000,0.9
m1,mutT,114028,48500,0.977
m1,mutT,114028,49000,0.93
m1,mutT,114028,49500,0.931
m1,mutT,114028,50000,0.917
m1,mutT,114028,50500,0.87
m1,mutT,114028,51000,0.949
m1,mutT,114028,51500,0.93
m1,mutT,114028,52000,0.966
m1,mutT,114028,52500,0.917
m1,mutT,114028,53000,0.981
m1,mutT,114028,53500,0.837
m1,mutT,114028,54000,0.903
m1,mutT,114028,54500,0.941
m1,mutT,114028,55000,0.957
m1,mutT,114028,55500,0.921
m1,mutT,114028,56000,0.982
m1,mutT,114028,56500,0.934
m1,mutT,114028,57000,0.97
m1,mutT,114028,57500,0.91
m1,mutT,114028,58000,0.944
m1,mutT,114028,58500,0.939
m1,mutT,114028,59000,0.892
m1,mutT,114028,59500,0.944
m1,mutT,114028,60000,0.948
m1,mutT,114028,60500,0.938
m1,guaC,116302,0,0.0
m1,guaC,116302,500,0.0
m1,guaC,116302,1000,0.0
m1,guaC,116302,1500,0.0
m1,guaC,116302,2000,0.0
m1,guaC,116302,2500,0.0
m1,guaC,116302,3000,0.0
m1,guaC,116302,3500,0.0
m1,guaC,116302,4000,0.0
m1,guaC,116302,4500,0.0
m1,guaC,116302,5000,0.0
m1,guaC,116302,5500,0.0
m1,guaC,116302,6000,0.0
m1,guaC,116302,6500,0.0
m1,guaC,116302,7000,0.0
m1,guaC,116302,7500,0.0
m1,guaC,116302,8000,0.0
m1,guaC,116302,8500,0.0
m1,guaC,116302,9000,0.0
m1,guaC,116302,9500,0.0
m1,guaC,116302,10000,0.0
m1,guaC,116302,10500,0.0
m1,guaC,116302,11000,0.0
m1,guaC,116302,11500,0.0
m1,guaC,116302,12000,0.0
m1,guaC,116302,12500,0.0
m1,guaC,116302,13000,0.0
m1,guaC,116302,13500,0.0
m1,guaC,116302,14000,0.0
m1,guaC,116302,14500,0.0
m1,guaC,116302,15000,0.0
m1,guaC,116302,16000,0.0
m1,guaC,116302,16500,0.0
m1,guaC,116302,17000,0.0
m1,guaC,116302,17500,0.0
m1,guaC,116302,18000,0.0
m1,guaC,116302,18500,0.0
m1,guaC,116302,19000,0.0
m1,guaC,116302,19500,0.0
m1,guaC,116302,20000,0.0
m1,guaC,116302,20500,0.0
m1,guaC,116302,21000,0.0
m1,guaC,116302,21500,0.0
m1,guaC,116302,22000,0.0
m1,guaC,116302,22500,0.0
m1,guaC,116302,23000,0.0
m1,guaC,116302,23500,0.0
m1,guaC,116302,24000,0.0
m1,guaC,116302,24500,0.0
m1,guaC,116302,25000,0.02
m1,guaC,116302,25500,0.0
m1,guaC,116302,26000,0.0
m1,guaC,116302,26500,0.0
m1,guaC,116302,27000,0.0
m1,guaC,116302,27500,0.0
m1,guaC,116302,28000,0.0
m1,guaC,116302,28500,0.0
m1,guaC,116302,29000,0.0
m1,guaC,116302,29500,0.0
m1,guaC,116302,30000,0.0
m1,guaC,116302,30500,0.038
m1,guaC,116302,31000,0.118
m1,guaC,116302,31500,0.05
m1,guaC,116302,32000,0.047
m1,guaC,116302,32500,0.192
m1,guaC,116302,33000,0.294
m1,guaC,116302,33500,0.032
m1,guaC,116302,34000,0.333
m1,guaC,116302,34500,0.052
m1,guaC,116302,35000,0.545
m1,guaC,116302,35500,0.324
m1,guaC,116302,36000,0.604
m1,guaC,116302,36500,0.718
m1,guaC,116302,37000,0.667
m1,guaC,116302,37500,0.888
m1,guaC,116302,38000,1.0
m1,guaC,116302,38500,0.857
m1,guaC,116302,39000,0.818
m1,guaC,116302,39500,0.444
m1,guaC,116302,40000,0.862
m1,guaC,116302,40500,0.667
m1,guaC,116302,41000,0.966
m1,guaC,116302,41500,0.821
m1,guaC,116302,42000,0.753
m1,guaC,116302,42500,0.568
m1,guaC,116302,43000,0.538
m1,guaC,116302,43500,0.814
m1,guaC,116302,44000,0.811
m1,guaC,116302,44500,0.875
m1,guaC,116302,45000,0.759
m1,guaC,116302,45500,0.415
m1,guaC,116302,46000,0.689
m1,guaC,116302,46500,0.315
m1,guaC,116302,47000,0.546
m1,guaC,116302,47500,0.6
m1,guaC,116302,48000,0.613
m1,guaC,116302,48500,0.705
m1,guaC,116302,49000,0.793
m1,guaC,116302,49500,0.754
m1,guaC,116302,50000,0.556
m1,guaC,116302,50500,0.795
m1,guaC,116302,51000,0.722
m1,guaC,116302,51500,0.596
m1,guaC,116302,52000,0.81
m1,guaC,116302,52500,0.647
m1,guaC,116302,53000,0.714
m1,guaC,116302,53500,0.608
m1,guaC,116302,54000,0.626
m1,guaC,116302,54500,0.729
m1,guaC,116302,55000,0.736
m1,guaC,116302,55500,0.709
m1,guaC,116302,56000,0.75
m1,guaC,116302,56500,0.693
m1,guaC,116302,57000,0.547
m1,guaC,116302,57500,0.481
m1,guaC,116302,58000,0.326
m1,guaC,116302,58500,0.373
m1,guaC,116302,59000,0.467
m1,guaC,116302,59500,0.533
m1,guaC,116302,60000,0.403
m1,guaC,116302,60500,0.508
m1,cueO,140021,0,0.0
m1,cueO,140021,500,0.0
m1,cueO,140021,1000,0.0
m1,cueO,140021,1500,0.0
m1,cueO,140021,2000,0.0
m1,cueO,140021,2500,0.0
m1,cueO,140021,3000,0.0
m1,cueO,140021,3500,0.0
m1,cueO,140021,4000,0.0
m1,cueO,140021,4500,0.0
m1,cueO,140021,5000,0.0
m1,cueO,140021,5500,0.0
m1,cueO,140021,6000,0.0
m1,cueO,140021,6500,0.0
m1,cueO,140021,7000,0.0
m1,cueO,140021,7500,0.0
m1,cueO,140021,8000,0.0
m1,cueO,140021,8500,0.0
m1,cueO,140021,9000,0.0
m1,cueO,140021,9500,0.0
m1,cueO,140021,10000,0.0
m1,cueO,140021,10500,0.0
m1,cueO,140021,11000,0.0
m1,cueO,140021,11500,0.0
m1,cueO,140021,12000,0.0
m1,cueO,140021,12500,0.0
m1,cueO,140021,13000,0.0
m1,cueO,140021,13500,0.0
m1,cueO,140021,14000,0.0
m1,cueO,140021,14500,0.0
m1,cueO,140021,15000,0.0
m1,cueO,140021,16000,0.0
m1,cueO,140021,16500,0.0
m1,cueO,140021,17000,0.0
m1,cueO,140021,17500,0.0
m1,cueO,140021,18000,0.0
m1,cueO,140021,18500,0.0
m1,cueO,140021,19000,0.0
m1,cueO,140021,19500,0.013
m1,cueO,140021,20000,0.0
m1,cueO,140021,20500,0.0
m1,cueO,140021,21000,0.0
m1,cueO,140021,21500,0.0
m1,cueO,140021,22000,0.0
m1,cueO,140021,22500,0.0
m1,cueO,140021,23000,0.0
m1,cueO,140021,23500,0.0
m1,cueO,140021,24000,0.0
m1,cueO,140021,24500,0.0
m1,cueO,140021,25000,0.0
m1,cueO,140021,25500,0.0
m1,cueO,140021,26000,0.0
m1,cueO,140021,26500,0.0
m1,cueO,140021,27000,0.0
m1,cueO,140021,27500,0.016
m1,cueO,140021,28000,0.0
m1,cueO,140021,28500,0.036
m1,cueO,140021,29000,0.0
m1,cueO,140021,29500,0.021
m1,cueO,140021,30000,0.032
m1,cueO,140021,30500,0.105
m1,cueO,140021,31000,0.099
m1,cueO,140021,31500,0.036
m1,cueO,140021,32000,0.09
m1,cueO,140021,32500,0.109
m1,cueO,140021,33000,0.257
m1,cueO,140021,33500,0.011
m1,cueO,140021,34000,0.352
m1,cueO,140021,34500,0.052
m1,cueO,140021,35000,0.508
m1,cueO,140021,35500,0.284
m1,cueO,140021,36000,0.612
m1,cueO,140021,36500,0.742
m1,cueO,140021,37000,0.836
m1,cueO,140021,37500,0.849
m1,cueO,140021,38000,0.769
m1,cueO,140021,38500,0.842
m1,cueO,140021,39000,0.64
m1,cueO,140021,39500,0.938
m1,cueO,140021,40000,0.846
m1,cueO,140021,40500,0.543
m1,cueO,140021,41000,0.833
m1,cueO,140021,41500,0.6
m1,cueO,140021,42000,0.81
m1,cueO,140021,42500,0.694
m1,cueO,140021,43000,0.405
m1,cueO,140021,43500,0.704
m1,cueO,140021,44000,0.786
m1,cueO,140021,44500,1.0
m1,cueO,140021,45000,0.611
m1,cueO,140021,45500,0.3
m1,cueO,140021,46000,0.688
m1,cueO,140021,46500,0.393
m1,cueO,140021,47000,0.653
m1,cueO,140021,47500,0.628
m1,cueO,140021,48000,0.639
m1,cueO,140021,48500,0.745
m1,cueO,140021,49000,0.807
m1,cueO,140021,49500,0.746
m1,cueO,140021,50000,0.667
m1,cueO,140021,50500,0.681
m1,cueO,140021,51000,0.667
m1,cueO,140021,51500,0.595
m1,cueO,140021,52000,0.639
m1,cueO,140021,52500,0.727
m1,cueO,140021,53000,0.636
m1,cueO,140021,53500,0.688
m1,cueO,140021,54000,0.6
m1,cueO,140021,54500,0.596
m1,cueO,140021,55000,0.8
m1,cueO,140021,55500,0.7
m1,cueO,140021,56000,0.674
m1,cueO,140021,56500,0.774
m1,cueO,140021,57000,0.634
m1,cueO,140021,57500,0.39
m1,cueO,140021,58000,0.368
m1,cueO,140021,58500,0.66
m1,cueO,140021,59000,0.57
m1,cueO,140021,59500,0.615
m1,cueO,140021,60000,0.494
m1,cueO,140021,60500,0.379
m1,yadG,145773,0,0.0
m1,yadG,145773,500,0.0
m1,yadG,145773,1000,0.0
m1,yadG,145773,1500,0.0
m1,yadG,145773,2000,0.0
m1,yadG,145773,2500,0.0
m1,yadG,145773,3000,0.0
m1,yadG,145773,3500,0.0
m1,yadG,145773,4000,0.0
m1,yadG,145773,4500,0.0
m1,yadG,145773,5000,0.0
m1,yadG,145773,5500,0.0
m1,yadG,145773,6000,0.0
m1,yadG,145773,6500,0.0
m1,yadG,145773,7000,0.0
m1,yadG,145773,7500,0.0
m1,yadG,145773,8000,0.0
m1,yadG,145773,8500,0.0
m1,yadG,145773,9000,0.0
m1,yadG,145773,9500,0.0
m1,yadG,145773,10000,0.0
m1,yadG,145773,10500,0.0
m1,yadG,145773,11000,0.0
m1,yadG,145773,11500,0.0
m1,yadG,145773,12000,0.0
m1,yadG,145773,12500,0.0
m1,yadG,145773,13000,0.0
m1,yadG,145773,13500,0.0
m1,yadG,145773,14000,0.026
m1,yadG,145773,14500,0.0
m1,yadG,145773,15000,0.0
m1,yadG,145773,16000,0.0
m1,yadG,145773,16500,0.0
m1,yadG,145773,17000,0.0
m1,yadG,145773,17500,0.0
m1,yadG,145773,18000,0.0
m1,yadG,145773,18500,0.0
m1,yadG,145773,19000,0.0
m1,yadG,145773,19500,0.0
m1,yadG,145773,20000,0.0
m1,yadG,145773,20500,0.037
m1,yadG,145773,21000,0.0
m1,yadG,145773,21500,0.0
m1,yadG,145773,22000,0.0
m1,yadG,145773,22500,0.0
m1,yadG,145773,23000,0.0
m1,yadG,145773,23500,0.0
m1,yadG,145773,24000,0.0
m1,yadG,145773,24500,0.0
m1,yadG,145773,25000,0.0
m1,yadG,145773,25500,0.0
m1,yadG,145773,26000,0.032
m1,yadG,145773,26500,0.069
m1,yadG,145773,27000,0.313
m1,yadG,145773,27500,0.968
m1,yadG,145773,28000,0.944
m1,yadG,145773,28500,1.0
m1,yadG,145773,29000,1.0
m1,yadG,145773,29500,1.0
m1,yadG,145773,30000,1.0
m1,yadG,145773,30500,1.0
m1,yadG,145773,31000,1.0
m1,yadG,145773,31500,1.0
m1,yadG,145773,32000,1.0
m1,yadG,145773,32500,1.0
m1,yadG,145773,33000,1.0
m1,yadG,145773,33500,1.0
m1,yadG,145773,34000,1.0
m1,yadG,145773,34500,1.0
m1,yadG,145773,35000,0.986
m1,yadG,145773,35500,1.0
m1,yadG,145773,36000,0.991
m1,yadG,145773,36500,1.0
m1,yadG,145773,37000,1.0
m1,yadG,145773,37500,1.0
m1,yadG,145773,38000,1.0
m1,yadG,145773,38500,0.958
m1,yadG,145773,39000,1.0
m1,yadG,145773,39500,1.0
m1,yadG,145773,40000,1.0
m1,yadG,145773,40500,1.0
m1,yadG,145773,41000,1.0
m1,yadG,145773,41500,1.0
m1,yadG,145773,42000,1.0
m1,yadG,145773,42500,1.0
m1,yadG,145773,43000,1.0
m1,yadG,145773,43500,1.0
m1,yadG,145773,44000,1.0
m1,yadG,145773,44500,1.0
m1,yadG,145773,45000,1.0
m1,yadG,145773,45500,1.0
m1,yadG,145773,46000,1.0
m1,yadG,145773,46500,1.0
m1,yadG,145773,47000,1.0
m1,yadG,145773,47500,1.0
m1,yadG,145773,48000,1.0
m1,yadG,145773,48500,1.0
m1,yadG,145773,49000,1.0
m1,yadG,145773,49500,1.0
m1,yadG,145773,50000,1.0
m1,yadG,145773,50500,1.0
m1,yadG,145773,51000,1.0
m1,yadG,145773,51500,0.981
m1,yadG,145773,52000,1.0
m1,yadG,145773,52500,1.0
m1,yadG,145773,53000,1.0
m1,yadG,145773,53500,1.0
m1,yadG,145773,54000,1.0
m1,yadG,145773,54500,1.0
m1,yadG,145773,55000,1.0
m1,yadG,145773,55500,1.0
m1,yadG,145773,56000,1.0
m1,yadG,145773,56500,1.0
m1,yadG,145773,57000,1.0
m1,yadG,145773,57500,0.99
m1,yadG,145773,58000,1.0
m1,yadG,145773,58500,1.0
m1,yadG,145773,59000,1.0
m1,yadG,145773,59500,1.0
m1,yadG,145773,60000,1.0
m1,yadG,145773,60500,1.0
m1,yadG,146285,0,0.0
m1,yadG,146285,500,0.0
m1,yadG,146285,1000,0.0
m1,yadG,146285,1500,0.0
m1,yadG,146285,2000,0.0
m1,yadG,146285,2500,0.0
m1,yadG,146285,3000,0.0
m1,yadG,146285,3500,0.0
m1,yadG,146285,4000,0.0
m1,yadG,146285,4500,0.0
m1,yadG,146285,5000,0.0
m1,yadG,146285,5500,0.0
m1,yadG,146285,6000,0.0
m1,yadG,146285,6500,0.0
m1,yadG,146285,7000,0.0
m1,yadG,146285,7500,0.0
m1,yadG,146285,8000,0.0
m1,yadG,146285,8500,0.0
m1,yadG,146285,9000,0.0
m1,yadG,146285,9500,0.0
m1,yadG,146285,10000,0.0
m1,yadG,146285,10500,0.0
m1,yadG,146285,11000,0.0
m1,yadG,146285,11500,0.0
m1,yadG,146285,12000,0.0
m1,yadG,146285,12500,0.0
m1,yadG,146285,13000,0.0
m1,yadG,146285,13500,0.0
m1,yadG,146285,14000,0.0
m1,yadG,146285,14500,0.0
m1,yadG,146285,15000,0.0
m1,yadG,146285,16000,0.0
m1,yadG,146285,16500,0.0
m1,yadG,146285,17000,0.0
m1,yadG,146285,17500,0.0
m1,yadG,146285,18000,0.0
m1,yadG,146285,18500,0.0
m1,yadG,146285,19000,0.0
m1,yadG,146285,19500,0.0
m1,yadG,146285,20000,0.0
m1,yadG,146285,20500,0.0
m1,yadG,146285,21000,0.0
m1,yadG,146285,21500,0.0
m1,yadG,146285,22000,0.0
m1,yadG,146285,22500,0.0
m1,yadG,146285,23000,0.0
m1,yadG,146285,23500,0.0
m1,yadG,146285,24000,0.0
m1,yadG,146285,24500,0.0
m1,yadG,146285,25000,0.0
m1,yadG,146285,25500,0.0
m1,yadG,146285,26000,0.0
m1,yadG,146285,26500,0.0
m1,yadG,146285,27000,0.0
m1,yadG,146285,27500,0.0
m1,yadG,146285,28000,0.0
m1,yadG,146285,28500,0.0
m1,yadG,146285,29000,0.028
m1,yadG,146285,29500,0.02
m1,yadG,146285,30000,0.045
m1,yadG,146285,30500,0.101
m1,yadG,146285,31000,0.097
m1,yadG,146285,31500,0.051
m1,yadG,146285,32000,0.025
m1,yadG,146285,32500,0.098
m1,yadG,146285,33000,0.297
m1,yadG,146285,33500,0.056
m1,yadG,146285,34000,0.417
m1,yadG,146285,34500,0.073
m1,yadG,146285,35000,0.519
m1,yadG,146285,35500,0.234
m1,yadG,146285,36000,0.584
m1,yadG,146285,36500,0.793
m1,yadG,146285,37000,0.753
m1,yadG,146285,37500,0.832
m1,yadG,146285,38000,1.0
m1,yadG,146285,38500,0.75
m1,yadG,146285,39000,0.656
m1,yadG,146285,39500,0.812
m1,yadG,146285,40000,0.821
m1,yadG,146285,40500,0.491
m1,yadG,146285,41000,0.778
m1,yadG,146285,41500,0.639
m1,yadG,146285,42000,0.765
m1,yadG,146285,42500,0.46
m1,yadG,146285,43000,0.455
m1,yadG,146285,43500,0.865
m1,yadG,146285,44000,0.872
m1,yadG,146285,44500,0.979
m1,yadG,146285,45000,0.667
m1,yadG,146285,45500,0.387
m1,yadG,146285,46000,0.597
m1,yadG,146285,46500,0.375
m1,yadG,146285,47000,0.489
m1,yadG,146285,47500,0.557
m1,yadG,146285,48000,0.591
m1,yadG,146285,48500,0.844
m1,yadG,146285,49000,0.667
m1,yadG,146285,49500,0.824
m1,yadG,146285,50000,0.469
m1,yadG,146285,50500,0.628
m1,yadG,146285,51000,0.582
m1,yadG,146285,51500,0.656
m1,yadG,146285,52000,0.515
m1,yadG,146285,52500,0.594
m1,yadG,146285,53000,0.58
m1,yadG,146285,53500,0.721
m1,yadG,146285,54000,0.569
m1,yadG,146285,54500,0.724
m1,yadG,146285,55000,0.827
m1,yadG,146285,55500,0.655
m1,yadG,146285,56000,0.582
m1,yadG,146285,56500,0.762
m1,yadG,146285,57000,0.582
m1,yadG,146285,57500,0.496
m1,yadG,146285,58000,0.286
m1,yadG,146285,58500,0.587
m1,yadG,146285,59000,0.408
m1,yadG,146285,59500,0.431
m1,yadG,146285,60000,0.322
m1,yadG,146285,60500,0.456
m1,htrE,156770,0,0.0
m1,htrE,156770,500,0.0
m1,htrE,156770,1000,0.0
m1,htrE,156770,1500,0.0
m1,htrE,156770,2000,0.0
m1,htrE,156770,2500,0.0
m1,htrE,156770,3000,0.0
m1,htrE,156770,3500,0.0
m1,htrE,156770,4000,0.0
m1,htrE,156770,4500,0.0
m1,htrE,156770,5000,0.0
m1,htrE,156770,5500,0.0
m1,htrE,156770,6000,0.0
m1,htrE,156770,6500,0.0
m1,htrE,156770,7000,0.0
m1,htrE,156770,7500,0.0
m1,htrE,156770,8000,0.0
m1,htrE,156770,8500,0.0
m1,htrE,156770,9000,0.0
m1,htrE,156770,9500,0.0
m1,htrE,156770,10000,0.0
m1,htrE,156770,10500,0.0
m1,htrE,156770,11000,0.0
m1,htrE,156770,11500,0.0
m1,htrE,156770,12000,0.0
m1,htrE,156770,12500,0.0
m1,htrE,156770,13000,0.0
m1,htrE,156770,13500,0.0
m1,htrE,156770,14000,0.0
m1,htrE,156770,14500,0.0
m1,htrE,156770,15000,0.0
m1,htrE,156770,16000,0.0
m1,htrE,156770,16500,0.0
m1,htrE,156770,17000,0.0
m1,htrE,156770,17500,0.029
m1,htrE,156770,18000,0.0
m1,htrE,156770,18500,0.0
m1,htrE,156770,19000,0.0
m1,htrE,156770,19500,0.0
m1,htrE,156770,20000,0.0
m1,htrE,156770,20500,0.0
m1,htrE,156770,21000,0.0
m1,htrE,156770,21500,0.0
m1,htrE,156770,22000,0.0
m1,htrE,156770,22500,0.0
m1,htrE,156770,23000,0.0
m1,htrE,156770,23500,0.0
m1,htrE,156770,24000,0.0
m1,htrE,156770,24500,0.0
m1,htrE,156770,25000,0.0
m1,htrE,156770,25500,0.0
m1,htrE,156770,26000,0.0
m1,htrE,156770,26500,0.014
m1,htrE,156770,27000,0.221
m1,htrE,156770,27500,0.738
m1,htrE,156770,28000,0.756
m1,htrE,156770,28500,0.869
m1,htrE,156770,29000,0.627
m1,htrE,156770,29500,0.933
m1,htrE,156770,30000,0.986
m1,htrE,156770,30500,1.0
m1,htrE,156770,31000,1.0
m1,htrE,156770,31500,0.991
m1,htrE,156770,32000,0.973
m1,htrE,156770,32500,1.0
m1,htrE,156770,33000,0.993
m1,htrE,156770,33500,1.0
m1,htrE,156770,34000,1.0
m1,htrE,156770,34500,0.993
m1,htrE,156770,35000,0.989
m1,htrE,156770,35500,0.976
m1,htrE,156770,36000,0.982
m1,htrE,156770,36500,1.0
m1,htrE,156770,37000,0.892
m1,htrE,156770,37500,0.983
m1,htrE,156770,38000,1.0
m1,htrE,156770,38500,1.0
m1,htrE,156770,39000,1.0
m1,htrE,156770,39500,1.0
m1,htrE,156770,40000,1.0
m1,htrE,156770,40500,1.0
m1,htrE,156770,41000,1.0
m1,htrE,156770,41500,1.0
m1,htrE,156770,42000,1.0
m1,htrE,156770,42500,1.0
m1,htrE,156770,43000,1.0
m1,htrE,156770,43500,1.0
m1,htrE,156770,44000,1.0
m1,htrE,156770,44500,1.0
m1,htrE,156770,45000,1.0
m1,htrE,156770,45500,1.0
m1,htrE,156770,46000,1.0
m1,htrE,156770,46500,0.988
m1,htrE,156770,47000,1.0
m1,htrE,156770,47500,1.0
m1,htrE,156770,48000,1.0
m1,htrE,156770,48500,0.986
m1,htrE,156770,49000,1.0
m1,htrE,156770,49500,1.0
m1,htrE,156770,50000,1.0
m1,htrE,156770,50500,1.0
m1,htrE,156770,51000,1.0
m1,htrE,156770,51500,1.0
m1,htrE,156770,52000,1.0
m1,htrE,156770,52500,1.0
m1,htrE,156770,53000,1.0
m1,htrE,156770,53500,1.0
m1,htrE,156770,54000,0.992
m1,htrE,156770,54500,1.0
m1,htrE,156770,55000,1.0
m1,htrE,156770,55500,1.0
m1,htrE,156770,56000,1.0
m1,htrE,156770,56500,1.0
m1,htrE,156770,57000,1.0
m1,htrE,156770,57500,1.0
m1,htrE,156770,58000,1.0
m1,htrE,156770,58500,1.0
m1,htrE,156770,59000,1.0
m1,htrE,156770,59500,1.0
m1,htrE,156770,60000,0.989
m1,htrE,156770,60500,1.0
m1,pcnB,161041,0,0.0
m1,pcnB,161041,500,0.0
m1,pcnB,161041,1000,0.0
m1,pcnB,161041,1500,0.0
m1,pcnB,161041,2000,0.0
m1,pcnB,161041,2500,0.0
m1,pcnB,161041,3000,0.0
m1,pcnB,161041,3500,0.0
m1,pcnB,161041,4000,0.0
m1,pcnB,161041,4500,0.0
m1,pcnB,161041,5000,0.0
m1,pcnB,161041,5500,0.0
m1,pcnB,161041,6000,0.0
m1,pcnB,161041,6500,0.0
m1,pcnB,161041,7000,0.0
m1,pcnB,161041,7500,0.021
m1,pcnB,161041,8000,0.0
m1,pcnB,161041,8500,0.0
m1,pcnB,161041,9000,0.0
m1,pcnB,161041,9500,0.0
m1,pcnB,161041,10000,0.0
m1,pcnB,161041,10500,0.0
m1,pcnB,161041,11000,0.0
m1,pcnB,161041,11500,0.0
m1,pcnB,161041,12000,0.016
m1,pcnB,161041,12500,0.0
m1,pcnB,161041,13000,0.243
m1,pcnB,161041,13500,0.957
m1,pcnB,161041,14000,0.848
m1,pcnB,161041,14500,0.967
m1,pcnB,161041,15000,0.97
m1,pcnB,161041,16000,0.984
m1,pcnB,161041,16500,0.991
m1,pcnB,161041,17000,0.979
m1,pcnB,161041,17500,1.0
m1,pcnB,161041,18000,1.0
m1,pcnB,161041,18500,1.0
m1,pcnB,161041,19000,1.0
m1,pcnB,161041,19500,1.0
m1,pcnB,161041,20000,1.0
m1,pcnB,161041,20500,0.972
m1,pcnB,161041,21000,1.0
m1,pcnB,161041,21500,1.0
m1,pcnB,161041,22000,1.0
m1,pcnB,161041,22500,1.0
m1,pcnB,161041,23000,1.0
m1,pcnB,161041,23500,1.0
m1,pcnB,161041,24000,1.0
m1,pcnB,161041,24500,1.0
m1,pcnB,161041,25000,1.0
m1,pcnB,161041,25500,1.0
m1,pcnB,161041,26000,1.0
m1,pcnB,161041,26500,1.0
m1,pcnB,161041,27000,1.0
m1,pcnB,161041,27500,1.0
m1,pcnB,161041,28000,1.0
m1,pcnB,161041,28500,1.0
m1,pcnB,161041,29000,1.0
m1,pcnB,161041,29500,1.0
m1,pcnB,161041,30000,1.0
m1,pcnB,161041,30500,1.0
m1,pcnB,161041,31000,1.0
m1,pcnB,161041,31500,1.0
m1,pcnB,161041,32000,1.0
m1,pcnB,161041,32500,1.0
m1,pcnB,161041,33000,1.0
m1,pcnB,161041,33500,1.0
m1,pcnB,161041,34000,1.0
m1,pcnB,161041,34500,1.0
m1,pcnB,161041,35000,1.0
m1,pcnB,161041,35500,1.0
m1,pcnB,161041,36000,1.0
m1,pcnB,161041,36500,1.0
m1,pcnB,161041,37000,1.0
m1,pcnB,161041,37500,1.0
m1,pcnB,161041,38000,1.0
m1,pcnB,161041,38500,1.0
m1,pcnB,161041,39000,0.971
m1,pcnB,161041,39500,1.0
m1,pcnB,161041,40000,1.0
m1,pcnB,161041,40500,1.0
m1,pcnB,161041,41000,1.0
m1,pcnB,161041,41500,1.0
m1,pcnB,161041,42000,1.0
m1,pcnB,161041,42500,1.0
m1,pcnB,161041,43000,1.0
m1,pcnB,161041,43500,1.0
m1,pcnB,161041,44000,1.0
m1,pcnB,161041,44500,1.0
m1,pcnB,161041,45000,1.0
m1,pcnB,161041,45500,1.0
m1,pcnB,161041,46000,1.0
m1,pcnB,161041,46500,1.0
m1,pcnB,161041,47000,1.0
m1,pcnB,161041,47500,1.0
m1,pcnB,161041,48000,1.0
m1,pcnB,161041,48500,1.0
m1,pcnB,161041,49000,1.0
m1,pcnB,161041,49500,1.0
m1,pcnB,161041,50000,0.989
m1,pcnB,161041,50500,1.0
m1,pcnB,161041,51000,0.984
m1,pcnB,161041,51500,1.0
m1,pcnB,161041,52000,1.0
m1,pcnB,161041,52500,1.0
m1,pcnB,161041,53000,1.0
m1,pcnB,161041,53500,1.0
m1,pcnB,161041,54000,1.0
m1,pcnB,161041,54500,1.0
m1,pcnB,161041,55000,1.0
m1,pcnB,161041,55500,1.0
m1,pcnB,161041,56000,1.0
m1,pcnB,161041,56500,1.0
m1,pcnB,161041,57000,0.985
m1,pcnB,161041,57500,1.0
m1,pcnB,161041,58000,0.991
m1,pcnB,161041,58500,1.0
m1,pcnB,161041,59000,0.99
m1,pcnB,161041,59500,1.0
m1,pcnB,161041,60000,0.989
m1,pcnB,161041,60500,1.0
m1,yadQ,178875,0,0.0
m1,yadQ,178875,500,0.0
m1,yadQ,178875,1000,0.0
m1,yadQ,178875,1500,0.0
m1,yadQ,178875,2000,0.0
m1,yadQ,178875,2500,0.0
m1,yadQ,178875,3000,0.0
m1,yadQ,178875,3500,0.0
m1,yadQ,178875,4000,0.0
m1,yadQ,178875,4500,0.0
m1,yadQ,178875,5000,0.0
m1,yadQ,178875,5500,0.0
m1,yadQ,178875,6000,0.0
m1,yadQ,178875,6500,0.0
m1,yadQ,178875,7000,0.0
m1,yadQ,178875,7500,0.0
m1,yadQ,178875,8000,0.0
m1,yadQ,178875,8500,0.0
m1,yadQ,178875,9000,0.0
m1,yadQ,178875,9500,0.0
m1,yadQ,178875,10000,0.0
m1,yadQ,178875,10500,0.0
m1,yadQ,178875,11000,0.0
m1,yadQ,178875,11500,0.0
m1,yadQ,178875,12000,0.0
m1,yadQ,178875,12500,0.0
m1,yadQ,178875,13000,0.0
m1,yadQ,178875,13500,0.0
m1,yadQ,178875,14000,0.0
m1,yadQ,178875,14500,0.0
m1,yadQ,178875,15000,0.0
m1,yadQ,178875,16000,0.0
m1,yadQ,178875,16500,0.0
m1,yadQ,178875,17000,0.0
m1,yadQ,178875,17500,0.0
m1,yadQ,178875,18000,0.0
m1,yadQ,178875,18500,0.0
m1,yadQ,178875,19000,0.0
m1,yadQ,178875,19500,0.0
m1,yadQ,178875,20000,0.0
m1,yadQ,178875,20500,0.0
m1,yadQ,178875,21000,0.02
m1,yadQ,178875,21500,0.0
m1,yadQ,178875,22000,0.0
m1,yadQ,178875,22500,0.0
m1,yadQ,178875,23000,0.0
m1,yadQ,178875,23500,0.0
m1,yadQ,178875,24000,0.0
m1,yadQ,178875,24500,0.0
m1,yadQ,178875,25000,0.0
m1,yadQ,178875,25500,0.0
m1,yadQ,178875,26000,0.0
m1,yadQ,178875,26500,0.0
m1,yadQ,178875,27000,0.0
m1,yadQ,178875,27500,0.0
m1,yadQ,178875,28000,0.0
m1,yadQ,178875,28500,0.0
m1,yadQ,178875,29000,0.0
m1,yadQ,178875,29500,0.0
m1,yadQ,178875,30000,0.0
m1,yadQ,178875,30500,0.0
m1,yadQ,178875,31000,0.0
m1,yadQ,178875,31500,0.0
m1,yadQ,178875,32000,0.0
m1,yadQ,178875,32500,0.0
m1,yadQ,178875,33000,0.0
m1,yadQ,178875,33500,0.0
m1,yadQ,178875,34000,0.0
m1,yadQ,178875,34500,0.011
m1,yadQ,178875,35000,0.523
m1,yadQ,178875,35500,0.288
m1,yadQ,178875,36000,0.684
m1,yadQ,178875,36500,0.831
m1,yadQ,178875,37000,0.793
m1,yadQ,178875,37500,0.92
m1,yadQ,178875,38000,0.7
m1,yadQ,178875,38500,0.8
m1,yadQ,178875,39000,0.722
m1,yadQ,178875,39500,0.833
m1,yadQ,178875,40000,0.889
m1,yadQ,178875,40500,0.526
m1,yadQ,178875,41000,0.833
m1,yadQ,178875,41500,0.812
m1,yadQ,178875,42000,0.662
m1,yadQ,178875,42500,0.543
m1,yadQ,178875,43000,0.579
m1,yadQ,178875,43500,0.692
m1,yadQ,178875,44000,1.0
m1,yadQ,178875,44500,0.963
m1,yadQ,178875,45000,0.75
m1,yadQ,178875,45500,0.365
m1,yadQ,178875,46000,0.652
m1,yadQ,178875,46500,0.53
m1,yadQ,178875,47000,0.56
m1,yadQ,178875,47500,0.638
m1,yadQ,178875,48000,0.506
m1,yadQ,178875,48500,0.766
m1,yadQ,178875,49000,0.686
m1,yadQ,178875,49500,0.806
m1,yadQ,178875,50000,0.56
m1,yadQ,178875,50500,0.681
m1,yadQ,178875,51000,0.583
m1,yadQ,178875,51500,0.6
m1,yadQ,178875,52000,0.861
m1,yadQ,178875,52500,0.659
m1,yadQ,178875,53000,0.658
m1,yadQ,178875,53500,0.752
m1,yadQ,178875,54000,0.772
m1,yadQ,178875,54500,0.75
m1,yadQ,178875,55000,0.651
m1,yadQ,178875,55500,0.791
m1,yadQ,178875,56000,0.667
m1,yadQ,178875,56500,0.807
m1,yadQ,178875,57000,0.681
m1,yadQ,178875,57500,0.545
m1,yadQ,178875,58000,0.323
m1,yadQ,178875,58500,0.542
m1,yadQ,178875,59000,0.43
m1,yadQ,178875,59500,0.436
m1,yadQ,178875,60000,0.347
m1,yadQ,178875,60500,0.507
m1,degP,184644,0,0.0
m1,degP,184644,500,0.0
m1,degP,184644,1000,0.0
m1,degP,184644,1500,0.0
m1,degP,184644,2000,0.0
m1,degP,184644,2500,0.0
m1,degP,184644,3000,0.0
m1,degP,184644,3500,0.0
m1,degP,184644,4000,0.0
m1,degP,184644,4500,0.0
m1,degP,184644,5000,0.0
m1,degP,184644,5500,0.0
m1,degP,184644,6000,0.0
m1,degP,184644,6500,0.0
m1,degP,184644,7000,0.0
m1,degP,184644,7500,0.0
m1,degP,184644,8000,0.0
m1,degP,184644,8500,0.0
m1,degP,184644,9000,0.0
m1,degP,184644,9500,0.0
m1,degP,184644,10000,0.0
m1,degP,184644,10500,0.0
m1,degP,184644,11000,0.0
m1,degP,184644,11500,0.0
m1,degP,184644,12000,0.0
m1,degP,184644,12500,0.0
m1,degP,184644,13000,0.0
m1,degP,184644,13500,0.0
m1,degP,184644,14000,0.0
m1,degP,184644,14500,0.0
m1,degP,184644,15000,0.0
m1,degP,184644,16000,0.0
m1,degP,184644,16500,0.0
m1,degP,184644,17000,0.0
m1,degP,184644,17500,0.0
m1,degP,184644,18000,0.0
m1,degP,184644,18500,0.0
m1,degP,184644,19000,0.0
m1,degP,184644,19500,0.0
m1,degP,184644,20000,0.0
m1,degP,184644,20500,0.0
m1,degP,184644,21000,0.0
m1,degP,184644,21500,0.0
m1,degP,184644,22000,0.0
m1,degP,184644,22500,0.0
m1,degP,184644,23000,0.0
m1,degP,184644,23500,0.0
m1,degP,184644,24000,0.0
m1,degP,184644,24500,0.0
m1,degP,184644,25000,0.0
m1,degP,184644,25500,0.0
m1,degP,184644,26000,0.0
m1,degP,184644,26500,0.0
m1,degP,184644,27000,0.0
m1,degP,184644,27500,0.0
m1,degP,184644,28000,0.0
m1,degP,184644,28500,0.0
m1,degP,184644,29000,0.0
m1,degP,184644,29500,0.0
m1,degP,184644,30000,0.0
m1,degP,184644,30500,0.0
m1,degP,184644,31000,0.013
m1,degP,184644,31500,0.0
m1,degP,184644,32000,0.0
m1,degP,184644,32500,0.037
m1,degP,184644,33000,0.145
m1,degP,184644,33500,0.0
m1,degP,184644,34000,0.122
m1,degP,184644,34500,0.032
m1,degP,184644,35000,0.537
m1,degP,184644,35500,0.338
m1,degP,184644,36000,0.652
m1,degP,184644,36500,0.714
m1,degP,184644,37000,0.661
m1,degP,184644,37500,0.873
m1,degP,184644,38000,0.545
m1,degP,184644,38500,0.706
m1,degP,184644,39000,0.852
m1,degP,184644,39500,1.0
m1,degP,184644,40000,0.69
m1,degP,184644,40500,0.5
m1,degP,184644,41000,0.906
m1,degP,184644,41500,0.84
m1,degP,184644,42000,0.744
m1,degP,184644,42500,0.538
m1,degP,184644,43000,0.519
m1,degP,184644,43500,0.611
m1,degP,184644,44000,0.875
m1,degP,184644,44500,0.953
m1,degP,184644,45000,0.733
m1,degP,184644,45500,0.559
m1,degP,184644,46000,0.732
m1,degP,184644,46500,0.329
m1,degP,184644,47000,0.477
m1,degP,184644,47500,0.557
m1,degP,184644,48000,0.547
m1,degP,184644,48500,0.689
m1,degP,184644,49000,0.907
m1,degP,184644,49500,0.632
m1,degP,184644,50000,0.569
m1,degP,184644,50500,0.793
m1,degP,184644,51000,0.554
m1,degP,184644,51500,0.703
m1,degP,184644,52000,0.723
m1,degP,184644,52500,0.451
m1,degP,184644,53000,0.667
m1,degP,184644,53500,0.727
m1,degP,184644,54000,0.615
m1,degP,184644,54500,0.798
m1,degP,184644,55000,0.75
m1,degP,184644,55500,0.643
m1,degP,184644,56000,0.551
m1,degP,184644,56500,0.75
m1,degP,184644,57000,0.542
m1,degP,184644,57500,0.429
m1,degP,184644,58000,0.265
m1,degP,184644,58500,0.542
m1,degP,184644,59000,0.494
m1,degP,184644,59500,0.523
m1,degP,184644,60000,0.378
m1,degP,184644,60500,0.48
m1,ldcC,214405,0,0.0
m1,ldcC,214405,500,0.0
m1,ldcC,214405,1000,0.012
m1,ldcC,214405,1500,0.0
m1,ldcC,214405,2000,0.0
m1,ldcC,214405,2500,0.0
m1,ldcC,214405,3000,0.0
m1,ldcC,214405,3500,0.0
m1,ldcC,214405,4000,0.0
m1,ldcC,214405,4500,0.0
m1,ldcC,214405,5000,0.01
m1,ldcC,214405,5500,0.0
m1,ldcC,214405,6000,0.0
m1,ldcC,214405,6500,0.0
m1,ldcC,214405,7000,0.0
m1,ldcC,214405,7500,0.0
m1,ldcC,214405,8000,0.0
m1,ldcC,214405,8500,0.0
m1,ldcC,214405,9000,0.0
m1,ldcC,214405,9500,0.0
m1,ldcC,214405,10000,0.0
m1,ldcC,214405,10500,0.0
m1,ldcC,214405,11000,0.0
m1,ldcC,214405,11500,0.0
m1,ldcC,214405,12000,0.0
m1,ldcC,214405,12500,0.0
m1,ldcC,214405,13000,0.0
m1,ldcC,214405,13500,0.0
m1,ldcC,214405,14000,0.0
m1,ldcC,214405,14500,0.0
m1,ldcC,214405,15000,0.0
m1,ldcC,214405,16000,0.0
m1,ldcC,214405,16500,0.0
m1,ldcC,214405,17000,0.0
m1,ldcC,214405,17500,0.0
m1,ldcC,214405,18000,0.0
m1,ldcC,214405,18500,0.0
m1,ldcC,214405,19000,0.0
m1,ldcC,214405,19500,0.0
m1,ldcC,214405,20000,0.0
m1,ldcC,214405,20500,0.0
m1,ldcC,214405,21000,0.0
m1,ldcC,214405,21500,0.0
m1,ldcC,214405,22000,0.0
m1,ldcC,214405,22500,0.0
m1,ldcC,214405,23000,0.0
m1,ldcC,214405,23500,0.02
m1,ldcC,214405,24000,0.0
m1,ldcC,214405,24500,0.0
m1,ldcC,214405,25000,0.0
m1,ldcC,214405,25500,0.0
m1,ldcC,214405,26000,0.029
m1,ldcC,214405,26500,0.125
m1,ldcC,214405,27000,0.284
m1,ldcC,214405,27500,0.933
m1,ldcC,214405,28000,0.909
m1,ldcC,214405,28500,1.0
m1,ldcC,214405,29000,1.0
m1,ldcC,214405,29500,1.0
m1,ldcC,214405,30000,1.0
m1,ldcC,214405,30500,1.0
m1,ldcC,214405,31000,0.989
m1,ldcC,214405,31500,1.0
m1,ldcC,214405,32000,1.0
m1,ldcC,214405,32500,1.0
m1,ldcC,214405,33000,1.0
m1,ldcC,214405,33500,0.991
m1,ldcC,214405,34000,0.986
m1,ldcC,214405,34500,1.0
m1,ldcC,214405,35000,1.0
m1,ldcC,214405,35500,1.0
m1,ldcC,214405,36000,1.0
m1,ldcC,214405,36500,1.0
m1,ldcC,214405,37000,1.0
m1,ldcC,214405,37500,0.99
m1,ldcC,214405,38000,1.0
m1,ldcC,214405,38500,1.0
m1,ldcC,214405,39000,1.0
m1,ldcC,214405,39500,1.0
m1,ldcC,214405,40000,0.971
m1,ldcC,214405,40500,1.0
m1,ldcC,214405,41000,1.0
m1,ldcC,214405,41500,1.0
m1,ldcC,214405,42000,1.0
m1,ldcC,214405,42500,1.0
m1,ldcC,214405,43000,1.0
m1,ldcC,214405,43500,1.0
m1,ldcC,214405,44000,1.0
m1,ldcC,214405,44500,1.0
m1,ldcC,214405,45000,1.0
m1,ldcC,214405,45500,1.0
m1,ldcC,214405,46000,1.0
m1,ldcC,214405,46500,1.0
m1,ldcC,214405,47000,1.0
m1,ldcC,214405,47500,1.0
m1,ldcC,214405,48000,1.0
m1,ldcC,214405,48500,1.0
m1,ldcC,214405,49000,1.0
m1,ldcC,214405,49500,1.0
m1,ldcC,214405,50000,1.0
m1,ldcC,214405,50500,1.0
m1,ldcC,214405,51000,1.0
m1,ldcC,214405,51500,1.0
m1,ldcC,214405,52000,1.0
m1,ldcC,214405,52500,1.0
m1,ldcC,214405,53000,1.0
m1,ldcC,214405,53500,1.0
m1,ldcC,214405,54000,0.992
m1,ldcC,214405,54500,1.0
m1,ldcC,214405,55000,1.0
m1,ldcC,214405,55500,1.0
m1,ldcC,214405,56000,1.0
m1,ldcC,214405,56500,1.0
m1,ldcC,214405,57000,1.0
m1,ldcC,214405,57500,1.0
m1,ldcC,214405,58000,1.0
m1,ldcC,214405,58500,1.0
m1,ldcC,214405,59000,1.0
m1,ldcC,214405,59500,0.985
m1,ldcC,214405,60000,1.0
m1,ldcC,214405,60500,1.0
m1,yaeR,214869,0,0.0
m1,yaeR,214869,500,0.0
m1,yaeR,214869,1000,0.0
m1,yaeR,214869,1500,0.0
m1,yaeR,214869,2000,0.0
m1,yaeR,214869,2500,0.0
m1,yaeR,214869,3000,0.0
m1,yaeR,214869,3500,0.0
m1,yaeR,214869,4000,0.0
m1,yaeR,214869,4500,0.0
m1,yaeR,214869,5000,0.0
m1,yaeR,214869,5500,0.0
m1,yaeR,214869,6000,0.0
m1,yaeR,214869,6500,0.0
m1,yaeR,214869,7000,0.0
m1,yaeR,214869,7500,0.0
m1,yaeR,214869,8000,0.0
m1,yaeR,214869,8500,0.0
m1,yaeR,214869,9000,0.0
m1,yaeR,214869,9500,0.0
m1,yaeR,214869,10000,0.0
m1,yaeR,214869,10500,0.0
m1,yaeR,214869,11000,0.0
m1,yaeR,214869,11500,0.0
m1,yaeR,214869,12000,0.0
m1,yaeR,214869,12500,0.0
m1,yaeR,214869,13000,0.0
m1,yaeR,214869,13500,0.0
m1,yaeR,214869,14000,0.0
m1,yaeR,214869,14500,0.0
m1,yaeR,214869,15000,0.0
m1,yaeR,214869,16000,0.0
m1,yaeR,214869,16500,0.0
m1,yaeR,214869,17000,0.0
m1,yaeR,214869,17500,0.0
m1,yaeR,214869,18000,0.0
m1,yaeR,214869,18500,0.0
m1,yaeR,214869,19000,0.0
m1,yaeR,214869,19500,0.0
m1,yaeR,214869,20000,0.0
m1,yaeR,214869,20500,0.0
m1,yaeR,214869,21000,0.0
m1,yaeR,214869,21500,0.0
m1,yaeR,214869,22000,0.0
m1,yaeR,214869,22500,0.0
m1,yaeR,214869,23000,0.0
m1,yaeR,214869,23500,0.0
m1,yaeR,214869,24000,0.0
m1,yaeR,214869,24500,0.0
m1,yaeR,214869,25000,0.0
m1,yaeR,214869,25500,0.0
m1,yaeR,214869,26000,0.0
m1,yaeR,214869,26500,0.0
m1,yaeR,214869,27000,0.0
m1,yaeR,214869,27500,0.0
m1,yaeR,214869,28000,0.0
m1,yaeR,214869,28500,0.0
m1,yaeR,214869,29000,0.0
m1,yaeR,214869,29500,0.0
m1,yaeR,214869,30000,0.0
m1,yaeR,214869,30500,0.0
m1,yaeR,214869,31000,0.0
m1,yaeR,214869,31500,0.0
m1,yaeR,214869,32000,0.0
m1,yaeR,214869,32500,0.0
m1,yaeR,214869,33000,0.117
m1,yaeR,214869,33500,0.037
m1,yaeR,214869,34000,0.122
m1,yaeR,214869,34500,0.014
m1,yaeR,214869,35000,0.406
m1,yaeR,214869,35500,0.34
m1,yaeR,214869,36000,0.67
m1,yaeR,214869,36500,0.781
m1,yaeR,214869,37000,0.776
m1,yaeR,214869,37500,0.894
m1,yaeR,214869,38000,0.889
m1,yaeR,214869,38500,0.882
m1,yaeR,214869,39000,0.704
m1,yaeR,214869,39500,0.842
m1,yaeR,214869,40000,0.793
m1,yaeR,214869,40500,0.414
m1,yaeR,214869,41000,0.731
m1,yaeR,214869,41500,0.692
m1,yaeR,214869,42000,0.807
m1,yaeR,214869,42500,0.676
m1,yaeR,214869,43000,0.484
m1,yaeR,214869,43500,0.85
m1,yaeR,214869,44000,0.889
m1,yaeR,214869,44500,1.0
m1,yaeR,214869,45000,0.8
m1,yaeR,214869,45500,0.478
m1,yaeR,214869,46000,0.771
m1,yaeR,214869,46500,0.5
m1,yaeR,214869,47000,0.613
m1,yaeR,214869,47500,0.611
m1,yaeR,214869,48000,0.388
m1,yaeR,214869,48500,0.75
m1,yaeR,214869,49000,0.811
m1,yaeR,214869,49500,0.762
m1,yaeR,214869,50000,0.512
m1,yaeR,214869,50500,0.688
m1,yaeR,214869,51000,0.464
m1,yaeR,214869,51500,0.61
m1,yaeR,214869,52000,0.714
m1,yaeR,214869,52500,0.532
m1,yaeR,214869,53000,0.754
m1,yaeR,214869,53500,0.693
m1,yaeR,214869,54000,0.526
m1,yaeR,214869,54500,0.805
m1,yaeR,214869,55000,0.786
m1,yaeR,214869,55500,0.64
m1,yaeR,214869,56000,0.638
m1,yaeR,214869,56500,0.824
m1,yaeR,214869,57000,0.433
m1,yaeR,214869,57500,0.505
m1,yaeR,214869,58000,0.378
m1,yaeR,214869,58500,0.449
m1,yaeR,214869,59000,0.468
m1,yaeR,214869,59500,0.396
m1,yaeR,214869,60000,0.415
m1,yaeR,214869,60500,0.672
m1,cutF,218211,0,0.0
m1,cutF,218211,500,0.0
m1,cutF,218211,1000,0.0
m1,cutF,218211,1500,0.0
m1,cutF,218211,2000,0.0
m1,cutF,218211,2500,0.0
m1,cutF,218211,3000,0.0
m1,cutF,218211,3500,0.0
m1,cutF,218211,4000,0.0
m1,cutF,218211,4500,0.0
m1,cutF,218211,5000,0.0
m1,cutF,218211,5500,0.0
m1,cutF,218211,6000,0.0
m1,cutF,218211,6500,0.0
m1,cutF,218211,7000,0.0
m1,cutF,218211,7500,0.0
m1,cutF,218211,8000,0.0
m1,cutF,218211,8500,0.0
m1,cutF,218211,9000,0.0
m1,cutF,218211,9500,0.0
m1,cutF,218211,10000,0.0
m1,cutF,218211,10500,0.0
m1,cutF,218211,11000,0.0
m1,cutF,218211,11500,0.0
m1,cutF,218211,12000,0.0
m1,cutF,218211,12500,0.0
m1,cutF,218211,13000,0.0
m1,cutF,218211,13500,0.0
m1,cutF,218211,14000,0.0
m1,cutF,218211,14500,0.0
m1,cutF,218211,15000,0.0
m1,cutF,218211,16000,0.0
m1,cutF,218211,16500,0.0
m1,cutF,218211,17000,0.0
m1,cutF,218211,17500,0.0
m1,cutF,218211,18000,0.0
m1,cutF,218211,18500,0.0
m1,cutF,218211,19000,0.0
m1,cutF,218211,19500,0.0
m1,cutF,218211,20000,0.0
m1,cutF,218211,20500,0.0
m1,cutF,218211,21000,0.0
m1,cutF,218211,21500,0.0
m1,cutF,218211,22000,0.0
m1,cutF,218211,22500,0.0
m1,cutF,218211,23000,0.0
m1,cutF,218211,23500,0.0
m1,cutF,218211,24000,0.0
m1,cutF,218211,24500,0.0
m1,cutF,218211,25000,0.0
m1,cutF,218211,25500,0.0
m1,cutF,218211,26000,0.0
m1,cutF,218211,26500,0.0
m1,cutF,218211,27000,0.0
m1,cutF,218211,27500,0.0
m1,cutF,218211,28000,0.0
m1,cutF,218211,28500,0.0
m1,cutF,218211,29000,0.015
m1,cutF,218211,29500,0.061
m1,cutF,218211,30000,0.0
m1,cutF,218211,30500,0.013
m1,cutF,218211,31000,0.185
m1,cutF,218211,31500,0.046
m1,cutF,218211,32000,0.0
m1,cutF,218211,32500,0.109
m1,cutF,218211,33000,0.366
m1,cutF,218211,33500,0.032
m1,cutF,218211,34000,0.306
m1,cutF,218211,34500,0.064
m1,cutF,218211,35000,0.603
m1,cutF,218211,35500,0.318
m1,cutF,218211,36000,0.631
m1,cutF,218211,36500,0.791
m1,cutF,218211,37000,0.704
m1,cutF,218211,37500,0.743
m1,cutF,218211,38000,0.556
m1,cutF,218211,38500,0.846
m1,cutF,218211,39000,0.708
m1,cutF,218211,39500,0.75
m1,cutF,218211,40000,0.852
m1,cutF,218211,40500,0.512
m1,cutF,218211,41000,0.84
m1,cutF,218211,41500,0.429
m1,cutF,218211,42000,0.77
m1,cutF,218211,42500,0.533
m1,cutF,218211,43000,0.681
m1,cutF,218211,43500,0.745
m1,cutF,218211,44000,1.0
m1,cutF,218211,44500,0.929
m1,cutF,218211,45000,0.75
m1,cutF,218211,45500,0.292
m1,cutF,218211,46000,0.577
m1,cutF,218211,46500,0.333
m1,cutF,218211,47000,0.5
m1,cutF,218211,47500,0.648
m1,cutF,218211,48000,0.552
m1,cutF,218211,48500,0.75
m1,cutF,218211,49000,0.792
m1,cutF,218211,49500,0.727
m1,cutF,218211,50000,0.5
m1,cutF,218211,50500,0.658
m1,cutF,218211,51000,0.538
m1,cutF,218211,51500,0.712
m1,cutF,218211,52000,0.571
m1,cutF,218211,52500,0.667
m1,cutF,218211,53000,0.539
m1,cutF,218211,53500,0.68
m1,cutF,218211,54000,0.614
m1,cutF,218211,54500,0.768
m1,cutF,218211,55000,0.793
m1,cutF,218211,55500,0.723
m1,cutF,218211,56000,0.639
m1,cutF,218211,56500,0.725
m1,cutF,218211,57000,0.513
m1,cutF,218211,57500,0.469
m1,cutF,218211,58000,0.365
m1,cutF,218211,58500,0.492
m1,cutF,218211,59000,0.407
m1,cutF,218211,59500,0.556
m1,cutF,218211,60000,0.319
m1,cutF,218211,60500,0.493
m1,intergenic,253813,0,0.0
m1,intergenic,253813,500,0.0
m1,intergenic,253813,1000,0.0
m1,intergenic,253813,1500,0.0
m1,intergenic,253813,2000,0.0
m1,intergenic,253813,2500,0.0
m1,intergenic,253813,3000,0.0
m1,intergenic,253813,3500,0.0
m1,intergenic,253813,4000,0.0
m1,intergenic,253813,4500,0.0
m1,intergenic,253813,5000,0.0
m1,intergenic,253813,5500,0.0
m1,intergenic,253813,6000,0.0
m1,intergenic,253813,6500,0.0
m1,intergenic,253813,7000,0.0
m1,intergenic,253813,7500,0.0
m1,intergenic,253813,8000,0.0
m1,intergenic,253813,8500,0.0
m1,intergenic,253813,9000,0.0
m1,intergenic,253813,9500,0.0
m1,intergenic,253813,10000,0.0
m1,intergenic,253813,10500,0.0
m1,intergenic,253813,11000,0.0
m1,intergenic,253813,11500,0.0
m1,intergenic,253813,12000,0.0
m1,intergenic,253813,12500,0.0
m1,intergenic,253813,13000,0.0
m1,intergenic,253813,13500,0.0
m1,intergenic,253813,14000,0.0
m1,intergenic,253813,14500,0.0
m1,intergenic,253813,15000,0.0
m1,intergenic,253813,16000,0.0
m1,intergenic,253813,16500,0.0
m1,intergenic,253813,17000,0.0
m1,intergenic,253813,17500,0.0
m1,intergenic,253813,18000,0.0
m1,intergenic,253813,18500,0.0
m1,intergenic,253813,19000,0.0
m1,intergenic,253813,19500,0.0
m1,intergenic,253813,20000,0.0
m1,intergenic,253813,20500,0.0
m1,intergenic,253813,21000,0.0
m1,intergenic,253813,21500,0.0
m1,intergenic,253813,22000,0.0
m1,intergenic,253813,22500,0.0
m1,intergenic,253813,23000,0.0
m1,intergenic,253813,23500,0.0
m1,intergenic,253813,24000,0.0
m1,intergenic,253813,24500,0.0
m1,intergenic,253813,25000,0.0
m1,intergenic,253813,25500,0.0
m1,intergenic,253813,26000,0.0
m1,intergenic,253813,26500,0.167
m1,intergenic,253813,27000,0.431
m1,intergenic,253813,27500,0.977
m1,intergenic,253813,28000,0.926
m1,intergenic,253813,28500,0.98
m1,intergenic,253813,29000,1.0
m1,intergenic,253813,29500,1.0
m1,intergenic,253813,30000,1.0
m1,intergenic,253813,30500,0.984
m1,intergenic,253813,31000,1.0
m1,intergenic,253813,31500,1.0
m1,intergenic,253813,32000,1.0
m1,intergenic,253813,32500,0.981
m1,intergenic,253813,33000,1.0
m1,intergenic,253813,33500,1.0
m1,intergenic,253813,34000,1.0
m1,intergenic,253813,34500,1.0
m1,intergenic,253813,35000,1.0
m1,intergenic,253813,35500,1.0
m1,intergenic,253813,36000,1.0
m1,intergenic,253813,36500,1.0
m1,intergenic,253813,37000,1.0
m1,intergenic,253813,37500,1.0
m1,intergenic,253813,38000,1.0
m1,intergenic,253813,38500,1.0
m1,intergenic,253813,39000,0.947
m1,intergenic,253813,39500,1.0
m1,intergenic,253813,40000,1.0
m1,intergenic,253813,40500,1.0
m1,intergenic,253813,41000,1.0
m1,intergenic,253813,41500,1.0
m1,intergenic,253813,42000,1.0
m1,intergenic,253813,42500,1.0
m1,intergenic,253813,43000,1.0
m1,intergenic,253813,43500,1.0
m1,intergenic,253813,44000,1.0
m1,intergenic,253813,44500,1.0
m1,intergenic,253813,45000,1.0
m1,intergenic,253813,45500,0.974
m1,intergenic,253813,46000,1.0
m1,intergenic,253813,46500,1.0
m1,intergenic,253813,47000,1.0
m1,intergenic,253813,47500,1.0
m1,intergenic,253813,48000,1.0
m1,intergenic,253813,48500,1.0
m1,intergenic,253813,49000,1.0
m1,intergenic,253813,49500,1.0
m1,intergenic,253813,50000,0.984
m1,intergenic,253813,50500,1.0
m1,intergenic,253813,51000,1.0
m1,intergenic,253813,51500,1.0
m1,intergenic,253813,52000,1.0
m1,intergenic,253813,52500,1.0
m1,intergenic,253813,53000,1.0
m1,intergenic,253813,53500,1.0
m1,intergenic,253813,54000,1.0
m1,intergenic,253813,54500,1.0
m1,intergenic,253813,55000,1.0
m1,intergenic,253813,55500,1.0
m1,intergenic,253813,56000,1.0
m1,intergenic,253813,56500,1.0
m1,intergenic,253813,57000,1.0
m1,intergenic,253813,57500,1.0
m1,intergenic,253813,58000,1.0
m1,intergenic,253813,58500,1.0
m1,intergenic,253813,59000,0.983
m1,intergenic,253813,59500,1.0
m1,intergenic,253813,60000,1.0
m1,intergenic,253813,60500,1.0
m1,ykgF,295469,0,0.0
m1,ykgF,295469,500,0.0
m1,ykgF,295469,1000,0.0
m1,ykgF,295469,1500,0.0
m1,ykgF,295469,2000,0.0
m1,ykgF,295469,2500,0.0
m1,ykgF,295469,3000,0.0
m1,ykgF,295469,3500,0.0
m1,ykgF,295469,4000,0.0
m1,ykgF,295469,4500,0.0
m1,ykgF,295469,5000,0.0
m1,ykgF,295469,5500,0.0
m1,ykgF,295469,6000,0.0
m1,ykgF,295469,6500,0.0
m1,ykgF,295469,7000,0.0
m1,ykgF,295469,7500,0.0
m1,ykgF,295469,8000,0.0
m1,ykgF,295469,8500,0.0
m1,ykgF,295469,9000,0.0
m1,ykgF,295469,9500,0.0
m1,ykgF,295469,10000,0.0
m1,ykgF,295469,10500,0.0
m1,ykgF,295469,11000,0.0
m1,ykgF,295469,11500,0.0
m1,ykgF,295469,12000,0.0
m1,ykgF,295469,12500,0.0
m1,ykgF,295469,13000,0.0
m1,ykgF,295469,13500,0.0
m1,ykgF,295469,14000,0.0
m1,ykgF,295469,14500,0.0
m1,ykgF,295469,15000,0.0
m1,ykgF,295469,16000,0.0
m1,ykgF,295469,16500,0.0
m1,ykgF,295469,17000,0.0
m1,ykgF,295469,17500,0.0
m1,ykgF,295469,18000,0.0
m1,ykgF,295469,18500,0.0
m1,ykgF,295469,19000,0.0
m1,ykgF,295469,19500,0.0
m1,ykgF,295469,20000,0.0
m1,ykgF,295469,20500,0.0
m1,ykgF,295469,21000,0.0
m1,ykgF,295469,21500,0.0
m1,ykgF,295469,22000,0.0
m1,ykgF,295469,22500,0.0
m1,ykgF,295469,23000,0.0
m1,ykgF,295469,23500,0.0
m1,ykgF,295469,24000,0.0
m1,ykgF,295469,24500,0.0
m1,ykgF,295469,25000,0.0
m1,ykgF,295469,25500,0.0
m1,ykgF,295469,26000,0.0
m1,ykgF,295469,26500,0.018
m1,ykgF,295469,27000,0.125
m1,ykgF,295469,27500,0.652
m1,ykgF,295469,28000,0.741
m1,ykgF,295469,28500,0.894
m1,ykgF,295469,29000,0.831
m1,ykgF,295469,29500,0.867
m1,ykgF,295469,30000,1.0
m1,ykgF,295469,30500,0.974
m1,ykgF,295469,31000,1.0
m1,ykgF,295469,31500,1.0
m1,ykgF,295469,32000,0.952
m1,ykgF,295469,32500,1.0
m1,ykgF,295469,33000,1.0
m1,ykgF,295469,33500,1.0
m1,ykgF,295469,34000,1.0
m1,ykgF,295469,34500,0.991
m1,ykgF,295469,35000,0.99
m1,ykgF,295469,35500,1.0
m1,ykgF,295469,36000,0.968
m1,ykgF,295469,36500,0.981
m1,ykgF,295469,37000,0.935
m1,ykgF,295469,37500,0.986
m1,ykgF,295469,38000,1.0
m1,ykgF,295469,38500,1.0
m1,ykgF,295469,39000,1.0
m1,ykgF,295469,39500,1.0
m1,ykgF,295469,40000,1.0
m1,ykgF,295469,40500,1.0
m1,ykgF,295469,41000,1.0
m1,ykgF,295469,41500,1.0
m1,ykgF,295469,42000,1.0
m1,ykgF,295469,42500,1.0
m1,ykgF,295469,43000,1.0
m1,ykgF,295469,43500,1.0
m1,ykgF,295469,44000,1.0
m1,ykgF,295469,44500,1.0
m1,ykgF,295469,45000,1.0
m1,ykgF,295469,45500,1.0
m1,ykgF,295469,46000,1.0
m1,ykgF,295469,46500,1.0
m1,ykgF,295469,47000,0.991
m1,ykgF,295469,47500,1.0
m1,ykgF,295469,48000,1.0
m1,ykgF,295469,48500,1.0
m1,ykgF,295469,49000,1.0
m1,ykgF,295469,49500,0.989
m1,ykgF,295469,50000,1.0
m1,ykgF,295469,50500,1.0
m1,ykgF,295469,51000,1.0
m1,ykgF,295469,51500,1.0
m1,ykgF,295469,52000,1.0
m1,ykgF,295469,52500,1.0
m1,ykgF,295469,53000,1.0
m1,ykgF,295469,53500,1.0
m1,ykgF,295469,54000,1.0
m1,ykgF,295469,54500,1.0
m1,ykgF,295469,55000,0.988
m1,ykgF,295469,55500,0.994
m1,ykgF,295469,56000,1.0
m1,ykgF,295469,56500,1.0
m1,ykgF,295469,57000,1.0
m1,ykgF,295469,57500,1.0
m1,ykgF,295469,58000,1.0
m1,ykgF,295469,58500,1.0
m1,ykgF,295469,59000,1.0
m1,ykgF,295469,59500,1.0
m1,ykgF,295469,60000,1.0
m1,ykgF,295469,60500,1.0
m1,yahG,311852,0,0.0
m1,yahG,311852,500,0.0
m1,yahG,311852,1000,0.0
m1,yahG,311852,1500,0.0
m1,yahG,311852,2000,0.0
m1,yahG,311852,2500,0.0
m1,yahG,311852,3000,0.0
m1,yahG,311852,3500,0.0
m1,yahG,311852,4000,0.0
m1,yahG,311852,4500,0.0
m1,yahG,311852,5000,0.0
m1,yahG,311852,5500,0.0
m1,yahG,311852,6000,0.0
m1,yahG,311852,6500,0.0
m1,yahG,311852,7000,0.0
m1,yahG,311852,7500,0.0
m1,yahG,311852,8000,0.0
m1,yahG,311852,8500,0.0
m1,yahG,311852,9000,0.0
m1,yahG,311852,9500,0.0
m1,yahG,311852,10000,0.0
m1,yahG,311852,10500,0.0
m1,yahG,311852,11000,0.0
m1,yahG,311852,11500,0.0
m1,yahG,311852,12000,0.0
m1,yahG,311852,12500,0.0
m1,yahG,311852,13000,0.0
m1,yahG,311852,13500,0.0
m1,yahG,311852,14000,0.0
m1,yahG,311852,14500,0.0
m1,yahG,311852,15000,0.0
m1,yahG,311852,16000,0.0
m1,yahG,311852,16500,0.0
m1,yahG,311852,17000,0.0
m1,yahG,311852,17500,0.0
m1,yahG,311852,18000,0.0
m1,yahG,311852,18500,0.0
m1,yahG,311852,19000,0.0
m1,yahG,311852,19500,0.0
m1,yahG,311852,20000,0.0
m1,yahG,311852,20500,0.0
m1,yahG,311852,21000,0.0
m1,yahG,311852,21500,0.0
m1,yahG,311852,22000,0.0
m1,yahG,311852,22500,0.0
m1,yahG,311852,23000,0.0
m1,yahG,311852,23500,0.0
m1,yahG,311852,24000,0.0
m1,yahG,311852,24500,0.0
m1,yahG,311852,25000,0.0
m1,yahG,311852,25500,0.0
m1,yahG,311852,26000,0.0
m1,yahG,311852,26500,0.0
m1,yahG,311852,27000,0.0
m1,yahG,311852,27500,0.0
m1,yahG,311852,28000,0.0
m1,yahG,311852,28500,0.049
m1,yahG,311852,29000,0.02
m1,yahG,311852,29500,0.0
m1,yahG,311852,30000,0.071
m1,yahG,311852,30500,0.182
m1,yahG,311852,31000,0.17
m1,yahG,311852,31500,0.015
m1,yahG,311852,32000,0.0
m1,yahG,311852,32500,0.125
m1,yahG,311852,33000,0.259
m1,yahG,311852,33500,0.043
m1,yahG,311852,34000,0.156
m1,yahG,311852,34500,0.066
m1,yahG,311852,35000,0.738
m1,yahG,311852,35500,0.295
m1,yahG,311852,36000,0.633
m1,yahG,311852,36500,0.688
m1,yahG,311852,37000,0.886
m1,yahG,311852,37500,0.87
m1,yahG,311852,38000,1.0
m1,yahG,311852,38500,0.6
m1,yahG,311852,39000,0.84
m1,yahG,311852,39500,0.786
m1,yahG,311852,40000,0.75
m1,yahG,311852,40500,0.488
m1,yahG,311852,41000,0.864
m1,yahG,311852,41500,0.667
m1,yahG,311852,42000,0.75
m1,yahG,311852,42500,0.5
m1,yahG,311852,43000,0.462
m1,yahG,311852,43500,0.762
m1,yahG,311852,44000,0.75
m1,yahG,311852,44500,1.0
m1,yahG,311852,45000,0.833
m1,yahG,311852,45500,0.357
m1,yahG,311852,46000,0.581
m1,yahG,311852,46500,0.529
m1,yahG,311852,47000,0.561
m1,yahG,311852,47500,0.605
m1,yahG,311852,48000,0.468
m1,yahG,311852,48500,0.618
m1,yahG,311852,49000,0.735
m1,yahG,311852,49500,0.772
m1,yahG,311852,50000,0.479
m1,yahG,311852,50500,0.667
m1,yahG,311852,51000,0.568
m1,yahG,311852,51500,0.6
m1,yahG,311852,52000,0.769
m1,yahG,311852,52500,0.63
m1,yahG,311852,53000,0.63
m1,yahG,311852,53500,0.738
m1,yahG,311852,54000,0.537
m1,yahG,311852,54500,0.831
m1,yahG,311852,55000,0.667
m1,yahG,311852,55500,0.805
m1,yahG,311852,56000,0.542
m1,yahG,311852,56500,0.81
m1,yahG,311852,57000,0.6
m1,yahG,311852,57500,0.529
m1,yahG,311852,58000,0.39
m1,yahG,311852,58500,0.378
m1,yahG,311852,59000,0.408
m1,yahG,311852,59500,0.348
m1,yahG,311852,60000,0.444
m1,yahG,311852,60500,0.583
m1,yahI,312970,0,0.0
m1,yahI,312970,500,0.0
m1,yahI,312970,1000,0.0
m1,yahI,312970,1500,0.0
m1,yahI,312970,2000,0.0
m1,yahI,312970,2500,0.0
m1,yahI,312970,3000,0.0
m1,yahI,312970,3500,0.0
m1,yahI,312970,4000,0.0
m1,yahI,312970,4500,0.0
m1,yahI,312970,5000,0.0
m1,yahI,312970,5500,0.0
m1,yahI,312970,6000,0.0
m1,yahI,312970,6500,0.0
m1,yahI,312970,7000,0.0
m1,yahI,312970,7500,0.0
m1,yahI,312970,8000,0.0
m1,yahI,312970,8500,0.0
m1,yahI,312970,9000,0.0
m1,yahI,312970,9500,0.0
m1,yahI,312970,10000,0.042
m1,yahI,312970,10500,0.0
m1,yahI,312970,11000,0.0
m1,yahI,312970,11500,0.0
m1,yahI,312970,12000,0.0
m1,yahI,312970,12500,0.0
m1,yahI,312970,13000,0.0
m1,yahI,312970,13500,0.0
m1,yahI,312970,14000,0.0
m1,yahI,312970,14500,0.0
m1,yahI,312970,15000,0.0
m1,yahI,312970,16000,0.0
m1,yahI,312970,16500,0.0
m1,yahI,312970,17000,0.0
m1,yahI,312970,17500,0.0
m1,yahI,312970,18000,0.0
m1,yahI,312970,18500,0.0
m1,yahI,312970,19000,0.0
m1,yahI,312970,19500,0.0
m1,yahI,312970,20000,0.0
m1,yahI,312970,20500,0.0
m1,yahI,312970,21000,0.0
m1,yahI,312970,21500,0.0
m1,yahI,312970,22000,0.0
m1,yahI,312970,22500,0.0
m1,yahI,312970,23000,0.0
m1,yahI,312970,23500,0.0
m1,yahI,312970,24000,0.0
m1,yahI,312970,24500,0.0
m1,yahI,312970,25000,0.0
m1,yahI,312970,25500,0.0
m1,yahI,312970,26000,0.0
m1,yahI,312970,26500,0.0
m1,yahI,312970,27000,0.014
m1,yahI,312970,27500,0.0
m1,yahI,312970,28000,0.047
m1,yahI,312970,28500,0.022
m1,yahI,312970,29000,0.036
m1,yahI,312970,29500,0.0
m1,yahI,312970,30000,0.0
m1,yahI,312970,30500,0.018
m1,yahI,312970,31000,0.16
m1,yahI,312970,31500,0.063
m1,yahI,312970,32000,0.0
m1,yahI,312970,32500,0.024
m1,yahI,312970,33000,0.197
m1,yahI,312970,33500,0.033
m1,yahI,312970,34000,0.25
m1,yahI,312970,34500,0.105
m1,yahI,312970,35000,0.673
m1,yahI,312970,35500,0.156
m1,yahI,312970,36000,0.718
m1,yahI,312970,36500,0.725
m1,yahI,312970,37000,0.971
m1,yahI,312970,37500,0.905
m1,yahI,312970,38000,1.0
m1,yahI,312970,38500,0.833
m1,yahI,312970,39000,0.5
m1,yahI,312970,39500,0.889
m1,yahI,312970,40000,0.688
m1,yahI,312970,40500,0.409
m1,yahI,312970,41000,0.917
m1,yahI,312970,41500,0.917
m1,yahI,312970,42000,0.779
m1,yahI,312970,42500,0.6
m1,yahI,312970,43000,0.393
m1,yahI,312970,43500,0.828
m1,yahI,312970,44000,0.833
m1,yahI,312970,44500,0.966
m1,yahI,312970,45000,0.7
m1,yahI,312970,45500,0.516
m1,yahI,312970,46000,0.535
m1,yahI,312970,46500,0.322
m1,yahI,312970,47000,0.512
m1,yahI,312970,47500,0.578
m1,yahI,312970,48000,0.516
m1,yahI,312970,48500,0.897
m1,yahI,312970,49000,0.789
m1,yahI,312970,49500,0.766
m1,yahI,312970,50000,0.662
m1,yahI,312970,50500,0.771
m1,yahI,312970,51000,0.683
m1,yahI,312970,51500,0.684
m1,yahI,312970,52000,0.667
m1,yahI,312970,52500,0.46
m1,yahI,312970,53000,0.692
m1,yahI,312970,53500,0.7
m1,yahI,312970,54000,0.583
m1,yahI,312970,54500,0.71
m1,yahI,312970,55000,0.726
m1,yahI,312970,55500,0.676
m1,yahI,312970,56000,0.855
m1,yahI,312970,56500,0.683
m1,yahI,312970,57000,0.617
m1,yahI,312970,57500,0.469
m1,yahI,312970,58000,0.316
m1,yahI,312970,58500,0.37
m1,yahI,312970,59000,0.369
m1,yahI,312970,59500,0.472
m1,yahI,312970,60000,0.352
m1,yahI,312970,60500,0.636
m1,yahJ,313891,0,0.0
m1,yahJ,313891,500,0.0
m1,yahJ,313891,1000,0.0
m1,yahJ,313891,1500,0.0
m1,yahJ,313891,2000,0.0
m1,yahJ,313891,2500,0.0
m1,yahJ,313891,3000,0.0
m1,yahJ,313891,3500,0.0
m1,yahJ,313891,4000,0.0
m1,yahJ,313891,4500,0.0
m1,yahJ,313891,5000,0.0
m1,yahJ,313891,5500,0.0
m1,yahJ,313891,6000,0.0
m1,yahJ,313891,6500,0.0
m1,yahJ,313891,7000,0.0
m1,yahJ,313891,7500,0.0
m1,yahJ,313891,8000,0.0
m1,yahJ,313891,8500,0.0
m1,yahJ,313891,9000,0.0
m1,yahJ,313891,9500,0.0
m1,yahJ,313891,10000,0.0
m1,yahJ,313891,10500,0.0
m1,yahJ,313891,11000,0.0
m1,yahJ,313891,11500,0.0
m1,yahJ,313891,12000,0.0
m1,yahJ,313891,12500,0.0
m1,yahJ,313891,13000,0.0
m1,yahJ,313891,13500,0.0
m1,yahJ,313891,14000,0.0
m1,yahJ,313891,14500,0.0
m1,yahJ,313891,15000,0.0
m1,yahJ,313891,16000,0.0
m1,yahJ,313891,16500,0.0
m1,yahJ,313891,17000,0.0
m1,yahJ,313891,17500,0.014
m1,yahJ,313891,18000,0.0
m1,yahJ,313891,18500,0.0
m1,yahJ,313891,19000,0.0
m1,yahJ,313891,19500,0.0
m1,yahJ,313891,20000,0.0
m1,yahJ,313891,20500,0.0
m1,yahJ,313891,21000,0.0
m1,yahJ,313891,21500,0.0
m1,yahJ,313891,22000,0.0
m1,yahJ,313891,22500,0.0
m1,yahJ,313891,23000,0.0
m1,yahJ,313891,23500,0.0
m1,yahJ,313891,24000,0.0
m1,yahJ,313891,24500,0.0
m1,yahJ,313891,25000,0.0
m1,yahJ,313891,25500,0.0
m1,yahJ,313891,26000,0.0
m1,yahJ,313891,26500,0.0
m1,yahJ,313891,27000,0.0
m1,yahJ,313891,27500,0.0
m1,yahJ,313891,28000,0.0
m1,yahJ,313891,28500,0.0
m1,yahJ,313891,29000,0.0
m1,yahJ,313891,29500,0.0
m1,yahJ,313891,30000,0.0
m1,yahJ,313891,30500,0.0
m1,yahJ,313891,31000,0.018
m1,yahJ,313891,31500,0.0
m1,yahJ,313891,32000,0.0
m1,yahJ,313891,32500,0.0
m1,yahJ,313891,33000,0.0
m1,yahJ,313891,33500,0.0
m1,yahJ,313891,34000,0.061
m1,yahJ,313891,34500,0.011
m1,yahJ,313891,35000,0.5
m1,yahJ,313891,35500,0.306
m1,yahJ,313891,36000,0.602
m1,yahJ,313891,36500,0.711
m1,yahJ,313891,37000,0.716
m1,yahJ,313891,37500,0.878
m1,yahJ,313891,38000,1.0
m1,yahJ,313891,38500,0.696
m1,yahJ,313891,39000,0.767
m1,yahJ,313891,39500,0.92
m1,yahJ,313891,40000,0.762
m1,yahJ,313891,40500,0.583
m1,yahJ,313891,41000,0.889
m1,yahJ,313891,41500,0.769
m1,yahJ,313891,42000,0.787
m1,yahJ,313891,42500,0.59
m1,yahJ,313891,43000,0.577
m1,yahJ,313891,43500,0.767
m1,yahJ,313891,44000,0.941
m1,yahJ,313891,44500,0.962
m1,yahJ,313891,45000,0.81
m1,yahJ,313891,45500,0.408
m1,yahJ,313891,46000,0.633
m1,yahJ,313891,46500,0.426
m1,yahJ,313891,47000,0.495
m1,yahJ,313891,47500,0.625
m1,yahJ,313891,48000,0.682
m1,yahJ,313891,48500,0.745
m1,yahJ,313891,49000,0.845
m1,yahJ,313891,49500,0.841
m1,yahJ,313891,50000,0.707
m1,yahJ,313891,50500,0.667
m1,yahJ,313891,51000,0.66
m1,yahJ,313891,51500,0.698
m1,yahJ,313891,52000,0.853
m1,yahJ,313891,52500,0.734
m1,yahJ,313891,53000,0.785
m1,yahJ,313891,53500,0.744
m1,yahJ,313891,54000,0.563
m1,yahJ,313891,54500,0.835
m1,yahJ,313891,55000,0.747
m1,yahJ,313891,55500,0.737
m1,yahJ,313891,56000,0.805
m1,yahJ,313891,56500,0.651
m1,yahJ,313891,57000,0.649
m1,yahJ,313891,57500,0.412
m1,yahJ,313891,58000,0.207
m1,yahJ,313891,58500,0.467
m1,yahJ,313891,59000,0.386
m1,yahJ,313891,59500,0.344
m1,yahJ,313891,60000,0.361
m1,yahJ,313891,60500,0.712
m2,thrA,301,0,0.02
m2,thrA,301,500,0.0
m2,thrA,301,1000,0.015
m2,thrA,301,1500,0.016
m2,thrA,301,2000,0.0
m2,thrA,301,2500,0.0
m2,thrA,301,3000,0.0
m2,thrA,301,3500,0.083
m2,thrA,301,4000,0.0
m2,thrA,301,4500,0.122
m2,thrA,301,5000,0.029
m2,thrA,301,5500,0.023
m2,thrA,301,6000,0.019
m2,thrA,301,6500,0.0
m2,thrA,301,7000,0.0
m2,thrA,301,7500,0.0
m2,thrA,301,8000,0.0
m2,thrA,301,8500,0.02
m2,thrA,301,9000,0.0
m2,thrA,301,9500,0.012
m2,thrA,301,10000,0.0
m2,thrA,301,10500,0.022
m2,thrA,301,11000,0.014
m2,thrA,301,11500,0.0
m2,thrA,301,12000,0.0
m2,thrA,301,12500,0.013
m2,thrA,301,13000,0.058
m2,thrA,301,13500,0.02
m2,thrA,301,14000,0.0
m2,thrA,301,14500,0.018
m2,thrA,301,15000,0.03
m2,thrA,301,15500,0.0
m2,thrA,301,16000,0.024
m2,thrA,301,16500,0.0
m2,thrA,301,17000,0.0
m2,thrA,301,17500,0.0
m2,thrA,301,18000,0.016
m2,thrA,301,18500,0.0
m2,thrA,301,19000,0.036
m2,thrA,301,19500,0.0
m2,thrA,301,20000,0.203
m2,thrA,301,20500,0.383
m2,thrA,301,21000,0.808
m2,thrA,301,22000,0.966
m2,thrA,301,22500,0.852
m2,thrA,301,23000,0.886
m2,thrA,301,23500,1.0
m2,thrA,301,24000,0.892
m2,thrA,301,24500,0.889
m2,thrA,301,25000,0.92
m2,thrA,301,25500,0.895
m2,thrA,301,26000,0.517
m2,thrA,301,26500,0.804
m2,thrA,301,27000,0.833
m2,thrA,301,27500,0.889
m2,thrA,301,28000,0.75
m2,thrA,301,28500,0.852
m2,thrA,301,29000,0.941
m2,thrA,301,29500,0.783
m2,thrA,301,30000,0.833
m2,thrA,301,30500,0.766
m2,thrA,301,31000,0.781
m2,thrA,301,31500,0.762
m2,thrA,301,32500,0.895
m2,thrA,301,33000,0.897
m2,thrA,301,33500,0.885
m2,thrA,301,34000,0.952
m2,thrA,301,34500,0.958
m2,thrA,301,35000,0.854
m2,thrA,301,35500,0.897
m2,thrA,301,36000,0.917
m2,thrA,301,36500,0.93
m2,thrA,301,37000,0.875
m2,thrA,301,37500,0.829
m2,thrA,301,38000,1.0
m2,thrA,301,38500,0.917
m2,thrA,301,39000,0.736
m2,thrA,301,39500,0.914
m2,thrA,301,40000,0.973
m2,thrA,301,40500,0.818
m2,thrA,301,41000,0.947
m2,thrA,301,41500,0.786
m2,thrA,301,42000,0.783
m2,thrA,301,42500,0.875
m2,thrA,301,43000,0.896
m2,thrA,301,43500,0.908
m2,thrA,301,44000,0.929
m2,thrA,301,44500,1.0
m2,thrA,301,45000,0.833
m2,thrA,301,45500,0.947
m2,thrA,301,46000,0.9
m2,thrA,301,46500,1.0
m2,thrA,301,47000,0.92
m2,thrA,301,47500,0.824
m2,thrA,301,48000,0.85
m2,thrA,301,48500,1.0
m2,thrA,301,49000,0.932
m2,thrA,301,49500,0.908
m2,thrA,301,50000,0.868
m2,thrA,301,50500,0.938
m2,thrA,301,51000,0.714
m2,thrA,301,51500,0.889
m2,thrA,301,52000,0.957
m2,thrA,301,52500,0.958
m2,thrA,301,53000,0.889
m2,thrA,301,53500,0.714
m2,thrA,301,54000,0.9
m2,thrA,301,54500,0.938
m2,thrA,301,55000,0.92
m2,thrA,301,55500,0.962
m2,thrA,301,56000,0.987
m2,thrA,301,56500,0.947
m2,thrA,301,57000,1.0
m2,thrA,301,57500,0.917
m2,thrA,301,58500,0.963
m2,thrA,301,59000,0.929
m2,thrA,301,59500,0.923
m2,thrA,301,60000,0.906
m2,thrA,2098,0,0.006
m2,thrA,2098,500,0.0
m2,thrA,2098,1000,0.0
m2,thrA,2098,1500,0.0
m2,thrA,2098,2000,0.0
m2,thrA,2098,2500,0.019
m2,thrA,2098,3000,0.0
m2,thrA,2098,3500,0.0
m2,thrA,2098,4000,0.0
m2,thrA,2098,4500,0.0
m2,thrA,2098,5000,0.0
m2,thrA,2098,5500,0.0
m2,thrA,2098,6000,0.0
m2,thrA,2098,6500,0.0
m2,thrA,2098,7000,0.0
m2,thrA,2098,7500,0.0
m2,thrA,2098,8000,0.0
m2,thrA,2098,8500,0.0
m2,thrA,2098,9000,0.0
m2,thrA,2098,9500,0.007
m2,thrA,2098,10000,0.0
m2,thrA,2098,10500,0.0
m2,thrA,2098,11000,0.0
m2,thrA,2098,11500,0.0
m2,thrA,2098,12000,0.0
m2,thrA,2098,12500,0.006
m2,thrA,2098,13000,0.01
m2,thrA,2098,13500,0.0
m2,thrA,2098,14000,0.221
m2,thrA,2098,14500,0.417
m2,thrA,2098,15000,0.061
m2,thrA,2098,15500,0.81
m2,thrA,2098,16000,0.492
m2,thrA,2098,16500,0.532
m2,thrA,2098,17000,0.657
m2,thrA,2098,17500,0.89
m2,thrA,2098,18000,0.465
m2,thrA,2098,18500,0.918
m2,thrA,2098,19000,0.256
m2,thrA,2098,19500,0.652
m2,thrA,2098,20000,0.811
m2,thrA,2098,20500,0.731
m2,thrA,2098,21000,0.9
m2,thrA,2098,22000,0.887
m2,thrA,2098,22500,0.891
m2,thrA,2098,23000,0.788
m2,thrA,2098,23500,0.938
m2,thrA,2098,24000,0.957
m2,thrA,2098,24500,0.962
m2,thrA,2098,25000,0.74
m2,thrA,2098,25500,0.943
m2,thrA,2098,26000,0.6
m2,thrA,2098,26500,0.882
m2,thrA,2098,27000,0.779
m2,thrA,2098,27500,0.935
m2,thrA,2098,28000,0.84
m2,thrA,2098,28500,0.895
m2,thrA,2098,29000,0.938
m2,thrA,2098,29500,0.923
m2,thrA,2098,30000,0.707
m2,thrA,2098,30500,0.812
m2,thrA,2098,31000,0.909
m2,thrA,2098,31500,0.796
m2,thrA,2098,32000,1.0
m2,thrA,2098,32500,0.885
m2,thrA,2098,33000,0.889
m2,thrA,2098,33500,0.915
m2,thrA,2098,34000,0.903
m2,thrA,2098,34500,1.0
m2,thrA,2098,35000,0.918
m2,thrA,2098,35500,1.0
m2,thrA,2098,36000,0.892
m2,thrA,2098,36500,0.96
m2,thrA,2098,37000,0.98
m2,thrA,2098,37500,0.966
m2,thrA,2098,38500,0.921
m2,thrA,2098,39000,0.942
m2,thrA,2098,39500,0.91
m2,thrA,2098,40000,0.907
m2,thrA,2098,40500,0.858
m2,thrA,2098,41000,0.933
m2,thrA,2098,41500,0.935
m2,thrA,2098,42000,0.857
m2,thrA,2098,42500,0.778
m2,thrA,2098,43000,0.886
m2,thrA,2098,43500,0.902
m2,thrA,2098,44000,0.953
m2,thrA,2098,44500,0.905
m2,thrA,2098,45000,1.0
m2,thrA,2098,45500,0.947
m2,thrA,2098,46000,0.955
m2,thrA,2098,46500,0.979
m2,thrA,2098,47000,0.958
m2,thrA,2098,47500,0.87
m2,thrA,2098,48000,0.842
m2,thrA,2098,48500,1.0
m2,thrA,2098,49000,0.944
m2,thrA,2098,49500,0.934
m2,thrA,2098,50000,0.981
m2,thrA,2098,50500,1.0
m2,thrA,2098,51000,1.0
m2,thrA,2098,51500,0.923
m2,thrA,2098,52000,0.926
m2,thrA,2098,52500,0.962
m2,thrA,2098,53000,1.0
m2,thrA,2098,53500,0.944
m2,thrA,2098,54000,0.933
m2,thrA,2098,54500,0.895
m2,thrA,2098,55000,0.948
m2,thrA,2098,55500,0.978
m2,thrA,2098,56000,0.98
m2,thrA,2098,56500,1.0
m2,thrA,2098,57000,1.0
m2,thrA,2098,57500,0.857
m2,thrA,2098,58500,0.966
m2,thrA,2098,59000,0.971
m2,thrA,2098,59500,0.962
m2,thrA,2098,60000,0.951
m2,thrB,2942,0,0.007
m2,thrB,2942,500,0.0
m2,thrB,2942,1000,0.0
m2,thrB,2942,1500,0.0
m2,thrB,2942,2000,0.0
m2,thrB,2942,2500,0.0
m2,thrB,2942,3000,0.0
m2,thrB,2942,3500,0.0
m2,thrB,2942,4000,0.0
m2,thrB,2942,4500,0.0
m2,thrB,2942,5000,0.0
m2,thrB,2942,5500,0.0
m2,thrB,2942,6000,0.0
m2,thrB,2942,6500,0.0
m2,thrB,2942,7000,0.0
m2,thrB,2942,7500,0.0
m2,thrB,2942,8000,0.0
m2,thrB,2942,8500,0.0
m2,thrB,2942,9000,0.0
m2,thrB,2942,9500,0.0
m2,thrB,2942,10000,0.0
m2,thrB,2942,10500,0.0
m2,thrB,2942,11000,0.0
m2,thrB,2942,11500,0.0
m2,thrB,2942,12000,0.0
m2,thrB,2942,12500,0.0
m2,thrB,2942,13000,0.0
m2,thrB,2942,13500,0.0
m2,thrB,2942,14000,0.0
m2,thrB,2942,14500,0.0
m2,thrB,2942,15000,0.0
m2,thrB,2942,15500,0.0
m2,thrB,2942,16000,0.0
m2,thrB,2942,16500,0.0
m2,thrB,2942,17000,0.0
m2,thrB,2942,17500,0.0
m2,thrB,2942,18000,0.008
m2,thrB,2942,18500,0.009
m2,thrB,2942,19000,0.0
m2,thrB,2942,19500,0.0
m2,thrB,2942,20000,0.0
m2,thrB,2942,20500,0.0
m2,thrB,2942,21000,0.0
m2,thrB,2942,22000,0.0
m2,thrB,2942,22500,0.0
m2,thrB,2942,23000,0.01
m2,thrB,2942,23500,0.0
m2,thrB,2942,24000,0.0
m2,thrB,2942,24500,0.0
m2,thrB,2942,25000,0.0
m2,thrB,2942,25500,0.0
m2,thrB,2942,26000,0.0
m2,thrB,2942,26500,0.0
m2,thrB,2942,27000,0.0
m2,thrB,2942,27500,0.0
m2,thrB,2942,28000,0.0
m2,thrB,2942,28500,0.0
m2,thrB,2942,29000,0.0
m2,thrB,2942,29500,0.0
m2,thrB,2942,30000,0.0
m2,thrB,2942,30500,0.0
m2,thrB,2942,31000,0.0
m2,thrB,2942,31500,0.0
m2,thrB,2942,32000,0.0
m2,thrB,2942,32500,0.039
m2,thrB,2942,33000,0.122
m2,thrB,2942,33500,0.124
m2,thrB,2942,34000,0.016
m2,thrB,2942,34500,0.009
m2,thrB,2942,35000,0.072
m2,thrB,2942,35500,0.041
m2,thrB,2942,36000,0.392
m2,thrB,2942,36500,0.778
m2,thrB,2942,37000,0.857
m2,thrB,2942,37500,0.958
m2,thrB,2942,38000,1.0
m2,thrB,2942,38500,0.879
m2,thrB,2942,39000,0.86
m2,thrB,2942,39500,0.901
m2,thrB,2942,40000,0.881
m2,thrB,2942,40500,0.793
m2,thrB,2942,41000,0.963
m2,thrB,2942,41500,0.788
m2,thrB,2942,42000,0.951
m2,thrB,2942,42500,1.0
m2,thrB,2942,43000,0.986
m2,thrB,2942,43500,0.87
m2,thrB,2942,44000,0.972
m2,thrB,2942,44500,1.0
m2,thrB,2942,45000,0.933
m2,thrB,2942,45500,1.0
m2,thrB,2942,46000,1.0
m2,thrB,2942,46500,0.953
m2,thrB,2942,47000,0.909
m2,thrB,2942,47500,0.902
m2,thrB,2942,48000,0.897
m2,thrB,2942,48500,1.0
m2,thrB,2942,49000,0.989
m2,thrB,2942,49500,0.952
m2,thrB,2942,50000,0.978
m2,thrB,2942,50500,1.0
m2,thrB,2942,51000,0.917
m2,thrB,2942,51500,1.0
m2,thrB,2942,52000,1.0
m2,thrB,2942,52500,0.941
m2,thrB,2942,53000,1.0
m2,thrB,2942,53500,0.889
m2,thrB,2942,54000,0.939
m2,thrB,2942,54500,1.0
m2,thrB,2942,55000,0.977
m2,thrB,2942,55500,0.935
m2,thrB,2942,56000,0.961
m2,thrB,2942,56500,0.964
m2,thrB,2942,57000,1.0
m2,thrB,2942,57500,0.917
m2,thrB,2942,58500,1.0
m2,thrB,2942,59000,1.0
m2,thrB,2942,59500,0.96
m2,thrB,2942,60000,0.959
m2,dnaK,12074,0,0.0
m2,dnaK,12074,500,0.0
m2,dnaK,12074,1000,0.0
m2,dnaK,12074,1500,0.0
m2,dnaK,12074,2000,0.0
m2,dnaK,12074,2500,0.0
m2,dnaK,12074,3000,0.0
m2,dnaK,12074,3500,0.0
m2,dnaK,12074,4000,0.0
m2,dnaK,12074,4500,0.0
m2,dnaK,12074,5000,0.0
m2,dnaK,12074,5500,0.0
m2,dnaK,12074,6000,0.027
m2,dnaK,12074,6500,0.006
m2,dnaK,12074,7000,0.0
m2,dnaK,12074,7500,0.035
m2,dnaK,12074,8000,0.025
m2,dnaK,12074,8500,0.009
m2,dnaK,12074,9000,0.047
m2,dnaK,12074,9500,0.02
m2,dnaK,12074,10000,0.051
m2,dnaK,12074,10500,0.075
m2,dnaK,12074,11000,0.118
m2,dnaK,12074,11500,0.03
m2,dnaK,12074,12000,0.032
m2,dnaK,12074,12500,0.032
m2,dnaK,12074,13000,0.09
m2,dnaK,12074,13500,0.584
m2,dnaK,12074,14000,0.144
m2,dnaK,12074,14500,0.306
m2,dnaK,12074,15000,0.696
m2,dnaK,12074,15500,0.041
m2,dnaK,12074,16000,0.398
m2,dnaK,12074,16500,0.313
m2,dnaK,12074,17000,0.267
m2,dnaK,12074,17500,0.102
m2,dnaK,12074,18000,0.349
m2,dnaK,12074,18500,0.051
m2,dnaK,12074,19000,0.658
m2,dnaK,12074,19500,0.21
m2,dnaK,12074,20000,0.171
m2,dnaK,12074,20500,0.232
m2,dnaK,12074,21000,0.045
m2,dnaK,12074,22000,0.047
m2,dnaK,12074,22500,0.024
m2,dnaK,12074,23000,0.108
m2,dnaK,12074,23500,0.08
m2,dnaK,12074,24000,0.1
m2,dnaK,12074,24500,0.189
m2,dnaK,12074,25000,0.18
m2,dnaK,12074,25500,0.053
m2,dnaK,12074,26000,0.544
m2,dnaK,12074,26500,0.18
m2,dnaK,12074,27000,0.185
m2,dnaK,12074,27500,0.086
m2,dnaK,12074,28000,0.167
m2,dnaK,12074,28500,0.059
m2,dnaK,12074,29000,0.027
m2,dnaK,12074,29500,0.177
m2,dnaK,12074,30000,0.154
m2,dnaK,12074,30500,0.089
m2,dnaK,12074,31000,0.08
m2,dnaK,12074,31500,0.102
m2,dnaK,12074,32000,1.0
m2,dnaK,12074,32500,0.122
m2,dnaK,12074,33000,0.067
m2,dnaK,12074,33500,0.103
m2,dnaK,12074,34000,0.121
m2,dnaK,12074,34500,0.0
m2,dnaK,12074,35000,0.033
m2,dnaK,12074,35500,0.0
m2,dnaK,12074,36000,0.0
m2,dnaK,12074,36500,0.0
m2,dnaK,12074,37000,0.034
m2,dnaK,12074,37500,0.0
m2,dnaK,12074,38000,0.286
m2,dnaK,12074,38500,0.072
m2,dnaK,12074,39000,0.067
m2,dnaK,12074,39500,0.057
m2,dnaK,12074,40000,0.075
m2,dnaK,12074,40500,0.134
m2,dnaK,12074,41000,0.065
m2,dnaK,12074,41500,0.167
m2,dnaK,12074,42000,0.106
m2,dnaK,12074,42500,0.138
m2,dnaK,12074,43000,0.035
m2,dnaK,12074,43500,0.039
m2,dnaK,12074,44000,0.028
m2,dnaK,12074,44500,0.02
m2,dnaK,12074,45000,0.062
m2,dnaK,12074,45500,0.0
m2,dnaK,12074,46000,0.113
m2,dnaK,12074,46500,0.0
m2,dnaK,12074,47000,0.075
m2,dnaK,12074,47500,0.0
m2,dnaK,12074,48000,0.048
m2,dnaK,12074,48500,0.053
m2,dnaK,12074,49000,0.016
m2,dnaK,12074,49500,0.032
m2,dnaK,12074,50000,0.023
m2,dnaK,12074,50500,0.067
m2,dnaK,12074,51000,0.056
m2,dnaK,12074,51500,0.0
m2,dnaK,12074,52000,0.0
m2,dnaK,12074,52500,0.0
m2,dnaK,12074,53000,0.115
m2,dnaK,12074,53500,0.05
m2,dnaK,12074,54000,0.037
m2,dnaK,12074,54500,0.0
m2,dnaK,12074,55000,0.062
m2,dnaK,12074,55500,0.047
m2,dnaK,12074,56000,0.005
m2,dnaK,12074,56500,0.021
m2,dnaK,12074,57000,0.0
m2,dnaK,12074,57500,0.042
m2,dnaK,12074,58500,0.024
m2,dnaK,12074,59000,0.014
m2,dnaK,12074,59500,0.0
m2,dnaK,12074,60000,0.048
m2,dnaJ,14866,0,0.0
m2,dnaJ,14866,500,0.0
m2,dnaJ,14866,1000,0.0
m2,dnaJ,14866,1500,0.0
m2,dnaJ,14866,2000,0.0
m2,dnaJ,14866,2500,0.0
m2,dnaJ,14866,3000,0.0
m2,dnaJ,14866,3500,0.0
m2,dnaJ,14866,4000,0.0
m2,dnaJ,14866,4500,0.0
m2,dnaJ,14866,5000,0.0
m2,dnaJ,14866,5500,0.0
m2,dnaJ,14866,6000,0.0
m2,dnaJ,14866,6500,0.031
m2,dnaJ,14866,7000,0.008
m2,dnaJ,14866,7500,0.181
m2,dnaJ,14866,8000,0.642
m2,dnaJ,14866,8500,0.961
m2,dnaJ,14866,9000,0.94
m2,dnaJ,14866,9500,0.974
m2,dnaJ,14866,10000,0.981
m2,dnaJ,14866,10500,0.992
m2,dnaJ,14866,11000,0.888
m2,dnaJ,14866,11500,0.988
m2,dnaJ,14866,12000,0.952
m2,dnaJ,14866,12500,0.967
m2,dnaJ,14866,13000,0.904
m2,dnaJ,14866,13500,0.372
m2,dnaJ,14866,14000,0.893
m2,dnaJ,14866,14500,0.571
m2,dnaJ,14866,15000,0.241
m2,dnaJ,14866,15500,0.947
m2,dnaJ,14866,16000,0.688
m2,dnaJ,14866,16500,0.729
m2,dnaJ,14866,17000,0.742
m2,dnaJ,14866,17500,0.925
m2,dnaJ,14866,18000,0.591
m2,dnaJ,14866,18500,0.898
m2,dnaJ,14866,19000,0.268
m2,dnaJ,14866,19500,0.681
m2,dnaJ,14866,20000,0.905
m2,dnaJ,14866,20500,0.772
m2,dnaJ,14866,21000,0.899
m2,dnaJ,14866,22000,0.873
m2,dnaJ,14866,22500,0.919
m2,dnaJ,14866,23000,0.874
m2,dnaJ,14866,23500,0.948
m2,dnaJ,14866,24000,0.936
m2,dnaJ,14866,24500,0.937
m2,dnaJ,14866,25000,0.874
m2,dnaJ,14866,25500,0.932
m2,dnaJ,14866,26000,0.475
m2,dnaJ,14866,26500,0.831
m2,dnaJ,14866,27000,0.809
m2,dnaJ,14866,27500,0.92
m2,dnaJ,14866,28000,0.875
m2,dnaJ,14866,28500,0.93
m2,dnaJ,14866,29000,0.929
m2,dnaJ,14866,29500,0.848
m2,dnaJ,14866,30000,0.779
m2,dnaJ,14866,30500,0.83
m2,dnaJ,14866,31000,0.9
m2,dnaJ,14866,31500,0.933
m2,dnaJ,14866,32000,0.5
m2,dnaJ,14866,32500,0.817
m2,dnaJ,14866,33000,0.921
m2,dnaJ,14866,33500,0.868
m2,dnaJ,14866,34000,0.912
m2,dnaJ,14866,34500,1.0
m2,dnaJ,14866,35000,0.967
m2,dnaJ,14866,35500,0.918
m2,dnaJ,14866,36000,0.971
m2,dnaJ,14866,36500,0.971
m2,dnaJ,14866,37000,0.953
m2,dnaJ,14866,37500,0.967
m2,dnaJ,14866,38000,1.0
m2,dnaJ,14866,38500,0.912
m2,dnaJ,14866,39000,0.854
m2,dnaJ,14866,39500,0.942
m2,dnaJ,14866,40000,0.888
m2,dnaJ,14866,40500,0.935
m2,dnaJ,14866,41000,1.0
m2,dnaJ,14866,41500,0.97
m2,dnaJ,14866,42000,0.8
m2,dnaJ,14866,42500,1.0
m2,dnaJ,14866,43000,0.937
m2,dnaJ,14866,43500,0.934
m2,dnaJ,14866,44000,0.978
m2,dnaJ,14866,44500,0.973
m2,dnaJ,14866,45000,0.929
m2,dnaJ,14866,45500,1.0
m2,dnaJ,14866,46000,1.0
m2,dnaJ,14866,46500,0.927
m2,dnaJ,14866,47000,1.0
m2,dnaJ,14866,47500,1.0
m2,dnaJ,14866,48000,0.964
m2,dnaJ,14866,48500,1.0
m2,dnaJ,14866,49000,0.943
m2,dnaJ,14866,49500,0.952
m2,dnaJ,14866,50000,0.964
m2,dnaJ,14866,50500,1.0
m2,dnaJ,14866,51000,1.0
m2,dnaJ,14866,51500,1.0
m2,dnaJ,14866,52000,1.0
m2,dnaJ,14866,52500,0.979
m2,dnaJ,14866,53000,1.0
m2,dnaJ,14866,53500,0.95
m2,dnaJ,14866,54000,1.0
m2,dnaJ,14866,54500,1.0
m2,dnaJ,14866,55000,0.96
m2,dnaJ,14866,55500,0.968
m2,dnaJ,14866,56000,0.959
m2,dnaJ,14866,56500,0.947
m2,dnaJ,14866,57000,1.0
m2,dnaJ,14866,57500,0.976
m2,dnaJ,14866,58500,1.0
m2,dnaJ,14866,59000,0.907
m2,dnaJ,14866,59500,1.0
m2,dnaJ,14866,60000,0.917
m2,mokC,16990,0,0.0
m2,mokC,16990,500,0.0
m2,mokC,16990,1000,0.0
m2,mokC,16990,1500,0.0
m2,mokC,16990,2000,0.0
m2,mokC,16990,2500,0.0
m2,mokC,16990,3000,0.0
m2,mokC,16990,3500,0.0
m2,mokC,16990,4000,0.0
m2,mokC,16990,4500,0.0
m2,mokC,16990,5000,0.0
m2,mokC,16990,5500,0.0
m2,mokC,16990,6000,0.005
m2,mokC,16990,6500,0.0
m2,mokC,16990,7000,0.0
m2,mokC,16990,7500,0.0
m2,mokC,16990,8000,0.0
m2,mokC,16990,8500,0.0
m2,mokC,16990,9000,0.0
m2,mokC,16990,9500,0.0
m2,mokC,16990,10000,0.0
m2,mokC,16990,10500,0.0
m2,mokC,16990,11000,0.0
m2,mokC,16990,11500,0.007
m2,mokC,16990,12000,0.0
m2,mokC,16990,12500,0.0
m2,mokC,16990,13000,0.0
m2,mokC,16990,13500,0.0
m2,mokC,16990,14000,0.0
m2,mokC,16990,14500,0.0
m2,mokC,16990,15000,0.0
m2,mokC,16990,15500,0.0
m2,mokC,16990,16000,0.0
m2,mokC,16990,16500,0.0
m2,mokC,16990,17000,0.0
m2,mokC,16990,17500,0.0
m2,mokC,16990,18000,0.0
m2,mokC,16990,18500,0.0
m2,mokC,16990,19000,0.0
m2,mokC,16990,19500,0.0
m2,mokC,16990,20000,0.006
m2,mokC,16990,20500,0.0
m2,mokC,16990,21000,0.0
m2,mokC,16990,22000,0.0
m2,mokC,16990,22500,0.0
m2,mokC,16990,23000,0.0
m2,mokC,16990,23500,0.0
m2,mokC,16990,24000,0.0
m2,mokC,16990,24500,0.0
m2,mokC,16990,25000,0.0
m2,mokC,16990,25500,0.0
m2,mokC,16990,26000,0.0
m2,mokC,16990,26500,0.0
m2,mokC,16990,27000,0.006
m2,mokC,16990,27500,0.0
m2,mokC,16990,28000,0.0
m2,mokC,16990,28500,0.0
m2,mokC,16990,29000,0.0
m2,mokC,16990,29500,0.0
m2,mokC,16990,30000,0.0
m2,mokC,16990,30500,0.021
m2,mokC,16990,31000,0.061
m2,mokC,16990,31500,0.11
m2,mokC,16990,32500,0.253
m2,mokC,16990,33000,0.647
m2,mokC,16990,33500,0.868
m2,mokC,16990,34000,0.882
m2,mokC,16990,34500,0.994
m2,mokC,16990,35000,0.948
m2,mokC,16990,35500,1.0
m2,mokC,16990,36000,0.978
m2,mokC,16990,36500,0.952
m2,mokC,16990,37000,0.886
m2,mokC,16990,37500,0.971
m2,mokC,16990,38500,0.943
m2,mokC,16990,39000,0.908
m2,mokC,16990,39500,0.924
m2,mokC,16990,40000,0.895
m2,mokC,16990,40500,0.896
m2,mokC,16990,41000,0.931
m2,mokC,16990,41500,0.975
m2,mokC,16990,42000,0.909
m2,mokC,16990,42500,1.0
m2,mokC,16990,43000,0.927
m2,mokC,16990,43500,0.944
m2,mokC,16990,44000,0.97
m2,mokC,16990,44500,0.915
m2,mokC,16990,45000,0.889
m2,mokC,16990,45500,0.96
m2,mokC,16990,46000,1.0
m2,mokC,16990,46500,0.965
m2,mokC,16990,47000,0.954
m2,mokC,16990,47500,0.976
m2,mokC,16990,48000,0.963
m2,mokC,16990,48500,1.0
m2,mokC,16990,49000,0.935
m2,mokC,16990,49500,0.945
m2,mokC,16990,50000,0.966
m2,mokC,16990,50500,1.0
m2,mokC,16990,51000,1.0
m2,mokC,16990,51500,0.93
m2,mokC,16990,52000,1.0
m2,mokC,16990,52500,0.945
m2,mokC,16990,53000,1.0
m2,mokC,16990,53500,0.945
m2,mokC,16990,54000,1.0
m2,mokC,16990,54500,1.0
m2,mokC,16990,55000,0.972
m2,mokC,16990,55500,0.976
m2,mokC,16990,56000,0.986
m2,mokC,16990,56500,0.986
m2,mokC,16990,57000,1.0
m2,mokC,16990,57500,0.988
m2,mokC,16990,58500,0.986
m2,mokC,16990,59000,0.971
m2,mokC,16990,59500,0.953
m2,mokC,16990,60000,0.985
m2,nhaA,18152,0,0.0
m2,nhaA,18152,500,0.0
m2,nhaA,18152,1000,0.0
m2,nhaA,18152,1500,0.0
m2,nhaA,18152,2000,0.0
m2,nhaA,18152,2500,0.0
m2,nhaA,18152,3000,0.0
m2,nhaA,18152,3500,0.0
m2,nhaA,18152,4000,0.0
m2,nhaA,18152,4500,0.007
m2,nhaA,18152,5000,0.0
m2,nhaA,18152,5500,0.0
m2,nhaA,18152,6000,0.0
m2,nhaA,18152,6500,0.0
m2,nhaA,18152,7000,0.0
m2,nhaA,18152,7500,0.19
m2,nhaA,18152,8000,0.587
m2,nhaA,18152,8500,0.862
m2,nhaA,18152,9000,0.842
m2,nhaA,18152,9500,0.971
m2,nhaA,18152,10000,0.982
m2,nhaA,18152,10500,0.74
m2,nhaA,18152,11000,0.776
m2,nhaA,18152,11500,0.793
m2,nhaA,18152,12000,0.859
m2,nhaA,18152,12500,0.934
m2,nhaA,18152,13000,0.76
m2,nhaA,18152,13500,0.332
m2,nhaA,18152,14000,0.659
m2,nhaA,18152,14500,0.516
m2,nhaA,18152,15000,0.236
m2,nhaA,18152,15500,0.878
m2,nhaA,18152,16000,0.513
m2,nhaA,18152,16500,0.579
m2,nhaA,18152,17000,0.775
m2,nhaA,18152,17500,0.712
m2,nhaA,18152,18000,0.467
m2,nhaA,18152,18500,0.828
m2,nhaA,18152,19000,0.26
m2,nhaA,18152,19500,0.606
m2,nhaA,18152,20000,0.685
m2,nhaA,18152,20500,0.797
m2,nhaA,18152,21000,0.768
m2,nhaA,18152,22000,0.81
m2,nhaA,18152,22500,0.84
m2,nhaA,18152,23000,0.847
m2,nhaA,18152,23500,0.826
m2,nhaA,18152,24000,0.815
m2,nhaA,18152,24500,0.883
m2,nhaA,18152,25000,0.761
m2,nhaA,18152,25500,0.766
m2,nhaA,18152,26000,0.417
m2,nhaA,18152,26500,0.746
m2,nhaA,18152,27000,0.778
m2,nhaA,18152,27500,0.959
m2,nhaA,18152,28000,0.873
m2,nhaA,18152,28500,0.863
m2,nhaA,18152,29000,0.878
m2,nhaA,18152,29500,0.76
m2,nhaA,18152,30000,0.672
m2,nhaA,18152,30500,0.774
m2,nhaA,18152,31000,0.786
m2,nhaA,18152,31500,0.803
m2,nhaA,18152,32000,1.0
m2,nhaA,18152,32500,0.791
m2,nhaA,18152,33000,0.753
m2,nhaA,18152,33500,0.811
m2,nhaA,18152,34000,0.82
m2,nhaA,18152,34500,0.941
m2,nhaA,18152,35000,0.822
m2,nhaA,18152,35500,0.856
m2,nhaA,18152,36000,0.864
m2,nhaA,18152,36500,0.943
m2,nhaA,18152,37000,0.828
m2,nhaA,18152,37500,0.862
m2,nhaA,18152,38000,1.0
m2,nhaA,18152,38500,0.81
m2,nhaA,18152,39000,0.809
m2,nhaA,18152,39500,0.862
m2,nhaA,18152,40000,0.784
m2,nhaA,18152,40500,0.821
m2,nhaA,18152,41000,0.796
m2,nhaA,18152,41500,0.776
m2,nhaA,18152,42000,0.695
m2,nhaA,18152,42500,0.739
m2,nhaA,18152,43000,0.783
m2,nhaA,18152,43500,0.846
m2,nhaA,18152,44000,0.848
m2,nhaA,18152,44500,0.804
m2,nhaA,18152,45000,0.839
m2,nhaA,18152,45500,0.815
m2,nhaA,18152,46000,0.818
m2,nhaA,18152,46500,0.871
m2,nhaA,18152,47000,0.906
m2,nhaA,18152,47500,0.796
m2,nhaA,18152,48000,0.8
m2,nhaA,18152,48500,0.75
m2,nhaA,18152,49000,0.827
m2,nhaA,18152,49500,0.908
m2,nhaA,18152,50000,0.837
m2,nhaA,18152,50500,0.806
m2,nhaA,18152,51000,0.667
m2,nhaA,18152,51500,0.833
m2,nhaA,18152,52000,0.75
m2,nhaA,18152,52500,0.846
m2,nhaA,18152,53000,0.781
m2,nhaA,18152,53500,0.852
m2,nhaA,18152,54000,0.886
m2,nhaA,18152,54500,0.967
m2,nhaA,18152,55000,0.871
m2,nhaA,18152,55500,0.784
m2,nhaA,18152,56000,0.919
m2,nhaA,18152,56500,0.848
m2,nhaA,18152,57000,0.857
m2,nhaA,18152,57500,0.862
m2,nhaA,18152,58500,0.841
m2,nhaA,18152,59000,0.86
m2,nhaA,18152,59500,0.79
m2,nhaA,18152,60000,0.81
m2,ileS,27422,0,0.005
m2,ileS,27422,500,0.0
m2,ileS,27422,1000,0.009
m2,ileS,27422,1500,0.011
m2,ileS,27422,2000,0.01
m2,ileS,27422,2500,0.0
m2,ileS,27422,3000,0.0
m2,ileS,27422,3500,0.0
m2,ileS,27422,4000,0.0
m2,ileS,27422,4500,0.0
m2,ileS,27422,5000,0.0
m2,ileS,27422,5500,0.0
m2,ileS,27422,6000,0.0
m2,ileS,27422,6500,0.0
m2,ileS,27422,7000,0.0
m2,ileS,27422,7500,0.0
m2,ileS,27422,8000,0.0
m2,ileS,27422,8500,0.0
m2,ileS,27422,9000,0.0
m2,ileS,27422,9500,0.023
m2,ileS,27422,10000,0.0
m2,ileS,27422,10500,0.0
m2,ileS,27422,11000,0.0
m2,ileS,27422,11500,0.0
m2,ileS,27422,12000,0.0
m2,ileS,27422,12500,0.015
m2,ileS,27422,13000,0.0
m2,ileS,27422,13500,0.009
m2,ileS,27422,14000,0.222
m2,ileS,27422,14500,0.3
m2,ileS,27422,15000,0.112
m2,ileS,27422,15500,0.705
m2,ileS,27422,16000,0.575
m2,ileS,27422,16500,0.711
m2,ileS,27422,17000,0.752
m2,ileS,27422,17500,0.863
m2,ileS,27422,18000,0.542
m2,ileS,27422,18500,0.923
m2,ileS,27422,19000,0.268
m2,ileS,27422,19500,0.695
m2,ileS,27422,20000,0.828
m2,ileS,27422,20500,0.758
m2,ileS,27422,21000,0.872
m2,ileS,27422,22000,0.964
m2,ileS,27422,22500,0.92
m2,ileS,27422,23000,0.919
m2,ileS,27422,23500,0.874
m2,ileS,27422,24000,0.97
m2,ileS,27422,24500,0.875
m2,ileS,27422,25000,0.885
m2,ileS,27422,25500,0.784
m2,ileS,27422,26000,0.495
m2,ileS,27422,26500,0.788
m2,ileS,27422,27000,0.694
m2,ileS,27422,27500,0.971
m2,ileS,27422,28000,0.859
m2,ileS,27422,28500,0.934
m2,ileS,27422,29000,1.0
m2,ileS,27422,29500,0.837
m2,ileS,27422,30000,0.782
m2,ileS,27422,30500,0.904
m2,ileS,27422,31000,0.859
m2,ileS,27422,31500,0.874
m2,ileS,27422,32000,1.0
m2,ileS,27422,32500,0.841
m2,ileS,27422,33000,0.95
m2,ileS,27422,33500,0.927
m2,ileS,27422,34000,0.927
m2,ileS,27422,34500,1.0
m2,ileS,27422,35000,0.958
m2,ileS,27422,35500,0.935
m2,ileS,27422,36000,0.972
m2,ileS,27422,36500,0.957
m2,ileS,27422,37000,0.97
m2,ileS,27422,37500,0.955
m2,ileS,27422,38000,1.0
m2,ileS,27422,38500,0.923
m2,ileS,27422,39000,0.89
m2,ileS,27422,39500,0.914
m2,ileS,27422,40000,0.891
m2,ileS,27422,40500,0.853
m2,ileS,27422,41000,0.941
m2,ileS,27422,41500,0.906
m2,ileS,27422,42000,0.828
m2,ileS,27422,42500,1.0
m2,ileS,27422,43000,0.958
m2,ileS,27422,43500,0.914
m2,ileS,27422,44000,0.962
m2,ileS,27422,44500,0.889
m2,ileS,27422,45000,1.0
m2,ileS,27422,45500,0.92
m2,ileS,27422,46000,0.953
m2,ileS,27422,46500,0.842
m2,ileS,27422,47000,1.0
m2,ileS,27422,47500,1.0
m2,ileS,27422,48000,0.917
m2,ileS,27422,48500,1.0
m2,ileS,27422,49000,0.966
m2,ileS,27422,49500,0.988
m2,ileS,27422,50000,0.927
m2,ileS,27422,50500,1.0
m2,ileS,27422,51000,1.0
m2,ileS,27422,51500,0.964
m2,ileS,27422,52000,0.966
m2,ileS,27422,52500,0.941
m2,ileS,27422,53000,0.926
m2,ileS,27422,53500,1.0
m2,ileS,27422,54000,1.0
m2,ileS,27422,54500,0.952
m2,ileS,27422,55000,0.971
m2,ileS,27422,55500,0.931
m2,ileS,27422,56000,1.0
m2,ileS,27422,56500,0.956
m2,ileS,27422,57000,0.842
m2,ileS,27422,57500,0.981
m2,ileS,27422,58500,1.0
m2,ileS,27422,59000,0.984
m2,ileS,27422,59500,0.968
m2,ileS,27422,60000,0.982
m2,rihC,31719,0,0.0
m2,rihC,31719,500,0.0
m2,rihC,31719,1000,0.0
m2,rihC,31719,1500,0.0
m2,rihC,31719,2000,0.0
m2,rihC,31719,2500,0.0
m2,rihC,31719,3000,0.0
m2,rihC,31719,3500,0.0
m2,rihC,31719,4000,0.009
m2,rihC,31719,4500,0.0
m2,rihC,31719,5000,0.0
m2,rihC,31719,5500,0.0
m2,rihC,31719,6000,0.0
m2,rihC,31719,6500,0.0
m2,rihC,31719,7000,0.0
m2,rihC,31719,7500,0.0
m2,rihC,31719,8000,0.0
m2,rihC,31719,8500,0.0
m2,rihC,31719,9000,0.0
m2,rihC,31719,9500,0.023
m2,rihC,31719,10000,0.0
m2,rihC,31719,10500,0.0
m2,rihC,31719,11000,0.0
m2,rihC,31719,11500,0.0
m2,rihC,31719,12000,0.0
m2,rihC,31719,12500,0.016
m2,rihC,31719,13000,0.0
m2,rihC,31719,13500,0.015
m2,rihC,31719,14000,0.0
m2,rihC,31719,14500,0.0
m2,rihC,31719,15000,0.018
m2,rihC,31719,15500,0.0
m2,rihC,31719,16000,0.0
m2,rihC,31719,16500,0.0
m2,rihC,31719,17000,0.0
m2,rihC,31719,17500,0.0
m2,rihC,31719,18000,0.0
m2,rihC,31719,18500,0.0
m2,rihC,31719,19000,0.0
m2,rihC,31719,19500,0.0
m2,rihC,31719,20000,0.0
m2,rihC,31719,20500,0.0
m2,rihC,31719,21000,0.0
m2,rihC,31719,21500,1.0
m2,rihC,31719,22000,0.0
m2,rihC,31719,22500,0.0
m2,rihC,31719,23000,0.0
m2,rihC,31719,23500,0.033
m2,rihC,31719,24000,0.12
m2,rihC,31719,24500,0.241
m2,rihC,31719,25000,0.284
m2,rihC,31719,25500,0.667
m2,rihC,31719,26000,0.54
m2,rihC,31719,26500,0.793
m2,rihC,31719,27000,0.837
m2,rihC,31719,27500,0.293
m2,rihC,31719,28000,0.871
m2,rihC,31719,28500,0.941
m2,rihC,31719,29000,0.959
m2,rihC,31719,29500,0.855
m2,rihC,31719,30000,0.791
m2,rihC,31719,30500,0.856
m2,rihC,31719,31000,0.896
m2,rihC,31719,31500,0.916
m2,rihC,31719,32000,1.0
m2,rihC,31719,32500,0.856
m2,rihC,31719,33000,0.839
m2,rihC,31719,33500,0.923
m2,rihC,31719,34000,0.974
m2,rihC,31719,34500,1.0
m2,rihC,31719,35000,0.944
m2,rihC,31719,35500,1.0
m2,rihC,31719,36000,0.986
m2,rihC,31719,36500,0.976
m2,rihC,31719,37000,0.887
m2,rihC,31719,37500,1.0
m2,rihC,31719,38000,0.5
m2,rihC,31719,38500,0.924
m2,rihC,31719,39000,0.841
m2,rihC,31719,39500,0.944
m2,rihC,31719,40000,0.985
m2,rihC,31719,40500,0.899
m2,rihC,31719,41000,0.981
m2,rihC,31719,41500,0.902
m2,rihC,31719,42000,0.833
m2,rihC,31719,42500,1.0
m2,rihC,31719,43000,0.945
m2,rihC,31719,43500,0.932
m2,rihC,31719,44000,0.983
m2,rihC,31719,44500,0.929
m2,rihC,31719,45000,1.0
m2,rihC,31719,45500,0.971
m2,rihC,31719,46000,1.0
m2,rihC,31719,46500,0.938
m2,rihC,31719,47000,0.909
m2,rihC,31719,47500,0.973
m2,rihC,31719,48000,1.0
m2,rihC,31719,48500,1.0
m2,rihC,31719,49000,0.976
m2,rihC,31719,49500,0.959
m2,rihC,31719,50000,0.954
m2,rihC,31719,50500,1.0
m2,rihC,31719,51000,0.889
m2,rihC,31719,51500,0.963
m2,rihC,31719,52000,1.0
m2,rihC,31719,52500,1.0
m2,rihC,31719,53000,0.925
m2,rihC,31719,53500,0.971
m2,rihC,31719,54000,1.0
m2,rihC,31719,54500,1.0
m2,rihC,31719,55000,0.968
m2,rihC,31719,55500,0.948
m2,rihC,31719,56000,0.989
m2,rihC,31719,56500,1.0
m2,rihC,31719,57000,1.0
m2,rihC,31719,57500,0.938
m2,rihC,31719,58500,1.0
m2,rihC,31719,59000,0.953
m2,rihC,31719,59500,1.0
m2,rihC,31719,60000,0.981
m2,dapB,32371,0,0.006
m2,dapB,32371,500,0.0
m2,dapB,32371,1000,0.0
m2,dapB,32371,1500,0.0
m2,dapB,32371,2000,0.0
m2,dapB,32371,2500,0.0
m2,dapB,32371,3000,0.0
m2,dapB,32371,3500,0.048
m2,dapB,32371,4000,0.011
m2,dapB,32371,4500,0.0
m2,dapB,32371,5000,0.0
m2,dapB,32371,5500,0.0
m2,dapB,32371,6000,0.0
m2,dapB,32371,6500,0.02
m2,dapB,32371,7000,0.0
m2,dapB,32371,7500,0.0
m2,dapB,32371,8000,0.012
m2,dapB,32371,8500,0.0
m2,dapB,32371,9000,0.0
m2,dapB,32371,9500,0.0
m2,dapB,32371,10000,0.0
m2,dapB,32371,10500,0.0
m2,dapB,32371,11000,0.0
m2,dapB,32371,11500,0.013
m2,dapB,32371,12000,0.0
m2,dapB,32371,12500,0.007
m2,dapB,32371,13000,0.0
m2,dapB,32371,13500,0.0
m2,dapB,32371,14000,0.011
m2,dapB,32371,14500,0.0
m2,dapB,32371,15000,0.0
m2,dapB,32371,15500,0.011
m2,dapB,32371,16000,0.0
m2,dapB,32371,16500,0.0
m2,dapB,32371,17000,0.0
m2,dapB,32371,17500,0.0
m2,dapB,32371,18000,0.0
m2,dapB,32371,18500,0.012
m2,dapB,32371,19000,0.0
m2,dapB,32371,19500,0.023
m2,dapB,32371,20000,0.0
m2,dapB,32371,20500,0.0
m2,dapB,32371,21000,0.0
m2,dapB,32371,22000,0.0
m2,dapB,32371,22500,0.012
m2,dapB,32371,23000,0.0
m2,dapB,32371,23500,0.0
m2,dapB,32371,24000,0.0
m2,dapB,32371,24500,0.0
m2,dapB,32371,25000,0.0
m2,dapB,32371,25500,0.0
m2,dapB,32371,26000,0.0
m2,dapB,32371,26500,0.017
m2,dapB,32371,27000,0.0
m2,dapB,32371,27500,0.0
m2,dapB,32371,28000,0.0
m2,dapB,32371,28500,0.0
m2,dapB,32371,29000,0.0
m2,dapB,32371,29500,0.0
m2,dapB,32371,30000,0.0
m2,dapB,32371,30500,0.0
m2,dapB,32371,31000,0.0
m2,dapB,32371,31500,0.0
m2,dapB,32371,32500,0.0
m2,dapB,32371,33000,0.0
m2,dapB,32371,33500,0.0
m2,dapB,32371,34000,0.0
m2,dapB,32371,34500,0.0
m2,dapB,32371,35000,0.0
m2,dapB,32371,35500,0.0
m2,dapB,32371,36000,0.045
m2,dapB,32371,36500,0.1
m2,dapB,32371,37000,0.323
m2,dapB,32371,37500,0.333
m2,dapB,32371,38000,1.0
m2,dapB,32371,38500,0.13
m2,dapB,32371,39000,0.101
m2,dapB,32371,39500,0.182
m2,dapB,32371,40000,0.024
m2,dapB,32371,40500,0.053
m2,dapB,32371,41000,0.077
m2,dapB,32371,41500,0.0
m2,dapB,32371,42000,0.0
m2,dapB,32371,42500,0.0
m2,dapB,32371,43000,0.011
m2,dapB,32371,43500,0.0
m2,dapB,32371,44000,0.015
m2,dapB,32371,44500,0.0
m2,dapB,32371,45000,0.0
m2,dapB,32371,45500,0.0
m2,dapB,32371,46000,0.0
m2,dapB,32371,46500,0.0
m2,dapB,32371,47000,0.0
m2,dapB,32371,47500,0.045
m2,dapB,32371,48000,0.0
m2,dapB,32371,48500,0.0
m2,dapB,32371,49000,0.0
m2,dapB,32371,49500,0.0
m2,dapB,32371,50000,0.0
m2,dapB,32371,50500,0.0
m2,dapB,32371,51000,0.0
m2,dapB,32371,51500,0.0
m2,dapB,32371,52000,0.0
m2,dapB,32371,52500,0.0
m2,dapB,32371,53000,0.0
m2,dapB,32371,53500,0.0
m2,dapB,32371,54000,0.0
m2,dapB,32371,54500,0.0
m2,dapB,32371,55000,0.006
m2,dapB,32371,55500,0.0
m2,dapB,32371,56000,0.0
m2,dapB,32371,56500,0.0
m2,dapB,32371,57000,0.0
m2,dapB,32371,57500,0.0
m2,dapB,32371,58500,0.0
m2,dapB,32371,59000,0.0
m2,dapB,32371,59500,0.0
m2,dapB,32371,60000,0.0
m2,carB,38095,0,0.0
m2,carB,38095,500,0.0
m2,carB,38095,1000,0.0
m2,carB,38095,1500,0.007
m2,carB,38095,2000,0.0
m2,carB,38095,2500,0.0
m2,carB,38095,3000,0.0
m2,carB,38095,3500,0.014
m2,carB,38095,4000,0.013
m2,carB,38095,4500,0.006
m2,carB,38095,5000,0.0
m2,carB,38095,5500,0.0
m2,carB,38095,6000,0.0
m2,carB,38095,6500,0.0
m2,carB,38095,7000,0.0
m2,carB,38095,7500,0.0
m2,carB,38095,8000,0.0
m2,carB,38095,8500,0.0
m2,carB,38095,9000,0.0
m2,carB,38095,9500,0.006
m2,carB,38095,10000,0.0
m2,carB,38095,10500,0.0
m2,carB,38095,11000,0.0
m2,carB,38095,11500,0.0
m2,carB,38095,12000,0.0
m2,carB,38095,12500,0.0
m2,carB,38095,13000,0.0
m2,carB,38095,13500,0.0
m2,carB,38095,14000,0.0
m2,carB,38095,14500,0.0
m2,carB,38095,15000,0.0
m2,carB,38095,15500,0.0
m2,carB,38095,16000,0.0
m2,carB,38095,16500,0.0
m2,carB,38095,17000,0.0
m2,carB,38095,17500,0.0
m2,carB,38095,18000,0.0
m2,carB,38095,18500,0.0
m2,carB,38095,19000,0.0
m2,carB,38095,19500,0.0
m2,carB,38095,20000,0.0
m2,carB,38095,20500,0.0
m2,carB,38095,21000,0.0
m2,carB,38095,22000,0.0
m2,carB,38095,22500,0.0
m2,carB,38095,23000,0.0
m2,carB,38095,23500,0.0
m2,carB,38095,24000,0.0
m2,carB,38095,24500,0.0
m2,carB,38095,25000,0.0
m2,carB,38095,25500,0.0
m2,carB,38095,26000,0.0
m2,carB,38095,26500,0.008
m2,carB,38095,27000,0.0
m2,carB,38095,27500,0.0
m2,carB,38095,28000,0.0
m2,carB,38095,28500,0.0
m2,carB,38095,29000,0.0
m2,carB,38095,29500,0.0
m2,carB,38095,30000,0.0
m2,carB,38095,30500,0.053
m2,carB,38095,31000,0.2
m2,carB,38095,31500,0.324
m2,carB,38095,32000,0.0
m2,carB,38095,32500,0.483
m2,carB,38095,33000,0.786
m2,carB,38095,33500,0.876
m2,carB,38095,34000,0.952
m2,carB,38095,34500,1.0
m2,carB,38095,35000,0.958
m2,carB,38095,35500,0.94
m2,carB,38095,36000,0.978
m2,carB,38095,36500,1.0
m2,carB,38095,37000,0.964
m2,carB,38095,37500,0.987
m2,carB,38095,38000,1.0
m2,carB,38095,38500,0.932
m2,carB,38095,39000,0.859
m2,carB,38095,39500,0.921
m2,carB,38095,40000,0.954
m2,carB,38095,40500,0.848
m2,carB,38095,41000,0.922
m2,carB,38095,41500,0.868
m2,carB,38095,42000,0.955
m2,carB,38095,42500,1.0
m2,carB,38095,43000,0.9
m2,carB,38095,43500,0.934
m2,carB,38095,44000,0.96
m2,carB,38095,44500,0.948
m2,carB,38095,45000,0.964
m2,carB,38095,45500,1.0
m2,carB,38095,46000,0.945
m2,carB,38095,46500,0.982
m2,carB,38095,47000,0.963
m2,carB,38095,47500,0.921
m2,carB,38095,48000,0.955
m2,carB,38095,48500,1.0
m2,carB,38095,49000,0.963
m2,carB,38095,49500,0.969
m2,carB,38095,50000,0.941
m2,carB,38095,50500,0.909
m2,carB,38095,51000,1.0
m2,carB,38095,51500,1.0
m2,carB,38095,52000,0.94
m2,carB,38095,52500,0.977
m2,carB,38095,53000,0.968
m2,carB,38095,53500,0.944
m2,carB,38095,54000,0.97
m2,carB,38095,54500,1.0
m2,carB,38095,55000,0.989
m2,carB,38095,55500,0.975
m2,carB,38095,56000,0.983
m2,carB,38095,56500,1.0
m2,carB,38095,57000,0.833
m2,carB,38095,57500,0.978
m2,carB,38095,58500,1.0
m2,carB,38095,59000,0.957
m2,carB,38095,59500,1.0
m2,carB,38095,60000,0.958
m2,intergenic,38182,0,0.027
m2,intergenic,38182,500,0.07
m2,intergenic,38182,1000,0.042
m2,intergenic,38182,1500,0.028
m2,intergenic,38182,2000,0.047
m2,intergenic,38182,2500,0.025
m2,intergenic,38182,3000,0.046
m2,intergenic,38182,3500,0.158
m2,intergenic,38182,4000,0.064
m2,intergenic,38182,4500,0.121
m2,intergenic,38182,5000,0.125
m2,intergenic,38182,5500,0.086
m2,intergenic,38182,6000,0.149
m2,intergenic,38182,6500,0.051
m2,intergenic,38182,7000,0.154
m2,intergenic,38182,7500,0.129
m2,intergenic,38182,8000,0.083
m2,intergenic,38182,8500,0.11
m2,intergenic,38182,9000,0.089
m2,intergenic,38182,9500,0.102
m2,intergenic,38182,10000,0.087
m2,intergenic,38182,10500,0.243
m2,intergenic,38182,11000,0.198
m2,intergenic,38182,11500,0.169
m2,intergenic,38182,12000,0.165
m2,intergenic,38182,12500,0.256
m2,intergenic,38182,13000,0.244
m2,intergenic,38182,13500,0.667
m2,intergenic,38182,14000,0.473
m2,intergenic,38182,14500,0.765
m2,intergenic,38182,15000,0.902
m2,intergenic,38182,15500,0.842
m2,intergenic,38182,16000,0.781
m2,intergenic,38182,16500,0.931
m2,intergenic,38182,17000,0.969
m2,intergenic,38182,17500,0.974
m2,intergenic,38182,18000,0.914
m2,intergenic,38182,18500,0.963
m2,intergenic,38182,19000,0.977
m2,intergenic,38182,19500,0.993
m2,intergenic,38182,20000,0.985
m2,intergenic,38182,20500,1.0
m2,intergenic,38182,21000,0.956
m2,intergenic,38182,22000,1.0
m2,intergenic,38182,22500,0.98
m2,intergenic,38182,23000,0.986
m2,intergenic,38182,23500,0.972
m2,intergenic,38182,24000,0.946
m2,intergenic,38182,24500,1.0
m2,intergenic,38182,25000,1.0
m2,intergenic,38182,25500,1.0
m2,intergenic,38182,26000,1.0
m2,intergenic,38182,26500,1.0
m2,intergenic,38182,27000,1.0
m2,intergenic,38182,27500,0.938
m2,intergenic,38182,28000,0.981
m2,intergenic,38182,28500,0.965
m2,intergenic,38182,29000,0.974
m2,intergenic,38182,29500,0.956
m2,intergenic,38182,30000,0.957
m2,intergenic,38182,30500,0.958
m2,intergenic,38182,31000,1.0
m2,intergenic,38182,31500,1.0
m2,intergenic,38182,32000,1.0
m2,intergenic,38182,32500,0.992
m2,intergenic,38182,33000,0.985
m2,intergenic,38182,33500,0.992
m2,intergenic,38182,34000,0.984
m2,intergenic,38182,34500,1.0
m2,intergenic,38182,35000,0.968
m2,intergenic,38182,35500,0.963
m2,intergenic,38182,36000,0.983
m2,intergenic,38182,36500,0.982
m2,intergenic,38182,37000,0.957
m2,intergenic,38182,37500,1.0
m2,intergenic,38182,38000,1.0
m2,intergenic,38182,38500,0.991
m2,intergenic,38182,39000,0.992
m2,intergenic,38182,39500,0.99
m2,intergenic,38182,40000,0.984
m2,intergenic,38182,40500,0.992
m2,intergenic,38182,41000,1.0
m2,intergenic,38182,41500,1.0
m2,intergenic,38182,42000,1.0
m2,intergenic,38182,42500,0.867
m2,intergenic,38182,43000,0.982
m2,intergenic,38182,43500,0.613
m2,intergenic,38182,44000,0.981
m2,intergenic,38182,44500,0.942
m2,intergenic,38182,45000,1.0
m2,intergenic,38182,45500,0.966
m2,intergenic,38182,46000,0.983
m2,intergenic,38182,46500,1.0
m2,intergenic,38182,47000,1.0
m2,intergenic,38182,47500,0.975
m2,intergenic,38182,48000,0.98
m2,intergenic,38182,48500,1.0
m2,intergenic,38182,49000,0.992
m2,intergenic,38182,49500,0.716
m2,intergenic,38182,50000,0.748
m2,intergenic,38182,50500,0.963
m2,intergenic,38182,51000,1.0
m2,intergenic,38182,51500,1.0
m2,intergenic,38182,52000,0.975
m2,intergenic,38182,52500,0.976
m2,intergenic,38182,53000,1.0
m2,intergenic,38182,53500,1.0
m2,intergenic,38182,54000,1.0
m2,intergenic,38182,54500,0.969
m2,intergenic,38182,55000,0.89
m2,intergenic,38182,55500,0.795
m2,intergenic,38182,56000,0.985
m2,intergenic,38182,56500,1.0
m2,intergenic,38182,57000,1.0
m2,intergenic,38182,57500,0.985
m2,intergenic,38182,58500,0.932
m2,intergenic,38182,59000,0.981
m2,intergenic,38182,59500,1.0
m2,intergenic,38182,60000,1.0
m2,caiA,43770,0,0.0
m2,caiA,43770,500,0.0
m2,caiA,43770,1000,0.0
m2,caiA,43770,1500,0.0
m2,caiA,43770,2000,0.0
m2,caiA,43770,2500,0.0
m2,caiA,43770,3000,0.017
m2,caiA,43770,3500,0.0
m2,caiA,43770,4000,0.0
m2,caiA,43770,4500,0.0
m2,caiA,43770,5000,0.0
m2,caiA,43770,5500,0.0
m2,caiA,43770,6000,0.0
m2,caiA,43770,6500,0.0
m2,caiA,43770,7000,0.009
m2,caiA,43770,7500,0.0
m2,caiA,43770,8000,0.0
m2,caiA,43770,8500,0.0
m2,caiA,43770,9000,0.0
m2,caiA,43770,9500,0.023
m2,caiA,43770,10000,0.0
m2,caiA,43770,10500,0.0
m2,caiA,43770,11000,0.0
m2,caiA,43770,11500,0.0
m2,caiA,43770,12000,0.0
m2,caiA,43770,12500,0.009
m2,caiA,43770,13000,0.0
m2,caiA,43770,13500,0.0
m2,caiA,43770,14000,0.0
m2,caiA,43770,14500,0.0
m2,caiA,43770,15000,0.0
m2,caiA,43770,15500,0.019
m2,caiA,43770,16000,0.0
m2,caiA,43770,16500,0.0
m2,caiA,43770,17000,0.028
m2,caiA,43770,17500,0.379
m2,caiA,43770,18000,0.123
m2,caiA,43770,18500,0.475
m2,caiA,43770,19000,0.168
m2,caiA,43770,19500,0.562
m2,caiA,43770,20000,0.707
m2,caiA,43770,20500,0.618
m2,caiA,43770,21000,0.783
m2,caiA,43770,22000,0.931
m2,caiA,43770,22500,0.942
m2,caiA,43770,23000,0.905
m2,caiA,43770,23500,0.887
m2,caiA,43770,24000,0.92
m2,caiA,43770,24500,0.903
m2,caiA,43770,25000,0.825
m2,caiA,43770,25500,0.833
m2,caiA,43770,26000,0.5
m2,caiA,43770,26500,0.859
m2,caiA,43770,27000,0.811
m2,caiA,43770,27500,0.935
m2,caiA,43770,28000,0.842
m2,caiA,43770,28500,0.845
m2,caiA,43770,29000,0.87
m2,caiA,43770,29500,0.817
m2,caiA,43770,30000,0.704
m2,caiA,43770,30500,0.902
m2,caiA,43770,31000,0.769
m2,caiA,43770,31500,0.926
m2,caiA,43770,32000,1.0
m2,caiA,43770,32500,0.914
m2,caiA,43770,33000,0.944
m2,caiA,43770,33500,0.902
m2,caiA,43770,34000,0.827
m2,caiA,43770,34500,1.0
m2,caiA,43770,35000,0.962
m2,caiA,43770,35500,1.0
m2,caiA,43770,36000,0.982
m2,caiA,43770,36500,1.0
m2,caiA,43770,37000,1.0
m2,caiA,43770,37500,0.935
m2,caiA,43770,38500,0.873
m2,caiA,43770,39000,0.839
m2,caiA,43770,39500,0.908
m2,caiA,43770,40000,0.929
m2,caiA,43770,40500,0.758
m2,caiA,43770,41000,0.871
m2,caiA,43770,41500,0.944
m2,caiA,43770,42000,0.893
m2,caiA,43770,42500,0.923
m2,caiA,43770,43000,0.885
m2,caiA,43770,43500,0.942
m2,caiA,43770,44000,0.928
m2,caiA,43770,44500,1.0
m2,caiA,43770,45000,0.929
m2,caiA,43770,45500,1.0
m2,caiA,43770,46000,0.971
m2,caiA,43770,46500,1.0
m2,caiA,43770,47000,0.969
m2,caiA,43770,47500,0.953
m2,caiA,43770,48000,1.0
m2,caiA,43770,48500,1.0
m2,caiA,43770,49000,0.985
m2,caiA,43770,49500,0.938
m2,caiA,43770,50000,0.982
m2,caiA,43770,50500,0.846
m2,caiA,43770,51000,1.0
m2,caiA,43770,51500,1.0
m2,caiA,43770,52000,1.0
m2,caiA,43770,52500,1.0
m2,caiA,43770,53000,1.0
m2,caiA,43770,53500,0.897
m2,caiA,43770,54000,0.976
m2,caiA,43770,54500,0.957
m2,caiA,43770,55000,0.975
m2,caiA,43770,55500,0.965
m2,caiA,43770,56000,0.969
m2,caiA,43770,56500,1.0
m2,caiA,43770,57000,0.7
m2,caiA,43770,57500,0.903
m2,caiA,43770,58500,0.963
m2,caiA,43770,59000,0.981
m2,caiA,43770,59500,0.935
m2,caiA,43770,60000,1.0
m2,fixC,48723,0,0.0
m2,fixC,48723,500,0.0
m2,fixC,48723,1000,0.0
m2,fixC,48723,1500,0.0
m2,fixC,48723,2000,0.0
m2,fixC,48723,2500,0.0
m2,fixC,48723,3000,0.0
m2,fixC,48723,3500,0.0
m2,fixC,48723,4000,0.0
m2,fixC,48723,4500,0.0
m2,fixC,48723,5000,0.0
m2,fixC,48723,5500,0.0
m2,fixC,48723,6000,0.0
m2,fixC,48723,6500,0.0
m2,fixC,48723,7000,0.0
m2,fixC,48723,7500,0.0
m2,fixC,48723,8000,0.0
m2,fixC,48723,8500,0.0
m2,fixC,48723,9000,0.0
m2,fixC,48723,9500,0.0
m2,fixC,48723,10000,0.007
m2,fixC,48723,10500,0.0
m2,fixC,48723,11000,0.011
m2,fixC,48723,11500,0.0
m2,fixC,48723,12000,0.0
m2,fixC,48723,12500,0.0
m2,fixC,48723,13000,0.0
m2,fixC,48723,13500,0.0
m2,fixC,48723,14000,0.0
m2,fixC,48723,14500,0.0
m2,fixC,48723,15000,0.0
m2,fixC,48723,15500,0.0
m2,fixC,48723,16000,0.0
m2,fixC,48723,16500,0.0
m2,fixC,48723,17000,0.0
m2,fixC,48723,17500,0.0
m2,fixC,48723,18000,0.0
m2,fixC,48723,18500,0.0
m2,fixC,48723,19000,0.0
m2,fixC,48723,19500,0.015
m2,fixC,48723,20000,0.0
m2,fixC,48723,20500,0.007
m2,fixC,48723,21000,0.0
m2,fixC,48723,22000,0.0
m2,fixC,48723,22500,0.0
m2,fixC,48723,23000,0.0
m2,fixC,48723,23500,0.0
m2,fixC,48723,24000,0.013
m2,fixC,48723,24500,0.0
m2,fixC,48723,25000,0.0
m2,fixC,48723,25500,0.0
m2,fixC,48723,26000,0.0
m2,fixC,48723,26500,0.008
m2,fixC,48723,27000,0.0
m2,fixC,48723,27500,0.0
m2,fixC,48723,28000,0.0
m2,fixC,48723,28500,0.0
m2,fixC,48723,29000,0.0
m2,fixC,48723,29500,0.0
m2,fixC,48723,30000,0.0
m2,fixC,48723,30500,0.0
m2,fixC,48723,31000,0.0
m2,fixC,48723,31500,0.0
m2,fixC,48723,32000,0.0
m2,fixC,48723,32500,0.0
m2,fixC,48723,33000,0.0
m2,fixC,48723,33500,0.0
m2,fixC,48723,34000,0.0
m2,fixC,48723,34500,0.0
m2,fixC,48723,35000,0.013
m2,fixC,48723,35500,0.102
m2,fixC,48723,36000,0.508
m2,fixC,48723,36500,0.806
m2,fixC,48723,37000,0.884
m2,fixC,48723,37500,0.984
m2,fixC,48723,38500,0.889
m2,fixC,48723,39000,0.885
m2,fixC,48723,39500,0.938
m2,fixC,48723,40000,0.938
m2,fixC,48723,40500,0.908
m2,fixC,48723,41000,0.962
m2,fixC,48723,41500,0.939
m2,fixC,48723,42000,0.9
m2,fixC,48723,42500,1.0
m2,fixC,48723,43000,0.926
m2,fixC,48723,43500,0.977
m2,fixC,48723,44000,0.964
m2,fixC,48723,44500,1.0
m2,fixC,48723,45000,0.941
m2,fixC,48723,45500,0.926
m2,fixC,48723,46000,1.0
m2,fixC,48723,46500,0.95
m2,fixC,48723,47000,1.0
m2,fixC,48723,47500,0.903
m2,fixC,48723,48000,0.929
m2,fixC,48723,48500,0.889
m2,fixC,48723,49000,0.963
m2,fixC,48723,49500,0.959
m2,fixC,48723,50000,0.946
m2,fixC,48723,50500,0.84
m2,fixC,48723,51000,1.0
m2,fixC,48723,51500,0.857
m2,fixC,48723,52000,1.0
m2,fixC,48723,52500,0.971
m2,fixC,48723,53000,1.0
m2,fixC,48723,53500,1.0
m2,fixC,48723,54000,1.0
m2,fixC,48723,54500,1.0
m2,fixC,48723,55000,0.97
m2,fixC,48723,55500,0.936
m2,fixC,48723,56000,0.969
m2,fixC,48723,56500,1.0
m2,fixC,48723,57000,1.0
m2,fixC,48723,57500,0.977
m2,fixC,48723,58500,1.0
m2,fixC,48723,59000,0.979
m2,fixC,48723,59500,0.977
m2,fixC,48723,60000,0.946
m2,kefC,53052,0,0.0
m2,kefC,53052,500,0.031
m2,kefC,53052,1000,0.0
m2,kefC,53052,1500,0.0
m2,kefC,53052,2000,0.0
m2,kefC,53052,2500,0.0
m2,kefC,53052,3000,0.0
m2,kefC,53052,3500,0.0
m2,kefC,53052,4000,0.0
m2,kefC,53052,4500,0.0
m2,kefC,53052,5000,0.0
m2,kefC,53052,5500,0.0
m2,kefC,53052,6000,0.0
m2,kefC,53052,6500,0.01
m2,kefC,53052,7000,0.0
m2,kefC,53052,7500,0.0
m2,kefC,53052,8000,0.0
m2,kefC,53052,8500,0.0
m2,kefC,53052,9000,0.0
m2,kefC,53052,9500,0.0
m2,kefC,53052,10000,0.008
m2,kefC,53052,10500,0.0
m2,kefC,53052,11000,0.0
m2,kefC,53052,11500,0.0
m2,kefC,53052,12000,0.0
m2,kefC,53052,12500,0.01
m2,kefC,53052,13000,0.0
m2,kefC,53052,13500,0.0
m2,kefC,53052,14000,0.0
m2,kefC,53052,14500,0.0
m2,kefC,53052,15000,0.0
m2,kefC,53052,15500,0.01
m2,kefC,53052,16000,0.0
m2,kefC,53052,16500,0.0
m2,kefC,53052,17000,0.0
m2,kefC,53052,17500,0.0
m2,kefC,53052,18000,0.0
m2,kefC,53052,18500,0.0
m2,kefC,53052,19000,0.0
m2,kefC,53052,19500,0.0
m2,kefC,53052,20000,0.047
m2,kefC,53052,20500,0.206
m2,kefC,53052,21000,0.663
m2,kefC,53052,22000,0.906
m2,kefC,53052,22500,0.9
m2,kefC,53052,23000,0.93
m2,kefC,53052,23500,0.835
m2,kefC,53052,24000,0.976
m2,kefC,53052,24500,0.909
m2,kefC,53052,25000,0.873
m2,kefC,53052,25500,0.915
m2,kefC,53052,26000,0.516
m2,kefC,53052,26500,0.814
m2,kefC,53052,27000,0.864
m2,kefC,53052,27500,0.821
m2,kefC,53052,28000,0.865
m2,kefC,53052,28500,0.885
m2,kefC,53052,29000,0.943
m2,kefC,53052,29500,0.866
m2,kefC,53052,30000,0.74
m2,kefC,53052,30500,0.904
m2,kefC,53052,31000,0.815
m2,kefC,53052,31500,0.896
m2,kefC,53052,32000,1.0
m2,kefC,53052,32500,0.86
m2,kefC,53052,33000,0.906
m2,kefC,53052,33500,0.892
m2,kefC,53052,34000,0.939
m2,kefC,53052,34500,1.0
m2,kefC,53052,35000,0.941
m2,kefC,53052,35500,0.924
m2,kefC,53052,36000,0.931
m2,kefC,53052,36500,0.96
m2,kefC,53052,37000,0.971
m2,kefC,53052,37500,0.968
m2,kefC,53052,38500,0.868
m2,kefC,53052,39000,0.833
m2,kefC,53052,39500,0.894
m2,kefC,53052,40000,0.839
m2,kefC,53052,40500,0.757
m2,kefC,53052,41000,0.968
m2,kefC,53052,41500,1.0
m2,kefC,53052,42000,0.96
m2,kefC,53052,42500,1.0
m2,kefC,53052,43000,0.931
m2,kefC,53052,43500,0.971
m2,kefC,53052,44000,0.979
m2,kefC,53052,44500,0.917
m2,kefC,53052,45000,0.958
m2,kefC,53052,45500,1.0
m2,kefC,53052,46000,0.88
m2,kefC,53052,46500,1.0
m2,kefC,53052,47000,1.0
m2,kefC,53052,47500,0.85
m2,kefC,53052,48000,1.0
m2,kefC,53052,48500,1.0
m2,kefC,53052,49000,0.97
m2,kefC,53052,49500,0.959
m2,kefC,53052,50000,0.993
m2,kefC,53052,50500,0.952
m2,kefC,53052,51000,0.75
m2,kefC,53052,51500,0.944
m2,kefC,53052,52000,1.0
m2,kefC,53052,52500,0.917
m2,kefC,53052,53000,0.826
m2,kefC,53052,53500,1.0
m2,kefC,53052,54000,0.875
m2,kefC,53052,54500,1.0
m2,kefC,53052,55000,0.973
m2,kefC,53052,55500,0.962
m2,kefC,53052,56000,0.978
m2,kefC,53052,56500,0.968
m2,kefC,53052,57000,1.0
m2,kefC,53052,57500,0.969
m2,kefC,53052,58500,1.0
m2,kefC,53052,59000,0.987
m2,kefC,53052,59500,0.978
m2,kefC,53052,60000,1.0
m2,ksgA,55948,0,0.0
m2,ksgA,55948,500,0.0
m2,ksgA,55948,1000,0.0
m2,ksgA,55948,1500,0.0
m2,ksgA,55948,2000,0.0
m2,ksgA,55948,2500,0.0
m2,ksgA,55948,3000,0.013
m2,ksgA,55948,3500,0.0
m2,ksgA,55948,4000,0.0
m2,ksgA,55948,4500,0.0
m2,ksgA,55948,5000,0.0
m2,ksgA,55948,5500,0.0
m2,ksgA,55948,6000,0.0
m2,ksgA,55948,6500,0.0
m2,ksgA,55948,7000,0.0
m2,ksgA,55948,7500,0.0
m2,ksgA,55948,8000,0.0
m2,ksgA,55948,8500,0.0
m2,ksgA,55948,9000,0.0
m2,ksgA,55948,9500,0.0
m2,ksgA,55948,10000,0.0
m2,ksgA,55948,10500,0.009
m2,ksgA,55948,11000,0.0
m2,ksgA,55948,11500,0.0
m2,ksgA,55948,12000,0.0
m2,ksgA,55948,12500,0.0
m2,ksgA,55948,13000,0.0
m2,ksgA,55948,13500,0.0
m2,ksgA,55948,14000,0.0
m2,ksgA,55948,14500,0.0
m2,ksgA,55948,15000,0.0
m2,ksgA,55948,15500,0.011
m2,ksgA,55948,16000,0.0
m2,ksgA,55948,16500,0.009
m2,ksgA,55948,17000,0.0
m2,ksgA,55948,17500,0.0
m2,ksgA,55948,18000,0.0
m2,ksgA,55948,18500,0.0
m2,ksgA,55948,19000,0.0
m2,ksgA,55948,19500,0.0
m2,ksgA,55948,20000,0.0
m2,ksgA,55948,20500,0.0
m2,ksgA,55948,21000,0.0
m2,ksgA,55948,22000,0.0
m2,ksgA,55948,22500,0.0
m2,ksgA,55948,23000,0.0
m2,ksgA,55948,23500,0.0
m2,ksgA,55948,24000,0.0
m2,ksgA,55948,24500,0.0
m2,ksgA,55948,25000,0.0
m2,ksgA,55948,25500,0.0
m2,ksgA,55948,26000,0.0
m2,ksgA,55948,26500,0.0
m2,ksgA,55948,27000,0.0
m2,ksgA,55948,27500,0.0
m2,ksgA,55948,28000,0.0
m2,ksgA,55948,28500,0.0
m2,ksgA,55948,29000,0.0
m2,ksgA,55948,29500,0.0
m2,ksgA,55948,30000,0.0
m2,ksgA,55948,30500,0.0
m2,ksgA,55948,31000,0.0
m2,ksgA,55948,31500,0.0
m2,ksgA,55948,32000,0.0
m2,ksgA,55948,32500,0.0
m2,ksgA,55948,33000,0.0
m2,ksgA,55948,33500,0.0
m2,ksgA,55948,34000,0.0
m2,ksgA,55948,34500,0.0
m2,ksgA,55948,35000,0.0
m2,ksgA,55948,35500,0.0
m2,ksgA,55948,36000,0.0
m2,ksgA,55948,36500,0.071
m2,ksgA,55948,37000,0.271
m2,ksgA,55948,37500,0.3
m2,ksgA,55948,38000,0.0
m2,ksgA,55948,38500,0.87
m2,ksgA,55948,39000,0.681
m2,ksgA,55948,39500,0.604
m2,ksgA,55948,40000,0.766
m2,ksgA,55948,40500,0.732
m2,ksgA,55948,41000,0.944
m2,ksgA,55948,41500,0.94
m2,ksgA,55948,42000,0.788
m2,ksgA,55948,42500,1.0
m2,ksgA,55948,43000,0.873
m2,ksgA,55948,43500,0.927
m2,ksgA,55948,44000,0.96
m2,ksgA,55948,44500,0.917
m2,ksgA,55948,45000,1.0
m2,ksgA,55948,45500,1.0
m2,ksgA,55948,46000,0.929
m2,ksgA,55948,46500,0.982
m2,ksgA,55948,47000,1.0
m2,ksgA,55948,47500,0.938
m2,ksgA,55948,48000,0.933
m2,ksgA,55948,48500,0.889
m2,ksgA,55948,49000,0.968
m2,ksgA,55948,49500,0.965
m2,ksgA,55948,50000,0.949
m2,ksgA,55948,50500,0.966
m2,ksgA,55948,51000,1.0
m2,ksgA,55948,51500,0.969
m2,ksgA,55948,52000,1.0
m2,ksgA,55948,52500,0.906
m2,ksgA,55948,53000,1.0
m2,ksgA,55948,53500,1.0
m2,ksgA,55948,54000,1.0
m2,ksgA,55948,54500,1.0
m2,ksgA,55948,55000,0.977
m2,ksgA,55948,55500,0.956
m2,ksgA,55948,56000,0.988
m2,ksgA,55948,56500,0.95
m2,ksgA,55948,57000,1.0
m2,ksgA,55948,57500,0.961
m2,ksgA,55948,58500,0.946
m2,ksgA,55948,59000,0.983
m2,ksgA,55948,59500,0.964
m2,ksgA,55948,60000,0.949
m2,polB,66804,0,0.0
m2,polB,66804,500,0.0
m2,polB,66804,1000,0.0
m2,polB,66804,1500,0.0
m2,polB,66804,2000,0.0
m2,polB,66804,2500,0.0
m2,polB,66804,3000,0.0
m2,polB,66804,3500,0.0
m2,polB,66804,4000,0.0
m2,polB,66804,4500,0.0
m2,polB,66804,5000,0.0
m2,polB,66804,5500,0.0
m2,polB,66804,6000,0.0
m2,polB,66804,6500,0.0
m2,polB,66804,7000,0.0
m2,polB,66804,7500,0.0
m2,polB,66804,8000,0.0
m2,polB,66804,8500,0.0
m2,polB,66804,9000,0.0
m2,polB,66804,9500,0.026
m2,polB,66804,10000,0.0
m2,polB,66804,10500,0.0
m2,polB,66804,11000,0.0
m2,polB,66804,11500,0.0
m2,polB,66804,12000,0.0
m2,polB,66804,12500,0.024
m2,polB,66804,13000,0.0
m2,polB,66804,13500,0.0
m2,polB,66804,14000,0.087
m2,polB,66804,14500,0.159
m2,polB,66804,15000,0.082
m2,polB,66804,15500,0.805
m2,polB,66804,16000,0.594
m2,polB,66804,16500,0.6
m2,polB,66804,17000,0.763
m2,polB,66804,17500,0.902
m2,polB,66804,18000,0.424
m2,polB,66804,18500,0.942
m2,polB,66804,19000,0.289
m2,polB,66804,19500,0.75
m2,polB,66804,20000,0.938
m2,polB,66804,20500,0.729
m2,polB,66804,21000,0.922
m2,polB,66804,22000,0.924
m2,polB,66804,22500,0.918
m2,polB,66804,23000,0.904
m2,polB,66804,23500,0.958
m2,polB,66804,24000,0.833
m2,polB,66804,24500,0.889
m2,polB,66804,25000,0.855
m2,polB,66804,25500,0.9
m2,polB,66804,26000,0.614
m2,polB,66804,26500,0.76
m2,polB,66804,27000,0.776
m2,polB,66804,27500,0.934
m2,polB,66804,28000,0.808
m2,polB,66804,28500,0.904
m2,polB,66804,29000,0.949
m2,polB,66804,29500,0.88
m2,polB,66804,30000,0.806
m2,polB,66804,30500,0.851
m2,polB,66804,31000,0.882
m2,polB,66804,31500,0.906
m2,polB,66804,32500,0.856
m2,polB,66804,33000,0.938
m2,polB,66804,33500,0.906
m2,polB,66804,34000,0.96
m2,polB,66804,34500,1.0
m2,polB,66804,35000,0.929
m2,polB,66804,35500,1.0
m2,polB,66804,36000,0.958
m2,polB,66804,36500,0.977
m2,polB,66804,37000,1.0
m2,polB,66804,37500,0.977
m2,polB,66804,38000,1.0
m2,polB,66804,38500,0.905
m2,polB,66804,39000,0.913
m2,polB,66804,39500,0.946
m2,polB,66804,40000,0.933
m2,polB,66804,40500,0.844
m2,polB,66804,41000,0.969
m2,polB,66804,41500,0.882
m2,polB,66804,42000,0.88
m2,polB,66804,42500,1.0
m2,polB,66804,43000,0.918
m2,polB,66804,43500,0.926
m2,polB,66804,44000,0.972
m2,polB,66804,44500,1.0
m2,polB,66804,45000,1.0
m2,polB,66804,45500,0.96
m2,polB,66804,46000,1.0
m2,polB,66804,46500,1.0
m2,polB,66804,47000,0.897
m2,polB,66804,47500,0.846
m2,polB,66804,48000,0.929
m2,polB,66804,48500,0.929
m2,polB,66804,49000,0.986
m2,polB,66804,49500,0.976
m2,polB,66804,50000,0.99
m2,polB,66804,50500,0.929
m2,polB,66804,51000,1.0
m2,polB,66804,51500,0.933
m2,polB,66804,52000,0.969
m2,polB,66804,52500,0.875
m2,polB,66804,53000,1.0
m2,polB,66804,53500,1.0
m2,polB,66804,54000,1.0
m2,polB,66804,54500,1.0
m2,polB,66804,55000,0.953
m2,polB,66804,55500,0.95
m2,polB,66804,56000,0.969
m2,polB,66804,56500,1.0
m2,polB,66804,57000,1.0
m2,polB,66804,57500,1.0
m2,polB,66804,58500,1.0
m2,polB,66804,59000,0.975
m2,polB,66804,59500,1.0
m2,polB,66804,60000,1.0
m2,araD,68661,0,0.0
m2,araD,68661,500,0.0
m2,araD,68661,1000,0.0
m2,araD,68661,1500,0.0
m2,araD,68661,2000,0.0
m2,araD,68661,2500,0.0
m2,araD,68661,3000,0.0
m2,araD,68661,3500,0.0
m2,araD,68661,4000,0.0
m2,araD,68661,4500,0.0
m2,araD,68661,5000,0.0
m2,araD,68661,5500,0.0
m2,araD,68661,6000,0.0
m2,araD,68661,6500,0.0
m2,araD,68661,7000,0.0
m2,araD,68661,7500,0.0
m2,araD,68661,8000,0.0
m2,araD,68661,8500,0.0
m2,araD,68661,9000,0.0
m2,araD,68661,9500,0.0
m2,araD,68661,10000,0.0
m2,araD,68661,10500,0.014
m2,araD,68661,11000,0.0
m2,araD,68661,11500,0.0
m2,araD,68661,12000,0.0
m2,araD,68661,12500,0.0
m2,araD,68661,13000,0.0
m2,araD,68661,13500,0.0
m2,araD,68661,14000,0.0
m2,araD,68661,14500,0.0
m2,araD,68661,15000,0.0
m2,araD,68661,15500,0.0
m2,araD,68661,16000,0.0
m2,araD,68661,16500,0.0
m2,araD,68661,17000,0.0
m2,araD,68661,17500,0.0
m2,araD,68661,18000,0.026
m2,araD,68661,18500,0.0
m2,araD,68661,19000,0.025
m2,araD,68661,19500,0.055
m2,araD,68661,20000,0.065
m2,araD,68661,20500,0.106
m2,araD,68661,21000,0.059
m2,araD,68661,22000,0.059
m2,araD,68661,22500,0.114
m2,araD,68661,23000,0.142
m2,araD,68661,23500,0.038
m2,araD,68661,24000,0.04
m2,araD,68661,24500,0.068
m2,araD,68661,25000,0.07
m2,araD,68661,25500,0.113
m2,araD,68661,26000,0.432
m2,araD,68661,26500,0.194
m2,araD,68661,27000,0.156
m2,araD,68661,27500,0.073
m2,araD,68661,28000,0.118
m2,araD,68661,28500,0.064
m2,araD,68661,29000,0.038
m2,araD,68661,29500,0.219
m2,araD,68661,30000,0.092
m2,araD,68661,30500,0.112
m2,araD,68661,31000,0.053
m2,araD,68661,31500,0.058
m2,araD,68661,32000,1.0
m2,araD,68661,32500,0.129
m2,araD,68661,33000,0.053
m2,araD,68661,33500,0.089
m2,araD,68661,34000,0.041
m2,araD,68661,34500,0.0
m2,araD,68661,35000,0.082
m2,araD,68661,35500,0.031
m2,araD,68661,36000,0.0
m2,araD,68661,36500,0.039
m2,araD,68661,37000,0.035
m2,araD,68661,37500,0.0
m2,araD,68661,38500,0.091
m2,araD,68661,39000,0.13
m2,araD,68661,39500,0.082
m2,araD,68661,40000,0.066
m2,araD,68661,40500,0.13
m2,araD,68661,41000,0.023
m2,araD,68661,41500,0.047
m2,araD,68661,42000,0.137
m2,araD,68661,42500,0.0
m2,araD,68661,43000,0.066
m2,araD,68661,43500,0.079
m2,araD,68661,44000,0.032
m2,araD,68661,44500,0.1
m2,araD,68661,45000,0.077
m2,araD,68661,45500,0.0
m2,araD,68661,46000,0.042
m2,araD,68661,46500,0.023
m2,araD,68661,47000,0.021
m2,araD,68661,47500,0.0
m2,araD,68661,48000,0.039
m2,araD,68661,48500,0.0
m2,araD,68661,49000,0.022
m2,araD,68661,49500,0.046
m2,araD,68661,50000,0.056
m2,araD,68661,50500,0.0
m2,araD,68661,51000,0.0
m2,araD,68661,51500,0.029
m2,araD,68661,52000,0.077
m2,araD,68661,52500,0.0
m2,araD,68661,53000,0.0
m2,araD,68661,53500,0.026
m2,araD,68661,54000,0.016
m2,araD,68661,54500,0.0
m2,araD,68661,55000,0.02
m2,araD,68661,55500,0.016
m2,araD,68661,56000,0.009
m2,araD,68661,56500,0.0
m2,araD,68661,57000,0.0
m2,araD,68661,57500,0.039
m2,araD,68661,58500,0.0
m2,araD,68661,59000,0.019
m2,araD,68661,59500,0.03
m2,araD,68661,60000,0.012
m2,araB,71161,0,0.0
m2,araB,71161,500,0.0
m2,araB,71161,1000,0.0
m2,araB,71161,1500,0.0
m2,araB,71161,2000,0.0
m2,araB,71161,2500,0.0
m2,araB,71161,3000,0.0
m2,araB,71161,3500,0.0
m2,araB,71161,4000,0.0
m2,araB,71161,4500,0.0
m2,araB,71161,5000,0.0
m2,araB,71161,5500,0.0
m2,araB,71161,6000,0.0
m2,araB,71161,6500,0.0
m2,araB,71161,7000,0.0
m2,araB,71161,7500,0.0
m2,araB,71161,8000,0.0
m2,araB,71161,8500,0.0
m2,araB,71161,9000,0.0
m2,araB,71161,9500,0.005
m2,araB,71161,10000,0.0
m2,araB,71161,10500,0.0
m2,araB,71161,11000,0.0
m2,araB,71161,11500,0.0
m2,araB,71161,12000,0.0
m2,araB,71161,12500,0.012
m2,araB,71161,13000,0.021
m2,araB,71161,13500,0.028
m2,araB,71161,14000,0.271
m2,araB,71161,14500,0.239
m2,araB,71161,15000,0.174
m2,araB,71161,15500,0.807
m2,araB,71161,16000,0.567
m2,araB,71161,16500,0.761
m2,araB,71161,17000,0.677
m2,araB,71161,17500,0.974
m2,araB,71161,18000,0.529
m2,araB,71161,18500,0.929
m2,araB,71161,19000,0.308
m2,araB,71161,19500,0.716
m2,araB,71161,20000,0.873
m2,araB,71161,20500,0.714
m2,araB,71161,21000,0.794
m2,araB,71161,22000,0.923
m2,araB,71161,22500,0.855
m2,araB,71161,23000,0.869
m2,araB,71161,23500,0.939
m2,araB,71161,24000,0.935
m2,araB,71161,24500,0.848
m2,araB,71161,25000,0.824
m2,araB,71161,25500,0.838
m2,araB,71161,26000,0.443
m2,araB,71161,26500,0.797
m2,araB,71161,27000,0.756
m2,araB,71161,27500,0.862
m2,araB,71161,28000,0.852
m2,araB,71161,28500,0.964
m2,araB,71161,29000,0.875
m2,araB,71161,29500,0.864
m2,araB,71161,30000,0.774
m2,araB,71161,30500,0.885
m2,araB,71161,31000,0.868
m2,araB,71161,31500,0.825
m2,araB,71161,32000,1.0
m2,araB,71161,32500,0.877
m2,araB,71161,33000,0.918
m2,araB,71161,33500,0.914
m2,araB,71161,34000,0.915
m2,araB,71161,34500,1.0
m2,araB,71161,35000,0.964
m2,araB,71161,35500,0.985
m2,araB,71161,36000,1.0
m2,araB,71161,36500,0.964
m2,araB,71161,37000,0.964
m2,araB,71161,37500,0.961
m2,araB,71161,38000,1.0
m2,araB,71161,38500,0.924
m2,araB,71161,39000,0.918
m2,araB,71161,39500,0.928
m2,araB,71161,40000,0.903
m2,araB,71161,40500,0.851
m2,araB,71161,41000,0.936
m2,araB,71161,41500,0.897
m2,araB,71161,42000,0.824
m2,araB,71161,42500,1.0
m2,araB,71161,43000,0.937
m2,araB,71161,43500,0.919
m2,araB,71161,44000,0.951
m2,araB,71161,44500,1.0
m2,araB,71161,45000,0.923
m2,araB,71161,45500,1.0
m2,araB,71161,46000,0.893
m2,araB,71161,46500,0.98
m2,araB,71161,47000,0.957
m2,araB,71161,47500,0.92
m2,araB,71161,48000,0.978
m2,araB,71161,48500,0.917
m2,araB,71161,49000,0.976
m2,araB,71161,49500,0.977
m2,araB,71161,50000,0.973
m2,araB,71161,50500,0.968
m2,araB,71161,51000,0.8
m2,araB,71161,51500,0.929
m2,araB,71161,52000,0.967
m2,araB,71161,52500,0.974
m2,araB,71161,53000,0.929
m2,araB,71161,53500,0.92
m2,araB,71161,54000,1.0
m2,araB,71161,54500,1.0
m2,araB,71161,55000,0.972
m2,araB,71161,55500,0.986
m2,araB,71161,56000,0.98
m2,araB,71161,56500,1.0
m2,araB,71161,57000,1.0
m2,araB,71161,57500,0.979
m2,araB,71161,58500,0.938
m2,araB,71161,59000,0.976
m2,araB,71161,59500,0.965
m2,araB,71161,60000,1.0
m2,leuC,83144,0,0.0
m2,leuC,83144,500,0.0
m2,leuC,83144,1000,0.0
m2,leuC,83144,1500,0.0
m2,leuC,83144,2000,0.0
m2,leuC,83144,2500,0.0
m2,leuC,83144,3000,0.0
m2,leuC,83144,3500,0.0
m2,leuC,83144,4000,0.0
m2,leuC,83144,4500,0.0
m2,leuC,83144,5000,0.0
m2,leuC,83144,5500,0.0
m2,leuC,83144,6000,0.0
m2,leuC,83144,6500,0.01
m2,leuC,83144,7000,0.0
m2,leuC,83144,7500,0.0
m2,leuC,83144,8000,0.0
m2,leuC,83144,8500,0.0
m2,leuC,83144,9000,0.0
m2,leuC,83144,9500,0.027
m2,leuC,83144,10000,0.0
m2,leuC,83144,10500,0.0
m2,leuC,83144,11000,0.0
m2,leuC,83144,11500,0.014
m2,leuC,83144,12000,0.0
m2,leuC,83144,12500,0.0
m2,leuC,83144,13000,0.0
m2,leuC,83144,13500,0.0
m2,leuC,83144,14000,0.0
m2,leuC,83144,14500,0.0
m2,leuC,83144,15000,0.0
m2,leuC,83144,15500,0.0
m2,leuC,83144,16000,0.0
m2,leuC,83144,16500,0.0
m2,leuC,83144,17000,0.0
m2,leuC,83144,17500,0.0
m2,leuC,83144,18000,0.0
m2,leuC,83144,18500,0.0
m2,leuC,83144,19000,0.0
m2,leuC,83144,19500,0.0
m2,leuC,83144,20000,0.0
m2,leuC,83144,20500,0.0
m2,leuC,83144,21000,0.0
m2,leuC,83144,22000,0.0
m2,leuC,83144,22500,0.0
m2,leuC,83144,23000,0.0
m2,leuC,83144,23500,0.108
m2,leuC,83144,24000,0.185
m2,leuC,83144,24500,0.167
m2,leuC,83144,25000,0.311
m2,leuC,83144,25500,0.605
m2,leuC,83144,26000,0.569
m2,leuC,83144,26500,0.818
m2,leuC,83144,27000,0.851
m2,leuC,83144,27500,0.371
m2,leuC,83144,28000,0.909
m2,leuC,83144,28500,0.888
m2,leuC,83144,29000,0.962
m2,leuC,83144,29500,0.868
m2,leuC,83144,30000,0.712
m2,leuC,83144,30500,0.811
m2,leuC,83144,31000,0.93
m2,leuC,83144,31500,0.867
m2,leuC,83144,32500,0.905
m2,leuC,83144,33000,0.872
m2,leuC,83144,33500,0.836
m2,leuC,83144,34000,0.929
m2,leuC,83144,34500,1.0
m2,leuC,83144,35000,0.988
m2,leuC,83144,35500,0.93
m2,leuC,83144,36000,0.955
m2,leuC,83144,36500,0.981
m2,leuC,83144,37000,1.0
m2,leuC,83144,37500,0.974
m2,leuC,83144,38000,1.0
m2,leuC,83144,38500,0.925
m2,leuC,83144,39000,0.93
m2,leuC,83144,39500,0.951
m2,leuC,83144,40000,0.958
m2,leuC,83144,40500,0.873
m2,leuC,83144,41000,1.0
m2,leuC,83144,41500,1.0
m2,leuC,83144,42000,0.967
m2,leuC,83144,42500,0.909
m2,leuC,83144,43000,0.938
m2,leuC,83144,43500,0.957
m2,leuC,83144,44000,0.962
m2,leuC,83144,44500,1.0
m2,leuC,83144,45000,1.0
m2,leuC,83144,45500,1.0
m2,leuC,83144,46000,0.964
m2,leuC,83144,46500,0.953
m2,leuC,83144,47000,1.0
m2,leuC,83144,47500,0.875
m2,leuC,83144,48000,0.964
m2,leuC,83144,48500,1.0
m2,leuC,83144,49000,0.989
m2,leuC,83144,49500,0.979
m2,leuC,83144,50000,0.959
m2,leuC,83144,50500,0.882
m2,leuC,83144,51000,0.778
m2,leuC,83144,51500,0.941
m2,leuC,83144,52000,1.0
m2,leuC,83144,52500,1.0
m2,leuC,83144,53000,0.962
m2,leuC,83144,53500,1.0
m2,leuC,83144,54000,1.0
m2,leuC,83144,54500,0.958
m2,leuC,83144,55000,0.992
m2,leuC,83144,55500,0.979
m2,leuC,83144,56000,0.967
m2,leuC,83144,56500,1.0
m2,leuC,83144,57000,1.0
m2,leuC,83144,57500,1.0
m2,leuC,83144,58500,1.0
m2,leuC,83144,59000,0.973
m2,leuC,83144,59500,1.0
m2,leuC,83144,60000,1.0
m2,leuC,83320,0,0.0
m2,leuC,83320,500,0.0
m2,leuC,83320,1000,0.0
m2,leuC,83320,1500,0.0
m2,leuC,83320,2000,0.0
m2,leuC,83320,2500,0.0
m2,leuC,83320,3000,0.0
m2,leuC,83320,3500,0.0
m2,leuC,83320,4000,0.0
m2,leuC,83320,4500,0.0
m2,leuC,83320,5000,0.0
m2,leuC,83320,5500,0.0
m2,leuC,83320,6000,0.0
m2,leuC,83320,6500,0.0
m2,leuC,83320,7000,0.0
m2,leuC,83320,7500,0.0
m2,leuC,83320,8000,0.0
m2,leuC,83320,8500,0.0
m2,leuC,83320,9000,0.007
m2,leuC,83320,9500,0.006
m2,leuC,83320,10000,0.0
m2,leuC,83320,10500,0.0
m2,leuC,83320,11000,0.0
m2,leuC,83320,11500,0.0
m2,leuC,83320,12000,0.0
m2,leuC,83320,12500,0.0
m2,leuC,83320,13000,0.0
m2,leuC,83320,13500,0.0
m2,leuC,83320,14000,0.0
m2,leuC,83320,14500,0.0
m2,leuC,83320,15000,0.012
m2,leuC,83320,15500,0.052
m2,leuC,83320,16000,0.012
m2,leuC,83320,16500,0.0
m2,leuC,83320,17000,0.0
m2,leuC,83320,17500,0.0
m2,leuC,83320,18000,0.0
m2,leuC,83320,18500,0.0
m2,leuC,83320,19000,0.0
m2,leuC,83320,19500,0.009
m2,leuC,83320,20000,0.0
m2,leuC,83320,20500,0.0
m2,leuC,83320,21000,0.0
m2,leuC,83320,22000,0.0
m2,leuC,83320,22500,0.0
m2,leuC,83320,23000,0.0
m2,leuC,83320,23500,0.0
m2,leuC,83320,24000,0.012
m2,leuC,83320,24500,0.0
m2,leuC,83320,25000,0.0
m2,leuC,83320,25500,0.0
m2,leuC,83320,26000,0.0
m2,leuC,83320,26500,0.023
m2,leuC,83320,27000,0.03
m2,leuC,83320,27500,0.043
m2,leuC,83320,28000,0.075
m2,leuC,83320,28500,0.023
m2,leuC,83320,29000,0.015
m2,leuC,83320,29500,0.071
m2,leuC,83320,30000,0.042
m2,leuC,83320,30500,0.021
m2,leuC,83320,31000,0.0
m2,leuC,83320,31500,0.012
m2,leuC,83320,32000,0.0
m2,leuC,83320,32500,0.0
m2,leuC,83320,33000,0.008
m2,leuC,83320,33500,0.0
m2,leuC,83320,34000,0.0
m2,leuC,83320,34500,0.0
m2,leuC,83320,35000,0.0
m2,leuC,83320,35500,0.0
m2,leuC,83320,36000,0.0
m2,leuC,83320,36500,0.0
m2,leuC,83320,37000,0.0
m2,leuC,83320,37500,0.0
m2,leuC,83320,38000,0.0
m2,leuC,83320,38500,0.0
m2,leuC,83320,39000,0.03
m2,leuC,83320,39500,0.156
m2,leuC,83320,40000,0.471
m2,leuC,83320,40500,0.576
m2,leuC,83320,41000,0.833
m2,leuC,83320,41500,0.905
m2,leuC,83320,42000,0.822
m2,leuC,83320,42500,1.0
m2,leuC,83320,43000,0.954
m2,leuC,83320,43500,0.917
m2,leuC,83320,44000,0.966
m2,leuC,83320,44500,0.8
m2,leuC,83320,45000,1.0
m2,leuC,83320,45500,0.912
m2,leuC,83320,46000,1.0
m2,leuC,83320,46500,0.981
m2,leuC,83320,47000,1.0
m2,leuC,83320,47500,1.0
m2,leuC,83320,48000,0.958
m2,leuC,83320,48500,1.0
m2,leuC,83320,49000,0.969
m2,leuC,83320,49500,0.976
m2,leuC,83320,50000,0.917
m2,leuC,83320,50500,0.957
m2,leuC,83320,51000,0.957
m2,leuC,83320,51500,0.963
m2,leuC,83320,52000,0.975
m2,leuC,83320,52500,1.0
m2,leuC,83320,53000,1.0
m2,leuC,83320,53500,1.0
m2,leuC,83320,54000,1.0
m2,leuC,83320,54500,1.0
m2,leuC,83320,55000,0.968
m2,leuC,83320,55500,0.978
m2,leuC,83320,56000,0.972
m2,leuC,83320,56500,0.964
m2,leuC,83320,57000,1.0
m2,leuC,83320,57500,0.944
m2,leuC,83320,58500,0.973
m2,leuC,83320,59000,0.982
m2,leuC,83320,59500,0.946
m2,leuC,83320,60000,1.0
m2,yabB,92773,0,0.0
m2,yabB,92773,500,0.0
m2,yabB,92773,1000,0.0
m2,yabB,92773,1500,0.0
m2,yabB,92773,2000,0.0
m2,yabB,92773,2500,0.0
m2,yabB,92773,3000,0.0
m2,yabB,92773,3500,0.0
m2,yabB,92773,4000,0.058
m2,yabB,92773,4500,0.256
m2,yabB,92773,5000,0.442
m2,yabB,92773,5500,0.846
m2,yabB,92773,6000,0.866
m2,yabB,92773,6500,0.962
m2,yabB,92773,7000,1.0
m2,yabB,92773,7500,0.955
m2,yabB,92773,8000,0.948
m2,yabB,92773,8500,0.993
m2,yabB,92773,9000,0.969
m2,yabB,92773,9500,0.97
m2,yabB,92773,10000,0.961
m2,yabB,92773,10500,0.88
m2,yabB,92773,11000,0.846
m2,yabB,92773,11500,0.96
m2,yabB,92773,12000,0.935
m2,yabB,92773,12500,0.912
m2,yabB,92773,13000,0.854
m2,yabB,92773,13500,0.301
m2,yabB,92773,14000,0.789
m2,yabB,92773,14500,0.548
m2,yabB,92773,15000,0.27
m2,yabB,92773,15500,0.969
m2,yabB,92773,16000,0.612
m2,yabB,92773,16500,0.541
m2,yabB,92773,17000,0.784
m2,yabB,92773,17500,0.884
m2,yabB,92773,18000,0.688
m2,yabB,92773,18500,0.897
m2,yabB,92773,19000,0.205
m2,yabB,92773,19500,0.611
m2,yabB,92773,20000,0.81
m2,yabB,92773,20500,0.76
m2,yabB,92773,21000,0.814
m2,yabB,92773,22000,0.904
m2,yabB,92773,22500,0.904
m2,yabB,92773,23000,0.902
m2,yabB,92773,23500,0.923
m2,yabB,92773,24000,0.89
m2,yabB,92773,24500,0.859
m2,yabB,92773,25000,0.891
m2,yabB,92773,25500,0.901
m2,yabB,92773,26000,0.447
m2,yabB,92773,26500,0.787
m2,yabB,92773,27000,0.73
m2,yabB,92773,27500,0.908
m2,yabB,92773,28000,0.816
m2,yabB,92773,28500,0.878
m2,yabB,92773,29000,0.991
m2,yabB,92773,29500,0.739
m2,yabB,92773,30000,0.804
m2,yabB,92773,30500,0.848
m2,yabB,92773,31000,0.862
m2,yabB,92773,31500,0.83
m2,yabB,92773,32000,1.0
m2,yabB,92773,32500,0.822
m2,yabB,92773,33000,0.933
m2,yabB,92773,33500,0.958
m2,yabB,92773,34000,0.957
m2,yabB,92773,34500,1.0
m2,yabB,92773,35000,0.953
m2,yabB,92773,35500,0.909
m2,yabB,92773,36000,0.973
m2,yabB,92773,36500,0.94
m2,yabB,92773,37000,1.0
m2,yabB,92773,37500,1.0
m2,yabB,92773,38000,1.0
m2,yabB,92773,38500,0.864
m2,yabB,92773,39000,0.853
m2,yabB,92773,39500,0.842
m2,yabB,92773,40000,0.92
m2,yabB,92773,40500,0.843
m2,yabB,92773,41000,0.941
m2,yabB,92773,41500,1.0
m2,yabB,92773,42000,0.875
m2,yabB,92773,42500,0.75
m2,yabB,92773,43000,0.901
m2,yabB,92773,43500,0.945
m2,yabB,92773,44000,0.966
m2,yabB,92773,44500,0.852
m2,yabB,92773,45000,1.0
m2,yabB,92773,45500,0.966
m2,yabB,92773,46000,0.973
m2,yabB,92773,46500,0.984
m2,yabB,92773,47000,0.981
m2,yabB,92773,47500,0.917
m2,yabB,92773,48000,1.0
m2,yabB,92773,48500,1.0
m2,yabB,92773,49000,0.977
m2,yabB,92773,49500,0.972
m2,yabB,92773,50000,0.973
m2,yabB,92773,50500,0.966
m2,yabB,92773,51000,0.857
m2,yabB,92773,51500,0.972
m2,yabB,92773,52000,0.893
m2,yabB,92773,52500,0.929
m2,yabB,92773,53000,0.841
m2,yabB,92773,53500,1.0
m2,yabB,92773,54000,0.962
m2,yabB,92773,54500,1.0
m2,yabB,92773,55000,0.944
m2,yabB,92773,55500,0.979
m2,yabB,92773,56000,0.961
m2,yabB,92773,56500,0.889
m2,yabB,92773,57000,1.0
m2,yabB,92773,57500,0.978
m2,yabB,92773,58500,0.938
m2,yabB,92773,59000,0.975
m2,yabB,92773,59500,0.931
m2,yabB,92773,60000,0.98
m2,ftsI,94365,0,0.0
m2,ftsI,94365,500,0.0
m2,ftsI,94365,1000,0.0
m2,ftsI,94365,1500,0.0
m2,ftsI,94365,2000,0.0
m2,ftsI,94365,2500,0.429
m2,ftsI,94365,3000,0.468
m2,ftsI,94365,3500,1.0
m2,ftsI,94365,4000,0.956
m2,ftsI,94365,4500,1.0
m2,ftsI,94365,5000,1.0
m2,ftsI,94365,5500,0.981
m2,ftsI,94365,6000,1.0
m2,ftsI,94365,6500,1.0
m2,ftsI,94365,7000,1.0
m2,ftsI,94365,7500,1.0
m2,ftsI,94365,8000,1.0
m2,ftsI,94365,8500,1.0
m2,ftsI,94365,9000,0.991
m2,ftsI,94365,9500,0.992
m2,ftsI,94365,10000,1.0
m2,ftsI,94365,10500,1.0
m2,ftsI,94365,11000,1.0
m2,ftsI,94365,11500,1.0
m2,ftsI,94365,12000,1.0
m2,ftsI,94365,12500,1.0
m2,ftsI,94365,13000,0.984
m2,ftsI,94365,13500,1.0
m2,ftsI,94365,14000,1.0
m2,ftsI,94365,14500,1.0
m2,ftsI,94365,15000,1.0
m2,ftsI,94365,15500,1.0
m2,ftsI,94365,16000,1.0
m2,ftsI,94365,16500,1.0
m2,ftsI,94365,17000,1.0
m2,ftsI,94365,17500,1.0
m2,ftsI,94365,18000,0.989
m2,ftsI,94365,18500,1.0
m2,ftsI,94365,19000,1.0
m2,ftsI,94365,19500,1.0
m2,ftsI,94365,20000,1.0
m2,ftsI,94365,20500,0.986
m2,ftsI,94365,21000,1.0
m2,ftsI,94365,22000,1.0
m2,ftsI,94365,22500,1.0
m2,ftsI,94365,23000,1.0
m2,ftsI,94365,23500,1.0
m2,ftsI,94365,24000,1.0
m2,ftsI,94365,24500,1.0
m2,ftsI,94365,25000,1.0
m2,ftsI,94365,25500,0.984
m2,ftsI,94365,26000,1.0
m2,ftsI,94365,26500,1.0
m2,ftsI,94365,27000,1.0
m2,ftsI,94365,27500,1.0
m2,ftsI,94365,28000,1.0
m2,ftsI,94365,28500,1.0
m2,ftsI,94365,29000,1.0
m2,ftsI,94365,29500,1.0
m2,ftsI,94365,30000,1.0
m2,ftsI,94365,30500,1.0
m2,ftsI,94365,31000,1.0
m2,ftsI,94365,31500,1.0
m2,ftsI,94365,32500,0.989
m2,ftsI,94365,33000,1.0
m2,ftsI,94365,33500,1.0
m2,ftsI,94365,34000,1.0
m2,ftsI,94365,34500,1.0
m2,ftsI,94365,35000,1.0
m2,ftsI,94365,35500,1.0
m2,ftsI,94365,36000,1.0
m2,ftsI,94365,36500,1.0
m2,ftsI,94365,37000,1.0
m2,ftsI,94365,37500,1.0
m2,ftsI,94365,38500,1.0
m2,ftsI,94365,39000,1.0
m2,ftsI,94365,39500,0.989
m2,ftsI,94365,40000,1.0
m2,ftsI,94365,40500,1.0
m2,ftsI,94365,41000,1.0
m2,ftsI,94365,41500,1.0
m2,ftsI,94365,42000,1.0
m2,ftsI,94365,42500,1.0
m2,ftsI,94365,43000,1.0
m2,ftsI,94365,43500,1.0
m2,ftsI,94365,44000,1.0
m2,ftsI,94365,44500,1.0
m2,ftsI,94365,45000,1.0
m2,ftsI,94365,45500,1.0
m2,ftsI,94365,46000,1.0
m2,ftsI,94365,46500,1.0
m2,ftsI,94365,47000,1.0
m2,ftsI,94365,47500,1.0
m2,ftsI,94365,48000,1.0
m2,ftsI,94365,48500,1.0
m2,ftsI,94365,49000,1.0
m2,ftsI,94365,49500,1.0
m2,ftsI,94365,50000,1.0
m2,ftsI,94365,50500,1.0
m2,ftsI,94365,51000,1.0
m2,ftsI,94365,51500,1.0
m2,ftsI,94365,52000,1.0
m2,ftsI,94365,52500,1.0
m2,ftsI,94365,53000,1.0
m2,ftsI,94365,53500,1.0
m2,ftsI,94365,54000,1.0
m2,ftsI,94365,54500,1.0
m2,ftsI,94365,55000,1.0
m2,ftsI,94365,55500,1.0
m2,ftsI,94365,56000,0.991
m2,ftsI,94365,56500,0.95
m2,ftsI,94365,57000,1.0
m2,ftsI,94365,57500,1.0
m2,ftsI,94365,58500,1.0
m2,ftsI,94365,59000,1.0
m2,ftsI,94365,59500,1.0
m2,ftsI,94365,60000,1.0
m2,murF,97899,0,0.0
m2,murF,97899,500,0.0
m2,murF,97899,1000,0.0
m2,murF,97899,1500,0.0
m2,murF,97899,2000,0.015
m2,murF,97899,2500,0.0
m2,murF,97899,3000,0.0
m2,murF,97899,3500,0.0
m2,murF,97899,4000,0.0
m2,murF,97899,4500,0.013
m2,murF,97899,5000,0.0
m2,murF,97899,5500,0.0
m2,murF,97899,6000,0.0
m2,murF,97899,6500,0.0
m2,murF,97899,7000,0.0
m2,murF,97899,7500,0.0
m2,murF,97899,8000,0.0
m2,murF,97899,8500,0.0
m2,murF,97899,9000,0.009
m2,murF,97899,9500,0.0
m2,murF,97899,10000,0.0
m2,murF,97899,10500,0.0
m2,murF,97899,11000,0.0
m2,murF,97899,11500,0.0
m2,murF,97899,12000,0.0
m2,murF,97899,12500,0.01
m2,murF,97899,13000,0.0
m2,murF,97899,13500,0.018
m2,murF,97899,14000,0.0
m2,murF,97899,14500,0.0
m2,murF,97899,15000,0.0
m2,murF,97899,15500,0.01
m2,murF,97899,16000,0.0
m2,murF,97899,16500,0.0
m2,murF,97899,17000,0.0
m2,murF,97899,17500,0.0
m2,murF,97899,18000,0.0
m2,murF,97899,18500,0.0
m2,murF,97899,19000,0.0
m2,murF,97899,19500,0.054
m2,murF,97899,20000,0.145
m2,murF,97899,20500,0.223
m2,murF,97899,21000,0.708
m2,murF,97899,22000,0.909
m2,murF,97899,22500,0.901
m2,murF,97899,23000,0.883
m2,murF,97899,23500,0.955
m2,murF,97899,24000,0.866
m2,murF,97899,24500,0.875
m2,murF,97899,25000,0.869
m2,murF,97899,25500,0.896
m2,murF,97899,26000,0.495
m2,murF,97899,26500,0.748
m2,murF,97899,27000,0.766
m2,murF,97899,27500,0.938
m2,murF,97899,28000,0.903
m2,murF,97899,28500,0.892
m2,murF,97899,29000,0.967
m2,murF,97899,29500,0.924
m2,murF,97899,30000,0.819
m2,murF,97899,30500,0.827
m2,murF,97899,31000,0.869
m2,murF,97899,31500,0.963
m2,murF,97899,32500,0.938
m2,murF,97899,33000,0.957
m2,murF,97899,33500,0.859
m2,murF,97899,34000,0.925
m2,murF,97899,34500,1.0
m2,murF,97899,35000,0.962
m2,murF,97899,35500,0.956
m2,murF,97899,36000,0.979
m2,murF,97899,36500,1.0
m2,murF,97899,37000,1.0
m2,murF,97899,37500,0.985
m2,murF,97899,38500,0.956
m2,murF,97899,39000,0.86
m2,murF,97899,39500,0.961
m2,murF,97899,40000,0.922
m2,murF,97899,40500,0.797
m2,murF,97899,41000,0.862
m2,murF,97899,41500,0.833
m2,murF,97899,42000,0.833
m2,murF,97899,42500,0.867
m2,murF,97899,43000,0.906
m2,murF,97899,43500,0.894
m2,murF,97899,44000,0.941
m2,murF,97899,44500,0.973
m2,murF,97899,45000,1.0
m2,murF,97899,45500,1.0
m2,murF,97899,46000,1.0
m2,murF,97899,46500,0.966
m2,murF,97899,47000,0.955
m2,murF,97899,47500,1.0
m2,murF,97899,48000,0.962
m2,murF,97899,48500,1.0
m2,murF,97899,49000,1.0
m2,murF,97899,49500,0.973
m2,murF,97899,50000,0.963
m2,murF,97899,50500,1.0
m2,murF,97899,51000,1.0
m2,murF,97899,51500,1.0
m2,murF,97899,52000,0.889
m2,murF,97899,52500,0.868
m2,murF,97899,53000,1.0
m2,murF,97899,53500,0.923
m2,murF,97899,54000,1.0
m2,murF,97899,54500,0.923
m2,murF,97899,55000,0.94
m2,murF,97899,55500,0.96
m2,murF,97899,56000,0.977
m2,murF,97899,56500,1.0
m2,murF,97899,57000,1.0
m2,murF,97899,57500,1.0
m2,murF,97899,58500,1.0
m2,murF,97899,59000,0.947
m2,murF,97899,59500,1.0
m2,murF,97899,60000,0.975
m2,murD,100745,0,0.0
m2,murD,100745,500,0.0
m2,murD,100745,1000,0.0
m2,murD,100745,1500,0.0
m2,murD,100745,2000,0.0
m2,murD,100745,2500,0.0
m2,murD,100745,3000,0.106
m2,murD,100745,3500,0.525
m2,murD,100745,4000,0.706
m2,murD,100745,4500,0.75
m2,murD,100745,5000,0.898
m2,murD,100745,5500,1.0
m2,murD,100745,6000,0.953
m2,murD,100745,6500,0.99
m2,murD,100745,7000,0.992
m2,murD,100745,7500,1.0
m2,murD,100745,8000,1.0
m2,murD,100745,8500,1.0
m2,murD,100745,9000,1.0
m2,murD,100745,9500,1.0
m2,murD,100745,10000,1.0
m2,murD,100745,10500,1.0
m2,murD,100745,11000,1.0
m2,murD,100745,11500,1.0
m2,murD,100745,12000,1.0
m2,murD,100745,12500,1.0
m2,murD,100745,13000,0.981
m2,murD,100745,13500,1.0
m2,murD,100745,14000,1.0
m2,murD,100745,14500,1.0
m2,murD,100745,15000,0.99
m2,murD,100745,15500,1.0
m2,murD,100745,16000,1.0
m2,murD,100745,16500,1.0
m2,murD,100745,17000,0.989
m2,murD,100745,17500,1.0
m2,murD,100745,18000,0.988
m2,murD,100745,18500,0.989
m2,murD,100745,19000,0.991
m2,murD,100745,19500,0.989
m2,murD,100745,20000,0.976
m2,murD,100745,20500,0.993
m2,murD,100745,21000,1.0
m2,murD,100745,22000,1.0
m2,murD,100745,22500,1.0
m2,murD,100745,23000,1.0
m2,murD,100745,23500,1.0
m2,murD,100745,24000,1.0
m2,murD,100745,24500,1.0
m2,murD,100745,25000,1.0
m2,murD,100745,25500,1.0
m2,murD,100745,26000,1.0
m2,murD,100745,26500,1.0
m2,murD,100745,27000,1.0
m2,murD,100745,27500,1.0
m2,murD,100745,28000,1.0
m2,murD,100745,28500,1.0
m2,murD,100745,29000,1.0
m2,murD,100745,29500,1.0
m2,murD,100745,30000,1.0
m2,murD,100745,30500,1.0
m2,murD,100745,31000,1.0
m2,murD,100745,31500,1.0
m2,murD,100745,32000,1.0
m2,murD,100745,32500,1.0
m2,murD,100745,33000,1.0
m2,murD,100745,33500,1.0
m2,murD,100745,34000,1.0
m2,murD,100745,34500,1.0
m2,murD,100745,35000,1.0
m2,murD,100745,35500,1.0
m2,murD,100745,36000,1.0
m2,murD,100745,36500,1.0
m2,murD,100745,37000,1.0
m2,murD,100745,37500,1.0
m2,murD,100745,38500,1.0
m2,murD,100745,39000,1.0
m2,murD,100745,39500,1.0
m2,murD,100745,40000,0.991
m2,murD,100745,40500,1.0
m2,murD,100745,41000,1.0
m2,murD,100745,41500,1.0
m2,murD,100745,42000,1.0
m2,murD,100745,42500,1.0
m2,murD,100745,43000,1.0
m2,murD,100745,43500,1.0
m2,murD,100745,44000,0.993
m2,murD,100745,44500,1.0
m2,murD,100745,45000,1.0
m2,murD,100745,45500,1.0
m2,murD,100745,46000,1.0
m2,murD,100745,46500,1.0
m2,murD,100745,47000,1.0
m2,murD,100745,47500,1.0
m2,murD,100745,48000,1.0
m2,murD,100745,48500,1.0
m2,murD,100745,49000,1.0
m2,murD,100745,49500,1.0
m2,murD,100745,50000,1.0
m2,murD,100745,50500,1.0
m2,murD,100745,51000,1.0
m2,murD,100745,51500,1.0
m2,murD,100745,52000,0.96
m2,murD,100745,52500,1.0
m2,murD,100745,53000,1.0
m2,murD,100745,53500,1.0
m2,murD,100745,54000,1.0
m2,murD,100745,54500,1.0
m2,murD,100745,55000,1.0
m2,murD,100745,55500,1.0
m2,murD,100745,56000,1.0
m2,murD,100745,56500,1.0
m2,murD,100745,57000,1.0
m2,murD,100745,57500,1.0
m2,murD,100745,58500,1.0
m2,murD,100745,59000,1.0
m2,murD,100745,59500,1.0
m2,murD,100745,60000,1.0
m2,ftsZ,108091,0,0.0
m2,ftsZ,108091,500,0.0
m2,ftsZ,108091,1000,0.0
m2,ftsZ,108091,1500,0.0
m2,ftsZ,108091,2000,0.0
m2,ftsZ,108091,2500,0.0
m2,ftsZ,108091,3000,0.0
m2,ftsZ,108091,3500,0.0
m2,ftsZ,108091,4000,0.0
m2,ftsZ,108091,4500,0.0
m2,ftsZ,108091,5000,0.0
m2,ftsZ,108091,5500,0.0
m2,ftsZ,108091,6000,0.015
m2,ftsZ,108091,6500,0.0
m2,ftsZ,108091,7000,0.0
m2,ftsZ,108091,7500,0.0
m2,ftsZ,108091,8000,0.0
m2,ftsZ,108091,8500,0.0
m2,ftsZ,108091,9000,0.0
m2,ftsZ,108091,9500,0.0
m2,ftsZ,108091,10000,0.0
m2,ftsZ,108091,10500,0.0
m2,ftsZ,108091,11000,0.0
m2,ftsZ,108091,11500,0.0
m2,ftsZ,108091,12000,0.0
m2,ftsZ,108091,12500,0.0
m2,ftsZ,108091,13000,0.0
m2,ftsZ,108091,13500,0.0
m2,ftsZ,108091,14000,0.0
m2,ftsZ,108091,14500,0.0
m2,ftsZ,108091,15000,0.0
m2,ftsZ,108091,15500,0.0
m2,ftsZ,108091,16000,0.0
m2,ftsZ,108091,16500,0.0
m2,ftsZ,108091,17000,0.0
m2,ftsZ,108091,17500,0.0
m2,ftsZ,108091,18000,0.0
m2,ftsZ,108091,18500,0.013
m2,ftsZ,108091,19000,0.0
m2,ftsZ,108091,19500,0.0
m2,ftsZ,108091,20000,0.0
m2,ftsZ,108091,20500,0.024
m2,ftsZ,108091,21000,0.0
m2,ftsZ,108091,22000,0.0
m2,ftsZ,108091,22500,0.0
m2,ftsZ,108091,23000,0.0
m2,ftsZ,108091,23500,0.0
m2,ftsZ,108091,24000,0.0
m2,ftsZ,108091,24500,0.0
m2,ftsZ,108091,25000,0.0
m2,ftsZ,108091,25500,0.0
m2,ftsZ,108091,26000,0.0
m2,ftsZ,108091,26500,0.0
m2,ftsZ,108091,27000,0.0
m2,ftsZ,108091,27500,0.0
m2,ftsZ,108091,28000,0.0
m2,ftsZ,108091,28500,0.0
m2,ftsZ,108091,29000,0.0
m2,ftsZ,108091,29500,0.0
m2,ftsZ,108091,30000,0.0
m2,ftsZ,108091,30500,0.0
m2,ftsZ,108091,31000,0.0
m2,ftsZ,108091,31500,0.0
m2,ftsZ,108091,32500,0.0
m2,ftsZ,108091,33000,0.0
m2,ftsZ,108091,33500,0.0
m2,ftsZ,108091,34000,0.0
m2,ftsZ,108091,34500,0.0
m2,ftsZ,108091,35000,0.0
m2,ftsZ,108091,35500,0.0
m2,ftsZ,108091,36000,0.0
m2,ftsZ,108091,36500,0.296
m2,ftsZ,108091,37000,0.216
m2,ftsZ,108091,37500,0.286
m2,ftsZ,108091,38000,0.0
m2,ftsZ,108091,38500,0.914
m2,ftsZ,108091,39000,0.793
m2,ftsZ,108091,39500,0.625
m2,ftsZ,108091,40000,0.814
m2,ftsZ,108091,40500,0.897
m2,ftsZ,108091,41000,0.913
m2,ftsZ,108091,41500,0.846
m2,ftsZ,108091,42000,1.0
m2,ftsZ,108091,42500,0.75
m2,ftsZ,108091,43000,0.922
m2,ftsZ,108091,43500,0.925
m2,ftsZ,108091,44000,0.982
m2,ftsZ,108091,44500,1.0
m2,ftsZ,108091,45000,1.0
m2,ftsZ,108091,45500,1.0
m2,ftsZ,108091,46000,0.909
m2,ftsZ,108091,46500,0.914
m2,ftsZ,108091,47000,1.0
m2,ftsZ,108091,47500,1.0
m2,ftsZ,108091,48000,0.955
m2,ftsZ,108091,48500,1.0
m2,ftsZ,108091,49000,0.952
m2,ftsZ,108091,49500,0.977
m2,ftsZ,108091,50000,0.956
m2,ftsZ,108091,50500,0.923
m2,ftsZ,108091,51000,1.0
m2,ftsZ,108091,51500,1.0
m2,ftsZ,108091,52000,0.957
m2,ftsZ,108091,52500,1.0
m2,ftsZ,108091,53000,0.952
m2,ftsZ,108091,53500,1.0
m2,ftsZ,108091,54000,0.905
m2,ftsZ,108091,54500,1.0
m2,ftsZ,108091,55000,0.957
m2,ftsZ,108091,55500,1.0
m2,ftsZ,108091,56000,0.968
m2,ftsZ,108091,56500,1.0
m2,ftsZ,108091,57000,1.0
m2,ftsZ,108091,57500,1.0
m2,ftsZ,108091,58500,0.926
m2,ftsZ,108091,59000,0.986
m2,ftsZ,108091,59500,1.0
m2,ftsZ,108091,60000,1.0
m2,ftsZ,108901,0,0.0
m2,ftsZ,108901,500,0.0
m2,ftsZ,108901,1000,0.0
m2,ftsZ,108901,1500,0.0
m2,ftsZ,108901,2000,0.0
m2,ftsZ,108901,2500,0.0
m2,ftsZ,108901,3000,0.0
m2,ftsZ,108901,3500,0.0
m2,ftsZ,108901,4000,0.0
m2,ftsZ,108901,4500,0.0
m2,ftsZ,108901,5000,0.0
m2,ftsZ,108901,5500,0.0
m2,ftsZ,108901,6000,0.0
m2,ftsZ,108901,6500,0.0
m2,ftsZ,108901,7000,0.0
m2,ftsZ,108901,7500,0.0
m2,ftsZ,108901,8000,0.0
m2,ftsZ,108901,8500,0.0
m2,ftsZ,108901,9000,0.0
m2,ftsZ,108901,9500,0.0
m2,ftsZ,108901,10000,0.0
m2,ftsZ,108901,10500,0.0
m2,ftsZ,108901,11000,0.006
m2,ftsZ,108901,11500,0.0
m2,ftsZ,108901,12000,0.006
m2,ftsZ,108901,12500,0.0
m2,ftsZ,108901,13000,0.0
m2,ftsZ,108901,13500,0.0
m2,ftsZ,108901,14000,0.0
m2,ftsZ,108901,14500,0.0
m2,ftsZ,108901,15000,0.0
m2,ftsZ,108901,15500,0.0
m2,ftsZ,108901,16000,0.0
m2,ftsZ,108901,16500,0.0
m2,ftsZ,108901,17000,0.0
m2,ftsZ,108901,17500,0.0
m2,ftsZ,108901,18000,0.0
m2,ftsZ,108901,18500,0.0
m2,ftsZ,108901,19000,0.0
m2,ftsZ,108901,19500,0.0
m2,ftsZ,108901,20000,0.0
m2,ftsZ,108901,20500,0.0
m2,ftsZ,108901,21000,0.0
m2,ftsZ,108901,22000,0.0
m2,ftsZ,108901,22500,0.0
m2,ftsZ,108901,23000,0.0
m2,ftsZ,108901,23500,0.0
m2,ftsZ,108901,24000,0.0
m2,ftsZ,108901,24500,0.0
m2,ftsZ,108901,25000,0.0
m2,ftsZ,108901,25500,0.0
m2,ftsZ,108901,26000,0.0
m2,ftsZ,108901,26500,0.0
m2,ftsZ,108901,27000,0.0
m2,ftsZ,108901,27500,0.0
m2,ftsZ,108901,28000,0.0
m2,ftsZ,108901,28500,0.0
m2,ftsZ,108901,29000,0.0
m2,ftsZ,108901,29500,0.0
m2,ftsZ,108901,30000,0.0
m2,ftsZ,108901,30500,0.0
m2,ftsZ,108901,31000,0.0
m2,ftsZ,108901,31500,0.0
m2,ftsZ,108901,32000,0.0
m2,ftsZ,108901,32500,0.0
m2,ftsZ,108901,33000,0.0
m2,ftsZ,108901,33500,0.0
m2,ftsZ,108901,34000,0.0
m2,ftsZ,108901,34500,0.0
m2,ftsZ,108901,35000,0.02
m2,ftsZ,108901,35500,0.109
m2,ftsZ,108901,36000,0.355
m2,ftsZ,108901,36500,0.745
m2,ftsZ,108901,37000,0.97
m2,ftsZ,108901,37500,0.954
m2,ftsZ,108901,38000,1.0
m2,ftsZ,108901,38500,0.901
m2,ftsZ,108901,39000,0.868
m2,ftsZ,108901,39500,0.887
m2,ftsZ,108901,40000,0.915
m2,ftsZ,108901,40500,0.802
m2,ftsZ,108901,41000,0.943
m2,ftsZ,108901,41500,0.952
m2,ftsZ,108901,42000,0.914
m2,ftsZ,108901,42500,0.957
m2,ftsZ,108901,43000,0.852
m2,ftsZ,108901,43500,0.919
m2,ftsZ,108901,44000,0.986
m2,ftsZ,108901,44500,0.944
m2,ftsZ,108901,45000,0.857
m2,ftsZ,108901,45500,0.963
m2,ftsZ,108901,46000,0.951
m2,ftsZ,108901,46500,0.923
m2,ftsZ,108901,47000,0.935
m2,ftsZ,108901,47500,0.941
m2,ftsZ,108901,48000,0.965
m2,ftsZ,108901,48500,1.0
m2,ftsZ,108901,49000,0.973
m2,ftsZ,108901,49500,0.989
m2,ftsZ,108901,50000,0.981
m2,ftsZ,108901,50500,1.0
m2,ftsZ,108901,51000,1.0
m2,ftsZ,108901,51500,1.0
m2,ftsZ,108901,52000,0.9
m2,ftsZ,108901,52500,0.974
m2,ftsZ,108901,53000,0.922
m2,ftsZ,108901,53500,0.929
m2,ftsZ,108901,54000,0.961
m2,ftsZ,108901,54500,0.971
m2,ftsZ,108901,55000,0.973
m2,ftsZ,108901,55500,0.929
m2,ftsZ,108901,56000,0.974
m2,ftsZ,108901,56500,0.981
m2,ftsZ,108901,57000,0.842
m2,ftsZ,108901,57500,0.948
m2,ftsZ,108901,58500,1.0
m2,ftsZ,108901,59000,0.984
m2,ftsZ,108901,59500,0.895
m2,ftsZ,108901,60000,0.978
m2,lpxC,110113,0,0.0
m2,lpxC,110113,500,0.0
m2,lpxC,110113,1000,0.0
m2,lpxC,110113,1500,0.0
m2,lpxC,110113,2000,0.0
m2,lpxC,110113,2500,0.0
m2,lpxC,110113,3000,0.015
m2,lpxC,110113,3500,0.0
m2,lpxC,110113,4000,0.0
m2,lpxC,110113,4500,0.008
m2,lpxC,110113,5000,0.0
m2,lpxC,110113,5500,0.0
m2,lpxC,110113,6000,0.0
m2,lpxC,110113,6500,0.0
m2,lpxC,110113,7000,0.0
m2,lpxC,110113,7500,0.0
m2,lpxC,110113,8000,0.011
m2,lpxC,110113,8500,0.0
m2,lpxC,110113,9000,0.0
m2,lpxC,110113,9500,0.0
m2,lpxC,110113,10000,0.0
m2,lpxC,110113,10500,0.0
m2,lpxC,110113,11000,0.0
m2,lpxC,110113,11500,0.0
m2,lpxC,110113,12000,0.0
m2,lpxC,110113,12500,0.0
m2,lpxC,110113,13000,0.01
m2,lpxC,110113,13500,0.0
m2,lpxC,110113,14000,0.0
m2,lpxC,110113,14500,0.0
m2,lpxC,110113,15000,0.0
m2,lpxC,110113,15500,0.0
m2,lpxC,110113,16000,0.0
m2,lpxC,110113,16500,0.0
m2,lpxC,110113,17000,0.0
m2,lpxC,110113,17500,0.0
m2,lpxC,110113,18000,0.0
m2,lpxC,110113,18500,0.0
m2,lpxC,110113,19000,0.0
m2,lpxC,110113,19500,0.0
m2,lpxC,110113,20000,0.0
m2,lpxC,110113,20500,0.0
m2,lpxC,110113,21000,0.0
m2,lpxC,110113,22000,0.0
m2,lpxC,110113,22500,0.007
m2,lpxC,110113,23000,0.0
m2,lpxC,110113,23500,0.0
m2,lpxC,110113,24000,0.0
m2,lpxC,110113,24500,0.0
m2,lpxC,110113,25000,0.0
m2,lpxC,110113,25500,0.0
m2,lpxC,110113,26000,0.0
m2,lpxC,110113,26500,0.0
m2,lpxC,110113,27000,0.0
m2,lpxC,110113,27500,0.0
m2,lpxC,110113,28000,0.0
m2,lpxC,110113,28500,0.0
m2,lpxC,110113,29000,0.0
m2,lpxC,110113,29500,0.0
m2,lpxC,110113,30000,0.0
m2,lpxC,110113,30500,0.0
m2,lpxC,110113,31000,0.0
m2,lpxC,110113,31500,0.019
m2,lpxC,110113,32500,0.0
m2,lpxC,110113,33000,0.0
m2,lpxC,110113,33500,0.0
m2,lpxC,110113,34000,0.0
m2,lpxC,110113,34500,0.0
m2,lpxC,110113,35000,0.0
m2,lpxC,110113,35500,0.0
m2,lpxC,110113,36000,0.0
m2,lpxC,110113,36500,0.0
m2,lpxC,110113,37000,0.0
m2,lpxC,110113,37500,0.0
m2,lpxC,110113,38000,0.0
m2,lpxC,110113,38500,0.0
m2,lpxC,110113,39000,0.0
m2,lpxC,110113,39500,0.009
m2,lpxC,110113,40000,0.0
m2,lpxC,110113,40500,0.0
m2,lpxC,110113,41000,0.0
m2,lpxC,110113,41500,0.0
m2,lpxC,110113,42000,0.0
m2,lpxC,110113,42500,0.0
m2,lpxC,110113,43000,0.0
m2,lpxC,110113,43500,0.0
m2,lpxC,110113,44000,0.006
m2,lpxC,110113,44500,0.0
m2,lpxC,110113,45000,0.0
m2,lpxC,110113,45500,0.031
m2,lpxC,110113,46000,0.0
m2,lpxC,110113,46500,0.039
m2,lpxC,110113,47000,0.049
m2,lpxC,110113,47500,0.3
m2,lpxC,110113,48000,0.781
m2,lpxC,110113,48500,0.875
m2,lpxC,110113,49000,0.883
m2,lpxC,110113,49500,0.841
m2,lpxC,110113,50000,0.817
m2,lpxC,110113,50500,0.733
m2,lpxC,110113,51000,0.7
m2,lpxC,110113,51500,0.885
m2,lpxC,110113,52000,0.75
m2,lpxC,110113,52500,0.854
m2,lpxC,110113,53000,0.846
m2,lpxC,110113,53500,0.818
m2,lpxC,110113,54000,0.95
m2,lpxC,110113,54500,0.857
m2,lpxC,110113,55000,0.951
m2,lpxC,110113,55500,0.944
m2,lpxC,110113,56000,0.986
m2,lpxC,110113,56500,1.0
m2,lpxC,110113,57000,0.8
m2,lpxC,110113,57500,0.864
m2,lpxC,110113,58500,0.938
m2,lpxC,110113,59000,0.988
m2,lpxC,110113,59500,1.0
m2,lpxC,110113,60000,0.986
m2,secA,111276,0,0.0
m2,secA,111276,500,0.0
m2,secA,111276,1000,0.03
m2,secA,111276,1500,0.0
m2,secA,111276,2000,0.0
m2,secA,111276,2500,0.0
m2,secA,111276,3000,0.0
m2,secA,111276,3500,0.0
m2,secA,111276,4000,0.0
m2,secA,111276,4500,0.0
m2,secA,111276,5000,0.0
m2,secA,111276,5500,0.0
m2,secA,111276,6000,0.0
m2,secA,111276,6500,0.0
m2,secA,111276,7000,0.0
m2,secA,111276,7500,0.0
m2,secA,111276,8000,0.0
m2,secA,111276,8500,0.0
m2,secA,111276,9000,0.0
m2,secA,111276,9500,0.0
m2,secA,111276,10000,0.0
m2,secA,111276,10500,0.0
m2,secA,111276,11000,0.0
m2,secA,111276,11500,0.0
m2,secA,111276,12000,0.0
m2,secA,111276,12500,0.0
m2,secA,111276,13000,0.0
m2,secA,111276,13500,0.0
m2,secA,111276,14000,0.0
m2,secA,111276,14500,0.0
m2,secA,111276,15000,0.0
m2,secA,111276,15500,0.017
m2,secA,111276,16000,0.0
m2,secA,111276,16500,0.0
m2,secA,111276,17000,0.0
m2,secA,111276,17500,0.0
m2,secA,111276,18000,0.0
m2,secA,111276,18500,0.0
m2,secA,111276,19000,0.0
m2,secA,111276,19500,0.0
m2,secA,111276,20000,0.0
m2,secA,111276,20500,0.0
m2,secA,111276,21000,0.0
m2,secA,111276,22000,0.0
m2,secA,111276,22500,0.0
m2,secA,111276,23000,0.0
m2,secA,111276,23500,0.0
m2,secA,111276,24000,0.0
m2,secA,111276,24500,0.0
m2,secA,111276,25000,0.0
m2,secA,111276,25500,0.0
m2,secA,111276,26000,0.0
m2,secA,111276,26500,0.0
m2,secA,111276,27000,0.0
m2,secA,111276,27500,0.0
m2,secA,111276,28000,0.0
m2,secA,111276,28500,0.0
m2,secA,111276,29000,0.0
m2,secA,111276,29500,0.0
m2,secA,111276,30000,0.0
m2,secA,111276,30500,0.0
m2,secA,111276,31000,0.0
m2,secA,111276,31500,0.0
m2,secA,111276,32000,0.0
m2,secA,111276,32500,0.0
m2,secA,111276,33000,0.0
m2,secA,111276,33500,0.0
m2,secA,111276,34000,0.0
m2,secA,111276,34500,0.0
m2,secA,111276,35000,0.0
m2,secA,111276,35500,0.147
m2,secA,111276,36000,0.444
m2,secA,111276,36500,0.806
m2,secA,111276,37000,0.923
m2,secA,111276,37500,0.974
m2,secA,111276,38000,1.0
m2,secA,111276,38500,0.868
m2,secA,111276,39000,0.905
m2,secA,111276,39500,0.914
m2,secA,111276,40000,0.93
m2,secA,111276,40500,0.815
m2,secA,111276,41000,1.0
m2,secA,111276,41500,1.0
m2,secA,111276,42000,0.909
m2,secA,111276,42500,1.0
m2,secA,111276,43000,0.857
m2,secA,111276,43500,0.92
m2,secA,111276,44000,0.968
m2,secA,111276,44500,0.875
m2,secA,111276,45000,0.909
m2,secA,111276,45500,1.0
m2,secA,111276,46000,0.9
m2,secA,111276,46500,0.967
m2,secA,111276,47000,1.0
m2,secA,111276,47500,0.95
m2,secA,111276,48000,1.0
m2,secA,111276,48500,1.0
m2,secA,111276,49000,0.951
m2,secA,111276,49500,0.978
m2,secA,111276,50000,0.963
m2,secA,111276,50500,0.833
m2,secA,111276,51000,1.0
m2,secA,111276,51500,0.9
m2,secA,111276,52000,1.0
m2,secA,111276,52500,0.952
m2,secA,111276,53000,1.0
m2,secA,111276,53500,0.963
m2,secA,111276,54000,0.969
m2,secA,111276,54500,1.0
m2,secA,111276,55000,0.942
m2,secA,111276,55500,0.969
m2,secA,111276,56000,0.965
m2,secA,111276,56500,0.95
m2,secA,111276,57000,1.0
m2,secA,111276,57500,1.0
m2,secA,111276,58500,0.947
m2,secA,111276,59000,1.0
m2,secA,111276,59500,0.917
m2,secA,111276,60000,0.926
m2,mutT,114113,0,0.013
m2,mutT,114113,500,0.0
m2,mutT,114113,1000,0.0
m2,mutT,114113,1500,0.0
m2,mutT,114113,2000,0.0
m2,mutT,114113,2500,0.0
m2,mutT,114113,3000,0.0
m2,mutT,114113,3500,0.0
m2,mutT,114113,4000,0.0
m2,mutT,114113,4500,0.0
m2,mutT,114113,5000,0.0
m2,mutT,114113,5500,0.0
m2,mutT,114113,6000,0.011
m2,mutT,114113,6500,0.0
m2,mutT,114113,7000,0.02
m2,mutT,114113,7500,0.0
m2,mutT,114113,8000,0.0
m2,mutT,114113,8500,0.0
m2,mutT,114113,9000,0.0
m2,mutT,114113,9500,0.008
m2,mutT,114113,10000,0.0
m2,mutT,114113,10500,0.0
m2,mutT,114113,11000,0.0
m2,mutT,114113,11500,0.0
m2,mutT,114113,12000,0.0
m2,mutT,114113,12500,0.0
m2,mutT,114113,13000,0.0
m2,mutT,114113,13500,0.0
m2,mutT,114113,14000,0.13
m2,mutT,114113,14500,0.17
m2,mutT,114113,15000,0.106
m2,mutT,114113,15500,0.779
m2,mutT,114113,16000,0.562
m2,mutT,114113,16500,0.59
m2,mutT,114113,17000,0.673
m2,mutT,114113,17500,0.882
m2,mutT,114113,18000,0.57
m2,mutT,114113,18500,0.833
m2,mutT,114113,19000,0.297
m2,mutT,114113,19500,0.741
m2,mutT,114113,20000,0.785
m2,mutT,114113,20500,0.765
m2,mutT,114113,21000,0.892
m2,mutT,114113,22000,0.872
m2,mutT,114113,22500,0.847
m2,mutT,114113,23000,0.889
m2,mutT,114113,23500,0.88
m2,mutT,114113,24000,0.913
m2,mutT,114113,24500,0.932
m2,mutT,114113,25000,0.86
m2,mutT,114113,25500,0.826
m2,mutT,114113,26000,0.438
m2,mutT,114113,26500,0.885
m2,mutT,114113,27000,0.825
m2,mutT,114113,27500,0.896
m2,mutT,114113,28000,0.936
m2,mutT,114113,28500,0.91
m2,mutT,114113,29000,0.951
m2,mutT,114113,29500,0.811
m2,mutT,114113,30000,0.854
m2,mutT,114113,30500,0.824
m2,mutT,114113,31000,0.859
m2,mutT,114113,31500,0.859
m2,mutT,114113,32500,0.864
m2,mutT,114113,33000,0.955
m2,mutT,114113,33500,0.828
m2,mutT,114113,34000,0.916
m2,mutT,114113,34500,1.0
m2,mutT,114113,35000,0.938
m2,mutT,114113,35500,0.944
m2,mutT,114113,36000,0.973
m2,mutT,114113,36500,1.0
m2,mutT,114113,37000,0.96
m2,mutT,114113,37500,0.941
m2,mutT,114113,38500,0.9
m2,mutT,114113,39000,0.914
m2,mutT,114113,39500,0.922
m2,mutT,114113,40000,0.857
m2,mutT,114113,40500,0.839
m2,mutT,114113,41000,0.939
m2,mutT,114113,41500,0.949
m2,mutT,114113,42000,0.75
m2,mutT,114113,42500,0.909
m2,mutT,114113,43000,0.957
m2,mutT,114113,43500,0.928
m2,mutT,114113,44000,0.993
m2,mutT,114113,44500,1.0
m2,mutT,114113,45000,1.0
m2,mutT,114113,45500,1.0
m2,mutT,114113,46000,0.966
m2,mutT,114113,46500,0.932
m2,mutT,114113,47000,1.0
m2,mutT,114113,47500,0.947
m2,mutT,114113,48000,1.0
m2,mutT,114113,48500,1.0
m2,mutT,114113,49000,0.988
m2,mutT,114113,49500,0.985
m2,mutT,114113,50000,0.97
m2,mutT,114113,50500,1.0
m2,mutT,114113,51000,1.0
m2,mutT,114113,51500,0.923
m2,mutT,114113,52000,1.0
m2,mutT,114113,52500,0.9
m2,mutT,114113,53000,0.923
m2,mutT,114113,53500,1.0
m2,mutT,114113,54000,0.967
m2,mutT,114113,54500,0.875
m2,mutT,114113,55000,0.96
m2,mutT,114113,55500,0.977
m2,mutT,114113,56000,1.0
m2,mutT,114113,56500,1.0
m2,mutT,114113,57000,0.714
m2,mutT,114113,57500,0.984
m2,mutT,114113,58500,1.0
m2,mutT,114113,59000,0.988
m2,mutT,114113,59500,1.0
m2,mutT,114113,60000,0.978
m3,metL,4110239,0,0.0
m3,metL,4110239,500,0.0
m3,metL,4110239,1000,0.0
m3,metL,4110239,1500,0.09
m3,metL,4110239,2000,0.0
m3,metL,4110239,2500,0.0
m3,metL,4110239,3000,0.0
m3,metL,4110239,3500,0.0
m3,metL,4110239,4000,0.0
m3,metL,4110239,4500,0.0
m3,metL,4110239,5000,0.0
m3,metL,4110239,5500,0.0
m3,metL,4110239,6000,0.19
m3,metL,4110239,6500,0.735
m3,metL,4110239,7000,0.679
m3,metL,4110239,7500,0.833
m3,metL,4110239,8000,0.985
m3,metL,4110239,8500,1.0
m3,metL,4110239,9000,0.976
m3,metL,4110239,9500,1.0
m3,metL,4110239,10000,1.0
m3,metL,4110239,10500,1.0
m3,metL,4110239,11000,1.0
m3,metL,4110239,11500,1.0
m3,metL,4110239,12000,1.0
m3,metL,4110239,12500,0.997
m3,metL,4110239,13000,1.0
m3,metL,4110239,13500,1.0
m3,metL,4110239,14000,1.0
m3,metL,4110239,14500,1.0
m3,metL,4110239,15000,1.0
m3,metL,4110239,15500,1.0
m3,metL,4110239,16000,1.0
m3,metL,4110239,16500,0.983
m3,metL,4110239,17000,1.0
m3,metL,4110239,17500,1.0
m3,metL,4110239,18000,0.989
m3,metL,4110239,18500,1.0
m3,metL,4110239,19000,1.0
m3,metL,4110239,19500,1.0
m3,metL,4110239,20000,1.0
m3,metL,4110239,20500,1.0
m3,metL,4110239,21000,1.0
m3,metL,4110239,21500,1.0
m3,metL,4110239,22000,1.0
m3,metL,4110239,22500,1.0
m3,metL,4110239,23000,1.0
m3,metL,4110239,23500,1.0
m3,metL,4110239,24000,1.0
m3,metL,4110239,24500,1.0
m3,metL,4110239,25000,1.0
m3,metL,4110239,25500,1.0
m3,metL,4110239,26000,1.0
m3,metL,4110239,26500,1.001
m3,metL,4110239,27000,1.0
m3,metL,4110239,27500,1.0
m3,metL,4110239,28000,1.0
m3,metL,4110239,28500,1.0
m3,metL,4110239,29000,1.0
m3,metL,4110239,29500,1.0
m3,metL,4110239,30000,1.0
m3,metL,4110239,30500,1.0
m3,metL,4110239,31000,1.0
m3,metL,4110239,31500,1.0
m3,metL,4110239,32000,1.0
m3,metL,4110239,32500,1.0
m3,metL,4110239,33000,1.0
m3,metL,4110239,33500,1.0
m3,metL,4110239,34000,1.0
m3,metL,4110239,34500,1.0
m3,metL,4110239,35000,1.0
m3,metL,4110239,35500,1.0
m3,metL,4110239,36000,1.001
m3,metL,4110239,36500,1.0
m3,metL,4110239,37000,1.0
m3,metL,4110239,37500,1.0
m3,metL,4110239,38000,1.0
m3,metL,4110239,38500,1.0
m3,metL,4110239,39000,1.0
m3,metL,4110239,39500,1.0
m3,metL,4110239,40000,1.0
m3,metL,4110239,40500,0.995
m3,metL,4110239,41000,1.0
m3,metL,4110239,41500,1.0
m3,metL,4110239,42000,1.0
m3,metL,4110239,42500,1.0
m3,metL,4110239,43000,1.0
m3,metL,4110239,43500,1.0
m3,metL,4110239,44000,1.0
m3,metL,4110239,44500,1.0
m3,metL,4110239,45000,1.0
m3,metL,4110239,45500,1.0
m3,metL,4110239,46000,1.0
m3,metL,4110239,46500,1.0
m3,metL,4110239,47000,1.0
m3,metL,4110239,47500,1.0
m3,metL,4110239,48000,1.0
m3,metL,4110239,48500,1.0
m3,metL,4110239,49000,1.0
m3,metL,4110239,49500,1.0
m3,metL,4110239,50000,1.0
m3,metL,4110239,50500,1.0
m3,metL,4110239,51000,1.0
m3,metL,4110239,51500,1.0
m3,metL,4110239,52000,1.0
m3,metL,4110239,52500,1.0
m3,metL,4110239,53000,1.0
m3,metL,4110239,53500,1.0
m3,metL,4110239,54000,1.0
m3,metL,4110239,54500,1.0
m3,metL,4110239,55000,1.0
m3,metL,4110239,55500,1.0
m3,metL,4110239,56000,1.0
m3,metL,4110239,56500,1.0
m3,metL,4110239,57000,1.0
m3,metL,4110239,57500,1.0
m3,metL,4110239,58000,0.987
m3,metL,4110239,58500,1.0
m3,metL,4110239,59000,1.0
m3,metL,4110239,59500,1.0
m3,metL,4110239,60000,1.0
m3,metL,4110239,60500,1.0
m3,alsA,4289277,0,0.0
m3,alsA,4289277,500,0.0
m3,alsA,4289277,1000,0.0
m3,alsA,4289277,1500,0.0
m3,alsA,4289277,2000,0.0
m3,alsA,4289277,2500,0.0
m3,alsA,4289277,3000,0.0
m3,alsA,4289277,3500,0.0
m3,alsA,4289277,4000,0.0
m3,alsA,4289277,4500,0.0
m3,alsA,4289277,5000,0.0
m3,alsA,4289277,5500,0.0
m3,alsA,4289277,6000,0.0
m3,alsA,4289277,6500,0.0
m3,alsA,4289277,7000,0.0
m3,alsA,4289277,7500,0.0
m3,alsA,4289277,8000,0.0
m3,alsA,4289277,8500,0.0
m3,alsA,4289277,9000,0.0
m3,alsA,4289277,9500,0.0
m3,alsA,4289277,10000,0.0
m3,alsA,4289277,10500,0.0
m3,alsA,4289277,11000,0.0
m3,alsA,4289277,11500,0.0
m3,alsA,4289277,12000,0.0
m3,alsA,4289277,12500,0.0
m3,alsA,4289277,13000,0.0
m3,alsA,4289277,13500,0.0
m3,alsA,4289277,14000,0.0
m3,alsA,4289277,14500,0.0
m3,alsA,4289277,15000,0.0
m3,alsA,4289277,15500,0.0
m3,alsA,4289277,16000,0.0
m3,alsA,4289277,16500,0.0
m3,alsA,4289277,17000,0.0
m3,alsA,4289277,17500,0.0
m3,alsA,4289277,18000,0.0
m3,alsA,4289277,18500,0.0
m3,alsA,4289277,19000,0.0
m3,alsA,4289277,19500,0.0
m3,alsA,4289277,20000,0.0
m3,alsA,4289277,20500,0.0
m3,alsA,4289277,21000,0.0
m3,alsA,4289277,21500,0.0
m3,alsA,4289277,22000,0.016
m3,alsA,4289277,22500,0.0
m3,alsA,4289277,23000,0.0
m3,alsA,4289277,23500,0.0
m3,alsA,4289277,24000,0.0
m3,alsA,4289277,24500,0.0
m3,alsA,4289277,25000,0.0
m3,alsA,4289277,25500,0.0
m3,alsA,4289277,26000,0.0
m3,alsA,4289277,26500,0.0
m3,alsA,4289277,27000,0.0
m3,alsA,4289277,27500,0.0
m3,alsA,4289277,28000,0.0
m3,alsA,4289277,28500,0.0
m3,alsA,4289277,29000,0.0
m3,alsA,4289277,29500,0.0
m3,alsA,4289277,30000,0.0
m3,alsA,4289277,30500,0.0
m3,alsA,4289277,31000,0.0
m3,alsA,4289277,31500,0.0
m3,alsA,4289277,32000,0.0
m3,alsA,4289277,32500,0.0
m3,alsA,4289277,33000,0.0
m3,alsA,4289277,33500,0.0
m3,alsA,4289277,34000,0.0
m3,alsA,4289277,34500,0.034
m3,alsA,4289277,35000,0.363
m3,alsA,4289277,35500,0.664
m3,alsA,4289277,36000,0.578
m3,alsA,4289277,36500,0.736
m3,alsA,4289277,37000,0.779
m3,alsA,4289277,37500,0.662
m3,alsA,4289277,38000,0.634
m3,alsA,4289277,38500,0.668
m3,alsA,4289277,39000,0.515
m3,alsA,4289277,39500,0.727
m3,alsA,4289277,40000,0.607
m3,alsA,4289277,40500,0.856
m3,alsA,4289277,41000,0.607
m3,alsA,4289277,41500,0.806
m3,alsA,4289277,42000,0.671
m3,alsA,4289277,42500,0.597
m3,alsA,4289277,43000,0.803
m3,alsA,4289277,43500,0.597
m3,alsA,4289277,44000,1.0
m3,alsA,4289277,44500,1.0
m3,alsA,4289277,45000,1.0
m3,alsA,4289277,45500,1.0
m3,alsA,4289277,46000,1.0
m3,alsA,4289277,46500,1.0
m3,alsA,4289277,47000,1.0
m3,alsA,4289277,47500,1.0
m3,alsA,4289277,48000,1.0
m3,alsA,4289277,48500,1.0
m3,alsA,4289277,49000,0.982
m3,alsA,4289277,49500,1.0
m3,alsA,4289277,50000,1.0
m3,alsA,4289277,50500,1.0
m3,alsA,4289277,51000,1.0
m3,alsA,4289277,51500,1.0
m3,alsA,4289277,52000,1.0
m3,alsA,4289277,52500,1.0
m3,alsA,4289277,53000,1.0
m3,alsA,4289277,53500,1.0
m3,alsA,4289277,54000,1.0
m3,alsA,4289277,54500,1.0
m3,alsA,4289277,55000,1.0
m3,alsA,4289277,55500,1.0
m3,alsA,4289277,56000,1.0
m3,alsA,4289277,56500,1.0
m3,alsA,4289277,57000,1.0
m3,alsA,4289277,57500,1.0
m3,alsA,4289277,58000,1.0
m3,alsA,4289277,58500,1.0
m3,alsA,4289277,59000,1.0
m3,alsA,4289277,59500,1.0
m3,alsA,4289277,60000,1.0
m3,alsA,4289277,60500,1.0
m3,smp,4613019,0,0.0
m3,smp,4613019,500,0.0
m3,smp,4613019,1000,0.0
m3,smp,4613019,1500,0.0
m3,smp,4613019,2000,0.0
m3,smp,4613019,2500,0.0
m3,smp,4613019,3000,0.0
m3,smp,4613019,3500,0.223
m3,smp,4613019,4000,0.856
m3,smp,4613019,4500,0.905
m3,smp,4613019,5000,0.896
m3,smp,4613019,5500,0.819
m3,smp,4613019,6000,0.928
m3,smp,4613019,6500,1.0
m3,smp,4613019,7000,0.963
m3,smp,4613019,7500,0.93
m3,smp,4613019,8000,1.0
m3,smp,4613019,8500,1.0
m3,smp,4613019,9000,1.0
m3,smp,4613019,9500,1.0
m3,smp,4613019,10000,1.0
m3,smp,4613019,10500,1.0
m3,smp,4613019,11000,0.975
m3,smp,4613019,11500,1.0
m3,smp,4613019,12000,1.0
m3,smp,4613019,12500,1.0
m3,smp,4613019,13000,1.0
m3,smp,4613019,13500,1.0
m3,smp,4613019,14000,1.0
m3,smp,4613019,14500,1.0
m3,smp,4613019,15000,1.0
m3,smp,4613019,15500,1.0
m3,smp,4613019,16000,1.0
m3,smp,4613019,16500,1.0
m3,smp,4613019,17000,1.0
m3,smp,4613019,17500,1.0
m3,smp,4613019,18000,1.0
m3,smp,4613019,18500,1.0
m3,smp,4613019,19000,1.0
m3,smp,4613019,19500,1.0
m3,smp,4613019,20000,1.0
m3,smp,4613019,20500,1.0
m3,smp,4613019,21000,1.0
m3,smp,4613019,21500,1.0
m3,smp,4613019,22000,1.0
m3,smp,4613019,22500,1.0
m3,smp,4613019,23000,1.0
m3,smp,4613019,23500,1.0
m3,smp,4613019,24000,1.0
m3,smp,4613019,24500,1.0
m3,smp,4613019,25000,1.0
m3,smp,4613019,25500,1.0
m3,smp,4613019,26000,1.0
m3,smp,4613019,26500,1.0
m3,smp,4613019,27000,1.0
m3,smp,4613019,27500,1.0
m3,smp,4613019,28000,1.0
m3,smp,4613019,28500,1.0
m3,smp,4613019,29000,1.0
m3,smp,4613019,29500,1.0
m3,smp,4613019,30000,1.0
m3,smp,4613019,30500,1.0
m3,smp,4613019,31000,1.0
m3,smp,4613019,31500,1.0
m3,smp,4613019,32000,1.0
m3,smp,4613019,32500,1.0
m3,smp,4613019,33000,1.0
m3,smp,4613019,33500,1.0
m3,smp,4613019,34000,1.0
m3,smp,4613019,34500,1.0
m3,smp,4613019,35000,1.0
m3,smp,4613019,35500,1.0
m3,smp,4613019,36000,1.0
m3,smp,4613019,36500,1.0
m3,smp,4613019,37000,1.0
m3,smp,4613019,37500,1.0
m3,smp,4613019,38000,1.0
m3,smp,4613019,38500,1.0
m3,smp,4613019,39000,1.0
m3,smp,4613019,39500,1.0
m3,smp,4613019,40000,1.0
m3,smp,4613019,40500,1.0
m3,smp,4613019,41000,1.0
m3,smp,4613019,41500,1.0
m3,smp,4613019,42000,1.0
m3,smp,4613019,42500,1.0
m3,smp,4613019,43000,1.0
m3,smp,4613019,43500,1.0
m3,smp,4613019,44000,1.0
m3,smp,4613019,44500,1.0
m3,smp,4613019,45000,0.991
m3,smp,4613019,45500,1.0
m3,smp,4613019,46000,1.0
m3,smp,4613019,46500,1.0
m3,smp,4613019,47000,1.0
m3,smp,4613019,47500,1.0
m3,smp,4613019,48000,1.0
m3,smp,4613019,48500,1.0
m3,smp,4613019,49000,1.0
m3,smp,4613019,49500,1.0
m3,smp,4613019,50000,1.0
m3,smp,4613019,50500,1.0
m3,smp,4613019,51000,1.0
m3,smp,4613019,51500,1.0
m3,smp,4613019,52000,1.0
m3,smp,4613019,52500,1.0
m3,smp,4613019,53000,1.0
m3,smp,4613019,53500,1.0
m3,smp,4613019,54000,1.0
m3,smp,4613019,54500,1.0
m3,smp,4613019,55000,1.0
m3,smp,4613019,55500,1.0
m3,smp,4613019,56000,1.0
m3,smp,4613019,56500,1.0
m3,smp,4613019,57000,1.0
m3,smp,4613019,57500,1.0
m3,smp,4613019,58000,1.0
m3,smp,4613019,58500,1.0
m3,smp,4613019,59000,1.0
m3,smp,4613019,59500,1.0
m3,smp,4613019,60000,1.0
m3,smp,4613019,60500,1.0
m3,intergenic,1776436,0,0.0
m3,intergenic,1776436,500,0.0
m3,intergenic,1776436,1000,0.0
m3,intergenic,1776436,1500,0.0
m3,intergenic,1776436,2000,0.0
m3,intergenic,1776436,2500,0.0
m3,intergenic,1776436,3000,0.055
m3,intergenic,1776436,3500,0.0
m3,intergenic,1776436,4000,0.0
m3,intergenic,1776436,4500,0.0
m3,intergenic,1776436,5000,0.0
m3,intergenic,1776436,5500,0.027
m3,intergenic,1776436,6000,0.0
m3,intergenic,1776436,6500,0.0
m3,intergenic,1776436,7000,0.0
m3,intergenic,1776436,7500,0.0
m3,intergenic,1776436,8000,0.0
m3,intergenic,1776436,8500,0.0
m3,intergenic,1776436,9000,0.019
m3,intergenic,1776436,9500,0.0
m3,intergenic,1776436,10000,0.0
m3,intergenic,1776436,10500,0.0
m3,intergenic,1776436,11000,0.0
m3,intergenic,1776436,11500,0.0
m3,intergenic,1776436,12000,0.0
m3,intergenic,1776436,12500,0.0
m3,intergenic,1776436,13000,0.0
m3,intergenic,1776436,13500,0.0
m3,intergenic,1776436,14000,0.0
m3,intergenic,1776436,14500,0.0
m3,intergenic,1776436,15000,0.0
m3,intergenic,1776436,15500,0.0
m3,intergenic,1776436,16000,0.0
m3,intergenic,1776436,16500,0.0
m3,intergenic,1776436,17000,0.0
m3,intergenic,1776436,17500,0.028
m3,intergenic,1776436,18000,0.0
m3,intergenic,1776436,18500,0.201
m3,intergenic,1776436,19000,0.472
m3,intergenic,1776436,19500,0.552
m3,intergenic,1776436,20000,0.753
m3,intergenic,1776436,20500,0.856
m3,intergenic,1776436,21000,0.962
m3,intergenic,1776436,21500,0.738
m3,intergenic,1776436,22000,0.922
m3,intergenic,1776436,22500,0.886
m3,intergenic,1776436,23000,0.94
m3,intergenic,1776436,23500,0.854
m3,intergenic,1776436,24000,0.926
m3,intergenic,1776436,24500,0.929
m3,intergenic,1776436,25000,0.731
m3,intergenic,1776436,25500,0.772
m3,intergenic,1776436,26000,0.956
m3,intergenic,1776436,26500,0.855
m3,intergenic,1776436,27000,0.937
m3,intergenic,1776436,27500,1.0
m3,intergenic,1776436,28000,0.908
m3,intergenic,1776436,28500,0.887
m3,intergenic,1776436,29000,0.778
m3,intergenic,1776436,29500,0.929
m3,intergenic,1776436,30000,0.969
m3,intergenic,1776436,30500,1.0
m3,intergenic,1776436,31000,1.0
m3,intergenic,1776436,31500,1.0
m3,intergenic,1776436,32000,0.847
m3,intergenic,1776436,32500,0.632
m3,intergenic,1776436,33000,0.949
m3,intergenic,1776436,33500,1.0
m3,intergenic,1776436,34000,1.0
m3,intergenic,1776436,34500,1.0
m3,intergenic,1776436,35000,1.0
m3,intergenic,1776436,35500,1.0
m3,intergenic,1776436,36000,1.0
m3,intergenic,1776436,36500,1.0
m3,intergenic,1776436,37000,1.0
m3,intergenic,1776436,37500,1.0
m3,intergenic,1776436,38000,1.0
m3,intergenic,1776436,38500,0.956
m3,intergenic,1776436,39000,1.0
m3,intergenic,1776436,39500,1.0
m3,intergenic,1776436,40000,1.0
m3,intergenic,1776436,40500,1.0
m3,intergenic,1776436,41000,1.0
m3,intergenic,1776436,41500,1.0
m3,intergenic,1776436,42000,1.0
m3,intergenic,1776436,42500,1.0
m3,intergenic,1776436,43000,1.0
m3,intergenic,1776436,43500,1.0
m3,intergenic,1776436,44000,1.0
m3,intergenic,1776436,44500,1.0
m3,intergenic,1776436,45000,1.0
m3,intergenic,1776436,45500,1.0
m3,intergenic,1776436,46000,1.0
m3,intergenic,1776436,46500,1.0
m3,intergenic,1776436,47000,1.0
m3,intergenic,1776436,47500,1.0
m3,intergenic,1776436,48000,1.0
m3,intergenic,1776436,48500,1.0
m3,intergenic,1776436,49000,1.0
m3,intergenic,1776436,49500,1.0
m3,intergenic,1776436,50000,1.0
m3,intergenic,1776436,50500,1.0
m3,intergenic,1776436,51000,1.0
m3,intergenic,1776436,51500,1.0
m3,intergenic,1776436,52000,0.994
m3,intergenic,1776436,52500,0.989
m3,intergenic,1776436,53000,1.0
m3,intergenic,1776436,53500,1.0
m3,intergenic,1776436,54000,1.0
m3,intergenic,1776436,54500,1.0
m3,intergenic,1776436,55000,1.0
m3,intergenic,1776436,55500,1.0
m3,intergenic,1776436,56000,1.0
m3,intergenic,1776436,56500,1.0
m3,intergenic,1776436,57000,1.0
m3,intergenic,1776436,57500,1.0
m3,intergenic,1776436,58000,1.0
m3,intergenic,1776436,58500,1.0
m3,intergenic,1776436,59000,1.0
m3,intergenic,1776436,59500,1.0
m3,intergenic,1776436,60000,1.0
m3,intergenic,1776436,60500,1.0
m3,mokB,1462320,0,0.0
m3,mokB,1462320,500,0.0
m3,mokB,1462320,1000,0.018
m3,mokB,1462320,1500,0.033
m3,mokB,1462320,2000,0.041
m3,mokB,1462320,2500,0.245
m3,mokB,1462320,3000,0.087
m3,mokB,1462320,3500,0.04
m3,mokB,1462320,4000,0.0
m3,mokB,1462320,4500,0.053
m3,mokB,1462320,5000,0.041
m3,mokB,1462320,5500,0.153
m3,mokB,1462320,6000,0.109
m3,mokB,1462320,6500,0.0
m3,mokB,1462320,7000,0.049
m3,mokB,1462320,7500,0.264
m3,mokB,1462320,8000,0.117
m3,mokB,1462320,8500,0.112
m3,mokB,1462320,9000,0.193
m3,mokB,1462320,9500,0.169
m3,mokB,1462320,10000,0.562
m3,mokB,1462320,10500,0.58
m3,mokB,1462320,11000,0.576
m3,mokB,1462320,11500,0.267
m3,mokB,1462320,12000,0.299
m3,mokB,1462320,12500,0.757
m3,mokB,1462320,13000,0.59
m3,mokB,1462320,13500,0.944
m3,mokB,1462320,14000,0.951
m3,mokB,1462320,14500,0.694
m3,mokB,1462320,15000,0.625
m3,mokB,1462320,15500,0.616
m3,mokB,1462320,16000,1.0
m3,mokB,1462320,16500,0.975
m3,mokB,1462320,17000,1.0
m3,mokB,1462320,17500,1.0
m3,mokB,1462320,18000,1.0
m3,mokB,1462320,18500,1.0
m3,mokB,1462320,19000,1.0
m3,mokB,1462320,19500,1.0
m3,mokB,1462320,20000,1.0
m3,mokB,1462320,20500,1.0
m3,mokB,1462320,21000,1.0
m3,mokB,1462320,21500,1.0
m3,mokB,1462320,22000,1.0
m3,mokB,1462320,22500,1.0
m3,mokB,1462320,23000,1.0
m3,mokB,1462320,23500,1.0
m3,mokB,1462320,24000,1.0
m3,mokB,1462320,24500,1.0
m3,mokB,1462320,25000,1.0
m3,mokB,1462320,25500,1.0
m3,mokB,1462320,26000,1.0
m3,mokB,1462320,26500,1.0
m3,mokB,1462320,27000,1.0
m3,mokB,1462320,27500,1.0
m3,mokB,1462320,28000,1.0
m3,mokB,1462320,28500,1.0
m3,mokB,1462320,29000,1.0
m3,mokB,1462320,29500,1.0
m3,mokB,1462320,30000,1.0
m3,mokB,1462320,30500,1.0
m3,mokB,1462320,31000,1.0
m3,mokB,1462320,31500,1.0
m3,mokB,1462320,32000,1.0
m3,mokB,1462320,32500,1.0
m3,mokB,1462320,33000,1.0
m3,mokB,1462320,33500,1.0
m3,mokB,1462320,34000,1.0
m3,mokB,1462320,34500,1.0
m3,mokB,1462320,35000,1.0
m3,mokB,1462320,35500,1.0
m3,mokB,1462320,36000,1.0
m3,mokB,1462320,36500,1.0
m3,mokB,1462320,37000,1.0
m3,mokB,1462320,37500,1.0
m3,mokB,1462320,38000,1.0
m3,mokB,1462320,38500,1.0
m3,mokB,1462320,39000,1.0
m3,mokB,1462320,39500,1.0
m3,mokB,1462320,40000,1.0
m3,mokB,1462320,40500,1.0
m3,mokB,1462320,41000,1.0
m3,mokB,1462320,41500,1.0
m3,mokB,1462320,42000,1.0
m3,mokB,1462320,42500,1.0
m3,mokB,1462320,43000,1.0
m3,mokB,1462320,43500,1.0
m3,mokB,1462320,44000,1.0
m3,mokB,1462320,44500,1.0
m3,mokB,1462320,45000,1.0
m3,mokB,1462320,45500,1.0
m3,mokB,1462320,46000,1.0
m3,mokB,1462320,46500,1.0
m3,mokB,1462320,47000,0.954
m3,mokB,1462320,47500,1.0
m3,mokB,1462320,48000,1.0
m3,mokB,1462320,48500,1.0
m3,mokB,1462320,49000,1.0
m3,mokB,1462320,49500,1.0
m3,mokB,1462320,50000,1.0
m3,mokB,1462320,50500,1.0
m3,mokB,1462320,51000,1.0
m3,mokB,1462320,51500,1.0
m3,mokB,1462320,52000,1.0
m3,mokB,1462320,52500,1.0
m3,mokB,1462320,53000,1.0
m3,mokB,1462320,53500,1.0
m3,mokB,1462320,54000,1.0
m3,mokB,1462320,54500,1.0
m3,mokB,1462320,55000,1.0
m3,mokB,1462320,55500,1.0
m3,mokB,1462320,56000,1.0
m3,mokB,1462320,56500,1.0
m3,mokB,1462320,57000,1.0
m3,mokB,1462320,57500,1.0
m3,mokB,1462320,58000,1.0
m3,mokB,1462320,58500,1.0
m3,mokB,1462320,59000,1.0
m3,mokB,1462320,59500,1.0
m3,mokB,1462320,60000,1.0
m3,mokB,1462320,60500,1.0
m3,mokC,16989,0,0.0
m3,mokC,16989,500,0.0
m3,mokC,16989,1000,0.015
m3,mokC,16989,1500,0.0
m3,mokC,16989,2000,0.0
m3,mokC,16989,2500,0.032
m3,mokC,16989,3000,0.514
m3,mokC,16989,3500,0.963
m3,mokC,16989,4000,0.973
m3,mokC,16989,4500,0.953
m3,mokC,16989,5000,1.0
m3,mokC,16989,5500,0.759
m3,mokC,16989,6000,0.966
m3,mokC,16989,6500,1.0
m3,mokC,16989,7000,0.953
m3,mokC,16989,7500,0.935
m3,mokC,16989,8000,0.947
m3,mokC,16989,8500,0.985
m3,mokC,16989,9000,0.949
m3,mokC,16989,9500,1.0
m3,mokC,16989,10000,1.0
m3,mokC,16989,10500,0.99
m3,mokC,16989,11000,0.993
m3,mokC,16989,11500,0.994
m3,mokC,16989,12000,1.0
m3,mokC,16989,12500,0.987
m3,mokC,16989,13000,1.0
m3,mokC,16989,13500,0.979
m3,mokC,16989,14000,1.0
m3,mokC,16989,14500,0.988
m3,mokC,16989,15000,1.0
m3,mokC,16989,15500,0.991
m3,mokC,16989,16000,1.0
m3,mokC,16989,16500,1.0
m3,mokC,16989,17000,1.0
m3,mokC,16989,17500,0.984
m3,mokC,16989,18000,1.0
m3,mokC,16989,18500,0.98
m3,mokC,16989,19000,1.0
m3,mokC,16989,19500,0.985
m3,mokC,16989,20000,1.0
m3,mokC,16989,20500,0.994
m3,mokC,16989,21000,0.987
m3,mokC,16989,21500,0.985
m3,mokC,16989,22000,0.981
m3,mokC,16989,22500,0.987
m3,mokC,16989,23000,1.0
m3,mokC,16989,23500,0.991
m3,mokC,16989,24000,1.0
m3,mokC,16989,24500,0.98
m3,mokC,16989,25000,1.0
m3,mokC,16989,25500,0.99
m3,mokC,16989,26000,1.0
m3,mokC,16989,26500,0.968
m3,mokC,16989,27000,1.0
m3,mokC,16989,27500,0.974
m3,mokC,16989,28000,1.0
m3,mokC,16989,28500,0.976
m3,mokC,16989,29000,0.976
m3,mokC,16989,29500,0.993
m3,mokC,16989,30000,1.0
m3,mokC,16989,30500,0.979
m3,mokC,16989,31000,1.0
m3,mokC,16989,31500,1.0
m3,mokC,16989,32000,1.0
m3,mokC,16989,32500,0.98
m3,mokC,16989,33000,1.0
m3,mokC,16989,33500,0.979
m3,mokC,16989,34000,1.0
m3,mokC,16989,34500,1.0
m3,mokC,16989,35000,1.0
m3,mokC,16989,35500,0.974
m3,mokC,16989,36000,0.984
m3,mokC,16989,36500,0.989
m3,mokC,16989,37000,0.973
m3,mokC,16989,37500,1.0
m3,mokC,16989,38000,0.981
m3,mokC,16989,38500,1.0
m3,mokC,16989,39000,0.985
m3,mokC,16989,39500,0.993
m3,mokC,16989,40000,0.993
m3,mokC,16989,40500,0.977
m3,mokC,16989,41000,0.993
m3,mokC,16989,41500,1.0
m3,mokC,16989,42000,1.0
m3,mokC,16989,42500,1.0
m3,mokC,16989,43000,1.0
m3,mokC,16989,43500,0.989
m3,mokC,16989,44000,1.0
m3,mokC,16989,44500,0.994
m3,mokC,16989,45000,0.975
m3,mokC,16989,45500,1.0
m3,mokC,16989,46000,0.992
m3,mokC,16989,46500,1.0
m3,mokC,16989,47000,1.0
m3,mokC,16989,47500,1.0
m3,mokC,16989,48000,0.991
m3,mokC,16989,48500,0.986
m3,mokC,16989,49000,0.995
m3,mokC,16989,49500,1.0
m3,mokC,16989,50000,0.995
m3,mokC,16989,50500,1.0
m3,mokC,16989,51000,1.0
m3,mokC,16989,51500,1.0
m3,mokC,16989,52000,1.0
m3,mokC,16989,52500,0.994
m3,mokC,16989,53000,0.992
m3,mokC,16989,53500,0.99
m3,mokC,16989,54000,1.0
m3,mokC,16989,54500,0.992
m3,mokC,16989,55000,0.992
m3,mokC,16989,55500,0.995
m3,mokC,16989,56000,0.995
m3,mokC,16989,56500,0.983
m3,mokC,16989,57000,1.0
m3,mokC,16989,57500,0.988
m3,mokC,16989,58000,0.986
m3,mokC,16989,58500,1.0
m3,mokC,16989,59000,0.985
m3,mokC,16989,59500,1.0
m3,mokC,16989,60000,0.992
m3,mokC,16989,60500,0.985
m3,thrA,1521,0,0.0
m3,thrA,1521,500,0.0
m3,thrA,1521,1000,0.0
m3,thrA,1521,1500,0.0
m3,thrA,1521,2000,0.0
m3,thrA,1521,2500,0.0
m3,thrA,1521,3000,0.0
m3,thrA,1521,3500,0.0
m3,thrA,1521,4000,0.0
m3,thrA,1521,4500,0.0
m3,thrA,1521,5000,0.0
m3,thrA,1521,5500,0.0
m3,thrA,1521,6000,0.0
m3,thrA,1521,6500,0.0
m3,thrA,1521,7000,0.0
m3,thrA,1521,7500,0.0
m3,thrA,1521,8000,0.0
m3,thrA,1521,8500,0.0
m3,thrA,1521,9000,0.0
m3,thrA,1521,9500,0.0
m3,thrA,1521,10000,0.0
m3,thrA,1521,10500,0.0
m3,thrA,1521,11000,0.0
m3,thrA,1521,11500,0.0
m3,thrA,1521,12000,0.0
m3,thrA,1521,12500,0.0
m3,thrA,1521,13000,0.0
m3,thrA,1521,13500,0.0
m3,thrA,1521,14000,0.0
m3,thrA,1521,14500,0.0
m3,thrA,1521,15000,0.0
m3,thrA,1521,15500,0.0
m3,thrA,1521,16000,0.0
m3,thrA,1521,16500,0.0
m3,thrA,1521,17000,0.0
m3,thrA,1521,17500,0.0
m3,thrA,1521,18000,0.0
m3,thrA,1521,18500,0.0
m3,thrA,1521,19000,0.0
m3,thrA,1521,19500,0.0
m3,thrA,1521,20000,0.0
m3,thrA,1521,20500,0.0
m3,thrA,1521,21000,0.0
m3,thrA,1521,21500,0.0
m3,thrA,1521,22000,0.0
m3,thrA,1521,22500,0.0
m3,thrA,1521,23000,0.0
m3,thrA,1521,23500,0.0
m3,thrA,1521,24000,0.0
m3,thrA,1521,24500,0.0
m3,thrA,1521,25000,0.0
m3,thrA,1521,25500,0.0
m3,thrA,1521,26000,0.0
m3,thrA,1521,26500,0.0
m3,thrA,1521,27000,0.0
m3,thrA,1521,27500,0.0
m3,thrA,1521,28000,0.0
m3,thrA,1521,28500,0.0
m3,thrA,1521,29000,0.0
m3,thrA,1521,29500,0.0
m3,thrA,1521,30000,0.0
m3,thrA,1521,30500,0.0
m3,thrA,1521,31000,0.0
m3,thrA,1521,31500,0.0
m3,thrA,1521,32000,0.0
m3,thrA,1521,32500,0.0
m3,thrA,1521,33000,0.0
m3,thrA,1521,33500,0.0
m3,thrA,1521,34000,0.0
m3,thrA,1521,34500,0.0
m3,thrA,1521,35000,0.0
m3,thrA,1521,35500,0.0
m3,thrA,1521,36000,0.0
m3,thrA,1521,36500,0.0
m3,thrA,1521,37000,0.0
m3,thrA,1521,37500,0.0
m3,thrA,1521,38000,0.0
m3,thrA,1521,38500,0.0
m3,thrA,1521,39000,0.0
m3,thrA,1521,39500,0.0
m3,thrA,1521,40000,0.0
m3,thrA,1521,40500,0.0
m3,thrA,1521,41000,0.0
m3,thrA,1521,41500,0.0
m3,thrA,1521,42000,0.0
m3,thrA,1521,42500,0.0
m3,thrA,1521,43000,0.0
m3,thrA,1521,43500,0.0
m3,thrA,1521,44000,0.0
m3,thrA,1521,44500,0.13
m3,thrA,1521,45000,0.83
m3,thrA,1521,45500,0.836
m3,thrA,1521,46000,0.932
m3,thrA,1521,46500,1.0
m3,thrA,1521,47000,0.982
m3,thrA,1521,47500,1.0
m3,thrA,1521,48000,0.968
m3,thrA,1521,48500,0.974
m3,thrA,1521,49000,0.932
m3,thrA,1521,49500,1.0
m3,thrA,1521,50000,1.0
m3,thrA,1521,50500,1.0
m3,thrA,1521,51000,0.98
m3,thrA,1521,51500,1.0
m3,thrA,1521,52000,0.991
m3,thrA,1521,52500,1.0
m3,thrA,1521,53000,0.932
m3,thrA,1521,53500,1.0
m3,thrA,1521,54000,0.987
m3,thrA,1521,54500,1.0
m3,thrA,1521,55000,0.953
m3,thrA,1521,55500,1.0
m3,thrA,1521,56000,1.0
m3,thrA,1521,56500,1.0
m3,thrA,1521,57000,0.977
m3,thrA,1521,57500,1.0
m3,thrA,1521,58000,0.958
m3,thrA,1521,58500,0.933
m3,thrA,1521,59000,0.926
m3,thrA,1521,59500,0.985
m3,thrA,1521,60000,0.93
m3,thrA,1521,60500,0.957
m3,thrA,1612,0,0.0
m3,thrA,1612,500,0.0
m3,thrA,1612,1000,0.0
m3,thrA,1612,1500,0.0
m3,thrA,1612,2000,0.0
m3,thrA,1612,2500,0.0
m3,thrA,1612,3000,0.0
m3,thrA,1612,3500,0.0
m3,thrA,1612,4000,0.0
m3,thrA,1612,4500,0.0
m3,thrA,1612,5000,0.0
m3,thrA,1612,5500,0.0
m3,thrA,1612,6000,0.0
m3,thrA,1612,6500,0.0
m3,thrA,1612,7000,0.0
m3,thrA,1612,7500,0.0
m3,thrA,1612,8000,0.0
m3,thrA,1612,8500,0.0
m3,thrA,1612,9000,0.0
m3,thrA,1612,9500,0.0
m3,thrA,1612,10000,0.0
m3,thrA,1612,10500,0.0
m3,thrA,1612,11000,0.0
m3,thrA,1612,11500,0.0
m3,thrA,1612,12000,0.029
m3,thrA,1612,12500,0.0
m3,thrA,1612,13000,0.0
m3,thrA,1612,13500,0.02
m3,thrA,1612,14000,0.0
m3,thrA,1612,14500,0.0
m3,thrA,1612,15000,0.0
m3,thrA,1612,15500,0.0
m3,thrA,1612,16000,0.0
m3,thrA,1612,16500,0.0
m3,thrA,1612,17000,0.0
m3,thrA,1612,17500,0.0
m3,thrA,1612,18000,0.0
m3,thrA,1612,18500,0.0
m3,thrA,1612,19000,0.0
m3,thrA,1612,19500,0.0
m3,thrA,1612,20000,0.0
m3,thrA,1612,20500,0.0
m3,thrA,1612,21000,0.0
m3,thrA,1612,21500,0.0
m3,thrA,1612,22000,0.0
m3,thrA,1612,22500,0.0
m3,thrA,1612,23000,0.0
m3,thrA,1612,23500,0.0
m3,thrA,1612,24000,0.0
m3,thrA,1612,24500,0.0
m3,thrA,1612,25000,0.0
m3,thrA,1612,25500,0.0
m3,thrA,1612,26000,0.0
m3,thrA,1612,26500,0.0
m3,thrA,1612,27000,0.01
m3,thrA,1612,27500,0.0
m3,thrA,1612,28000,0.0
m3,thrA,1612,28500,0.0
m3,thrA,1612,29000,0.0
m3,thrA,1612,29500,0.0
m3,thrA,1612,30000,0.0
m3,thrA,1612,30500,0.0
m3,thrA,1612,31000,0.0
m3,thrA,1612,31500,0.0
m3,thrA,1612,32000,0.0
m3,thrA,1612,32500,0.0
m3,thrA,1612,33000,0.0
m3,thrA,1612,33500,0.0
m3,thrA,1612,34000,0.0
m3,thrA,1612,34500,0.0
m3,thrA,1612,35000,0.0
m3,thrA,1612,35500,0.053
m3,thrA,1612,36000,0.333
m3,thrA,1612,36500,0.579
m3,thrA,1612,37000,0.786
m3,thrA,1612,37500,0.764
m3,thrA,1612,38000,0.63
m3,thrA,1612,38500,0.597
m3,thrA,1612,39000,0.694
m3,thrA,1612,39500,0.786
m3,thrA,1612,40000,0.689
m3,thrA,1612,40500,0.829
m3,thrA,1612,41000,0.845
m3,thrA,1612,41500,0.839
m3,thrA,1612,42000,0.812
m3,thrA,1612,42500,0.84
m3,thrA,1612,43000,0.862
m3,thrA,1612,43500,0.778
m3,thrA,1612,44000,0.957
m3,thrA,1612,44500,1.0
m3,thrA,1612,45000,0.99
m3,thrA,1612,45500,1.0
m3,thrA,1612,46000,0.962
m3,thrA,1612,46500,1.0
m3,thrA,1612,47000,0.969
m3,thrA,1612,47500,1.0
m3,thrA,1612,48000,1.0
m3,thrA,1612,48500,0.992
m3,thrA,1612,49000,1.0
m3,thrA,1612,49500,1.0
m3,thrA,1612,50000,1.0
m3,thrA,1612,50500,1.0
m3,thrA,1612,51000,1.0
m3,thrA,1612,51500,1.0
m3,thrA,1612,52000,1.0
m3,thrA,1612,52500,0.979
m3,thrA,1612,53000,1.0
m3,thrA,1612,53500,1.0
m3,thrA,1612,54000,1.0
m3,thrA,1612,54500,1.0
m3,thrA,1612,55000,1.0
m3,thrA,1612,55500,1.0
m3,thrA,1612,56000,1.0
m3,thrA,1612,56500,1.0
m3,thrA,1612,57000,1.0
m3,thrA,1612,57500,1.0
m3,thrA,1612,58000,1.0
m3,thrA,1612,58500,1.0
m3,thrA,1612,59000,1.0
m3,thrA,1612,59500,1.0
m3,thrA,1612,60000,1.0
m3,thrA,1612,60500,0.993
m3,yaaA,6394,0,0.0
m3,yaaA,6394,500,0.0
m3,yaaA,6394,1000,0.0
m3,yaaA,6394,1500,0.0
m3,yaaA,6394,2000,0.0
m3,yaaA,6394,2500,0.0
m3,yaaA,6394,3000,0.0
m3,yaaA,6394,3500,0.0
m3,yaaA,6394,4000,0.0
m3,yaaA,6394,4500,0.0
m3,yaaA,6394,5000,0.0
m3,yaaA,6394,5500,0.0
m3,yaaA,6394,6000,0.0
m3,yaaA,6394,6500,0.0
m3,yaaA,6394,7000,0.0
m3,yaaA,6394,7500,0.0
m3,yaaA,6394,8000,0.0
m3,yaaA,6394,8500,0.0
m3,yaaA,6394,9000,0.0
m3,yaaA,6394,9500,0.0
m3,yaaA,6394,10000,0.0
m3,yaaA,6394,10500,0.0
m3,yaaA,6394,11000,0.0
m3,yaaA,6394,11500,0.0
m3,yaaA,6394,12000,0.0
m3,yaaA,6394,12500,0.0
m3,yaaA,6394,13000,0.0
m3,yaaA,6394,13500,0.0
m3,yaaA,6394,14000,0.0
m3,yaaA,6394,14500,0.0
m3,yaaA,6394,15000,0.0
m3,yaaA,6394,15500,0.0
m3,yaaA,6394,16000,0.0
m3,yaaA,6394,16500,0.0
m3,yaaA,6394,17000,0.0
m3,yaaA,6394,17500,0.0
m3,yaaA,6394,18000,0.0
m3,yaaA,6394,18500,0.0
m3,yaaA,6394,19000,0.0
m3,yaaA,6394,19500,0.0
m3,yaaA,6394,20000,0.0
m3,yaaA,6394,20500,0.0
m3,yaaA,6394,21000,0.0
m3,yaaA,6394,21500,0.0
m3,yaaA,6394,22000,0.0
m3,yaaA,6394,22500,0.0
m3,yaaA,6394,23000,0.0
m3,yaaA,6394,23500,0.0
m3,yaaA,6394,24000,0.0
m3,yaaA,6394,24500,0.0
m3,yaaA,6394,25000,0.0
m3,yaaA,6394,25500,0.0
m3,yaaA,6394,26000,0.0
m3,yaaA,6394,26500,0.0
m3,yaaA,6394,27000,0.0
m3,yaaA,6394,27500,0.0
m3,yaaA,6394,28000,0.0
m3,yaaA,6394,28500,0.0
m3,yaaA,6394,29000,0.0
m3,yaaA,6394,29500,0.0
m3,yaaA,6394,30000,0.0
m3,yaaA,6394,30500,0.0
m3,yaaA,6394,31000,0.0
m3,yaaA,6394,31500,0.0
m3,yaaA,6394,32000,0.0
m3,yaaA,6394,32500,0.0
m3,yaaA,6394,33000,0.0
m3,yaaA,6394,33500,0.0
m3,yaaA,6394,34000,0.0
m3,yaaA,6394,34500,0.0
m3,yaaA,6394,35000,0.0
m3,yaaA,6394,35500,0.0
m3,yaaA,6394,36000,0.0
m3,yaaA,6394,36500,0.0
m3,yaaA,6394,37000,0.0
m3,yaaA,6394,37500,0.0
m3,yaaA,6394,38000,0.0
m3,yaaA,6394,38500,0.0
m3,yaaA,6394,39000,0.0
m3,yaaA,6394,39500,0.0
m3,yaaA,6394,40000,0.0
m3,yaaA,6394,40500,0.0
m3,yaaA,6394,41000,0.0
m3,yaaA,6394,41500,0.0
m3,yaaA,6394,42000,0.0
m3,yaaA,6394,42500,0.0
m3,yaaA,6394,43000,0.0
m3,yaaA,6394,43500,0.0
m3,yaaA,6394,44000,0.0
m3,yaaA,6394,44500,0.0
m3,yaaA,6394,45000,0.0
m3,yaaA,6394,45500,0.0
m3,yaaA,6394,46000,0.0
m3,yaaA,6394,47000,0.0
m3,yaaA,6394,47500,0.0
m3,yaaA,6394,48000,0.0
m3,yaaA,6394,48500,0.0
m3,yaaA,6394,49000,0.02
m3,yaaA,6394,49500,0.111
m3,yaaA,6394,50000,0.081
m3,yaaA,6394,50500,0.105
m3,yaaA,6394,51000,0.705
m3,yaaA,6394,51500,0.833
m3,yaaA,6394,52000,0.48
m3,yaaA,6394,52500,0.787
m3,yaaA,6394,53000,0.629
m3,yaaA,6394,53500,0.636
m3,yaaA,6394,54000,0.814
m3,yaaA,6394,54500,0.818
m3,yaaA,6394,55000,0.963
m3,yaaA,6394,55500,0.97
m3,yaaA,6394,56000,1.0
m3,yaaA,6394,56500,1.0
m3,yaaA,6394,57000,1.0
m3,yaaA,6394,57500,1.0
m3,yaaA,6394,58000,0.916
m3,yaaA,6394,58500,0.862
m3,yaaA,6394,59000,0.947
m3,yaaA,6394,59500,1.0
m3,yaaA,6394,60000,1.0
m3,yaaA,6394,60500,0.849
m3,talB,9092,0,0.0
m3,talB,9092,500,0.0
m3,talB,9092,1000,0.0
m3,talB,9092,1500,0.0
m3,talB,9092,2000,0.0
m3,talB,9092,2500,0.0
m3,talB,9092,3000,0.0
m3,talB,9092,3500,0.0
m3,talB,9092,4000,0.0
m3,talB,9092,4500,0.0
m3,talB,9092,5000,0.0
m3,talB,9092,5500,0.0
m3,talB,9092,6000,0.0
m3,talB,9092,6500,0.0
m3,talB,9092,7000,0.0
m3,talB,9092,7500,0.0
m3,talB,9092,8000,0.0
m3,talB,9092,8500,0.0
m3,talB,9092,9000,0.0
m3,talB,9092,9500,0.0
m3,talB,9092,10000,0.0
m3,talB,9092,10500,0.0
m3,talB,9092,11000,0.0
m3,talB,9092,11500,0.0
m3,talB,9092,12000,0.0
m3,talB,9092,12500,0.0
m3,talB,9092,13000,0.0
m3,talB,9092,13500,0.01
m3,talB,9092,14000,0.0
m3,talB,9092,14500,0.0
m3,talB,9092,15000,0.0
m3,talB,9092,15500,0.0
m3,talB,9092,16000,0.0
m3,talB,9092,16500,0.0
m3,talB,9092,17000,0.0
m3,talB,9092,17500,0.0
m3,talB,9092,18000,0.0
m3,talB,9092,18500,0.009
m3,talB,9092,19000,0.0
m3,talB,9092,19500,0.0
m3,talB,9092,20000,0.0
m3,talB,9092,20500,0.0
m3,talB,9092,21000,0.0
m3,talB,9092,21500,0.0
m3,talB,9092,22000,0.0
m3,talB,9092,22500,0.0
m3,talB,9092,23000,0.0
m3,talB,9092,23500,0.0
m3,talB,9092,24000,0.0
m3,talB,9092,24500,0.0
m3,talB,9092,25000,0.0
m3,talB,9092,25500,0.0
m3,talB,9092,26000,0.0
m3,talB,9092,26500,0.0
m3,talB,9092,27000,0.0
m3,talB,9092,27500,0.0
m3,talB,9092,28000,0.0
m3,talB,9092,28500,0.0
m3,talB,9092,29000,0.0
m3,talB,9092,29500,0.0
m3,talB,9092,30000,0.0
m3,talB,9092,30500,0.0
m3,talB,9092,31000,0.0
m3,talB,9092,31500,0.0
m3,talB,9092,32000,0.0
m3,talB,9092,32500,0.0
m3,talB,9092,33000,0.0
m3,talB,9092,33500,0.0
m3,talB,9092,34000,0.0
m3,talB,9092,34500,0.0
m3,talB,9092,35000,0.0
m3,talB,9092,35500,0.0
m3,talB,9092,36000,0.0
m3,talB,9092,36500,0.0
m3,talB,9092,37000,0.0
m3,talB,9092,37500,0.0
m3,talB,9092,38000,0.0
m3,talB,9092,38500,0.0
m3,talB,9092,39000,0.0
m3,talB,9092,39500,0.0
m3,talB,9092,40000,0.0
m3,talB,9092,40500,0.0
m3,talB,9092,41000,0.0
m3,talB,9092,41500,0.009
m3,talB,9092,42000,0.0
m3,talB,9092,42500,0.024
m3,talB,9092,43000,0.0
m3,talB,9092,43500,0.203
m3,talB,9092,44000,0.358
m3,talB,9092,44500,0.4
m3,talB,9092,45000,0.815
m3,talB,9092,45500,0.87
m3,talB,9092,46000,0.894
m3,talB,9092,46500,1.0
m3,talB,9092,47000,1.0
m3,talB,9092,47500,0.99
m3,talB,9092,48000,1.0
m3,talB,9092,48500,1.0
m3,talB,9092,49000,0.978
m3,talB,9092,49500,0.95
m3,talB,9092,50000,0.971
m3,talB,9092,50500,1.0
m3,talB,9092,51000,0.983
m3,talB,9092,51500,1.0
m3,talB,9092,52000,0.953
m3,talB,9092,52500,1.0
m3,talB,9092,53000,1.0
m3,talB,9092,53500,1.0
m3,talB,9092,54000,0.957
m3,talB,9092,54500,1.0
m3,talB,9092,55000,0.937
m3,talB,9092,55500,0.977
m3,talB,9092,56000,0.966
m3,talB,9092,56500,1.0
m3,talB,9092,57000,0.971
m3,talB,9092,57500,1.0
m3,talB,9092,58000,0.945
m3,talB,9092,58500,0.929
m3,talB,9092,59000,0.975
m3,talB,9092,59500,0.966
m3,talB,9092,60000,0.936
m3,talB,9092,60500,0.956
m3,yaaH,9972,0,0.0
m3,yaaH,9972,500,0.0
m3,yaaH,9972,1000,0.0
m3,yaaH,9972,1500,0.0
m3,yaaH,9972,2000,0.0
m3,yaaH,9972,2500,0.0
m3,yaaH,9972,3000,0.0
m3,yaaH,9972,3500,0.0
m3,yaaH,9972,4000,0.0
m3,yaaH,9972,4500,0.0
m3,yaaH,9972,5000,0.0
m3,yaaH,9972,5500,0.0
m3,yaaH,9972,6000,0.0
m3,yaaH,9972,6500,0.0
m3,yaaH,9972,7000,0.0
m3,yaaH,9972,7500,0.0
m3,yaaH,9972,8000,0.0
m3,yaaH,9972,8500,0.0
m3,yaaH,9972,9000,0.0
m3,yaaH,9972,9500,0.0
m3,yaaH,9972,10000,0.0
m3,yaaH,9972,10500,0.0
m3,yaaH,9972,11000,0.0
m3,yaaH,9972,11500,0.0
m3,yaaH,9972,12000,0.0
m3,yaaH,9972,12500,0.0
m3,yaaH,9972,13000,0.0
m3,yaaH,9972,13500,0.0
m3,yaaH,9972,14000,0.0
m3,yaaH,9972,14500,0.043
m3,yaaH,9972,15000,0.2
m3,yaaH,9972,15500,0.2
m3,yaaH,9972,16000,0.44
m3,yaaH,9972,16500,0.391
m3,yaaH,9972,17000,0.75
m3,yaaH,9972,17500,0.188
m3,yaaH,9972,18000,0.143
m3,yaaH,9972,18500,0.408
m3,yaaH,9972,19000,0.353
m3,yaaH,9972,19500,0.397
m3,yaaH,9972,20000,0.515
m3,yaaH,9972,20500,0.603
m3,yaaH,9972,21000,0.961
m3,yaaH,9972,21500,0.96
m3,yaaH,9972,22000,0.825
m3,yaaH,9972,22500,0.854
m3,yaaH,9972,23000,0.8
m3,yaaH,9972,23500,0.817
m3,yaaH,9972,24000,0.75
m3,yaaH,9972,24500,0.952
m3,yaaH,9972,25000,0.714
m3,yaaH,9972,25500,0.63
m3,yaaH,9972,26000,0.667
m3,yaaH,9972,26500,0.839
m3,yaaH,9972,27000,0.961
m3,yaaH,9972,27500,0.905
m3,yaaH,9972,28000,0.966
m3,yaaH,9972,28500,0.684
m3,yaaH,9972,29000,0.795
m3,yaaH,9972,29500,0.904
m3,yaaH,9972,30000,0.85
m3,yaaH,9972,30500,0.885
m3,yaaH,9972,31000,1.0
m3,yaaH,9972,31500,0.983
m3,yaaH,9972,32000,0.871
m3,yaaH,9972,32500,0.737
m3,yaaH,9972,33000,0.941
m3,yaaH,9972,33500,1.0
m3,yaaH,9972,34000,1.0
m3,yaaH,9972,34500,1.0
m3,yaaH,9972,35000,1.0
m3,yaaH,9972,35500,1.0
m3,yaaH,9972,36000,1.0
m3,yaaH,9972,36500,1.0
m3,yaaH,9972,37000,1.0
m3,yaaH,9972,37500,1.0
m3,yaaH,9972,38000,1.0
m3,yaaH,9972,38500,1.0
m3,yaaH,9972,39000,1.0
m3,yaaH,9972,39500,1.0
m3,yaaH,9972,40000,1.0
m3,yaaH,9972,40500,1.0
m3,yaaH,9972,41000,1.0
m3,yaaH,9972,41500,1.0
m3,yaaH,9972,42000,1.0
m3,yaaH,9972,42500,1.0
m3,yaaH,9972,43000,1.0
m3,yaaH,9972,43500,1.0
m3,yaaH,9972,44000,1.0
m3,yaaH,9972,44500,1.0
m3,yaaH,9972,45000,1.0
m3,yaaH,9972,45500,1.0
m3,yaaH,9972,46000,1.0
m3,yaaH,9972,46500,1.0
m3,yaaH,9972,47000,1.0
m3,yaaH,9972,47500,1.0
m3,yaaH,9972,48000,1.0
m3,yaaH,9972,48500,0.99
m3,yaaH,9972,49000,0.984
m3,yaaH,9972,49500,1.0
m3,yaaH,9972,50000,1.0
m3,yaaH,9972,50500,1.0
m3,yaaH,9972,51000,1.0
m3,yaaH,9972,51500,1.0
m3,yaaH,9972,52000,1.0
m3,yaaH,9972,52500,1.0
m3,yaaH,9972,53000,1.0
m3,yaaH,9972,53500,1.0
m3,yaaH,9972,54000,1.0
m3,yaaH,9972,54500,1.0
m3,yaaH,9972,55000,1.0
m3,yaaH,9972,55500,1.0
m3,yaaH,9972,56000,1.0
m3,yaaH,9972,56500,1.0
m3,yaaH,9972,57000,1.0
m3,yaaH,9972,57500,1.0
m3,yaaH,9972,58000,1.0
m3,yaaH,9972,58500,1.0
m3,yaaH,9972,59000,1.0
m3,yaaH,9972,59500,1.0
m3,yaaH,9972,60000,1.0
m3,yaaH,9972,60500,1.0
m3,yaaH,10563,0,0.0
m3,yaaH,10563,500,0.0
m3,yaaH,10563,1000,0.0
m3,yaaH,10563,1500,0.0
m3,yaaH,10563,2000,0.0
m3,yaaH,10563,2500,0.0
m3,yaaH,10563,3000,0.0
m3,yaaH,10563,3500,0.0
m3,yaaH,10563,4000,0.0
m3,yaaH,10563,4500,0.0
m3,yaaH,10563,5000,0.0
m3,yaaH,10563,5500,0.0
m3,yaaH,10563,6000,0.0
m3,yaaH,10563,6500,0.0
m3,yaaH,10563,7000,0.0
m3,yaaH,10563,7500,0.0
m3,yaaH,10563,8000,0.0
m3,yaaH,10563,8500,0.0
m3,yaaH,10563,9000,0.0
m3,yaaH,10563,9500,0.0
m3,yaaH,10563,10000,0.0
m3,yaaH,10563,10500,0.0
m3,yaaH,10563,11000,0.0
m3,yaaH,10563,11500,0.0
m3,yaaH,10563,12000,0.0
m3,yaaH,10563,12500,0.0
m3,yaaH,10563,13000,0.0
m3,yaaH,10563,13500,0.0
m3,yaaH,10563,14000,0.0
m3,yaaH,10563,14500,0.0
m3,yaaH,10563,15000,0.0
m3,yaaH,10563,15500,0.0
m3,yaaH,10563,16000,0.0
m3,yaaH,10563,16500,0.015
m3,yaaH,10563,17000,0.0
m3,yaaH,10563,17500,0.0
m3,yaaH,10563,18000,0.0
m3,yaaH,10563,18500,0.0
m3,yaaH,10563,19000,0.0
m3,yaaH,10563,19500,0.0
m3,yaaH,10563,20000,0.0
m3,yaaH,10563,20500,0.0
m3,yaaH,10563,21000,0.0
m3,yaaH,10563,21500,0.0
m3,yaaH,10563,22000,0.0
m3,yaaH,10563,22500,0.0
m3,yaaH,10563,23000,0.0
m3,yaaH,10563,23500,0.0
m3,yaaH,10563,24000,0.0
m3,yaaH,10563,24500,0.0
m3,yaaH,10563,25000,0.0
m3,yaaH,10563,25500,0.0
m3,yaaH,10563,26000,0.0
m3,yaaH,10563,26500,0.0
m3,yaaH,10563,27000,0.0
m3,yaaH,10563,27500,0.0
m3,yaaH,10563,28000,0.0
m3,yaaH,10563,28500,0.0
m3,yaaH,10563,29000,0.0
m3,yaaH,10563,29500,0.057
m3,yaaH,10563,30000,0.591
m3,yaaH,10563,30500,0.6
m3,yaaH,10563,31000,0.5
m3,yaaH,10563,31500,0.511
m3,yaaH,10563,32000,0.154
m3,yaaH,10563,32500,0.268
m3,yaaH,10563,33000,0.169
m3,yaaH,10563,33500,0.545
m3,yaaH,10563,34000,0.966
m3,yaaH,10563,34500,0.971
m3,yaaH,10563,35000,0.896
m3,yaaH,10563,35500,0.934
m3,yaaH,10563,36000,0.9
m3,yaaH,10563,36500,0.862
m3,yaaH,10563,37000,1.0
m3,yaaH,10563,37500,0.796
m3,yaaH,10563,38000,0.76
m3,yaaH,10563,38500,0.744
m3,yaaH,10563,39000,0.872
m3,yaaH,10563,39500,0.86
m3,yaaH,10563,40000,0.882
m3,yaaH,10563,40500,0.95
m3,yaaH,10563,41000,0.862
m3,yaaH,10563,41500,0.866
m3,yaaH,10563,42000,0.923
m3,yaaH,10563,42500,0.903
m3,yaaH,10563,43000,1.0
m3,yaaH,10563,43500,0.621
m3,yaaH,10563,44000,1.0
m3,yaaH,10563,44500,1.0
m3,yaaH,10563,45000,1.0
m3,yaaH,10563,45500,1.0
m3,yaaH,10563,46000,1.0
m3,yaaH,10563,46500,1.0
m3,yaaH,10563,47000,1.0
m3,yaaH,10563,47500,1.0
m3,yaaH,10563,48000,1.0
m3,yaaH,10563,48500,1.0
m3,yaaH,10563,49000,1.0
m3,yaaH,10563,49500,1.0
m3,yaaH,10563,50000,1.0
m3,yaaH,10563,50500,1.0
m3,yaaH,10563,51000,0.968
m3,yaaH,10563,51500,1.0
m3,yaaH,10563,52000,1.0
m3,yaaH,10563,52500,1.0
m3,yaaH,10563,53000,1.0
m3,yaaH,10563,53500,1.0
m3,yaaH,10563,54000,1.0
m3,yaaH,10563,54500,1.0
m3,yaaH,10563,55000,1.0
m3,yaaH,10563,55500,1.0
m3,yaaH,10563,56000,1.0
m3,yaaH,10563,56500,1.0
m3,yaaH,10563,57000,0.982
m3,yaaH,10563,57500,1.0
m3,yaaH,10563,58000,1.0
m3,yaaH,10563,58500,1.0
m3,yaaH,10563,59000,1.0
m3,yaaH,10563,59500,1.0
m3,yaaH,10563,60000,1.0
m3,yaaH,10563,60500,1.0
m3,ECB_00022,22257,0,0.0
m3,ECB_00022,22257,500,0.0
m3,ECB_00022,22257,1000,0.0
m3,ECB_00022,22257,1500,0.0
m3,ECB_00022,22257,2000,0.0
m3,ECB_00022,22257,2500,0.0
m3,ECB_00022,22257,3000,0.0
m3,ECB_00022,22257,3500,0.0
m3,ECB_00022,22257,4000,0.0
m3,ECB_00022,22257,4500,0.0
m3,ECB_00022,22257,5000,0.0
m3,ECB_00022,22257,5500,0.0
m3,ECB_00022,22257,6000,0.0
m3,ECB_00022,22257,6500,0.0
m3,ECB_00022,22257,7000,0.0
m3,ECB_00022,22257,7500,0.0
m3,ECB_00022,22257,8000,0.0
m3,ECB_00022,22257,8500,0.0
m3,ECB_00022,22257,9000,0.0
m3,ECB_00022,22257,9500,0.0
m3,ECB_00022,22257,10000,0.0
m3,ECB_00022,22257,10500,0.0
m3,ECB_00022,22257,11000,0.0
m3,ECB_00022,22257,11500,0.0
m3,ECB_00022,22257,12000,0.0
m3,ECB_00022,22257,12500,0.0
m3,ECB_00022,22257,13000,0.0
m3,ECB_00022,22257,13500,0.0
m3,ECB_00022,22257,14000,0.0
m3,ECB_00022,22257,14500,0.0
m3,ECB_00022,22257,15000,0.0
m3,ECB_00022,22257,15500,0.0
m3,ECB_00022,22257,16000,0.0
m3,ECB_00022,22257,16500,0.0
m3,ECB_00022,22257,17000,0.0
m3,ECB_00022,22257,17500,0.0
m3,ECB_00022,22257,18000,0.0
m3,ECB_00022,22257,18500,0.0
m3,ECB_00022,22257,19000,0.0
m3,ECB_00022,22257,19500,0.0
m3,ECB_00022,22257,20000,0.0
m3,ECB_00022,22257,20500,0.0
m3,ECB_00022,22257,21000,0.0
m3,ECB_00022,22257,21500,0.0
m3,ECB_00022,22257,22000,0.0
m3,ECB_00022,22257,22500,0.0
m3,ECB_00022,22257,23000,0.0
m3,ECB_00022,22257,23500,0.0
m3,ECB_00022,22257,24000,0.0
m3,ECB_00022,22257,24500,0.0
m3,ECB_00022,22257,25000,0.0
m3,ECB_00022,22257,25500,0.0
m3,ECB_00022,22257,26000,0.0
m3,ECB_00022,22257,26500,0.0
m3,ECB_00022,22257,27000,0.0
m3,ECB_00022,22257,27500,0.0
m3,ECB_00022,22257,28000,0.0
m3,ECB_00022,22257,28500,0.0
m3,ECB_00022,22257,29000,0.0
m3,ECB_00022,22257,29500,0.0
m3,ECB_00022,22257,30000,0.0
m3,ECB_00022,22257,30500,0.0
m3,ECB_00022,22257,31000,0.0
m3,ECB_00022,22257,31500,0.0
m3,ECB_00022,22257,32000,0.0
m3,ECB_00022,22257,32500,0.0
m3,ECB_00022,22257,33000,0.0
m3,ECB_00022,22257,33500,0.0
m3,ECB_00022,22257,34000,0.0
m3,ECB_00022,22257,34500,0.0
m3,ECB_00022,22257,35000,0.0
m3,ECB_00022,22257,35500,0.0
m3,ECB_00022,22257,36000,0.0
m3,ECB_00022,22257,36500,0.0
m3,ECB_00022,22257,37000,0.0
m3,ECB_00022,22257,37500,0.0
m3,ECB_00022,22257,38000,0.0
m3,ECB_00022,22257,38500,0.0
m3,ECB_00022,22257,39000,0.0
m3,ECB_00022,22257,39500,0.0
m3,ECB_00022,22257,40000,0.0
m3,ECB_00022,22257,40500,0.0
m3,ECB_00022,22257,41000,0.015
m3,ECB_00022,22257,41500,0.017
m3,ECB_00022,22257,42000,0.0
m3,ECB_00022,22257,42500,0.0
m3,ECB_00022,22257,43000,0.0
m3,ECB_00022,22257,43500,0.333
m3,ECB_00022,22257,44000,0.347
m3,ECB_00022,22257,44500,0.386
m3,ECB_00022,22257,45000,0.903
m3,ECB_00022,22257,45500,0.853
m3,ECB_00022,22257,46000,0.941
m3,ECB_00022,22257,46500,1.0
m3,ECB_00022,22257,47000,1.0
m3,ECB_00022,22257,47500,0.983
m3,ECB_00022,22257,48000,1.0
m3,ECB_00022,22257,48500,1.0
m3,ECB_00022,22257,49000,0.979
m3,ECB_00022,22257,49500,1.0
m3,ECB_00022,22257,50000,0.904
m3,ECB_00022,22257,50500,1.0
m3,ECB_00022,22257,51000,0.986
m3,ECB_00022,22257,51500,1.0
m3,ECB_00022,22257,52000,0.991
m3,ECB_00022,22257,52500,1.0
m3,ECB_00022,22257,53000,0.983
m3,ECB_00022,22257,53500,0.969
m3,ECB_00022,22257,54000,0.969
m3,ECB_00022,22257,54500,1.0
m3,ECB_00022,22257,55000,1.0
m3,ECB_00022,22257,55500,0.982
m3,ECB_00022,22257,56000,0.976
m3,ECB_00022,22257,56500,1.0
m3,ECB_00022,22257,57000,0.955
m3,ECB_00022,22257,57500,1.0
m3,ECB_00022,22257,58000,0.98
m3,ECB_00022,22257,58500,1.0
m3,ECB_00022,22257,59000,0.964
m3,ECB_00022,22257,59500,1.0
m3,ECB_00022,22257,60000,0.929
m3,ECB_00022,22257,60500,0.94
m3,intergenic,38971,0,0.0
m3,intergenic,38971,500,0.0
m3,intergenic,38971,1000,0.0
m3,intergenic,38971,1500,0.0
m3,intergenic,38971,2000,0.0
m3,intergenic,38971,2500,0.0
m3,intergenic,38971,3000,0.0
m3,intergenic,38971,3500,0.0
m3,intergenic,38971,4000,0.0
m3,intergenic,38971,4500,0.0
m3,intergenic,38971,5000,0.0
m3,intergenic,38971,5500,0.0
m3,intergenic,38971,6000,0.0
m3,intergenic,38971,6500,0.0
m3,intergenic,38971,7000,0.0
m3,intergenic,38971,7500,0.0
m3,intergenic,38971,8000,0.0
m3,intergenic,38971,8500,0.0
m3,intergenic,38971,9000,0.0
m3,intergenic,38971,9500,0.0
m3,intergenic,38971,10000,0.0
m3,intergenic,38971,10500,0.0
m3,intergenic,38971,11000,0.0
m3,intergenic,38971,11500,0.0
m3,intergenic,38971,12000,0.0
m3,intergenic,38971,12500,0.0
m3,intergenic,38971,13000,0.0
m3,intergenic,38971,13500,0.0
m3,intergenic,38971,14000,0.0
m3,intergenic,38971,14500,0.0
m3,intergenic,38971,15000,0.0
m3,intergenic,38971,15500,0.0
m3,intergenic,38971,16000,0.0
m3,intergenic,38971,16500,0.0
m3,intergenic,38971,17000,0.0
m3,intergenic,38971,17500,0.0
m3,intergenic,38971,18000,0.0
m3,intergenic,38971,18500,0.0
m3,intergenic,38971,19000,0.0
m3,intergenic,38971,19500,0.0
m3,intergenic,38971,20000,0.0
m3,intergenic,38971,20500,0.0
m3,intergenic,38971,21000,0.0
m3,intergenic,38971,21500,0.0
m3,intergenic,38971,22000,0.0
m3,intergenic,38971,22500,0.0
m3,intergenic,38971,23000,0.0
m3,intergenic,38971,23500,0.0
m3,intergenic,38971,24000,0.0
m3,intergenic,38971,24500,0.0
m3,intergenic,38971,25000,0.0
m3,intergenic,38971,25500,0.0
m3,intergenic,38971,26000,0.0
m3,intergenic,38971,26500,0.0
m3,intergenic,38971,27000,0.0
m3,intergenic,38971,27500,0.0
m3,intergenic,38971,28000,0.0
m3,intergenic,38971,28500,0.0
m3,intergenic,38971,29000,0.0
m3,intergenic,38971,29500,0.0
m3,intergenic,38971,30000,0.0
m3,intergenic,38971,30500,0.0
m3,intergenic,38971,31000,0.0
m3,intergenic,38971,31500,0.0
m3,intergenic,38971,32000,0.0
m3,intergenic,38971,32500,0.0
m3,intergenic,38971,33000,0.0
m3,intergenic,38971,33500,0.0
m3,intergenic,38971,34000,0.0
m3,intergenic,38971,34500,0.0
m3,intergenic,38971,35000,0.0
m3,intergenic,38971,35500,0.0
m3,intergenic,38971,36000,0.0
m3,intergenic,38971,36500,0.0
m3,intergenic,38971,37000,0.0
m3,intergenic,38971,37500,0.0
m3,intergenic,38971,38000,0.0
m3,intergenic,38971,38500,0.0
m3,intergenic,38971,39000,0.0
m3,intergenic,38971,39500,0.0
m3,intergenic,38971,40000,0.0
m3,intergenic,38971,40500,0.0
m3,intergenic,38971,41000,0.017
m3,intergenic,38971,41500,0.027
m3,intergenic,38971,42000,0.0
m3,intergenic,38971,42500,0.059
m3,intergenic,38971,43000,0.0
m3,intergenic,38971,43500,0.217
m3,intergenic,38971,44000,0.25
m3,intergenic,38971,44500,0.397
m3,intergenic,38971,45000,0.871
m3,intergenic,38971,45500,0.85
m3,intergenic,38971,46000,0.946
m3,intergenic,38971,46500,1.0
m3,intergenic,38971,47000,0.986
m3,intergenic,38971,47500,0.957
m3,intergenic,38971,48000,0.967
m3,intergenic,38971,48500,1.0
m3,intergenic,38971,49000,0.933
m3,intergenic,38971,49500,1.0
m3,intergenic,38971,50000,0.927
m3,intergenic,38971,50500,1.0
m3,intergenic,38971,51000,0.957
m3,intergenic,38971,51500,0.818
m3,intergenic,38971,52000,0.986
m3,intergenic,38971,52500,1.0
m3,intergenic,38971,53000,1.0
m3,intergenic,38971,53500,1.0
m3,intergenic,38971,54000,0.902
m3,intergenic,38971,54500,1.0
m3,intergenic,38971,55000,1.0
m3,intergenic,38971,55500,1.0
m3,intergenic,38971,56000,1.0
m3,intergenic,38971,56500,0.976
m3,intergenic,38971,57000,1.0
m3,intergenic,38971,57500,1.0
m3,intergenic,38971,58000,0.951
m3,intergenic,38971,58500,1.0
m3,intergenic,38971,59000,0.974
m3,intergenic,38971,59500,0.942
m3,intergenic,38971,60000,0.959
m3,intergenic,38971,60500,0.904
m3,intergenic,42306,0,0.0
m3,intergenic,42306,500,0.0
m3,intergenic,42306,1000,0.0
m3,intergenic,42306,1500,0.0
m3,intergenic,42306,2000,0.0
m3,intergenic,42306,2500,0.0
m3,intergenic,42306,3000,0.0
m3,intergenic,42306,3500,0.0
m3,intergenic,42306,4000,0.0
m3,intergenic,42306,4500,0.0
m3,intergenic,42306,5000,0.0
m3,intergenic,42306,5500,0.0
m3,intergenic,42306,6000,0.0
m3,intergenic,42306,6500,0.0
m3,intergenic,42306,7000,0.0
m3,intergenic,42306,7500,0.0
m3,intergenic,42306,8000,0.0
m3,intergenic,42306,8500,0.0
m3,intergenic,42306,9000,0.0
m3,intergenic,42306,9500,0.0
m3,intergenic,42306,10000,0.0
m3,intergenic,42306,10500,0.0
m3,intergenic,42306,11000,0.0
m3,intergenic,42306,11500,0.0
m3,intergenic,42306,12000,0.0
m3,intergenic,42306,12500,0.0
m3,intergenic,42306,13000,0.0
m3,intergenic,42306,13500,0.0
m3,intergenic,42306,14000,0.0
m3,intergenic,42306,14500,0.0
m3,intergenic,42306,15000,0.0
m3,intergenic,42306,15500,0.0
m3,intergenic,42306,16000,0.0
m3,intergenic,42306,16500,0.0
m3,intergenic,42306,17000,0.0
m3,intergenic,42306,17500,0.013
m3,intergenic,42306,18000,0.0
m3,intergenic,42306,18500,0.0
m3,intergenic,42306,19000,0.0
m3,intergenic,42306,19500,0.0
m3,intergenic,42306,20000,0.0
m3,intergenic,42306,20500,0.0
m3,intergenic,42306,21000,0.0
m3,intergenic,42306,21500,0.0
m3,intergenic,42306,22000,0.0
m3,intergenic,42306,22500,0.0
m3,intergenic,42306,23000,0.0
m3,intergenic,42306,23500,0.0
m3,intergenic,42306,24000,0.0
m3,intergenic,42306,24500,0.0
m3,intergenic,42306,25000,0.0
m3,intergenic,42306,25500,0.0
m3,intergenic,42306,26000,0.0
m3,intergenic,42306,26500,0.0
m3,intergenic,42306,27000,0.0
m3,intergenic,42306,27500,0.0
m3,intergenic,42306,28000,0.0
m3,intergenic,42306,28500,0.0
m3,intergenic,42306,29000,0.0
m3,intergenic,42306,29500,0.0
m3,intergenic,42306,30000,0.0
m3,intergenic,42306,30500,0.0
m3,intergenic,42306,31000,0.0
m3,intergenic,42306,31500,0.0
m3,intergenic,42306,32000,0.0
m3,intergenic,42306,32500,0.0
m3,intergenic,42306,33000,0.0
m3,intergenic,42306,33500,0.0
m3,intergenic,42306,34000,0.0
m3,intergenic,42306,34500,0.0
m3,intergenic,42306,35000,0.0
m3,intergenic,42306,35500,0.0
m3,intergenic,42306,36000,0.0
m3,intergenic,42306,36500,0.0
m3,intergenic,42306,37000,0.0
m3,intergenic,42306,37500,0.0
m3,intergenic,42306,38000,0.0
m3,intergenic,42306,38500,0.0
m3,intergenic,42306,39000,0.03
m3,intergenic,42306,39500,0.0
m3,intergenic,42306,40000,0.0
m3,intergenic,42306,40500,0.0
m3,intergenic,42306,41000,0.0
m3,intergenic,42306,41500,0.0
m3,intergenic,42306,42000,0.0
m3,intergenic,42306,42500,0.059
m3,intergenic,42306,43000,0.0
m3,intergenic,42306,43500,0.277
m3,intergenic,42306,44000,0.222
m3,intergenic,42306,44500,0.333
m3,intergenic,42306,45000,0.871
m3,intergenic,42306,45500,0.833
m3,intergenic,42306,46000,0.93
m3,intergenic,42306,46500,1.0
m3,intergenic,42306,47000,0.98
m3,intergenic,42306,47500,1.0
m3,intergenic,42306,48000,0.979
m3,intergenic,42306,48500,1.0
m3,intergenic,42306,49000,1.0
m3,intergenic,42306,49500,0.895
m3,intergenic,42306,50000,0.945
m3,intergenic,42306,50500,1.0
m3,intergenic,42306,51000,1.0
m3,intergenic,42306,51500,1.0
m3,intergenic,42306,52000,0.977
m3,intergenic,42306,52500,1.0
m3,intergenic,42306,53000,0.986
m3,intergenic,42306,53500,1.0
m3,intergenic,42306,54000,0.979
m3,intergenic,42306,54500,1.0
m3,intergenic,42306,55000,1.0
m3,intergenic,42306,55500,1.0
m3,intergenic,42306,56000,1.0
m3,intergenic,42306,56500,1.0
m3,intergenic,42306,57000,1.0
m3,intergenic,42306,57500,1.0
m3,intergenic,42306,58000,0.952
m3,intergenic,42306,58500,0.981
m3,intergenic,42306,59000,0.975
m3,intergenic,42306,59500,0.977
m3,intergenic,42306,60000,0.947
m3,intergenic,42306,60500,0.914
m3,caiT,45277,0,0.0
m3,caiT,45277,500,0.0
m3,caiT,45277,1000,0.0
m3,caiT,45277,1500,0.0
m3,caiT,45277,2000,0.0
m3,caiT,45277,2500,0.0
m3,caiT,45277,3000,0.0
m3,caiT,45277,3500,0.0
m3,caiT,45277,4000,0.0
m3,caiT,45277,4500,0.0
m3,caiT,45277,5000,0.0
m3,caiT,45277,5500,0.0
m3,caiT,45277,6000,0.0
m3,caiT,45277,6500,0.0
m3,caiT,45277,7000,0.0
m3,caiT,45277,7500,0.0
m3,caiT,45277,8000,0.0
m3,caiT,45277,8500,0.0
m3,caiT,45277,9000,0.0
m3,caiT,45277,9500,0.0
m3,caiT,45277,10000,0.0
m3,caiT,45277,10500,0.0
m3,caiT,45277,11000,0.0
m3,caiT,45277,11500,0.0
m3,caiT,45277,12000,0.0
m3,caiT,45277,12500,0.0
m3,caiT,45277,13000,0.0
m3,caiT,45277,13500,0.0
m3,caiT,45277,14000,0.0
m3,caiT,45277,14500,0.0
m3,caiT,45277,15000,0.0
m3,caiT,45277,15500,0.0
m3,caiT,45277,16000,0.0
m3,caiT,45277,16500,0.0
m3,caiT,45277,17000,0.0
m3,caiT,45277,17500,0.0
m3,caiT,45277,18000,0.0
m3,caiT,45277,18500,0.0
m3,caiT,45277,19000,0.0
m3,caiT,45277,19500,0.0
m3,caiT,45277,20000,0.0
m3,caiT,45277,20500,0.0
m3,caiT,45277,21000,0.0
m3,caiT,45277,21500,0.0
m3,caiT,45277,22000,0.0
m3,caiT,45277,22500,0.0
m3,caiT,45277,23000,0.0
m3,caiT,45277,23500,0.0
m3,caiT,45277,24000,0.0
m3,caiT,45277,24500,0.0
m3,caiT,45277,25000,0.0
m3,caiT,45277,25500,0.0
m3,caiT,45277,26000,0.0
m3,caiT,45277,26500,0.0
m3,caiT,45277,27000,0.0
m3,caiT,45277,27500,0.0
m3,caiT,45277,28000,0.0
m3,caiT,45277,28500,0.0
m3,caiT,45277,29000,0.0
m3,caiT,45277,29500,0.0
m3,caiT,45277,30000,0.0
m3,caiT,45277,30500,0.0
m3,caiT,45277,31000,0.0
m3,caiT,45277,31500,0.0
m3,caiT,45277,32000,0.0
m3,caiT,45277,32500,0.0
m3,caiT,45277,33000,0.0
m3,caiT,45277,33500,0.0
m3,caiT,45277,34000,0.0
m3,caiT,45277,34500,0.0
m3,caiT,45277,35000,0.0
m3,caiT,45277,35500,0.0
m3,caiT,45277,36000,0.0
m3,caiT,45277,36500,0.0
m3,caiT,45277,37000,0.0
m3,caiT,45277,37500,0.0
m3,caiT,45277,38000,0.0
m3,caiT,45277,38500,0.0
m3,caiT,45277,39000,0.0
m3,caiT,45277,39500,0.017
m3,caiT,45277,40000,0.0
m3,caiT,45277,40500,0.0
m3,caiT,45277,41000,0.0
m3,caiT,45277,41500,0.019
m3,caiT,45277,42000,0.0
m3,caiT,45277,42500,0.056
m3,caiT,45277,43000,0.05
m3,caiT,45277,43500,0.294
m3,caiT,45277,44000,0.232
m3,caiT,45277,44500,0.413
m3,caiT,45277,45000,0.908
m3,caiT,45277,45500,0.864
m3,caiT,45277,46000,0.909
m3,caiT,45277,46500,1.0
m3,caiT,45277,47000,0.989
m3,caiT,45277,47500,0.979
m3,caiT,45277,48000,1.0
m3,caiT,45277,48500,1.0
m3,caiT,45277,49000,0.992
m3,caiT,45277,49500,1.0
m3,caiT,45277,50000,0.971
m3,caiT,45277,50500,1.0
m3,caiT,45277,51000,0.964
m3,caiT,45277,51500,1.0
m3,caiT,45277,52000,0.973
m3,caiT,45277,52500,1.0
m3,caiT,45277,53000,0.949
m3,caiT,45277,53500,1.0
m3,caiT,45277,54000,0.985
m3,caiT,45277,54500,1.0
m3,caiT,45277,55000,0.978
m3,caiT,45277,55500,0.991
m3,caiT,45277,56000,1.0
m3,caiT,45277,56500,1.0
m3,caiT,45277,57000,0.989
m3,caiT,45277,57500,1.0
m3,caiT,45277,58000,0.965
m3,caiT,45277,58500,0.912
m3,caiT,45277,59000,0.967
m3,caiT,45277,59500,0.97
m3,caiT,45277,60000,0.949
m3,caiT,45277,60500,0.867
m3,ksgA,56613,0,0.0
m3,ksgA,56613,500,0.0
m3,ksgA,56613,1000,0.0
m3,ksgA,56613,1500,0.0
m3,ksgA,56613,2000,0.0
m3,ksgA,56613,2500,0.0
m3,ksgA,56613,3000,0.0
m3,ksgA,56613,3500,0.0
m3,ksgA,56613,4000,0.0
m3,ksgA,56613,4500,0.0
m3,ksgA,56613,5000,0.0
m3,ksgA,56613,5500,0.0
m3,ksgA,56613,6000,0.0
m3,ksgA,56613,6500,0.0
m3,ksgA,56613,7000,0.0
m3,ksgA,56613,7500,0.0
m3,ksgA,56613,8000,0.0
m3,ksgA,56613,8500,0.0
m3,ksgA,56613,9000,0.0
m3,ksgA,56613,9500,0.0
m3,ksgA,56613,10000,0.0
m3,ksgA,56613,10500,0.0
m3,ksgA,56613,11000,0.0
m3,ksgA,56613,11500,0.0
m3,ksgA,56613,12000,0.0
m3,ksgA,56613,12500,0.0
m3,ksgA,56613,13000,0.0
m3,ksgA,56613,13500,0.0
m3,ksgA,56613,14000,0.0
m3,ksgA,56613,14500,0.0
m3,ksgA,56613,15000,0.0
m3,ksgA,56613,15500,0.0
m3,ksgA,56613,16000,0.0
m3,ksgA,56613,16500,0.0
m3,ksgA,56613,17000,0.0
m3,ksgA,56613,17500,0.0
m3,ksgA,56613,18000,0.0
m3,ksgA,56613,18500,0.0
m3,ksgA,56613,19000,0.0
m3,ksgA,56613,19500,0.0
m3,ksgA,56613,20000,0.0
m3,ksgA,56613,20500,0.0
m3,ksgA,56613,21000,0.0
m3,ksgA,56613,21500,0.0
m3,ksgA,56613,22000,0.0
m3,ksgA,56613,22500,0.0
m3,ksgA,56613,23000,0.0
m3,ksgA,56613,23500,0.0
m3,ksgA,56613,24000,0.0
m3,ksgA,56613,24500,0.0
m3,ksgA,56613,25000,0.0
m3,ksgA,56613,25500,0.0
m3,ksgA,56613,26000,0.0
m3,ksgA,56613,26500,0.0
m3,ksgA,56613,27000,0.0
m3,ksgA,56613,27500,0.0
m3,ksgA,56613,28000,0.0
m3,ksgA,56613,28500,0.0
m3,ksgA,56613,29000,0.0
m3,ksgA,56613,29500,0.0
m3,ksgA,56613,30000,0.0
m3,ksgA,56613,30500,0.0
m3,ksgA,56613,31000,0.0
m3,ksgA,56613,31500,0.0
m3,ksgA,56613,32000,0.0
m3,ksgA,56613,32500,0.0
m3,ksgA,56613,33000,0.0
m3,ksgA,56613,33500,0.0
m3,ksgA,56613,34000,0.0
m3,ksgA,56613,34500,0.0
m3,ksgA,56613,35000,0.0
m3,ksgA,56613,35500,0.0
m3,ksgA,56613,36000,0.0
m3,ksgA,56613,36500,0.0
m3,ksgA,56613,37000,0.0
m3,ksgA,56613,37500,0.0
m3,ksgA,56613,38000,0.0
m3,ksgA,56613,38500,0.0
m3,ksgA,56613,39000,0.0
m3,ksgA,56613,39500,0.0
m3,ksgA,56613,40000,0.0
m3,ksgA,56613,40500,0.0
m3,ksgA,56613,41000,0.0
m3,ksgA,56613,41500,0.0
m3,ksgA,56613,42000,0.0
m3,ksgA,56613,42500,0.0
m3,ksgA,56613,43000,0.0
m3,ksgA,56613,43500,0.0
m3,ksgA,56613,44000,0.0
m3,ksgA,56613,44500,0.0
m3,ksgA,56613,45000,0.291
m3,ksgA,56613,45500,0.565
m3,ksgA,56613,46000,0.667
m3,ksgA,56613,46500,0.0
m3,ksgA,56613,47000,0.203
m3,ksgA,56613,47500,0.5
m3,ksgA,56613,48000,0.475
m3,ksgA,56613,48500,0.422
m3,ksgA,56613,49000,0.681
m3,ksgA,56613,49500,0.125
m3,ksgA,56613,50000,0.833
m3,ksgA,56613,50500,0.743
m3,ksgA,56613,51000,0.964
m3,ksgA,56613,51500,1.0
m3,ksgA,56613,52000,0.983
m3,ksgA,56613,52500,1.0
m3,ksgA,56613,53000,0.986
m3,ksgA,56613,53500,1.0
m3,ksgA,56613,54000,0.933
m3,ksgA,56613,54500,1.0
m3,ksgA,56613,55000,1.0
m3,ksgA,56613,55500,0.987
m3,ksgA,56613,56000,1.0
m3,ksgA,56613,56500,1.0
m3,ksgA,56613,57000,0.981
m3,ksgA,56613,57500,0.964
m3,ksgA,56613,58000,0.983
m3,ksgA,56613,58500,0.837
m3,ksgA,56613,59000,0.962
m3,ksgA,56613,59500,1.0
m3,ksgA,56613,60000,0.967
m3,ksgA,56613,60500,0.946
m3,djlA,62118,0,0.004
m3,djlA,62118,500,0.0
m3,djlA,62118,1000,0.0
m3,djlA,62118,1500,0.0
m3,djlA,62118,2000,0.0
m3,djlA,62118,2500,0.0
m3,djlA,62118,3000,0.0
m3,djlA,62118,3500,0.0
m3,djlA,62118,4000,0.0
m3,djlA,62118,4500,0.0
m3,djlA,62118,5000,0.0
m3,djlA,62118,5500,0.0
m3,djlA,62118,6000,0.0
m3,djlA,62118,6500,0.0
m3,djlA,62118,7000,0.0
m3,djlA,62118,7500,0.0
m3,djlA,62118,8000,0.0
m3,djlA,62118,8500,0.0
m3,djlA,62118,9000,0.0
m3,djlA,62118,9500,0.0
m3,djlA,62118,10000,0.0
m3,djlA,62118,10500,0.0
m3,djlA,62118,11000,0.0
m3,djlA,62118,11500,0.0
m3,djlA,62118,12000,0.0
m3,djlA,62118,12500,0.0
m3,djlA,62118,13000,0.0
m3,djlA,62118,13500,0.0
m3,djlA,62118,14000,0.0
m3,djlA,62118,14500,0.0
m3,djlA,62118,15000,0.0
m3,djlA,62118,15500,0.0
m3,djlA,62118,16000,0.0
m3,djlA,62118,16500,0.0
m3,djlA,62118,17000,0.0
m3,djlA,62118,17500,0.0
m3,djlA,62118,18000,0.0
m3,djlA,62118,18500,0.0
m3,djlA,62118,19000,0.0
m3,djlA,62118,19500,0.0
m3,djlA,62118,20000,0.0
m3,djlA,62118,20500,0.0
m3,djlA,62118,21000,0.0
m3,djlA,62118,21500,0.0
m3,djlA,62118,22000,0.0
m3,djlA,62118,22500,0.0
m3,djlA,62118,23000,0.0
m3,djlA,62118,23500,0.0
m3,djlA,62118,24000,0.0
m3,djlA,62118,24500,0.0
m3,djlA,62118,25000,0.0
m3,djlA,62118,25500,0.0
m3,djlA,62118,26000,0.0
m3,djlA,62118,26500,0.0
m3,djlA,62118,27000,0.0
m3,djlA,62118,27500,0.0
m3,djlA,62118,28000,0.0
m3,djlA,62118,28500,0.0
m3,djlA,62118,29000,0.0
m3,djlA,62118,29500,0.0
m3,djlA,62118,30000,0.0
m3,djlA,62118,30500,0.0
m3,djlA,62118,31000,0.0
m3,djlA,62118,31500,0.0
m3,djlA,62118,32000,0.0
m3,djlA,62118,32500,0.0
m3,djlA,62118,33000,0.0
m3,djlA,62118,33500,0.0
m3,djlA,62118,34000,0.0
m3,djlA,62118,34500,0.0
m3,djlA,62118,35000,0.0
m3,djlA,62118,35500,0.0
m3,djlA,62118,36000,0.036
m3,djlA,62118,36500,0.133
m3,djlA,62118,37000,0.5
m3,djlA,62118,37500,0.405
m3,djlA,62118,38000,0.568
m3,djlA,62118,38500,0.548
m3,djlA,62118,39000,0.582
m3,djlA,62118,39500,0.875
m3,djlA,62118,40000,0.727
m3,djlA,62118,40500,0.65
m3,djlA,62118,41000,0.719
m3,djlA,62118,41500,0.836
m3,djlA,62118,42000,0.944
m3,djlA,62118,42500,0.806
m3,djlA,62118,43000,1.0
m3,djlA,62118,43500,0.726
m3,djlA,62118,44000,0.941
m3,djlA,62118,44500,0.981
m3,djlA,62118,45000,0.905
m3,djlA,62118,45500,1.0
m3,djlA,62118,46000,0.922
m3,djlA,62118,46500,1.0
m3,djlA,62118,47000,1.0
m3,djlA,62118,47500,1.0
m3,djlA,62118,48000,1.0
m3,djlA,62118,48500,1.0
m3,djlA,62118,49000,1.0
m3,djlA,62118,49500,1.0
m3,djlA,62118,50000,0.985
m3,djlA,62118,50500,1.0
m3,djlA,62118,51000,1.0
m3,djlA,62118,51500,0.875
m3,djlA,62118,52000,1.0
m3,djlA,62118,52500,1.0
m3,djlA,62118,53000,1.0
m3,djlA,62118,53500,1.0
m3,djlA,62118,54000,1.0
m3,djlA,62118,54500,1.0
m3,djlA,62118,55000,1.0
m3,djlA,62118,55500,1.0
m3,djlA,62118,56000,1.0
m3,djlA,62118,56500,1.0
m3,djlA,62118,57000,1.0
m3,djlA,62118,57500,1.0
m3,djlA,62118,58000,1.0
m3,djlA,62118,58500,1.0
m3,djlA,62118,59000,1.0
m3,djlA,62118,59500,1.0
m3,djlA,62118,60000,1.0
m3,djlA,62118,60500,1.0
m3,rluA,63013,0,0.0
m3,rluA,63013,500,0.0
m3,rluA,63013,1000,0.0
m3,rluA,63013,1500,0.0
m3,rluA,63013,2000,0.0
m3,rluA,63013,2500,0.0
m3,rluA,63013,3000,0.0
m3,rluA,63013,3500,0.0
m3,rluA,63013,4000,0.0
m3,rluA,63013,4500,0.0
m3,rluA,63013,5000,0.0
m3,rluA,63013,5500,0.0
m3,rluA,63013,6000,0.0
m3,rluA,63013,6500,0.0
m3,rluA,63013,7000,0.0
m3,rluA,63013,7500,0.0
m3,rluA,63013,8000,0.0
m3,rluA,63013,8500,0.0
m3,rluA,63013,9000,0.0
m3,rluA,63013,9500,0.0
m3,rluA,63013,10000,0.0
m3,rluA,63013,10500,0.0
m3,rluA,63013,11000,0.0
m3,rluA,63013,11500,0.0
m3,rluA,63013,12000,0.0
m3,rluA,63013,12500,0.0
m3,rluA,63013,13000,0.0
m3,rluA,63013,13500,0.0
m3,rluA,63013,14000,0.0
m3,rluA,63013,14500,0.0
m3,rluA,63013,15000,0.0
m3,rluA,63013,15500,0.0
m3,rluA,63013,16000,0.0
m3,rluA,63013,16500,0.0
m3,rluA,63013,17000,0.0
m3,rluA,63013,17500,0.0
m3,rluA,63013,18000,0.0
m3,rluA,63013,18500,0.0
m3,rluA,63013,19000,0.0
m3,rluA,63013,19500,0.0
m3,rluA,63013,20000,0.0
m3,rluA,63013,20500,0.0
m3,rluA,63013,21000,0.0
m3,rluA,63013,21500,0.0
m3,rluA,63013,22000,0.0
m3,rluA,63013,22500,0.0
m3,rluA,63013,23000,0.0
m3,rluA,63013,23500,0.0
m3,rluA,63013,24000,0.0
m3,rluA,63013,24500,0.0
m3,rluA,63013,25000,0.0
m3,rluA,63013,25500,0.0
m3,rluA,63013,26000,0.0
m3,rluA,63013,26500,0.0
m3,rluA,63013,27000,0.0
m3,rluA,63013,27500,0.0
m3,rluA,63013,28000,0.0
m3,rluA,63013,28500,0.0
m3,rluA,63013,29000,0.0
m3,rluA,63013,29500,0.0
m3,rluA,63013,30000,0.0
m3,rluA,63013,30500,0.0
m3,rluA,63013,31000,0.0
m3,rluA,63013,31500,0.0
m3,rluA,63013,32000,0.0
m3,rluA,63013,32500,0.0
m3,rluA,63013,33000,0.0
m3,rluA,63013,33500,0.0
m3,rluA,63013,34000,0.0
m3,rluA,63013,34500,0.0
m3,rluA,63013,35000,0.0
m3,rluA,63013,35500,0.0
m3,rluA,63013,36000,0.0
m3,rluA,63013,36500,0.0
m3,rluA,63013,37000,0.0
m3,rluA,63013,37500,0.0
m3,rluA,63013,38000,0.0
m3,rluA,63013,38500,0.0
m3,rluA,63013,39000,0.0
m3,rluA,63013,39500,0.0
m3,rluA,63013,40000,0.0
m3,rluA,63013,40500,0.0
m3,rluA,63013,41000,0.0
m3,rluA,63013,41500,0.0
m3,rluA,63013,42000,0.0
m3,rluA,63013,42500,0.0
m3,rluA,63013,43000,0.0
m3,rluA,63013,43500,0.0
m3,rluA,63013,44000,0.0
m3,rluA,63013,44500,0.013
m3,rluA,63013,45000,0.0
m3,rluA,63013,45500,0.0
m3,rluA,63013,46000,0.0
m3,rluA,63013,46500,0.0
m3,rluA,63013,47000,0.0
m3,rluA,63013,47500,0.0
m3,rluA,63013,48000,0.0
m3,rluA,63013,48500,0.0
m3,rluA,63013,49000,0.0
m3,rluA,63013,49500,0.0
m3,rluA,63013,50000,0.0
m3,rluA,63013,50500,0.107
m3,rluA,63013,51000,0.22
m3,rluA,63013,51500,0.739
m3,rluA,63013,52000,0.5
m3,rluA,63013,52500,0.707
m3,rluA,63013,53000,0.775
m3,rluA,63013,53500,0.81
m3,rluA,63013,54000,0.851
m3,rluA,63013,54500,0.886
m3,rluA,63013,55000,1.0
m3,rluA,63013,55500,0.975
m3,rluA,63013,56000,0.924
m3,rluA,63013,56500,1.0
m3,rluA,63013,57000,1.0
m3,rluA,63013,57500,1.0
m3,rluA,63013,58000,0.979
m3,rluA,63013,58500,0.875
m3,rluA,63013,59000,0.888
m3,rluA,63013,59500,0.933
m3,rluA,63013,60000,0.886
m3,rluA,63013,60500,0.929
m3,hepA,64042,0,0.005
m3,hepA,64042,500,0.0
m3,hepA,64042,1000,0.0
m3,hepA,64042,1500,0.0
m3,hepA,64042,2000,0.0
m3,hepA,64042,2500,0.0
m3,hepA,64042,3000,0.065
m3,hepA,64042,3500,0.0
m3,hepA,64042,4000,0.0
m3,hepA,64042,4500,0.0
m3,hepA,64042,5000,0.0
m3,hepA,64042,5500,0.0
m3,hepA,64042,6000,0.0
m3,hepA,64042,6500,0.0
m3,hepA,64042,7000,0.0
m3,hepA,64042,7500,0.0
m3,hepA,64042,8000,0.0
m3,hepA,64042,8500,0.0
m3,hepA,64042,9000,0.0
m3,hepA,64042,9500,0.0
m3,hepA,64042,10000,0.0
m3,hepA,64042,10500,0.0
m3,hepA,64042,11000,0.0
m3,hepA,64042,11500,0.0
m3,hepA,64042,12000,0.0
m3,hepA,64042,12500,0.0
m3,hepA,64042,13000,0.0
m3,hepA,64042,13500,0.0
m3,hepA,64042,14000,0.0
m3,hepA,64042,14500,0.0
m3,hepA,64042,15000,0.0
m3,hepA,64042,15500,0.0
m3,hepA,64042,16000,0.0
m3,hepA,64042,16500,0.0
m3,hepA,64042,17000,0.0
m3,hepA,64042,17500,0.0
m3,hepA,64042,18000,0.0
m3,hepA,64042,18500,0.0
m3,hepA,64042,19000,0.0
m3,hepA,64042,19500,0.016
m3,hepA,64042,20000,0.0
m3,hepA,64042,20500,0.0
m3,hepA,64042,21000,0.0
m3,hepA,64042,21500,0.0
m3,hepA,64042,22000,0.0
m3,hepA,64042,22500,0.0
m3,hepA,64042,23000,0.0
m3,hepA,64042,23500,0.0
m3,hepA,64042,24000,0.0
m3,hepA,64042,24500,0.0
m3,hepA,64042,25000,0.0
m3,hepA,64042,25500,0.0
m3,hepA,64042,26000,0.0
m3,hepA,64042,26500,0.0
m3,hepA,64042,27000,0.0
m3,hepA,64042,27500,0.0
m3,hepA,64042,28000,0.0
m3,hepA,64042,28500,0.0
m3,hepA,64042,29000,0.0
m3,hepA,64042,29500,0.0
m3,hepA,64042,30000,0.0
m3,hepA,64042,30500,0.0
m3,hepA,64042,31000,0.0
m3,hepA,64042,31500,0.0
m3,hepA,64042,32000,0.0
m3,hepA,64042,32500,0.0
m3,hepA,64042,33000,0.0
m3,hepA,64042,33500,0.0
m3,hepA,64042,34000,0.0
m3,hepA,64042,34500,0.0
m3,hepA,64042,35000,0.0
m3,hepA,64042,35500,0.0
m3,hepA,64042,36000,0.0
m3,hepA,64042,36500,0.0
m3,hepA,64042,37000,0.0
m3,hepA,64042,37500,0.0
m3,hepA,64042,38000,0.0
m3,hepA,64042,38500,0.0
m3,hepA,64042,39000,0.0
m3,hepA,64042,39500,0.0
m3,hepA,64042,40000,0.0
m3,hepA,64042,40500,0.0
m3,hepA,64042,41000,0.0
m3,hepA,64042,41500,0.0
m3,hepA,64042,42000,0.0
m3,hepA,64042,42500,0.0
m3,hepA,64042,43000,0.0
m3,hepA,64042,43500,0.0
m3,hepA,64042,44000,0.033
m3,hepA,64042,44500,0.169
m3,hepA,64042,45000,0.836
m3,hepA,64042,45500,0.904
m3,hepA,64042,46000,0.907
m3,hepA,64042,46500,0.867
m3,hepA,64042,47000,0.984
m3,hepA,64042,47500,1.0
m3,hepA,64042,48000,1.0
m3,hepA,64042,48500,1.0
m3,hepA,64042,49000,0.985
m3,hepA,64042,49500,0.952
m3,hepA,64042,50000,0.928
m3,hepA,64042,50500,1.0
m3,hepA,64042,51000,0.965
m3,hepA,64042,51500,1.0
m3,hepA,64042,52000,0.973
m3,hepA,64042,52500,1.0
m3,hepA,64042,53000,0.937
m3,hepA,64042,53500,1.0
m3,hepA,64042,54000,0.939
m3,hepA,64042,54500,1.0
m3,hepA,64042,55000,0.97
m3,hepA,64042,55500,0.991
m3,hepA,64042,56000,0.944
m3,hepA,64042,56500,1.0
m3,hepA,64042,57000,0.957
m3,hepA,64042,57500,1.0
m3,hepA,64042,58000,0.975
m3,hepA,64042,58500,0.966
m3,hepA,64042,59000,0.963
m3,hepA,64042,59500,0.969
m3,hepA,64042,60000,0.909
m3,hepA,64042,60500,0.95
m3,yabN,78808,0,0.0
m3,yabN,78808,500,0.0
m3,yabN,78808,1000,0.0
m3,yabN,78808,1500,0.0
m3,yabN,78808,2000,0.0
m3,yabN,78808,2500,0.0
m3,yabN,78808,3000,0.0
m3,yabN,78808,3500,0.0
m3,yabN,78808,4000,0.024
m3,yabN,78808,4500,0.0
m3,yabN,78808,5000,0.0
m3,yabN,78808,5500,0.0
m3,yabN,78808,6000,0.0
m3,yabN,78808,6500,0.0
m3,yabN,78808,7000,0.0
m3,yabN,78808,7500,0.0
m3,yabN,78808,8000,0.0
m3,yabN,78808,8500,0.0
m3,yabN,78808,9000,0.0
m3,yabN,78808,9500,0.0
m3,yabN,78808,10000,0.0
m3,yabN,78808,10500,0.0
m3,yabN,78808,11000,0.0
m3,yabN,78808,11500,0.0
m3,yabN,78808,12000,0.0
m3,yabN,78808,12500,0.0
m3,yabN,78808,13000,0.0
m3,yabN,78808,13500,0.0
m3,yabN,78808,14000,0.0
m3,yabN,78808,14500,0.0
m3,yabN,78808,15000,0.0
m3,yabN,78808,15500,0.0
m3,yabN,78808,16000,0.0
m3,yabN,78808,16500,0.0
m3,yabN,78808,17000,0.0
m3,yabN,78808,17500,0.0
m3,yabN,78808,18000,0.0
m3,yabN,78808,18500,0.0
m3,yabN,78808,19000,0.0
m3,yabN,78808,19500,0.013
m3,yabN,78808,20000,0.0
m3,yabN,78808,20500,0.0
m3,yabN,78808,21000,0.0
m3,yabN,78808,21500,0.0
m3,yabN,78808,22000,0.0
m3,yabN,78808,22500,0.0
m3,yabN,78808,23000,0.023
m3,yabN,78808,23500,0.0
m3,yabN,78808,24000,0.0
m3,yabN,78808,24500,0.0
m3,yabN,78808,25000,0.0
m3,yabN,78808,25500,0.0
m3,yabN,78808,26000,0.0
m3,yabN,78808,26500,0.0
m3,yabN,78808,27000,0.0
m3,yabN,78808,27500,0.0
m3,yabN,78808,28000,0.0
m3,yabN,78808,28500,0.0
m3,yabN,78808,29000,0.0
m3,yabN,78808,29500,0.0
m3,yabN,78808,30000,0.0
m3,yabN,78808,30500,0.0
m3,yabN,78808,31000,0.0
m3,yabN,78808,31500,0.0
m3,yabN,78808,32000,0.0
m3,yabN,78808,32500,0.0
m3,yabN,78808,33000,0.0
m3,yabN,78808,33500,0.0
m3,yabN,78808,34000,0.0
m3,yabN,78808,34500,0.0
m3,yabN,78808,35000,0.016
m3,yabN,78808,35500,0.0
m3,yabN,78808,36000,0.0
m3,yabN,78808,36500,0.0
m3,yabN,78808,37000,0.0
m3,yabN,78808,37500,0.0
m3,yabN,78808,38000,0.0
m3,yabN,78808,38500,0.0
m3,yabN,78808,39000,0.0
m3,yabN,78808,39500,0.0
m3,yabN,78808,40000,0.0
m3,yabN,78808,40500,0.0
m3,yabN,78808,41000,0.0
m3,yabN,78808,41500,0.0
m3,yabN,78808,42000,0.0
m3,yabN,78808,42500,0.0
m3,yabN,78808,43000,0.0
m3,yabN,78808,43500,0.0
m3,yabN,78808,44000,0.0
m3,yabN,78808,44500,0.0
m3,yabN,78808,45000,0.0
m3,yabN,78808,45500,0.0
m3,yabN,78808,46000,0.0
m3,yabN,78808,46500,0.0
m3,yabN,78808,47000,0.0
m3,yabN,78808,47500,0.0
m3,yabN,78808,48000,0.0
m3,yabN,78808,48500,0.03
m3,yabN,78808,49000,0.108
m3,yabN,78808,49500,0.25
m3,yabN,78808,50000,0.493
m3,yabN,78808,50500,0.444
m3,yabN,78808,51000,0.9
m3,yabN,78808,51500,0.8
m3,yabN,78808,52000,0.728
m3,yabN,78808,52500,0.71
m3,yabN,78808,53000,0.75
m3,yabN,78808,53500,0.844
m3,yabN,78808,54000,0.754
m3,yabN,78808,54500,0.828
m3,yabN,78808,55000,0.857
m3,yabN,78808,55500,0.986
m3,yabN,78808,56000,0.96
m3,yabN,78808,56500,1.0
m3,yabN,78808,57000,0.958
m3,yabN,78808,57500,1.0
m3,yabN,78808,58000,0.948
m3,yabN,78808,58500,0.714
m3,yabN,78808,59000,0.971
m3,yabN,78808,59500,0.973
m3,yabN,78808,60000,0.867
m3,yabN,78808,60500,0.919
m3,yabN,80113,0,0.0
m3,yabN,80113,500,0.0
m3,yabN,80113,1000,0.0
m3,yabN,80113,1500,0.0
m3,yabN,80113,2000,0.0
m3,yabN,80113,2500,0.0
m3,yabN,80113,3000,0.0
m3,yabN,80113,3500,0.0
m3,yabN,80113,4000,0.0
m3,yabN,80113,4500,0.0
m3,yabN,80113,5000,0.0
m3,yabN,80113,5500,0.0
m3,yabN,80113,6000,0.0
m3,yabN,80113,6500,0.0
m3,yabN,80113,7000,0.0
m3,yabN,80113,7500,0.0
m3,yabN,80113,8000,0.0
m3,yabN,80113,8500,0.0
m3,yabN,80113,9000,0.0
m3,yabN,80113,9500,0.0
m3,yabN,80113,10000,0.0
m3,yabN,80113,10500,0.0
m3,yabN,80113,11000,0.0
m3,yabN,80113,11500,0.0
m3,yabN,80113,12000,0.0
m3,yabN,80113,12500,0.0
m3,yabN,80113,13000,0.0
m3,yabN,80113,13500,0.0
m3,yabN,80113,14000,0.0
m3,yabN,80113,14500,0.0
m3,yabN,80113,15000,0.0
m3,yabN,80113,15500,0.0
m3,yabN,80113,16000,0.0
m3,yabN,80113,16500,0.0
m3,yabN,80113,17000,0.0
m3,yabN,80113,17500,0.0
m3,yabN,80113,18000,0.0
m3,yabN,80113,18500,0.0
m3,yabN,80113,19000,0.0
m3,yabN,80113,19500,0.0
m3,yabN,80113,20000,0.0
m3,yabN,80113,20500,0.0
m3,yabN,80113,21000,0.0
m3,yabN,80113,21500,0.0
m3,yabN,80113,22000,0.0
m3,yabN,80113,22500,0.0
m3,yabN,80113,23000,0.0
m3,yabN,80113,23500,0.0
m3,yabN,80113,24000,0.0
m3,yabN,80113,24500,0.0
m3,yabN,80113,25000,0.0
m3,yabN,80113,25500,0.0
m3,yabN,80113,26000,0.0
m3,yabN,80113,26500,0.0
m3,yabN,80113,27000,0.0
m3,yabN,80113,27500,0.0
m3,yabN,80113,28000,0.0
m3,yabN,80113,28500,0.0
m3,yabN,80113,29000,0.0
m3,yabN,80113,29500,0.0
m3,yabN,80113,30000,0.0
m3,yabN,80113,30500,0.0
m3,yabN,80113,31000,0.0
m3,yabN,80113,31500,0.0
m3,yabN,80113,32000,0.0
m3,yabN,80113,32500,0.0
m3,yabN,80113,33000,0.0
m3,yabN,80113,33500,0.0
m3,yabN,80113,34000,0.0
m3,yabN,80113,34500,0.0
m3,yabN,80113,35000,0.4
m3,yabN,80113,35500,0.411
m3,yabN,80113,36000,0.474
m3,yabN,80113,36500,0.793
m3,yabN,80113,37000,0.909
m3,yabN,80113,37500,0.809
m3,yabN,80113,38000,0.595
m3,yabN,80113,38500,0.696
m3,yabN,80113,39000,0.731
m3,yabN,80113,39500,0.86
m3,yabN,80113,40000,0.784
m3,yabN,80113,40500,0.667
m3,yabN,80113,41000,0.8
m3,yabN,80113,41500,0.887
m3,yabN,80113,42000,0.556
m3,yabN,80113,42500,1.0
m3,yabN,80113,43000,0.714
m3,yabN,80113,43500,0.797
m3,yabN,80113,44000,1.0
m3,yabN,80113,44500,1.0
m3,yabN,80113,45000,1.0
m3,yabN,80113,45500,1.0
m3,yabN,80113,46000,1.0
m3,yabN,80113,46500,1.0
m3,yabN,80113,47000,1.0
m3,yabN,80113,47500,1.0
m3,yabN,80113,48000,1.0
m3,yabN,80113,48500,1.0
m3,yabN,80113,49000,1.0
m3,yabN,80113,49500,1.0
m3,yabN,80113,50000,0.985
m3,yabN,80113,50500,0.971
m3,yabN,80113,51000,1.0
m3,yabN,80113,51500,1.0
m3,yabN,80113,52000,1.0
m3,yabN,80113,52500,1.0
m3,yabN,80113,53000,1.0
m3,yabN,80113,53500,1.0
m3,yabN,80113,54000,1.0
m3,yabN,80113,54500,1.0
m3,yabN,80113,55000,1.0
m3,yabN,80113,55500,1.0
m3,yabN,80113,56000,1.0
m3,yabN,80113,56500,1.0
m3,yabN,80113,57000,1.0
m3,yabN,80113,57500,1.0
m3,yabN,80113,58000,1.0
m3,yabN,80113,58500,1.0
m3,yabN,80113,59000,1.0
m3,yabN,80113,59500,1.0
m3,yabN,80113,60000,1.0
m3,yabN,80113,60500,0.989
m3,setA,81158,0,0.0
m3,setA,81158,500,0.0
m3,setA,81158,1000,0.0
m3,setA,81158,1500,0.0
m3,setA,81158,2000,0.0
m3,setA,81158,2500,0.0
m3,setA,81158,3000,0.0
m3,setA,81158,3500,0.0
m3,setA,81158,4000,0.0
m3,setA,81158,4500,0.0
m3,setA,81158,5000,0.0
m3,setA,81158,5500,0.0
m3,setA,81158,6000,0.0
m3,setA,81158,6500,0.0
m3,setA,81158,7000,0.0
m3,setA,81158,7500,0.0
m3,setA,81158,8000,0.0
m3,setA,81158,8500,0.0
m3,setA,81158,9000,0.0
m3,setA,81158,9500,0.0
m3,setA,81158,10000,0.0
m3,setA,81158,10500,0.0
m3,setA,81158,11000,0.0
m3,setA,81158,11500,0.0
m3,setA,81158,12000,0.022
m3,setA,81158,12500,0.0
m3,setA,81158,13000,0.0
m3,setA,81158,13500,0.0
m3,setA,81158,14000,0.0
m3,setA,81158,14500,0.0
m3,setA,81158,15000,0.0
m3,setA,81158,15500,0.0
m3,setA,81158,16000,0.0
m3,setA,81158,16500,0.0
m3,setA,81158,17000,0.0
m3,setA,81158,17500,0.0
m3,setA,81158,18000,0.0
m3,setA,81158,18500,0.0
m3,setA,81158,19000,0.0
m3,setA,81158,19500,0.0
m3,setA,81158,20000,0.034
m3,setA,81158,20500,0.016
m3,setA,81158,21000,0.043
m3,setA,81158,21500,0.172
m3,setA,81158,22000,0.239
m3,setA,81158,22500,0.267
m3,setA,81158,23000,0.108
m3,setA,81158,23500,0.159
m3,setA,81158,24000,0.0
m3,setA,81158,24500,0.179
m3,setA,81158,25000,0.4
m3,setA,81158,25500,0.548
m3,setA,81158,26000,0.452
m3,setA,81158,26500,0.481
m3,setA,81158,27000,0.344
m3,setA,81158,27500,0.455
m3,setA,81158,28000,0.429
m3,setA,81158,28500,0.56
m3,setA,81158,29000,0.6
m3,setA,81158,29500,0.806
m3,setA,81158,30000,0.692
m3,setA,81158,30500,0.711
m3,setA,81158,31000,0.25
m3,setA,81158,31500,0.587
m3,setA,81158,32000,0.588
m3,setA,81158,32500,0.574
m3,setA,81158,33000,0.833
m3,setA,81158,33500,0.938
m3,setA,81158,34000,0.967
m3,setA,81158,34500,0.976
m3,setA,81158,35000,0.903
m3,setA,81158,35500,0.943
m3,setA,81158,36000,0.85
m3,setA,81158,36500,0.795
m3,setA,81158,37000,1.0
m3,setA,81158,37500,0.811
m3,setA,81158,38000,0.778
m3,setA,81158,38500,0.8
m3,setA,81158,39000,0.918
m3,setA,81158,39500,0.927
m3,setA,81158,40000,0.845
m3,setA,81158,40500,0.893
m3,setA,81158,41000,0.873
m3,setA,81158,41500,0.888
m3,setA,81158,42000,0.808
m3,setA,81158,42500,0.837
m3,setA,81158,43000,0.857
m3,setA,81158,43500,0.721
m3,setA,81158,44000,1.0
m3,setA,81158,44500,1.0
m3,setA,81158,45000,1.0
m3,setA,81158,45500,1.0
m3,setA,81158,46000,1.0
m3,setA,81158,46500,1.0
m3,setA,81158,47000,1.0
m3,setA,81158,47500,1.0
m3,setA,81158,48000,1.0
m3,setA,81158,48500,1.0
m3,setA,81158,49000,1.0
m3,setA,81158,49500,1.0
m3,setA,81158,50000,1.0
m3,setA,81158,50500,1.0
m3,setA,81158,51000,1.0
m3,setA,81158,51500,1.0
m3,setA,81158,52000,1.0
m3,setA,81158,52500,1.0
m3,setA,81158,53000,1.0
m3,setA,81158,53500,1.0
m3,setA,81158,54000,1.0
m3,setA,81158,54500,1.0
m3,setA,81158,55000,1.0
m3,setA,81158,55500,1.0
m3,setA,81158,56000,1.0
m3,setA,81158,56500,1.0
m3,setA,81158,57000,1.0
m3,setA,81158,57500,1.0
m3,setA,81158,58000,1.0
m3,setA,81158,58500,1.0
m3,setA,81158,59000,1.0
m3,setA,81158,59500,1.0
m3,setA,81158,60000,1.0
m3,setA,81158,60500,0.993
m3,leuO,87462,0,0.0
m3,leuO,87462,500,0.0
m3,leuO,87462,1000,0.0
m3,leuO,87462,1500,0.0
m3,leuO,87462,2000,0.0
m3,leuO,87462,2500,0.0
m3,leuO,87462,3000,0.0
m3,leuO,87462,3500,0.0
m3,leuO,87462,4000,0.0
m3,leuO,87462,4500,0.0
m3,leuO,87462,5000,0.0
m3,leuO,87462,5500,0.0
m3,leuO,87462,6000,0.0
m3,leuO,87462,6500,0.0
m3,leuO,87462,7000,0.0
m3,leuO,87462,7500,0.0
m3,leuO,87462,8000,0.0
m3,leuO,87462,8500,0.0
m3,leuO,87462,9000,0.0
m3,leuO,87462,9500,0.0
m3,leuO,87462,10000,0.0
m3,leuO,87462,10500,0.0
m3,leuO,87462,11000,0.0
m3,leuO,87462,11500,0.0
m3,leuO,87462,12000,0.0
m3,leuO,87462,12500,0.0
m3,leuO,87462,13000,0.0
m3,leuO,87462,13500,0.0
m3,leuO,87462,14000,0.0
m3,leuO,87462,14500,0.0
m3,leuO,87462,15000,0.0
m3,leuO,87462,15500,0.0
m3,leuO,87462,16000,0.0
m3,leuO,87462,16500,0.0
m3,leuO,87462,17000,0.0
m3,leuO,87462,17500,0.0
m3,leuO,87462,18000,0.0
m3,leuO,87462,18500,0.0
m3,leuO,87462,19000,0.0
m3,leuO,87462,19500,0.0
m3,leuO,87462,20000,0.0
m3,leuO,87462,20500,0.0
m3,leuO,87462,21000,0.0
m3,leuO,87462,21500,0.0
m3,leuO,87462,22000,0.0
m3,leuO,87462,22500,0.0
m3,leuO,87462,23000,0.0
m3,leuO,87462,23500,0.0
m3,leuO,87462,24000,0.0
m3,leuO,87462,24500,0.0
m3,leuO,87462,25000,0.0
m3,leuO,87462,25500,0.0
m3,leuO,87462,26000,0.0
m3,leuO,87462,26500,0.0
m3,leuO,87462,27000,0.0
m3,leuO,87462,27500,0.0
m3,leuO,87462,28000,0.0
m3,leuO,87462,28500,0.0
m3,leuO,87462,29000,0.0
m3,leuO,87462,29500,0.0
m3,leuO,87462,30000,0.0
m3,leuO,87462,30500,0.0
m3,leuO,87462,31000,0.0
m3,leuO,87462,31500,0.0
m3,leuO,87462,32000,0.0
m3,leuO,87462,32500,0.0
m3,leuO,87462,33000,0.0
m3,leuO,87462,33500,0.0
m3,leuO,87462,34000,0.0
m3,leuO,87462,34500,0.0
m3,leuO,87462,35000,0.0
m3,leuO,87462,35500,0.0
m3,leuO,87462,36000,0.0
m3,leuO,87462,36500,0.0
m3,leuO,87462,37000,0.0
m3,leuO,87462,37500,0.0
m3,leuO,87462,38000,0.0
m3,leuO,87462,38500,0.0
m3,leuO,87462,39000,0.0
m3,leuO,87462,39500,0.0
m3,leuO,87462,40000,0.0
m3,leuO,87462,40500,0.0
m3,leuO,87462,41000,0.0
m3,leuO,87462,41500,0.0
m3,leuO,87462,42000,0.0
m3,leuO,87462,42500,0.0
m3,leuO,87462,43000,0.0
m3,leuO,87462,43500,0.0
m3,leuO,87462,44000,0.0
m3,leuO,87462,44500,0.0
m3,leuO,87462,45000,0.0
m3,leuO,87462,45500,0.0
m3,leuO,87462,46000,0.0
m3,leuO,87462,46500,0.0
m3,leuO,87462,47000,0.0
m3,leuO,87462,47500,0.0
m3,leuO,87462,48000,0.0
m3,leuO,87462,48500,0.0
m3,leuO,87462,49000,0.115
m3,leuO,87462,49500,0.077
m3,leuO,87462,50000,0.425
m3,leuO,87462,50500,0.667
m3,leuO,87462,51000,0.754
m3,leuO,87462,51500,0.462
m3,leuO,87462,52000,0.694
m3,leuO,87462,52500,0.728
m3,leuO,87462,53000,0.761
m3,leuO,87462,53500,0.85
m3,leuO,87462,54000,0.745
m3,leuO,87462,54500,0.974
m3,leuO,87462,55000,0.971
m3,leuO,87462,55500,0.983
m3,leuO,87462,56000,0.983
m3,leuO,87462,56500,0.971
m3,leuO,87462,57000,1.0
m3,leuO,87462,57500,0.986
m3,leuO,87462,58000,0.952
m3,leuO,87462,58500,0.938
m3,leuO,87462,59000,0.948
m3,leuO,87462,59500,0.987
m3,leuO,87462,60000,0.975
m3,leuO,87462,60500,0.922
m3,yabB,92876,0,0.0
m3,yabB,92876,500,0.087
m3,yabB,92876,1000,1.0
m3,yabB,92876,1500,0.697
m3,yabB,92876,2000,0.294
m3,yabB,92876,2500,0.512
m3,yabB,92876,3000,0.511
m3,yabB,92876,3500,0.042
m3,yabB,92876,4000,0.041
m3,yabB,92876,4500,0.011
m3,yabB,92876,5000,0.096
m3,yabB,92876,5500,0.137
m3,yabB,92876,6000,0.015
m3,yabB,92876,6500,0.023
m3,yabB,92876,7000,0.0
m3,yabB,92876,7500,0.0
m3,yabB,92876,8000,0.0
m3,yabB,92876,8500,0.0
m3,yabB,92876,9000,0.0
m3,yabB,92876,9500,0.0
m3,yabB,92876,10000,0.0
m3,yabB,92876,10500,0.0
m3,yabB,92876,11000,0.0
m3,yabB,92876,11500,0.0
m3,yabB,92876,12000,0.0
m3,yabB,92876,12500,0.0
m3,yabB,92876,13000,0.0
m3,yabB,92876,13500,0.0
m3,yabB,92876,14000,0.0
m3,yabB,92876,14500,0.0
m3,yabB,92876,15000,0.0
m3,yabB,92876,15500,0.0
m3,yabB,92876,16000,0.0
m3,yabB,92876,16500,0.0
m3,yabB,92876,17000,0.0
m3,yabB,92876,17500,0.0
m3,yabB,92876,18000,0.0
m3,yabB,92876,18500,0.0
m3,yabB,92876,19000,0.0
m3,yabB,92876,19500,0.0
m3,yabB,92876,20000,0.0
m3,yabB,92876,20500,0.0
m3,yabB,92876,21000,0.0
m3,yabB,92876,21500,0.0
m3,yabB,92876,22000,0.0
m3,yabB,92876,22500,0.0
m3,yabB,92876,23000,0.0
m3,yabB,92876,23500,0.0
m3,yabB,92876,24000,0.0
m3,yabB,92876,24500,0.0
m3,yabB,92876,25000,0.0
m3,yabB,92876,25500,0.0
m3,yabB,92876,26000,0.0
m3,yabB,92876,26500,0.0
m3,yabB,92876,27000,0.0
m3,yabB,92876,27500,0.0
m3,yabB,92876,28000,0.0
m3,yabB,92876,28500,0.0
m3,yabB,92876,29000,0.0
m3,yabB,92876,29500,0.0
m3,yabB,92876,30000,0.0
m3,yabB,92876,30500,0.0
m3,yabB,92876,31000,0.0
m3,yabB,92876,31500,0.0
m3,yabB,92876,32000,0.0
m3,yabB,92876,32500,0.0
m3,yabB,92876,33000,0.0
m3,yabB,92876,33500,0.0
m3,yabB,92876,34000,0.01
m3,yabB,92876,34500,0.0
m3,yabB,92876,35000,0.0
m3,yabB,92876,35500,0.0
m3,yabB,92876,36000,0.0
m3,yabB,92876,36500,0.0
m3,yabB,92876,37000,0.0
m3,yabB,92876,37500,0.0
m3,yabB,92876,38000,0.0
m3,yabB,92876,38500,0.0
m3,yabB,92876,39000,0.0
m3,yabB,92876,39500,0.0
m3,yabB,92876,40000,0.0
m3,yabB,92876,40500,0.0
m3,yabB,92876,41000,0.0
m3,yabB,92876,41500,0.0
m3,yabB,92876,42000,0.0
m3,yabB,92876,42500,0.0
m3,yabB,92876,43000,0.0
m3,yabB,92876,43500,0.0
m3,yabB,92876,44000,0.0
m3,yabB,92876,44500,0.0
m3,yabB,92876,45000,0.0
m3,yabB,92876,45500,0.0
m3,yabB,92876,46000,0.0
m3,yabB,92876,46500,0.0
m3,yabB,92876,47000,0.0
m3,yabB,92876,47500,0.0
m3,yabB,92876,48000,0.0
m3,yabB,92876,48500,0.0
m3,yabB,92876,49000,0.0
m3,yabB,92876,49500,0.0
m3,yabB,92876,50000,0.0
m3,yabB,92876,50500,0.0
m3,yabB,92876,51000,0.0
m3,yabB,92876,51500,0.0
m3,yabB,92876,52000,0.0
m3,yabB,92876,52500,0.0
m3,yabB,92876,53000,0.0
m3,yabB,92876,53500,0.0
m3,yabB,92876,54000,0.0
m3,yabB,92876,54500,0.0
m3,yabB,92876,55000,0.0
m3,yabB,92876,55500,0.0
m3,yabB,92876,56000,0.0
m3,yabB,92876,56500,0.0
m3,yabB,92876,57000,0.0
m3,yabB,92876,57500,0.0
m3,yabB,92876,58000,0.0
m3,yabB,92876,58500,0.0
m3,yabB,92876,59000,0.0
m3,yabB,92876,59500,0.0
m3,yabB,92876,60000,0.0
m3,yabB,92876,60500,0.0
m3,ftsI,94370,0,0.0
m3,ftsI,94370,500,0.0
m3,ftsI,94370,1000,0.0
m3,ftsI,94370,1500,0.0
m3,ftsI,94370,2000,0.0
m3,ftsI,94370,2500,0.0
m3,ftsI,94370,3000,0.0
m3,ftsI,94370,3500,0.0
m3,ftsI,94370,4000,0.0
m3,ftsI,94370,4500,0.0
m3,ftsI,94370,5000,0.0
m3,ftsI,94370,5500,0.0
m3,ftsI,94370,6000,0.0
m3,ftsI,94370,6500,0.0
m3,ftsI,94370,7000,0.0
m3,ftsI,94370,7500,0.0
m3,ftsI,94370,8000,0.0
m3,ftsI,94370,8500,0.0
m3,ftsI,94370,9000,0.0
m3,ftsI,94370,9500,0.0
m3,ftsI,94370,10000,0.0
m3,ftsI,94370,10500,0.0
m3,ftsI,94370,11000,0.0
m3,ftsI,94370,11500,0.0
m3,ftsI,94370,12000,0.0
m3,ftsI,94370,12500,0.0
m3,ftsI,94370,13000,0.0
m3,ftsI,94370,13500,0.0
m3,ftsI,94370,14000,0.0
m3,ftsI,94370,14500,0.0
m3,ftsI,94370,15000,0.0
m3,ftsI,94370,15500,0.0
m3,ftsI,94370,16000,0.0
m3,ftsI,94370,16500,0.0
m3,ftsI,94370,17000,0.0
m3,ftsI,94370,17500,0.0
m3,ftsI,94370,18000,0.0
m3,ftsI,94370,18500,0.0
m3,ftsI,94370,19000,0.0
m3,ftsI,94370,19500,0.0
m3,ftsI,94370,20000,0.0
m3,ftsI,94370,20500,0.0
m3,ftsI,94370,21000,0.0
m3,ftsI,94370,21500,0.0
m3,ftsI,94370,22000,0.0
m3,ftsI,94370,22500,0.0
m3,ftsI,94370,23000,0.0
m3,ftsI,94370,23500,0.0
m3,ftsI,94370,24000,0.0
m3,ftsI,94370,24500,0.0
m3,ftsI,94370,25000,0.0
m3,ftsI,94370,25500,0.0
m3,ftsI,94370,26000,0.0
m3,ftsI,94370,26500,0.0
m3,ftsI,94370,27000,0.0
m3,ftsI,94370,27500,0.0
m3,ftsI,94370,28000,0.0
m3,ftsI,94370,28500,0.0
m3,ftsI,94370,29000,0.0
m3,ftsI,94370,29500,0.0
m3,ftsI,94370,30000,0.0
m3,ftsI,94370,30500,0.0
m3,ftsI,94370,31000,0.0
m3,ftsI,94370,31500,0.0
m3,ftsI,94370,32000,0.0
m3,ftsI,94370,32500,0.0
m3,ftsI,94370,33000,0.0
m3,ftsI,94370,33500,0.0
m3,ftsI,94370,34000,0.0
m3,ftsI,94370,34500,0.0
m3,ftsI,94370,35000,0.0
m3,ftsI,94370,35500,0.0
m3,ftsI,94370,36000,0.0
m3,ftsI,94370,36500,0.0
m3,ftsI,94370,37000,0.0
m3,ftsI,94370,37500,0.0
m3,ftsI,94370,38000,0.0
m3,ftsI,94370,38500,0.0
m3,ftsI,94370,39000,0.0
m3,ftsI,94370,39500,0.0
m3,ftsI,94370,40000,0.0
m3,ftsI,94370,40500,0.0
m3,ftsI,94370,41000,0.0
m3,ftsI,94370,41500,0.0
m3,ftsI,94370,42000,0.0
m3,ftsI,94370,42500,0.0
m3,ftsI,94370,43000,0.0
m3,ftsI,94370,43500,0.0
m3,ftsI,94370,44000,0.0
m3,ftsI,94370,44500,0.0
m3,ftsI,94370,45000,0.0
m3,ftsI,94370,45500,0.0
m3,ftsI,94370,46000,0.0
m3,ftsI,94370,46500,0.0
m3,ftsI,94370,47000,0.025
m3,ftsI,94370,47500,0.0
m3,ftsI,94370,48000,0.0
m3,ftsI,94370,48500,0.0
m3,ftsI,94370,49000,0.06
m3,ftsI,94370,49500,0.333
m3,ftsI,94370,50000,0.45
m3,ftsI,94370,50500,0.48
m3,ftsI,94370,51000,0.773
m3,ftsI,94370,51500,0.773
m3,ftsI,94370,52000,0.71
m3,ftsI,94370,52500,0.908
m3,ftsI,94370,53000,0.641
m3,ftsI,94370,53500,0.933
m3,ftsI,94370,54000,0.735
m3,ftsI,94370,54500,0.789
m3,ftsI,94370,55000,1.0
m3,ftsI,94370,55500,1.0
m3,ftsI,94370,56000,0.913
m3,ftsI,94370,56500,1.0
m3,ftsI,94370,57000,0.963
m3,ftsI,94370,57500,1.0
m3,ftsI,94370,58000,0.925
m3,ftsI,94370,58500,0.875
m3,ftsI,94370,59000,0.972
m3,ftsI,94370,59500,0.976
m3,ftsI,94370,60000,0.833
m3,ftsI,94370,60500,0.945
m3,murF,98286,0,0.0
m3,murF,98286,500,0.0
m3,murF,98286,1000,0.0
m3,murF,98286,1500,0.0
m3,murF,98286,2000,0.0
m3,murF,98286,2500,0.0
m3,murF,98286,3000,0.0
m3,murF,98286,3500,0.0
m3,murF,98286,4000,0.0
m3,murF,98286,4500,0.0
m3,murF,98286,5000,0.0
m3,murF,98286,5500,0.0
m3,murF,98286,6000,0.0
m3,murF,98286,6500,0.0
m3,murF,98286,7000,0.0
m3,murF,98286,7500,0.0
m3,murF,98286,8000,0.0
m3,murF,98286,8500,0.0
m3,murF,98286,9000,0.0
m3,murF,98286,9500,0.0
m3,murF,98286,10000,0.0
m3,murF,98286,10500,0.0
m3,murF,98286,11000,0.0
m3,murF,98286,11500,0.0
m3,murF,98286,12000,0.0
m3,murF,98286,12500,0.0
m3,murF,98286,13000,0.0
m3,murF,98286,13500,0.0
m3,murF,98286,14000,0.0
m3,murF,98286,14500,0.0
m3,murF,98286,15000,0.0
m3,murF,98286,15500,0.0
m3,murF,98286,16000,0.0
m3,murF,98286,16500,0.0
m3,murF,98286,17000,0.0
m3,murF,98286,17500,0.0
m3,murF,98286,18000,0.0
m3,murF,98286,18500,0.0
m3,murF,98286,19000,0.0
m3,murF,98286,19500,0.0
m3,murF,98286,20000,0.0
m3,murF,98286,20500,0.0
m3,murF,98286,21000,0.0
m3,murF,98286,21500,0.0
m3,murF,98286,22000,0.0
m3,murF,98286,22500,0.0
m3,murF,98286,23000,0.0
m3,murF,98286,23500,0.0
m3,murF,98286,24000,0.0
m3,murF,98286,24500,0.0
m3,murF,98286,25000,0.0
m3,murF,98286,25500,0.0
m3,murF,98286,26000,0.0
m3,murF,98286,26500,0.0
m3,murF,98286,27000,0.0
m3,murF,98286,27500,0.0
m3,murF,98286,28000,0.0
m3,murF,98286,28500,0.0
m3,murF,98286,29000,0.0
m3,murF,98286,29500,0.0
m3,murF,98286,30000,0.0
m3,murF,98286,30500,0.0
m3,murF,98286,31000,0.0
m3,murF,98286,31500,0.0
m3,murF,98286,32000,0.0
m3,murF,98286,32500,0.0
m3,murF,98286,33000,0.0
m3,murF,98286,33500,0.0
m3,murF,98286,34000,0.0
m3,murF,98286,34500,0.0
m3,murF,98286,35000,0.0
m3,murF,98286,35500,0.0
m3,murF,98286,36000,0.0
m3,murF,98286,36500,0.0
m3,murF,98286,37000,0.0
m3,murF,98286,37500,0.0
m3,murF,98286,38000,0.0
m3,murF,98286,38500,0.0
m3,murF,98286,39000,0.0
m3,murF,98286,39500,0.0
m3,murF,98286,40000,0.0
m3,murF,98286,40500,0.0
m3,murF,98286,41000,0.0
m3,murF,98286,41500,0.0
m3,murF,98286,42000,0.0
m3,murF,98286,42500,0.0
m3,murF,98286,43000,0.0
m3,murF,98286,43500,0.0
m3,murF,98286,44000,0.0
m3,murF,98286,44500,0.0
m3,murF,98286,45000,0.0
m3,murF,98286,45500,0.0
m3,murF,98286,46000,0.0
m3,murF,98286,46500,0.0
m3,murF,98286,47000,0.0
m3,murF,98286,47500,0.0
m3,murF,98286,48000,0.0
m3,murF,98286,48500,0.014
m3,murF,98286,49000,0.321
m3,murF,98286,49500,0.286
m3,murF,98286,50000,0.479
m3,murF,98286,50500,0.815
m3,murF,98286,51000,0.837
m3,murF,98286,51500,0.467
m3,murF,98286,52000,0.685
m3,murF,98286,52500,0.857
m3,murF,98286,53000,0.793
m3,murF,98286,53500,0.808
m3,murF,98286,54000,0.684
m3,murF,98286,54500,0.927
m3,murF,98286,55000,0.918
m3,murF,98286,55500,1.0
m3,murF,98286,56000,0.967
m3,murF,98286,56500,0.97
m3,murF,98286,57000,1.0
m3,murF,98286,57500,1.0
m3,murF,98286,58000,0.921
m3,murF,98286,58500,0.864
m3,murF,98286,59000,0.939
m3,murF,98286,59500,0.975
m3,murF,98286,60000,1.0
m3,murF,98286,60500,0.88
m3,murF,98404,0,0.0
m3,murF,98404,500,0.0
m3,murF,98404,1000,0.0
m3,murF,98404,1500,0.0
m3,murF,98404,2000,0.0
m3,murF,98404,2500,0.0
m3,murF,98404,3000,0.0
m3,murF,98404,3500,0.0
m3,murF,98404,4000,0.0
m3,murF,98404,4500,0.0
m3,murF,98404,5000,0.0
m3,murF,98404,5500,0.0
m3,murF,98404,6000,0.0
m3,murF,98404,6500,0.0
m3,murF,98404,7000,0.0
m3,murF,98404,7500,0.0
m3,murF,98404,8000,0.0
m3,murF,98404,8500,0.0
m3,murF,98404,9000,0.0
m3,murF,98404,9500,0.0
m3,murF,98404,10000,0.0
m3,murF,98404,10500,0.0
m3,murF,98404,11000,0.0
m3,murF,98404,11500,0.0
m3,murF,98404,12000,0.0
m3,murF,98404,12500,0.0
m3,murF,98404,13000,0.0
m3,murF,98404,13500,0.0
m3,murF,98404,14000,0.0
m3,murF,98404,14500,0.0
m3,murF,98404,15000,0.0
m3,murF,98404,15500,0.0
m3,murF,98404,16000,0.0
m3,murF,98404,16500,0.0
m3,murF,98404,17000,0.0
m3,murF,98404,17500,0.0
m3,murF,98404,18000,0.0
m3,murF,98404,18500,0.0
m3,murF,98404,19000,0.0
m3,murF,98404,19500,0.0
m3,murF,98404,20000,0.0
m3,murF,98404,20500,0.0
m3,murF,98404,21000,0.0
m3,murF,98404,21500,0.0
m3,murF,98404,22000,0.0
m3,murF,98404,22500,0.0
m3,murF,98404,23000,0.0
m3,murF,98404,23500,0.0
m3,murF,98404,24000,0.0
m3,murF,98404,24500,0.0
m3,murF,98404,25000,0.0
m3,murF,98404,25500,0.0
m3,murF,98404,26000,0.0
m3,murF,98404,26500,0.0
m3,murF,98404,27000,0.0
m3,murF,98404,27500,0.0
m3,murF,98404,28000,0.0
m3,murF,98404,28500,0.0
m3,murF,98404,29000,0.0
m3,murF,98404,29500,0.0
m3,murF,98404,30000,0.0
m3,murF,98404,30500,0.0
m3,murF,98404,31000,0.0
m3,murF,98404,31500,0.0
m3,murF,98404,32000,0.0
m3,murF,98404,32500,0.0
m3,murF,98404,33000,0.0
m3,murF,98404,33500,0.0
m3,murF,98404,34000,0.0
m3,murF,98404,34500,0.0
m3,murF,98404,35000,0.0
m3,murF,98404,35500,0.0
m3,murF,98404,36000,0.0
m3,murF,98404,36500,0.0
m3,murF,98404,37000,0.0
m3,murF,98404,37500,0.0
m3,murF,98404,38000,0.0
m3,murF,98404,38500,0.0
m3,murF,98404,39000,0.0
m3,murF,98404,39500,0.0
m3,murF,98404,40000,0.0
m3,murF,98404,40500,0.0
m3,murF,98404,41000,0.0
m3,murF,98404,41500,0.0
m3,murF,98404,42000,0.0
m3,murF,98404,42500,0.0
m3,murF,98404,43000,0.0
m3,murF,98404,43500,0.0
m3,murF,98404,44000,0.0
m3,murF,98404,44500,0.0
m3,murF,98404,45000,0.067
m3,murF,98404,45500,0.471
m3,murF,98404,46000,0.6
m3,murF,98404,46500,0.5
m3,murF,98404,47000,0.257
m3,murF,98404,47500,0.385
m3,murF,98404,48000,0.448
m3,murF,98404,48500,0.643
m3,murF,98404,49000,0.662
m3,murF,98404,49500,0.55
m3,murF,98404,50000,0.5
m3,murF,98404,50500,0.967
m3,murF,98404,51000,0.938
m3,murF,98404,51500,1.0
m3,murF,98404,52000,0.971
m3,murF,98404,52500,0.97
m3,murF,98404,53000,1.0
m3,murF,98404,53500,1.0
m3,murF,98404,54000,0.922
m3,murF,98404,54500,1.0
m3,murF,98404,55000,1.0
m3,murF,98404,55500,1.0
m3,murF,98404,56000,1.0
m3,murF,98404,56500,1.0
m3,murF,98404,57000,1.0
m3,murF,98404,57500,1.0
m3,murF,98404,58000,0.968
m3,murF,98404,58500,0.966
m3,murF,98404,59000,0.97
m3,murF,98404,59500,1.0
m3,murF,98404,60000,0.939
m3,murF,98404,60500,0.918
m3,ddl,105581,0,0.0
m3,ddl,105581,500,0.0
m3,ddl,105581,1000,0.0
m3,ddl,105581,1500,0.0
m3,ddl,105581,2000,0.0
m3,ddl,105581,2500,0.0
m3,ddl,105581,3000,0.0
m3,ddl,105581,3500,0.0
m3,ddl,105581,4000,0.0
m3,ddl,105581,4500,0.0
m3,ddl,105581,5000,0.0
m3,ddl,105581,5500,0.0
m3,ddl,105581,6000,0.0
m3,ddl,105581,6500,0.0
m3,ddl,105581,7000,0.0
m3,ddl,105581,7500,0.0
m3,ddl,105581,8000,0.0
m3,ddl,105581,8500,0.0
m3,ddl,105581,9000,0.0
m3,ddl,105581,9500,0.0
m3,ddl,105581,10000,0.0
m3,ddl,105581,10500,0.0
m3,ddl,105581,11000,0.0
m3,ddl,105581,11500,0.0
m3,ddl,105581,12000,0.0
m3,ddl,105581,12500,0.0
m3,ddl,105581,13000,0.0
m3,ddl,105581,13500,0.0
m3,ddl,105581,14000,0.0
m3,ddl,105581,14500,0.0
m3,ddl,105581,15000,0.0
m3,ddl,105581,15500,0.0
m3,ddl,105581,16000,0.0
m3,ddl,105581,16500,0.0
m3,ddl,105581,17000,0.0
m3,ddl,105581,17500,0.0
m3,ddl,105581,18000,0.0
m3,ddl,105581,18500,0.0
m3,ddl,105581,19000,0.0
m3,ddl,105581,19500,0.0
m3,ddl,105581,20000,0.0
m3,ddl,105581,20500,0.0
m3,ddl,105581,21000,0.0
m3,ddl,105581,21500,0.0
m3,ddl,105581,22000,0.0
m3,ddl,105581,22500,0.0
m3,ddl,105581,23000,0.0
m3,ddl,105581,23500,0.0
m3,ddl,105581,24000,0.0
m3,ddl,105581,24500,0.0
m3,ddl,105581,25000,0.0
m3,ddl,105581,25500,0.0
m3,ddl,105581,26000,0.0
m3,ddl,105581,26500,0.0
m3,ddl,105581,27000,0.0
m3,ddl,105581,27500,0.0
m3,ddl,105581,28000,0.0
m3,ddl,105581,28500,0.0
m3,ddl,105581,29000,0.0
m3,ddl,105581,29500,0.0
m3,ddl,105581,30000,0.0
m3,ddl,105581,30500,0.0
m3,ddl,105581,31000,0.0
m3,ddl,105581,31500,0.0
m3,ddl,105581,32000,0.0
m3,ddl,105581,32500,0.0
m3,ddl,105581,33000,0.0
m3,ddl,105581,33500,0.0
m3,ddl,105581,34000,0.0
m3,ddl,105581,34500,0.0
m3,ddl,105581,35000,0.667
m3,ddl,105581,35500,0.76
m3,ddl,105581,36000,0.774
m3,ddl,105581,36500,0.929
m3,ddl,105581,37000,0.9
m3,ddl,105581,37500,0.847
m3,ddl,105581,38000,0.614
m3,ddl,105581,38500,0.696
m3,ddl,105581,39000,0.833
m3,ddl,105581,39500,0.808
m3,ddl,105581,40000,0.804
m3,ddl,105581,40500,0.977
m3,ddl,105581,41000,0.857
m3,ddl,105581,41500,0.887
m3,ddl,105581,42000,0.857
m3,ddl,105581,42500,0.946
m3,ddl,105581,43000,1.0
m3,ddl,105581,43500,0.733
m3,ddl,105581,44000,1.0
m3,ddl,105581,44500,1.0
m3,ddl,105581,45000,1.0
m3,ddl,105581,45500,1.0
m3,ddl,105581,46000,1.0
m3,ddl,105581,46500,1.0
m3,ddl,105581,47000,1.0
m3,ddl,105581,47500,0.989
m3,ddl,105581,48000,1.0
m3,ddl,105581,48500,1.0
m3,ddl,105581,49000,1.0
m3,ddl,105581,49500,1.0
m3,ddl,105581,50000,1.0
m3,ddl,105581,50500,1.0
m3,ddl,105581,51000,1.0
m3,ddl,105581,51500,1.0
m3,ddl,105581,52000,1.0
m3,ddl,105581,52500,1.0
m3,ddl,105581,53000,1.0
m3,ddl,105581,53500,1.0
m3,ddl,105581,54000,1.0
m3,ddl,105581,54500,1.0
m3,ddl,105581,55000,1.0
m3,ddl,105581,55500,1.0
m3,ddl,105581,56000,0.982
m3,ddl,105581,56500,1.0
m3,ddl,105581,57000,1.0
m3,ddl,105581,57500,1.0
m3,ddl,105581,58000,0.992
m3,ddl,105581,58500,1.0
m3,ddl,105581,59000,1.0
m3,ddl,105581,59500,1.0
m3,ddl,105581,60000,1.0
m3,ddl,105581,60500,1.0
m3,hofC,117474,0,0.0
m3,hofC,117474,500,0.0
m3,hofC,117474,1000,0.0
m3,hofC,117474,1500,0.0
m3,hofC,117474,2000,0.0
m3,hofC,117474,2500,0.0
m3,hofC,117474,3000,0.0
m3,hofC,117474,3500,0.0
m3,hofC,117474,4000,0.018
m3,hofC,117474,4500,0.0
m3,hofC,117474,5000,0.0
m3,hofC,117474,5500,0.0
m3,hofC,117474,6000,0.0
m3,hofC,117474,6500,0.0
m3,hofC,117474,7000,0.0
m3,hofC,117474,7500,0.0
m3,hofC,117474,8000,0.0
m3,hofC,117474,8500,0.0
m3,hofC,117474,9000,0.0
m3,hofC,117474,9500,0.0
m3,hofC,117474,10000,0.0
m3,hofC,117474,10500,0.0
m3,hofC,117474,11000,0.0
m3,hofC,117474,11500,0.02
m3,hofC,117474,12000,0.0
m3,hofC,117474,12500,0.0
m3,hofC,117474,13000,0.0
m3,hofC,117474,13500,0.0
m3,hofC,117474,14000,0.0
m3,hofC,117474,14500,0.0
m3,hofC,117474,15000,0.0
m3,hofC,117474,15500,0.0
m3,hofC,117474,16000,0.0
m3,hofC,117474,16500,0.0
m3,hofC,117474,17000,0.0
m3,hofC,117474,17500,0.0
m3,hofC,117474,18000,0.0
m3,hofC,117474,18500,0.0
m3,hofC,117474,19000,0.0
m3,hofC,117474,19500,0.0
m3,hofC,117474,20000,0.0
m3,hofC,117474,20500,0.0
m3,hofC,117474,21000,0.0
m3,hofC,117474,21500,0.0
m3,hofC,117474,22000,0.0
m3,hofC,117474,22500,0.0
m3,hofC,117474,23000,0.0
m3,hofC,117474,23500,0.0
m3,hofC,117474,24000,0.0
m3,hofC,117474,24500,0.0
m3,hofC,117474,25000,0.0
m3,hofC,117474,25500,0.0
m3,hofC,117474,26000,0.0
m3,hofC,117474,26500,0.0
m3,hofC,117474,27000,0.0
m3,hofC,117474,27500,0.0
m3,hofC,117474,28000,0.0
m3,hofC,117474,28500,0.0
m3,hofC,117474,29000,0.0
m3,hofC,117474,29500,0.0
m3,hofC,117474,30000,0.0
m3,hofC,117474,30500,0.0
m3,hofC,117474,31000,0.0
m3,hofC,117474,31500,0.0
m3,hofC,117474,32000,0.0
m3,hofC,117474,32500,0.0
m3,hofC,117474,33000,0.0
m3,hofC,117474,33500,0.0
m3,hofC,117474,34000,0.0
m3,hofC,117474,34500,0.0
m3,hofC,117474,35000,0.0
m3,hofC,117474,35500,0.0
m3,hofC,117474,36000,0.0
m3,hofC,117474,36500,0.0
m3,hofC,117474,37000,0.0
m3,hofC,117474,37500,0.0
m3,hofC,117474,38000,0.0
m3,hofC,117474,38500,0.0
m3,hofC,117474,39000,0.0
m3,hofC,117474,39500,0.0
m3,hofC,117474,40000,0.0
m3,hofC,117474,40500,0.0
m3,hofC,117474,41000,0.0
m3,hofC,117474,41500,0.0
m3,hofC,117474,42000,0.0
m3,hofC,117474,42500,0.0
m3,hofC,117474,43000,0.0
m3,hofC,117474,43500,0.0
m3,hofC,117474,44000,0.0
m3,hofC,117474,44500,0.0
m3,hofC,117474,45000,0.0
m3,hofC,117474,45500,0.0
m3,hofC,117474,46000,0.0
m3,hofC,117474,46500,0.0
m3,hofC,117474,47000,0.0
m3,hofC,117474,47500,0.0
m3,hofC,117474,48000,0.0
m3,hofC,117474,48500,0.0
m3,hofC,117474,49000,0.0
m3,hofC,117474,49500,0.0
m3,hofC,117474,50000,0.0
m3,hofC,117474,50500,0.0
m3,hofC,117474,51000,0.289
m3,hofC,117474,51500,0.174
m3,hofC,117474,52000,0.453
m3,hofC,117474,52500,0.595
m3,hofC,117474,53000,0.768
m3,hofC,117474,53500,0.676
m3,hofC,117474,54000,0.667
m3,hofC,117474,54500,0.881
m3,hofC,117474,55000,0.789
m3,hofC,117474,55500,0.947
m3,hofC,117474,56000,0.943
m3,hofC,117474,56500,1.0
m3,hofC,117474,57000,0.939
m3,hofC,117474,57500,1.0
m3,hofC,117474,58000,0.982
m3,hofC,117474,58500,0.956
m3,hofC,117474,59000,0.942
m3,hofC,117474,59500,0.987
m3,hofC,117474,60000,0.927
m3,hofC,117474,60500,0.929
p1,yfcTU,2397528,0,0.0
p1,yfcTU,2397528,1000,0.0
p1,yfcTU,2397528,1500,0.0
p1,yfcTU,2397528,2000,0.015
p1,yfcTU,2397528,2500,0.01
p1,yfcTU,2397528,3000,0.01
p1,yfcTU,2397528,4000,0.168
p1,yfcTU,2397528,4500,0.309
p1,yfcTU,2397528,5000,0.709
p1,yfcTU,2397528,5500,0.889
p1,yfcTU,2397528,6000,0.852
p1,yfcTU,2397528,6500,1.001
p1,yfcTU,2397528,7500,0.98
p1,yfcTU,2397528,8000,1.0
p1,yfcTU,2397528,8500,1.0
p1,yfcTU,2397528,9000,0.87
p1,yfcTU,2397528,9500,0.895
p1,yfcTU,2397528,10000,0.983
p1,yfcTU,2397528,10500,0.891
p1,yfcTU,2397528,11000,0.986
p1,yfcTU,2397528,11500,1.0
p1,yfcTU,2397528,12000,1.0
p1,yfcTU,2397528,12500,1.0
p1,yfcTU,2397528,13000,1.0
p1,yfcTU,2397528,13500,1.0
p1,yfcTU,2397528,14000,1.0
p1,yfcTU,2397528,14500,0.992
p1,yfcTU,2397528,15000,1.0
p1,yfcTU,2397528,15500,1.0
p1,yfcTU,2397528,16000,1.0
p1,yfcTU,2397528,16500,1.0
p1,yfcTU,2397528,17000,1.0
p1,yfcTU,2397528,17500,1.0
p1,yfcTU,2397528,18000,1.0
p1,yfcTU,2397528,18500,1.0
p1,yfcTU,2397528,19000,1.0
p1,yfcTU,2397528,19500,1.0
p1,yfcTU,2397528,20000,1.0
p1,yfcTU,2397528,20500,1.0
p1,yfcTU,2397528,21000,1.0
p1,yfcTU,2397528,21500,1.0
p1,yfcTU,2397528,22000,1.0
p1,yfcTU,2397528,22500,1.0
p1,yfcTU,2397528,23000,1.0
p1,yfcTU,2397528,23500,1.0
p1,yfcTU,2397528,24000,1.0
p1,yfcTU,2397528,24500,1.0
p1,yfcTU,2397528,25000,1.0
p1,yfcTU,2397528,25500,1.0
p1,yfcTU,2397528,26000,1.0
p1,yfcTU,2397528,26500,1.0
p1,yfcTU,2397528,27000,1.0
p1,yfcTU,2397528,27500,1.0
p1,yfcTU,2397528,28000,1.0
p1,yfcTU,2397528,28500,1.0
p1,yfcTU,2397528,29000,1.0
p1,yfcTU,2397528,29500,1.0
p1,yfcTU,2397528,30000,1.0
p1,yfcTU,2397528,30500,1.0
p1,yfcTU,2397528,31000,1.0
p1,yfcTU,2397528,31500,1.0
p1,yfcTU,2397528,32000,1.0
p1,yfcTU,2397528,32500,1.0
p1,yfcTU,2397528,33000,1.0
p1,yfcTU,2397528,33500,1.0
p1,yfcTU,2397528,34000,1.0
p1,yfcTU,2397528,34500,1.0
p1,yfcTU,2397528,35000,1.0
p1,yfcTU,2397528,35500,1.0
p1,yfcTU,2397528,36000,1.0
p1,yfcTU,2397528,36500,1.0
p1,yfcTU,2397528,37000,1.0
p1,yfcTU,2397528,37500,1.0
p1,yfcTU,2397528,38000,1.0
p1,yfcTU,2397528,38500,1.0
p1,yfcTU,2397528,39000,0.989
p1,yfcTU,2397528,39500,1.0
p1,yfcTU,2397528,40000,1.0
p1,yfcTU,2397528,41000,1.0
p1,yfcTU,2397528,41500,1.0
p1,yfcTU,2397528,42000,1.0
p1,yfcTU,2397528,42500,1.0
p1,yfcTU,2397528,43000,1.0
p1,yfcTU,2397528,43500,1.0
p1,yfcTU,2397528,44000,1.0
p1,yfcTU,2397528,44500,1.0
p1,yfcTU,2397528,45000,1.0
p1,yfcTU,2397528,45500,1.0
p1,yfcTU,2397528,46000,1.0
p1,yfcTU,2397528,46500,1.0
p1,yfcTU,2397528,47000,0.988
p1,yfcTU,2397528,47500,1.0
p1,yfcTU,2397528,48000,1.0
p1,yfcTU,2397528,48500,1.0
p1,yfcTU,2397528,49000,1.0
p1,yfcTU,2397528,49500,1.0
p1,yfcTU,2397528,50000,1.0
p1,yfcTU,2397528,50500,1.0
p1,yfcTU,2397528,51000,1.0
p1,yfcTU,2397528,51500,1.0
p1,yfcTU,2397528,52000,1.0
p1,yfcTU,2397528,52500,1.0
p1,yfcTU,2397528,53000,1.0
p1,yfcTU,2397528,53500,1.0
p1,yfcTU,2397528,54000,1.0
p1,yfcTU,2397528,54500,1.0
p1,yfcTU,2397528,55000,1.0
p1,yfcTU,2397528,55500,1.0
p1,yfcTU,2397528,56000,1.0
p1,yfcTU,2397528,56500,1.0
p1,yfcTU,2397528,57000,1.0
p1,yfcTU,2397528,57500,1.0
p1,yfcTU,2397528,58000,1.0
p1,yfcTU,2397528,58500,1.0
p1,yfcTU,2397528,59000,1.0
p1,yfcTU,2397528,59500,1.0
p1,yfcTU,2397528,60000,1.0
p1,hokB,1462266,0,0.009
p1,hokB,1462266,1000,0.036
p1,hokB,1462266,1500,0.826
p1,hokB,1462266,2000,0.978
p1,hokB,1462266,2500,1.0
p1,hokB,1462266,3000,1.0
p1,hokB,1462266,4000,1.0
p1,hokB,1462266,4500,1.0
p1,hokB,1462266,5000,1.0
p1,hokB,1462266,5500,1.0
p1,hokB,1462266,6000,1.0
p1,hokB,1462266,6500,1.0
p1,hokB,1462266,7500,1.0
p1,hokB,1462266,8000,1.0
p1,hokB,1462266,8500,1.0
p1,hokB,1462266,9000,1.0
p1,hokB,1462266,9500,0.873
p1,hokB,1462266,10000,0.963
p1,hokB,1462266,10500,0.913
p1,hokB,1462266,11000,0.992
p1,hokB,1462266,11500,1.0
p1,hokB,1462266,12000,1.0
p1,hokB,1462266,12500,1.0
p1,hokB,1462266,13000,1.0
p1,hokB,1462266,13500,1.0
p1,hokB,1462266,14000,1.0
p1,hokB,1462266,14500,1.0
p1,hokB,1462266,15000,1.0
p1,hokB,1462266,15500,0.96
p1,hokB,1462266,16000,0.966
p1,hokB,1462266,16500,0.992
p1,hokB,1462266,17000,0.98
p1,hokB,1462266,17500,1.0
p1,hokB,1462266,18000,1.0
p1,hokB,1462266,18500,1.0
p1,hokB,1462266,19000,1.0
p1,hokB,1462266,19500,0.992
p1,hokB,1462266,20000,1.0
p1,hokB,1462266,20500,1.0
p1,hokB,1462266,21000,1.0
p1,hokB,1462266,21500,1.0
p1,hokB,1462266,22000,1.0
p1,hokB,1462266,22500,1.0
p1,hokB,1462266,23000,1.0
p1,hokB,1462266,23500,1.0
p1,hokB,1462266,24000,1.0
p1,hokB,1462266,24500,1.0
p1,hokB,1462266,25000,1.0
p1,hokB,1462266,25500,1.0
p1,hokB,1462266,26000,1.0
p1,hokB,1462266,26500,1.0
p1,hokB,1462266,27000,1.0
p1,hokB,1462266,27500,0.987
p1,hokB,1462266,28000,1.0
p1,hokB,1462266,28500,0.987
p1,hokB,1462266,29000,0.966
p1,hokB,1462266,29500,0.979
p1,hokB,1462266,30000,0.992
p1,hokB,1462266,30500,0.936
p1,hokB,1462266,31000,0.931
p1,hokB,1462266,31500,0.863
p1,hokB,1462266,32000,0.867
p1,hokB,1462266,32500,0.933
p1,hokB,1462266,33000,0.974
p1,hokB,1462266,33500,0.986
p1,hokB,1462266,34000,0.785
p1,hokB,1462266,34500,0.93
p1,hokB,1462266,35000,0.964
p1,hokB,1462266,35500,0.958
p1,hokB,1462266,36000,0.951
p1,hokB,1462266,36500,0.983
p1,hokB,1462266,37000,0.848
p1,hokB,1462266,37500,0.913
p1,hokB,1462266,38000,0.915
p1,hokB,1462266,38500,0.955
p1,hokB,1462266,39000,1.0
p1,hokB,1462266,39500,1.0
p1,hokB,1462266,40000,1.0
p1,hokB,1462266,41000,1.0
p1,hokB,1462266,41500,1.0
p1,hokB,1462266,42000,1.0
p1,hokB,1462266,42500,1.0
p1,hokB,1462266,43000,1.0
p1,hokB,1462266,43500,1.0
p1,hokB,1462266,44000,1.0
p1,hokB,1462266,44500,1.0
p1,hokB,1462266,45000,1.0
p1,hokB,1462266,45500,1.0
p1,hokB,1462266,46000,1.0
p1,hokB,1462266,46500,1.0
p1,hokB,1462266,47000,1.0
p1,hokB,1462266,47500,1.0
p1,hokB,1462266,48000,1.0
p1,hokB,1462266,48500,1.0
p1,hokB,1462266,49000,1.0
p1,hokB,1462266,49500,1.0
p1,hokB,1462266,50000,1.0
p1,hokB,1462266,50500,1.0
p1,hokB,1462266,51000,1.0
p1,hokB,1462266,51500,1.0
p1,hokB,1462266,52000,1.0
p1,hokB,1462266,52500,1.0
p1,hokB,1462266,53000,1.0
p1,hokB,1462266,53500,1.0
p1,hokB,1462266,54000,1.0
p1,hokB,1462266,54500,1.0
p1,hokB,1462266,55000,1.0
p1,hokB,1462266,55500,1.0
p1,hokB,1462266,56000,1.0
p1,hokB,1462266,56500,1.0
p1,hokB,1462266,57000,1.0
p1,hokB,1462266,57500,1.0
p1,hokB,1462266,58000,1.0
p1,hokB,1462266,58500,1.0
p1,hokB,1462266,59000,1.0
p1,hokB,1462266,59500,1.0
p1,hokB,1462266,60000,1.0
p1,ybbN,490481,0,0.0
p1,ybbN,490481,1000,0.0
p1,ybbN,490481,1500,0.0
p1,ybbN,490481,2000,0.0
p1,ybbN,490481,2500,0.0
p1,ybbN,490481,3000,0.0
p1,ybbN,490481,4000,0.0
p1,ybbN,490481,4500,0.0
p1,ybbN,490481,5000,0.0
p1,ybbN,490481,5500,0.0
p1,ybbN,490481,6000,0.0
p1,ybbN,490481,6500,0.0
p1,ybbN,490481,7500,0.636
p1,ybbN,490481,8000,0.5
p1,ybbN,490481,8500,0.697
p1,ybbN,490481,9000,1.0
p1,ybbN,490481,9500,0.889
p1,ybbN,490481,10000,0.93
p1,ybbN,490481,10500,0.915
p1,ybbN,490481,11000,0.944
p1,ybbN,490481,11500,0.931
p1,ybbN,490481,12000,1.0
p1,ybbN,490481,12500,1.0
p1,ybbN,490481,13000,1.0
p1,ybbN,490481,13500,1.0
p1,ybbN,490481,14000,1.0
p1,ybbN,490481,14500,1.0
p1,ybbN,490481,15000,1.0
p1,ybbN,490481,15500,1.0
p1,ybbN,490481,16000,1.0
p1,ybbN,490481,16500,1.0
p1,ybbN,490481,17000,1.0
p1,ybbN,490481,17500,1.0
p1,ybbN,490481,18000,1.0
p1,ybbN,490481,18500,1.0
p1,ybbN,490481,19000,1.0
p1,ybbN,490481,19500,1.0
p1,ybbN,490481,20000,1.0
p1,ybbN,490481,20500,1.0
p1,ybbN,490481,21000,1.0
p1,ybbN,490481,21500,1.0
p1,ybbN,490481,22000,1.0
p1,ybbN,490481,22500,1.0
p1,ybbN,490481,23000,1.0
p1,ybbN,490481,23500,1.0
p1,ybbN,490481,24000,1.0
p1,ybbN,490481,24500,1.0
p1,ybbN,490481,25000,1.0
p1,ybbN,490481,25500,1.0
p1,ybbN,490481,26000,1.0
p1,ybbN,490481,26500,1.0
p1,ybbN,490481,27000,1.0
p1,ybbN,490481,27500,1.0
p1,ybbN,490481,28000,1.0
p1,ybbN,490481,28500,1.0
p1,ybbN,490481,29000,1.0
p1,ybbN,490481,29500,1.0
p1,ybbN,490481,30000,1.0
p1,ybbN,490481,30500,1.0
p1,ybbN,490481,31000,1.0
p1,ybbN,490481,31500,1.0
p1,ybbN,490481,32000,1.0
p1,ybbN,490481,32500,1.0
p1,ybbN,490481,33000,1.0
p1,ybbN,490481,33500,1.0
p1,ybbN,490481,34000,0.983
p1,ybbN,490481,34500,1.0
p1,ybbN,490481,35000,0.989
p1,ybbN,490481,35500,1.0
p1,ybbN,490481,36000,1.0
p1,ybbN,490481,36500,1.0
p1,ybbN,490481,37000,1.0
p1,ybbN,490481,37500,1.0
p1,ybbN,490481,38000,1.0
p1,ybbN,490481,38500,1.0
p1,ybbN,490481,39000,1.0
p1,ybbN,490481,39500,1.0
p1,ybbN,490481,40000,1.0
p1,ybbN,490481,41000,1.0
p1,ybbN,490481,41500,1.0
p1,ybbN,490481,42000,1.0
p1,ybbN,490481,42500,1.0
p1,ybbN,490481,43000,1.0
p1,ybbN,490481,43500,1.0
p1,ybbN,490481,44000,1.0
p1,ybbN,490481,44500,1.0
p1,ybbN,490481,45000,1.0
p1,ybbN,490481,45500,1.0
p1,ybbN,490481,46000,1.0
p1,ybbN,490481,46500,1.0
p1,ybbN,490481,47000,0.978
p1,ybbN,490481,47500,1.0
p1,ybbN,490481,48000,1.0
p1,ybbN,490481,48500,1.0
p1,ybbN,490481,49000,1.0
p1,ybbN,490481,49500,1.0
p1,ybbN,490481,50000,1.0
p1,ybbN,490481,50500,1.0
p1,ybbN,490481,51000,1.0
p1,ybbN,490481,51500,1.0
p1,ybbN,490481,52000,1.0
p1,ybbN,490481,52500,1.0
p1,ybbN,490481,53000,1.0
p1,ybbN,490481,53500,1.0
p1,ybbN,490481,54000,1.0
p1,ybbN,490481,54500,1.0
p1,ybbN,490481,55000,1.0
p1,ybbN,490481,55500,1.0
p1,ybbN,490481,56000,1.0
p1,ybbN,490481,56500,1.0
p1,ybbN,490481,57000,0.992
p1,ybbN,490481,57500,1.0
p1,ybbN,490481,58000,1.0
p1,ybbN,490481,58500,1.0
p1,ybbN,490481,59000,1.0
p1,ybbN,490481,59500,1.0
p1,ybbN,490481,60000,1.0
p1,mokC,16972,0,0.006
p1,mokC,16972,1000,0.015
p1,mokC,16972,1500,0.021
p1,mokC,16972,2000,0.079
p1,mokC,16972,2500,0.037
p1,mokC,16972,3000,0.079
p1,mokC,16972,4000,0.082
p1,mokC,16972,4500,0.148
p1,mokC,16972,5000,0.05
p1,mokC,16972,5500,0.102
p1,mokC,16972,6000,0.0
p1,mokC,16972,6500,0.612
p1,mokC,16972,7500,0.886
p1,mokC,16972,8000,0.938
p1,mokC,16972,8500,1.0
p1,mokC,16972,9000,1.0
p1,mokC,16972,9500,0.936
p1,mokC,16972,10000,0.969
p1,mokC,16972,10500,0.921
p1,mokC,16972,11000,0.985
p1,mokC,16972,11500,0.97
p1,mokC,16972,12000,0.959
p1,mokC,16972,12500,0.977
p1,mokC,16972,13000,0.977
p1,mokC,16972,13500,0.991
p1,mokC,16972,14000,0.964
p1,mokC,16972,14500,0.991
p1,mokC,16972,15000,0.979
p1,mokC,16972,15500,0.991
p1,mokC,16972,16000,1.0
p1,mokC,16972,16500,0.993
p1,mokC,16972,17000,0.996
p1,mokC,16972,17500,0.986
p1,mokC,16972,18000,0.985
p1,mokC,16972,18500,0.993
p1,mokC,16972,19000,0.969
p1,mokC,16972,19500,0.988
p1,mokC,16972,20000,1.0
p1,mokC,16972,20500,1.0
p1,mokC,16972,21000,1.0
p1,mokC,16972,21500,1.0
p1,mokC,16972,22000,1.0
p1,mokC,16972,22500,1.0
p1,mokC,16972,23000,1.0
p1,mokC,16972,23500,1.0
p1,mokC,16972,24000,1.0
p1,mokC,16972,24500,1.0
p1,mokC,16972,25000,1.0
p1,mokC,16972,25500,1.0
p1,mokC,16972,26000,1.0
p1,mokC,16972,26500,1.0
p1,mokC,16972,27000,1.0
p1,mokC,16972,27500,1.0
p1,mokC,16972,28000,0.987
p1,mokC,16972,28500,1.0
p1,mokC,16972,29000,1.0
p1,mokC,16972,29500,1.0
p1,mokC,16972,30000,1.0
p1,mokC,16972,30500,1.0
p1,mokC,16972,31000,1.0
p1,mokC,16972,31500,1.0
p1,mokC,16972,32000,1.0
p1,mokC,16972,32500,1.0
p1,mokC,16972,33000,1.0
p1,mokC,16972,33500,1.0
p1,mokC,16972,34000,0.99
p1,mokC,16972,34500,0.992
p1,mokC,16972,35000,1.0
p1,mokC,16972,35500,1.0
p1,mokC,16972,36000,1.0
p1,mokC,16972,36500,1.0
p1,mokC,16972,37000,1.0
p1,mokC,16972,37500,1.0
p1,mokC,16972,38000,1.0
p1,mokC,16972,38500,1.0
p1,mokC,16972,39000,1.0
p1,mokC,16972,39500,1.0
p1,mokC,16972,40000,1.0
p1,mokC,16972,41000,1.0
p1,mokC,16972,41500,1.0
p1,mokC,16972,42000,1.0
p1,mokC,16972,42500,1.0
p1,mokC,16972,43000,1.0
p1,mokC,16972,43500,1.0
p1,mokC,16972,44000,1.0
p1,mokC,16972,44500,0.994
p1,mokC,16972,45000,0.994
p1,mokC,16972,45500,1.0
p1,mokC,16972,46000,1.0
p1,mokC,16972,46500,1.0
p1,mokC,16972,47000,0.953
p1,mokC,16972,47500,1.0
p1,mokC,16972,48000,1.0
p1,mokC,16972,48500,1.0
p1,mokC,16972,49000,1.0
p1,mokC,16972,49500,1.0
p1,mokC,16972,50000,1.0
p1,mokC,16972,50500,1.0
p1,mokC,16972,51000,1.0
p1,mokC,16972,51500,1.0
p1,mokC,16972,52000,1.0
p1,mokC,16972,52500,1.0
p1,mokC,16972,53000,1.0
p1,mokC,16972,53500,1.0
p1,mokC,16972,54000,1.0
p1,mokC,16972,54500,1.0
p1,mokC,16972,55000,0.992
p1,mokC,16972,55500,1.0
p1,mokC,16972,56000,1.0
p1,mokC,16972,56500,1.0
p1,mokC,16972,57000,1.0
p1,mokC,16972,57500,1.0
p1,mokC,16972,58000,1.0
p1,mokC,16972,58500,1.0
p1,mokC,16972,59000,1.0
p1,mokC,16972,59500,1.0
p1,mokC,16972,60000,1.0
p1,phoH,1102032,0,0.0
p1,phoH,1102032,1000,0.0
p1,phoH,1102032,1500,0.0
p1,phoH,1102032,2000,0.0
p1,phoH,1102032,2500,0.0
p1,phoH,1102032,3000,0.012
p1,phoH,1102032,4000,0.258
p1,phoH,1102032,4500,0.135
p1,phoH,1102032,5000,0.714
p1,phoH,1102032,5500,0.926
p1,phoH,1102032,6000,1.0
p1,phoH,1102032,6500,0.883
p1,phoH,1102032,7500,1.0
p1,phoH,1102032,8000,1.0
p1,phoH,1102032,8500,1.0
p1,phoH,1102032,9000,1.0
p1,phoH,1102032,9500,0.887
p1,phoH,1102032,10000,0.964
p1,phoH,1102032,10500,0.868
p1,phoH,1102032,11000,1.0
p1,phoH,1102032,11500,1.0
p1,phoH,1102032,12000,1.0
p1,phoH,1102032,12500,1.0
p1,phoH,1102032,13000,1.0
p1,phoH,1102032,13500,0.995
p1,phoH,1102032,14000,1.0
p1,phoH,1102032,14500,1.0
p1,phoH,1102032,15000,1.0
p1,phoH,1102032,15500,1.0
p1,phoH,1102032,16000,1.0
p1,phoH,1102032,16500,1.0
p1,phoH,1102032,17000,0.986
p1,phoH,1102032,17500,1.0
p1,phoH,1102032,18000,1.0
p1,phoH,1102032,18500,1.0
p1,phoH,1102032,19000,1.0
p1,phoH,1102032,19500,1.0
p1,phoH,1102032,20000,1.0
p1,phoH,1102032,20500,1.0
p1,phoH,1102032,21000,1.0
p1,phoH,1102032,21500,1.0
p1,phoH,1102032,22000,1.0
p1,phoH,1102032,22500,1.0
p1,phoH,1102032,23000,1.0
p1,phoH,1102032,23500,0.989
p1,phoH,1102032,24000,1.0
p1,phoH,1102032,24500,1.0
p1,phoH,1102032,25000,1.0
p1,phoH,1102032,25500,0.995
p1,phoH,1102032,26000,1.0
p1,phoH,1102032,26500,1.0
p1,phoH,1102032,27000,0.992
p1,phoH,1102032,27500,1.0
p1,phoH,1102032,28000,1.0
p1,phoH,1102032,28500,1.0
p1,phoH,1102032,29000,1.0
p1,phoH,1102032,29500,1.0
p1,phoH,1102032,30000,1.0
p1,phoH,1102032,30500,1.0
p1,phoH,1102032,31000,1.0
p1,phoH,1102032,31500,1.0
p1,phoH,1102032,32000,1.0
p1,phoH,1102032,32500,1.0
p1,phoH,1102032,33000,1.0
p1,phoH,1102032,33500,1.0
p1,phoH,1102032,34000,1.0
p1,phoH,1102032,34500,1.0
p1,phoH,1102032,35000,1.0
p1,phoH,1102032,35500,1.0
p1,phoH,1102032,36000,1.0
p1,phoH,1102032,36500,1.0
p1,phoH,1102032,37000,1.0
p1,phoH,1102032,37500,0.992
p1,phoH,1102032,38000,0.996
p1,phoH,1102032,38500,1.0
p1,phoH,1102032,39000,0.994
p1,phoH,1102032,39500,1.0
p1,phoH,1102032,40000,1.0
p1,phoH,1102032,41000,1.0
p1,phoH,1102032,41500,1.0
p1,phoH,1102032,42000,1.0
p1,phoH,1102032,42500,1.0
p1,phoH,1102032,43000,1.0
p1,phoH,1102032,43500,1.0
p1,phoH,1102032,44000,1.0
p1,phoH,1102032,44500,0.991
p1,phoH,1102032,45000,0.99
p1,phoH,1102032,45500,1.0
p1,phoH,1102032,46000,1.0
p1,phoH,1102032,46500,1.0
p1,phoH,1102032,47000,0.989
p1,phoH,1102032,47500,1.0
p1,phoH,1102032,48000,1.0
p1,phoH,1102032,48500,0.996
p1,phoH,1102032,49000,1.0
p1,phoH,1102032,49500,1.0
p1,phoH,1102032,50000,1.0
p1,phoH,1102032,50500,1.0
p1,phoH,1102032,51000,1.0
p1,phoH,1102032,51500,1.0
p1,phoH,1102032,52000,1.0
p1,phoH,1102032,52500,1.0
p1,phoH,1102032,53000,0.972
p1,phoH,1102032,53500,1.0
p1,phoH,1102032,54000,1.0
p1,phoH,1102032,54500,1.0
p1,phoH,1102032,55000,1.0
p1,phoH,1102032,55500,1.0
p1,phoH,1102032,56000,1.0
p1,phoH,1102032,56500,1.0
p1,phoH,1102032,57000,1.0
p1,phoH,1102032,57500,1.0
p1,phoH,1102032,58000,1.0
p1,phoH,1102032,58500,1.0
p1,phoH,1102032,59000,1.0
p1,phoH,1102032,59500,1.0
p1,phoH,1102032,60000,1.0
p1,kduD,2877312,0,0.0
p1,kduD,2877312,1000,0.0
p1,kduD,2877312,1500,0.011
p1,kduD,2877312,2000,0.008
p1,kduD,2877312,2500,0.0
p1,kduD,2877312,3000,0.006
p1,kduD,2877312,4000,0.032
p1,kduD,2877312,4500,0.0
p1,kduD,2877312,5000,0.0
p1,kduD,2877312,5500,0.0
p1,kduD,2877312,6000,0.0
p1,kduD,2877312,6500,0.0
p1,kduD,2877312,7500,0.051
p1,kduD,2877312,8000,0.023
p1,kduD,2877312,8500,0.019
p1,kduD,2877312,9000,0.0
p1,kduD,2877312,9500,0.07
p1,kduD,2877312,10000,0.013
p1,kduD,2877312,10500,0.012
p1,kduD,2877312,11000,0.039
p1,kduD,2877312,11500,0.134
p1,kduD,2877312,12000,0.387
p1,kduD,2877312,12500,0.265
p1,kduD,2877312,13000,0.343
p1,kduD,2877312,13500,0.34
p1,kduD,2877312,14000,0.291
p1,kduD,2877312,14500,0.549
p1,kduD,2877312,15000,0.506
p1,kduD,2877312,15500,0.543
p1,kduD,2877312,16000,0.38
p1,kduD,2877312,16500,0.227
p1,kduD,2877312,17000,0.185
p1,kduD,2877312,17500,0.23
p1,kduD,2877312,18000,0.089
p1,kduD,2877312,18500,0.168
p1,kduD,2877312,19000,0.094
p1,kduD,2877312,19500,0.11
p1,kduD,2877312,20000,0.188
p1,kduD,2877312,20500,0.191
p1,kduD,2877312,21000,0.096
p1,kduD,2877312,21500,0.197
p1,kduD,2877312,22000,0.217
p1,kduD,2877312,22500,0.134
p1,kduD,2877312,23000,0.106
p1,kduD,2877312,23500,0.191
p1,kduD,2877312,24000,0.211
p1,kduD,2877312,24500,0.229
p1,kduD,2877312,25000,0.195
p1,kduD,2877312,25500,0.402
p1,kduD,2877312,26000,0.268
p1,kduD,2877312,26500,0.243
p1,kduD,2877312,27000,0.215
p1,kduD,2877312,27500,0.329
p1,kduD,2877312,28000,0.142
p1,kduD,2877312,28500,0.354
p1,kduD,2877312,29000,0.294
p1,kduD,2877312,29500,0.277
p1,kduD,2877312,30000,0.256
p1,kduD,2877312,30500,0.236
p1,kduD,2877312,31000,0.25
p1,kduD,2877312,31500,0.542
p1,kduD,2877312,32000,0.561
p1,kduD,2877312,32500,0.661
p1,kduD,2877312,33000,0.55
p1,kduD,2877312,33500,0.736
p1,kduD,2877312,34000,0.433
p1,kduD,2877312,34500,0.633
p1,kduD,2877312,35000,0.441
p1,kduD,2877312,35500,0.327
p1,kduD,2877312,36000,0.396
p1,kduD,2877312,36500,0.215
p1,kduD,2877312,37000,0.267
p1,kduD,2877312,37500,0.336
p1,kduD,2877312,38000,0.409
p1,kduD,2877312,38500,0.489
p1,kduD,2877312,39000,0.49
p1,kduD,2877312,39500,0.38
p1,kduD,2877312,40000,0.528
p1,kduD,2877312,41000,0.242
p1,kduD,2877312,41500,0.61
p1,kduD,2877312,42000,0.641
p1,kduD,2877312,42500,0.897
p1,kduD,2877312,43000,0.073
p1,kduD,2877312,43500,0.187
p1,kduD,2877312,44000,0.653
p1,kduD,2877312,44500,0.915
p1,kduD,2877312,45000,0.74
p1,kduD,2877312,45500,0.771
p1,kduD,2877312,46000,0.867
p1,kduD,2877312,46500,0.589
p1,kduD,2877312,47000,0.214
p1,kduD,2877312,47500,0.0
p1,kduD,2877312,48000,0.005
p1,kduD,2877312,48500,0.0
p1,kduD,2877312,49000,0.01
p1,kduD,2877312,49500,0.0
p1,kduD,2877312,50000,0.015
p1,kduD,2877312,50500,0.045
p1,kduD,2877312,51000,0.835
p1,kduD,2877312,51500,0.941
p1,kduD,2877312,52000,1.0
p1,kduD,2877312,52500,1.0
p1,kduD,2877312,53000,1.0
p1,kduD,2877312,53500,1.0
p1,kduD,2877312,54000,0.997
p1,kduD,2877312,54500,1.0
p1,kduD,2877312,55000,1.0
p1,kduD,2877312,55500,1.0
p1,kduD,2877312,56000,1.0
p1,kduD,2877312,56500,1.0
p1,kduD,2877312,57000,1.0
p1,kduD,2877312,57500,1.0
p1,kduD,2877312,58000,1.0
p1,kduD,2877312,58500,1.0
p1,kduD,2877312,59000,1.0
p1,kduD,2877312,59500,1.0
p1,kduD,2877312,60000,1.0
p1,ybeB,651703,0,0.0
p1,ybeB,651703,1000,0.0
p1,ybeB,651703,1500,0.632
p1,ybeB,651703,2000,0.991
p1,ybeB,651703,2500,1.0
p1,ybeB,651703,3000,1.0
p1,ybeB,651703,4000,1.0
p1,ybeB,651703,4500,0.929
p1,ybeB,651703,5000,1.0
p1,ybeB,651703,5500,1.0
p1,ybeB,651703,6000,1.0
p1,ybeB,651703,6500,1.0
p1,ybeB,651703,7500,1.0
p1,ybeB,651703,8000,1.0
p1,ybeB,651703,8500,1.0
p1,ybeB,651703,9000,1.0
p1,ybeB,651703,9500,1.0
p1,ybeB,651703,10000,1.0
p1,ybeB,651703,10500,0.932
p1,ybeB,651703,11000,1.0
p1,ybeB,651703,11500,1.0
p1,ybeB,651703,12000,1.0
p1,ybeB,651703,12500,1.0
p1,ybeB,651703,13000,1.0
p1,ybeB,651703,13500,1.0
p1,ybeB,651703,14000,1.0
p1,ybeB,651703,14500,1.0
p1,ybeB,651703,15000,1.0
p1,ybeB,651703,15500,0.985
p1,ybeB,651703,16000,1.0
p1,ybeB,651703,16500,1.0
p1,ybeB,651703,17000,1.0
p1,ybeB,651703,17500,1.0
p1,ybeB,651703,18000,1.0
p1,ybeB,651703,18500,1.0
p1,ybeB,651703,19000,1.0
p1,ybeB,651703,19500,1.0
p1,ybeB,651703,20000,1.0
p1,ybeB,651703,20500,1.0
p1,ybeB,651703,21000,1.0
p1,ybeB,651703,21500,1.0
p1,ybeB,651703,22000,1.0
p1,ybeB,651703,22500,1.0
p1,ybeB,651703,23000,1.0
p1,ybeB,651703,23500,1.0
p1,ybeB,651703,24000,1.0
p1,ybeB,651703,24500,1.0
p1,ybeB,651703,25000,1.0
p1,ybeB,651703,25500,1.0
p1,ybeB,651703,26000,1.0
p1,ybeB,651703,26500,1.0
p1,ybeB,651703,27000,1.0
p1,ybeB,651703,27500,1.0
p1,ybeB,651703,28000,1.0
p1,ybeB,651703,28500,1.0
p1,ybeB,651703,29000,1.0
p1,ybeB,651703,29500,1.0
p1,ybeB,651703,30000,1.0
p1,ybeB,651703,30500,1.0
p1,ybeB,651703,31000,1.0
p1,ybeB,651703,31500,1.0
p1,ybeB,651703,32000,1.0
p1,ybeB,651703,32500,1.0
p1,ybeB,651703,33000,1.0
p1,ybeB,651703,33500,1.0
p1,ybeB,651703,34000,1.0
p1,ybeB,651703,34500,1.0
p1,ybeB,651703,35000,1.0
p1,ybeB,651703,35500,1.0
p1,ybeB,651703,36000,1.0
p1,ybeB,651703,36500,1.0
p1,ybeB,651703,37000,1.0
p1,ybeB,651703,37500,1.0
p1,ybeB,651703,38000,1.0
p1,ybeB,651703,38500,1.0
p1,ybeB,651703,39000,1.0
p1,ybeB,651703,39500,1.0
p1,ybeB,651703,40000,1.0
p1,ybeB,651703,41000,1.0
p1,ybeB,651703,41500,1.0
p1,ybeB,651703,42000,1.0
p1,ybeB,651703,42500,1.0
p1,ybeB,651703,43000,1.0
p1,ybeB,651703,43500,1.0
p1,ybeB,651703,44000,1.0
p1,ybeB,651703,44500,1.0
p1,ybeB,651703,45000,1.0
p1,ybeB,651703,45500,1.0
p1,ybeB,651703,46000,1.0
p1,ybeB,651703,46500,1.0
p1,ybeB,651703,47000,1.0
p1,ybeB,651703,47500,1.0
p1,ybeB,651703,48000,1.0
p1,ybeB,651703,48500,1.0
p1,ybeB,651703,49000,1.0
p1,ybeB,651703,49500,1.0
p1,ybeB,651703,50000,1.0
p1,ybeB,651703,50500,1.0
p1,ybeB,651703,51000,1.0
p1,ybeB,651703,51500,1.0
p1,ybeB,651703,52000,1.0
p1,ybeB,651703,52500,1.0
p1,ybeB,651703,53000,1.0
p1,ybeB,651703,53500,1.0
p1,ybeB,651703,54000,1.0
p1,ybeB,651703,54500,1.0
p1,ybeB,651703,55000,1.0
p1,ybeB,651703,55500,1.0
p1,ybeB,651703,56000,1.0
p1,ybeB,651703,56500,1.0
p1,ybeB,651703,57000,1.0
p1,ybeB,651703,57500,1.0
p1,ybeB,651703,58000,1.0
p1,ybeB,651703,58500,1.0
p1,ybeB,651703,59000,1.0
p1,ybeB,651703,59500,1.0
p1,ybeB,651703,60000,1.0
p1,thrA,2450,0,0.0
p1,thrA,2450,1000,0.0
p1,thrA,2450,1500,0.0
p1,thrA,2450,2000,0.0
p1,thrA,2450,2500,0.0
p1,thrA,2450,3000,0.0
p1,thrA,2450,4000,0.0
p1,thrA,2450,4500,0.0
p1,thrA,2450,5000,0.0
p1,thrA,2450,5500,0.0
p1,thrA,2450,6000,0.0
p1,thrA,2450,6500,0.0
p1,thrA,2450,7500,0.0
p1,thrA,2450,8000,0.0
p1,thrA,2450,8500,0.0
p1,thrA,2450,9000,0.0
p1,thrA,2450,9500,0.0
p1,thrA,2450,10000,0.0
p1,thrA,2450,10500,0.0
p1,thrA,2450,11000,0.0
p1,thrA,2450,11500,0.0
p1,thrA,2450,12000,0.0
p1,thrA,2450,12500,0.0
p1,thrA,2450,13000,0.0
p1,thrA,2450,13500,0.0
p1,thrA,2450,14000,0.0
p1,thrA,2450,14500,0.0
p1,thrA,2450,15000,0.0
p1,thrA,2450,15500,0.0
p1,thrA,2450,16000,0.0
p1,thrA,2450,16500,0.0
p1,thrA,2450,17000,0.0
p1,thrA,2450,17500,0.0
p1,thrA,2450,18000,0.015
p1,thrA,2450,18500,0.0
p1,thrA,2450,19000,0.0
p1,thrA,2450,19500,0.0
p1,thrA,2450,20000,0.0
p1,thrA,2450,20500,0.0
p1,thrA,2450,21000,0.0
p1,thrA,2450,21500,0.0
p1,thrA,2450,22000,0.0
p1,thrA,2450,22500,0.0
p1,thrA,2450,23000,0.0
p1,thrA,2450,23500,0.0
p1,thrA,2450,24000,0.0
p1,thrA,2450,24500,0.019
p1,thrA,2450,25000,0.0
p1,thrA,2450,25500,0.0
p1,thrA,2450,26000,0.0
p1,thrA,2450,26500,0.0
p1,thrA,2450,27000,0.0
p1,thrA,2450,27500,0.0
p1,thrA,2450,28000,0.0
p1,thrA,2450,28500,0.095
p1,thrA,2450,29000,0.0
p1,thrA,2450,29500,0.0
p1,thrA,2450,30000,0.0
p1,thrA,2450,30500,0.0
p1,thrA,2450,31000,0.0
p1,thrA,2450,31500,0.0
p1,thrA,2450,32000,0.0
p1,thrA,2450,32500,0.0
p1,thrA,2450,33000,0.0
p1,thrA,2450,33500,0.0
p1,thrA,2450,34000,0.0
p1,thrA,2450,34500,0.0
p1,thrA,2450,35000,0.0
p1,thrA,2450,35500,0.0
p1,thrA,2450,36000,0.108
p1,thrA,2450,36500,0.049
p1,thrA,2450,37000,0.226
p1,thrA,2450,37500,0.4
p1,thrA,2450,38000,0.231
p1,thrA,2450,38500,0.288
p1,thrA,2450,39000,0.286
p1,thrA,2450,39500,0.32
p1,thrA,2450,40000,0.062
p1,thrA,2450,41000,0.059
p1,thrA,2450,41500,0.072
p1,thrA,2450,42000,0.16
p1,thrA,2450,42500,0.056
p1,thrA,2450,43000,0.066
p1,thrA,2450,43500,0.023
p1,thrA,2450,44000,0.051
p1,thrA,2450,44500,0.02
p1,thrA,2450,45000,0.379
p1,thrA,2450,45500,0.213
p1,thrA,2450,46000,0.025
p1,thrA,2450,46500,0.224
p1,thrA,2450,47000,0.662
p1,thrA,2450,47500,0.773
p1,thrA,2450,48000,0.712
p1,thrA,2450,48500,0.489
p1,thrA,2450,49000,0.778
p1,thrA,2450,49500,0.97
p1,thrA,2450,50000,0.95
p1,thrA,2450,50500,0.94
p1,thrA,2450,51000,0.972
p1,thrA,2450,51500,0.964
p1,thrA,2450,52000,0.97
p1,thrA,2450,52500,1.0
p1,thrA,2450,53000,1.0
p1,thrA,2450,53500,1.0
p1,thrA,2450,54000,1.0
p1,thrA,2450,54500,0.987
p1,thrA,2450,55000,0.988
p1,thrA,2450,55500,1.0
p1,thrA,2450,56000,1.0
p1,thrA,2450,56500,1.0
p1,thrA,2450,57000,1.0
p1,thrA,2450,57500,1.0
p1,thrA,2450,58000,0.982
p1,thrA,2450,58500,1.0
p1,thrA,2450,59000,1.0
p1,thrA,2450,59500,1.0
p1,thrA,2450,60000,1.0
p1,caiT,45662,0,0.0
p1,caiT,45662,1000,0.0
p1,caiT,45662,1500,0.0
p1,caiT,45662,2000,0.0
p1,caiT,45662,2500,0.0
p1,caiT,45662,3000,0.0
p1,caiT,45662,4000,0.0
p1,caiT,45662,4500,0.0
p1,caiT,45662,5000,0.0
p1,caiT,45662,5500,0.0
p1,caiT,45662,6000,0.0
p1,caiT,45662,6500,0.0
p1,caiT,45662,7500,0.0
p1,caiT,45662,8000,0.0
p1,caiT,45662,8500,0.0
p1,caiT,45662,9000,0.0
p1,caiT,45662,9500,0.0
p1,caiT,45662,10000,0.0
p1,caiT,45662,10500,0.0
p1,caiT,45662,11000,0.0
p1,caiT,45662,11500,0.0
p1,caiT,45662,12000,0.0
p1,caiT,45662,12500,0.0
p1,caiT,45662,13000,0.0
p1,caiT,45662,13500,0.0
p1,caiT,45662,14000,0.0
p1,caiT,45662,14500,0.0
p1,caiT,45662,15000,0.0
p1,caiT,45662,15500,0.0
p1,caiT,45662,16000,0.0
p1,caiT,45662,16500,0.0
p1,caiT,45662,17000,0.0
p1,caiT,45662,17500,0.0
p1,caiT,45662,18000,0.0
p1,caiT,45662,18500,0.0
p1,caiT,45662,19000,0.0
p1,caiT,45662,19500,0.0
p1,caiT,45662,20000,0.0
p1,caiT,45662,20500,0.01
p1,caiT,45662,21000,0.0
p1,caiT,45662,21500,0.0
p1,caiT,45662,22000,0.0
p1,caiT,45662,22500,0.0
p1,caiT,45662,23000,0.0
p1,caiT,45662,23500,0.0
p1,caiT,45662,24000,0.0
p1,caiT,45662,24500,0.0
p1,caiT,45662,25000,0.0
p1,caiT,45662,25500,0.0
p1,caiT,45662,26000,0.0
p1,caiT,45662,26500,0.0
p1,caiT,45662,27000,0.0
p1,caiT,45662,27500,0.0
p1,caiT,45662,28000,0.0
p1,caiT,45662,28500,0.075
p1,caiT,45662,29000,0.0
p1,caiT,45662,29500,0.0
p1,caiT,45662,30000,0.0
p1,caiT,45662,30500,0.0
p1,caiT,45662,31000,0.0
p1,caiT,45662,31500,0.011
p1,caiT,45662,32000,0.0
p1,caiT,45662,32500,0.0
p1,caiT,45662,33000,0.01
p1,caiT,45662,33500,0.0
p1,caiT,45662,34000,0.0
p1,caiT,45662,34500,0.0
p1,caiT,45662,35000,0.0
p1,caiT,45662,35500,0.0
p1,caiT,45662,36000,0.0
p1,caiT,45662,36500,0.0
p1,caiT,45662,37000,0.0
p1,caiT,45662,37500,0.0
p1,caiT,45662,38000,0.0
p1,caiT,45662,38500,0.0
p1,caiT,45662,39000,0.0
p1,caiT,45662,39500,0.0
p1,caiT,45662,40000,0.0
p1,caiT,45662,41000,0.0
p1,caiT,45662,41500,0.0
p1,caiT,45662,42000,0.0
p1,caiT,45662,42500,0.0
p1,caiT,45662,43000,0.0
p1,caiT,45662,43500,0.026
p1,caiT,45662,44000,0.0
p1,caiT,45662,44500,0.0
p1,caiT,45662,45000,0.0
p1,caiT,45662,45500,0.0
p1,caiT,45662,46000,0.006
p1,caiT,45662,46500,0.05
p1,caiT,45662,47000,0.318
p1,caiT,45662,47500,0.354
p1,caiT,45662,48000,0.573
p1,caiT,45662,48500,0.427
p1,caiT,45662,49000,0.726
p1,caiT,45662,49500,0.96
p1,caiT,45662,50000,1.0
p1,caiT,45662,50500,0.899
p1,caiT,45662,51000,0.958
p1,caiT,45662,51500,0.971
p1,caiT,45662,52000,1.0
p1,caiT,45662,52500,1.0
p1,caiT,45662,53000,1.0
p1,caiT,45662,53500,0.964
p1,caiT,45662,54000,0.992
p1,caiT,45662,54500,1.0
p1,caiT,45662,55000,0.969
p1,caiT,45662,55500,0.988
p1,caiT,45662,56000,0.984
p1,caiT,45662,56500,1.0
p1,caiT,45662,57000,1.0
p1,caiT,45662,57500,1.0
p1,caiT,45662,58000,1.0
p1,caiT,45662,58500,0.993
p1,caiT,45662,59000,1.0
p1,caiT,45662,59500,1.0
p1,caiT,45662,60000,0.923
p1,dgt,183262,0,0.0
p1,dgt,183262,1000,0.0
p1,dgt,183262,1500,0.0
p1,dgt,183262,2000,0.0
p1,dgt,183262,2500,0.0
p1,dgt,183262,3000,0.003
p1,dgt,183262,4000,0.0
p1,dgt,183262,4500,0.0
p1,dgt,183262,5000,0.0
p1,dgt,183262,5500,0.0
p1,dgt,183262,6000,0.0
p1,dgt,183262,6500,0.0
p1,dgt,183262,7500,0.0
p1,dgt,183262,8000,0.0
p1,dgt,183262,8500,0.0
p1,dgt,183262,9000,0.0
p1,dgt,183262,9500,0.0
p1,dgt,183262,10000,0.0
p1,dgt,183262,10500,0.0
p1,dgt,183262,11000,0.0
p1,dgt,183262,11500,0.0
p1,dgt,183262,12000,0.0
p1,dgt,183262,12500,0.0
p1,dgt,183262,13000,0.0
p1,dgt,183262,13500,0.0
p1,dgt,183262,14000,0.0
p1,dgt,183262,14500,0.0
p1,dgt,183262,15000,0.0
p1,dgt,183262,15500,0.0
p1,dgt,183262,16000,0.0
p1,dgt,183262,16500,0.0
p1,dgt,183262,17000,0.0
p1,dgt,183262,17500,0.0
p1,dgt,183262,18000,0.0
p1,dgt,183262,18500,0.0
p1,dgt,183262,19000,0.0
p1,dgt,183262,19500,0.0
p1,dgt,183262,20000,0.0
p1,dgt,183262,20500,0.0
p1,dgt,183262,21000,0.0
p1,dgt,183262,21500,0.0
p1,dgt,183262,22000,0.0
p1,dgt,183262,22500,0.0
p1,dgt,183262,23000,0.0
p1,dgt,183262,23500,0.0
p1,dgt,183262,24000,0.0
p1,dgt,183262,24500,0.008
p1,dgt,183262,25000,0.059
p1,dgt,183262,25500,0.122
p1,dgt,183262,26000,0.049
p1,dgt,183262,26500,0.024
p1,dgt,183262,27000,0.101
p1,dgt,183262,27500,0.633
p1,dgt,183262,28000,0.552
p1,dgt,183262,28500,0.359
p1,dgt,183262,29000,0.482
p1,dgt,183262,29500,0.418
p1,dgt,183262,30000,0.316
p1,dgt,183262,30500,0.691
p1,dgt,183262,31000,0.382
p1,dgt,183262,31500,0.314
p1,dgt,183262,32000,0.303
p1,dgt,183262,32500,0.207
p1,dgt,183262,33000,0.196
p1,dgt,183262,33500,0.09
p1,dgt,183262,34000,0.287
p1,dgt,183262,34500,0.169
p1,dgt,183262,35000,0.393
p1,dgt,183262,35500,0.426
p1,dgt,183262,36000,0.469
p1,dgt,183262,36500,0.278
p1,dgt,183262,37000,0.497
p1,dgt,183262,37500,0.716
p1,dgt,183262,38000,0.362
p1,dgt,183262,38500,0.424
p1,dgt,183262,39000,0.285
p1,dgt,183262,39500,0.221
p1,dgt,183262,40000,0.161
p1,dgt,183262,41000,0.051
p1,dgt,183262,41500,0.114
p1,dgt,183262,42000,0.154
p1,dgt,183262,42500,0.018
p1,dgt,183262,43000,0.077
p1,dgt,183262,43500,0.012
p1,dgt,183262,44000,0.039
p1,dgt,183262,44500,0.038
p1,dgt,183262,45000,0.545
p1,dgt,183262,45500,0.203
p1,dgt,183262,46000,0.036
p1,dgt,183262,46500,0.359
p1,dgt,183262,47000,0.725
p1,dgt,183262,47500,0.955
p1,dgt,183262,48000,0.707
p1,dgt,183262,48500,0.596
p1,dgt,183262,49000,0.764
p1,dgt,183262,49500,0.928
p1,dgt,183262,50000,0.976
p1,dgt,183262,50500,1.0
p1,dgt,183262,51000,1.0
p1,dgt,183262,51500,0.991
p1,dgt,183262,52000,1.0
p1,dgt,183262,52500,0.993
p1,dgt,183262,53000,1.0
p1,dgt,183262,53500,1.0
p1,dgt,183262,54000,1.0
p1,dgt,183262,54500,1.0
p1,dgt,183262,55000,1.0
p1,dgt,183262,55500,1.0
p1,dgt,183262,56000,1.0
p1,dgt,183262,56500,1.0
p1,dgt,183262,57000,1.0
p1,dgt,183262,57500,1.0
p1,dgt,183262,58000,1.0
p1,dgt,183262,58500,1.0
p1,dgt,183262,59000,1.0
p1,dgt,183262,59500,1.0
p1,dgt,183262,60000,1.0
p1,gmhB,226159,0,0.0
p1,gmhB,226159,1000,0.0
p1,gmhB,226159,1500,0.0
p1,gmhB,226159,2000,0.017
p1,gmhB,226159,2500,0.0
p1,gmhB,226159,3000,0.016
p1,gmhB,226159,4000,0.0
p1,gmhB,226159,4500,0.0
p1,gmhB,226159,5000,0.0
p1,gmhB,226159,5500,0.0
p1,gmhB,226159,6000,0.0
p1,gmhB,226159,6500,0.0
p1,gmhB,226159,7500,0.0
p1,gmhB,226159,8000,0.0
p1,gmhB,226159,8500,0.0
p1,gmhB,226159,9000,0.0
p1,gmhB,226159,9500,0.0
p1,gmhB,226159,10000,0.0
p1,gmhB,226159,10500,0.0
p1,gmhB,226159,11000,0.0
p1,gmhB,226159,11500,0.0
p1,gmhB,226159,12000,0.0
p1,gmhB,226159,12500,0.0
p1,gmhB,226159,13000,0.034
p1,gmhB,226159,13500,0.0
p1,gmhB,226159,14000,0.008
p1,gmhB,226159,14500,0.0
p1,gmhB,226159,15000,0.0
p1,gmhB,226159,15500,0.0
p1,gmhB,226159,16000,0.232
p1,gmhB,226159,16500,0.319
p1,gmhB,226159,17000,0.444
p1,gmhB,226159,17500,0.533
p1,gmhB,226159,18000,0.325
p1,gmhB,226159,18500,0.304
p1,gmhB,226159,19000,0.182
p1,gmhB,226159,19500,0.532
p1,gmhB,226159,20000,0.5
p1,gmhB,226159,20500,0.852
p1,gmhB,226159,21000,0.852
p1,gmhB,226159,21500,0.786
p1,gmhB,226159,22000,0.726
p1,gmhB,226159,22500,0.942
p1,gmhB,226159,23000,0.894
p1,gmhB,226159,23500,0.85
p1,gmhB,226159,24000,0.847
p1,gmhB,226159,24500,0.811
p1,gmhB,226159,25000,0.857
p1,gmhB,226159,25500,0.889
p1,gmhB,226159,26000,0.964
p1,gmhB,226159,26500,1.0
p1,gmhB,226159,27000,1.0
p1,gmhB,226159,27500,1.0
p1,gmhB,226159,28000,1.0
p1,gmhB,226159,28500,1.0
p1,gmhB,226159,29000,0.973
p1,gmhB,226159,29500,1.0
p1,gmhB,226159,30000,1.0
p1,gmhB,226159,30500,1.0
p1,gmhB,226159,31000,1.0
p1,gmhB,226159,31500,1.0
p1,gmhB,226159,32000,1.0
p1,gmhB,226159,32500,1.0
p1,gmhB,226159,33000,1.0
p1,gmhB,226159,33500,1.0
p1,gmhB,226159,34000,1.0
p1,gmhB,226159,34500,1.0
p1,gmhB,226159,35000,1.0
p1,gmhB,226159,35500,1.0
p1,gmhB,226159,36000,1.0
p1,gmhB,226159,36500,1.0
p1,gmhB,226159,37000,1.0
p1,gmhB,226159,37500,1.0
p1,gmhB,226159,38000,0.976
p1,gmhB,226159,38500,1.0
p1,gmhB,226159,39000,1.0
p1,gmhB,226159,39500,0.976
p1,gmhB,226159,40000,1.0
p1,gmhB,226159,41000,1.0
p1,gmhB,226159,41500,1.0
p1,gmhB,226159,42000,1.0
p1,gmhB,226159,42500,1.0
p1,gmhB,226159,43000,1.0
p1,gmhB,226159,43500,1.0
p1,gmhB,226159,44000,0.983
p1,gmhB,226159,44500,1.0
p1,gmhB,226159,45000,1.0
p1,gmhB,226159,45500,1.0
p1,gmhB,226159,46000,1.0
p1,gmhB,226159,46500,1.0
p1,gmhB,226159,47000,0.965
p1,gmhB,226159,47500,1.0
p1,gmhB,226159,48000,1.0
p1,gmhB,226159,48500,1.0
p1,gmhB,226159,49000,1.0
p1,gmhB,226159,49500,0.979
p1,gmhB,226159,50000,1.0
p1,gmhB,226159,50500,1.0
p1,gmhB,226159,51000,1.0
p1,gmhB,226159,51500,1.0
p1,gmhB,226159,52000,1.0
p1,gmhB,226159,52500,1.0
p1,gmhB,226159,53000,1.0
p1,gmhB,226159,53500,1.0
p1,gmhB,226159,54000,1.0
p1,gmhB,226159,54500,1.0
p1,gmhB,226159,55000,1.0
p1,gmhB,226159,55500,0.992
p1,gmhB,226159,56000,1.0
p1,gmhB,226159,56500,1.0
p1,gmhB,226159,57000,1.0
p1,gmhB,226159,57500,1.0
p1,gmhB,226159,58000,0.986
p1,gmhB,226159,58500,1.0
p1,gmhB,226159,59000,1.0
p1,gmhB,226159,59500,1.0
p1,gmhB,226159,60000,1.0
p1,dnaQ,239002,0,0.0
p1,dnaQ,239002,1000,0.0
p1,dnaQ,239002,1500,0.0
p1,dnaQ,239002,2000,0.0
p1,dnaQ,239002,2500,0.0
p1,dnaQ,239002,3000,0.0
p1,dnaQ,239002,4000,0.0
p1,dnaQ,239002,4500,0.0
p1,dnaQ,239002,5000,0.0
p1,dnaQ,239002,5500,0.0
p1,dnaQ,239002,6000,0.0
p1,dnaQ,239002,6500,0.0
p1,dnaQ,239002,7500,0.0
p1,dnaQ,239002,8000,0.0
p1,dnaQ,239002,8500,0.0
p1,dnaQ,239002,9000,0.0
p1,dnaQ,239002,9500,0.0
p1,dnaQ,239002,10000,0.0
p1,dnaQ,239002,10500,0.0
p1,dnaQ,239002,11000,0.0
p1,dnaQ,239002,11500,0.0
p1,dnaQ,239002,12000,0.0
p1,dnaQ,239002,12500,0.0
p1,dnaQ,239002,13000,0.0
p1,dnaQ,239002,13500,0.0
p1,dnaQ,239002,14000,0.005
p1,dnaQ,239002,14500,0.0
p1,dnaQ,239002,15000,0.021
p1,dnaQ,239002,15500,0.0
p1,dnaQ,239002,16000,0.0
p1,dnaQ,239002,16500,0.0
p1,dnaQ,239002,17000,0.0
p1,dnaQ,239002,17500,0.0
p1,dnaQ,239002,18000,0.0
p1,dnaQ,239002,18500,0.0
p1,dnaQ,239002,19000,0.0
p1,dnaQ,239002,19500,0.0
p1,dnaQ,239002,20000,0.0
p1,dnaQ,239002,20500,0.0
p1,dnaQ,239002,21000,0.009
p1,dnaQ,239002,21500,0.0
p1,dnaQ,239002,22000,0.0
p1,dnaQ,239002,22500,0.0
p1,dnaQ,239002,23000,0.0
p1,dnaQ,239002,23500,0.0
p1,dnaQ,239002,24000,0.013
p1,dnaQ,239002,24500,0.093
p1,dnaQ,239002,25000,0.286
p1,dnaQ,239002,25500,0.183
p1,dnaQ,239002,26000,0.038
p1,dnaQ,239002,26500,0.015
p1,dnaQ,239002,27000,0.126
p1,dnaQ,239002,27500,0.355
p1,dnaQ,239002,28000,0.676
p1,dnaQ,239002,28500,0.308
p1,dnaQ,239002,29000,0.488
p1,dnaQ,239002,29500,0.409
p1,dnaQ,239002,30000,0.386
p1,dnaQ,239002,30500,0.576
p1,dnaQ,239002,31000,0.42
p1,dnaQ,239002,31500,0.327
p1,dnaQ,239002,32000,0.234
p1,dnaQ,239002,32500,0.194
p1,dnaQ,239002,33000,0.109
p1,dnaQ,239002,33500,0.183
p1,dnaQ,239002,34000,0.337
p1,dnaQ,239002,34500,0.26
p1,dnaQ,239002,35000,0.327
p1,dnaQ,239002,35500,0.489
p1,dnaQ,239002,36000,0.446
p1,dnaQ,239002,36500,0.329
p1,dnaQ,239002,37000,0.52
p1,dnaQ,239002,37500,0.595
p1,dnaQ,239002,38000,0.313
p1,dnaQ,239002,38500,0.337
p1,dnaQ,239002,39000,0.339
p1,dnaQ,239002,39500,0.211
p1,dnaQ,239002,40000,0.146
p1,dnaQ,239002,41000,0.026
p1,dnaQ,239002,41500,0.124
p1,dnaQ,239002,42000,0.087
p1,dnaQ,239002,42500,0.071
p1,dnaQ,239002,43000,0.098
p1,dnaQ,239002,43500,0.053
p1,dnaQ,239002,44000,0.031
p1,dnaQ,239002,44500,0.14
p1,dnaQ,239002,45000,0.312
p1,dnaQ,239002,45500,0.228
p1,dnaQ,239002,46000,0.039
p1,dnaQ,239002,46500,0.304
p1,dnaQ,239002,47000,0.728
p1,dnaQ,239002,47500,0.927
p1,dnaQ,239002,48000,0.69
p1,dnaQ,239002,48500,0.598
p1,dnaQ,239002,49000,0.761
p1,dnaQ,239002,49500,0.95
p1,dnaQ,239002,50000,0.962
p1,dnaQ,239002,50500,0.87
p1,dnaQ,239002,51000,0.872
p1,dnaQ,239002,51500,0.963
p1,dnaQ,239002,52000,1.0
p1,dnaQ,239002,52500,0.994
p1,dnaQ,239002,53000,1.0
p1,dnaQ,239002,53500,1.0
p1,dnaQ,239002,54000,1.0
p1,dnaQ,239002,54500,0.983
p1,dnaQ,239002,55000,0.984
p1,dnaQ,239002,55500,1.0
p1,dnaQ,239002,56000,0.993
p1,dnaQ,239002,56500,1.0
p1,dnaQ,239002,57000,1.0
p1,dnaQ,239002,57500,1.0
p1,dnaQ,239002,58000,1.0
p1,dnaQ,239002,58500,0.994
p1,dnaQ,239002,59000,1.0
p1,dnaQ,239002,59500,1.0
p1,dnaQ,239002,60000,1.0
p1,lacZ,336055,0,0.0
p1,lacZ,336055,1000,0.0
p1,lacZ,336055,1500,0.0
p1,lacZ,336055,2000,0.0
p1,lacZ,336055,2500,0.0
p1,lacZ,336055,3000,0.0
p1,lacZ,336055,4000,0.0
p1,lacZ,336055,4500,0.0
p1,lacZ,336055,5000,0.0
p1,lacZ,336055,5500,0.0
p1,lacZ,336055,6000,0.0
p1,lacZ,336055,6500,0.0
p1,lacZ,336055,7500,0.0
p1,lacZ,336055,8000,0.0
p1,lacZ,336055,8500,0.0
p1,lacZ,336055,9000,0.0
p1,lacZ,336055,9500,0.0
p1,lacZ,336055,10000,0.0
p1,lacZ,336055,10500,0.0
p1,lacZ,336055,11000,0.007
p1,lacZ,336055,11500,0.0
p1,lacZ,336055,12000,0.0
p1,lacZ,336055,12500,0.0
p1,lacZ,336055,13000,0.0
p1,lacZ,336055,13500,0.0
p1,lacZ,336055,14000,0.0
p1,lacZ,336055,14500,0.0
p1,lacZ,336055,15000,0.0
p1,lacZ,336055,15500,0.0
p1,lacZ,336055,16000,0.221
p1,lacZ,336055,16500,0.411
p1,lacZ,336055,17000,0.569
p1,lacZ,336055,17500,0.333
p1,lacZ,336055,18000,0.321
p1,lacZ,336055,18500,0.247
p1,lacZ,336055,19000,0.317
p1,lacZ,336055,19500,0.442
p1,lacZ,336055,20000,1.0
p1,lacZ,336055,20500,0.869
p1,lacZ,336055,21000,0.96
p1,lacZ,336055,21500,0.797
p1,lacZ,336055,22000,0.812
p1,lacZ,336055,22500,0.867
p1,lacZ,336055,23000,0.964
p1,lacZ,336055,23500,0.944
p1,lacZ,336055,24000,0.767
p1,lacZ,336055,24500,0.905
p1,lacZ,336055,25000,0.844
p1,lacZ,336055,25500,1.0
p1,lacZ,336055,26000,0.974
p1,lacZ,336055,26500,1.0
p1,lacZ,336055,27000,1.0
p1,lacZ,336055,27500,1.0
p1,lacZ,336055,28000,1.0
p1,lacZ,336055,28500,1.0
p1,lacZ,336055,29000,0.976
p1,lacZ,336055,29500,1.0
p1,lacZ,336055,30000,1.0
p1,lacZ,336055,30500,1.0
p1,lacZ,336055,31000,1.0
p1,lacZ,336055,31500,1.0
p1,lacZ,336055,32000,1.0
p1,lacZ,336055,32500,1.0
p1,lacZ,336055,33000,1.0
p1,lacZ,336055,33500,1.0
p1,lacZ,336055,34000,1.0
p1,lacZ,336055,34500,1.0
p1,lacZ,336055,35000,1.0
p1,lacZ,336055,35500,1.0
p1,lacZ,336055,36000,1.0
p1,lacZ,336055,36500,1.0
p1,lacZ,336055,37000,1.0
p1,lacZ,336055,37500,1.0
p1,lacZ,336055,38000,1.0
p1,lacZ,336055,38500,1.0
p1,lacZ,336055,39000,1.0
p1,lacZ,336055,39500,1.0
p1,lacZ,336055,40000,1.0
p1,lacZ,336055,41000,1.0
p1,lacZ,336055,41500,1.0
p1,lacZ,336055,42000,1.0
p1,lacZ,336055,42500,1.0
p1,lacZ,336055,43000,1.0
p1,lacZ,336055,43500,1.0
p1,lacZ,336055,44000,1.0
p1,lacZ,336055,44500,1.0
p1,lacZ,336055,45000,1.0
p1,lacZ,336055,45500,1.0
p1,lacZ,336055,46000,1.0
p1,lacZ,336055,46500,1.0
p1,lacZ,336055,47000,0.975
p1,lacZ,336055,47500,1.0
p1,lacZ,336055,48000,1.0
p1,lacZ,336055,48500,1.0
p1,lacZ,336055,49000,1.0
p1,lacZ,336055,49500,1.0
p1,lacZ,336055,50000,1.0
p1,lacZ,336055,50500,1.0
p1,lacZ,336055,51000,1.0
p1,lacZ,336055,51500,1.0
p1,lacZ,336055,52000,1.0
p1,lacZ,336055,52500,1.0
p1,lacZ,336055,53000,1.0
p1,lacZ,336055,53500,1.0
p1,lacZ,336055,54000,0.991
p1,lacZ,336055,54500,1.0
p1,lacZ,336055,55000,1.0
p1,lacZ,336055,55500,1.0
p1,lacZ,336055,56000,1.0
p1,lacZ,336055,56500,1.0
p1,lacZ,336055,57000,1.0
p1,lacZ,336055,57500,1.0
p1,lacZ,336055,58000,1.0
p1,lacZ,336055,58500,1.0
p1,lacZ,336055,59000,1.0
p1,lacZ,336055,59500,1.0
p1,lacZ,336055,60000,1.0
p1,queA,393720,0,0.0
p1,queA,393720,1000,0.0
p1,queA,393720,1500,0.0
p1,queA,393720,2000,0.0
p1,queA,393720,2500,0.0
p1,queA,393720,3000,0.0
p1,queA,393720,4000,0.0
p1,queA,393720,4500,0.0
p1,queA,393720,5000,0.0
p1,queA,393720,5500,0.0
p1,queA,393720,6000,0.0
p1,queA,393720,6500,0.0
p1,queA,393720,7500,0.0
p1,queA,393720,8000,0.0
p1,queA,393720,8500,0.0
p1,queA,393720,9000,0.0
p1,queA,393720,9500,0.0
p1,queA,393720,10000,0.0
p1,queA,393720,10500,0.0
p1,queA,393720,11000,0.029
p1,queA,393720,11500,0.0
p1,queA,393720,12000,0.0
p1,queA,393720,12500,0.0
p1,queA,393720,13000,0.0
p1,queA,393720,13500,0.0
p1,queA,393720,14000,0.0
p1,queA,393720,14500,0.0
p1,queA,393720,15000,0.0
p1,queA,393720,15500,0.0
p1,queA,393720,16000,0.0
p1,queA,393720,16500,0.0
p1,queA,393720,17000,0.0
p1,queA,393720,17500,0.0
p1,queA,393720,18000,0.0
p1,queA,393720,18500,0.0
p1,queA,393720,19000,0.0
p1,queA,393720,19500,0.0
p1,queA,393720,20000,0.0
p1,queA,393720,20500,0.0
p1,queA,393720,21000,0.0
p1,queA,393720,21500,0.0
p1,queA,393720,22000,0.0
p1,queA,393720,22500,0.0
p1,queA,393720,23000,0.0
p1,queA,393720,23500,0.0
p1,queA,393720,24000,0.0
p1,queA,393720,24500,0.0
p1,queA,393720,25000,0.0
p1,queA,393720,25500,0.0
p1,queA,393720,26000,0.0
p1,queA,393720,26500,0.0
p1,queA,393720,27000,0.0
p1,queA,393720,27500,0.0
p1,queA,393720,28000,0.0
p1,queA,393720,28500,0.093
p1,queA,393720,29000,0.06
p1,queA,393720,29500,0.118
p1,queA,393720,30000,0.217
p1,queA,393720,30500,0.289
p1,queA,393720,31000,0.35
p1,queA,393720,31500,0.188
p1,queA,393720,32000,0.116
p1,queA,393720,32500,0.037
p1,queA,393720,33000,0.036
p1,queA,393720,33500,0.103
p1,queA,393720,34000,0.13
p1,queA,393720,34500,0.156
p1,queA,393720,35000,0.217
p1,queA,393720,35500,0.217
p1,queA,393720,36000,0.209
p1,queA,393720,36500,0.278
p1,queA,393720,37000,0.259
p1,queA,393720,37500,0.394
p1,queA,393720,38000,0.157
p1,queA,393720,38500,0.185
p1,queA,393720,39000,0.203
p1,queA,393720,39500,0.184
p1,queA,393720,40000,0.227
p1,queA,393720,41000,0.129
p1,queA,393720,41500,0.058
p1,queA,393720,42000,0.033
p1,queA,393720,42500,0.042
p1,queA,393720,43000,0.08
p1,queA,393720,43500,0.0
p1,queA,393720,44000,0.017
p1,queA,393720,44500,0.136
p1,queA,393720,45000,0.385
p1,queA,393720,45500,0.236
p1,queA,393720,46000,0.013
p1,queA,393720,46500,0.321
p1,queA,393720,47000,0.722
p1,queA,393720,47500,0.938
p1,queA,393720,48000,0.706
p1,queA,393720,48500,0.531
p1,queA,393720,49000,0.709
p1,queA,393720,49500,0.98
p1,queA,393720,50000,0.982
p1,queA,393720,50500,0.92
p1,queA,393720,51000,1.0
p1,queA,393720,51500,0.972
p1,queA,393720,52000,0.985
p1,queA,393720,52500,1.0
p1,queA,393720,53000,1.0
p1,queA,393720,53500,1.0
p1,queA,393720,54000,1.0
p1,queA,393720,54500,1.0
p1,queA,393720,55000,1.0
p1,queA,393720,55500,1.0
p1,queA,393720,56000,1.0
p1,queA,393720,56500,1.0
p1,queA,393720,57000,1.0
p1,queA,393720,57500,1.0
p1,queA,393720,58000,1.0
p1,queA,393720,58500,1.0
p1,queA,393720,59000,1.0
p1,queA,393720,59500,1.0
p1,queA,393720,60000,1.0
p1,hupB,433668,0,0.0
p1,hupB,433668,1000,0.0
p1,hupB,433668,1500,0.0
p1,hupB,433668,2000,0.0
p1,hupB,433668,2500,0.0
p1,hupB,433668,3000,0.0
p1,hupB,433668,4000,0.0
p1,hupB,433668,4500,0.015
p1,hupB,433668,5000,0.0
p1,hupB,433668,5500,0.0
p1,hupB,433668,6000,0.0
p1,hupB,433668,6500,0.0
p1,hupB,433668,7500,0.0
p1,hupB,433668,8000,0.0
p1,hupB,433668,8500,0.027
p1,hupB,433668,9000,0.05
p1,hupB,433668,9500,0.246
p1,hupB,433668,10000,0.259
p1,hupB,433668,10500,0.752
p1,hupB,433668,11000,0.772
p1,hupB,433668,11500,0.896
p1,hupB,433668,12000,0.852
p1,hupB,433668,12500,0.727
p1,hupB,433668,13000,0.931
p1,hupB,433668,13500,0.963
p1,hupB,433668,14000,0.899
p1,hupB,433668,14500,0.891
p1,hupB,433668,15000,0.8
p1,hupB,433668,15500,0.903
p1,hupB,433668,16000,0.958
p1,hupB,433668,16500,0.804
p1,hupB,433668,17000,0.821
p1,hupB,433668,17500,0.898
p1,hupB,433668,18000,0.827
p1,hupB,433668,18500,0.5
p1,hupB,433668,19000,0.833
p1,hupB,433668,19500,0.771
p1,hupB,433668,20000,0.765
p1,hupB,433668,20500,0.973
p1,hupB,433668,21000,0.977
p1,hupB,433668,21500,1.0
p1,hupB,433668,22000,1.0
p1,hupB,433668,22500,1.0
p1,hupB,433668,23000,1.0
p1,hupB,433668,23500,1.0
p1,hupB,433668,24000,1.0
p1,hupB,433668,24500,0.988
p1,hupB,433668,25000,1.0
p1,hupB,433668,25500,1.0
p1,hupB,433668,26000,1.0
p1,hupB,433668,26500,1.0
p1,hupB,433668,27000,1.0
p1,hupB,433668,27500,1.0
p1,hupB,433668,28000,1.0
p1,hupB,433668,28500,1.0
p1,hupB,433668,29000,1.0
p1,hupB,433668,29500,1.0
p1,hupB,433668,30000,1.0
p1,hupB,433668,30500,1.0
p1,hupB,433668,31000,1.0
p1,hupB,433668,31500,1.0
p1,hupB,433668,32000,1.0
p1,hupB,433668,32500,1.0
p1,hupB,433668,33000,0.979
p1,hupB,433668,33500,1.0
p1,hupB,433668,34000,1.0
p1,hupB,433668,34500,1.0
p1,hupB,433668,35000,1.0
p1,hupB,433668,35500,1.0
p1,hupB,433668,36000,0.992
p1,hupB,433668,36500,1.0
p1,hupB,433668,37000,1.0
p1,hupB,433668,37500,0.99
p1,hupB,433668,38000,1.0
p1,hupB,433668,38500,1.0
p1,hupB,433668,39000,1.0
p1,hupB,433668,39500,1.0
p1,hupB,433668,40000,1.0
p1,hupB,433668,41000,1.0
p1,hupB,433668,41500,0.989
p1,hupB,433668,42000,1.0
p1,hupB,433668,42500,1.0
p1,hupB,433668,43000,1.0
p1,hupB,433668,43500,0.988
p1,hupB,433668,44000,1.0
p1,hupB,433668,44500,1.0
p1,hupB,433668,45000,0.981
p1,hupB,433668,45500,1.0
p1,hupB,433668,46000,1.0
p1,hupB,433668,46500,1.0
p1,hupB,433668,47000,0.968
p1,hupB,433668,47500,0.986
p1,hupB,433668,48000,1.0
p1,hupB,433668,48500,0.992
p1,hupB,433668,49000,0.99
p1,hupB,433668,49500,1.0
p1,hupB,433668,50000,0.989
p1,hupB,433668,50500,1.0
p1,hupB,433668,51000,0.978
p1,hupB,433668,51500,0.994
p1,hupB,433668,52000,1.0
p1,hupB,433668,52500,0.994
p1,hupB,433668,53000,1.0
p1,hupB,433668,53500,1.0
p1,hupB,433668,54000,1.0
p1,hupB,433668,54500,1.0
p1,hupB,433668,55000,1.0
p1,hupB,433668,55500,1.0
p1,hupB,433668,56000,1.0
p1,hupB,433668,56500,1.0
p1,hupB,433668,57000,1.0
p1,hupB,433668,57500,0.986
p1,hupB,433668,58000,0.994
p1,hupB,433668,58500,0.993
p1,hupB,433668,59000,1.0
p1,hupB,433668,59500,1.0
p1,hupB,433668,60000,1.0
p1,ybbN,490484,0,0.0
p1,ybbN,490484,1000,0.0
p1,ybbN,490484,1500,0.0
p1,ybbN,490484,2000,0.0
p1,ybbN,490484,2500,0.018
p1,ybbN,490484,3000,0.008
p1,ybbN,490484,4000,0.033
p1,ybbN,490484,4500,0.0
p1,ybbN,490484,5000,0.0
p1,ybbN,490484,5500,0.0
p1,ybbN,490484,6000,0.0
p1,ybbN,490484,6500,0.0
p1,ybbN,490484,7500,0.0
p1,ybbN,490484,8000,0.0
p1,ybbN,490484,8500,0.0
p1,ybbN,490484,9000,0.0
p1,ybbN,490484,9500,0.0
p1,ybbN,490484,10000,0.0
p1,ybbN,490484,10500,0.0
p1,ybbN,490484,11000,0.045
p1,ybbN,490484,11500,0.033
p1,ybbN,490484,12000,0.025
p1,ybbN,490484,12500,0.081
p1,ybbN,490484,13000,0.14
p1,ybbN,490484,13500,0.323
p1,ybbN,490484,14000,0.433
p1,ybbN,490484,14500,0.0
p1,ybbN,490484,15000,0.0
p1,ybbN,490484,15500,0.0
p1,ybbN,490484,16500,0.0
p1,ybbN,490484,17500,0.0
p1,ybbN,490484,18000,0.0
p1,ybbN,490484,18500,0.397
p1,ybbN,490484,19000,0.0
p1,ybbN,490484,19500,0.0
p1,ybbN,490484,20000,0.0
p1,ybbN,490484,23500,0.0
p1,ybbN,490484,24500,0.333
p1,ybbN,490484,27000,0.0
p1,ybbN,490484,30000,0.5
p1,ybbN,490484,30500,0.0
p1,ybbN,490484,31500,1.0
p1,ybbN,490484,32000,1.0
p1,ybbN,490484,32500,0.0
p1,ybbN,490484,34000,0.0
p1,ybbN,490484,36000,0.0
p1,ybbN,490484,36500,0.5
p1,ybbN,490484,41500,0.5
p1,ybbN,490484,42000,1.0
p1,ybbN,490484,42500,1.0
p1,ybbN,490484,43500,1.0
p1,ybbN,490484,44000,1.0
p1,ybbN,490484,47000,0.0
p1,ybbN,490484,50000,1.0
p1,ybbN,490484,50500,1.0
p1,ybbN,490484,51000,0.5
p1,ybbN,490484,51500,1.0
p1,ybbN,490484,52500,1.0
p1,ybbN,490484,54000,0.5
p1,ybbN,490484,54500,1.0
p1,ybbN,490484,55000,1.0
p1,ybbN,490484,57000,0.0
p1,ybbB,502543,0,0.0
p1,ybbB,502543,1000,0.0
p1,ybbB,502543,1500,0.0
p1,ybbB,502543,2000,0.0
p1,ybbB,502543,2500,0.0
p1,ybbB,502543,3000,0.0
p1,ybbB,502543,4000,0.0
p1,ybbB,502543,4500,0.0
p1,ybbB,502543,5000,0.0
p1,ybbB,502543,5500,0.0
p1,ybbB,502543,6000,0.0
p1,ybbB,502543,6500,0.0
p1,ybbB,502543,7500,0.0
p1,ybbB,502543,8000,0.0
p1,ybbB,502543,8500,0.0
p1,ybbB,502543,9000,0.0
p1,ybbB,502543,9500,0.0
p1,ybbB,502543,10000,0.0
p1,ybbB,502543,10500,0.0
p1,ybbB,502543,11000,0.0
p1,ybbB,502543,11500,0.0
p1,ybbB,502543,12000,0.0
p1,ybbB,502543,12500,0.0
p1,ybbB,502543,13000,0.0
p1,ybbB,502543,13500,0.0
p1,ybbB,502543,14000,0.0
p1,ybbB,502543,14500,0.0
p1,ybbB,502543,15000,0.0
p1,ybbB,502543,15500,0.0
p1,ybbB,502543,16000,0.0
p1,ybbB,502543,16500,0.0
p1,ybbB,502543,17000,0.0
p1,ybbB,502543,17500,0.0
p1,ybbB,502543,18000,0.0
p1,ybbB,502543,18500,0.0
p1,ybbB,502543,19000,0.0
p1,ybbB,502543,19500,0.0
p1,ybbB,502543,20000,0.0
p1,ybbB,502543,20500,0.0
p1,ybbB,502543,21000,0.0
p1,ybbB,502543,21500,0.0
p1,ybbB,502543,22000,0.0
p1,ybbB,502543,22500,0.0
p1,ybbB,502543,23000,0.0
p1,ybbB,502543,23500,0.0
p1,ybbB,502543,24000,0.0
p1,ybbB,502543,24500,0.0
p1,ybbB,502543,25000,0.0
p1,ybbB,502543,25500,0.0
p1,ybbB,502543,26000,0.0
p1,ybbB,502543,26500,0.0
p1,ybbB,502543,27000,0.0
p1,ybbB,502543,27500,0.0
p1,ybbB,502543,28000,0.0
p1,ybbB,502543,28500,0.069
p1,ybbB,502543,29000,0.0
p1,ybbB,502543,29500,0.0
p1,ybbB,502543,30000,0.0
p1,ybbB,502543,30500,0.0
p1,ybbB,502543,31000,0.0
p1,ybbB,502543,31500,0.0
p1,ybbB,502543,32000,0.0
p1,ybbB,502543,32500,0.0
p1,ybbB,502543,33000,0.0
p1,ybbB,502543,33500,0.0
p1,ybbB,502543,34000,0.0
p1,ybbB,502543,34500,0.0
p1,ybbB,502543,35000,0.0
p1,ybbB,502543,35500,0.0
p1,ybbB,502543,36000,0.0
p1,ybbB,502543,36500,0.0
p1,ybbB,502543,37000,0.0
p1,ybbB,502543,37500,0.0
p1,ybbB,502543,38000,0.0
p1,ybbB,502543,38500,0.0
p1,ybbB,502543,39000,0.0
p1,ybbB,502543,39500,0.0
p1,ybbB,502543,40000,0.0
p1,ybbB,502543,41000,0.0
p1,ybbB,502543,41500,0.0
p1,ybbB,502543,42000,0.0
p1,ybbB,502543,42500,0.0
p1,ybbB,502543,43000,0.0
p1,ybbB,502543,43500,0.0
p1,ybbB,502543,44000,0.0
p1,ybbB,502543,44500,0.0
p1,ybbB,502543,45000,0.0
p1,ybbB,502543,45500,0.025
p1,ybbB,502543,46000,0.0
p1,ybbB,502543,46500,0.076
p1,ybbB,502543,47000,0.454
p1,ybbB,502543,47500,0.538
p1,ybbB,502543,48000,0.774
p1,ybbB,502543,48500,0.464
p1,ybbB,502543,49000,0.824
p1,ybbB,502543,49500,0.96
p1,ybbB,502543,50000,0.979
p1,ybbB,502543,50500,0.978
p1,ybbB,502543,51000,0.944
p1,ybbB,502543,51500,0.971
p1,ybbB,502543,52000,1.0
p1,ybbB,502543,52500,1.0
p1,ybbB,502543,53000,1.0
p1,ybbB,502543,53500,1.0
p1,ybbB,502543,54000,1.0
p1,ybbB,502543,54500,1.0
p1,ybbB,502543,55000,1.0
p1,ybbB,502543,55500,1.0
p1,ybbB,502543,56000,1.0
p1,ybbB,502543,56500,1.0
p1,ybbB,502543,57000,1.0
p1,ybbB,502543,57500,1.0
p1,ybbB,502543,58000,1.0
p1,ybbB,502543,58500,1.0
p1,ybbB,502543,59000,1.0
p1,ybbB,502543,59500,1.0
p1,ybbB,502543,60000,1.0
p1,intergenic,588490,0,0.0
p1,intergenic,588490,1000,0.0
p1,intergenic,588490,1500,0.0
p1,intergenic,588490,2000,0.0
p1,intergenic,588490,2500,0.0
p1,intergenic,588490,3000,0.03
p1,intergenic,588490,4000,0.0
p1,intergenic,588490,4500,0.0
p1,intergenic,588490,5000,0.0
p1,intergenic,588490,5500,0.0
p1,intergenic,588490,6000,0.0
p1,intergenic,588490,6500,0.111
p1,intergenic,588490,7500,0.0
p1,intergenic,588490,8000,0.0
p1,intergenic,588490,8500,0.0
p1,intergenic,588490,9000,0.0
p1,intergenic,588490,9500,0.0
p1,intergenic,588490,10000,0.0
p1,intergenic,588490,10500,0.0
p1,intergenic,588490,11000,0.0
p1,intergenic,588490,11500,0.0
p1,intergenic,588490,12000,0.0
p1,intergenic,588490,12500,0.0
p1,intergenic,588490,13000,0.048
p1,intergenic,588490,13500,0.013
p1,intergenic,588490,14000,0.013
p1,intergenic,588490,14500,0.146
p1,intergenic,588490,15000,0.097
p1,intergenic,588490,15500,0.246
p1,intergenic,588490,16000,0.449
p1,intergenic,588490,16500,0.525
p1,intergenic,588490,17000,0.562
p1,intergenic,588490,17500,0.378
p1,intergenic,588490,18000,0.333
p1,intergenic,588490,18500,0.184
p1,intergenic,588490,19000,0.368
p1,intergenic,588490,19500,0.37
p1,intergenic,588490,20000,0.667
p1,intergenic,588490,20500,0.727
p1,intergenic,588490,21000,0.643
p1,intergenic,588490,21500,0.514
p1,intergenic,588490,22000,0.19
p1,intergenic,588490,22500,0.2
p1,intergenic,588490,23000,0.0
p1,intergenic,588490,23500,0.286
p1,intergenic,588490,24000,0.0
p1,intergenic,588490,24500,0.444
p1,intergenic,588490,25000,0.222
p1,intergenic,588490,25500,0.333
p1,intergenic,588490,26000,1.0
p1,intergenic,588490,26500,0.8
p1,intergenic,588490,27000,0.5
p1,intergenic,588490,28000,0.5
p1,intergenic,588490,28500,1.0
p1,intergenic,588490,29000,1.0
p1,intergenic,588490,29500,1.0
p1,intergenic,588490,30000,0.5
p1,intergenic,588490,30500,1.0
p1,intergenic,588490,31000,0.0
p1,intergenic,588490,31500,1.0
p1,intergenic,588490,32000,0.667
p1,intergenic,588490,32500,1.0
p1,intergenic,588490,33000,1.0
p1,intergenic,588490,33500,1.0
p1,intergenic,588490,34000,1.0
p1,intergenic,588490,34500,1.0
p1,intergenic,588490,35500,0.5
p1,intergenic,588490,36000,1.0
p1,intergenic,588490,36500,1.0
p1,intergenic,588490,37000,0.667
p1,intergenic,588490,37500,0.0
p1,intergenic,588490,38000,0.8
p1,intergenic,588490,38500,0.6
p1,intergenic,588490,39000,0.667
p1,intergenic,588490,39500,1.0
p1,intergenic,588490,40000,1.0
p1,intergenic,588490,41000,0.333
p1,intergenic,588490,41500,0.8
p1,intergenic,588490,42000,0.5
p1,intergenic,588490,42500,0.667
p1,intergenic,588490,43000,0.333
p1,intergenic,588490,43500,0.5
p1,intergenic,588490,44000,0.667
p1,intergenic,588490,45000,0.75
p1,intergenic,588490,46500,1.0
p1,intergenic,588490,47000,0.0
p1,intergenic,588490,47500,1.0
p1,intergenic,588490,48000,1.0
p1,intergenic,588490,48500,1.0
p1,intergenic,588490,49000,1.0
p1,intergenic,588490,49500,0.857
p1,intergenic,588490,50000,0.667
p1,intergenic,588490,50500,0.667
p1,intergenic,588490,51000,1.0
p1,intergenic,588490,51500,1.0
p1,intergenic,588490,52000,1.0
p1,intergenic,588490,52500,1.0
p1,intergenic,588490,53000,0.0
p1,intergenic,588490,53500,1.0
p1,intergenic,588490,54000,0.875
p1,intergenic,588490,54500,0.333
p1,intergenic,588490,55000,1.0
p1,intergenic,588490,55500,1.0
p1,intergenic,588490,56000,1.0
p1,intergenic,588490,58500,1.0
p1,intergenic,588490,59500,1.0
p1,intergenic,588490,0,0.0
p1,intergenic,588490,1000,0.0
p1,intergenic,588490,1500,0.0
p1,intergenic,588490,2000,0.0
p1,intergenic,588490,2500,0.0
p1,intergenic,588490,3000,0.0
p1,intergenic,588490,4000,0.0
p1,intergenic,588490,4500,0.0
p1,intergenic,588490,5000,0.0
p1,intergenic,588490,5500,0.0
p1,intergenic,588490,6000,0.0
p1,intergenic,588490,6500,0.0
p1,intergenic,588490,7500,0.0
p1,intergenic,588490,8000,0.0
p1,intergenic,588490,8500,0.0
p1,intergenic,588490,9000,0.0
p1,intergenic,588490,9500,0.0
p1,intergenic,588490,10000,0.0
p1,intergenic,588490,10500,0.0
p1,intergenic,588490,11000,0.0
p1,intergenic,588490,11500,0.0
p1,intergenic,588490,12000,0.0
p1,intergenic,588490,12500,0.0
p1,intergenic,588490,13000,0.0
p1,intergenic,588490,13500,0.0
p1,intergenic,588490,14000,0.0
p1,intergenic,588490,14500,0.0
p1,intergenic,588490,15000,0.0
p1,intergenic,588490,15500,0.0
p1,intergenic,588490,16000,0.0
p1,intergenic,588490,16500,0.0
p1,intergenic,588490,17000,0.0
p1,intergenic,588490,17500,0.0
p1,intergenic,588490,18000,0.0
p1,intergenic,588490,18500,0.0
p1,intergenic,588490,19000,0.0
p1,intergenic,588490,19500,0.0
p1,intergenic,588490,20000,0.078
p1,intergenic,588490,20500,0.258
p1,intergenic,588490,21000,0.571
p1,intergenic,588490,21500,0.57
p1,intergenic,588490,22000,0.769
p1,intergenic,588490,22500,0.963
p1,intergenic,588490,23000,0.917
p1,intergenic,588490,23500,0.877
p1,intergenic,588490,24000,0.956
p1,intergenic,588490,24500,0.829
p1,intergenic,588490,25000,0.681
p1,intergenic,588490,25500,0.809
p1,intergenic,588490,26000,0.957
p1,intergenic,588490,26500,0.895
p1,intergenic,588490,27000,0.957
p1,intergenic,588490,27500,1.0
p1,intergenic,588490,28000,0.933
p1,intergenic,588490,28500,0.947
p1,intergenic,588490,29000,0.975
p1,intergenic,588490,29500,0.99
p1,intergenic,588490,30000,0.981
p1,intergenic,588490,30500,0.975
p1,intergenic,588490,31000,0.986
p1,intergenic,588490,31500,0.937
p1,intergenic,588490,32000,0.959
p1,intergenic,588490,32500,0.938
p1,intergenic,588490,33000,0.917
p1,intergenic,588490,33500,0.987
p1,intergenic,588490,34000,0.981
p1,intergenic,588490,34500,0.987
p1,intergenic,588490,35000,1.0
p1,intergenic,588490,35500,0.986
p1,intergenic,588490,36000,0.99
p1,intergenic,588490,36500,0.938
p1,intergenic,588490,37000,0.95
p1,intergenic,588490,37500,1.0
p1,intergenic,588490,38000,0.939
p1,intergenic,588490,38500,0.938
p1,intergenic,588490,39000,0.941
p1,intergenic,588490,39500,0.968
p1,intergenic,588490,40000,0.87
p1,intergenic,588490,41000,0.957
p1,intergenic,588490,41500,0.957
p1,intergenic,588490,42000,0.986
p1,intergenic,588490,42500,0.96
p1,intergenic,588490,43000,0.988
p1,intergenic,588490,43500,0.941
p1,intergenic,588490,44000,0.983
p1,intergenic,588490,44500,1.0
p1,intergenic,588490,45000,0.941
p1,intergenic,588490,45500,1.0
p1,intergenic,588490,46000,1.0
p1,intergenic,588490,46500,0.986
p1,intergenic,588490,47000,0.983
p1,intergenic,588490,47500,0.951
p1,intergenic,588490,48000,0.938
p1,intergenic,588490,48500,0.986
p1,intergenic,588490,49000,0.954
p1,intergenic,588490,49500,0.905
p1,intergenic,588490,50000,0.941
p1,intergenic,588490,50500,0.955
p1,intergenic,588490,51000,0.971
p1,intergenic,588490,51500,0.991
p1,intergenic,588490,52000,0.977
p1,intergenic,588490,52500,0.974
p1,intergenic,588490,53000,1.0
p1,intergenic,588490,53500,0.929
p1,intergenic,588490,54000,0.902
p1,intergenic,588490,54500,0.976
p1,intergenic,588490,55000,0.921
p1,intergenic,588490,55500,0.981
p1,intergenic,588490,56000,0.957
p1,intergenic,588490,56500,1.0
p1,intergenic,588490,57000,1.0
p1,intergenic,588490,57500,1.0
p1,intergenic,588490,58000,0.99
p1,intergenic,588490,58500,0.971
p1,intergenic,588490,59000,1.0
p1,intergenic,588490,59500,0.967
p1,intergenic,588490,60000,0.833
p1,entF,597567,0,0.0
p1,entF,597567,1000,0.0
p1,entF,597567,1500,0.0
p1,entF,597567,2000,0.0
p1,entF,597567,2500,0.0
p1,entF,597567,3000,0.0
p1,entF,597567,4000,0.0
p1,entF,597567,4500,0.0
p1,entF,597567,5000,0.0
p1,entF,597567,5500,0.0
p1,entF,597567,6500,0.0
p1,entF,597567,7500,0.0
p1,entF,597567,8000,0.0
p1,entF,597567,8500,0.0
p1,entF,597567,9000,0.0
p1,entF,597567,9500,0.0
p1,entF,597567,10000,0.0
p1,entF,597567,10500,0.0
p1,entF,597567,11000,0.0
p1,entF,597567,11500,0.0
p1,entF,597567,12000,0.0
p1,entF,597567,12500,0.0
p1,entF,597567,13000,0.0
p1,entF,597567,13500,0.0
p1,entF,597567,14000,0.0
p1,entF,597567,14500,0.0
p1,entF,597567,15000,0.0
p1,entF,597567,15500,0.0
p1,entF,597567,16000,0.0
p1,entF,597567,16500,0.0
p1,entF,597567,17000,0.0
p1,entF,597567,17500,0.0
p1,entF,597567,18000,0.0
p1,entF,597567,18500,0.0
p1,entF,597567,19000,0.0
p1,entF,597567,19500,0.0
p1,entF,597567,20000,0.0
p1,entF,597567,20500,0.0
p1,entF,597567,21000,0.0
p1,entF,597567,21500,0.0
p1,entF,597567,22000,0.0
p1,entF,597567,22500,0.0
p1,entF,597567,23000,0.0
p1,entF,597567,23500,0.0
p1,entF,597567,24000,0.0
p1,entF,597567,24500,0.0
p1,entF,597567,25000,0.0
p1,entF,597567,25500,0.0
p1,entF,597567,26000,0.0
p1,entF,597567,26500,0.0
p1,entF,597567,27000,0.0
p1,entF,597567,27500,0.0
p1,entF,597567,28000,0.0
p1,entF,597567,28500,0.0
p1,entF,597567,29000,0.0
p1,entF,597567,29500,0.0
p1,entF,597567,30000,0.0
p1,entF,597567,30500,0.0
p1,entF,597567,31000,0.0
p1,entF,597567,31500,0.0
p1,entF,597567,32000,0.0
p1,entF,597567,32500,0.0
p1,entF,597567,33000,0.0
p1,entF,597567,33500,0.0
p1,entF,597567,34000,0.0
p1,entF,597567,34500,0.0
p1,entF,597567,35000,0.0
p1,entF,597567,35500,0.0
p1,entF,597567,36000,0.0
p1,entF,597567,36500,0.0
p1,entF,597567,37000,0.0
p1,entF,597567,37500,0.0
p1,entF,597567,38000,0.115
p1,entF,597567,38500,0.176
p1,entF,597567,39000,0.413
p1,entF,597567,39500,0.599
p1,entF,597567,40000,0.601
p1,entF,597567,41000,0.918
p1,entF,597567,41500,0.856
p1,entF,597567,42000,0.501
p1,entF,597567,42500,1.0
p1,entF,597567,43000,0.895
p1,entF,597567,43500,0.974
p1,entF,597567,44000,0.902
p1,entF,597567,44500,0.701
p1,entF,597567,45000,0.0
p1,entF,597567,45500,0.308
p1,entF,597567,46000,0.557
p1,entF,597567,46500,0.318
p1,entF,597567,47000,0.0
p1,entF,597567,47500,0.108
p1,entF,597567,48000,0.41
p1,entF,597567,48500,0.667
p1,entF,597567,49000,0.351
p1,entF,597567,49500,0.15
p1,entF,597567,50000,0.069
p1,entF,597567,50500,0.062
p1,entF,597567,51000,0.108
p1,entF,597567,51500,0.017
p1,entF,597567,52000,0.0
p1,entF,597567,52500,0.0
p1,entF,597567,53000,0.0
p1,entF,597567,53500,0.0
p1,entF,597567,54000,0.0
p1,entF,597567,54500,0.0
p1,entF,597567,55000,0.0
p1,entF,597567,55500,0.0
p1,entF,597567,56000,0.0
p1,entF,597567,56500,0.0
p1,entF,597567,57000,0.0
p1,entF,597567,57500,0.0
p1,entF,597567,58000,0.0
p1,entF,597567,58500,0.0
p1,entF,597567,59000,0.0
p1,entF,597567,59500,0.0
p1,entF,597567,60000,0.0
p1,intergenic,735660,0,0.0
p1,intergenic,735660,1000,0.0
p1,intergenic,735660,1500,0.0
p1,intergenic,735660,2000,0.0
p1,intergenic,735660,2500,0.0
p1,intergenic,735660,3000,0.0
p1,intergenic,735660,4000,0.0
p1,intergenic,735660,4500,0.0
p1,intergenic,735660,5000,0.0
p1,intergenic,735660,5500,0.0
p1,intergenic,735660,6500,0.0
p1,intergenic,735660,7500,0.0
p1,intergenic,735660,8000,0.0
p1,intergenic,735660,8500,0.0
p1,intergenic,735660,9000,0.0
p1,intergenic,735660,9500,0.0
p1,intergenic,735660,10000,0.0
p1,intergenic,735660,10500,0.0
p1,intergenic,735660,11000,0.0
p1,intergenic,735660,11500,0.0
p1,intergenic,735660,12000,0.0
p1,intergenic,735660,12500,0.0
p1,intergenic,735660,13000,0.0
p1,intergenic,735660,13500,0.0
p1,intergenic,735660,14000,0.0
p1,intergenic,735660,14500,0.0
p1,intergenic,735660,15000,0.0
p1,intergenic,735660,15500,0.0
p1,intergenic,735660,16000,0.0
p1,intergenic,735660,16500,0.0
p1,intergenic,735660,17000,0.0
p1,intergenic,735660,17500,0.0
p1,intergenic,735660,18000,0.0
p1,intergenic,735660,18500,0.0
p1,intergenic,735660,19000,0.0
p1,intergenic,735660,19500,0.0
p1,intergenic,735660,20000,0.0
p1,intergenic,735660,20500,0.0
p1,intergenic,735660,21000,0.0
p1,intergenic,735660,21500,0.0
p1,intergenic,735660,22000,0.0
p1,intergenic,735660,22500,0.0
p1,intergenic,735660,23000,0.0
p1,intergenic,735660,23500,0.0
p1,intergenic,735660,24000,0.0
p1,intergenic,735660,24500,0.0
p1,intergenic,735660,25000,0.0
p1,intergenic,735660,25500,0.0
p1,intergenic,735660,26000,0.0
p1,intergenic,735660,26500,0.0
p1,intergenic,735660,27000,0.0
p1,intergenic,735660,27500,0.0
p1,intergenic,735660,28000,0.0
p1,intergenic,735660,28500,0.01
p1,intergenic,735660,29000,0.0
p1,intergenic,735660,29500,0.0
p1,intergenic,735660,30000,0.0
p1,intergenic,735660,30500,0.0
p1,intergenic,735660,31000,0.0
p1,intergenic,735660,31500,0.0
p1,intergenic,735660,32000,0.0
p1,intergenic,735660,32500,0.0
p1,intergenic,735660,33000,0.0
p1,intergenic,735660,33500,0.0
p1,intergenic,735660,34000,0.0
p1,intergenic,735660,34500,0.0
p1,intergenic,735660,35000,0.0
p1,intergenic,735660,35500,0.01
p1,intergenic,735660,36000,0.087
p1,intergenic,735660,36500,0.13
p1,intergenic,735660,37000,0.299
p1,intergenic,735660,37500,0.376
p1,intergenic,735660,38000,0.099
p1,intergenic,735660,38500,0.238
p1,intergenic,735660,39000,0.201
p1,intergenic,735660,39500,0.225
p1,intergenic,735660,40000,0.028
p1,intergenic,735660,41000,0.037
p1,intergenic,735660,41500,0.087
p1,intergenic,735660,42000,0.083
p1,intergenic,735660,42500,0.054
p1,intergenic,735660,43000,0.121
p1,intergenic,735660,43500,0.04
p1,intergenic,735660,44000,0.035
p1,intergenic,735660,44500,0.091
p1,intergenic,735660,45000,0.411
p1,intergenic,735660,45500,0.118
p1,intergenic,735660,46000,0.029
p1,intergenic,735660,46500,0.252
p1,intergenic,735660,47000,0.685
p1,intergenic,735660,47500,0.862
p1,intergenic,735660,48000,0.701
p1,intergenic,735660,48500,0.517
p1,intergenic,735660,49000,0.744
p1,intergenic,735660,49500,0.941
p1,intergenic,735660,50000,0.974
p1,intergenic,735660,50500,0.904
p1,intergenic,735660,51000,0.94
p1,intergenic,735660,51500,0.973
p1,intergenic,735660,52000,1.0
p1,intergenic,735660,52500,0.991
p1,intergenic,735660,53000,1.0
p1,intergenic,735660,53500,0.967
p1,intergenic,735660,54000,1.0
p1,intergenic,735660,54500,1.0
p1,intergenic,735660,55000,1.0
p1,intergenic,735660,55500,1.0
p1,intergenic,735660,56000,1.0
p1,intergenic,735660,56500,1.0
p1,intergenic,735660,57000,1.0
p1,intergenic,735660,57500,0.952
p1,intergenic,735660,58000,1.0
p1,intergenic,735660,58500,0.99
p1,intergenic,735660,59000,1.0
p1,intergenic,735660,59500,1.0
p1,intergenic,735660,60000,1.0
p1,ECB_00737,796328,0,0.009
p1,ECB_00737,796328,1000,0.0
p1,ECB_00737,796328,1500,0.0
p1,ECB_00737,796328,2000,0.0
p1,ECB_00737,796328,2500,0.069
p1,ECB_00737,796328,3000,0.0
p1,ECB_00737,796328,4000,0.0
p1,ECB_00737,796328,4500,0.0
p1,ECB_00737,796328,5000,0.0
p1,ECB_00737,796328,5500,0.0
p1,ECB_00737,796328,6000,0.0
p1,ECB_00737,796328,6500,0.0
p1,ECB_00737,796328,7500,0.045
p1,ECB_00737,796328,8000,0.053
p1,ECB_00737,796328,8500,0.0
p1,ECB_00737,796328,9000,0.0
p1,ECB_00737,796328,9500,0.176
p1,ECB_00737,796328,10000,0.13
p1,ECB_00737,796328,10500,0.652
p1,ECB_00737,796328,11000,0.714
p1,ECB_00737,796328,11500,0.7
p1,ECB_00737,796328,12000,0.875
p1,ECB_00737,796328,12500,0.737
p1,ECB_00737,796328,13000,0.9
p1,ECB_00737,796328,13500,0.921
p1,ECB_00737,796328,14000,0.934
p1,ECB_00737,796328,14500,0.869
p1,ECB_00737,796328,15000,0.667
p1,ECB_00737,796328,15500,0.853
p1,ECB_00737,796328,16000,0.941
p1,ECB_00737,796328,16500,0.871
p1,ECB_00737,796328,17000,0.814
p1,ECB_00737,796328,17500,0.929
p1,ECB_00737,796328,18000,0.788
p1,ECB_00737,796328,18500,0.704
p1,ECB_00737,796328,19000,0.692
p1,ECB_00737,796328,19500,0.811
p1,ECB_00737,796328,20000,0.6
p1,ECB_00737,796328,20500,1.0
p1,ECB_00737,796328,21000,0.908
p1,ECB_00737,796328,21500,0.961
p1,ECB_00737,796328,22000,0.974
p1,ECB_00737,796328,22500,0.975
p1,ECB_00737,796328,23000,0.96
p1,ECB_00737,796328,23500,0.929
p1,ECB_00737,796328,24000,0.979
p1,ECB_00737,796328,24500,0.906
p1,ECB_00737,796328,25000,0.963
p1,ECB_00737,796328,25500,0.98
p1,ECB_00737,796328,26000,0.962
p1,ECB_00737,796328,26500,0.978
p1,ECB_00737,796328,27000,1.0
p1,ECB_00737,796328,27500,1.0
p1,ECB_00737,796328,28000,1.0
p1,ECB_00737,796328,28500,0.952
p1,ECB_00737,796328,29000,1.0
p1,ECB_00737,796328,29500,0.978
p1,ECB_00737,796328,30000,0.933
p1,ECB_00737,796328,30500,1.0
p1,ECB_00737,796328,31000,1.0
p1,ECB_00737,796328,31500,1.0
p1,ECB_00737,796328,32000,0.97
p1,ECB_00737,796328,32500,0.938
p1,ECB_00737,796328,33000,0.976
p1,ECB_00737,796328,33500,0.988
p1,ECB_00737,796328,34000,1.0
p1,ECB_00737,796328,34500,0.968
p1,ECB_00737,796328,35000,1.0
p1,ECB_00737,796328,35500,0.968
p1,ECB_00737,796328,36000,0.961
p1,ECB_00737,796328,36500,1.0
p1,ECB_00737,796328,37000,0.979
p1,ECB_00737,796328,37500,1.0
p1,ECB_00737,796328,38000,1.0
p1,ECB_00737,796328,38500,1.0
p1,ECB_00737,796328,39000,0.91
p1,ECB_00737,796328,39500,0.976
p1,ECB_00737,796328,40000,1.0
p1,ECB_00737,796328,41000,0.947
p1,ECB_00737,796328,41500,0.975
p1,ECB_00737,796328,42000,0.977
p1,ECB_00737,796328,42500,0.955
p1,ECB_00737,796328,43000,1.0
p1,ECB_00737,796328,43500,0.979
p1,ECB_00737,796328,44000,0.968
p1,ECB_00737,796328,44500,0.965
p1,ECB_00737,796328,45000,1.0
p1,ECB_00737,796328,45500,0.984
p1,ECB_00737,796328,46000,1.0
p1,ECB_00737,796328,46500,1.0
p1,ECB_00737,796328,47000,0.985
p1,ECB_00737,796328,47500,1.0
p1,ECB_00737,796328,48000,0.986
p1,ECB_00737,796328,48500,0.984
p1,ECB_00737,796328,49000,0.989
p1,ECB_00737,796328,49500,0.976
p1,ECB_00737,796328,50000,1.0
p1,ECB_00737,796328,50500,0.957
p1,ECB_00737,796328,51000,1.0
p1,ECB_00737,796328,51500,0.971
p1,ECB_00737,796328,52000,0.981
p1,ECB_00737,796328,52500,0.965
p1,ECB_00737,796328,53000,0.923
p1,ECB_00737,796328,53500,0.9
p1,ECB_00737,796328,54000,0.969
p1,ECB_00737,796328,54500,0.977
p1,ECB_00737,796328,55000,0.968
p1,ECB_00737,796328,55500,0.982
p1,ECB_00737,796328,56000,0.925
p1,ECB_00737,796328,56500,0.936
p1,ECB_00737,796328,57000,0.908
p1,ECB_00737,796328,57500,1.0
p1,ECB_00737,796328,58000,0.949
p1,ECB_00737,796328,58500,0.981
p1,ECB_00737,796328,59000,1.0
p1,ECB_00737,796328,59500,0.964
p1,ECB_00737,796328,60000,1.0
p1,deoR,875094,0,0.0
p1,deoR,875094,1000,0.0
p1,deoR,875094,1500,0.0
p1,deoR,875094,2000,0.0
p1,deoR,875094,2500,0.0
p1,deoR,875094,3000,0.0
p1,deoR,875094,4000,0.0
p1,deoR,875094,4500,0.0
p1,deoR,875094,5000,0.0
p1,deoR,875094,5500,0.0
p1,deoR,875094,6000,0.0
p1,deoR,875094,6500,0.0
p1,deoR,875094,7500,0.0
p1,deoR,875094,8000,0.0
p1,deoR,875094,8500,0.0
p1,deoR,875094,9000,0.0
p1,deoR,875094,9500,0.0
p1,deoR,875094,10000,0.0
p1,deoR,875094,10500,0.0
p1,deoR,875094,11000,0.0
p1,deoR,875094,11500,0.0
p1,deoR,875094,12000,0.0
p1,deoR,875094,12500,0.0
p1,deoR,875094,13000,0.0
p1,deoR,875094,13500,0.0
p1,deoR,875094,14000,0.0
p1,deoR,875094,14500,0.0
p1,deoR,875094,15000,0.0
p1,deoR,875094,15500,0.0
p1,deoR,875094,16000,0.0
p1,deoR,875094,16500,0.0
p1,deoR,875094,17000,0.0
p1,deoR,875094,17500,0.0
p1,deoR,875094,18000,0.0
p1,deoR,875094,18500,0.0
p1,deoR,875094,19000,0.0
p1,deoR,875094,19500,0.0
p1,deoR,875094,20000,0.0
p1,deoR,875094,20500,0.0
p1,deoR,875094,21000,0.014
p1,deoR,875094,21500,0.0
p1,deoR,875094,22000,0.0
p1,deoR,875094,22500,0.0
p1,deoR,875094,23000,0.0
p1,deoR,875094,23500,0.0
p1,deoR,875094,24000,0.0
p1,deoR,875094,24500,0.0
p1,deoR,875094,25000,0.0
p1,deoR,875094,25500,0.0
p1,deoR,875094,26000,0.0
p1,deoR,875094,26500,0.0
p1,deoR,875094,27000,0.091
p1,deoR,875094,27500,0.303
p1,deoR,875094,28000,0.37
p1,deoR,875094,28500,0.315
p1,deoR,875094,29000,0.413
p1,deoR,875094,29500,0.412
p1,deoR,875094,30000,0.278
p1,deoR,875094,30500,0.367
p1,deoR,875094,31000,0.605
p1,deoR,875094,31500,0.227
p1,deoR,875094,32000,0.286
p1,deoR,875094,32500,0.175
p1,deoR,875094,33000,0.045
p1,deoR,875094,33500,0.063
p1,deoR,875094,34000,0.375
p1,deoR,875094,34500,0.141
p1,deoR,875094,35000,0.312
p1,deoR,875094,35500,0.458
p1,deoR,875094,36000,0.429
p1,deoR,875094,36500,0.385
p1,deoR,875094,37000,0.375
p1,deoR,875094,37500,0.44
p1,deoR,875094,38000,0.281
p1,deoR,875094,38500,0.353
p1,deoR,875094,39000,0.254
p1,deoR,875094,39500,0.229
p1,deoR,875094,40000,0.176
p1,deoR,875094,41000,0.017
p1,deoR,875094,41500,0.118
p1,deoR,875094,42000,0.066
p1,deoR,875094,42500,0.049
p1,deoR,875094,43000,0.059
p1,deoR,875094,43500,0.0
p1,deoR,875094,44000,0.111
p1,deoR,875094,44500,0.056
p1,deoR,875094,45000,0.286
p1,deoR,875094,45500,0.089
p1,deoR,875094,46000,0.04
p1,deoR,875094,46500,0.25
p1,deoR,875094,47000,0.59
p1,deoR,875094,47500,0.887
p1,deoR,875094,48000,0.683
p1,deoR,875094,48500,0.458
p1,deoR,875094,49000,0.78
p1,deoR,875094,49500,0.907
p1,deoR,875094,50000,0.973
p1,deoR,875094,50500,0.886
p1,deoR,875094,51000,0.909
p1,deoR,875094,51500,0.959
p1,deoR,875094,52000,1.0
p1,deoR,875094,52500,1.0
p1,deoR,875094,53000,1.0
p1,deoR,875094,53500,1.0
p1,deoR,875094,54000,1.0
p1,deoR,875094,54500,1.0
p1,deoR,875094,55000,1.0
p1,deoR,875094,55500,1.0
p1,deoR,875094,56000,1.0
p1,deoR,875094,56500,1.0
p1,deoR,875094,57000,1.0
p1,deoR,875094,57500,0.973
p1,deoR,875094,58000,1.0
p1,deoR,875094,58500,1.0
p1,deoR,875094,59000,1.0
p1,deoR,875094,59500,1.0
p1,deoR,875094,60000,1.0
p1,hcp,929574,0,0.0
p1,hcp,929574,1000,0.0
p1,hcp,929574,1500,0.0
p1,hcp,929574,2000,0.0
p1,hcp,929574,2500,0.0
p1,hcp,929574,3000,0.0
p1,hcp,929574,4000,0.0
p1,hcp,929574,4500,0.0
p1,hcp,929574,5000,0.0
p1,hcp,929574,5500,0.0
p1,hcp,929574,6000,0.0
p1,hcp,929574,6500,0.0
p1,hcp,929574,7500,0.0
p1,hcp,929574,8000,0.0
p1,hcp,929574,8500,0.0
p1,hcp,929574,9000,0.0
p1,hcp,929574,9500,0.0
p1,hcp,929574,10000,0.0
p1,hcp,929574,10500,0.0
p1,hcp,929574,11000,0.0
p1,hcp,929574,11500,0.0
p1,hcp,929574,12000,0.0
p1,hcp,929574,12500,0.0
p1,hcp,929574,13000,0.0
p1,hcp,929574,13500,0.0
p1,hcp,929574,14000,0.0
p1,hcp,929574,14500,0.0
p1,hcp,929574,15000,0.0
p1,hcp,929574,15500,0.0
p1,hcp,929574,16000,0.0
p1,hcp,929574,16500,0.0
p1,hcp,929574,17000,0.009
p1,hcp,929574,17500,0.036
p1,hcp,929574,18000,0.053
p1,hcp,929574,18500,0.01
p1,hcp,929574,19000,0.03
p1,hcp,929574,19500,0.007
p1,hcp,929574,20000,0.042
p1,hcp,929574,20500,0.0
p1,hcp,929574,21000,0.0
p1,hcp,929574,21500,0.0
p1,hcp,929574,22000,0.0
p1,hcp,929574,22500,0.0
p1,hcp,929574,23000,0.006
p1,hcp,929574,23500,0.0
p1,hcp,929574,24000,0.0
p1,hcp,929574,24500,0.0
p1,hcp,929574,25000,0.0
p1,hcp,929574,25500,0.018
p1,hcp,929574,26000,0.0
p1,hcp,929574,26500,0.0
p1,hcp,929574,27000,0.0
p1,hcp,929574,27500,0.0
p1,hcp,929574,28000,0.0
p1,hcp,929574,28500,0.09
p1,hcp,929574,29000,0.0
p1,hcp,929574,29500,0.0
p1,hcp,929574,30000,0.0
p1,hcp,929574,30500,0.0
p1,hcp,929574,31000,0.0
p1,hcp,929574,31500,0.0
p1,hcp,929574,32000,0.0
p1,hcp,929574,32500,0.0
p1,hcp,929574,33000,0.028
p1,hcp,929574,33500,0.015
p1,hcp,929574,34000,0.108
p1,hcp,929574,34500,0.13
p1,hcp,929574,35000,0.278
p1,hcp,929574,35500,0.437
p1,hcp,929574,36000,0.563
p1,hcp,929574,36500,0.206
p1,hcp,929574,37000,0.512
p1,hcp,929574,37500,0.544
p1,hcp,929574,38000,0.402
p1,hcp,929574,38500,0.459
p1,hcp,929574,39000,0.342
p1,hcp,929574,39500,0.212
p1,hcp,929574,40000,0.192
p1,hcp,929574,41000,0.117
p1,hcp,929574,41500,0.104
p1,hcp,929574,42000,0.261
p1,hcp,929574,42500,0.048
p1,hcp,929574,43000,0.07
p1,hcp,929574,43500,0.024
p1,hcp,929574,44000,0.024
p1,hcp,929574,44500,0.118
p1,hcp,929574,45000,0.319
p1,hcp,929574,45500,0.169
p1,hcp,929574,46000,0.042
p1,hcp,929574,46500,0.378
p1,hcp,929574,47000,0.706
p1,hcp,929574,47500,0.943
p1,hcp,929574,48000,0.832
p1,hcp,929574,48500,0.565
p1,hcp,929574,49000,0.76
p1,hcp,929574,49500,0.959
p1,hcp,929574,50000,1.0
p1,hcp,929574,50500,0.944
p1,hcp,929574,51000,0.882
p1,hcp,929574,51500,0.991
p1,hcp,929574,52000,1.0
p1,hcp,929574,52500,1.0
p1,hcp,929574,53000,1.0
p1,hcp,929574,53500,1.0
p1,hcp,929574,54000,1.0
p1,hcp,929574,54500,1.0
p1,hcp,929574,55000,1.0
p1,hcp,929574,55500,1.0
p1,hcp,929574,56000,1.0
p1,hcp,929574,56500,1.0
p1,hcp,929574,57000,1.0
p1,hcp,929574,57500,1.0
p1,hcp,929574,58000,1.0
p1,hcp,929574,58500,1.0
p1,hcp,929574,59000,1.0
p1,hcp,929574,59500,1.0
p1,hcp,929574,60000,1.0
p1,infA,943554,0,0.0
p1,infA,943554,1000,0.0
p1,infA,943554,1500,0.048
p1,infA,943554,2000,0.007
p1,infA,943554,2500,0.0
p1,infA,943554,3000,0.008
p1,infA,943554,4000,0.0
p1,infA,943554,4500,0.0
p1,infA,943554,5000,0.0
p1,infA,943554,5500,0.0
p1,infA,943554,6000,0.0
p1,infA,943554,6500,0.0
p1,infA,943554,7500,0.0
p1,infA,943554,8000,0.02
p1,infA,943554,8500,0.0
p1,infA,943554,9000,0.048
p1,infA,943554,9500,0.017
p1,infA,943554,10000,0.0
p1,infA,943554,10500,0.0
p1,infA,943554,11000,0.0
p1,infA,943554,11500,0.0
p1,infA,943554,12000,0.0
p1,infA,943554,12500,0.0
p1,infA,943554,13000,0.0
p1,infA,943554,13500,0.0
p1,infA,943554,14000,0.012
p1,infA,943554,14500,0.0
p1,infA,943554,15000,0.0
p1,infA,943554,15500,0.0
p1,infA,943554,16000,0.0
p1,infA,943554,16500,0.0
p1,infA,943554,17000,0.0
p1,infA,943554,17500,0.012
p1,infA,943554,18000,0.0
p1,infA,943554,18500,0.0
p1,infA,943554,19000,0.0
p1,infA,943554,19500,0.0
p1,infA,943554,20000,0.0
p1,infA,943554,20500,0.01
p1,infA,943554,21000,0.0
p1,infA,943554,21500,0.0
p1,infA,943554,22000,0.0
p1,infA,943554,22500,0.0
p1,infA,943554,23000,0.0
p1,infA,943554,23500,0.0
p1,infA,943554,24000,0.0
p1,infA,943554,24500,0.0
p1,infA,943554,25000,0.0
p1,infA,943554,25500,0.0
p1,infA,943554,26000,0.0
p1,infA,943554,26500,0.0
p1,infA,943554,27000,0.01
p1,infA,943554,27500,0.0
p1,infA,943554,28000,0.0
p1,infA,943554,28500,0.048
p1,infA,943554,29000,0.0
p1,infA,943554,29500,0.0
p1,infA,943554,30000,0.0
p1,infA,943554,30500,0.0
p1,infA,943554,31000,0.0
p1,infA,943554,31500,0.0
p1,infA,943554,32000,0.011
p1,infA,943554,32500,0.0
p1,infA,943554,33000,0.0
p1,infA,943554,33500,0.007
p1,infA,943554,34000,0.0
p1,infA,943554,34500,0.0
p1,infA,943554,35000,0.0
p1,infA,943554,35500,0.0
p1,infA,943554,36000,0.0
p1,infA,943554,36500,0.0
p1,infA,943554,37000,0.0
p1,infA,943554,37500,0.0
p1,infA,943554,38000,0.0
p1,infA,943554,38500,0.0
p1,infA,943554,39000,0.0
p1,infA,943554,39500,0.0
p1,infA,943554,40000,0.0
p1,infA,943554,41000,0.0
p1,infA,943554,41500,0.0
p1,infA,943554,42000,0.018
p1,infA,943554,42500,0.009
p1,infA,943554,43000,0.0
p1,infA,943554,43500,0.0
p1,infA,943554,44000,0.0
p1,infA,943554,44500,0.0
p1,infA,943554,45000,0.032
p1,infA,943554,45500,0.061
p1,infA,943554,46000,0.079
p1,infA,943554,46500,0.33
p1,infA,943554,47000,0.698
p1,infA,943554,47500,0.887
p1,infA,943554,48000,0.713
p1,infA,943554,48500,0.471
p1,infA,943554,49000,0.731
p1,infA,943554,49500,0.965
p1,infA,943554,50000,0.967
p1,infA,943554,50500,0.961
p1,infA,943554,51000,0.901
p1,infA,943554,51500,0.977
p1,infA,943554,52000,0.992
p1,infA,943554,52500,1.0
p1,infA,943554,53000,1.0
p1,infA,943554,53500,1.0
p1,infA,943554,54000,1.0
p1,infA,943554,54500,1.0
p1,infA,943554,55000,1.0
p1,infA,943554,55500,1.0
p1,infA,943554,56000,1.0
p1,infA,943554,56500,1.0
p1,infA,943554,57000,1.0
p1,infA,943554,57500,1.0
p1,infA,943554,58000,0.994
p1,infA,943554,58500,0.994
p1,infA,943554,59000,1.0
p1,infA,943554,59500,1.0
p1,infA,943554,60000,1.0
p1,ftsK,950280,0,0.0
p1,ftsK,950280,1000,0.0
p1,ftsK,950280,1500,0.0
p1,ftsK,950280,2000,0.008
p1,ftsK,950280,2500,0.0
p1,ftsK,950280,3000,0.0
p1,ftsK,950280,4000,0.0
p1,ftsK,950280,4500,0.0
p1,ftsK,950280,5000,0.0
p1,ftsK,950280,5500,0.0
p1,ftsK,950280,6000,0.0
p1,ftsK,950280,6500,0.0
p1,ftsK,950280,7500,0.0
p1,ftsK,950280,8000,0.0
p1,ftsK,950280,8500,0.0
p1,ftsK,950280,9000,0.0
p1,ftsK,950280,9500,0.0
p1,ftsK,950280,10000,0.0
p1,ftsK,950280,10500,0.0
p1,ftsK,950280,11000,0.0
p1,ftsK,950280,11500,0.0
p1,ftsK,950280,12000,0.0
p1,ftsK,950280,12500,0.0
p1,ftsK,950280,13000,0.0
p1,ftsK,950280,13500,0.007
p1,ftsK,950280,14000,0.0
p1,ftsK,950280,14500,0.0
p1,ftsK,950280,15000,0.0
p1,ftsK,950280,15500,0.0
p1,ftsK,950280,16000,0.0
p1,ftsK,950280,16500,0.0
p1,ftsK,950280,17000,0.0
p1,ftsK,950280,17500,0.0
p1,ftsK,950280,18000,0.0
p1,ftsK,950280,18500,0.0
p1,ftsK,950280,19000,0.0
p1,ftsK,950280,19500,0.0
p1,ftsK,950280,20000,0.0
p1,ftsK,950280,20500,0.0
p1,ftsK,950280,21000,0.0
p1,ftsK,950280,21500,0.0
p1,ftsK,950280,22000,0.0
p1,ftsK,950280,22500,0.0
p1,ftsK,950280,23000,0.0
p1,ftsK,950280,23500,0.0
p1,ftsK,950280,24000,0.0
p1,ftsK,950280,24500,0.0
p1,ftsK,950280,25000,0.0
p1,ftsK,950280,25500,0.0
p1,ftsK,950280,26000,0.0
p1,ftsK,950280,26500,0.011
p1,ftsK,950280,27000,0.0
p1,ftsK,950280,27500,0.0
p1,ftsK,950280,28000,0.0
p1,ftsK,950280,28500,0.019
p1,ftsK,950280,29000,0.0
p1,ftsK,950280,29500,0.0
p1,ftsK,950280,30000,0.0
p1,ftsK,950280,30500,0.0
p1,ftsK,950280,31000,0.0
p1,ftsK,950280,31500,0.0
p1,ftsK,950280,32000,0.007
p1,ftsK,950280,32500,0.0
p1,ftsK,950280,33000,0.0
p1,ftsK,950280,33500,0.0
p1,ftsK,950280,34000,0.0
p1,ftsK,950280,34500,0.0
p1,ftsK,950280,35000,0.0
p1,ftsK,950280,35500,0.0
p1,ftsK,950280,36000,0.0
p1,ftsK,950280,36500,0.0
p1,ftsK,950280,37000,0.0
p1,ftsK,950280,37500,0.009
p1,ftsK,950280,38000,0.009
p1,ftsK,950280,38500,0.0
p1,ftsK,950280,39000,0.007
p1,ftsK,950280,39500,0.0
p1,ftsK,950280,40000,0.0
p1,ftsK,950280,41000,0.0
p1,ftsK,950280,41500,0.0
p1,ftsK,950280,42000,0.0
p1,ftsK,950280,42500,0.0
p1,ftsK,950280,43000,0.0
p1,ftsK,950280,43500,0.014
p1,ftsK,950280,44000,0.0
p1,ftsK,950280,44500,0.0
p1,ftsK,950280,45000,0.0
p1,ftsK,950280,45500,0.0
p1,ftsK,950280,46000,0.0
p1,ftsK,950280,46500,0.0
p1,ftsK,950280,47000,0.0
p1,ftsK,950280,47500,0.0
p1,ftsK,950280,48000,0.009
p1,ftsK,950280,48500,0.007
p1,ftsK,950280,49000,0.094
p1,ftsK,950280,49500,0.159
p1,ftsK,950280,50000,0.126
p1,ftsK,950280,50500,0.045
p1,ftsK,950280,51000,0.753
p1,ftsK,950280,51500,0.975
p1,ftsK,950280,52000,0.991
p1,ftsK,950280,52500,0.987
p1,ftsK,950280,53000,0.973
p1,ftsK,950280,53500,1.0
p1,ftsK,950280,54000,1.0
p1,ftsK,950280,54500,0.993
p1,ftsK,950280,55000,1.0
p1,ftsK,950280,55500,1.0
p1,ftsK,950280,56000,0.995
p1,ftsK,950280,56500,1.0
p1,ftsK,950280,57000,0.993
p1,ftsK,950280,57500,1.0
p1,ftsK,950280,58000,0.995
p1,ftsK,950280,58500,0.995
p1,ftsK,950280,59000,1.0
p1,ftsK,950280,59500,1.0
p1,ftsK,950280,60000,1.0
p1,intergenic,962002,0,0.0
p1,intergenic,962002,1000,0.0
p1,intergenic,962002,1500,0.0
p1,intergenic,962002,2000,0.0
p1,intergenic,962002,2500,0.0
p1,intergenic,962002,3000,0.008
p1,intergenic,962002,4000,0.0
p1,intergenic,962002,4500,0.0
p1,intergenic,962002,5000,0.0
p1,intergenic,962002,5500,0.0
p1,intergenic,962002,6000,0.0
p1,intergenic,962002,6500,0.0
p1,intergenic,962002,7500,0.0
p1,intergenic,962002,8000,0.0
p1,intergenic,962002,8500,0.0
p1,intergenic,962002,9000,0.0
p1,intergenic,962002,9500,0.0
p1,intergenic,962002,10000,0.0
p1,intergenic,962002,10500,0.0
p1,intergenic,962002,11000,0.0
p1,intergenic,962002,11500,0.0
p1,intergenic,962002,12000,0.0
p1,intergenic,962002,12500,0.0
p1,intergenic,962002,13000,0.0
p1,intergenic,962002,13500,0.0
p1,intergenic,962002,14000,0.0
p1,intergenic,962002,14500,0.0
p1,intergenic,962002,15000,0.0
p1,intergenic,962002,15500,0.0
p1,intergenic,962002,16000,0.0
p1,intergenic,962002,16500,0.0
p1,intergenic,962002,17000,0.0
p1,intergenic,962002,17500,0.0
p1,intergenic,962002,18000,0.0
p1,intergenic,962002,18500,0.0
p1,intergenic,962002,19000,0.0
p1,intergenic,962002,19500,0.0
p1,intergenic,962002,20000,0.0
p1,intergenic,962002,20500,0.0
p1,intergenic,962002,21000,0.0
p1,intergenic,962002,21500,0.0
p1,intergenic,962002,22000,0.0
p1,intergenic,962002,22500,0.0
p1,intergenic,962002,23000,0.0
p1,intergenic,962002,23500,0.0
p1,intergenic,962002,24000,0.0
p1,intergenic,962002,24500,0.0
p1,intergenic,962002,25000,0.0
p1,intergenic,962002,25500,0.0
p1,intergenic,962002,26000,0.0
p1,intergenic,962002,26500,0.0
p1,intergenic,962002,27000,0.0
p1,intergenic,962002,27500,0.0
p1,intergenic,962002,28000,0.0
p1,intergenic,962002,28500,0.115
p1,intergenic,962002,29000,0.0
p1,intergenic,962002,29500,0.0
p1,intergenic,962002,30000,0.0
p1,intergenic,962002,30500,0.0
p1,intergenic,962002,31000,0.0
p1,intergenic,962002,31500,0.0
p1,intergenic,962002,32000,0.0
p1,intergenic,962002,32500,0.0
p1,intergenic,962002,33000,0.0
p1,intergenic,962002,33500,0.0
p1,intergenic,962002,34000,0.0
p1,intergenic,962002,34500,0.0
p1,intergenic,962002,35000,0.0
p1,intergenic,962002,35500,0.0
p1,intergenic,962002,36000,0.0
p1,intergenic,962002,36500,0.0
p1,intergenic,962002,37000,0.0
p1,intergenic,962002,37500,0.0
p1,intergenic,962002,38000,0.0
p1,intergenic,962002,38500,0.0
p1,intergenic,962002,39000,0.0
p1,intergenic,962002,39500,0.0
p1,intergenic,962002,40000,0.0
p1,intergenic,962002,41000,0.0
p1,intergenic,962002,41500,0.0
p1,intergenic,962002,42000,0.0
p1,intergenic,962002,42500,0.0
p1,intergenic,962002,43000,0.0
p1,intergenic,962002,43500,0.0
p1,intergenic,962002,44000,0.0
p1,intergenic,962002,44500,0.0
p1,intergenic,962002,45000,0.212
p1,intergenic,962002,45500,0.115
p1,intergenic,962002,46000,0.06
p1,intergenic,962002,46500,0.188
p1,intergenic,962002,47000,0.65
p1,intergenic,962002,47500,0.831
p1,intergenic,962002,48000,0.792
p1,intergenic,962002,48500,0.557
p1,intergenic,962002,49000,0.778
p1,intergenic,962002,49500,0.948
p1,intergenic,962002,50000,0.959
p1,intergenic,962002,50500,0.917
p1,intergenic,962002,51000,0.902
p1,intergenic,962002,51500,0.982
p1,intergenic,962002,52000,0.993
p1,intergenic,962002,52500,1.0
p1,intergenic,962002,53000,1.0
p1,intergenic,962002,53500,1.0
p1,intergenic,962002,54000,0.972
p1,intergenic,962002,54500,0.99
p1,intergenic,962002,55000,0.99
p1,intergenic,962002,55500,1.0
p1,intergenic,962002,56000,0.992
p1,intergenic,962002,56500,1.0
p1,intergenic,962002,57000,1.0
p1,intergenic,962002,57500,1.0
p1,intergenic,962002,58000,0.993
p1,intergenic,962002,58500,1.0
p1,intergenic,962002,59000,1.0
p1,intergenic,962002,59500,1.0
p1,intergenic,962002,60000,1.0
p1,pflB,969836,0,0.0
p1,pflB,969836,1000,0.0
p1,pflB,969836,1500,0.0
p1,pflB,969836,2000,0.0
p1,pflB,969836,2500,0.0
p1,pflB,969836,3000,0.0
p1,pflB,969836,4000,0.0
p1,pflB,969836,4500,0.0
p1,pflB,969836,5000,0.0
p1,pflB,969836,5500,0.0
p1,pflB,969836,6500,0.084
p1,pflB,969836,7500,0.0
p1,pflB,969836,8000,0.0
p1,pflB,969836,8500,0.022
p1,pflB,969836,9000,0.0
p1,pflB,969836,9500,0.017
p1,pflB,969836,10000,0.0
p1,pflB,969836,10500,0.0
p1,pflB,969836,11000,0.0
p1,pflB,969836,11500,0.0
p1,pflB,969836,12000,0.0
p1,pflB,969836,12500,0.0
p1,pflB,969836,13000,0.0
p1,pflB,969836,13500,0.015
p1,pflB,969836,14000,0.003
p1,pflB,969836,14500,0.009
p1,pflB,969836,15000,0.037
p1,pflB,969836,15500,0.02
p1,pflB,969836,16000,0.033
p1,pflB,969836,16500,0.016
p1,pflB,969836,17000,0.01
p1,pflB,969836,17500,0.035
p1,pflB,969836,18000,0.093
p1,pflB,969836,18500,0.086
p1,pflB,969836,19000,0.162
p1,pflB,969836,19500,0.382
p1,pflB,969836,20000,0.475
p1,pflB,969836,20500,0.77
p1,pflB,969836,21000,0.916
p1,pflB,969836,21500,0.803
p1,pflB,969836,22000,0.74
p1,pflB,969836,22500,0.867
p1,pflB,969836,23000,0.923
p1,pflB,969836,23500,0.889
p1,pflB,969836,24000,0.709
p1,pflB,969836,24500,0.887
p1,pflB,969836,25000,0.853
p1,pflB,969836,25500,0.935
p1,pflB,969836,26000,1.0
p1,pflB,969836,26500,1.0
p1,pflB,969836,27000,0.969
p1,pflB,969836,27500,1.0
p1,pflB,969836,28000,1.0
p1,pflB,969836,28500,1.0
p1,pflB,969836,29000,0.976
p1,pflB,969836,29500,1.0
p1,pflB,969836,30000,1.0
p1,pflB,969836,30500,1.0
p1,pflB,969836,31000,1.0
p1,pflB,969836,31500,1.0
p1,pflB,969836,32000,1.0
p1,pflB,969836,32500,1.0
p1,pflB,969836,33000,1.0
p1,pflB,969836,33500,1.0
p1,pflB,969836,34000,1.0
p1,pflB,969836,34500,1.0
p1,pflB,969836,35000,1.0
p1,pflB,969836,35500,1.0
p1,pflB,969836,36000,1.0
p1,pflB,969836,36500,0.987
p1,pflB,969836,37000,1.0
p1,pflB,969836,37500,1.0
p1,pflB,969836,38000,1.0
p1,pflB,969836,38500,1.0
p1,pflB,969836,39000,1.0
p1,pflB,969836,39500,1.0
p1,pflB,969836,40000,1.0
p1,pflB,969836,41000,1.0
p1,pflB,969836,41500,1.0
p1,pflB,969836,42000,1.0
p1,pflB,969836,42500,1.0
p1,pflB,969836,43000,1.0
p1,pflB,969836,43500,1.0
p1,pflB,969836,44000,1.0
p1,pflB,969836,44500,1.0
p1,pflB,969836,45000,1.0
p1,pflB,969836,45500,1.0
p1,pflB,969836,46000,1.0
p1,pflB,969836,46500,1.0
p1,pflB,969836,47000,0.94
p1,pflB,969836,47500,1.0
p1,pflB,969836,48000,1.0
p1,pflB,969836,48500,1.0
p1,pflB,969836,49000,1.0
p1,pflB,969836,49500,1.0
p1,pflB,969836,50000,1.0
p1,pflB,969836,50500,1.0
p1,pflB,969836,51000,1.0
p1,pflB,969836,51500,1.0
p1,pflB,969836,52000,1.0
p1,pflB,969836,52500,1.0
p1,pflB,969836,53000,1.0
p1,pflB,969836,53500,1.0
p1,pflB,969836,54000,1.0
p1,pflB,969836,54500,1.0
p1,pflB,969836,55000,1.0
p1,pflB,969836,55500,0.992
p1,pflB,969836,56000,1.0
p1,pflB,969836,56500,1.0
p1,pflB,969836,57000,1.0
p1,pflB,969836,57500,1.0
p1,pflB,969836,58000,1.0
p1,pflB,969836,58500,1.0
p1,pflB,969836,59000,1.0
p1,pflB,969836,59500,1.0
p1,pflB,969836,60000,1.0
p1,acpP,1166129,0,0.0
p1,acpP,1166129,1000,0.0
p1,acpP,1166129,1500,0.032
p1,acpP,1166129,2000,0.096
p1,acpP,1166129,2500,1.0
p1,acpP,1166129,3000,0.992
p1,acpP,1166129,4000,0.903
p1,acpP,1166129,4500,0.895
p1,acpP,1166129,5000,0.987
p1,acpP,1166129,5500,1.0
p1,acpP,1166129,6000,1.0
p1,acpP,1166129,6500,1.0
p1,acpP,1166129,7500,1.0
p1,acpP,1166129,8000,1.0
p1,acpP,1166129,8500,1.0
p1,acpP,1166129,9000,1.0
p1,acpP,1166129,9500,0.93
p1,acpP,1166129,10000,0.952
p1,acpP,1166129,10500,0.94
p1,acpP,1166129,11000,1.0
p1,acpP,1166129,11500,1.0
p1,acpP,1166129,12000,1.0
p1,acpP,1166129,12500,1.0
p1,acpP,1166129,13000,1.0
p1,acpP,1166129,13500,0.987
p1,acpP,1166129,14000,0.993
p1,acpP,1166129,14500,1.0
p1,acpP,1166129,15000,1.0
p1,acpP,1166129,15500,1.0
p1,acpP,1166129,16000,1.0
p1,acpP,1166129,16500,1.0
p1,acpP,1166129,17000,1.0
p1,acpP,1166129,17500,1.0
p1,acpP,1166129,18000,1.0
p1,acpP,1166129,18500,1.0
p1,acpP,1166129,19000,1.0
p1,acpP,1166129,19500,1.0
p1,acpP,1166129,20000,1.0
p1,acpP,1166129,20500,1.0
p1,acpP,1166129,21000,1.0
p1,acpP,1166129,21500,1.0
p1,acpP,1166129,22000,1.0
p1,acpP,1166129,22500,1.0
p1,acpP,1166129,23000,1.0
p1,acpP,1166129,23500,1.0
p1,acpP,1166129,24000,1.0
p1,acpP,1166129,24500,0.982
p1,acpP,1166129,25000,1.0
p1,acpP,1166129,25500,1.0
p1,acpP,1166129,26000,1.0
p1,acpP,1166129,26500,1.0
p1,acpP,1166129,27000,0.986
p1,acpP,1166129,27500,1.0
p1,acpP,1166129,28000,1.0
p1,acpP,1166129,28500,1.0
p1,acpP,1166129,29000,1.0
p1,acpP,1166129,29500,1.0
p1,acpP,1166129,30000,1.0
p1,acpP,1166129,30500,1.0
p1,acpP,1166129,31000,1.0
p1,acpP,1166129,31500,1.0
p1,acpP,1166129,32000,1.0
p1,acpP,1166129,32500,1.0
p1,acpP,1166129,33000,0.98
p1,acpP,1166129,33500,1.0
p1,acpP,1166129,34000,1.0
p1,acpP,1166129,34500,1.0
p1,acpP,1166129,35000,1.0
p1,acpP,1166129,35500,1.0
p1,acpP,1166129,36000,1.0
p1,acpP,1166129,36500,1.0
p1,acpP,1166129,37000,1.0
p1,acpP,1166129,37500,1.0
p1,acpP,1166129,38000,1.0
p1,acpP,1166129,38500,0.989
p1,acpP,1166129,39000,1.0
p1,acpP,1166129,39500,1.0
p1,acpP,1166129,40000,1.0
p1,acpP,1166129,41000,1.0
p1,acpP,1166129,41500,0.991
p1,acpP,1166129,42000,1.0
p1,acpP,1166129,42500,1.0
p1,acpP,1166129,43000,0.991
p1,acpP,1166129,43500,1.0
p1,acpP,1166129,44000,0.986
p1,acpP,1166129,44500,1.0
p1,acpP,1166129,45000,1.0
p1,acpP,1166129,45500,1.0
p1,acpP,1166129,46000,1.0
p1,acpP,1166129,46500,1.0
p1,acpP,1166129,47000,1.0
p1,acpP,1166129,47500,1.0
p1,acpP,1166129,48000,0.988
p1,acpP,1166129,48500,0.989
p1,acpP,1166129,49000,1.0
p1,acpP,1166129,49500,1.0
p1,acpP,1166129,50000,1.0
p1,acpP,1166129,50500,0.967
p1,acpP,1166129,51000,1.0
p1,acpP,1166129,51500,0.993
p1,acpP,1166129,52000,1.0
p1,acpP,1166129,52500,1.0
p1,acpP,1166129,53000,1.0
p1,acpP,1166129,53500,1.0
p1,acpP,1166129,54000,0.991
p1,acpP,1166129,54500,1.0
p1,acpP,1166129,55000,0.989
p1,acpP,1166129,55500,1.0
p1,acpP,1166129,56000,1.0
p1,acpP,1166129,56500,0.991
p1,acpP,1166129,57000,0.989
p1,acpP,1166129,57500,1.0
p1,acpP,1166129,58000,1.0
p1,acpP,1166129,58500,1.0
p1,acpP,1166129,59000,1.0
p1,acpP,1166129,59500,1.0
p1,acpP,1166129,60000,1.0
p1,ycfC,1207861,0,0.0
p1,ycfC,1207861,1000,0.0
p1,ycfC,1207861,1500,0.0
p1,ycfC,1207861,2000,0.014
p1,ycfC,1207861,2500,0.0
p1,ycfC,1207861,3000,0.01
p1,ycfC,1207861,4000,0.0
p1,ycfC,1207861,4500,0.0
p1,ycfC,1207861,5000,0.0
p1,ycfC,1207861,5500,0.0
p1,ycfC,1207861,6000,0.0
p1,ycfC,1207861,6500,0.462
p1,ycfC,1207861,7500,0.621
p1,ycfC,1207861,8000,0.893
p1,ycfC,1207861,8500,1.0
p1,ycfC,1207861,9000,1.0
p1,ycfC,1207861,9500,0.877
p1,ycfC,1207861,10000,0.857
p1,ycfC,1207861,10500,0.947
p1,ycfC,1207861,11000,1.0
p1,ycfC,1207861,11500,0.976
p1,ycfC,1207861,12000,0.966
p1,ycfC,1207861,12500,1.0
p1,ycfC,1207861,13000,1.0
p1,ycfC,1207861,13500,1.0
p1,ycfC,1207861,14000,1.0
p1,ycfC,1207861,14500,0.971
p1,ycfC,1207861,15000,1.0
p1,ycfC,1207861,15500,1.0
p1,ycfC,1207861,16000,1.0
p1,ycfC,1207861,16500,1.0
p1,ycfC,1207861,17000,1.0
p1,ycfC,1207861,17500,1.0
p1,ycfC,1207861,18000,1.0
p1,ycfC,1207861,18500,1.0
p1,ycfC,1207861,19000,1.0
p1,ycfC,1207861,19500,1.0
p1,ycfC,1207861,20000,1.0
p1,ycfC,1207861,20500,1.0
p1,ycfC,1207861,21000,1.0
p1,ycfC,1207861,21500,1.0
p1,ycfC,1207861,22000,1.0
p1,ycfC,1207861,22500,1.0
p1,ycfC,1207861,23000,1.0
p1,ycfC,1207861,23500,1.0
p1,ycfC,1207861,24000,1.0
p1,ycfC,1207861,24500,1.0
p1,ycfC,1207861,25000,1.0
p1,ycfC,1207861,25500,1.0
p1,ycfC,1207861,26000,1.0
p1,ycfC,1207861,26500,1.0
p1,ycfC,1207861,27000,1.0
p1,ycfC,1207861,27500,1.0
p1,ycfC,1207861,28000,1.0
p1,ycfC,1207861,28500,1.0
p1,ycfC,1207861,29000,1.0
p1,ycfC,1207861,29500,1.0
p1,ycfC,1207861,30000,1.0
p1,ycfC,1207861,30500,1.0
p1,ycfC,1207861,31000,1.0
p1,ycfC,1207861,31500,1.0
p1,ycfC,1207861,32000,1.0
p1,ycfC,1207861,32500,1.0
p1,ycfC,1207861,33000,1.0
p1,ycfC,1207861,33500,1.0
p1,ycfC,1207861,34000,1.0
p1,ycfC,1207861,34500,0.976
p1,ycfC,1207861,35000,1.0
p1,ycfC,1207861,35500,1.0
p1,ycfC,1207861,36000,1.0
p1,ycfC,1207861,36500,1.0
p1,ycfC,1207861,37000,1.0
p1,ycfC,1207861,37500,1.0
p1,ycfC,1207861,38000,1.0
p1,ycfC,1207861,38500,0.966
p1,ycfC,1207861,39000,0.987
p1,ycfC,1207861,39500,1.0
p1,ycfC,1207861,40000,1.0
p1,ycfC,1207861,41000,1.0
p1,ycfC,1207861,41500,1.0
p1,ycfC,1207861,42000,1.0
p1,ycfC,1207861,42500,1.0
p1,ycfC,1207861,43000,1.0
p1,ycfC,1207861,43500,1.0
p1,ycfC,1207861,44000,0.986
p1,ycfC,1207861,44500,1.0
p1,ycfC,1207861,45000,0.96
p1,ycfC,1207861,45500,1.0
p1,ycfC,1207861,46000,1.0
p1,ycfC,1207861,46500,1.0
p1,ycfC,1207861,47000,0.977
p1,ycfC,1207861,47500,1.0
p1,ycfC,1207861,48000,1.0
p1,ycfC,1207861,48500,0.987
p1,ycfC,1207861,49000,1.0
p1,ycfC,1207861,49500,1.0
p1,ycfC,1207861,50000,1.0
p1,ycfC,1207861,50500,1.0
p1,ycfC,1207861,51000,1.0
p1,ycfC,1207861,51500,0.991
p1,ycfC,1207861,52000,1.0
p1,ycfC,1207861,52500,1.0
p1,ycfC,1207861,53000,1.0
p1,ycfC,1207861,53500,1.0
p1,ycfC,1207861,54000,1.0
p1,ycfC,1207861,54500,1.0
p1,ycfC,1207861,55000,1.0
p1,ycfC,1207861,55500,0.989
p1,ycfC,1207861,56000,1.0
p1,ycfC,1207861,56500,0.989
p1,ycfC,1207861,57000,1.0
p1,ycfC,1207861,57500,1.0
p1,ycfC,1207861,58000,0.992
p1,ycfC,1207861,58500,1.0
p1,ycfC,1207861,59000,1.0
p1,ycfC,1207861,59500,1.0
p1,ycfC,1207861,60000,1.0
p2,yaaX,5365,0,0.0
p2,yaaX,5365,500,0.0
p2,yaaX,5365,1000,0.0
p2,yaaX,5365,1500,0.0
p2,yaaX,5365,2000,0.0
p2,yaaX,5365,2500,0.0
p2,yaaX,5365,3000,0.0
p2,yaaX,5365,3500,0.0
p2,yaaX,5365,4000,0.0
p2,yaaX,5365,4500,0.0
p2,yaaX,5365,5000,0.0
p2,yaaX,5365,5500,0.0
p2,yaaX,5365,6000,0.0
p2,yaaX,5365,6500,0.0
p2,yaaX,5365,7000,0.0
p2,yaaX,5365,7500,0.0
p2,yaaX,5365,8000,0.0
p2,yaaX,5365,8500,0.012
p2,yaaX,5365,9000,0.0
p2,yaaX,5365,9500,0.0
p2,yaaX,5365,10000,0.0
p2,yaaX,5365,10500,0.0
p2,yaaX,5365,11000,0.0
p2,yaaX,5365,11500,0.0
p2,yaaX,5365,12000,0.0
p2,yaaX,5365,12500,0.0
p2,yaaX,5365,13000,0.0
p2,yaaX,5365,13500,0.0
p2,yaaX,5365,14000,0.01
p2,yaaX,5365,14500,0.0
p2,yaaX,5365,15000,0.0
p2,yaaX,5365,15500,0.0
p2,yaaX,5365,16000,0.0
p2,yaaX,5365,16500,0.0
p2,yaaX,5365,17000,0.0
p2,yaaX,5365,17500,0.0
p2,yaaX,5365,18000,0.0
p2,yaaX,5365,18500,0.0
p2,yaaX,5365,19000,0.0
p2,yaaX,5365,19500,0.0
p2,yaaX,5365,20000,0.0
p2,yaaX,5365,20500,0.0
p2,yaaX,5365,21000,0.02
p2,yaaX,5365,21500,0.0
p2,yaaX,5365,22000,0.0
p2,yaaX,5365,22500,0.0
p2,yaaX,5365,23000,0.0
p2,yaaX,5365,23500,0.0
p2,yaaX,5365,24000,0.0
p2,yaaX,5365,24500,0.017
p2,yaaX,5365,25000,0.0
p2,yaaX,5365,25500,0.0
p2,yaaX,5365,26000,0.015
p2,yaaX,5365,26500,0.0
p2,yaaX,5365,27000,0.066
p2,yaaX,5365,27500,0.352
p2,yaaX,5365,28000,0.356
p2,yaaX,5365,28500,0.391
p2,yaaX,5365,29000,0.185
p2,yaaX,5365,29500,0.168
p2,yaaX,5365,30000,0.115
p2,yaaX,5365,30500,0.295
p2,yaaX,5365,31000,0.297
p2,yaaX,5365,31500,0.569
p2,yaaX,5365,32000,0.241
p2,yaaX,5365,32500,0.409
p2,yaaX,5365,33000,0.344
p2,yaaX,5365,33500,0.172
p2,yaaX,5365,34000,0.331
p2,yaaX,5365,34500,0.042
p2,yaaX,5365,35000,0.012
p2,yaaX,5365,35500,0.602
p2,yaaX,5365,36000,0.566
p2,yaaX,5365,36500,0.726
p2,yaaX,5365,37000,0.562
p2,yaaX,5365,37500,0.835
p2,yaaX,5365,38000,0.891
p2,yaaX,5365,38500,0.899
p2,yaaX,5365,39000,0.943
p2,yaaX,5365,39500,0.94
p2,yaaX,5365,40000,0.942
p2,yaaX,5365,40500,0.945
p2,yaaX,5365,41000,0.888
p2,yaaX,5365,41500,0.939
p2,yaaX,5365,42000,0.955
p2,yaaX,5365,42500,0.981
p2,yaaX,5365,43000,0.9
p2,yaaX,5365,43500,0.982
p2,yaaX,5365,44000,0.913
p2,yaaX,5365,44500,0.934
p2,yaaX,5365,45000,0.773
p2,yaaX,5365,45500,0.89
p2,yaaX,5365,46000,0.953
p2,yaaX,5365,47000,0.969
p2,yaaX,5365,47500,0.96
p2,yaaX,5365,48000,0.979
p2,yaaX,5365,48500,0.94
p2,yaaX,5365,49000,0.919
p2,yaaX,5365,49500,0.927
p2,yaaX,5365,50000,0.928
p2,yaaX,5365,50500,0.969
p2,yaaX,5365,51000,0.953
p2,yaaX,5365,51500,1.0
p2,yaaX,5365,52000,0.949
p2,yaaX,5365,52500,0.952
p2,yaaX,5365,53000,0.909
p2,yaaX,5365,53500,0.961
p2,yaaX,5365,54000,0.863
p2,yaaX,5365,54500,0.937
p2,yaaX,5365,55000,0.911
p2,yaaX,5365,55500,0.936
p2,yaaX,5365,56000,0.908
p2,yaaX,5365,56500,0.919
p2,yaaX,5365,57000,0.949
p2,yaaX,5365,57500,0.977
p2,yaaX,5365,58000,0.909
p2,yaaX,5365,58500,0.941
p2,yaaX,5365,59000,0.942
p2,yaaX,5365,59500,0.925
p2,yaaX,5365,60000,0.958
p2,yaaX,5365,60500,0.98
p2,ftsA,106948,0,0.0
p2,ftsA,106948,500,0.0
p2,ftsA,106948,1000,0.0
p2,ftsA,106948,1500,0.0
p2,ftsA,106948,2000,0.0
p2,ftsA,106948,2500,0.0
p2,ftsA,106948,3000,0.0
p2,ftsA,106948,3500,0.0
p2,ftsA,106948,4000,0.0
p2,ftsA,106948,4500,0.0
p2,ftsA,106948,5000,0.0
p2,ftsA,106948,5500,0.0
p2,ftsA,106948,6000,0.0
p2,ftsA,106948,6500,0.0
p2,ftsA,106948,7000,0.0
p2,ftsA,106948,7500,0.0
p2,ftsA,106948,8000,0.0
p2,ftsA,106948,8500,0.0
p2,ftsA,106948,9000,0.0
p2,ftsA,106948,9500,0.0
p2,ftsA,106948,10000,0.0
p2,ftsA,106948,10500,0.0
p2,ftsA,106948,11000,0.0
p2,ftsA,106948,11500,0.0
p2,ftsA,106948,12000,0.0
p2,ftsA,106948,12500,0.0
p2,ftsA,106948,13000,0.0
p2,ftsA,106948,13500,0.0
p2,ftsA,106948,14000,0.0
p2,ftsA,106948,14500,0.0
p2,ftsA,106948,15000,0.0
p2,ftsA,106948,15500,0.0
p2,ftsA,106948,16000,0.0
p2,ftsA,106948,16500,0.0
p2,ftsA,106948,17000,0.0
p2,ftsA,106948,17500,0.0
p2,ftsA,106948,18000,0.0
p2,ftsA,106948,18500,0.0
p2,ftsA,106948,19000,0.0
p2,ftsA,106948,19500,0.0
p2,ftsA,106948,20000,0.0
p2,ftsA,106948,20500,0.0
p2,ftsA,106948,21000,0.0
p2,ftsA,106948,21500,0.0
p2,ftsA,106948,22000,0.0
p2,ftsA,106948,22500,0.0
p2,ftsA,106948,23000,0.0
p2,ftsA,106948,23500,0.0
p2,ftsA,106948,24000,0.0
p2,ftsA,106948,24500,0.0
p2,ftsA,106948,25000,0.0
p2,ftsA,106948,25500,0.0
p2,ftsA,106948,26000,0.0
p2,ftsA,106948,26500,0.0
p2,ftsA,106948,27000,0.0
p2,ftsA,106948,27500,0.0
p2,ftsA,106948,28000,0.0
p2,ftsA,106948,28500,0.0
p2,ftsA,106948,29000,0.0
p2,ftsA,106948,29500,0.0
p2,ftsA,106948,30000,0.0
p2,ftsA,106948,30500,0.0
p2,ftsA,106948,31000,0.0
p2,ftsA,106948,31500,0.0
p2,ftsA,106948,32000,0.0
p2,ftsA,106948,32500,0.0
p2,ftsA,106948,33000,0.0
p2,ftsA,106948,33500,0.0
p2,ftsA,106948,34000,0.0
p2,ftsA,106948,34500,0.0
p2,ftsA,106948,35000,0.0
p2,ftsA,106948,35500,0.0
p2,ftsA,106948,36000,0.0
p2,ftsA,106948,36500,0.0
p2,ftsA,106948,37000,0.0
p2,ftsA,106948,37500,0.0
p2,ftsA,106948,38000,0.0
p2,ftsA,106948,38500,0.0
p2,ftsA,106948,39000,0.0
p2,ftsA,106948,39500,0.0
p2,ftsA,106948,40000,0.0
p2,ftsA,106948,40500,0.0
p2,ftsA,106948,41000,0.0
p2,ftsA,106948,41500,0.0
p2,ftsA,106948,42000,0.0
p2,ftsA,106948,42500,0.0
p2,ftsA,106948,43000,0.0
p2,ftsA,106948,43500,0.0
p2,ftsA,106948,44000,0.0
p2,ftsA,106948,44500,0.0
p2,ftsA,106948,45000,0.261
p2,ftsA,106948,45500,0.938
p2,ftsA,106948,46000,1.0
p2,ftsA,106948,47000,1.0
p2,ftsA,106948,47500,1.0
p2,ftsA,106948,48000,1.0
p2,ftsA,106948,48500,1.0
p2,ftsA,106948,49000,1.0
p2,ftsA,106948,49500,1.0
p2,ftsA,106948,50000,1.0
p2,ftsA,106948,50500,1.0
p2,ftsA,106948,51000,1.0
p2,ftsA,106948,51500,1.0
p2,ftsA,106948,52000,1.0
p2,ftsA,106948,52500,1.0
p2,ftsA,106948,53000,1.0
p2,ftsA,106948,53500,1.0
p2,ftsA,106948,54000,1.0
p2,ftsA,106948,54500,1.0
p2,ftsA,106948,55000,1.0
p2,ftsA,106948,55500,1.0
p2,ftsA,106948,56000,1.0
p2,ftsA,106948,56500,1.0
p2,ftsA,106948,57000,1.0
p2,ftsA,106948,57500,1.0
p2,ftsA,106948,58000,1.0
p2,ftsA,106948,58500,1.0
p2,ftsA,106948,59000,1.0
p2,ftsA,106948,59500,1.0
p2,ftsA,106948,60000,1.0
p2,ftsA,106948,60500,1.0
p2,yadF,145547,0,0.0
p2,yadF,145547,500,0.0
p2,yadF,145547,1000,0.0
p2,yadF,145547,1500,0.0
p2,yadF,145547,2000,0.0
p2,yadF,145547,2500,0.0
p2,yadF,145547,3000,0.0
p2,yadF,145547,3500,0.0
p2,yadF,145547,4000,0.0
p2,yadF,145547,4500,0.0
p2,yadF,145547,5000,0.0
p2,yadF,145547,5500,0.0
p2,yadF,145547,6000,0.0
p2,yadF,145547,6500,0.0
p2,yadF,145547,7000,0.0
p2,yadF,145547,7500,0.0
p2,yadF,145547,8000,0.0
p2,yadF,145547,8500,0.0
p2,yadF,145547,9000,0.0
p2,yadF,145547,9500,0.0
p2,yadF,145547,10000,0.0
p2,yadF,145547,10500,0.0
p2,yadF,145547,11000,0.0
p2,yadF,145547,11500,0.0
p2,yadF,145547,12000,0.0
p2,yadF,145547,12500,0.0
p2,yadF,145547,13000,0.0
p2,yadF,145547,13500,0.0
p2,yadF,145547,14000,0.0
p2,yadF,145547,14500,0.0
p2,yadF,145547,15000,0.0
p2,yadF,145547,15500,0.0
p2,yadF,145547,16000,0.0
p2,yadF,145547,16500,0.0
p2,yadF,145547,17000,0.0
p2,yadF,145547,17500,0.0
p2,yadF,145547,18000,0.0
p2,yadF,145547,18500,0.0
p2,yadF,145547,19000,0.0
p2,yadF,145547,19500,0.0
p2,yadF,145547,20000,0.0
p2,yadF,145547,20500,0.0
p2,yadF,145547,21000,0.0
p2,yadF,145547,21500,0.0
p2,yadF,145547,22000,0.0
p2,yadF,145547,22500,0.0
p2,yadF,145547,23000,0.0
p2,yadF,145547,23500,0.0
p2,yadF,145547,24000,0.0
p2,yadF,145547,24500,0.0
p2,yadF,145547,25000,0.0
p2,yadF,145547,25500,0.0
p2,yadF,145547,26000,0.0
p2,yadF,145547,26500,0.0
p2,yadF,145547,27000,0.0
p2,yadF,145547,27500,0.381
p2,yadF,145547,28000,0.522
p2,yadF,145547,28500,0.1
p2,yadF,145547,29000,0.294
p2,yadF,145547,29500,0.114
p2,yadF,145547,30000,0.222
p2,yadF,145547,30500,0.355
p2,yadF,145547,31000,0.25
p2,yadF,145547,31500,0.562
p2,yadF,145547,32000,0.184
p2,yadF,145547,32500,0.25
p2,yadF,145547,33000,0.45
p2,yadF,145547,33500,0.132
p2,yadF,145547,34000,0.286
p2,yadF,145547,34500,0.023
p2,yadF,145547,35000,0.022
p2,yadF,145547,35500,0.548
p2,yadF,145547,36000,0.809
p2,yadF,145547,36500,0.692
p2,yadF,145547,37000,0.963
p2,yadF,145547,37500,0.895
p2,yadF,145547,38000,0.966
p2,yadF,145547,38500,0.917
p2,yadF,145547,39000,1.0
p2,yadF,145547,39500,1.0
p2,yadF,145547,40000,1.0
p2,yadF,145547,40500,1.0
p2,yadF,145547,41000,1.0
p2,yadF,145547,41500,1.0
p2,yadF,145547,42000,1.0
p2,yadF,145547,42500,0.957
p2,yadF,145547,43000,1.0
p2,yadF,145547,43500,1.0
p2,yadF,145547,44000,1.0
p2,yadF,145547,44500,1.0
p2,yadF,145547,45000,1.0
p2,yadF,145547,45500,1.0
p2,yadF,145547,46000,1.0
p2,yadF,145547,47000,0.933
p2,yadF,145547,47500,1.0
p2,yadF,145547,48000,1.0
p2,yadF,145547,48500,1.0
p2,yadF,145547,49000,1.0
p2,yadF,145547,49500,1.0
p2,yadF,145547,50000,1.0
p2,yadF,145547,50500,1.0
p2,yadF,145547,51000,1.0
p2,yadF,145547,51500,0.929
p2,yadF,145547,52000,1.0
p2,yadF,145547,52500,1.0
p2,yadF,145547,53000,1.0
p2,yadF,145547,53500,1.0
p2,yadF,145547,54000,1.0
p2,yadF,145547,54500,1.0
p2,yadF,145547,55000,1.0
p2,yadF,145547,55500,1.0
p2,yadF,145547,56000,1.0
p2,yadF,145547,56500,1.0
p2,yadF,145547,57000,1.0
p2,yadF,145547,57500,1.0
p2,yadF,145547,58000,1.0
p2,yadF,145547,58500,1.0
p2,yadF,145547,59000,1.0
p2,yadF,145547,59500,1.0
p2,yadF,145547,60000,1.0
p2,yadF,145547,60500,1.0
p2,fadE,247897,0,0.0
p2,fadE,247897,500,0.0
p2,fadE,247897,1000,0.0
p2,fadE,247897,1500,0.0
p2,fadE,247897,2000,0.0
p2,fadE,247897,2500,0.0
p2,fadE,247897,3000,0.0
p2,fadE,247897,3500,0.0
p2,fadE,247897,4000,0.0
p2,fadE,247897,4500,0.0
p2,fadE,247897,5000,0.0
p2,fadE,247897,5500,0.0
p2,fadE,247897,6000,0.0
p2,fadE,247897,6500,0.0
p2,fadE,247897,7000,0.0
p2,fadE,247897,7500,0.0
p2,fadE,247897,8000,0.0
p2,fadE,247897,8500,0.0
p2,fadE,247897,9000,0.0
p2,fadE,247897,9500,0.0
p2,fadE,247897,10000,0.0
p2,fadE,247897,10500,0.0
p2,fadE,247897,11000,0.0
p2,fadE,247897,11500,0.0
p2,fadE,247897,12000,0.0
p2,fadE,247897,12500,0.0
p2,fadE,247897,13000,0.0
p2,fadE,247897,13500,0.019
p2,fadE,247897,14000,0.0
p2,fadE,247897,14500,0.0
p2,fadE,247897,15000,0.0
p2,fadE,247897,15500,0.0
p2,fadE,247897,16000,0.0
p2,fadE,247897,16500,0.0
p2,fadE,247897,17000,0.0
p2,fadE,247897,17500,0.0
p2,fadE,247897,18000,0.0
p2,fadE,247897,18500,0.0
p2,fadE,247897,19000,0.0
p2,fadE,247897,19500,0.0
p2,fadE,247897,20000,0.0
p2,fadE,247897,20500,0.0
p2,fadE,247897,21000,0.0
p2,fadE,247897,21500,0.0
p2,fadE,247897,22000,0.0
p2,fadE,247897,22500,0.0
p2,fadE,247897,23000,0.0
p2,fadE,247897,23500,0.0
p2,fadE,247897,24000,0.0
p2,fadE,247897,24500,0.0
p2,fadE,247897,25000,0.0
p2,fadE,247897,25500,0.0
p2,fadE,247897,26000,0.0
p2,fadE,247897,26500,0.0
p2,fadE,247897,27000,0.0
p2,fadE,247897,27500,0.0
p2,fadE,247897,28000,0.0
p2,fadE,247897,28500,0.0
p2,fadE,247897,29000,0.0
p2,fadE,247897,29500,0.0
p2,fadE,247897,30000,0.0
p2,fadE,247897,30500,0.0
p2,fadE,247897,31000,0.0
p2,fadE,247897,31500,0.0
p2,fadE,247897,32000,0.0
p2,fadE,247897,32500,0.0
p2,fadE,247897,33000,0.0
p2,fadE,247897,33500,0.0
p2,fadE,247897,34000,0.0
p2,fadE,247897,34500,0.0
p2,fadE,247897,35000,0.0
p2,fadE,247897,35500,0.0
p2,fadE,247897,36000,0.0
p2,fadE,247897,36500,0.0
p2,fadE,247897,37000,0.0
p2,fadE,247897,37500,0.0
p2,fadE,247897,38000,0.0
p2,fadE,247897,38500,0.0
p2,fadE,247897,39000,0.0
p2,fadE,247897,39500,0.0
p2,fadE,247897,40000,0.0
p2,fadE,247897,40500,0.0
p2,fadE,247897,41000,0.0
p2,fadE,247897,41500,0.0
p2,fadE,247897,42000,0.0
p2,fadE,247897,42500,0.0
p2,fadE,247897,43000,0.0
p2,fadE,247897,43500,0.0
p2,fadE,247897,44000,0.0
p2,fadE,247897,44500,0.0
p2,fadE,247897,45000,0.0
p2,fadE,247897,45500,0.0
p2,fadE,247897,46000,0.0
p2,fadE,247897,47000,0.0
p2,fadE,247897,47500,0.059
p2,fadE,247897,48000,0.226
p2,fadE,247897,48500,0.333
p2,fadE,247897,49000,0.6
p2,fadE,247897,49500,0.855
p2,fadE,247897,50000,0.956
p2,fadE,247897,50500,1.0
p2,fadE,247897,51000,1.0
p2,fadE,247897,51500,0.931
p2,fadE,247897,52000,1.0
p2,fadE,247897,52500,1.0
p2,fadE,247897,53000,1.0
p2,fadE,247897,53500,1.0
p2,fadE,247897,54000,0.986
p2,fadE,247897,54500,1.0
p2,fadE,247897,55000,1.0
p2,fadE,247897,55500,1.0
p2,fadE,247897,56000,1.0
p2,fadE,247897,56500,1.0
p2,fadE,247897,57000,1.0
p2,fadE,247897,57500,1.0
p2,fadE,247897,58000,1.0
p2,fadE,247897,58500,1.0
p2,fadE,247897,59000,1.0
p2,fadE,247897,59500,1.0
p2,fadE,247897,60000,1.0
p2,fadE,247897,60500,1.0
p2,lon,430917,0,0.0
p2,lon,430917,500,0.0
p2,lon,430917,1000,0.0
p2,lon,430917,1500,0.0
p2,lon,430917,2000,0.0
p2,lon,430917,2500,0.0
p2,lon,430917,3000,0.0
p2,lon,430917,3500,0.0
p2,lon,430917,4000,0.0
p2,lon,430917,4500,0.0
p2,lon,430917,5000,0.0
p2,lon,430917,5500,0.021
p2,lon,430917,6000,0.0
p2,lon,430917,6500,0.0
p2,lon,430917,7000,0.0
p2,lon,430917,7500,0.0
p2,lon,430917,8000,0.0
p2,lon,430917,8500,0.0
p2,lon,430917,9000,0.0
p2,lon,430917,9500,0.0
p2,lon,430917,10000,0.0
p2,lon,430917,10500,0.0
p2,lon,430917,11000,0.0
p2,lon,430917,11500,0.0
p2,lon,430917,12000,0.0
p2,lon,430917,12500,0.0
p2,lon,430917,13000,0.0
p2,lon,430917,13500,0.052
p2,lon,430917,14000,0.319
p2,lon,430917,14500,0.509
p2,lon,430917,15000,0.619
p2,lon,430917,15500,0.771
p2,lon,430917,16000,0.933
p2,lon,430917,16500,0.967
p2,lon,430917,17000,1.0
p2,lon,430917,17500,1.0
p2,lon,430917,18000,1.0
p2,lon,430917,18500,1.0
p2,lon,430917,19000,1.0
p2,lon,430917,19500,1.0
p2,lon,430917,20000,1.0
p2,lon,430917,20500,1.0
p2,lon,430917,21000,1.0
p2,lon,430917,21500,1.0
p2,lon,430917,22000,1.0
p2,lon,430917,22500,1.0
p2,lon,430917,23000,1.0
p2,lon,430917,23500,1.0
p2,lon,430917,24000,1.0
p2,lon,430917,24500,1.0
p2,lon,430917,25000,1.0
p2,lon,430917,25500,1.0
p2,lon,430917,26000,1.0
p2,lon,430917,26500,1.0
p2,lon,430917,27000,1.0
p2,lon,430917,27500,1.0
p2,lon,430917,28000,1.0
p2,lon,430917,28500,1.0
p2,lon,430917,29000,1.0
p2,lon,430917,29500,1.0
p2,lon,430917,30000,1.0
p2,lon,430917,30500,1.0
p2,lon,430917,31000,1.0
p2,lon,430917,31500,1.0
p2,lon,430917,32000,1.0
p2,lon,430917,32500,1.0
p2,lon,430917,33000,1.0
p2,lon,430917,33500,1.0
p2,lon,430917,34000,1.0
p2,lon,430917,34500,1.0
p2,lon,430917,35000,1.0
p2,lon,430917,35500,1.0
p2,lon,430917,36000,1.0
p2,lon,430917,36500,1.0
p2,lon,430917,37000,1.0
p2,lon,430917,37500,1.0
p2,lon,430917,38000,1.0
p2,lon,430917,38500,1.0
p2,lon,430917,39000,1.0
p2,lon,430917,39500,1.0
p2,lon,430917,40000,1.0
p2,lon,430917,40500,1.0
p2,lon,430917,41000,0.983
p2,lon,430917,41500,1.0
p2,lon,430917,42000,1.0
p2,lon,430917,42500,1.0
p2,lon,430917,43000,1.0
p2,lon,430917,43500,1.0
p2,lon,430917,44000,1.0
p2,lon,430917,44500,1.0
p2,lon,430917,45000,1.0
p2,lon,430917,45500,1.0
p2,lon,430917,46000,1.0
p2,lon,430917,47000,1.0
p2,lon,430917,47500,1.0
p2,lon,430917,48000,1.0
p2,lon,430917,48500,1.0
p2,lon,430917,49000,1.0
p2,lon,430917,49500,1.0
p2,lon,430917,50000,0.985
p2,lon,430917,50500,1.0
p2,lon,430917,51000,1.0
p2,lon,430917,51500,1.0
p2,lon,430917,52000,0.98
p2,lon,430917,52500,1.0
p2,lon,430917,53000,1.0
p2,lon,430917,53500,1.0
p2,lon,430917,54000,1.0
p2,lon,430917,54500,1.0
p2,lon,430917,55000,1.0
p2,lon,430917,55500,1.0
p2,lon,430917,56000,1.0
p2,lon,430917,56500,1.0
p2,lon,430917,57000,0.995
p2,lon,430917,57500,1.0
p2,lon,430917,58000,1.0
p2,lon,430917,58500,1.0
p2,lon,430917,59000,0.994
p2,lon,430917,59500,1.0
p2,lon,430917,60000,1.0
p2,lon,430917,60500,1.0
p2,ybaL,474965,0,0.0
p2,ybaL,474965,500,0.0
p2,ybaL,474965,1000,0.0
p2,ybaL,474965,1500,0.0
p2,ybaL,474965,2000,0.0
p2,ybaL,474965,2500,0.0
p2,ybaL,474965,3000,0.0
p2,ybaL,474965,3500,0.278
p2,ybaL,474965,4000,0.377
p2,ybaL,474965,4500,0.094
p2,ybaL,474965,5000,0.31
p2,ybaL,474965,5500,0.966
p2,ybaL,474965,6000,0.941
p2,ybaL,474965,6500,1.0
p2,ybaL,474965,7000,1.0
p2,ybaL,474965,7500,1.0
p2,ybaL,474965,8000,1.0
p2,ybaL,474965,8500,0.973
p2,ybaL,474965,9000,0.95
p2,ybaL,474965,9500,1.0
p2,ybaL,474965,10000,1.0
p2,ybaL,474965,10500,1.0
p2,ybaL,474965,11000,1.0
p2,ybaL,474965,11500,1.0
p2,ybaL,474965,12000,1.0
p2,ybaL,474965,12500,1.0
p2,ybaL,474965,13000,1.0
p2,ybaL,474965,13500,1.0
p2,ybaL,474965,14000,1.0
p2,ybaL,474965,14500,1.0
p2,ybaL,474965,15000,1.0
p2,ybaL,474965,15500,1.0
p2,ybaL,474965,16000,1.0
p2,ybaL,474965,16500,1.0
p2,ybaL,474965,17000,1.0
p2,ybaL,474965,17500,1.0
p2,ybaL,474965,18000,1.0
p2,ybaL,474965,18500,1.0
p2,ybaL,474965,19000,1.0
p2,ybaL,474965,19500,1.0
p2,ybaL,474965,20000,1.0
p2,ybaL,474965,20500,1.0
p2,ybaL,474965,21000,1.0
p2,ybaL,474965,21500,1.0
p2,ybaL,474965,22000,1.0
p2,ybaL,474965,22500,1.0
p2,ybaL,474965,23000,1.0
p2,ybaL,474965,23500,1.0
p2,ybaL,474965,24000,1.0
p2,ybaL,474965,24500,1.0
p2,ybaL,474965,25000,1.0
p2,ybaL,474965,25500,1.0
p2,ybaL,474965,26000,1.0
p2,ybaL,474965,26500,1.0
p2,ybaL,474965,27000,1.0
p2,ybaL,474965,27500,1.0
p2,ybaL,474965,28000,1.0
p2,ybaL,474965,28500,1.0
p2,ybaL,474965,29000,1.0
p2,ybaL,474965,29500,1.0
p2,ybaL,474965,30000,1.0
p2,ybaL,474965,30500,1.0
p2,ybaL,474965,31000,1.0
p2,ybaL,474965,31500,1.0
p2,ybaL,474965,32000,1.0
p2,ybaL,474965,32500,1.0
p2,ybaL,474965,33000,1.0
p2,ybaL,474965,33500,1.0
p2,ybaL,474965,34000,1.0
p2,ybaL,474965,34500,1.0
p2,ybaL,474965,35000,1.0
p2,ybaL,474965,35500,1.0
p2,ybaL,474965,36000,1.0
p2,ybaL,474965,36500,1.0
p2,ybaL,474965,37000,1.0
p2,ybaL,474965,37500,1.0
p2,ybaL,474965,38000,1.0
p2,ybaL,474965,38500,1.0
p2,ybaL,474965,39000,1.0
p2,ybaL,474965,39500,1.0
p2,ybaL,474965,40000,0.957
p2,ybaL,474965,40500,1.0
p2,ybaL,474965,41000,1.0
p2,ybaL,474965,41500,1.0
p2,ybaL,474965,42000,1.0
p2,ybaL,474965,42500,1.0
p2,ybaL,474965,43000,1.0
p2,ybaL,474965,43500,1.0
p2,ybaL,474965,44000,1.0
p2,ybaL,474965,44500,1.0
p2,ybaL,474965,45000,1.0
p2,ybaL,474965,45500,1.0
p2,ybaL,474965,46000,1.0
p2,ybaL,474965,47000,1.0
p2,ybaL,474965,47500,1.0
p2,ybaL,474965,48000,1.0
p2,ybaL,474965,48500,1.0
p2,ybaL,474965,49000,1.0
p2,ybaL,474965,49500,1.0
p2,ybaL,474965,50000,1.0
p2,ybaL,474965,50500,1.0
p2,ybaL,474965,51000,1.0
p2,ybaL,474965,51500,1.0
p2,ybaL,474965,52000,1.0
p2,ybaL,474965,52500,1.0
p2,ybaL,474965,53000,1.0
p2,ybaL,474965,53500,1.0
p2,ybaL,474965,54000,1.0
p2,ybaL,474965,54500,1.0
p2,ybaL,474965,55000,1.0
p2,ybaL,474965,55500,1.0
p2,ybaL,474965,56000,1.0
p2,ybaL,474965,56500,1.0
p2,ybaL,474965,57000,1.0
p2,ybaL,474965,57500,1.0
p2,ybaL,474965,58000,1.0
p2,ybaL,474965,58500,1.0
p2,ybaL,474965,59000,1.0
p2,ybaL,474965,59500,1.0
p2,ybaL,474965,60000,1.0
p2,ybaL,474965,60500,1.0
p2,sucB,743469,0,0.0
p2,sucB,743469,500,0.0
p2,sucB,743469,1000,0.0
p2,sucB,743469,1500,0.0
p2,sucB,743469,2000,0.0
p2,sucB,743469,2500,0.0
p2,sucB,743469,3000,0.0
p2,sucB,743469,3500,0.0
p2,sucB,743469,4000,0.007
p2,sucB,743469,4500,0.0
p2,sucB,743469,5000,0.0
p2,sucB,743469,5500,0.03
p2,sucB,743469,6000,0.0
p2,sucB,743469,6500,0.0
p2,sucB,743469,7000,0.0
p2,sucB,743469,7500,0.0
p2,sucB,743469,8000,0.0
p2,sucB,743469,8500,0.0
p2,sucB,743469,9000,0.0
p2,sucB,743469,9500,0.0
p2,sucB,743469,10000,0.0
p2,sucB,743469,10500,0.0
p2,sucB,743469,11000,0.0
p2,sucB,743469,11500,0.0
p2,sucB,743469,12000,0.0
p2,sucB,743469,12500,0.0
p2,sucB,743469,13000,0.0
p2,sucB,743469,13500,0.0
p2,sucB,743469,14000,0.0
p2,sucB,743469,14500,0.0
p2,sucB,743469,15000,0.0
p2,sucB,743469,15500,0.0
p2,sucB,743469,16000,0.0
p2,sucB,743469,16500,0.0
p2,sucB,743469,17000,0.042
p2,sucB,743469,17500,0.0
p2,sucB,743469,18000,0.0
p2,sucB,743469,18500,0.0
p2,sucB,743469,19000,0.0
p2,sucB,743469,19500,0.0
p2,sucB,743469,20000,0.0
p2,sucB,743469,20500,0.0
p2,sucB,743469,21000,0.0
p2,sucB,743469,21500,0.0
p2,sucB,743469,22000,0.0
p2,sucB,743469,22500,0.0
p2,sucB,743469,23000,0.0
p2,sucB,743469,23500,0.0
p2,sucB,743469,24000,0.0
p2,sucB,743469,24500,0.0
p2,sucB,743469,25000,0.0
p2,sucB,743469,25500,0.0
p2,sucB,743469,26000,0.0
p2,sucB,743469,26500,0.0
p2,sucB,743469,27000,0.0
p2,sucB,743469,27500,0.0
p2,sucB,743469,28000,0.0
p2,sucB,743469,28500,0.0
p2,sucB,743469,29000,0.0
p2,sucB,743469,29500,0.0
p2,sucB,743469,30000,0.0
p2,sucB,743469,30500,0.0
p2,sucB,743469,31000,0.0
p2,sucB,743469,31500,0.0
p2,sucB,743469,32000,0.0
p2,sucB,743469,32500,0.0
p2,sucB,743469,33000,0.0
p2,sucB,743469,33500,0.0
p2,sucB,743469,34000,0.0
p2,sucB,743469,34500,0.0
p2,sucB,743469,35000,0.0
p2,sucB,743469,35500,0.0
p2,sucB,743469,36000,0.0
p2,sucB,743469,36500,0.0
p2,sucB,743469,37000,0.0
p2,sucB,743469,37500,0.0
p2,sucB,743469,38000,0.0
p2,sucB,743469,38500,0.0
p2,sucB,743469,39000,0.0
p2,sucB,743469,39500,0.0
p2,sucB,743469,40000,0.0
p2,sucB,743469,40500,0.0
p2,sucB,743469,41000,0.0
p2,sucB,743469,41500,0.0
p2,sucB,743469,42000,0.0
p2,sucB,743469,42500,0.0
p2,sucB,743469,43000,0.0
p2,sucB,743469,43500,0.118
p2,sucB,743469,44000,0.048
p2,sucB,743469,44500,0.091
p2,sucB,743469,45000,0.222
p2,sucB,743469,45500,1.0
p2,sucB,743469,46000,1.0
p2,sucB,743469,47000,1.0
p2,sucB,743469,47500,0.979
p2,sucB,743469,48000,1.0
p2,sucB,743469,48500,1.0
p2,sucB,743469,49000,0.977
p2,sucB,743469,49500,1.0
p2,sucB,743469,50000,1.0
p2,sucB,743469,50500,1.0
p2,sucB,743469,51000,1.0
p2,sucB,743469,51500,1.0
p2,sucB,743469,52000,1.0
p2,sucB,743469,52500,1.0
p2,sucB,743469,53000,1.0
p2,sucB,743469,53500,1.0
p2,sucB,743469,54000,1.0
p2,sucB,743469,54500,1.0
p2,sucB,743469,55000,1.0
p2,sucB,743469,55500,1.0
p2,sucB,743469,56000,0.989
p2,sucB,743469,56500,1.0
p2,sucB,743469,57000,1.0
p2,sucB,743469,57500,1.0
p2,sucB,743469,58000,1.0
p2,sucB,743469,58500,1.0
p2,sucB,743469,59000,0.994
p2,sucB,743469,59500,1.0
p2,sucB,743469,60000,0.991
p2,sucB,743469,60500,1.0
p2,hcp,930552,0,0.0
p2,hcp,930552,500,0.0
p2,hcp,930552,1000,0.0
p2,hcp,930552,1500,0.0
p2,hcp,930552,2000,0.0
p2,hcp,930552,2500,0.0
p2,hcp,930552,3000,0.0
p2,hcp,930552,3500,0.0
p2,hcp,930552,4000,0.0
p2,hcp,930552,4500,0.0
p2,hcp,930552,5000,0.0
p2,hcp,930552,5500,0.0
p2,hcp,930552,6000,0.0
p2,hcp,930552,6500,0.0
p2,hcp,930552,7000,0.0
p2,hcp,930552,7500,0.0
p2,hcp,930552,8000,0.0
p2,hcp,930552,8500,0.0
p2,hcp,930552,9000,0.0
p2,hcp,930552,9500,0.0
p2,hcp,930552,10000,0.0
p2,hcp,930552,10500,0.0
p2,hcp,930552,11000,0.0
p2,hcp,930552,11500,0.0
p2,hcp,930552,12000,0.0
p2,hcp,930552,12500,0.0
p2,hcp,930552,13000,0.0
p2,hcp,930552,13500,0.0
p2,hcp,930552,14000,0.0
p2,hcp,930552,14500,0.0
p2,hcp,930552,15000,0.0
p2,hcp,930552,15500,0.0
p2,hcp,930552,16000,0.0
p2,hcp,930552,16500,0.0
p2,hcp,930552,17000,0.0
p2,hcp,930552,17500,0.0
p2,hcp,930552,18000,0.0
p2,hcp,930552,18500,0.0
p2,hcp,930552,19000,0.0
p2,hcp,930552,19500,0.0
p2,hcp,930552,20000,0.0
p2,hcp,930552,20500,0.0
p2,hcp,930552,21000,0.0
p2,hcp,930552,21500,0.0
p2,hcp,930552,22000,0.0
p2,hcp,930552,22500,0.0
p2,hcp,930552,23000,0.0
p2,hcp,930552,23500,0.0
p2,hcp,930552,24000,0.0
p2,hcp,930552,24500,0.0
p2,hcp,930552,25000,0.0
p2,hcp,930552,25500,0.0
p2,hcp,930552,26000,0.0
p2,hcp,930552,26500,0.0
p2,hcp,930552,27000,0.0
p2,hcp,930552,27500,0.0
p2,hcp,930552,28000,0.0
p2,hcp,930552,28500,0.0
p2,hcp,930552,29000,0.0
p2,hcp,930552,29500,0.0
p2,hcp,930552,30000,0.0
p2,hcp,930552,30500,0.0
p2,hcp,930552,31000,0.0
p2,hcp,930552,31500,0.0
p2,hcp,930552,32000,0.0
p2,hcp,930552,32500,0.0
p2,hcp,930552,33000,0.0
p2,hcp,930552,33500,0.0
p2,hcp,930552,34000,0.0
p2,hcp,930552,34500,0.0
p2,hcp,930552,35000,0.0
p2,hcp,930552,35500,0.0
p2,hcp,930552,36000,0.0
p2,hcp,930552,36500,0.0
p2,hcp,930552,37000,0.0
p2,hcp,930552,37500,0.0
p2,hcp,930552,38000,0.0
p2,hcp,930552,38500,0.0
p2,hcp,930552,39000,0.0
p2,hcp,930552,39500,0.0
p2,hcp,930552,40000,0.182
p2,hcp,930552,40500,0.769
p2,hcp,930552,41000,0.5
p2,hcp,930552,41500,0.778
p2,hcp,930552,42000,0.857
p2,hcp,930552,42500,0.882
p2,hcp,930552,43000,0.917
p2,hcp,930552,43500,1.0
p2,hcp,930552,44000,0.788
p2,hcp,930552,44500,1.0
p2,hcp,930552,45000,1.0
p2,hcp,930552,45500,1.0
p2,hcp,930552,46000,1.0
p2,hcp,930552,47000,1.0
p2,hcp,930552,47500,1.0
p2,hcp,930552,48000,1.0
p2,hcp,930552,48500,1.0
p2,hcp,930552,49000,1.0
p2,hcp,930552,49500,1.0
p2,hcp,930552,50000,0.977
p2,hcp,930552,50500,1.0
p2,hcp,930552,51000,1.0
p2,hcp,930552,51500,1.0
p2,hcp,930552,52000,1.0
p2,hcp,930552,52500,1.0
p2,hcp,930552,53000,1.0
p2,hcp,930552,53500,1.0
p2,hcp,930552,54000,1.0
p2,hcp,930552,54500,1.0
p2,hcp,930552,55000,1.0
p2,hcp,930552,55500,1.0
p2,hcp,930552,56000,1.0
p2,hcp,930552,56500,1.0
p2,hcp,930552,57000,1.0
p2,hcp,930552,57500,1.0
p2,hcp,930552,58000,1.0
p2,hcp,930552,58500,1.0
p2,hcp,930552,59000,0.993
p2,hcp,930552,59500,1.0
p2,hcp,930552,60000,1.0
p2,hcp,930552,60500,1.0
p2,ybjD,934361,0,0.0
p2,ybjD,934361,500,0.0
p2,ybjD,934361,1000,0.0
p2,ybjD,934361,1500,0.0
p2,ybjD,934361,2000,0.0
p2,ybjD,934361,2500,0.0
p2,ybjD,934361,3000,0.0
p2,ybjD,934361,3500,0.0
p2,ybjD,934361,4000,0.0
p2,ybjD,934361,4500,0.0
p2,ybjD,934361,5000,0.0
p2,ybjD,934361,5500,0.0
p2,ybjD,934361,6000,0.0
p2,ybjD,934361,6500,0.0
p2,ybjD,934361,7000,0.0
p2,ybjD,934361,7500,0.0
p2,ybjD,934361,8000,0.0
p2,ybjD,934361,8500,0.0
p2,ybjD,934361,9000,0.0
p2,ybjD,934361,9500,0.0
p2,ybjD,934361,10000,0.0
p2,ybjD,934361,10500,0.0
p2,ybjD,934361,11000,0.0
p2,ybjD,934361,11500,0.0
p2,ybjD,934361,12000,0.0
p2,ybjD,934361,12500,0.0
p2,ybjD,934361,13000,0.0
p2,ybjD,934361,13500,0.0
p2,ybjD,934361,14000,0.0
p2,ybjD,934361,14500,0.0
p2,ybjD,934361,15000,0.0
p2,ybjD,934361,15500,0.0
p2,ybjD,934361,16000,0.0
p2,ybjD,934361,16500,0.0
p2,ybjD,934361,17000,0.0
p2,ybjD,934361,17500,0.0
p2,ybjD,934361,18000,0.0
p2,ybjD,934361,18500,0.0
p2,ybjD,934361,19000,0.0
p2,ybjD,934361,19500,0.0
p2,ybjD,934361,20000,0.0
p2,ybjD,934361,20500,0.0
p2,ybjD,934361,21000,0.0
p2,ybjD,934361,21500,0.0
p2,ybjD,934361,22000,0.0
p2,ybjD,934361,22500,0.0
p2,ybjD,934361,23000,0.0
p2,ybjD,934361,23500,0.0
p2,ybjD,934361,24000,0.0
p2,ybjD,934361,24500,0.0
p2,ybjD,934361,25000,0.0
p2,ybjD,934361,25500,0.0
p2,ybjD,934361,26000,0.0
p2,ybjD,934361,26500,0.0
p2,ybjD,934361,27000,0.0
p2,ybjD,934361,27500,0.0
p2,ybjD,934361,28000,0.0
p2,ybjD,934361,28500,0.0
p2,ybjD,934361,29000,0.0
p2,ybjD,934361,29500,0.0
p2,ybjD,934361,30000,0.0
p2,ybjD,934361,30500,0.0
p2,ybjD,934361,31000,0.0
p2,ybjD,934361,31500,0.0
p2,ybjD,934361,32000,0.0
p2,ybjD,934361,32500,0.1
p2,ybjD,934361,33000,0.0
p2,ybjD,934361,33500,0.0
p2,ybjD,934361,34000,0.0
p2,ybjD,934361,34500,0.0
p2,ybjD,934361,35000,0.0
p2,ybjD,934361,35500,0.0
p2,ybjD,934361,36000,0.0
p2,ybjD,934361,36500,0.0
p2,ybjD,934361,37000,0.0
p2,ybjD,934361,37500,0.0
p2,ybjD,934361,38000,0.0
p2,ybjD,934361,38500,0.0
p2,ybjD,934361,39000,0.077
p2,ybjD,934361,39500,0.031
p2,ybjD,934361,40000,0.44
p2,ybjD,934361,40500,0.941
p2,ybjD,934361,41000,0.885
p2,ybjD,934361,41500,0.909
p2,ybjD,934361,42000,0.914
p2,ybjD,934361,42500,0.96
p2,ybjD,934361,43000,1.0
p2,ybjD,934361,43500,0.727
p2,ybjD,934361,44000,0.815
p2,ybjD,934361,44500,0.818
p2,ybjD,934361,45000,1.0
p2,ybjD,934361,45500,1.0
p2,ybjD,934361,46000,1.0
p2,ybjD,934361,47000,0.944
p2,ybjD,934361,47500,1.0
p2,ybjD,934361,48000,1.0
p2,ybjD,934361,48500,1.0
p2,ybjD,934361,49000,1.0
p2,ybjD,934361,49500,1.0
p2,ybjD,934361,50000,1.0
p2,ybjD,934361,50500,1.0
p2,ybjD,934361,51000,1.0
p2,ybjD,934361,51500,1.0
p2,ybjD,934361,52000,1.0
p2,ybjD,934361,52500,1.0
p2,ybjD,934361,53000,1.0
p2,ybjD,934361,53500,1.0
p2,ybjD,934361,54000,1.0
p2,ybjD,934361,54500,1.0
p2,ybjD,934361,55000,1.0
p2,ybjD,934361,55500,1.0
p2,ybjD,934361,56000,1.0
p2,ybjD,934361,56500,1.0
p2,ybjD,934361,57000,1.0
p2,ybjD,934361,57500,1.0
p2,ybjD,934361,58000,0.979
p2,ybjD,934361,58500,1.0
p2,ybjD,934361,59000,1.0
p2,ybjD,934361,59500,1.0
p2,ybjD,934361,60000,1.0
p2,ybjD,934361,60500,1.0
p2,lrp,949821,0,0.0
p2,lrp,949821,500,0.0
p2,lrp,949821,1000,0.0
p2,lrp,949821,1500,0.0
p2,lrp,949821,2000,0.0
p2,lrp,949821,2500,0.0
p2,lrp,949821,3000,0.0
p2,lrp,949821,3500,0.0
p2,lrp,949821,4000,0.0
p2,lrp,949821,4500,0.0
p2,lrp,949821,5000,0.0
p2,lrp,949821,5500,0.0
p2,lrp,949821,6000,0.0
p2,lrp,949821,6500,0.0
p2,lrp,949821,7000,0.0
p2,lrp,949821,7500,0.0
p2,lrp,949821,8000,0.0
p2,lrp,949821,8500,0.0
p2,lrp,949821,9000,0.0
p2,lrp,949821,9500,0.0
p2,lrp,949821,10000,0.0
p2,lrp,949821,10500,0.0
p2,lrp,949821,11000,0.0
p2,lrp,949821,11500,0.566
p2,lrp,949821,12000,1.0
p2,lrp,949821,12500,1.0
p2,lrp,949821,13000,1.0
p2,lrp,949821,13500,1.0
p2,lrp,949821,14000,1.0
p2,lrp,949821,14500,1.0
p2,lrp,949821,15000,1.0
p2,lrp,949821,15500,1.0
p2,lrp,949821,16000,1.0
p2,lrp,949821,16500,1.0
p2,lrp,949821,17000,1.0
p2,lrp,949821,17500,1.0
p2,lrp,949821,18000,1.0
p2,lrp,949821,18500,1.0
p2,lrp,949821,19000,1.0
p2,lrp,949821,19500,1.0
p2,lrp,949821,20000,1.0
p2,lrp,949821,20500,1.0
p2,lrp,949821,21000,1.0
p2,lrp,949821,21500,1.0
p2,lrp,949821,22000,1.0
p2,lrp,949821,22500,1.0
p2,lrp,949821,23000,1.0
p2,lrp,949821,23500,1.0
p2,lrp,949821,24000,1.0
p2,lrp,949821,24500,1.0
p2,lrp,949821,25000,1.0
p2,lrp,949821,25500,1.0
p2,lrp,949821,26000,1.0
p2,lrp,949821,26500,1.0
p2,lrp,949821,27000,1.0
p2,lrp,949821,27500,1.0
p2,lrp,949821,28000,1.0
p2,lrp,949821,28500,1.0
p2,lrp,949821,29000,1.0
p2,lrp,949821,29500,1.0
p2,lrp,949821,30000,1.0
p2,lrp,949821,30500,1.0
p2,lrp,949821,31000,1.0
p2,lrp,949821,31500,1.0
p2,lrp,949821,32000,1.0
p2,lrp,949821,32500,1.0
p2,lrp,949821,33000,1.0
p2,lrp,949821,33500,1.0
p2,lrp,949821,34000,1.0
p2,lrp,949821,34500,1.0
p2,lrp,949821,35000,1.0
p2,lrp,949821,35500,1.0
p2,lrp,949821,36000,1.0
p2,lrp,949821,36500,1.0
p2,lrp,949821,37000,1.0
p2,lrp,949821,37500,1.0
p2,lrp,949821,38000,1.0
p2,lrp,949821,38500,1.0
p2,lrp,949821,39000,1.0
p2,lrp,949821,39500,1.0
p2,lrp,949821,40000,0.972
p2,lrp,949821,40500,1.0
p2,lrp,949821,41000,1.0
p2,lrp,949821,41500,1.0
p2,lrp,949821,42000,1.0
p2,lrp,949821,42500,1.0
p2,lrp,949821,43000,1.0
p2,lrp,949821,43500,1.0
p2,lrp,949821,44000,1.0
p2,lrp,949821,44500,1.0
p2,lrp,949821,45000,1.0
p2,lrp,949821,45500,1.0
p2,lrp,949821,46000,1.0
p2,lrp,949821,47000,1.0
p2,lrp,949821,47500,1.0
p2,lrp,949821,48000,1.0
p2,lrp,949821,48500,1.0
p2,lrp,949821,49000,1.0
p2,lrp,949821,49500,1.0
p2,lrp,949821,50000,1.0
p2,lrp,949821,50500,1.0
p2,lrp,949821,51000,1.0
p2,lrp,949821,51500,1.0
p2,lrp,949821,52000,1.0
p2,lrp,949821,52500,1.0
p2,lrp,949821,53000,1.0
p2,lrp,949821,53500,1.0
p2,lrp,949821,54000,1.0
p2,lrp,949821,54500,1.0
p2,lrp,949821,55000,1.0
p2,lrp,949821,55500,1.0
p2,lrp,949821,56000,1.0
p2,lrp,949821,56500,1.0
p2,lrp,949821,57000,1.0
p2,lrp,949821,57500,1.0
p2,lrp,949821,58000,1.0
p2,lrp,949821,58500,1.0
p2,lrp,949821,59000,1.0
p2,lrp,949821,59500,1.0
p2,lrp,949821,60000,0.991
p2,lrp,949821,60500,1.0
p2,rpsA,979486,0,0.0
p2,rpsA,979486,500,0.0
p2,rpsA,979486,1000,0.0
p2,rpsA,979486,1500,0.0
p2,rpsA,979486,2000,0.0
p2,rpsA,979486,2500,0.577
p2,rpsA,979486,3000,0.857
p2,rpsA,979486,3500,1.0
p2,rpsA,979486,4000,1.0
p2,rpsA,979486,4500,1.0
p2,rpsA,979486,5000,1.0
p2,rpsA,979486,5500,1.0
p2,rpsA,979486,6000,1.0
p2,rpsA,979486,6500,1.0
p2,rpsA,979486,7000,1.0
p2,rpsA,979486,7500,1.0
p2,rpsA,979486,8000,0.857
p2,rpsA,979486,8500,1.0
p2,rpsA,979486,9000,1.0
p2,rpsA,979486,9500,1.0
p2,rpsA,979486,10000,1.0
p2,rpsA,979486,10500,1.0
p2,rpsA,979486,11000,1.0
p2,rpsA,979486,11500,1.0
p2,rpsA,979486,12000,1.0
p2,rpsA,979486,12500,1.0
p2,rpsA,979486,13000,1.0
p2,rpsA,979486,13500,1.0
p2,rpsA,979486,14000,1.0
p2,rpsA,979486,14500,1.0
p2,rpsA,979486,15000,1.0
p2,rpsA,979486,15500,1.0
p2,rpsA,979486,16000,1.0
p2,rpsA,979486,16500,1.0
p2,rpsA,979486,17000,1.0
p2,rpsA,979486,17500,1.0
p2,rpsA,979486,18000,1.0
p2,rpsA,979486,18500,1.0
p2,rpsA,979486,19000,1.0
p2,rpsA,979486,19500,1.0
p2,rpsA,979486,20000,1.0
p2,rpsA,979486,20500,1.0
p2,rpsA,979486,21000,1.0
p2,rpsA,979486,21500,1.0
p2,rpsA,979486,22000,1.0
p2,rpsA,979486,22500,1.0
p2,rpsA,979486,23000,1.0
p2,rpsA,979486,23500,1.0
p2,rpsA,979486,24000,1.0
p2,rpsA,979486,24500,1.0
p2,rpsA,979486,25000,1.0
p2,rpsA,979486,25500,1.0
p2,rpsA,979486,26000,1.0
p2,rpsA,979486,26500,1.0
p2,rpsA,979486,27000,1.0
p2,rpsA,979486,27500,1.0
p2,rpsA,979486,28000,1.0
p2,rpsA,979486,28500,1.0
p2,rpsA,979486,29000,1.0
p2,rpsA,979486,29500,0.968
p2,rpsA,979486,30000,1.0
p2,rpsA,979486,30500,1.0
p2,rpsA,979486,31000,1.0
p2,rpsA,979486,31500,1.0
p2,rpsA,979486,32000,1.0
p2,rpsA,979486,32500,1.0
p2,rpsA,979486,33000,1.0
p2,rpsA,979486,33500,1.0
p2,rpsA,979486,34000,1.0
p2,rpsA,979486,34500,1.0
p2,rpsA,979486,35000,1.0
p2,rpsA,979486,35500,1.0
p2,rpsA,979486,36000,1.0
p2,rpsA,979486,36500,1.0
p2,rpsA,979486,37000,1.0
p2,rpsA,979486,37500,1.0
p2,rpsA,979486,38000,1.0
p2,rpsA,979486,38500,1.0
p2,rpsA,979486,39000,1.0
p2,rpsA,979486,39500,1.0
p2,rpsA,979486,40000,1.0
p2,rpsA,979486,40500,1.0
p2,rpsA,979486,41000,1.0
p2,rpsA,979486,41500,1.0
p2,rpsA,979486,42000,1.0
p2,rpsA,979486,42500,1.0
p2,rpsA,979486,43000,1.0
p2,rpsA,979486,43500,1.0
p2,rpsA,979486,44000,1.0
p2,rpsA,979486,44500,1.0
p2,rpsA,979486,45000,1.0
p2,rpsA,979486,45500,1.0
p2,rpsA,979486,46000,1.0
p2,rpsA,979486,47000,1.0
p2,rpsA,979486,47500,1.0
p2,rpsA,979486,48000,1.0
p2,rpsA,979486,48500,1.0
p2,rpsA,979486,49000,1.0
p2,rpsA,979486,49500,1.0
p2,rpsA,979486,50000,1.0
p2,rpsA,979486,50500,1.0
p2,rpsA,979486,51000,1.0
p2,rpsA,979486,51500,1.0
p2,rpsA,979486,52000,1.0
p2,rpsA,979486,52500,1.0
p2,rpsA,979486,53000,0.957
p2,rpsA,979486,53500,1.0
p2,rpsA,979486,54000,1.0
p2,rpsA,979486,54500,1.0
p2,rpsA,979486,55000,1.0
p2,rpsA,979486,55500,1.0
p2,rpsA,979486,56000,1.0
p2,rpsA,979486,56500,1.0
p2,rpsA,979486,57000,1.0
p2,rpsA,979486,57500,1.0
p2,rpsA,979486,58000,1.0
p2,rpsA,979486,58500,1.0
p2,rpsA,979486,59000,1.0
p2,rpsA,979486,59500,1.0
p2,rpsA,979486,60000,1.0
p2,rpsA,979486,60500,1.0
p2,ycbB,998325,0,0.0
p2,ycbB,998325,500,0.0
p2,ycbB,998325,1000,0.0
p2,ycbB,998325,1500,0.0
p2,ycbB,998325,2000,0.0
p2,ycbB,998325,2500,0.0
p2,ycbB,998325,3000,0.0
p2,ycbB,998325,3500,0.0
p2,ycbB,998325,4000,0.0
p2,ycbB,998325,4500,0.0
p2,ycbB,998325,5000,0.0
p2,ycbB,998325,5500,0.0
p2,ycbB,998325,6000,0.0
p2,ycbB,998325,6500,0.027
p2,ycbB,998325,7000,0.0
p2,ycbB,998325,7500,0.0
p2,ycbB,998325,8000,0.0
p2,ycbB,998325,8500,0.0
p2,ycbB,998325,9000,0.0
p2,ycbB,998325,9500,0.0
p2,ycbB,998325,10000,0.0
p2,ycbB,998325,10500,0.0
p2,ycbB,998325,11000,0.0
p2,ycbB,998325,11500,0.0
p2,ycbB,998325,12000,0.0
p2,ycbB,998325,12500,0.0
p2,ycbB,998325,13000,0.0
p2,ycbB,998325,13500,0.0
p2,ycbB,998325,14000,0.0
p2,ycbB,998325,14500,0.0
p2,ycbB,998325,15000,0.0
p2,ycbB,998325,15500,0.0
p2,ycbB,998325,16000,0.0
p2,ycbB,998325,16500,0.0
p2,ycbB,998325,17000,0.0
p2,ycbB,998325,17500,0.0
p2,ycbB,998325,18000,0.0
p2,ycbB,998325,18500,0.0
p2,ycbB,998325,19000,0.0
p2,ycbB,998325,19500,0.0
p2,ycbB,998325,20000,0.0
p2,ycbB,998325,20500,0.0
p2,ycbB,998325,21000,0.0
p2,ycbB,998325,21500,0.047
p2,ycbB,998325,22000,0.312
p2,ycbB,998325,22500,0.864
p2,ycbB,998325,23000,0.861
p2,ycbB,998325,23500,0.844
p2,ycbB,998325,24000,0.697
p2,ycbB,998325,24500,0.8
p2,ycbB,998325,25000,0.833
p2,ycbB,998325,25500,0.667
p2,ycbB,998325,26000,0.927
p2,ycbB,998325,26500,1.0
p2,ycbB,998325,27000,0.939
p2,ycbB,998325,27500,0.937
p2,ycbB,998325,28000,1.0
p2,ycbB,998325,28500,1.0
p2,ycbB,998325,29000,0.985
p2,ycbB,998325,29500,1.0
p2,ycbB,998325,30000,1.0
p2,ycbB,998325,30500,1.0
p2,ycbB,998325,31000,1.0
p2,ycbB,998325,31500,0.972
p2,ycbB,998325,32000,1.0
p2,ycbB,998325,32500,1.0
p2,ycbB,998325,33000,0.927
p2,ycbB,998325,33500,0.978
p2,ycbB,998325,34000,0.95
p2,ycbB,998325,34500,1.0
p2,ycbB,998325,35000,0.98
p2,ycbB,998325,35500,0.985
p2,ycbB,998325,36000,0.991
p2,ycbB,998325,36500,1.0
p2,ycbB,998325,37000,1.0
p2,ycbB,998325,37500,0.979
p2,ycbB,998325,38000,0.987
p2,ycbB,998325,38500,1.0
p2,ycbB,998325,39000,1.0
p2,ycbB,998325,39500,0.994
p2,ycbB,998325,40000,1.0
p2,ycbB,998325,40500,0.973
p2,ycbB,998325,41000,1.0
p2,ycbB,998325,41500,1.0
p2,ycbB,998325,42000,0.98
p2,ycbB,998325,42500,0.982
p2,ycbB,998325,43000,1.0
p2,ycbB,998325,43500,1.0
p2,ycbB,998325,44000,1.0
p2,ycbB,998325,44500,1.0
p2,ycbB,998325,45000,0.96
p2,ycbB,998325,45500,0.989
p2,ycbB,998325,46000,1.0
p2,ycbB,998325,47000,0.982
p2,ycbB,998325,47500,1.0
p2,ycbB,998325,48000,1.0
p2,ycbB,998325,48500,1.0
p2,ycbB,998325,49000,0.978
p2,ycbB,998325,49500,0.991
p2,ycbB,998325,50000,1.0
p2,ycbB,998325,50500,1.0
p2,ycbB,998325,51000,0.991
p2,ycbB,998325,51500,1.0
p2,ycbB,998325,52000,0.98
p2,ycbB,998325,52500,1.0
p2,ycbB,998325,53000,1.0
p2,ycbB,998325,53500,0.984
p2,ycbB,998325,54000,1.0
p2,ycbB,998325,54500,0.958
p2,ycbB,998325,55000,0.985
p2,ycbB,998325,55500,1.0
p2,ycbB,998325,56000,1.0
p2,ycbB,998325,56500,0.985
p2,ycbB,998325,57000,0.985
p2,ycbB,998325,57500,1.0
p2,ycbB,998325,58000,0.989
p2,ycbB,998325,58500,0.966
p2,ycbB,998325,59000,1.0
p2,ycbB,998325,59500,1.0
p2,ycbB,998325,60000,0.987
p2,ycbB,998325,60500,0.984
p2,appC,1055618,0,0.024
p2,appC,1055618,500,0.0
p2,appC,1055618,1000,0.0
p2,appC,1055618,1500,0.0
p2,appC,1055618,2000,0.125
p2,appC,1055618,2500,0.775
p2,appC,1055618,3000,0.846
p2,appC,1055618,3500,0.833
p2,appC,1055618,4000,0.99
p2,appC,1055618,4500,1.0
p2,appC,1055618,5000,1.0
p2,appC,1055618,5500,1.0
p2,appC,1055618,6000,0.95
p2,appC,1055618,6500,1.0
p2,appC,1055618,7000,1.0
p2,appC,1055618,7500,1.0
p2,appC,1055618,8000,1.0
p2,appC,1055618,8500,1.0
p2,appC,1055618,9000,1.0
p2,appC,1055618,9500,1.0
p2,appC,1055618,10000,1.0
p2,appC,1055618,10500,1.0
p2,appC,1055618,11000,1.0
p2,appC,1055618,11500,1.0
p2,appC,1055618,12000,1.0
p2,appC,1055618,12500,1.0
p2,appC,1055618,13000,1.0
p2,appC,1055618,13500,1.0
p2,appC,1055618,14000,1.0
p2,appC,1055618,14500,1.0
p2,appC,1055618,15000,1.0
p2,appC,1055618,15500,1.0
p2,appC,1055618,16000,1.0
p2,appC,1055618,16500,1.0
p2,appC,1055618,17000,1.0
p2,appC,1055618,17500,1.0
p2,appC,1055618,18000,1.0
p2,appC,1055618,18500,1.0
p2,appC,1055618,19000,1.0
p2,appC,1055618,19500,1.0
p2,appC,1055618,20000,1.0
p2,appC,1055618,20500,1.0
p2,appC,1055618,21000,1.0
p2,appC,1055618,21500,1.0
p2,appC,1055618,22000,1.0
p2,appC,1055618,22500,1.0
p2,appC,1055618,23000,1.0
p2,appC,1055618,23500,1.0
p2,appC,1055618,24000,1.0
p2,appC,1055618,24500,1.0
p2,appC,1055618,25000,1.0
p2,appC,1055618,25500,1.0
p2,appC,1055618,26000,1.0
p2,appC,1055618,26500,1.0
p2,appC,1055618,27000,1.0
p2,appC,1055618,27500,1.0
p2,appC,1055618,28000,1.0
p2,appC,1055618,28500,1.0
p2,appC,1055618,29000,1.0
p2,appC,1055618,29500,1.0
p2,appC,1055618,30000,1.0
p2,appC,1055618,30500,1.0
p2,appC,1055618,31000,1.0
p2,appC,1055618,31500,1.0
p2,appC,1055618,32000,1.0
p2,appC,1055618,32500,1.0
p2,appC,1055618,33000,1.0
p2,appC,1055618,33500,1.0
p2,appC,1055618,34000,1.0
p2,appC,1055618,34500,1.0
p2,appC,1055618,35000,1.0
p2,appC,1055618,35500,1.0
p2,appC,1055618,36000,1.0
p2,appC,1055618,36500,1.0
p2,appC,1055618,37000,1.0
p2,appC,1055618,37500,1.0
p2,appC,1055618,38000,1.0
p2,appC,1055618,38500,1.0
p2,appC,1055618,39000,1.0
p2,appC,1055618,39500,1.0
p2,appC,1055618,40000,1.0
p2,appC,1055618,40500,1.0
p2,appC,1055618,41000,0.976
p2,appC,1055618,41500,1.0
p2,appC,1055618,42000,1.0
p2,appC,1055618,42500,1.0
p2,appC,1055618,43000,1.0
p2,appC,1055618,43500,1.0
p2,appC,1055618,44000,1.0
p2,appC,1055618,44500,1.0
p2,appC,1055618,45000,1.0
p2,appC,1055618,45500,1.0
p2,appC,1055618,46000,1.0
p2,appC,1055618,47000,1.0
p2,appC,1055618,47500,1.0
p2,appC,1055618,48000,1.0
p2,appC,1055618,48500,1.0
p2,appC,1055618,49000,1.0
p2,appC,1055618,49500,1.0
p2,appC,1055618,50000,1.0
p2,appC,1055618,50500,1.0
p2,appC,1055618,51000,1.0
p2,appC,1055618,51500,1.0
p2,appC,1055618,52000,1.0
p2,appC,1055618,52500,1.0
p2,appC,1055618,53000,1.0
p2,appC,1055618,53500,1.0
p2,appC,1055618,54000,1.0
p2,appC,1055618,54500,1.0
p2,appC,1055618,55000,1.0
p2,appC,1055618,55500,1.0
p2,appC,1055618,56000,1.0
p2,appC,1055618,56500,1.0
p2,appC,1055618,57000,0.993
p2,appC,1055618,57500,1.0
p2,appC,1055618,58000,1.0
p2,appC,1055618,58500,0.974
p2,appC,1055618,59000,1.0
p2,appC,1055618,59500,1.0
p2,appC,1055618,60000,1.0
p2,appC,1055618,60500,1.0
p2,torA,1075802,0,0.014
p2,torA,1075802,500,0.0
p2,torA,1075802,1000,0.0
p2,torA,1075802,1500,0.0
p2,torA,1075802,2000,0.0
p2,torA,1075802,2500,0.0
p2,torA,1075802,3000,0.0
p2,torA,1075802,3500,0.0
p2,torA,1075802,4000,0.013
p2,torA,1075802,4500,0.032
p2,torA,1075802,5000,0.0
p2,torA,1075802,5500,0.03
p2,torA,1075802,6000,0.0
p2,torA,1075802,6500,0.071
p2,torA,1075802,7000,0.1
p2,torA,1075802,7500,0.0
p2,torA,1075802,8000,0.0
p2,torA,1075802,8500,0.024
p2,torA,1075802,9000,0.0
p2,torA,1075802,9500,0.0
p2,torA,1075802,10000,0.016
p2,torA,1075802,10500,0.0
p2,torA,1075802,11000,0.034
p2,torA,1075802,11500,0.0
p2,torA,1075802,12000,0.077
p2,torA,1075802,12500,0.0
p2,torA,1075802,13000,0.047
p2,torA,1075802,13500,0.0
p2,torA,1075802,14000,0.057
p2,torA,1075802,14500,0.0
p2,torA,1075802,15000,0.066
p2,torA,1075802,15500,0.0
p2,torA,1075802,16000,0.0
p2,torA,1075802,16500,0.0
p2,torA,1075802,17000,0.0
p2,torA,1075802,17500,0.0
p2,torA,1075802,18000,0.0
p2,torA,1075802,18500,0.0
p2,torA,1075802,19000,0.0
p2,torA,1075802,19500,0.0
p2,torA,1075802,20000,0.0
p2,torA,1075802,20500,0.0
p2,torA,1075802,21000,0.0
p2,torA,1075802,21500,0.0
p2,torA,1075802,22000,0.071
p2,torA,1075802,22500,0.0
p2,torA,1075802,23000,0.082
p2,torA,1075802,23500,0.0
p2,torA,1075802,24000,0.0
p2,torA,1075802,24500,0.0
p2,torA,1075802,25000,0.0
p2,torA,1075802,25500,0.0
p2,torA,1075802,26000,0.0
p2,torA,1075802,26500,0.1
p2,torA,1075802,27000,0.0
p2,torA,1075802,27500,0.059
p2,torA,1075802,28000,0.0
p2,torA,1075802,28500,0.0
p2,torA,1075802,29000,0.0
p2,torA,1075802,29500,0.035
p2,torA,1075802,30000,0.059
p2,torA,1075802,30500,0.038
p2,torA,1075802,31000,0.0
p2,torA,1075802,31500,0.0
p2,torA,1075802,32000,0.051
p2,torA,1075802,32500,0.1
p2,torA,1075802,33000,0.0
p2,torA,1075802,33500,0.034
p2,torA,1075802,34000,0.0
p2,torA,1075802,34500,0.061
p2,torA,1075802,35000,0.06
p2,torA,1075802,35500,0.656
p2,torA,1075802,36000,0.829
p2,torA,1075802,36500,0.745
p2,torA,1075802,37000,0.941
p2,torA,1075802,37500,0.909
p2,torA,1075802,38000,0.97
p2,torA,1075802,38500,1.0
p2,torA,1075802,39000,1.0
p2,torA,1075802,39500,1.0
p2,torA,1075802,40000,0.929
p2,torA,1075802,40500,0.944
p2,torA,1075802,41000,0.96
p2,torA,1075802,41500,1.0
p2,torA,1075802,42000,1.0
p2,torA,1075802,42500,1.0
p2,torA,1075802,43000,1.0
p2,torA,1075802,43500,0.944
p2,torA,1075802,44000,1.0
p2,torA,1075802,44500,1.0
p2,torA,1075802,45000,0.938
p2,torA,1075802,45500,1.0
p2,torA,1075802,46000,0.941
p2,torA,1075802,47000,1.0
p2,torA,1075802,47500,1.0
p2,torA,1075802,48000,1.0
p2,torA,1075802,48500,1.0
p2,torA,1075802,49000,1.0
p2,torA,1075802,49500,1.0
p2,torA,1075802,50000,1.0
p2,torA,1075802,50500,1.0
p2,torA,1075802,51000,1.0
p2,torA,1075802,51500,1.0
p2,torA,1075802,52000,1.0
p2,torA,1075802,52500,1.0
p2,torA,1075802,53000,1.0
p2,torA,1075802,53500,1.0
p2,torA,1075802,54000,1.0
p2,torA,1075802,54500,1.0
p2,torA,1075802,55000,0.981
p2,torA,1075802,55500,1.0
p2,torA,1075802,56000,1.0
p2,torA,1075802,56500,1.0
p2,torA,1075802,57000,1.0
p2,torA,1075802,57500,1.0
p2,torA,1075802,58000,0.98
p2,torA,1075802,58500,1.0
p2,torA,1075802,59000,1.0
p2,torA,1075802,59500,1.0
p2,torA,1075802,60000,1.0
p2,torA,1075802,60500,1.0
p2,flgB,1145690,0,0.0
p2,flgB,1145690,500,0.0
p2,flgB,1145690,1000,0.0
p2,flgB,1145690,1500,0.0
p2,flgB,1145690,2000,0.125
p2,flgB,1145690,2500,0.522
p2,flgB,1145690,3000,0.833
p2,flgB,1145690,3500,1.0
p2,flgB,1145690,4000,1.0
p2,flgB,1145690,4500,1.0
p2,flgB,1145690,5000,1.0
p2,flgB,1145690,5500,1.0
p2,flgB,1145690,6000,1.0
p2,flgB,1145690,6500,1.0
p2,flgB,1145690,7000,1.0
p2,flgB,1145690,7500,1.0
p2,flgB,1145690,8000,1.0
p2,flgB,1145690,8500,0.966
p2,flgB,1145690,9000,1.0
p2,flgB,1145690,9500,1.0
p2,flgB,1145690,10000,1.0
p2,flgB,1145690,10500,1.0
p2,flgB,1145690,11000,1.0
p2,flgB,1145690,11500,1.0
p2,flgB,1145690,12000,1.0
p2,flgB,1145690,12500,1.0
p2,flgB,1145690,13000,1.0
p2,flgB,1145690,13500,1.0
p2,flgB,1145690,14000,1.0
p2,flgB,1145690,14500,1.0
p2,flgB,1145690,15000,1.0
p2,flgB,1145690,15500,1.0
p2,flgB,1145690,16000,1.0
p2,flgB,1145690,16500,1.0
p2,flgB,1145690,17000,1.0
p2,flgB,1145690,17500,1.0
p2,flgB,1145690,18000,1.0
p2,flgB,1145690,18500,1.0
p2,flgB,1145690,19000,1.0
p2,flgB,1145690,19500,1.0
p2,flgB,1145690,20000,1.0
p2,flgB,1145690,20500,1.0
p2,flgB,1145690,21000,1.0
p2,flgB,1145690,21500,1.0
p2,flgB,1145690,22000,1.0
p2,flgB,1145690,22500,1.0
p2,flgB,1145690,23000,1.0
p2,flgB,1145690,23500,1.0
p2,flgB,1145690,24000,1.0
p2,flgB,1145690,24500,1.0
p2,flgB,1145690,25000,1.0
p2,flgB,1145690,25500,1.0
p2,flgB,1145690,26000,1.0
p2,flgB,1145690,26500,1.0
p2,flgB,1145690,27000,1.0
p2,flgB,1145690,27500,1.0
p2,flgB,1145690,28000,1.0
p2,flgB,1145690,28500,1.0
p2,flgB,1145690,29000,1.0
p2,flgB,1145690,29500,1.0
p2,flgB,1145690,30000,1.0
p2,flgB,1145690,30500,1.0
p2,flgB,1145690,31000,1.0
p2,flgB,1145690,31500,1.0
p2,flgB,1145690,32000,1.0
p2,flgB,1145690,32500,1.0
p2,flgB,1145690,33000,1.0
p2,flgB,1145690,33500,1.0
p2,flgB,1145690,34000,1.0
p2,flgB,1145690,34500,1.0
p2,flgB,1145690,35000,1.0
p2,flgB,1145690,35500,1.0
p2,flgB,1145690,36000,1.0
p2,flgB,1145690,36500,1.0
p2,flgB,1145690,37000,1.0
p2,flgB,1145690,37500,1.0
p2,flgB,1145690,38000,1.0
p2,flgB,1145690,38500,1.0
p2,flgB,1145690,39000,1.0
p2,flgB,1145690,39500,1.0
p2,flgB,1145690,40000,1.0
p2,flgB,1145690,40500,1.0
p2,flgB,1145690,41000,1.0
p2,flgB,1145690,41500,1.0
p2,flgB,1145690,42000,1.0
p2,flgB,1145690,42500,1.0
p2,flgB,1145690,43000,1.0
p2,flgB,1145690,43500,1.0
p2,flgB,1145690,44000,1.0
p2,flgB,1145690,44500,1.0
p2,flgB,1145690,45000,1.0
p2,flgB,1145690,45500,1.0
p2,flgB,1145690,46000,1.0
p2,flgB,1145690,47000,1.0
p2,flgB,1145690,47500,1.0
p2,flgB,1145690,48000,1.0
p2,flgB,1145690,48500,1.0
p2,flgB,1145690,49000,1.0
p2,flgB,1145690,49500,1.0
p2,flgB,1145690,50000,1.0
p2,flgB,1145690,50500,1.0
p2,flgB,1145690,51000,1.0
p2,flgB,1145690,51500,1.0
p2,flgB,1145690,52000,1.0
p2,flgB,1145690,52500,1.0
p2,flgB,1145690,53000,1.0
p2,flgB,1145690,53500,1.0
p2,flgB,1145690,54000,1.0
p2,flgB,1145690,54500,1.0
p2,flgB,1145690,55000,1.0
p2,flgB,1145690,55500,1.0
p2,flgB,1145690,56000,1.0
p2,flgB,1145690,56500,1.0
p2,flgB,1145690,57000,1.0
p2,flgB,1145690,57500,1.0
p2,flgB,1145690,58000,1.0
p2,flgB,1145690,58500,1.0
p2,flgB,1145690,59000,1.0
p2,flgB,1145690,59500,1.0
p2,flgB,1145690,60000,1.0
p2,flgB,1145690,60500,1.0
p2,rnb,1345569,0,0.057
p2,rnb,1345569,500,0.114
p2,rnb,1345569,1000,0.071
p2,rnb,1345569,1500,0.0
p2,rnb,1345569,2000,0.0
p2,rnb,1345569,2500,0.109
p2,rnb,1345569,3000,0.0
p2,rnb,1345569,3500,0.062
p2,rnb,1345569,4000,0.043
p2,rnb,1345569,4500,0.122
p2,rnb,1345569,5000,0.157
p2,rnb,1345569,5500,0.113
p2,rnb,1345569,6000,0.16
p2,rnb,1345569,6500,0.046
p2,rnb,1345569,7000,0.167
p2,rnb,1345569,7500,0.0
p2,rnb,1345569,8000,0.0
p2,rnb,1345569,8500,0.053
p2,rnb,1345569,9000,0.118
p2,rnb,1345569,9500,0.091
p2,rnb,1345569,10000,0.141
p2,rnb,1345569,10500,0.095
p2,rnb,1345569,11000,0.0
p2,rnb,1345569,11500,0.067
p2,rnb,1345569,12000,0.03
p2,rnb,1345569,12500,0.059
p2,rnb,1345569,13000,0.033
p2,rnb,1345569,13500,0.156
p2,rnb,1345569,14000,0.327
p2,rnb,1345569,14500,0.545
p2,rnb,1345569,15000,0.836
p2,rnb,1345569,15500,0.808
p2,rnb,1345569,16000,0.963
p2,rnb,1345569,16500,1.0
p2,rnb,1345569,17000,0.941
p2,rnb,1345569,17500,0.98
p2,rnb,1345569,18000,1.0
p2,rnb,1345569,18500,1.0
p2,rnb,1345569,19000,0.988
p2,rnb,1345569,19500,1.0
p2,rnb,1345569,20000,1.0
p2,rnb,1345569,20500,0.98
p2,rnb,1345569,21000,1.0
p2,rnb,1345569,21500,0.994
p2,rnb,1345569,22000,0.98
p2,rnb,1345569,22500,1.0
p2,rnb,1345569,23000,1.0
p2,rnb,1345569,23500,1.0
p2,rnb,1345569,24000,1.0
p2,rnb,1345569,24500,1.0
p2,rnb,1345569,25000,1.0
p2,rnb,1345569,25500,1.0
p2,rnb,1345569,26000,1.0
p2,rnb,1345569,26500,1.0
p2,rnb,1345569,27000,1.0
p2,rnb,1345569,27500,0.962
p2,rnb,1345569,28000,1.0
p2,rnb,1345569,28500,1.0
p2,rnb,1345569,29000,1.0
p2,rnb,1345569,29500,0.987
p2,rnb,1345569,30000,1.0
p2,rnb,1345569,30500,1.0
p2,rnb,1345569,31000,1.0
p2,rnb,1345569,31500,1.0
p2,rnb,1345569,32000,1.0
p2,rnb,1345569,32500,1.0
p2,rnb,1345569,33000,1.0
p2,rnb,1345569,33500,1.0
p2,rnb,1345569,34000,1.0
p2,rnb,1345569,34500,1.0
p2,rnb,1345569,35000,1.0
p2,rnb,1345569,35500,1.0
p2,rnb,1345569,36000,1.0
p2,rnb,1345569,36500,0.982
p2,rnb,1345569,37000,1.0
p2,rnb,1345569,37500,0.952
p2,rnb,1345569,38000,1.0
p2,rnb,1345569,38500,1.0
p2,rnb,1345569,39000,0.97
p2,rnb,1345569,39500,0.992
p2,rnb,1345569,40000,1.0
p2,rnb,1345569,40500,1.0
p2,rnb,1345569,41000,0.98
p2,rnb,1345569,41500,1.0
p2,rnb,1345569,42000,1.0
p2,rnb,1345569,42500,1.0
p2,rnb,1345569,43000,1.0
p2,rnb,1345569,43500,0.979
p2,rnb,1345569,44000,1.0
p2,rnb,1345569,44500,1.0
p2,rnb,1345569,45000,1.0
p2,rnb,1345569,45500,0.981
p2,rnb,1345569,46000,0.973
p2,rnb,1345569,47000,0.98
p2,rnb,1345569,47500,1.0
p2,rnb,1345569,48000,1.0
p2,rnb,1345569,48500,0.957
p2,rnb,1345569,49000,1.0
p2,rnb,1345569,49500,0.99
p2,rnb,1345569,50000,1.0
p2,rnb,1345569,50500,1.0
p2,rnb,1345569,51000,1.0
p2,rnb,1345569,51500,0.98
p2,rnb,1345569,52000,1.0
p2,rnb,1345569,52500,1.0
p2,rnb,1345569,53000,0.889
p2,rnb,1345569,53500,0.986
p2,rnb,1345569,54000,1.0
p2,rnb,1345569,54500,1.0
p2,rnb,1345569,55000,1.0
p2,rnb,1345569,55500,1.0
p2,rnb,1345569,56000,0.973
p2,rnb,1345569,56500,1.0
p2,rnb,1345569,57000,0.99
p2,rnb,1345569,57500,1.0
p2,rnb,1345569,58000,0.981
p2,rnb,1345569,58500,0.988
p2,rnb,1345569,59000,1.0
p2,rnb,1345569,59500,0.993
p2,rnb,1345569,60000,0.994
p2,rnb,1345569,60500,1.0
p2,hokB,1462251,0,0.0
p2,hokB,1462251,500,0.0
p2,hokB,1462251,1000,0.0
p2,hokB,1462251,1500,0.0
p2,hokB,1462251,2000,0.0
p2,hokB,1462251,2500,0.07
p2,hokB,1462251,3000,0.0
p2,hokB,1462251,3500,0.0
p2,hokB,1462251,4000,0.01
p2,hokB,1462251,4500,0.0
p2,hokB,1462251,5000,0.0
p2,hokB,1462251,5500,0.0
p2,hokB,1462251,6000,0.0
p2,hokB,1462251,6500,0.012
p2,hokB,1462251,7000,0.039
p2,hokB,1462251,7500,0.0
p2,hokB,1462251,8000,0.0
p2,hokB,1462251,8500,0.017
p2,hokB,1462251,9000,0.031
p2,hokB,1462251,9500,0.021
p2,hokB,1462251,10000,0.0
p2,hokB,1462251,10500,0.0
p2,hokB,1462251,11000,0.015
p2,hokB,1462251,11500,0.016
p2,hokB,1462251,12000,0.065
p2,hokB,1462251,12500,0.0
p2,hokB,1462251,13000,0.013
p2,hokB,1462251,13500,0.029
p2,hokB,1462251,14000,0.0
p2,hokB,1462251,14500,0.0
p2,hokB,1462251,15000,0.0
p2,hokB,1462251,15500,0.0
p2,hokB,1462251,16000,0.0
p2,hokB,1462251,16500,0.0
p2,hokB,1462251,17000,0.0
p2,hokB,1462251,17500,0.0
p2,hokB,1462251,18000,0.061
p2,hokB,1462251,18500,0.0
p2,hokB,1462251,19000,0.027
p2,hokB,1462251,19500,0.038
p2,hokB,1462251,20000,0.0
p2,hokB,1462251,20500,0.0
p2,hokB,1462251,21000,0.024
p2,hokB,1462251,21500,0.04
p2,hokB,1462251,22000,0.013
p2,hokB,1462251,22500,0.0
p2,hokB,1462251,23000,0.0
p2,hokB,1462251,23500,0.0
p2,hokB,1462251,24000,0.0
p2,hokB,1462251,24500,0.036
p2,hokB,1462251,25000,0.0
p2,hokB,1462251,25500,0.0
p2,hokB,1462251,26000,0.0
p2,hokB,1462251,26500,0.0
p2,hokB,1462251,27000,0.0
p2,hokB,1462251,27500,0.0
p2,hokB,1462251,28000,0.0
p2,hokB,1462251,28500,0.037
p2,hokB,1462251,29000,0.018
p2,hokB,1462251,29500,0.025
p2,hokB,1462251,30000,0.009
p2,hokB,1462251,30500,0.077
p2,hokB,1462251,31000,0.077
p2,hokB,1462251,31500,0.0
p2,hokB,1462251,32000,0.0
p2,hokB,1462251,32500,0.0
p2,hokB,1462251,33000,0.0
p2,hokB,1462251,33500,0.014
p2,hokB,1462251,34000,0.033
p2,hokB,1462251,34500,0.0
p2,hokB,1462251,35000,0.0
p2,hokB,1462251,35500,0.0
p2,hokB,1462251,36000,0.0
p2,hokB,1462251,36500,0.0
p2,hokB,1462251,37000,0.0
p2,hokB,1462251,37500,0.081
p2,hokB,1462251,38000,0.016
p2,hokB,1462251,38500,0.0
p2,hokB,1462251,39000,0.0
p2,hokB,1462251,39500,0.027
p2,hokB,1462251,40000,0.0
p2,hokB,1462251,40500,0.0
p2,hokB,1462251,41000,0.0
p2,hokB,1462251,41500,0.045
p2,hokB,1462251,42000,0.0
p2,hokB,1462251,42500,0.0
p2,hokB,1462251,43000,0.057
p2,hokB,1462251,43500,0.143
p2,hokB,1462251,44000,0.07
p2,hokB,1462251,44500,0.033
p2,hokB,1462251,45000,0.059
p2,hokB,1462251,45500,0.0
p2,hokB,1462251,46000,0.027
p2,hokB,1462251,47000,0.0
p2,hokB,1462251,47500,0.037
p2,hokB,1462251,48000,0.324
p2,hokB,1462251,48500,0.46
p2,hokB,1462251,49000,0.515
p2,hokB,1462251,49500,0.886
p2,hokB,1462251,50000,0.912
p2,hokB,1462251,50500,0.912
p2,hokB,1462251,51000,1.0
p2,hokB,1462251,51500,1.0
p2,hokB,1462251,52000,1.0
p2,hokB,1462251,52500,1.0
p2,hokB,1462251,53000,1.0
p2,hokB,1462251,53500,1.0
p2,hokB,1462251,54000,1.0
p2,hokB,1462251,54500,1.0
p2,hokB,1462251,55000,1.0
p2,hokB,1462251,55500,1.0
p2,hokB,1462251,56000,1.0
p2,hokB,1462251,56500,1.0
p2,hokB,1462251,57000,1.0
p2,hokB,1462251,57500,1.0
p2,hokB,1462251,58000,1.0
p2,hokB,1462251,58500,1.0
p2,hokB,1462251,59000,1.0
p2,hokB,1462251,59500,1.0
p2,hokB,1462251,60000,1.0
p2,hokB,1462251,60500,1.0
p2,ECB_01540,1624007,0,0.0
p2,ECB_01540,1624007,500,0.042
p2,ECB_01540,1624007,1000,0.0
p2,ECB_01540,1624007,1500,0.0
p2,ECB_01540,1624007,2000,0.0
p2,ECB_01540,1624007,2500,0.0
p2,ECB_01540,1624007,3000,0.0
p2,ECB_01540,1624007,3500,0.0
p2,ECB_01540,1624007,4000,0.0
p2,ECB_01540,1624007,4500,0.0
p2,ECB_01540,1624007,5000,0.0
p2,ECB_01540,1624007,5500,0.0
p2,ECB_01540,1624007,6000,0.0
p2,ECB_01540,1624007,6500,0.0
p2,ECB_01540,1624007,7000,0.0
p2,ECB_01540,1624007,7500,0.0
p2,ECB_01540,1624007,8000,0.0
p2,ECB_01540,1624007,8500,0.0
p2,ECB_01540,1624007,9000,0.0
p2,ECB_01540,1624007,9500,0.0
p2,ECB_01540,1624007,10000,0.0
p2,ECB_01540,1624007,10500,0.0
p2,ECB_01540,1624007,11000,0.0
p2,ECB_01540,1624007,11500,0.0
p2,ECB_01540,1624007,12000,0.0
p2,ECB_01540,1624007,12500,0.0
p2,ECB_01540,1624007,13000,0.0
p2,ECB_01540,1624007,13500,0.0
p2,ECB_01540,1624007,14000,0.0
p2,ECB_01540,1624007,14500,0.0
p2,ECB_01540,1624007,15000,0.0
p2,ECB_01540,1624007,15500,0.0
p2,ECB_01540,1624007,16000,0.0
p2,ECB_01540,1624007,16500,0.0
p2,ECB_01540,1624007,17000,0.0
p2,ECB_01540,1624007,17500,0.0
p2,ECB_01540,1624007,18000,0.0
p2,ECB_01540,1624007,18500,0.0
p2,ECB_01540,1624007,19000,0.0
p2,ECB_01540,1624007,19500,0.0
p2,ECB_01540,1624007,20000,0.0
p2,ECB_01540,1624007,20500,0.0
p2,ECB_01540,1624007,21000,0.0
p2,ECB_01540,1624007,21500,0.0
p2,ECB_01540,1624007,22000,0.0
p2,ECB_01540,1624007,22500,0.0
p2,ECB_01540,1624007,23000,0.0
p2,ECB_01540,1624007,23500,0.0
p2,ECB_01540,1624007,24000,0.022
p2,ECB_01540,1624007,24500,0.0
p2,ECB_01540,1624007,25000,0.083
p2,ECB_01540,1624007,25500,0.0
p2,ECB_01540,1624007,26000,0.0
p2,ECB_01540,1624007,26500,0.0
p2,ECB_01540,1624007,27000,0.0
p2,ECB_01540,1624007,27500,0.0
p2,ECB_01540,1624007,28000,0.0
p2,ECB_01540,1624007,28500,0.0
p2,ECB_01540,1624007,29000,0.0
p2,ECB_01540,1624007,29500,0.0
p2,ECB_01540,1624007,30000,0.0
p2,ECB_01540,1624007,30500,0.0
p2,ECB_01540,1624007,31000,0.0
p2,ECB_01540,1624007,31500,0.0
p2,ECB_01540,1624007,32000,0.0
p2,ECB_01540,1624007,32500,0.0
p2,ECB_01540,1624007,33000,0.0
p2,ECB_01540,1624007,33500,0.0
p2,ECB_01540,1624007,34000,0.0
p2,ECB_01540,1624007,34500,0.0
p2,ECB_01540,1624007,35000,0.0
p2,ECB_01540,1624007,35500,0.0
p2,ECB_01540,1624007,36000,0.0
p2,ECB_01540,1624007,36500,0.0
p2,ECB_01540,1624007,37000,0.0
p2,ECB_01540,1624007,37500,0.143
p2,ECB_01540,1624007,38000,0.818
p2,ECB_01540,1624007,38500,0.95
p2,ECB_01540,1624007,39000,0.857
p2,ECB_01540,1624007,39500,0.889
p2,ECB_01540,1624007,40000,0.958
p2,ECB_01540,1624007,40500,0.955
p2,ECB_01540,1624007,41000,0.88
p2,ECB_01540,1624007,41500,1.0
p2,ECB_01540,1624007,42000,0.884
p2,ECB_01540,1624007,42500,0.952
p2,ECB_01540,1624007,43000,0.917
p2,ECB_01540,1624007,43500,1.0
p2,ECB_01540,1624007,44000,0.963
p2,ECB_01540,1624007,44500,1.0
p2,ECB_01540,1624007,45000,1.0
p2,ECB_01540,1624007,45500,0.929
p2,ECB_01540,1624007,46000,1.0
p2,ECB_01540,1624007,47000,0.828
p2,ECB_01540,1624007,47500,0.952
p2,ECB_01540,1624007,48000,0.882
p2,ECB_01540,1624007,48500,0.958
p2,ECB_01540,1624007,49000,0.917
p2,ECB_01540,1624007,49500,0.959
p2,ECB_01540,1624007,50000,0.943
p2,ECB_01540,1624007,50500,0.864
p2,ECB_01540,1624007,51000,0.96
p2,ECB_01540,1624007,51500,1.0
p2,ECB_01540,1624007,52000,0.964
p2,ECB_01540,1624007,52500,1.0
p2,ECB_01540,1624007,53000,0.95
p2,ECB_01540,1624007,53500,0.971
p2,ECB_01540,1624007,54000,0.942
p2,ECB_01540,1624007,54500,1.0
p2,ECB_01540,1624007,55000,0.925
p2,ECB_01540,1624007,55500,0.923
p2,ECB_01540,1624007,56000,0.868
p2,ECB_01540,1624007,56500,0.958
p2,ECB_01540,1624007,57000,0.923
p2,ECB_01540,1624007,57500,0.963
p2,ECB_01540,1624007,58000,0.957
p2,ECB_01540,1624007,58500,0.964
p2,ECB_01540,1624007,59000,0.946
p2,ECB_01540,1624007,59500,0.947
p2,ECB_01540,1624007,60000,0.948
p2,ECB_01540,1624007,60500,0.895
p2,intergenic,1629261,0,0.0
p2,intergenic,1629261,500,0.0
p2,intergenic,1629261,1000,0.0
p2,intergenic,1629261,1500,0.0
p2,intergenic,1629261,2000,0.0
p2,intergenic,1629261,2500,0.0
p2,intergenic,1629261,3000,0.0
p2,intergenic,1629261,3500,0.0
p2,intergenic,1629261,4000,0.0
p2,intergenic,1629261,4500,0.0
p2,intergenic,1629261,5000,0.0
p2,intergenic,1629261,5500,0.0
p2,intergenic,1629261,6000,0.0
p2,intergenic,1629261,6500,0.0
p2,intergenic,1629261,7000,0.0
p2,intergenic,1629261,7500,0.0
p2,intergenic,1629261,8000,0.0
p2,intergenic,1629261,8500,0.0
p2,intergenic,1629261,9000,0.0
p2,intergenic,1629261,9500,0.0
p2,intergenic,1629261,10000,0.0
p2,intergenic,1629261,10500,0.0
p2,intergenic,1629261,11000,0.0
p2,intergenic,1629261,11500,0.0
p2,intergenic,1629261,12000,0.0
p2,intergenic,1629261,12500,0.0
p2,intergenic,1629261,13000,0.0
p2,intergenic,1629261,13500,0.0
p2,intergenic,1629261,14000,0.0
p2,intergenic,1629261,14500,0.0
p2,intergenic,1629261,15000,0.0
p2,intergenic,1629261,15500,0.0
p2,intergenic,1629261,16000,0.0
p2,intergenic,1629261,16500,0.0
p2,intergenic,1629261,17000,0.0
p2,intergenic,1629261,17500,0.0
p2,intergenic,1629261,18000,0.0
p2,intergenic,1629261,18500,0.0
p2,intergenic,1629261,19000,0.0
p2,intergenic,1629261,19500,0.0
p2,intergenic,1629261,20000,0.0
p2,intergenic,1629261,20500,0.0
p2,intergenic,1629261,21000,0.0
p2,intergenic,1629261,21500,0.0
p2,intergenic,1629261,22000,0.0
p2,intergenic,1629261,22500,0.0
p2,intergenic,1629261,23000,0.0
p2,intergenic,1629261,23500,0.0
p2,intergenic,1629261,24000,0.0
p2,intergenic,1629261,24500,0.0
p2,intergenic,1629261,25000,0.0
p2,intergenic,1629261,25500,0.0
p2,intergenic,1629261,26000,0.0
p2,intergenic,1629261,26500,0.0
p2,intergenic,1629261,27000,0.0
p2,intergenic,1629261,27500,0.0
p2,intergenic,1629261,28000,0.0
p2,intergenic,1629261,28500,0.0
p2,intergenic,1629261,29000,0.0
p2,intergenic,1629261,29500,0.0
p2,intergenic,1629261,30000,0.0
p2,intergenic,1629261,30500,0.0
p2,intergenic,1629261,31000,0.0
p2,intergenic,1629261,31500,0.0
p2,intergenic,1629261,32000,0.0
p2,intergenic,1629261,32500,0.0
p2,intergenic,1629261,33000,0.0
p2,intergenic,1629261,33500,0.0
p2,intergenic,1629261,34000,0.0
p2,intergenic,1629261,34500,0.0
p2,intergenic,1629261,35000,0.0
p2,intergenic,1629261,35500,0.0
p2,intergenic,1629261,36000,0.0
p2,intergenic,1629261,36500,0.0
p2,intergenic,1629261,37000,0.0
p2,intergenic,1629261,37500,0.0
p2,intergenic,1629261,38000,0.0
p2,intergenic,1629261,38500,0.0
p2,intergenic,1629261,39000,0.0
p2,intergenic,1629261,39500,0.0
p2,intergenic,1629261,40000,0.0
p2,intergenic,1629261,40500,0.0
p2,intergenic,1629261,41000,0.0
p2,intergenic,1629261,41500,0.0
p2,intergenic,1629261,42000,0.0
p2,intergenic,1629261,42500,0.0
p2,intergenic,1629261,43000,0.0
p2,intergenic,1629261,43500,0.0
p2,intergenic,1629261,44000,0.0
p2,intergenic,1629261,44500,0.0
p2,intergenic,1629261,45000,0.0
p2,intergenic,1629261,45500,0.0
p2,intergenic,1629261,46000,0.0
p2,intergenic,1629261,47000,0.039
p2,intergenic,1629261,47500,0.0
p2,intergenic,1629261,48000,0.0
p2,intergenic,1629261,48500,0.027
p2,intergenic,1629261,49000,0.053
p2,intergenic,1629261,49500,0.031
p2,intergenic,1629261,50000,0.0
p2,intergenic,1629261,50500,0.0
p2,intergenic,1629261,51000,0.0
p2,intergenic,1629261,51500,0.0
p2,intergenic,1629261,52000,0.028
p2,intergenic,1629261,52500,0.134
p2,intergenic,1629261,53000,0.195
p2,intergenic,1629261,53500,0.358
p2,intergenic,1629261,54000,0.411
p2,intergenic,1629261,54500,0.768
p2,intergenic,1629261,55000,0.771
p2,intergenic,1629261,55500,1.0
p2,intergenic,1629261,56000,0.84
p2,intergenic,1629261,56500,0.954
p2,intergenic,1629261,57000,0.969
p2,intergenic,1629261,57500,0.91
p2,intergenic,1629261,58000,0.959
p2,intergenic,1629261,58500,0.986
p2,intergenic,1629261,59000,0.965
p2,intergenic,1629261,59500,0.957
p2,intergenic,1629261,60000,0.994
p2,intergenic,1629261,60500,0.981
p2,speG,1633387,0,0.0
p2,speG,1633387,500,0.0
p2,speG,1633387,1000,0.0
p2,speG,1633387,1500,0.0
p2,speG,1633387,2000,0.0
p2,speG,1633387,2500,0.0
p2,speG,1633387,3000,0.0
p2,speG,1633387,3500,0.0
p2,speG,1633387,4000,0.0
p2,speG,1633387,4500,0.0
p2,speG,1633387,5000,0.0
p2,speG,1633387,5500,0.0
p2,speG,1633387,6000,0.0
p2,speG,1633387,6500,0.737
p2,speG,1633387,7000,0.963
p2,speG,1633387,7500,1.0
p2,speG,1633387,8000,1.0
p2,speG,1633387,8500,1.0
p2,speG,1633387,9000,1.0
p2,speG,1633387,9500,1.0
p2,speG,1633387,10000,1.0
p2,speG,1633387,10500,1.0
p2,speG,1633387,11000,1.0
p2,speG,1633387,11500,1.0
p2,speG,1633387,12000,1.0
p2,speG,1633387,12500,1.0
p2,speG,1633387,13000,1.0
p2,speG,1633387,13500,1.0
p2,speG,1633387,14000,1.0
p2,speG,1633387,14500,0.982
p2,speG,1633387,15000,1.0
p2,speG,1633387,15500,1.0
p2,speG,1633387,16000,1.0
p2,speG,1633387,16500,1.0
p2,speG,1633387,17000,1.0
p2,speG,1633387,17500,1.0
p2,speG,1633387,18000,1.0
p2,speG,1633387,18500,1.0
p2,speG,1633387,19000,1.0
p2,speG,1633387,19500,1.0
p2,speG,1633387,20000,1.0
p2,speG,1633387,20500,1.0
p2,speG,1633387,21000,1.0
p2,speG,1633387,21500,1.0
p2,speG,1633387,22000,1.0
p2,speG,1633387,22500,1.0
p2,speG,1633387,23000,1.0
p2,speG,1633387,23500,1.0
p2,speG,1633387,24000,1.0
p2,speG,1633387,24500,1.0
p2,speG,1633387,25000,1.0
p2,speG,1633387,25500,1.0
p2,speG,1633387,26000,1.0
p2,speG,1633387,26500,1.0
p2,speG,1633387,27000,1.0
p2,speG,1633387,27500,1.0
p2,speG,1633387,28000,1.0
p2,speG,1633387,28500,1.0
p2,speG,1633387,29000,1.0
p2,speG,1633387,29500,1.0
p2,speG,1633387,30000,1.0
p2,speG,1633387,30500,1.0
p2,speG,1633387,31000,1.0
p2,speG,1633387,31500,1.0
p2,speG,1633387,32000,1.0
p2,speG,1633387,32500,1.0
p2,speG,1633387,33000,1.0
p2,speG,1633387,33500,1.0
p2,speG,1633387,34000,1.0
p2,speG,1633387,34500,1.0
p2,speG,1633387,35000,1.0
p2,speG,1633387,35500,1.0
p2,speG,1633387,36000,1.0
p2,speG,1633387,36500,1.0
p2,speG,1633387,37000,1.0
p2,speG,1633387,37500,1.0
p2,speG,1633387,38000,1.0
p2,speG,1633387,38500,1.0
p2,speG,1633387,39000,1.0
p2,speG,1633387,39500,1.0
p2,speG,1633387,40000,1.0
p2,speG,1633387,40500,1.0
p2,speG,1633387,41000,1.0
p2,speG,1633387,41500,1.0
p2,speG,1633387,42000,1.0
p2,speG,1633387,42500,1.0
p2,speG,1633387,43000,1.0
p2,speG,1633387,43500,1.0
p2,speG,1633387,44000,1.0
p2,speG,1633387,44500,1.0
p2,speG,1633387,45000,1.0
p2,speG,1633387,45500,1.0
p2,speG,1633387,46000,1.0
p2,speG,1633387,47000,1.0
p2,speG,1633387,47500,1.0
p2,speG,1633387,48000,1.0
p2,speG,1633387,48500,1.0
p2,speG,1633387,49000,1.0
p2,speG,1633387,49500,1.0
p2,speG,1633387,50000,1.0
p2,speG,1633387,50500,1.0
p2,speG,1633387,51000,1.0
p2,speG,1633387,51500,1.0
p2,speG,1633387,52000,1.0
p2,speG,1633387,52500,1.0
p2,speG,1633387,53000,0.974
p2,speG,1633387,53500,1.0
p2,speG,1633387,54000,1.0
p2,speG,1633387,54500,1.0
p2,speG,1633387,55000,0.99
p2,speG,1633387,55500,1.0
p2,speG,1633387,56000,0.988
p2,speG,1633387,56500,0.995
p2,speG,1633387,57000,1.0
p2,speG,1633387,57500,1.0
p2,speG,1633387,58000,0.988
p2,speG,1633387,58500,1.0
p2,speG,1633387,59000,1.0
p2,speG,1633387,59500,1.0
p2,speG,1633387,60000,0.983
p2,speG,1633387,60500,1.0
p2,pykF,1734106,0,0.0
p2,pykF,1734106,500,0.778
p2,pykF,1734106,1000,1.0
p2,pykF,1734106,1500,1.0
p2,pykF,1734106,2000,1.0
p2,pykF,1734106,2500,1.0
p2,pykF,1734106,3000,1.0
p2,pykF,1734106,3500,1.0
p2,pykF,1734106,4000,1.0
p2,pykF,1734106,4500,1.0
p2,pykF,1734106,5000,1.0
p2,pykF,1734106,5500,1.0
p2,pykF,1734106,6000,1.0
p2,pykF,1734106,6500,1.0
p2,pykF,1734106,7000,1.0
p2,pykF,1734106,7500,1.0
p2,pykF,1734106,8000,1.0
p2,pykF,1734106,8500,1.0
p2,pykF,1734106,9000,1.0
p2,pykF,1734106,9500,1.0
p2,pykF,1734106,10000,1.0
p2,pykF,1734106,10500,1.0
p2,pykF,1734106,11000,1.0
p2,pykF,1734106,11500,1.0
p2,pykF,1734106,12000,1.0
p2,pykF,1734106,12500,1.0
p2,pykF,1734106,13000,1.0
p2,pykF,1734106,13500,1.0
p2,pykF,1734106,14000,1.0
p2,pykF,1734106,14500,1.0
p2,pykF,1734106,15000,1.0
p2,pykF,1734106,15500,1.0
p2,pykF,1734106,16000,1.0
p2,pykF,1734106,16500,1.0
p2,pykF,1734106,17000,1.0
p2,pykF,1734106,17500,1.0
p2,pykF,1734106,18000,1.0
p2,pykF,1734106,18500,1.0
p2,pykF,1734106,19000,1.0
p2,pykF,1734106,19500,1.0
p2,pykF,1734106,20000,1.0
p2,pykF,1734106,20500,1.0
p2,pykF,1734106,21000,1.0
p2,pykF,1734106,21500,1.0
p2,pykF,1734106,22000,1.0
p2,pykF,1734106,22500,1.0
p2,pykF,1734106,23000,1.0
p2,pykF,1734106,23500,1.0
p2,pykF,1734106,24000,1.0
p2,pykF,1734106,24500,1.0
p2,pykF,1734106,25000,1.0
p2,pykF,1734106,25500,1.0
p2,pykF,1734106,26000,1.0
p2,pykF,1734106,26500,1.0
p2,pykF,1734106,27000,1.0
p2,pykF,1734106,27500,1.0
p2,pykF,1734106,28000,1.0
p2,pykF,1734106,28500,1.0
p2,pykF,1734106,29000,1.0
p2,pykF,1734106,29500,1.0
p2,pykF,1734106,30000,1.0
p2,pykF,1734106,30500,1.0
p2,pykF,1734106,31000,1.0
p2,pykF,1734106,31500,1.0
p2,pykF,1734106,32000,1.0
p2,pykF,1734106,32500,1.0
p2,pykF,1734106,33000,1.0
p2,pykF,1734106,33500,1.0
p2,pykF,1734106,34000,1.0
p2,pykF,1734106,34500,1.0
p2,pykF,1734106,35000,1.0
p2,pykF,1734106,35500,1.0
p2,pykF,1734106,36000,1.0
p2,pykF,1734106,36500,1.0
p2,pykF,1734106,37000,1.0
p2,pykF,1734106,37500,1.0
p2,pykF,1734106,38000,1.0
p2,pykF,1734106,38500,1.0
p2,pykF,1734106,39000,1.0
p2,pykF,1734106,39500,1.0
p2,pykF,1734106,40000,1.0
p2,pykF,1734106,40500,1.0
p2,pykF,1734106,41000,1.0
p2,pykF,1734106,41500,1.0
p2,pykF,1734106,42000,1.0
p2,pykF,1734106,42500,1.0
p2,pykF,1734106,43000,1.0
p2,pykF,1734106,43500,1.0
p2,pykF,1734106,44000,1.0
p2,pykF,1734106,44500,1.0
p2,pykF,1734106,45000,1.0
p2,pykF,1734106,45500,1.0
p2,pykF,1734106,46000,1.0
p2,pykF,1734106,47000,1.0
p2,pykF,1734106,47500,1.0
p2,pykF,1734106,48000,1.0
p2,pykF,1734106,48500,1.0
p2,pykF,1734106,49000,1.0
p2,pykF,1734106,49500,1.0
p2,pykF,1734106,50000,1.0
p2,pykF,1734106,50500,1.0
p2,pykF,1734106,51000,1.0
p2,pykF,1734106,51500,1.0
p2,pykF,1734106,52000,1.0
p2,pykF,1734106,52500,1.0
p2,pykF,1734106,53000,1.0
p2,pykF,1734106,53500,1.0
p2,pykF,1734106,54000,1.0
p2,pykF,1734106,54500,1.0
p2,pykF,1734106,55000,1.0
p2,pykF,1734106,55500,1.0
p2,pykF,1734106,56000,1.0
p2,pykF,1734106,56500,1.0
p2,pykF,1734106,57000,1.0
p2,pykF,1734106,57500,1.0
p2,pykF,1734106,58000,1.0
p2,pykF,1734106,58500,1.0
p2,pykF,1734106,59000,1.0
p2,pykF,1734106,59500,1.0
p2,pykF,1734106,60000,1.0
p2,pykF,1734106,60500,1.0
p2,ydiQ,1756846,0,0.0
p2,ydiQ,1756846,500,0.0
p2,ydiQ,1756846,1000,0.0
p2,ydiQ,1756846,1500,0.0
p2,ydiQ,1756846,2000,0.0
p2,ydiQ,1756846,2500,0.0
p2,ydiQ,1756846,3000,0.0
p2,ydiQ,1756846,3500,0.0
p2,ydiQ,1756846,4000,0.0
p2,ydiQ,1756846,4500,0.0
p2,ydiQ,1756846,5000,0.0
p2,ydiQ,1756846,5500,0.0
p2,ydiQ,1756846,6000,0.0
p2,ydiQ,1756846,6500,0.0
p2,ydiQ,1756846,7000,0.034
p2,ydiQ,1756846,7500,0.0
p2,ydiQ,1756846,8000,0.0
p2,ydiQ,1756846,8500,0.0
p2,ydiQ,1756846,9000,0.0
p2,ydiQ,1756846,9500,0.0
p2,ydiQ,1756846,10000,0.0
p2,ydiQ,1756846,10500,0.0
p2,ydiQ,1756846,11000,0.0
p2,ydiQ,1756846,11500,0.0
p2,ydiQ,1756846,12000,0.0
p2,ydiQ,1756846,12500,0.0
p2,ydiQ,1756846,13000,0.0
p2,ydiQ,1756846,13500,0.0
p2,ydiQ,1756846,14000,0.0
p2,ydiQ,1756846,14500,0.0
p2,ydiQ,1756846,15000,0.0
p2,ydiQ,1756846,15500,0.0
p2,ydiQ,1756846,16000,0.0
p2,ydiQ,1756846,16500,0.0
p2,ydiQ,1756846,17000,0.0
p2,ydiQ,1756846,17500,0.0
p2,ydiQ,1756846,18000,0.0
p2,ydiQ,1756846,18500,0.0
p2,ydiQ,1756846,19000,0.0
p2,ydiQ,1756846,19500,0.0
p2,ydiQ,1756846,20000,0.0
p2,ydiQ,1756846,20500,0.0
p2,ydiQ,1756846,21000,0.0
p2,ydiQ,1756846,21500,0.026
p2,ydiQ,1756846,22000,0.444
p2,ydiQ,1756846,22500,0.524
p2,ydiQ,1756846,23000,0.917
p2,ydiQ,1756846,23500,0.773
p2,ydiQ,1756846,24000,0.683
p2,ydiQ,1756846,24500,0.714
p2,ydiQ,1756846,25000,0.417
p2,ydiQ,1756846,25500,0.778
p2,ydiQ,1756846,26000,0.844
p2,ydiQ,1756846,26500,0.667
p2,ydiQ,1756846,27000,1.0
p2,ydiQ,1756846,27500,0.921
p2,ydiQ,1756846,28000,1.0
p2,ydiQ,1756846,28500,1.0
p2,ydiQ,1756846,29000,1.0
p2,ydiQ,1756846,29500,1.0
p2,ydiQ,1756846,30000,1.0
p2,ydiQ,1756846,30500,1.0
p2,ydiQ,1756846,31000,1.0
p2,ydiQ,1756846,31500,1.0
p2,ydiQ,1756846,32000,1.0
p2,ydiQ,1756846,32500,1.0
p2,ydiQ,1756846,33000,1.0
p2,ydiQ,1756846,33500,1.0
p2,ydiQ,1756846,34000,1.0
p2,ydiQ,1756846,34500,1.0
p2,ydiQ,1756846,35000,1.0
p2,ydiQ,1756846,35500,1.0
p2,ydiQ,1756846,36000,1.0
p2,ydiQ,1756846,36500,1.0
p2,ydiQ,1756846,37000,1.0
p2,ydiQ,1756846,37500,1.0
p2,ydiQ,1756846,38000,1.0
p2,ydiQ,1756846,38500,1.0
p2,ydiQ,1756846,39000,1.0
p2,ydiQ,1756846,39500,1.0
p2,ydiQ,1756846,40000,1.0
p2,ydiQ,1756846,40500,1.0
p2,ydiQ,1756846,41000,1.0
p2,ydiQ,1756846,41500,1.0
p2,ydiQ,1756846,42000,1.0
p2,ydiQ,1756846,42500,1.0
p2,ydiQ,1756846,43000,1.0
p2,ydiQ,1756846,43500,1.0
p2,ydiQ,1756846,44000,1.0
p2,ydiQ,1756846,44500,1.0
p2,ydiQ,1756846,45000,1.0
p2,ydiQ,1756846,45500,1.0
p2,ydiQ,1756846,46000,1.0
p2,ydiQ,1756846,47000,1.0
p2,ydiQ,1756846,47500,1.0
p2,ydiQ,1756846,48000,1.0
p2,ydiQ,1756846,48500,1.0
p2,ydiQ,1756846,49000,1.0
p2,ydiQ,1756846,49500,1.0
p2,ydiQ,1756846,50000,0.973
p2,ydiQ,1756846,50500,1.0
p2,ydiQ,1756846,51000,1.0
p2,ydiQ,1756846,51500,1.0
p2,ydiQ,1756846,52000,1.0
p2,ydiQ,1756846,52500,1.0
p2,ydiQ,1756846,53000,1.0
p2,ydiQ,1756846,53500,0.968
p2,ydiQ,1756846,54000,1.0
p2,ydiQ,1756846,54500,1.0
p2,ydiQ,1756846,55000,1.0
p2,ydiQ,1756846,55500,1.0
p2,ydiQ,1756846,56000,1.0
p2,ydiQ,1756846,56500,1.0
p2,ydiQ,1756846,57000,1.0
p2,ydiQ,1756846,57500,1.0
p2,ydiQ,1756846,58000,1.0
p2,ydiQ,1756846,58500,1.0
p2,ydiQ,1756846,59000,1.0
p2,ydiQ,1756846,59500,1.0
p2,ydiQ,1756846,60000,0.989
p2,ydiQ,1756846,60500,1.0
p2,yeeF,2016830,0,0.0
p2,yeeF,2016830,500,0.0
p2,yeeF,2016830,1000,0.0
p2,yeeF,2016830,1500,0.0
p2,yeeF,2016830,2000,0.0
p2,yeeF,2016830,2500,0.014
p2,yeeF,2016830,3000,0.0
p2,yeeF,2016830,3500,0.0
p2,yeeF,2016830,4000,0.0
p2,yeeF,2016830,4500,0.0
p2,yeeF,2016830,5000,0.0
p2,yeeF,2016830,5500,0.0
p2,yeeF,2016830,6000,0.0
p2,yeeF,2016830,6500,0.026
p2,yeeF,2016830,7000,0.0
p2,yeeF,2016830,7500,0.0
p2,yeeF,2016830,8000,0.0
p2,yeeF,2016830,8500,0.0
p2,yeeF,2016830,9000,0.0
p2,yeeF,2016830,9500,0.0
p2,yeeF,2016830,10000,0.0
p2,yeeF,2016830,10500,0.0
p2,yeeF,2016830,11000,0.0
p2,yeeF,2016830,11500,0.0
p2,yeeF,2016830,12000,0.0
p2,yeeF,2016830,12500,0.0
p2,yeeF,2016830,13000,0.0
p2,yeeF,2016830,13500,0.0
p2,yeeF,2016830,14000,0.0
p2,yeeF,2016830,14500,0.0
p2,yeeF,2016830,15000,0.0
p2,yeeF,2016830,15500,0.0
p2,yeeF,2016830,16000,0.0
p2,yeeF,2016830,16500,0.0
p2,yeeF,2016830,17000,0.0
p2,yeeF,2016830,17500,0.0
p2,yeeF,2016830,18000,0.0
p2,yeeF,2016830,18500,0.0
p2,yeeF,2016830,19000,0.0
p2,yeeF,2016830,19500,0.0
p2,yeeF,2016830,20000,0.0
p2,yeeF,2016830,20500,0.0
p2,yeeF,2016830,21000,0.0
p2,yeeF,2016830,21500,0.0
p2,yeeF,2016830,22000,0.0
p2,yeeF,2016830,22500,0.0
p2,yeeF,2016830,23000,0.0
p2,yeeF,2016830,23500,0.0
p2,yeeF,2016830,24000,0.0
p2,yeeF,2016830,24500,0.0
p2,yeeF,2016830,25000,0.0
p2,yeeF,2016830,25500,0.0
p2,yeeF,2016830,26000,0.0
p2,yeeF,2016830,26500,0.0
p2,yeeF,2016830,27000,0.0
p2,yeeF,2016830,27500,0.0
p2,yeeF,2016830,28000,0.0
p2,yeeF,2016830,28500,0.0
p2,yeeF,2016830,29000,0.0
p2,yeeF,2016830,29500,0.0
p2,yeeF,2016830,30000,0.038
p2,yeeF,2016830,30500,0.027
p2,yeeF,2016830,31000,0.438
p2,yeeF,2016830,31500,0.524
p2,yeeF,2016830,32000,0.147
p2,yeeF,2016830,32500,0.154
p2,yeeF,2016830,33000,0.0
p2,yeeF,2016830,33500,0.067
p2,yeeF,2016830,34000,0.297
p2,yeeF,2016830,34500,0.042
p2,yeeF,2016830,35000,0.03
p2,yeeF,2016830,35500,0.556
p2,yeeF,2016830,36000,0.812
p2,yeeF,2016830,36500,0.841
p2,yeeF,2016830,37000,0.944
p2,yeeF,2016830,37500,0.909
p2,yeeF,2016830,38000,1.0
p2,yeeF,2016830,38500,1.0
p2,yeeF,2016830,39000,1.0
p2,yeeF,2016830,39500,0.988
p2,yeeF,2016830,40000,1.0
p2,yeeF,2016830,40500,0.947
p2,yeeF,2016830,41000,1.0
p2,yeeF,2016830,41500,1.0
p2,yeeF,2016830,42000,1.0
p2,yeeF,2016830,42500,0.967
p2,yeeF,2016830,43000,0.947
p2,yeeF,2016830,43500,1.0
p2,yeeF,2016830,44000,1.0
p2,yeeF,2016830,44500,0.8
p2,yeeF,2016830,45000,1.0
p2,yeeF,2016830,45500,1.0
p2,yeeF,2016830,46000,1.0
p2,yeeF,2016830,47000,1.0
p2,yeeF,2016830,47500,1.0
p2,yeeF,2016830,48000,1.0
p2,yeeF,2016830,48500,1.0
p2,yeeF,2016830,49000,1.0
p2,yeeF,2016830,49500,1.0
p2,yeeF,2016830,50000,1.0
p2,yeeF,2016830,50500,1.0
p2,yeeF,2016830,51000,1.0
p2,yeeF,2016830,51500,1.0
p2,yeeF,2016830,52000,1.0
p2,yeeF,2016830,52500,1.0
p2,yeeF,2016830,53000,1.0
p2,yeeF,2016830,53500,1.0
p2,yeeF,2016830,54000,1.0
p2,yeeF,2016830,54500,1.0
p2,yeeF,2016830,55000,1.0
p2,yeeF,2016830,55500,1.0
p2,yeeF,2016830,56000,1.0
p2,yeeF,2016830,56500,1.0
p2,yeeF,2016830,57000,1.0
p2,yeeF,2016830,57500,1.0
p2,yeeF,2016830,58000,1.0
p2,yeeF,2016830,58500,1.0
p2,yeeF,2016830,59000,1.0
p2,yeeF,2016830,59500,1.0
p2,yeeF,2016830,60000,1.0
p2,yeeF,2016830,60500,1.0
p2,yeeF,2017351,0,0.0
p2,yeeF,2017351,500,0.0
p2,yeeF,2017351,1000,0.0
p2,yeeF,2017351,1500,0.0
p2,yeeF,2017351,2000,0.0
p2,yeeF,2017351,2500,0.0
p2,yeeF,2017351,3000,0.0
p2,yeeF,2017351,3500,0.0
p2,yeeF,2017351,4000,0.0
p2,yeeF,2017351,4500,0.0
p2,yeeF,2017351,5000,0.0
p2,yeeF,2017351,5500,0.0
p2,yeeF,2017351,6000,0.0
p2,yeeF,2017351,6500,0.0
p2,yeeF,2017351,7000,0.0
p2,yeeF,2017351,7500,0.0
p2,yeeF,2017351,8000,0.0
p2,yeeF,2017351,8500,0.0
p2,yeeF,2017351,9000,0.0
p2,yeeF,2017351,9500,0.0
p2,yeeF,2017351,10000,0.0
p2,yeeF,2017351,10500,0.036
p2,yeeF,2017351,11000,0.0
p2,yeeF,2017351,11500,0.0
p2,yeeF,2017351,12000,0.0
p2,yeeF,2017351,12500,0.0
p2,yeeF,2017351,13000,0.0
p2,yeeF,2017351,13500,0.021
p2,yeeF,2017351,14000,0.0
p2,yeeF,2017351,14500,0.0
p2,yeeF,2017351,15000,0.0
p2,yeeF,2017351,15500,0.0
p2,yeeF,2017351,16000,0.0
p2,yeeF,2017351,16500,0.0
p2,yeeF,2017351,17000,0.0
p2,yeeF,2017351,17500,0.0
p2,yeeF,2017351,18000,0.0
p2,yeeF,2017351,18500,0.0
p2,yeeF,2017351,19000,0.0
p2,yeeF,2017351,19500,0.0
p2,yeeF,2017351,20000,0.0
p2,yeeF,2017351,20500,0.0
p2,yeeF,2017351,21000,0.0
p2,yeeF,2017351,21500,0.0
p2,yeeF,2017351,22000,0.0
p2,yeeF,2017351,22500,0.0
p2,yeeF,2017351,23000,0.0
p2,yeeF,2017351,23500,0.0
p2,yeeF,2017351,24000,0.0
p2,yeeF,2017351,24500,0.0
p2,yeeF,2017351,25000,0.0
p2,yeeF,2017351,25500,0.0
p2,yeeF,2017351,26000,0.0
p2,yeeF,2017351,26500,0.0
p2,yeeF,2017351,27000,0.0
p2,yeeF,2017351,27500,0.05
p2,yeeF,2017351,28000,0.267
p2,yeeF,2017351,28500,0.091
p2,yeeF,2017351,29000,0.172
p2,yeeF,2017351,29500,0.27
p2,yeeF,2017351,30000,0.17
p2,yeeF,2017351,30500,0.121
p2,yeeF,2017351,31000,0.444
p2,yeeF,2017351,31500,0.211
p2,yeeF,2017351,32000,0.222
p2,yeeF,2017351,32500,0.0
p2,yeeF,2017351,33000,0.043
p2,yeeF,2017351,33500,0.153
p2,yeeF,2017351,34000,0.138
p2,yeeF,2017351,34500,0.029
p2,yeeF,2017351,35000,0.083
p2,yeeF,2017351,35500,0.419
p2,yeeF,2017351,36000,0.605
p2,yeeF,2017351,36500,0.795
p2,yeeF,2017351,37000,0.667
p2,yeeF,2017351,37500,0.913
p2,yeeF,2017351,38000,0.957
p2,yeeF,2017351,38500,0.966
p2,yeeF,2017351,39000,1.0
p2,yeeF,2017351,39500,0.985
p2,yeeF,2017351,40000,1.0
p2,yeeF,2017351,40500,0.897
p2,yeeF,2017351,41000,1.0
p2,yeeF,2017351,41500,1.0
p2,yeeF,2017351,42000,0.974
p2,yeeF,2017351,42500,0.955
p2,yeeF,2017351,43000,1.0
p2,yeeF,2017351,43500,0.952
p2,yeeF,2017351,44000,0.966
p2,yeeF,2017351,44500,1.0
p2,yeeF,2017351,45000,1.0
p2,yeeF,2017351,45500,0.979
p2,yeeF,2017351,46000,1.0
p2,yeeF,2017351,47000,1.0
p2,yeeF,2017351,47500,0.974
p2,yeeF,2017351,48000,1.0
p2,yeeF,2017351,48500,1.0
p2,yeeF,2017351,49000,1.0
p2,yeeF,2017351,49500,1.0
p2,yeeF,2017351,50000,1.0
p2,yeeF,2017351,50500,1.0
p2,yeeF,2017351,51000,1.0
p2,yeeF,2017351,51500,1.0
p2,yeeF,2017351,52000,1.0
p2,yeeF,2017351,52500,1.0
p2,yeeF,2017351,53000,1.0
p2,yeeF,2017351,53500,1.0
p2,yeeF,2017351,54000,1.0
p2,yeeF,2017351,54500,1.0
p2,yeeF,2017351,55000,1.0
p2,yeeF,2017351,55500,1.0
p2,yeeF,2017351,56000,1.0
p2,yeeF,2017351,56500,1.0
p2,yeeF,2017351,57000,0.983
p2,yeeF,2017351,57500,1.0
p2,yeeF,2017351,58000,1.0
p2,yeeF,2017351,58500,1.0
p2,yeeF,2017351,59000,1.0
p2,yeeF,2017351,59500,1.0
p2,yeeF,2017351,60000,1.0
p2,yeeF,2017351,60500,1.0
p2,wzy,2037724,0,0.0
p2,wzy,2037724,500,0.0
p2,wzy,2037724,1000,0.0
p2,wzy,2037724,1500,0.0
p2,wzy,2037724,2000,0.0
p2,wzy,2037724,2500,0.0
p2,wzy,2037724,3000,0.0
p2,wzy,2037724,3500,0.0
p2,wzy,2037724,4000,0.0
p2,wzy,2037724,4500,0.0
p2,wzy,2037724,5000,0.0
p2,wzy,2037724,5500,0.0
p2,wzy,2037724,6000,0.0
p2,wzy,2037724,6500,0.0
p2,wzy,2037724,7000,0.0
p2,wzy,2037724,7500,0.6
p2,wzy,2037724,8000,1.0
p2,wzy,2037724,8500,1.0
p2,wzy,2037724,9000,1.0
p2,wzy,2037724,9500,1.0
p2,wzy,2037724,10000,1.0
p2,wzy,2037724,10500,1.0
p2,wzy,2037724,11000,1.0
p2,wzy,2037724,11500,1.0
p2,wzy,2037724,12000,1.0
p2,wzy,2037724,12500,1.0
p2,wzy,2037724,13000,1.0
p2,wzy,2037724,13500,1.0
p2,wzy,2037724,14000,1.0
p2,wzy,2037724,14500,1.0
p2,wzy,2037724,15000,1.0
p2,wzy,2037724,15500,1.0
p2,wzy,2037724,16000,1.0
p2,wzy,2037724,16500,1.0
p2,wzy,2037724,17000,1.0
p2,wzy,2037724,17500,1.0
p2,wzy,2037724,18000,1.0
p2,wzy,2037724,18500,1.0
p2,wzy,2037724,19000,1.0
p2,wzy,2037724,19500,1.0
p2,wzy,2037724,20000,1.0
p2,wzy,2037724,20500,1.0
p2,wzy,2037724,21000,1.0
p2,wzy,2037724,21500,1.0
p2,wzy,2037724,22000,1.0
p2,wzy,2037724,22500,1.0
p2,wzy,2037724,23000,1.0
p2,wzy,2037724,23500,1.0
p2,wzy,2037724,24000,1.0
p2,wzy,2037724,24500,1.0
p2,wzy,2037724,25000,1.0
p2,wzy,2037724,25500,1.0
p2,wzy,2037724,26000,1.0
p2,wzy,2037724,26500,1.0
p2,wzy,2037724,27000,1.0
p2,wzy,2037724,27500,1.0
p2,wzy,2037724,28000,1.0
p2,wzy,2037724,28500,1.0
p2,wzy,2037724,29000,1.0
p2,wzy,2037724,29500,1.0
p2,wzy,2037724,30000,1.0
p2,wzy,2037724,30500,1.0
p2,wzy,2037724,31000,1.0
p2,wzy,2037724,31500,1.0
p2,wzy,2037724,32000,1.0
p2,wzy,2037724,32500,1.0
p2,wzy,2037724,33000,1.0
p2,wzy,2037724,33500,1.0
p2,wzy,2037724,34000,1.0
p2,wzy,2037724,34500,1.0
p2,wzy,2037724,35000,1.0
p2,wzy,2037724,35500,1.0
p2,wzy,2037724,36000,1.0
p2,wzy,2037724,36500,1.0
p2,wzy,2037724,37000,1.0
p2,wzy,2037724,37500,1.0
p2,wzy,2037724,38000,1.0
p2,wzy,2037724,38500,1.0
p2,wzy,2037724,39000,1.0
p2,wzy,2037724,39500,1.0
p2,wzy,2037724,40000,1.0
p2,wzy,2037724,40500,1.0
p2,wzy,2037724,41000,1.0
p2,wzy,2037724,41500,1.0
p2,wzy,2037724,42000,1.0
p2,wzy,2037724,42500,1.0
p2,wzy,2037724,43000,1.0
p2,wzy,2037724,43500,1.0
p2,wzy,2037724,44000,1.0
p2,wzy,2037724,44500,1.0
p2,wzy,2037724,45000,1.0
p2,wzy,2037724,45500,1.0
p2,wzy,2037724,46000,1.0
p2,wzy,2037724,47000,1.0
p2,wzy,2037724,47500,1.0
p2,wzy,2037724,48000,1.0
p2,wzy,2037724,48500,1.0
p2,wzy,2037724,49000,1.0
p2,wzy,2037724,49500,1.0
p2,wzy,2037724,50000,1.0
p2,wzy,2037724,50500,1.0
p2,wzy,2037724,51000,1.0
p2,wzy,2037724,51500,1.0
p2,wzy,2037724,52000,1.0
p2,wzy,2037724,52500,1.0
p2,wzy,2037724,53000,1.0
p2,wzy,2037724,53500,1.0
p2,wzy,2037724,54000,1.0
p2,wzy,2037724,54500,1.0
p2,wzy,2037724,55000,1.0
p2,wzy,2037724,55500,1.0
p2,wzy,2037724,56000,1.0
p2,wzy,2037724,56500,1.0
p2,wzy,2037724,57000,1.0
p2,wzy,2037724,57500,1.0
p2,wzy,2037724,58000,1.0
p2,wzy,2037724,58500,1.0
p2,wzy,2037724,59000,1.0
p2,wzy,2037724,59500,1.0
p2,wzy,2037724,60000,1.0
p2,wzy,2037724,60500,1.0
p2,intergenic,2100307,0,0.0
p2,intergenic,2100307,500,0.0
p2,intergenic,2100307,1000,0.0
p2,intergenic,2100307,1500,0.0
p2,intergenic,2100307,2000,0.0
p2,intergenic,2100307,2500,0.0
p2,intergenic,2100307,3000,0.0
p2,intergenic,2100307,3500,0.0
p2,intergenic,2100307,4000,0.011
p2,intergenic,2100307,4500,0.046
p2,intergenic,2100307,5000,0.033
p2,intergenic,2100307,5500,0.0
p2,intergenic,2100307,6000,0.0
p2,intergenic,2100307,6500,0.0
p2,intergenic,2100307,7000,0.0
p2,intergenic,2100307,7500,0.0
p2,intergenic,2100307,8000,0.028
p2,intergenic,2100307,8500,0.0
p2,intergenic,2100307,9000,0.038
p2,intergenic,2100307,9500,0.0
p2,intergenic,2100307,10000,0.0
p2,intergenic,2100307,10500,0.0
p2,intergenic,2100307,11000,0.017
p2,intergenic,2100307,11500,0.044
p2,intergenic,2100307,12000,0.095
p2,intergenic,2100307,12500,0.275
p2,intergenic,2100307,13000,0.153
p2,intergenic,2100307,13500,0.151
p2,intergenic,2100307,14000,0.131
p2,intergenic,2100307,14500,0.14
p2,intergenic,2100307,15000,0.123
p2,intergenic,2100307,15500,0.189
p2,intergenic,2100307,16000,0.126
p2,intergenic,2100307,16500,0.237
p2,intergenic,2100307,17000,0.766
p2,intergenic,2100307,17500,0.956
p2,intergenic,2100307,18000,0.859
p2,intergenic,2100307,18500,0.98
p2,intergenic,2100307,19000,0.966
p2,intergenic,2100307,19500,1.0
p2,intergenic,2100307,20000,0.795
p2,intergenic,2100307,20500,0.872
p2,intergenic,2100307,21000,0.718
p2,intergenic,2100307,21500,1.0
p2,intergenic,2100307,22000,1.0
p2,intergenic,2100307,22500,1.0
p2,intergenic,2100307,23000,1.0
p2,intergenic,2100307,23500,1.0
p2,intergenic,2100307,24000,1.0
p2,intergenic,2100307,24500,1.0
p2,intergenic,2100307,25000,1.0
p2,intergenic,2100307,25500,1.0
p2,intergenic,2100307,26000,1.0
p2,intergenic,2100307,26500,1.0
p2,intergenic,2100307,27000,1.0
p2,intergenic,2100307,27500,1.0
p2,intergenic,2100307,28000,1.0
p2,intergenic,2100307,28500,1.0
p2,intergenic,2100307,29000,1.0
p2,intergenic,2100307,29500,1.0
p2,intergenic,2100307,30000,1.0
p2,intergenic,2100307,30500,1.0
p2,intergenic,2100307,31000,1.0
p2,intergenic,2100307,31500,1.0
p2,intergenic,2100307,32000,1.0
p2,intergenic,2100307,32500,1.0
p2,intergenic,2100307,33000,1.0
p2,intergenic,2100307,33500,1.0
p2,intergenic,2100307,34000,1.0
p2,intergenic,2100307,34500,1.0
p2,intergenic,2100307,35000,1.0
p2,intergenic,2100307,35500,1.0
p2,intergenic,2100307,36000,1.0
p2,intergenic,2100307,36500,1.0
p2,intergenic,2100307,37000,1.0
p2,intergenic,2100307,37500,1.0
p2,intergenic,2100307,38000,1.0
p2,intergenic,2100307,38500,1.0
p2,intergenic,2100307,39000,1.0
p2,intergenic,2100307,39500,1.0
p2,intergenic,2100307,40000,1.0
p2,intergenic,2100307,40500,1.0
p2,intergenic,2100307,41000,1.0
p2,intergenic,2100307,41500,1.0
p2,intergenic,2100307,42000,1.0
p2,intergenic,2100307,42500,1.0
p2,intergenic,2100307,43000,1.0
p2,intergenic,2100307,43500,1.0
p2,intergenic,2100307,44000,1.0
p2,intergenic,2100307,44500,1.0
p2,intergenic,2100307,45000,1.0
p2,intergenic,2100307,45500,1.0
p2,intergenic,2100307,46000,1.0
p2,intergenic,2100307,47000,1.0
p2,intergenic,2100307,47500,1.0
p2,intergenic,2100307,48000,1.0
p2,intergenic,2100307,48500,1.0
p2,intergenic,2100307,49000,1.0
p2,intergenic,2100307,49500,1.0
p2,intergenic,2100307,50000,1.0
p2,intergenic,2100307,50500,1.0
p2,intergenic,2100307,51000,1.0
p2,intergenic,2100307,51500,1.0
p2,intergenic,2100307,52000,1.0
p2,intergenic,2100307,52500,1.0
p2,intergenic,2100307,53000,1.0
p2,intergenic,2100307,53500,1.0
p2,intergenic,2100307,54000,1.0
p2,intergenic,2100307,54500,1.0
p2,intergenic,2100307,55000,1.0
p2,intergenic,2100307,55500,1.0
p2,intergenic,2100307,56000,1.0
p2,intergenic,2100307,56500,1.0
p2,intergenic,2100307,57000,1.0
p2,intergenic,2100307,57500,1.0
p2,intergenic,2100307,58000,1.0
p2,intergenic,2100307,58500,1.0
p2,intergenic,2100307,59000,1.0
p2,intergenic,2100307,59500,1.0
p2,intergenic,2100307,60000,1.0
p2,intergenic,2100307,60500,1.0
p2,fruA,2211829,0,0.0
p2,fruA,2211829,500,0.0
p2,fruA,2211829,1000,0.0
p2,fruA,2211829,1500,0.0
p2,fruA,2211829,2000,0.0
p2,fruA,2211829,2500,0.0
p2,fruA,2211829,3000,0.0
p2,fruA,2211829,3500,0.0
p2,fruA,2211829,4000,0.0
p2,fruA,2211829,4500,0.0
p2,fruA,2211829,5000,0.0
p2,fruA,2211829,5500,0.0
p2,fruA,2211829,6000,0.0
p2,fruA,2211829,6500,0.0
p2,fruA,2211829,7000,0.0
p2,fruA,2211829,7500,0.0
p2,fruA,2211829,8000,0.0
p2,fruA,2211829,8500,0.0
p2,fruA,2211829,9000,0.0
p2,fruA,2211829,9500,0.0
p2,fruA,2211829,10000,0.0
p2,fruA,2211829,10500,0.0
p2,fruA,2211829,11000,0.0
p2,fruA,2211829,11500,0.0
p2,fruA,2211829,12000,0.0
p2,fruA,2211829,12500,0.0
p2,fruA,2211829,13000,0.0
p2,fruA,2211829,13500,0.0
p2,fruA,2211829,14000,0.0
p2,fruA,2211829,14500,0.0
p2,fruA,2211829,15000,0.034
p2,fruA,2211829,15500,0.0
p2,fruA,2211829,16000,0.0
p2,fruA,2211829,16500,0.0
p2,fruA,2211829,17000,0.0
p2,fruA,2211829,17500,0.0
p2,fruA,2211829,18000,0.0
p2,fruA,2211829,18500,0.0
p2,fruA,2211829,19000,0.0
p2,fruA,2211829,19500,0.0
p2,fruA,2211829,20000,0.0
p2,fruA,2211829,20500,0.0
p2,fruA,2211829,21000,0.0
p2,fruA,2211829,21500,0.0
p2,fruA,2211829,22000,0.0
p2,fruA,2211829,22500,0.0
p2,fruA,2211829,23000,0.0
p2,fruA,2211829,23500,0.0
p2,fruA,2211829,24000,0.0
p2,fruA,2211829,24500,0.0
p2,fruA,2211829,25000,0.0
p2,fruA,2211829,25500,0.0
p2,fruA,2211829,26000,0.0
p2,fruA,2211829,26500,0.0
p2,fruA,2211829,27000,0.0
p2,fruA,2211829,27500,0.0
p2,fruA,2211829,28000,0.0
p2,fruA,2211829,28500,0.0
p2,fruA,2211829,29000,0.0
p2,fruA,2211829,29500,0.0
p2,fruA,2211829,30000,0.0
p2,fruA,2211829,30500,0.0
p2,fruA,2211829,31000,0.0
p2,fruA,2211829,31500,0.0
p2,fruA,2211829,32000,0.0
p2,fruA,2211829,32500,0.0
p2,fruA,2211829,33000,0.0
p2,fruA,2211829,33500,0.0
p2,fruA,2211829,34000,0.0
p2,fruA,2211829,34500,0.0
p2,fruA,2211829,35000,0.0
p2,fruA,2211829,35500,0.0
p2,fruA,2211829,36000,0.0
p2,fruA,2211829,36500,0.0
p2,fruA,2211829,37000,0.0
p2,fruA,2211829,37500,0.0
p2,fruA,2211829,38000,0.0
p2,fruA,2211829,38500,0.0
p2,fruA,2211829,39000,0.0
p2,fruA,2211829,39500,0.0
p2,fruA,2211829,40000,0.0
p2,fruA,2211829,40500,0.0
p2,fruA,2211829,41000,0.0
p2,fruA,2211829,41500,0.0
p2,fruA,2211829,42000,0.0
p2,fruA,2211829,42500,0.0
p2,fruA,2211829,43000,0.0
p2,fruA,2211829,43500,0.0
p2,fruA,2211829,44000,0.0
p2,fruA,2211829,44500,0.0
p2,fruA,2211829,45000,0.0
p2,fruA,2211829,45500,0.0
p2,fruA,2211829,46000,0.0
p2,fruA,2211829,47000,0.0
p2,fruA,2211829,47500,0.0
p2,fruA,2211829,48000,0.0
p2,fruA,2211829,48500,0.0
p2,fruA,2211829,49000,0.0
p2,fruA,2211829,49500,0.0
p2,fruA,2211829,50000,0.0
p2,fruA,2211829,50500,0.0
p2,fruA,2211829,51000,0.0
p2,fruA,2211829,51500,0.0
p2,fruA,2211829,52000,0.0
p2,fruA,2211829,52500,0.0
p2,fruA,2211829,53000,0.1
p2,fruA,2211829,53500,0.294
p2,fruA,2211829,54000,0.579
p2,fruA,2211829,54500,0.667
p2,fruA,2211829,55000,0.605
p2,fruA,2211829,55500,1.0
p2,fruA,2211829,56000,0.939
p2,fruA,2211829,56500,0.989
p2,fruA,2211829,57000,1.0
p2,fruA,2211829,57500,1.0
p2,fruA,2211829,58000,1.0
p2,fruA,2211829,58500,1.0
p2,fruA,2211829,59000,1.0
p2,fruA,2211829,59500,1.0
p2,fruA,2211829,60000,1.0
p2,fruA,2211829,60500,1.0
p2,yejF,2229015,0,0.0
p2,yejF,2229015,500,0.0
p2,yejF,2229015,1000,0.0
p2,yejF,2229015,1500,0.0
p2,yejF,2229015,2000,0.0
p2,yejF,2229015,2500,0.0
p2,yejF,2229015,3000,0.0
p2,yejF,2229015,3500,0.0
p2,yejF,2229015,4000,0.0
p2,yejF,2229015,4500,0.0
p2,yejF,2229015,5000,0.0
p2,yejF,2229015,5500,0.0
p2,yejF,2229015,6000,0.0
p2,yejF,2229015,6500,0.0
p2,yejF,2229015,7000,0.0
p2,yejF,2229015,7500,0.0
p2,yejF,2229015,8000,0.0
p2,yejF,2229015,8500,0.0
p2,yejF,2229015,9000,0.0
p2,yejF,2229015,9500,0.0
p2,yejF,2229015,10000,0.0
p2,yejF,2229015,10500,0.0
p2,yejF,2229015,11000,0.0
p2,yejF,2229015,11500,0.0
p2,yejF,2229015,12000,0.0
p2,yejF,2229015,12500,0.0
p2,yejF,2229015,13000,0.0
p2,yejF,2229015,13500,0.0
p2,yejF,2229015,14000,0.0
p2,yejF,2229015,14500,0.0
p2,yejF,2229015,15000,0.0
p2,yejF,2229015,15500,0.0
p2,yejF,2229015,16000,0.0
p2,yejF,2229015,16500,0.0
p2,yejF,2229015,17000,0.0
p2,yejF,2229015,17500,0.0
p2,yejF,2229015,18000,0.0
p2,yejF,2229015,18500,0.0
p2,yejF,2229015,19000,0.0
p2,yejF,2229015,19500,0.0
p2,yejF,2229015,20000,0.0
p2,yejF,2229015,20500,0.0
p2,yejF,2229015,21000,0.0
p2,yejF,2229015,21500,0.0
p2,yejF,2229015,22000,0.0
p2,yejF,2229015,22500,0.0
p2,yejF,2229015,23000,0.0
p2,yejF,2229015,23500,0.0
p2,yejF,2229015,24000,0.0
p2,yejF,2229015,24500,0.0
p2,yejF,2229015,25000,0.0
p2,yejF,2229015,25500,0.0
p2,yejF,2229015,26000,0.0
p2,yejF,2229015,26500,0.0
p2,yejF,2229015,27000,0.0
p2,yejF,2229015,27500,0.0
p2,yejF,2229015,28000,0.0
p2,yejF,2229015,28500,0.0
p2,yejF,2229015,29000,0.0
p2,yejF,2229015,29500,0.0
p2,yejF,2229015,30000,0.0
p2,yejF,2229015,30500,0.0
p2,yejF,2229015,31000,0.0
p2,yejF,2229015,31500,0.0
p2,yejF,2229015,32000,0.0
p2,yejF,2229015,32500,0.0
p2,yejF,2229015,33000,0.0
p2,yejF,2229015,33500,0.0
p2,yejF,2229015,34000,0.0
p2,yejF,2229015,34500,0.0
p2,yejF,2229015,35000,0.0
p2,yejF,2229015,35500,0.0
p2,yejF,2229015,36000,0.0
p2,yejF,2229015,36500,0.0
p2,yejF,2229015,37000,0.0
p2,yejF,2229015,37500,0.0
p2,yejF,2229015,38000,0.0
p2,yejF,2229015,38500,0.0
p2,yejF,2229015,39000,0.0
p2,yejF,2229015,39500,0.0
p2,yejF,2229015,40000,0.0
p2,yejF,2229015,40500,0.0
p2,yejF,2229015,41000,0.0
p2,yejF,2229015,41500,0.0
p2,yejF,2229015,42000,0.0
p2,yejF,2229015,42500,0.0
p2,yejF,2229015,43000,0.0
p2,yejF,2229015,43500,0.0
p2,yejF,2229015,44000,0.167
p2,yejF,2229015,44500,0.111
p2,yejF,2229015,45000,0.692
p2,yejF,2229015,45500,1.0
p2,yejF,2229015,46000,1.0
p2,yejF,2229015,47000,1.0
p2,yejF,2229015,47500,1.0
p2,yejF,2229015,48000,1.0
p2,yejF,2229015,48500,1.0
p2,yejF,2229015,49000,1.0
p2,yejF,2229015,49500,1.0
p2,yejF,2229015,50000,1.0
p2,yejF,2229015,50500,1.0
p2,yejF,2229015,51000,1.0
p2,yejF,2229015,51500,1.0
p2,yejF,2229015,52000,1.0
p2,yejF,2229015,52500,1.0
p2,yejF,2229015,53000,1.0
p2,yejF,2229015,53500,1.0
p2,yejF,2229015,54000,1.0
p2,yejF,2229015,54500,1.0
p2,yejF,2229015,55000,1.0
p2,yejF,2229015,55500,1.0
p2,yejF,2229015,56000,1.0
p2,yejF,2229015,56500,1.0
p2,yejF,2229015,57000,1.0
p2,yejF,2229015,57500,0.964
p2,yejF,2229015,58000,1.0
p2,yejF,2229015,58500,1.0
p2,yejF,2229015,59000,1.0
p2,yejF,2229015,59500,1.0
p2,yejF,2229015,60000,1.0
p2,yejF,2229015,60500,1.0
p2,menC,2322340,0,0.0
p2,menC,2322340,500,0.0
p2,menC,2322340,1000,0.0
p2,menC,2322340,1500,0.05
p2,menC,2322340,2000,0.0
p2,menC,2322340,2500,0.056
p2,menC,2322340,3000,0.131
p2,menC,2322340,3500,0.0
p2,menC,2322340,4000,0.044
p2,menC,2322340,4500,0.04
p2,menC,2322340,5000,0.037
p2,menC,2322340,5500,0.018
p2,menC,2322340,6000,0.037
p2,menC,2322340,6500,0.0
p2,menC,2322340,7000,0.018
p2,menC,2322340,7500,0.0
p2,menC,2322340,8000,0.04
p2,menC,2322340,8500,0.034
p2,menC,2322340,9000,0.079
p2,menC,2322340,9500,0.0
p2,menC,2322340,10000,0.018
p2,menC,2322340,10500,0.054
p2,menC,2322340,11000,0.0
p2,menC,2322340,11500,0.0
p2,menC,2322340,12000,0.056
p2,menC,2322340,12500,0.0
p2,menC,2322340,13000,0.058
p2,menC,2322340,13500,0.022
p2,menC,2322340,14000,0.017
p2,menC,2322340,14500,0.0
p2,menC,2322340,15000,0.028
p2,menC,2322340,15500,0.08
p2,menC,2322340,16000,0.0
p2,menC,2322340,16500,0.024
p2,menC,2322340,17000,0.0
p2,menC,2322340,17500,0.0
p2,menC,2322340,18000,0.128
p2,menC,2322340,18500,0.021
p2,menC,2322340,19000,0.0
p2,menC,2322340,19500,0.091
p2,menC,2322340,20000,0.0
p2,menC,2322340,20500,0.0
p2,menC,2322340,21000,0.094
p2,menC,2322340,21500,0.122
p2,menC,2322340,22000,0.295
p2,menC,2322340,22500,0.213
p2,menC,2322340,23000,0.278
p2,menC,2322340,23500,0.307
p2,menC,2322340,24000,0.314
p2,menC,2322340,24500,0.222
p2,menC,2322340,25000,0.416
p2,menC,2322340,25500,0.269
p2,menC,2322340,26000,0.108
p2,menC,2322340,26500,0.578
p2,menC,2322340,27000,0.227
p2,menC,2322340,27500,0.043
p2,menC,2322340,28000,0.047
p2,menC,2322340,28500,0.051
p2,menC,2322340,29000,0.417
p2,menC,2322340,29500,0.099
p2,menC,2322340,30000,0.149
p2,menC,2322340,30500,0.173
p2,menC,2322340,31000,0.884
p2,menC,2322340,31500,0.825
p2,menC,2322340,32000,0.358
p2,menC,2322340,32500,0.468
p2,menC,2322340,33000,0.611
p2,menC,2322340,33500,0.659
p2,menC,2322340,34000,0.635
p2,menC,2322340,34500,0.788
p2,menC,2322340,35000,0.915
p2,menC,2322340,35500,0.782
p2,menC,2322340,36000,0.835
p2,menC,2322340,36500,0.756
p2,menC,2322340,37000,0.774
p2,menC,2322340,37500,0.955
p2,menC,2322340,38000,1.0
p2,menC,2322340,38500,1.0
p2,menC,2322340,39000,1.0
p2,menC,2322340,39500,1.0
p2,menC,2322340,40000,1.0
p2,menC,2322340,40500,0.968
p2,menC,2322340,41000,0.991
p2,menC,2322340,41500,1.0
p2,menC,2322340,42000,1.0
p2,menC,2322340,42500,1.0
p2,menC,2322340,43000,1.0
p2,menC,2322340,43500,1.0
p2,menC,2322340,44000,1.0
p2,menC,2322340,44500,1.0
p2,menC,2322340,45000,1.0
p2,menC,2322340,45500,0.988
p2,menC,2322340,46000,1.0
p2,menC,2322340,47000,0.988
p2,menC,2322340,47500,1.0
p2,menC,2322340,48000,0.982
p2,menC,2322340,48500,0.988
p2,menC,2322340,49000,0.988
p2,menC,2322340,49500,0.987
p2,menC,2322340,50000,0.994
p2,menC,2322340,50500,1.0
p2,menC,2322340,51000,1.0
p2,menC,2322340,51500,1.0
p2,menC,2322340,52000,1.0
p2,menC,2322340,52500,1.0
p2,menC,2322340,53000,1.0
p2,menC,2322340,53500,1.0
p2,menC,2322340,54000,0.99
p2,menC,2322340,54500,1.0
p2,menC,2322340,55000,1.0
p2,menC,2322340,55500,1.0
p2,menC,2322340,56000,1.0
p2,menC,2322340,56500,1.0
p2,menC,2322340,57000,1.0
p2,menC,2322340,57500,1.0
p2,menC,2322340,58000,0.988
p2,menC,2322340,58500,1.0
p2,menC,2322340,59000,0.989
p2,menC,2322340,59500,0.995
p2,menC,2322340,60000,1.0
p2,menC,2322340,60500,1.0
p2,intergenic,2348815,0,0.0
p2,intergenic,2348815,500,0.0
p2,intergenic,2348815,1000,0.0
p2,intergenic,2348815,1500,0.0
p2,intergenic,2348815,2000,0.0
p2,intergenic,2348815,2500,0.0
p2,intergenic,2348815,3000,0.0
p2,intergenic,2348815,3500,0.0
p2,intergenic,2348815,4000,0.0
p2,intergenic,2348815,4500,0.0
p2,intergenic,2348815,5000,0.0
p2,intergenic,2348815,5500,0.0
p2,intergenic,2348815,6000,0.0
p2,intergenic,2348815,6500,0.0
p2,intergenic,2348815,7000,0.0
p2,intergenic,2348815,7500,0.0
p2,intergenic,2348815,8000,0.0
p2,intergenic,2348815,8500,0.0
p2,intergenic,2348815,9000,0.0
p2,intergenic,2348815,9500,0.0
p2,intergenic,2348815,10000,0.0
p2,intergenic,2348815,10500,0.0
p2,intergenic,2348815,11000,0.0
p2,intergenic,2348815,11500,0.0
p2,intergenic,2348815,12000,0.0
p2,intergenic,2348815,12500,0.0
p2,intergenic,2348815,13000,0.0
p2,intergenic,2348815,13500,0.0
p2,intergenic,2348815,14000,0.0
p2,intergenic,2348815,14500,0.0
p2,intergenic,2348815,15000,0.0
p2,intergenic,2348815,15500,0.0
p2,intergenic,2348815,16000,0.0
p2,intergenic,2348815,16500,0.0
p2,intergenic,2348815,17000,0.0
p2,intergenic,2348815,17500,0.0
p2,intergenic,2348815,18000,0.0
p2,intergenic,2348815,18500,0.0
p2,intergenic,2348815,19000,0.0
p2,intergenic,2348815,19500,0.0
p2,intergenic,2348815,20000,0.0
p2,intergenic,2348815,20500,0.0
p2,intergenic,2348815,21000,0.0
p2,intergenic,2348815,21500,0.0
p2,intergenic,2348815,22000,0.0
p2,intergenic,2348815,22500,0.0
p2,intergenic,2348815,23000,0.0
p2,intergenic,2348815,23500,0.0
p2,intergenic,2348815,24000,0.0
p2,intergenic,2348815,24500,0.0
p2,intergenic,2348815,25000,0.0
p2,intergenic,2348815,25500,0.0
p2,intergenic,2348815,26000,0.0
p2,intergenic,2348815,26500,0.0
p2,intergenic,2348815,27000,0.0
p2,intergenic,2348815,27500,0.0
p2,intergenic,2348815,28000,0.0
p2,intergenic,2348815,28500,0.0
p2,intergenic,2348815,29000,0.0
p2,intergenic,2348815,29500,0.0
p2,intergenic,2348815,30000,0.057
p2,intergenic,2348815,30500,0.13
p2,intergenic,2348815,31000,0.294
p2,intergenic,2348815,31500,0.278
p2,intergenic,2348815,32000,0.25
p2,intergenic,2348815,32500,0.375
p2,intergenic,2348815,33000,0.258
p2,intergenic,2348815,33500,0.147
p2,intergenic,2348815,34000,0.167
p2,intergenic,2348815,34500,0.0
p2,intergenic,2348815,35000,0.0
p2,intergenic,2348815,35500,0.542
p2,intergenic,2348815,36000,0.868
p2,intergenic,2348815,36500,0.88
p2,intergenic,2348815,37000,0.733
p2,intergenic,2348815,37500,0.625
p2,intergenic,2348815,38000,1.0
p2,intergenic,2348815,38500,1.0
p2,intergenic,2348815,39000,1.0
p2,intergenic,2348815,39500,0.983
p2,intergenic,2348815,40000,0.966
p2,intergenic,2348815,40500,1.0
p2,intergenic,2348815,41000,0.969
p2,intergenic,2348815,41500,0.923
p2,intergenic,2348815,42000,0.897
p2,intergenic,2348815,42500,1.0
p2,intergenic,2348815,43000,1.0
p2,intergenic,2348815,43500,1.0
p2,intergenic,2348815,44000,1.0
p2,intergenic,2348815,44500,1.0
p2,intergenic,2348815,45000,0.929
p2,intergenic,2348815,45500,1.0
p2,intergenic,2348815,46000,0.967
p2,intergenic,2348815,47000,0.913
p2,intergenic,2348815,47500,1.0
p2,intergenic,2348815,48000,1.0
p2,intergenic,2348815,48500,1.0
p2,intergenic,2348815,49000,1.0
p2,intergenic,2348815,49500,1.0
p2,intergenic,2348815,50000,1.0
p2,intergenic,2348815,50500,1.0
p2,intergenic,2348815,51000,1.0
p2,intergenic,2348815,51500,1.0
p2,intergenic,2348815,52000,1.0
p2,intergenic,2348815,52500,1.0
p2,intergenic,2348815,53000,1.0
p2,intergenic,2348815,53500,1.0
p2,intergenic,2348815,54000,1.0
p2,intergenic,2348815,54500,1.0
p2,intergenic,2348815,55000,1.0
p2,intergenic,2348815,55500,1.0
p2,intergenic,2348815,56000,1.0
p2,intergenic,2348815,56500,1.0
p2,intergenic,2348815,57000,0.991
p2,intergenic,2348815,57500,1.0
p2,intergenic,2348815,58000,1.0
p2,intergenic,2348815,58500,1.0
p2,intergenic,2348815,59000,1.0
p2,intergenic,2348815,59500,1.0
p2,intergenic,2348815,60000,1.0
p2,intergenic,2348815,60500,1.0
p4,aroG,766774,0,0.0
p4,aroG,766774,500,0.0
p4,aroG,766774,1000,0.0
p4,aroG,766774,1500,0.0
p4,aroG,766774,2000,0.0
p4,aroG,766774,2500,0.0
p4,aroG,766774,3000,0.0
p4,aroG,766774,3500,0.0
p4,aroG,766774,4000,0.0
p4,aroG,766774,4500,0.0
p4,aroG,766774,5000,0.0
p4,aroG,766774,5500,0.0
p4,aroG,766774,6000,0.0
p4,aroG,766774,6500,0.0
p4,aroG,766774,7000,0.008
p4,aroG,766774,7500,0.0
p4,aroG,766774,8000,0.0
p4,aroG,766774,8500,0.0
p4,aroG,766774,9000,0.0
p4,aroG,766774,9500,0.0
p4,aroG,766774,10000,0.0
p4,aroG,766774,10500,0.0
p4,aroG,766774,11000,0.0
p4,aroG,766774,11500,0.0
p4,aroG,766774,12000,0.0
p4,aroG,766774,12500,0.0
p4,aroG,766774,13000,0.0
p4,aroG,766774,13500,0.0
p4,aroG,766774,14000,0.0
p4,aroG,766774,14500,0.0
p4,aroG,766774,15000,0.0
p4,aroG,766774,15500,0.0
p4,aroG,766774,16000,0.0
p4,aroG,766774,16500,0.0
p4,aroG,766774,17000,0.0
p4,aroG,766774,17500,0.0
p4,aroG,766774,18000,0.0
p4,aroG,766774,18500,0.0
p4,aroG,766774,19000,0.0
p4,aroG,766774,19500,0.0
p4,aroG,766774,20000,0.011
p4,aroG,766774,20500,0.0
p4,aroG,766774,21000,0.0
p4,aroG,766774,21500,0.0
p4,aroG,766774,22000,0.0
p4,aroG,766774,22500,0.0
p4,aroG,766774,23000,0.0
p4,aroG,766774,23500,0.0
p4,aroG,766774,24000,0.0
p4,aroG,766774,24500,0.0
p4,aroG,766774,25000,0.0
p4,aroG,766774,25500,0.0
p4,aroG,766774,26000,0.014
p4,aroG,766774,26500,0.016
p4,aroG,766774,27000,0.247
p4,aroG,766774,27500,0.04
p4,aroG,766774,28000,0.354
p4,aroG,766774,28500,0.377
p4,aroG,766774,29000,0.31
p4,aroG,766774,29500,0.499
p4,aroG,766774,30000,0.63
p4,aroG,766774,30500,0.819
p4,aroG,766774,31000,0.789
p4,aroG,766774,31500,0.933
p4,aroG,766774,32000,0.914
p4,aroG,766774,32500,0.905
p4,aroG,766774,33000,0.84
p4,aroG,766774,33500,0.956
p4,aroG,766774,34000,0.955
p4,aroG,766774,34500,0.94
p4,aroG,766774,35000,1.0
p4,aroG,766774,35500,1.0
p4,aroG,766774,36000,1.0
p4,aroG,766774,36500,1.0
p4,aroG,766774,37000,1.0
p4,aroG,766774,37500,1.0
p4,aroG,766774,38000,1.0
p4,aroG,766774,38500,1.0
p4,aroG,766774,39000,1.0
p4,aroG,766774,39500,1.0
p4,aroG,766774,40000,1.0
p4,aroG,766774,40500,1.0
p4,aroG,766774,41000,1.0
p4,aroG,766774,41500,1.0
p4,aroG,766774,42000,1.0
p4,aroG,766774,42500,1.0
p4,aroG,766774,43000,1.0
p4,aroG,766774,43500,1.0
p4,aroG,766774,44000,1.0
p4,aroG,766774,44500,1.0
p4,aroG,766774,45000,1.0
p4,aroG,766774,45500,1.0
p4,aroG,766774,46000,1.0
p4,aroG,766774,46500,1.0
p4,aroG,766774,47000,1.0
p4,aroG,766774,47500,1.0
p4,aroG,766774,48000,1.0
p4,aroG,766774,48500,1.0
p4,aroG,766774,49000,1.0
p4,aroG,766774,49500,1.0
p4,aroG,766774,50000,1.0
p4,aroG,766774,50500,1.0
p4,aroG,766774,51000,1.0
p4,aroG,766774,51500,1.0
p4,aroG,766774,52000,1.0
p4,aroG,766774,52500,1.0
p4,aroG,766774,53000,1.0
p4,aroG,766774,53500,1.0
p4,aroG,766774,54000,0.99
p4,aroG,766774,54500,0.985
p4,aroG,766774,55000,1.0
p4,aroG,766774,55500,1.0
p4,aroG,766774,56000,1.0
p4,aroG,766774,56500,1.0
p4,aroG,766774,57000,1.0
p4,aroG,766774,57500,1.0
p4,aroG,766774,58000,1.0
p4,aroG,766774,58500,1.0
p4,aroG,766774,59000,1.0
p4,aroG,766774,59500,1.0
p4,aroG,766774,60000,1.0
p4,thrA,1335,0,0.0
p4,thrA,1335,500,0.0
p4,thrA,1335,1000,0.014
p4,thrA,1335,1500,0.0
p4,thrA,1335,2000,0.0
p4,thrA,1335,2500,0.0
p4,thrA,1335,3000,0.0
p4,thrA,1335,3500,0.0
p4,thrA,1335,4000,0.0
p4,thrA,1335,4500,0.0
p4,thrA,1335,5000,0.0
p4,thrA,1335,5500,0.0
p4,thrA,1335,6000,0.0
p4,thrA,1335,6500,0.0
p4,thrA,1335,7000,0.0
p4,thrA,1335,7500,0.0
p4,thrA,1335,8000,0.02
p4,thrA,1335,8500,0.093
p4,thrA,1335,9000,0.593
p4,thrA,1335,9500,0.67
p4,thrA,1335,10000,0.926
p4,thrA,1335,10500,0.811
p4,thrA,1335,11000,0.611
p4,thrA,1335,11500,0.849
p4,thrA,1335,12000,1.0
p4,thrA,1335,12500,0.971
p4,thrA,1335,13000,0.741
p4,thrA,1335,13500,0.985
p4,thrA,1335,14000,0.917
p4,thrA,1335,14500,0.899
p4,thrA,1335,15000,0.944
p4,thrA,1335,15500,1.0
p4,thrA,1335,16000,1.0
p4,thrA,1335,16500,1.0
p4,thrA,1335,17000,1.0
p4,thrA,1335,17500,1.0
p4,thrA,1335,18000,1.0
p4,thrA,1335,18500,0.991
p4,thrA,1335,19000,1.0
p4,thrA,1335,19500,1.0
p4,thrA,1335,20000,1.0
p4,thrA,1335,20500,1.0
p4,thrA,1335,21000,1.0
p4,thrA,1335,21500,1.0
p4,thrA,1335,22000,1.0
p4,thrA,1335,22500,1.0
p4,thrA,1335,23000,1.0
p4,thrA,1335,23500,1.0
p4,thrA,1335,24000,1.0
p4,thrA,1335,24500,0.978
p4,thrA,1335,25000,1.0
p4,thrA,1335,25500,1.0
p4,thrA,1335,26000,1.0
p4,thrA,1335,26500,0.984
p4,thrA,1335,27000,1.0
p4,thrA,1335,27500,1.0
p4,thrA,1335,28000,1.0
p4,thrA,1335,28500,0.982
p4,thrA,1335,29000,1.0
p4,thrA,1335,29500,1.0
p4,thrA,1335,30000,1.0
p4,thrA,1335,30500,1.0
p4,thrA,1335,31000,1.0
p4,thrA,1335,31500,0.991
p4,thrA,1335,32000,1.0
p4,thrA,1335,32500,1.0
p4,thrA,1335,33000,0.989
p4,thrA,1335,33500,1.0
p4,thrA,1335,34000,1.0
p4,thrA,1335,34500,1.0
p4,thrA,1335,35000,1.0
p4,thrA,1335,35500,1.0
p4,thrA,1335,36000,1.0
p4,thrA,1335,36500,1.0
p4,thrA,1335,37000,1.0
p4,thrA,1335,37500,0.983
p4,thrA,1335,38000,1.0
p4,thrA,1335,38500,1.0
p4,thrA,1335,39000,1.0
p4,thrA,1335,39500,0.987
p4,thrA,1335,40000,1.0
p4,thrA,1335,40500,1.0
p4,thrA,1335,41000,1.0
p4,thrA,1335,41500,1.0
p4,thrA,1335,42000,1.0
p4,thrA,1335,42500,1.0
p4,thrA,1335,43000,1.0
p4,thrA,1335,43500,1.0
p4,thrA,1335,44000,1.0
p4,thrA,1335,44500,1.0
p4,thrA,1335,45000,1.0
p4,thrA,1335,45500,1.0
p4,thrA,1335,46000,1.0
p4,thrA,1335,46500,1.0
p4,thrA,1335,47000,1.0
p4,thrA,1335,47500,1.0
p4,thrA,1335,48000,1.0
p4,thrA,1335,48500,1.0
p4,thrA,1335,49000,1.0
p4,thrA,1335,49500,1.0
p4,thrA,1335,50000,1.0
p4,thrA,1335,50500,1.0
p4,thrA,1335,51000,1.0
p4,thrA,1335,51500,1.0
p4,thrA,1335,52000,1.0
p4,thrA,1335,52500,1.0
p4,thrA,1335,53000,1.0
p4,thrA,1335,53500,1.0
p4,thrA,1335,54000,1.0
p4,thrA,1335,54500,1.0
p4,thrA,1335,55000,1.0
p4,thrA,1335,55500,1.0
p4,thrA,1335,56000,1.0
p4,thrA,1335,56500,1.0
p4,thrA,1335,57000,1.0
p4,thrA,1335,57500,1.0
p4,thrA,1335,58000,1.0
p4,thrA,1335,58500,1.0
p4,thrA,1335,59000,1.0
p4,thrA,1335,59500,1.0
p4,thrA,1335,60000,1.0
p4,hepA,66160,0,0.0
p4,hepA,66160,500,0.0
p4,hepA,66160,1000,0.009
p4,hepA,66160,1500,0.01
p4,hepA,66160,2000,0.007
p4,hepA,66160,2500,0.0
p4,hepA,66160,3000,0.0
p4,hepA,66160,3500,0.0
p4,hepA,66160,4000,0.0
p4,hepA,66160,4500,0.0
p4,hepA,66160,5000,0.0
p4,hepA,66160,5500,0.0
p4,hepA,66160,6000,0.0
p4,hepA,66160,6500,0.0
p4,hepA,66160,7000,0.021
p4,hepA,66160,7500,0.0
p4,hepA,66160,8000,0.01
p4,hepA,66160,8500,0.0
p4,hepA,66160,9000,0.0
p4,hepA,66160,9500,0.0
p4,hepA,66160,10000,0.0
p4,hepA,66160,10500,0.0
p4,hepA,66160,11000,0.0
p4,hepA,66160,11500,0.0
p4,hepA,66160,12000,0.0
p4,hepA,66160,12500,0.0
p4,hepA,66160,13000,0.01
p4,hepA,66160,13500,0.0
p4,hepA,66160,14000,0.0
p4,hepA,66160,14500,0.0
p4,hepA,66160,15000,0.0
p4,hepA,66160,15500,0.0
p4,hepA,66160,16000,0.0
p4,hepA,66160,16500,0.0
p4,hepA,66160,17000,0.0
p4,hepA,66160,17500,0.0
p4,hepA,66160,18000,0.0
p4,hepA,66160,18500,0.0
p4,hepA,66160,19000,0.0
p4,hepA,66160,19500,0.009
p4,hepA,66160,20000,0.0
p4,hepA,66160,20500,0.006
p4,hepA,66160,21000,0.0
p4,hepA,66160,21500,0.0
p4,hepA,66160,22000,0.0
p4,hepA,66160,22500,0.0
p4,hepA,66160,23000,0.0
p4,hepA,66160,23500,0.0
p4,hepA,66160,24000,0.0
p4,hepA,66160,24500,0.011
p4,hepA,66160,25000,0.0
p4,hepA,66160,25500,0.0
p4,hepA,66160,26000,0.0
p4,hepA,66160,26500,0.011
p4,hepA,66160,27000,0.0
p4,hepA,66160,27500,0.0
p4,hepA,66160,28000,0.0
p4,hepA,66160,28500,0.0
p4,hepA,66160,29000,0.0
p4,hepA,66160,29500,0.0
p4,hepA,66160,30000,0.0
p4,hepA,66160,30500,0.0
p4,hepA,66160,31000,0.012
p4,hepA,66160,31500,0.0
p4,hepA,66160,32000,0.0
p4,hepA,66160,32500,0.0
p4,hepA,66160,33000,0.0
p4,hepA,66160,33500,0.0
p4,hepA,66160,34000,0.006
p4,hepA,66160,34500,0.007
p4,hepA,66160,35000,0.023
p4,hepA,66160,35500,0.0
p4,hepA,66160,36000,0.0
p4,hepA,66160,36500,0.0
p4,hepA,66160,37000,0.0
p4,hepA,66160,37500,0.0
p4,hepA,66160,38000,0.0
p4,hepA,66160,38500,0.0
p4,hepA,66160,39000,0.0
p4,hepA,66160,39500,0.0
p4,hepA,66160,40000,0.0
p4,hepA,66160,40500,0.01
p4,hepA,66160,41000,0.0
p4,hepA,66160,41500,0.0
p4,hepA,66160,42000,0.0
p4,hepA,66160,42500,0.0
p4,hepA,66160,43000,0.0
p4,hepA,66160,43500,0.0
p4,hepA,66160,44000,0.182
p4,hepA,66160,44500,0.0
p4,hepA,66160,45000,0.111
p4,hepA,66160,45500,0.071
p4,hepA,66160,46000,0.304
p4,hepA,66160,46500,0.68
p4,hepA,66160,47000,0.763
p4,hepA,66160,47500,0.52
p4,hepA,66160,48000,0.624
p4,hepA,66160,48500,0.609
p4,hepA,66160,49000,0.643
p4,hepA,66160,49500,0.7
p4,hepA,66160,50000,1.0
p4,hepA,66160,50500,0.885
p4,hepA,66160,51000,0.888
p4,hepA,66160,51500,1.0
p4,hepA,66160,52000,0.948
p4,hepA,66160,52500,0.962
p4,hepA,66160,53000,0.994
p4,hepA,66160,53500,0.986
p4,hepA,66160,54000,0.98
p4,hepA,66160,54500,0.968
p4,hepA,66160,55000,0.981
p4,hepA,66160,55500,0.985
p4,hepA,66160,56000,1.0
p4,hepA,66160,56500,0.98
p4,hepA,66160,57000,0.986
p4,hepA,66160,57500,1.0
p4,hepA,66160,58000,0.986
p4,hepA,66160,58500,0.941
p4,hepA,66160,59000,0.971
p4,hepA,66160,59500,0.99
p4,hepA,66160,60000,0.979
p4,yabB,92759,0,0.0
p4,yabB,92759,500,0.006
p4,yabB,92759,1000,0.0
p4,yabB,92759,1500,0.0
p4,yabB,92759,2000,0.0
p4,yabB,92759,2500,0.0
p4,yabB,92759,3000,0.0
p4,yabB,92759,3500,0.0
p4,yabB,92759,4000,0.0
p4,yabB,92759,4500,0.0
p4,yabB,92759,5000,0.0
p4,yabB,92759,5500,0.0
p4,yabB,92759,6000,0.0
p4,yabB,92759,6500,0.0
p4,yabB,92759,7000,0.0
p4,yabB,92759,7500,0.0
p4,yabB,92759,8000,0.0
p4,yabB,92759,8500,0.0
p4,yabB,92759,9000,0.0
p4,yabB,92759,9500,0.007
p4,yabB,92759,10000,0.0
p4,yabB,92759,10500,0.0
p4,yabB,92759,11000,0.0
p4,yabB,92759,11500,0.0
p4,yabB,92759,12000,0.0
p4,yabB,92759,12500,0.0
p4,yabB,92759,13000,0.014
p4,yabB,92759,13500,0.008
p4,yabB,92759,14000,0.0
p4,yabB,92759,14500,0.0
p4,yabB,92759,15000,0.0
p4,yabB,92759,15500,0.0
p4,yabB,92759,16000,0.0
p4,yabB,92759,16500,0.0
p4,yabB,92759,17000,0.0
p4,yabB,92759,17500,0.0
p4,yabB,92759,18000,0.0
p4,yabB,92759,18500,0.007
p4,yabB,92759,19000,0.0
p4,yabB,92759,19500,0.0
p4,yabB,92759,20000,0.0
p4,yabB,92759,20500,0.0
p4,yabB,92759,21000,0.0
p4,yabB,92759,21500,0.0
p4,yabB,92759,22000,0.0
p4,yabB,92759,22500,0.0
p4,yabB,92759,23000,0.0
p4,yabB,92759,23500,0.0
p4,yabB,92759,24000,0.0
p4,yabB,92759,24500,0.0
p4,yabB,92759,25000,0.0
p4,yabB,92759,25500,0.0
p4,yabB,92759,26000,0.0
p4,yabB,92759,26500,0.0
p4,yabB,92759,27000,0.0
p4,yabB,92759,27500,0.0
p4,yabB,92759,28000,0.0
p4,yabB,92759,28500,0.0
p4,yabB,92759,29000,0.0
p4,yabB,92759,29500,0.0
p4,yabB,92759,30000,0.0
p4,yabB,92759,30500,0.0
p4,yabB,92759,31000,0.0
p4,yabB,92759,31500,0.0
p4,yabB,92759,32000,0.0
p4,yabB,92759,32500,0.0
p4,yabB,92759,33000,0.0
p4,yabB,92759,33500,0.0
p4,yabB,92759,34000,0.0
p4,yabB,92759,34500,0.0
p4,yabB,92759,35000,0.0
p4,yabB,92759,35500,0.0
p4,yabB,92759,36000,0.0
p4,yabB,92759,36500,0.0
p4,yabB,92759,37000,0.0
p4,yabB,92759,37500,0.0
p4,yabB,92759,38000,0.0
p4,yabB,92759,38500,0.0
p4,yabB,92759,39000,0.0
p4,yabB,92759,39500,0.0
p4,yabB,92759,40000,0.0
p4,yabB,92759,40500,0.0
p4,yabB,92759,41000,0.0
p4,yabB,92759,41500,0.0
p4,yabB,92759,42000,0.0
p4,yabB,92759,42500,0.0
p4,yabB,92759,43000,0.0
p4,yabB,92759,43500,0.0
p4,yabB,92759,44000,0.0
p4,yabB,92759,44500,0.0
p4,yabB,92759,45000,0.0
p4,yabB,92759,45500,0.0
p4,yabB,92759,46000,0.0
p4,yabB,92759,46500,0.0
p4,yabB,92759,47000,0.0
p4,yabB,92759,47500,0.0
p4,yabB,92759,48000,0.108
p4,yabB,92759,48500,0.444
p4,yabB,92759,49000,0.571
p4,yabB,92759,49500,0.455
p4,yabB,92759,50000,0.667
p4,yabB,92759,50500,0.491
p4,yabB,92759,51000,0.371
p4,yabB,92759,51500,0.933
p4,yabB,92759,52000,0.789
p4,yabB,92759,52500,0.733
p4,yabB,92759,53000,0.727
p4,yabB,92759,53500,0.574
p4,yabB,92759,54000,0.773
p4,yabB,92759,54500,0.862
p4,yabB,92759,55000,0.842
p4,yabB,92759,55500,0.989
p4,yabB,92759,56000,1.0
p4,yabB,92759,56500,1.0
p4,yabB,92759,57000,1.0
p4,yabB,92759,57500,1.0
p4,yabB,92759,58000,0.986
p4,yabB,92759,58500,1.0
p4,yabB,92759,59000,1.0
p4,yabB,92759,59500,1.0
p4,yabB,92759,60000,1.0
p4,yadF,145483,0,0.005
p4,yadF,145483,500,0.006
p4,yadF,145483,1000,0.0
p4,yadF,145483,1500,0.0
p4,yadF,145483,2000,0.0
p4,yadF,145483,2500,0.0
p4,yadF,145483,3000,0.0
p4,yadF,145483,3500,0.0
p4,yadF,145483,4000,0.0
p4,yadF,145483,4500,0.0
p4,yadF,145483,5000,0.0
p4,yadF,145483,5500,0.0
p4,yadF,145483,6000,0.0
p4,yadF,145483,6500,0.0
p4,yadF,145483,7000,0.0
p4,yadF,145483,7500,0.006
p4,yadF,145483,8000,0.0
p4,yadF,145483,8500,0.0
p4,yadF,145483,9000,0.007
p4,yadF,145483,9500,0.0
p4,yadF,145483,10000,0.0
p4,yadF,145483,10500,0.0
p4,yadF,145483,11000,0.0
p4,yadF,145483,11500,0.0
p4,yadF,145483,12000,0.0
p4,yadF,145483,12500,0.0
p4,yadF,145483,13000,0.0
p4,yadF,145483,13500,0.008
p4,yadF,145483,14000,0.0
p4,yadF,145483,14500,0.007
p4,yadF,145483,15000,0.0
p4,yadF,145483,15500,0.0
p4,yadF,145483,16000,0.0
p4,yadF,145483,16500,0.006
p4,yadF,145483,17000,0.0
p4,yadF,145483,17500,0.0
p4,yadF,145483,18000,0.0
p4,yadF,145483,18500,0.0
p4,yadF,145483,19000,0.0
p4,yadF,145483,19500,0.0
p4,yadF,145483,20000,0.011
p4,yadF,145483,20500,0.0
p4,yadF,145483,21000,0.0
p4,yadF,145483,21500,0.0
p4,yadF,145483,22000,0.0
p4,yadF,145483,22500,0.0
p4,yadF,145483,23000,0.0
p4,yadF,145483,23500,0.0
p4,yadF,145483,24000,0.0
p4,yadF,145483,24500,0.0
p4,yadF,145483,25000,0.0
p4,yadF,145483,25500,0.0
p4,yadF,145483,26000,0.0
p4,yadF,145483,26500,0.0
p4,yadF,145483,27000,0.0
p4,yadF,145483,27500,0.0
p4,yadF,145483,28000,0.0
p4,yadF,145483,28500,0.0
p4,yadF,145483,29000,0.0
p4,yadF,145483,29500,0.0
p4,yadF,145483,30000,0.0
p4,yadF,145483,30500,0.0
p4,yadF,145483,31000,0.0
p4,yadF,145483,31500,0.0
p4,yadF,145483,32000,0.0
p4,yadF,145483,32500,0.0
p4,yadF,145483,33000,0.0
p4,yadF,145483,33500,0.0
p4,yadF,145483,34000,0.0
p4,yadF,145483,34500,0.0
p4,yadF,145483,35000,0.0
p4,yadF,145483,35500,0.0
p4,yadF,145483,36000,0.0
p4,yadF,145483,36500,0.0
p4,yadF,145483,37000,0.013
p4,yadF,145483,37500,0.0
p4,yadF,145483,38000,0.0
p4,yadF,145483,38500,0.0
p4,yadF,145483,39000,0.0
p4,yadF,145483,39500,0.0
p4,yadF,145483,40000,0.0
p4,yadF,145483,40500,0.0
p4,yadF,145483,41000,0.0
p4,yadF,145483,41500,0.0
p4,yadF,145483,42000,0.0
p4,yadF,145483,42500,0.0
p4,yadF,145483,43000,0.0
p4,yadF,145483,43500,0.0
p4,yadF,145483,44000,0.0
p4,yadF,145483,44500,0.0
p4,yadF,145483,45000,0.0
p4,yadF,145483,45500,0.2
p4,yadF,145483,46000,0.167
p4,yadF,145483,46500,0.333
p4,yadF,145483,47000,0.6
p4,yadF,145483,47500,0.722
p4,yadF,145483,48000,0.679
p4,yadF,145483,48500,0.812
p4,yadF,145483,49000,0.88
p4,yadF,145483,49500,0.818
p4,yadF,145483,50000,1.0
p4,yadF,145483,50500,0.759
p4,yadF,145483,51000,0.85
p4,yadF,145483,51500,1.0
p4,yadF,145483,52000,0.976
p4,yadF,145483,52500,0.955
p4,yadF,145483,53000,1.0
p4,yadF,145483,53500,1.0
p4,yadF,145483,54000,0.991
p4,yadF,145483,54500,1.0
p4,yadF,145483,55000,1.0
p4,yadF,145483,55500,1.0
p4,yadF,145483,56000,1.0
p4,yadF,145483,56500,1.0
p4,yadF,145483,57000,1.0
p4,yadF,145483,57500,1.0
p4,yadF,145483,58000,1.0
p4,yadF,145483,58500,1.0
p4,yadF,145483,59000,1.0
p4,yadF,145483,59500,1.0
p4,yadF,145483,60000,1.0
p4,yadG,145956,0,0.0
p4,yadG,145956,500,0.0
p4,yadG,145956,1000,0.0
p4,yadG,145956,1500,0.0
p4,yadG,145956,2000,0.011
p4,yadG,145956,2500,0.0
p4,yadG,145956,3000,0.0
p4,yadG,145956,3500,0.0
p4,yadG,145956,4000,0.0
p4,yadG,145956,4500,0.0
p4,yadG,145956,5000,0.0
p4,yadG,145956,5500,0.0
p4,yadG,145956,6000,0.0
p4,yadG,145956,6500,0.0
p4,yadG,145956,7000,0.009
p4,yadG,145956,7500,0.0
p4,yadG,145956,8000,0.0
p4,yadG,145956,8500,0.0
p4,yadG,145956,9000,0.0
p4,yadG,145956,9500,0.0
p4,yadG,145956,10000,0.0
p4,yadG,145956,10500,0.0
p4,yadG,145956,11000,0.0
p4,yadG,145956,11500,0.0
p4,yadG,145956,12000,0.0
p4,yadG,145956,12500,0.0
p4,yadG,145956,13000,0.0
p4,yadG,145956,13500,0.0
p4,yadG,145956,14000,0.009
p4,yadG,145956,14500,0.0
p4,yadG,145956,15000,0.0
p4,yadG,145956,15500,0.0
p4,yadG,145956,16000,0.0
p4,yadG,145956,16500,0.0
p4,yadG,145956,17000,0.0
p4,yadG,145956,17500,0.0
p4,yadG,145956,18000,0.0
p4,yadG,145956,18500,0.0
p4,yadG,145956,19000,0.0
p4,yadG,145956,19500,0.0
p4,yadG,145956,20000,0.0
p4,yadG,145956,20500,0.015
p4,yadG,145956,21000,0.0
p4,yadG,145956,21500,0.0
p4,yadG,145956,22000,0.0
p4,yadG,145956,22500,0.0
p4,yadG,145956,23000,0.0
p4,yadG,145956,23500,0.0
p4,yadG,145956,24000,0.0
p4,yadG,145956,24500,0.0
p4,yadG,145956,25000,0.0
p4,yadG,145956,25500,0.0
p4,yadG,145956,26000,0.0
p4,yadG,145956,26500,0.01
p4,yadG,145956,27000,0.0
p4,yadG,145956,27500,0.0
p4,yadG,145956,28000,0.0
p4,yadG,145956,28500,0.0
p4,yadG,145956,29000,0.0
p4,yadG,145956,29500,0.0
p4,yadG,145956,30000,0.0
p4,yadG,145956,30500,0.0
p4,yadG,145956,31000,0.0
p4,yadG,145956,31500,0.0
p4,yadG,145956,32000,0.0
p4,yadG,145956,32500,0.0
p4,yadG,145956,33000,0.0
p4,yadG,145956,33500,0.0
p4,yadG,145956,34000,0.0
p4,yadG,145956,34500,0.0
p4,yadG,145956,35000,0.034
p4,yadG,145956,35500,0.015
p4,yadG,145956,36000,0.0
p4,yadG,145956,36500,0.0
p4,yadG,145956,37000,0.0
p4,yadG,145956,37500,0.0
p4,yadG,145956,38000,0.0
p4,yadG,145956,38500,0.0
p4,yadG,145956,39000,0.0
p4,yadG,145956,39500,0.0
p4,yadG,145956,40000,0.0
p4,yadG,145956,40500,0.0
p4,yadG,145956,41000,0.0
p4,yadG,145956,41500,0.0
p4,yadG,145956,42000,0.0
p4,yadG,145956,42500,0.0
p4,yadG,145956,43000,0.0
p4,yadG,145956,43500,0.0
p4,yadG,145956,44000,0.0
p4,yadG,145956,44500,0.0
p4,yadG,145956,45000,0.0
p4,yadG,145956,45500,0.0
p4,yadG,145956,46000,0.0
p4,yadG,145956,46500,0.0
p4,yadG,145956,47000,0.0
p4,yadG,145956,47500,0.0
p4,yadG,145956,48000,0.0
p4,yadG,145956,48500,0.067
p4,yadG,145956,49000,0.4
p4,yadG,145956,49500,0.5
p4,yadG,145956,50000,0.333
p4,yadG,145956,50500,0.475
p4,yadG,145956,51000,0.404
p4,yadG,145956,51500,0.944
p4,yadG,145956,52000,0.812
p4,yadG,145956,52500,0.65
p4,yadG,145956,53000,0.598
p4,yadG,145956,53500,0.634
p4,yadG,145956,54000,0.738
p4,yadG,145956,54500,0.804
p4,yadG,145956,55000,0.851
p4,yadG,145956,55500,0.963
p4,yadG,145956,56000,1.0
p4,yadG,145956,56500,0.99
p4,yadG,145956,57000,1.0
p4,yadG,145956,57500,1.0
p4,yadG,145956,58000,1.0
p4,yadG,145956,58500,1.0
p4,yadG,145956,59000,1.0
p4,yadG,145956,59500,0.987
p4,yadG,145956,60000,1.0
p4,yadH,146763,0,0.0
p4,yadH,146763,500,0.0
p4,yadH,146763,1000,0.0
p4,yadH,146763,1500,0.0
p4,yadH,146763,2000,0.0
p4,yadH,146763,2500,0.0
p4,yadH,146763,3000,0.0
p4,yadH,146763,3500,0.0
p4,yadH,146763,4000,0.0
p4,yadH,146763,4500,0.0
p4,yadH,146763,5000,0.0
p4,yadH,146763,5500,0.0
p4,yadH,146763,6000,0.0
p4,yadH,146763,6500,0.0
p4,yadH,146763,7000,0.0
p4,yadH,146763,7500,0.0
p4,yadH,146763,8000,0.0
p4,yadH,146763,8500,0.0
p4,yadH,146763,9000,0.0
p4,yadH,146763,9500,0.0
p4,yadH,146763,10000,0.0
p4,yadH,146763,10500,0.0
p4,yadH,146763,11000,0.0
p4,yadH,146763,11500,0.0
p4,yadH,146763,12000,0.0
p4,yadH,146763,12500,0.0
p4,yadH,146763,13000,0.0
p4,yadH,146763,13500,0.0
p4,yadH,146763,14000,0.0
p4,yadH,146763,14500,0.0
p4,yadH,146763,15000,0.0
p4,yadH,146763,15500,0.0
p4,yadH,146763,16000,0.0
p4,yadH,146763,16500,0.0
p4,yadH,146763,17000,0.0
p4,yadH,146763,17500,0.0
p4,yadH,146763,18000,0.0
p4,yadH,146763,18500,0.0
p4,yadH,146763,19000,0.0
p4,yadH,146763,19500,0.0
p4,yadH,146763,20000,0.0
p4,yadH,146763,20500,0.0
p4,yadH,146763,21000,0.0
p4,yadH,146763,21500,0.0
p4,yadH,146763,22000,0.0
p4,yadH,146763,22500,0.0
p4,yadH,146763,23000,0.0
p4,yadH,146763,23500,0.0
p4,yadH,146763,24000,0.0
p4,yadH,146763,24500,0.0
p4,yadH,146763,25000,0.0
p4,yadH,146763,25500,0.0
p4,yadH,146763,26000,0.0
p4,yadH,146763,26500,0.0
p4,yadH,146763,27000,0.0
p4,yadH,146763,27500,0.0
p4,yadH,146763,28000,0.0
p4,yadH,146763,28500,0.0
p4,yadH,146763,29000,0.0
p4,yadH,146763,29500,0.0
p4,yadH,146763,30000,0.0
p4,yadH,146763,30500,0.0
p4,yadH,146763,31000,0.0
p4,yadH,146763,31500,0.0
p4,yadH,146763,32000,0.0
p4,yadH,146763,32500,0.0
p4,yadH,146763,33000,0.0
p4,yadH,146763,33500,0.0
p4,yadH,146763,34000,0.0
p4,yadH,146763,34500,0.0
p4,yadH,146763,35000,0.0
p4,yadH,146763,35500,0.0
p4,yadH,146763,36000,0.0
p4,yadH,146763,36500,0.0
p4,yadH,146763,37000,0.0
p4,yadH,146763,37500,0.0
p4,yadH,146763,38000,0.0
p4,yadH,146763,38500,0.0
p4,yadH,146763,39000,0.0
p4,yadH,146763,39500,0.0
p4,yadH,146763,40000,0.0
p4,yadH,146763,40500,0.0
p4,yadH,146763,41000,0.0
p4,yadH,146763,41500,0.0
p4,yadH,146763,42000,0.0
p4,yadH,146763,42500,0.0
p4,yadH,146763,43000,0.0
p4,yadH,146763,43500,0.0
p4,yadH,146763,44000,0.833
p4,yadH,146763,44500,0.385
p4,yadH,146763,45000,0.714
p4,yadH,146763,45500,0.769
p4,yadH,146763,46000,1.0
p4,yadH,146763,46500,0.909
p4,yadH,146763,47000,0.947
p4,yadH,146763,47500,0.846
p4,yadH,146763,48000,0.864
p4,yadH,146763,48500,0.889
p4,yadH,146763,49000,0.923
p4,yadH,146763,49500,0.889
p4,yadH,146763,50000,0.833
p4,yadH,146763,50500,0.93
p4,yadH,146763,51000,0.978
p4,yadH,146763,51500,1.0
p4,yadH,146763,52000,1.0
p4,yadH,146763,52500,1.0
p4,yadH,146763,53000,1.0
p4,yadH,146763,53500,1.0
p4,yadH,146763,54000,1.0
p4,yadH,146763,54500,0.981
p4,yadH,146763,55000,1.0
p4,yadH,146763,55500,1.0
p4,yadH,146763,56000,1.0
p4,yadH,146763,56500,1.0
p4,yadH,146763,57000,0.992
p4,yadH,146763,57500,1.0
p4,yadH,146763,58000,1.0
p4,yadH,146763,58500,1.0
p4,yadH,146763,59000,1.0
p4,yadH,146763,59500,1.0
p4,yadH,146763,60000,0.988
p4,mhpR,340312,0,0.0
p4,mhpR,340312,500,0.0
p4,mhpR,340312,1000,0.0
p4,mhpR,340312,1500,0.0
p4,mhpR,340312,2000,0.0
p4,mhpR,340312,2500,0.0
p4,mhpR,340312,3000,0.0
p4,mhpR,340312,3500,0.016
p4,mhpR,340312,4000,0.0
p4,mhpR,340312,4500,0.0
p4,mhpR,340312,5000,0.0
p4,mhpR,340312,5500,0.0
p4,mhpR,340312,6000,0.0
p4,mhpR,340312,6500,0.0
p4,mhpR,340312,7000,0.0
p4,mhpR,340312,7500,0.0
p4,mhpR,340312,8000,0.017
p4,mhpR,340312,8500,0.0
p4,mhpR,340312,9000,0.0
p4,mhpR,340312,9500,0.0
p4,mhpR,340312,10000,0.0
p4,mhpR,340312,10500,0.0
p4,mhpR,340312,11000,0.0
p4,mhpR,340312,11500,0.0
p4,mhpR,340312,12000,0.0
p4,mhpR,340312,12500,0.009
p4,mhpR,340312,13000,0.0
p4,mhpR,340312,13500,0.0
p4,mhpR,340312,14000,0.0
p4,mhpR,340312,14500,0.0
p4,mhpR,340312,15000,0.0
p4,mhpR,340312,15500,0.0
p4,mhpR,340312,16000,0.0
p4,mhpR,340312,16500,0.0
p4,mhpR,340312,17000,0.0
p4,mhpR,340312,17500,0.0
p4,mhpR,340312,18000,0.0
p4,mhpR,340312,18500,0.0
p4,mhpR,340312,19000,0.0
p4,mhpR,340312,19500,0.0
p4,mhpR,340312,20000,0.0
p4,mhpR,340312,20500,0.0
p4,mhpR,340312,21000,0.0
p4,mhpR,340312,21500,0.0
p4,mhpR,340312,22000,0.0
p4,mhpR,340312,22500,0.0
p4,mhpR,340312,23000,0.0
p4,mhpR,340312,23500,0.0
p4,mhpR,340312,24000,0.0
p4,mhpR,340312,24500,0.0
p4,mhpR,340312,25000,0.0
p4,mhpR,340312,25500,0.0
p4,mhpR,340312,26000,0.0
p4,mhpR,340312,26500,0.0
p4,mhpR,340312,27000,0.0
p4,mhpR,340312,27500,0.0
p4,mhpR,340312,28000,0.0
p4,mhpR,340312,28500,0.0
p4,mhpR,340312,29000,0.0
p4,mhpR,340312,29500,0.0
p4,mhpR,340312,30000,0.0
p4,mhpR,340312,30500,0.0
p4,mhpR,340312,31000,0.0
p4,mhpR,340312,31500,0.0
p4,mhpR,340312,32000,0.0
p4,mhpR,340312,32500,0.0
p4,mhpR,340312,33000,0.093
p4,mhpR,340312,33500,0.174
p4,mhpR,340312,34000,0.436
p4,mhpR,340312,34500,0.215
p4,mhpR,340312,35000,0.882
p4,mhpR,340312,35500,0.613
p4,mhpR,340312,36000,0.774
p4,mhpR,340312,36500,0.5
p4,mhpR,340312,37000,0.614
p4,mhpR,340312,37500,0.657
p4,mhpR,340312,38000,0.786
p4,mhpR,340312,38500,0.902
p4,mhpR,340312,39000,0.865
p4,mhpR,340312,39500,0.957
p4,mhpR,340312,40000,0.828
p4,mhpR,340312,40500,0.983
p4,mhpR,340312,41000,1.0
p4,mhpR,340312,41500,1.0
p4,mhpR,340312,42000,1.0
p4,mhpR,340312,42500,1.0
p4,mhpR,340312,43000,1.0
p4,mhpR,340312,43500,1.0
p4,mhpR,340312,44000,1.0
p4,mhpR,340312,44500,1.0
p4,mhpR,340312,45000,1.0
p4,mhpR,340312,45500,1.0
p4,mhpR,340312,46000,1.0
p4,mhpR,340312,46500,1.0
p4,mhpR,340312,47000,1.0
p4,mhpR,340312,47500,1.0
p4,mhpR,340312,48000,0.986
p4,mhpR,340312,48500,1.0
p4,mhpR,340312,49000,1.0
p4,mhpR,340312,49500,1.0
p4,mhpR,340312,50000,1.0
p4,mhpR,340312,50500,1.0
p4,mhpR,340312,51000,1.0
p4,mhpR,340312,51500,1.0
p4,mhpR,340312,52000,1.0
p4,mhpR,340312,52500,1.0
p4,mhpR,340312,53000,1.0
p4,mhpR,340312,53500,1.0
p4,mhpR,340312,54000,1.0
p4,mhpR,340312,54500,1.0
p4,mhpR,340312,55000,1.0
p4,mhpR,340312,55500,0.976
p4,mhpR,340312,56000,1.0
p4,mhpR,340312,56500,0.98
p4,mhpR,340312,57000,1.0
p4,mhpR,340312,57500,1.0
p4,mhpR,340312,58000,0.988
p4,mhpR,340312,58500,1.0
p4,mhpR,340312,59000,1.0
p4,mhpR,340312,59500,1.0
p4,mhpR,340312,60000,1.0
p4,phoR,387282,0,0.0
p4,phoR,387282,500,0.0
p4,phoR,387282,1000,0.0
p4,phoR,387282,1500,0.0
p4,phoR,387282,2000,0.0
p4,phoR,387282,2500,0.0
p4,phoR,387282,3000,0.0
p4,phoR,387282,3500,0.0
p4,phoR,387282,4000,0.0
p4,phoR,387282,4500,0.0
p4,phoR,387282,5000,0.0
p4,phoR,387282,5500,0.0
p4,phoR,387282,6000,0.0
p4,phoR,387282,6500,0.0
p4,phoR,387282,7000,0.0
p4,phoR,387282,7500,0.0
p4,phoR,387282,8000,0.0
p4,phoR,387282,8500,0.0
p4,phoR,387282,9000,0.0
p4,phoR,387282,9500,0.0
p4,phoR,387282,10000,0.0
p4,phoR,387282,10500,0.0
p4,phoR,387282,11000,0.0
p4,phoR,387282,11500,0.0
p4,phoR,387282,12000,0.0
p4,phoR,387282,12500,0.0
p4,phoR,387282,13000,0.0
p4,phoR,387282,13500,0.0
p4,phoR,387282,14000,0.0
p4,phoR,387282,14500,0.01
p4,phoR,387282,15000,0.014
p4,phoR,387282,15500,0.105
p4,phoR,387282,16000,0.828
p4,phoR,387282,16500,0.68
p4,phoR,387282,17000,0.643
p4,phoR,387282,17500,0.811
p4,phoR,387282,18000,1.0
p4,phoR,387282,18500,1.0
p4,phoR,387282,19000,1.0
p4,phoR,387282,19500,1.0
p4,phoR,387282,20000,1.0
p4,phoR,387282,20500,1.0
p4,phoR,387282,21000,1.0
p4,phoR,387282,21500,1.0
p4,phoR,387282,22000,1.0
p4,phoR,387282,22500,0.968
p4,phoR,387282,23000,1.0
p4,phoR,387282,23500,1.0
p4,phoR,387282,24000,1.0
p4,phoR,387282,24500,1.0
p4,phoR,387282,25000,1.0
p4,phoR,387282,25500,1.0
p4,phoR,387282,26000,1.0
p4,phoR,387282,26500,1.0
p4,phoR,387282,27000,1.0
p4,phoR,387282,27500,1.0
p4,phoR,387282,28000,1.0
p4,phoR,387282,28500,1.0
p4,phoR,387282,29000,1.0
p4,phoR,387282,29500,1.0
p4,phoR,387282,30000,1.0
p4,phoR,387282,30500,1.0
p4,phoR,387282,31000,1.0
p4,phoR,387282,31500,1.0
p4,phoR,387282,32000,1.0
p4,phoR,387282,32500,1.0
p4,phoR,387282,33000,1.0
p4,phoR,387282,33500,1.0
p4,phoR,387282,34000,1.0
p4,phoR,387282,34500,1.0
p4,phoR,387282,35000,1.0
p4,phoR,387282,35500,1.0
p4,phoR,387282,36000,1.0
p4,phoR,387282,36500,1.0
p4,phoR,387282,37000,1.0
p4,phoR,387282,37500,0.927
p4,phoR,387282,38000,0.968
p4,phoR,387282,38500,1.0
p4,phoR,387282,39000,1.0
p4,phoR,387282,39500,1.0
p4,phoR,387282,40000,1.0
p4,phoR,387282,40500,0.982
p4,phoR,387282,41000,1.0
p4,phoR,387282,41500,1.0
p4,phoR,387282,42000,1.0
p4,phoR,387282,42500,1.0
p4,phoR,387282,43000,1.0
p4,phoR,387282,43500,1.0
p4,phoR,387282,44000,1.0
p4,phoR,387282,44500,1.0
p4,phoR,387282,45000,1.0
p4,phoR,387282,45500,1.0
p4,phoR,387282,46000,1.0
p4,phoR,387282,46500,1.0
p4,phoR,387282,47000,1.0
p4,phoR,387282,47500,1.0
p4,phoR,387282,48000,1.0
p4,phoR,387282,48500,1.0
p4,phoR,387282,49000,1.0
p4,phoR,387282,49500,1.0
p4,phoR,387282,50000,1.0
p4,phoR,387282,50500,1.0
p4,phoR,387282,51000,0.992
p4,phoR,387282,51500,1.0
p4,phoR,387282,52000,1.0
p4,phoR,387282,52500,1.0
p4,phoR,387282,53000,1.0
p4,phoR,387282,53500,1.0
p4,phoR,387282,54000,1.0
p4,phoR,387282,54500,1.0
p4,phoR,387282,55000,1.0
p4,phoR,387282,55500,1.0
p4,phoR,387282,56000,1.0
p4,phoR,387282,56500,1.0
p4,phoR,387282,57000,1.0
p4,phoR,387282,57500,1.0
p4,phoR,387282,58000,1.0
p4,phoR,387282,58500,1.0
p4,phoR,387282,59000,1.0
p4,phoR,387282,59500,1.0
p4,phoR,387282,60000,1.0
p4,thiI,410967,0,0.0
p4,thiI,410967,500,0.0
p4,thiI,410967,1000,0.0
p4,thiI,410967,1500,0.0
p4,thiI,410967,2000,0.0
p4,thiI,410967,2500,0.0
p4,thiI,410967,3000,0.0
p4,thiI,410967,3500,0.0
p4,thiI,410967,4000,0.0
p4,thiI,410967,4500,0.0
p4,thiI,410967,5000,0.0
p4,thiI,410967,5500,0.0
p4,thiI,410967,6000,0.0
p4,thiI,410967,6500,0.0
p4,thiI,410967,7000,0.0
p4,thiI,410967,7500,0.0
p4,thiI,410967,8000,0.0
p4,thiI,410967,8500,0.0
p4,thiI,410967,9000,0.0
p4,thiI,410967,9500,0.0
p4,thiI,410967,10000,0.566
p4,thiI,410967,10500,0.068
p4,thiI,410967,11000,0.4
p4,thiI,410967,11500,0.544
p4,thiI,410967,12000,0.297
p4,thiI,410967,12500,0.868
p4,thiI,410967,13000,0.826
p4,thiI,410967,13500,0.982
p4,thiI,410967,14000,0.933
p4,thiI,410967,14500,0.909
p4,thiI,410967,15000,0.927
p4,thiI,410967,15500,0.943
p4,thiI,410967,16000,1.0
p4,thiI,410967,16500,1.0
p4,thiI,410967,17000,1.0
p4,thiI,410967,17500,0.988
p4,thiI,410967,18000,1.0
p4,thiI,410967,18500,1.0
p4,thiI,410967,19000,1.0
p4,thiI,410967,19500,1.0
p4,thiI,410967,20000,1.0
p4,thiI,410967,20500,1.0
p4,thiI,410967,21000,1.0
p4,thiI,410967,21500,0.977
p4,thiI,410967,22000,0.984
p4,thiI,410967,22500,1.0
p4,thiI,410967,23000,1.0
p4,thiI,410967,23500,1.0
p4,thiI,410967,24000,1.0
p4,thiI,410967,24500,0.988
p4,thiI,410967,25000,1.0
p4,thiI,410967,25500,1.0
p4,thiI,410967,26000,1.0
p4,thiI,410967,26500,1.0
p4,thiI,410967,27000,1.0
p4,thiI,410967,27500,1.0
p4,thiI,410967,28000,1.0
p4,thiI,410967,28500,1.0
p4,thiI,410967,29000,1.0
p4,thiI,410967,29500,1.0
p4,thiI,410967,30000,1.0
p4,thiI,410967,30500,0.982
p4,thiI,410967,31000,1.0
p4,thiI,410967,31500,0.989
p4,thiI,410967,32000,1.0
p4,thiI,410967,32500,1.0
p4,thiI,410967,33000,1.0
p4,thiI,410967,33500,1.0
p4,thiI,410967,34000,1.0
p4,thiI,410967,34500,1.0
p4,thiI,410967,35000,1.0
p4,thiI,410967,35500,1.0
p4,thiI,410967,36000,1.0
p4,thiI,410967,36500,1.0
p4,thiI,410967,37000,1.0
p4,thiI,410967,37500,1.0
p4,thiI,410967,38000,1.0
p4,thiI,410967,38500,1.0
p4,thiI,410967,39000,1.0
p4,thiI,410967,39500,1.0
p4,thiI,410967,40000,0.985
p4,thiI,410967,40500,1.0
p4,thiI,410967,41000,1.0
p4,thiI,410967,41500,1.0
p4,thiI,410967,42000,1.0
p4,thiI,410967,42500,1.0
p4,thiI,410967,43000,1.0
p4,thiI,410967,43500,1.0
p4,thiI,410967,44000,1.0
p4,thiI,410967,44500,1.0
p4,thiI,410967,45000,1.0
p4,thiI,410967,45500,1.0
p4,thiI,410967,46000,1.0
p4,thiI,410967,46500,1.0
p4,thiI,410967,47000,1.0
p4,thiI,410967,47500,1.0
p4,thiI,410967,48000,1.0
p4,thiI,410967,48500,1.0
p4,thiI,410967,49000,1.0
p4,thiI,410967,49500,1.0
p4,thiI,410967,50000,1.0
p4,thiI,410967,50500,1.0
p4,thiI,410967,51000,1.0
p4,thiI,410967,51500,1.0
p4,thiI,410967,52000,1.0
p4,thiI,410967,52500,1.0
p4,thiI,410967,53000,1.0
p4,thiI,410967,53500,1.0
p4,thiI,410967,54000,0.991
p4,thiI,410967,54500,1.0
p4,thiI,410967,55000,0.981
p4,thiI,410967,55500,1.0
p4,thiI,410967,56000,1.0
p4,thiI,410967,56500,1.0
p4,thiI,410967,57000,1.0
p4,thiI,410967,57500,1.0
p4,thiI,410967,58000,1.0
p4,thiI,410967,58500,1.0
p4,thiI,410967,59000,1.0
p4,thiI,410967,59500,1.0
p4,thiI,410967,60000,1.0
p4,cyoB,420328,0,0.0
p4,cyoB,420328,500,0.0
p4,cyoB,420328,1000,0.023
p4,cyoB,420328,1500,0.0
p4,cyoB,420328,2000,0.0
p4,cyoB,420328,2500,0.015
p4,cyoB,420328,3000,0.0
p4,cyoB,420328,3500,0.0
p4,cyoB,420328,4000,0.0
p4,cyoB,420328,4500,0.0
p4,cyoB,420328,5000,0.0
p4,cyoB,420328,5500,0.0
p4,cyoB,420328,6000,0.0
p4,cyoB,420328,6500,0.0
p4,cyoB,420328,7000,0.0
p4,cyoB,420328,7500,0.0
p4,cyoB,420328,8000,0.0
p4,cyoB,420328,8500,0.0
p4,cyoB,420328,9000,0.0
p4,cyoB,420328,9500,0.0
p4,cyoB,420328,10000,0.0
p4,cyoB,420328,10500,0.0
p4,cyoB,420328,11000,0.0
p4,cyoB,420328,11500,0.012
p4,cyoB,420328,12000,0.0
p4,cyoB,420328,12500,0.007
p4,cyoB,420328,13000,0.0
p4,cyoB,420328,13500,0.0
p4,cyoB,420328,14000,0.0
p4,cyoB,420328,14500,0.0
p4,cyoB,420328,15000,0.0
p4,cyoB,420328,15500,0.0
p4,cyoB,420328,16000,0.0
p4,cyoB,420328,16500,0.0
p4,cyoB,420328,17000,0.0
p4,cyoB,420328,17500,0.0
p4,cyoB,420328,18000,0.0
p4,cyoB,420328,18500,0.0
p4,cyoB,420328,19000,0.0
p4,cyoB,420328,19500,0.0
p4,cyoB,420328,20000,0.0
p4,cyoB,420328,20500,0.0
p4,cyoB,420328,21000,0.0
p4,cyoB,420328,21500,0.0
p4,cyoB,420328,22000,0.0
p4,cyoB,420328,22500,0.0
p4,cyoB,420328,23000,0.0
p4,cyoB,420328,23500,0.0
p4,cyoB,420328,24000,0.0
p4,cyoB,420328,24500,0.0
p4,cyoB,420328,25000,0.0
p4,cyoB,420328,25500,0.0
p4,cyoB,420328,26000,0.0
p4,cyoB,420328,26500,0.0
p4,cyoB,420328,27000,0.0
p4,cyoB,420328,27500,0.0
p4,cyoB,420328,28000,0.0
p4,cyoB,420328,28500,0.0
p4,cyoB,420328,29000,0.0
p4,cyoB,420328,29500,0.0
p4,cyoB,420328,30000,0.0
p4,cyoB,420328,30500,0.0
p4,cyoB,420328,31000,0.0
p4,cyoB,420328,31500,0.0
p4,cyoB,420328,32000,0.0
p4,cyoB,420328,32500,0.0
p4,cyoB,420328,33000,0.0
p4,cyoB,420328,33500,0.012
p4,cyoB,420328,34000,0.105
p4,cyoB,420328,34500,0.022
p4,cyoB,420328,35000,0.267
p4,cyoB,420328,35500,0.464
p4,cyoB,420328,36000,0.561
p4,cyoB,420328,36500,0.476
p4,cyoB,420328,37000,0.676
p4,cyoB,420328,37500,0.686
p4,cyoB,420328,38000,0.839
p4,cyoB,420328,38500,0.898
p4,cyoB,420328,39000,0.87
p4,cyoB,420328,39500,0.975
p4,cyoB,420328,40000,0.974
p4,cyoB,420328,40500,0.965
p4,cyoB,420328,41000,0.944
p4,cyoB,420328,41500,1.0
p4,cyoB,420328,42000,1.0
p4,cyoB,420328,42500,1.0
p4,cyoB,420328,43000,1.0
p4,cyoB,420328,43500,1.0
p4,cyoB,420328,44000,1.0
p4,cyoB,420328,44500,1.0
p4,cyoB,420328,45000,1.0
p4,cyoB,420328,45500,1.0
p4,cyoB,420328,46000,1.0
p4,cyoB,420328,46500,1.0
p4,cyoB,420328,47000,1.0
p4,cyoB,420328,47500,1.0
p4,cyoB,420328,48000,0.971
p4,cyoB,420328,48500,1.0
p4,cyoB,420328,49000,1.0
p4,cyoB,420328,49500,1.0
p4,cyoB,420328,50000,1.0
p4,cyoB,420328,50500,0.982
p4,cyoB,420328,51000,0.992
p4,cyoB,420328,51500,1.0
p4,cyoB,420328,52000,1.0
p4,cyoB,420328,52500,1.0
p4,cyoB,420328,53000,1.0
p4,cyoB,420328,53500,1.0
p4,cyoB,420328,54000,1.0
p4,cyoB,420328,54500,1.0
p4,cyoB,420328,55000,1.0
p4,cyoB,420328,55500,0.991
p4,cyoB,420328,56000,1.0
p4,cyoB,420328,56500,1.0
p4,cyoB,420328,57000,0.992
p4,cyoB,420328,57500,1.0
p4,cyoB,420328,58000,0.98
p4,cyoB,420328,58500,0.955
p4,cyoB,420328,59000,1.0
p4,cyoB,420328,59500,1.0
p4,cyoB,420328,60000,1.0
p4,intergenic,422575,0,0.0
p4,intergenic,422575,500,0.0
p4,intergenic,422575,1000,0.0
p4,intergenic,422575,1500,0.0
p4,intergenic,422575,2000,0.0
p4,intergenic,422575,2500,0.0
p4,intergenic,422575,3000,0.0
p4,intergenic,422575,3500,0.0
p4,intergenic,422575,4000,0.0
p4,intergenic,422575,4500,0.0
p4,intergenic,422575,5000,0.0
p4,intergenic,422575,5500,0.0
p4,intergenic,422575,6000,0.0
p4,intergenic,422575,6500,0.0
p4,intergenic,422575,7000,0.0
p4,intergenic,422575,7500,0.0
p4,intergenic,422575,8000,0.0
p4,intergenic,422575,8500,0.0
p4,intergenic,422575,9000,0.0
p4,intergenic,422575,9500,0.0
p4,intergenic,422575,10000,0.0
p4,intergenic,422575,10500,0.0
p4,intergenic,422575,11000,0.0
p4,intergenic,422575,11500,0.0
p4,intergenic,422575,12000,0.0
p4,intergenic,422575,12500,0.0
p4,intergenic,422575,13000,0.0
p4,intergenic,422575,13500,0.0
p4,intergenic,422575,14000,0.0
p4,intergenic,422575,14500,0.0
p4,intergenic,422575,15000,0.0
p4,intergenic,422575,15500,0.0
p4,intergenic,422575,16000,0.0
p4,intergenic,422575,16500,0.0
p4,intergenic,422575,17000,0.0
p4,intergenic,422575,17500,0.0
p4,intergenic,422575,18000,0.0
p4,intergenic,422575,18500,0.0
p4,intergenic,422575,19000,0.013
p4,intergenic,422575,19500,0.0
p4,intergenic,422575,20000,0.0
p4,intergenic,422575,20500,0.0
p4,intergenic,422575,21000,0.0
p4,intergenic,422575,21500,0.0
p4,intergenic,422575,22000,0.0
p4,intergenic,422575,22500,0.0
p4,intergenic,422575,23000,0.0
p4,intergenic,422575,23500,0.0
p4,intergenic,422575,24000,0.0
p4,intergenic,422575,24500,0.0
p4,intergenic,422575,25000,0.0
p4,intergenic,422575,25500,0.0
p4,intergenic,422575,26000,0.0
p4,intergenic,422575,26500,0.0
p4,intergenic,422575,27000,0.0
p4,intergenic,422575,27500,0.0
p4,intergenic,422575,28000,0.0
p4,intergenic,422575,28500,0.0
p4,intergenic,422575,29000,0.0
p4,intergenic,422575,29500,0.0
p4,intergenic,422575,30000,0.0
p4,intergenic,422575,30500,0.015
p4,intergenic,422575,31000,0.022
p4,intergenic,422575,31500,0.0
p4,intergenic,422575,32000,0.016
p4,intergenic,422575,32500,0.128
p4,intergenic,422575,33000,0.081
p4,intergenic,422575,33500,0.153
p4,intergenic,422575,34000,0.398
p4,intergenic,422575,34500,0.197
p4,intergenic,422575,35000,0.727
p4,intergenic,422575,35500,0.727
p4,intergenic,422575,36000,0.871
p4,intergenic,422575,36500,0.452
p4,intergenic,422575,37000,0.721
p4,intergenic,422575,37500,0.531
p4,intergenic,422575,38000,0.955
p4,intergenic,422575,38500,0.885
p4,intergenic,422575,39000,0.885
p4,intergenic,422575,39500,0.981
p4,intergenic,422575,40000,1.0
p4,intergenic,422575,40500,1.0
p4,intergenic,422575,41000,1.0
p4,intergenic,422575,41500,1.0
p4,intergenic,422575,42000,1.0
p4,intergenic,422575,42500,1.0
p4,intergenic,422575,43000,1.0
p4,intergenic,422575,44000,1.0
p4,intergenic,422575,44500,1.0
p4,intergenic,422575,45000,1.0
p4,intergenic,422575,45500,1.0
p4,intergenic,422575,46000,1.0
p4,intergenic,422575,46500,1.0
p4,intergenic,422575,47000,1.0
p4,intergenic,422575,47500,1.0
p4,intergenic,422575,48000,1.0
p4,intergenic,422575,48500,1.0
p4,intergenic,422575,49000,1.0
p4,intergenic,422575,49500,1.0
p4,intergenic,422575,50000,1.0
p4,intergenic,422575,50500,1.0
p4,intergenic,422575,51000,1.0
p4,intergenic,422575,51500,1.0
p4,intergenic,422575,52000,1.0
p4,intergenic,422575,52500,1.0
p4,intergenic,422575,53000,1.0
p4,intergenic,422575,53500,1.0
p4,intergenic,422575,54000,1.0
p4,intergenic,422575,54500,1.0
p4,intergenic,422575,55000,1.0
p4,intergenic,422575,55500,1.0
p4,intergenic,422575,56000,1.0
p4,intergenic,422575,56500,1.0
p4,intergenic,422575,57000,1.0
p4,intergenic,422575,57500,1.0
p4,intergenic,422575,58000,1.0
p4,intergenic,422575,58500,1.0
p4,intergenic,422575,59000,1.0
p4,intergenic,422575,59500,1.0
p4,intergenic,422575,60000,1.0
p4,ybaE,437918,0,0.0
p4,ybaE,437918,500,0.0
p4,ybaE,437918,1000,0.0
p4,ybaE,437918,1500,0.0
p4,ybaE,437918,2000,0.0
p4,ybaE,437918,2500,0.008
p4,ybaE,437918,3000,0.0
p4,ybaE,437918,3500,0.0
p4,ybaE,437918,4000,0.0
p4,ybaE,437918,4500,0.0
p4,ybaE,437918,5000,0.0
p4,ybaE,437918,5500,0.006
p4,ybaE,437918,6000,0.0
p4,ybaE,437918,6500,0.0
p4,ybaE,437918,7000,0.009
p4,ybaE,437918,7500,0.007
p4,ybaE,437918,8000,0.119
p4,ybaE,437918,8500,0.184
p4,ybaE,437918,9000,0.567
p4,ybaE,437918,9500,0.702
p4,ybaE,437918,10000,0.851
p4,ybaE,437918,10500,0.763
p4,ybaE,437918,11000,0.721
p4,ybaE,437918,11500,0.867
p4,ybaE,437918,12000,0.987
p4,ybaE,437918,12500,0.944
p4,ybaE,437918,13000,0.919
p4,ybaE,437918,13500,0.991
p4,ybaE,437918,14000,0.945
p4,ybaE,437918,14500,0.96
p4,ybaE,437918,15000,0.952
p4,ybaE,437918,15500,0.981
p4,ybaE,437918,16000,1.0
p4,ybaE,437918,16500,1.0
p4,ybaE,437918,17000,1.0
p4,ybaE,437918,17500,1.0
p4,ybaE,437918,18000,1.0
p4,ybaE,437918,18500,1.0
p4,ybaE,437918,19000,1.0
p4,ybaE,437918,19500,1.0
p4,ybaE,437918,20000,1.0
p4,ybaE,437918,20500,1.0
p4,ybaE,437918,21000,1.0
p4,ybaE,437918,21500,0.986
p4,ybaE,437918,22000,1.0
p4,ybaE,437918,22500,1.0
p4,ybaE,437918,23000,1.0
p4,ybaE,437918,23500,1.0
p4,ybaE,437918,24000,1.0
p4,ybaE,437918,24500,0.993
p4,ybaE,437918,25000,1.0
p4,ybaE,437918,25500,0.982
p4,ybaE,437918,26000,1.0
p4,ybaE,437918,26500,1.0
p4,ybaE,437918,27000,1.0
p4,ybaE,437918,27500,1.0
p4,ybaE,437918,28000,1.0
p4,ybaE,437918,28500,1.0
p4,ybaE,437918,29000,1.0
p4,ybaE,437918,29500,1.0
p4,ybaE,437918,30000,1.0
p4,ybaE,437918,30500,1.0
p4,ybaE,437918,31000,1.0
p4,ybaE,437918,31500,1.0
p4,ybaE,437918,32000,1.0
p4,ybaE,437918,32500,1.0
p4,ybaE,437918,33000,1.0
p4,ybaE,437918,33500,1.0
p4,ybaE,437918,34000,1.0
p4,ybaE,437918,34500,1.0
p4,ybaE,437918,35000,1.0
p4,ybaE,437918,35500,1.0
p4,ybaE,437918,36000,1.0
p4,ybaE,437918,36500,1.0
p4,ybaE,437918,37000,0.983
p4,ybaE,437918,37500,0.981
p4,ybaE,437918,38000,1.0
p4,ybaE,437918,38500,1.0
p4,ybaE,437918,39000,1.0
p4,ybaE,437918,39500,1.0
p4,ybaE,437918,40000,1.0
p4,ybaE,437918,40500,0.987
p4,ybaE,437918,41000,1.0
p4,ybaE,437918,41500,1.0
p4,ybaE,437918,42000,1.0
p4,ybaE,437918,42500,1.0
p4,ybaE,437918,43000,1.0
p4,ybaE,437918,43500,1.0
p4,ybaE,437918,44000,0.833
p4,ybaE,437918,44500,1.0
p4,ybaE,437918,45000,1.0
p4,ybaE,437918,45500,1.0
p4,ybaE,437918,46000,1.0
p4,ybaE,437918,46500,1.0
p4,ybaE,437918,47000,1.0
p4,ybaE,437918,47500,1.0
p4,ybaE,437918,48000,1.0
p4,ybaE,437918,48500,1.0
p4,ybaE,437918,49000,1.0
p4,ybaE,437918,49500,1.0
p4,ybaE,437918,50000,1.0
p4,ybaE,437918,50500,1.0
p4,ybaE,437918,51000,1.0
p4,ybaE,437918,51500,1.0
p4,ybaE,437918,52000,1.0
p4,ybaE,437918,52500,1.0
p4,ybaE,437918,53000,1.0
p4,ybaE,437918,53500,1.0
p4,ybaE,437918,54000,1.0
p4,ybaE,437918,54500,1.0
p4,ybaE,437918,55000,1.0
p4,ybaE,437918,55500,1.0
p4,ybaE,437918,56000,1.0
p4,ybaE,437918,56500,1.0
p4,ybaE,437918,57000,1.0
p4,ybaE,437918,57500,1.0
p4,ybaE,437918,58000,1.0
p4,ybaE,437918,58500,1.0
p4,ybaE,437918,59000,0.993
p4,ybaE,437918,59500,0.987
p4,ybaE,437918,60000,1.0
p4,appY,559507,0,0.0
p4,appY,559507,500,0.0
p4,appY,559507,1000,0.0
p4,appY,559507,1500,0.0
p4,appY,559507,2000,0.0
p4,appY,559507,2500,0.0
p4,appY,559507,3000,0.0
p4,appY,559507,3500,0.0
p4,appY,559507,4000,0.0
p4,appY,559507,4500,0.0
p4,appY,559507,5000,0.0
p4,appY,559507,5500,0.0
p4,appY,559507,6000,0.0
p4,appY,559507,6500,0.0
p4,appY,559507,7000,0.0
p4,appY,559507,7500,0.0
p4,appY,559507,8000,0.0
p4,appY,559507,8500,0.0
p4,appY,559507,9000,0.0
p4,appY,559507,9500,0.0
p4,appY,559507,10000,0.0
p4,appY,559507,10500,0.0
p4,appY,559507,11000,0.0
p4,appY,559507,11500,0.0
p4,appY,559507,12000,0.0
p4,appY,559507,12500,0.0
p4,appY,559507,13000,0.0
p4,appY,559507,13500,0.0
p4,appY,559507,14000,0.0
p4,appY,559507,14500,0.016
p4,appY,559507,15000,0.0
p4,appY,559507,15500,0.0
p4,appY,559507,16000,0.0
p4,appY,559507,16500,0.0
p4,appY,559507,17000,0.0
p4,appY,559507,17500,0.0
p4,appY,559507,18000,0.0
p4,appY,559507,18500,0.236
p4,appY,559507,19000,0.115
p4,appY,559507,19500,0.554
p4,appY,559507,20000,0.936
p4,appY,559507,20500,0.941
p4,appY,559507,21000,1.0
p4,appY,559507,21500,1.0
p4,appY,559507,22000,1.0
p4,appY,559507,22500,1.0
p4,appY,559507,23000,1.0
p4,appY,559507,23500,1.0
p4,appY,559507,24000,1.0
p4,appY,559507,24500,1.0
p4,appY,559507,25000,1.0
p4,appY,559507,25500,1.0
p4,appY,559507,26000,1.0
p4,appY,559507,26500,1.0
p4,appY,559507,27000,1.0
p4,appY,559507,27500,1.0
p4,appY,559507,28000,1.0
p4,appY,559507,28500,1.0
p4,appY,559507,29000,1.0
p4,appY,559507,29500,1.0
p4,appY,559507,30000,1.0
p4,appY,559507,30500,1.0
p4,appY,559507,31000,1.0
p4,appY,559507,31500,1.0
p4,appY,559507,32000,0.987
p4,appY,559507,32500,1.0
p4,appY,559507,33000,1.0
p4,appY,559507,33500,0.992
p4,appY,559507,34000,1.0
p4,appY,559507,34500,1.0
p4,appY,559507,35000,1.0
p4,appY,559507,35500,1.0
p4,appY,559507,36000,1.0
p4,appY,559507,36500,1.0
p4,appY,559507,37000,1.0
p4,appY,559507,37500,0.98
p4,appY,559507,38000,1.0
p4,appY,559507,38500,1.0
p4,appY,559507,39000,1.0
p4,appY,559507,39500,1.0
p4,appY,559507,40000,1.0
p4,appY,559507,40500,1.0
p4,appY,559507,41000,1.0
p4,appY,559507,41500,1.0
p4,appY,559507,42000,1.0
p4,appY,559507,42500,1.0
p4,appY,559507,43000,1.0
p4,appY,559507,44000,1.0
p4,appY,559507,44500,1.0
p4,appY,559507,45000,1.0
p4,appY,559507,45500,1.0
p4,appY,559507,46000,1.0
p4,appY,559507,46500,1.0
p4,appY,559507,47000,1.0
p4,appY,559507,47500,1.0
p4,appY,559507,48000,1.0
p4,appY,559507,48500,1.0
p4,appY,559507,49000,1.0
p4,appY,559507,49500,1.0
p4,appY,559507,50000,1.0
p4,appY,559507,50500,1.0
p4,appY,559507,51000,1.0
p4,appY,559507,51500,1.0
p4,appY,559507,52000,1.0
p4,appY,559507,52500,1.0
p4,appY,559507,53000,1.0
p4,appY,559507,53500,1.0
p4,appY,559507,54000,1.0
p4,appY,559507,54500,1.0
p4,appY,559507,55000,1.0
p4,appY,559507,55500,1.0
p4,appY,559507,56000,1.0
p4,appY,559507,56500,1.0
p4,appY,559507,57000,1.0
p4,appY,559507,57500,1.0
p4,appY,559507,58000,1.0
p4,appY,559507,58500,1.0
p4,appY,559507,59000,1.0
p4,appY,559507,59500,1.0
p4,appY,559507,60000,1.0
p4,farR,746820,0,0.0
p4,farR,746820,500,0.0
p4,farR,746820,1000,0.0
p4,farR,746820,1500,0.0
p4,farR,746820,2000,0.0
p4,farR,746820,2500,0.0
p4,farR,746820,3000,0.0
p4,farR,746820,3500,0.0
p4,farR,746820,4000,0.0
p4,farR,746820,4500,0.0
p4,farR,746820,5000,0.0
p4,farR,746820,5500,0.0
p4,farR,746820,6000,0.0
p4,farR,746820,6500,0.011
p4,farR,746820,7000,0.0
p4,farR,746820,7500,0.0
p4,farR,746820,8000,0.0
p4,farR,746820,8500,0.0
p4,farR,746820,9000,0.0
p4,farR,746820,9500,0.0
p4,farR,746820,10000,0.0
p4,farR,746820,10500,0.0
p4,farR,746820,11000,0.0
p4,farR,746820,11500,0.0
p4,farR,746820,12000,0.0
p4,farR,746820,12500,0.0
p4,farR,746820,13000,0.0
p4,farR,746820,13500,0.0
p4,farR,746820,14000,0.0
p4,farR,746820,14500,0.0
p4,farR,746820,15000,0.0
p4,farR,746820,15500,0.0
p4,farR,746820,16000,0.0
p4,farR,746820,16500,0.0
p4,farR,746820,17000,0.0
p4,farR,746820,17500,0.0
p4,farR,746820,18000,0.0
p4,farR,746820,18500,0.0
p4,farR,746820,19000,0.0
p4,farR,746820,19500,0.0
p4,farR,746820,20000,0.0
p4,farR,746820,20500,0.0
p4,farR,746820,21000,0.0
p4,farR,746820,21500,0.0
p4,farR,746820,22000,0.0
p4,farR,746820,22500,0.0
p4,farR,746820,23000,0.0
p4,farR,746820,23500,0.0
p4,farR,746820,24000,0.0
p4,farR,746820,24500,0.0
p4,farR,746820,25000,0.0
p4,farR,746820,25500,0.0
p4,farR,746820,26000,0.0
p4,farR,746820,26500,0.0
p4,farR,746820,27000,0.0
p4,farR,746820,27500,0.0
p4,farR,746820,28000,0.0
p4,farR,746820,28500,0.0
p4,farR,746820,29000,0.0
p4,farR,746820,29500,0.0
p4,farR,746820,30000,0.0
p4,farR,746820,30500,0.0
p4,farR,746820,31000,0.0
p4,farR,746820,31500,0.0
p4,farR,746820,32000,0.0
p4,farR,746820,32500,0.0
p4,farR,746820,33000,0.0
p4,farR,746820,33500,0.0
p4,farR,746820,34000,0.0
p4,farR,746820,34500,0.0
p4,farR,746820,35000,0.0
p4,farR,746820,35500,0.0
p4,farR,746820,36000,0.0
p4,farR,746820,36500,0.0
p4,farR,746820,37000,0.0
p4,farR,746820,37500,0.0
p4,farR,746820,38000,0.0
p4,farR,746820,38500,0.0
p4,farR,746820,39000,0.0
p4,farR,746820,39500,0.0
p4,farR,746820,40000,0.0
p4,farR,746820,40500,0.0
p4,farR,746820,41000,0.0
p4,farR,746820,41500,0.0
p4,farR,746820,42000,0.0
p4,farR,746820,42500,0.0
p4,farR,746820,43000,0.0
p4,farR,746820,43500,0.0
p4,farR,746820,44000,0.5
p4,farR,746820,44500,0.75
p4,farR,746820,45000,0.909
p4,farR,746820,45500,1.0
p4,farR,746820,46000,0.909
p4,farR,746820,46500,1.0
p4,farR,746820,47000,0.714
p4,farR,746820,47500,1.0
p4,farR,746820,48000,0.792
p4,farR,746820,48500,1.0
p4,farR,746820,49000,0.8
p4,farR,746820,49500,0.667
p4,farR,746820,50000,1.0
p4,farR,746820,50500,0.919
p4,farR,746820,51000,1.0
p4,farR,746820,51500,1.0
p4,farR,746820,52000,0.99
p4,farR,746820,52500,1.0
p4,farR,746820,53000,1.0
p4,farR,746820,53500,1.0
p4,farR,746820,54000,1.0
p4,farR,746820,54500,1.0
p4,farR,746820,55000,1.0
p4,farR,746820,55500,1.0
p4,farR,746820,56000,1.0
p4,farR,746820,56500,0.988
p4,farR,746820,57000,1.0
p4,farR,746820,57500,1.0
p4,farR,746820,58000,0.927
p4,farR,746820,58500,1.0
p4,farR,746820,59000,1.0
p4,farR,746820,59500,1.0
p4,farR,746820,60000,1.0
p4,intergenic,751671,0,0.0
p4,intergenic,751671,500,0.0
p4,intergenic,751671,1000,0.0
p4,intergenic,751671,1500,0.0
p4,intergenic,751671,2000,0.0
p4,intergenic,751671,2500,0.0
p4,intergenic,751671,3000,0.0
p4,intergenic,751671,3500,0.0
p4,intergenic,751671,4000,0.0
p4,intergenic,751671,4500,0.0
p4,intergenic,751671,5000,0.0
p4,intergenic,751671,5500,0.0
p4,intergenic,751671,6000,0.0
p4,intergenic,751671,6500,0.0
p4,intergenic,751671,7000,0.0
p4,intergenic,751671,7500,0.0
p4,intergenic,751671,8000,0.0
p4,intergenic,751671,8500,0.0
p4,intergenic,751671,9000,0.0
p4,intergenic,751671,9500,0.0
p4,intergenic,751671,10000,0.0
p4,intergenic,751671,10500,0.0
p4,intergenic,751671,11000,0.0
p4,intergenic,751671,11500,0.0
p4,intergenic,751671,12000,0.0
p4,intergenic,751671,12500,0.0
p4,intergenic,751671,13000,0.0
p4,intergenic,751671,13500,0.0
p4,intergenic,751671,14000,0.0
p4,intergenic,751671,14500,0.0
p4,intergenic,751671,15000,0.0
p4,intergenic,751671,15500,0.0
p4,intergenic,751671,16000,0.0
p4,intergenic,751671,16500,0.0
p4,intergenic,751671,17000,0.0
p4,intergenic,751671,17500,0.0
p4,intergenic,751671,18000,0.0
p4,intergenic,751671,18500,0.0
p4,intergenic,751671,19000,0.0
p4,intergenic,751671,19500,0.0
p4,intergenic,751671,20000,0.0
p4,intergenic,751671,20500,0.0
p4,intergenic,751671,21000,0.0
p4,intergenic,751671,21500,0.0
p4,intergenic,751671,22000,0.0
p4,intergenic,751671,22500,0.0
p4,intergenic,751671,23000,0.0
p4,intergenic,751671,23500,0.0
p4,intergenic,751671,24000,0.0
p4,intergenic,751671,24500,0.0
p4,intergenic,751671,25000,0.0
p4,intergenic,751671,25500,0.0
p4,intergenic,751671,26000,0.0
p4,intergenic,751671,26500,0.0
p4,intergenic,751671,27000,0.0
p4,intergenic,751671,27500,0.0
p4,intergenic,751671,28000,0.0
p4,intergenic,751671,28500,0.0
p4,intergenic,751671,29000,0.0
p4,intergenic,751671,29500,0.0
p4,intergenic,751671,30000,0.0
p4,intergenic,751671,30500,0.0
p4,intergenic,751671,31000,0.0
p4,intergenic,751671,31500,0.0
p4,intergenic,751671,32000,0.0
p4,intergenic,751671,32500,0.0
p4,intergenic,751671,33000,0.0
p4,intergenic,751671,33500,0.0
p4,intergenic,751671,34000,0.0
p4,intergenic,751671,34500,0.0
p4,intergenic,751671,35000,0.0
p4,intergenic,751671,35500,0.0
p4,intergenic,751671,36000,0.0
p4,intergenic,751671,36500,0.0
p4,intergenic,751671,37000,0.0
p4,intergenic,751671,37500,0.0
p4,intergenic,751671,38000,0.0
p4,intergenic,751671,38500,0.0
p4,intergenic,751671,39000,0.0
p4,intergenic,751671,39500,0.0
p4,intergenic,751671,40000,0.312
p4,intergenic,751671,40500,0.574
p4,intergenic,751671,41000,0.68
p4,intergenic,751671,41500,0.714
p4,intergenic,751671,42000,0.556
p4,intergenic,751671,42500,0.769
p4,intergenic,751671,43000,0.611
p4,intergenic,751671,43500,1.0
p4,intergenic,751671,44000,0.429
p4,intergenic,751671,44500,0.333
p4,intergenic,751671,45000,0.143
p4,intergenic,751671,45500,0.0
p4,intergenic,751671,46000,0.0
p4,intergenic,751671,46500,0.0
p4,intergenic,751671,47000,0.0
p4,intergenic,751671,47500,0.0
p4,intergenic,751671,48000,0.0
p4,intergenic,751671,48500,0.0
p4,intergenic,751671,49000,0.0
p4,intergenic,751671,49500,0.0
p4,intergenic,751671,50000,0.0
p4,intergenic,751671,50500,0.0
p4,intergenic,751671,51000,0.0
p4,intergenic,751671,51500,0.0
p4,intergenic,751671,52000,0.0
p4,intergenic,751671,52500,0.0
p4,intergenic,751671,53000,0.0
p4,intergenic,751671,53500,0.0
p4,intergenic,751671,54000,0.0
p4,intergenic,751671,54500,0.0
p4,intergenic,751671,55000,0.0
p4,intergenic,751671,55500,0.0
p4,intergenic,751671,56000,0.0
p4,intergenic,751671,56500,0.0
p4,intergenic,751671,57000,0.0
p4,intergenic,751671,57500,0.0
p4,intergenic,751671,58000,0.0
p4,intergenic,751671,58500,0.0
p4,intergenic,751671,59000,0.0
p4,intergenic,751671,59500,0.0
p4,intergenic,751671,60000,0.0
p4,ybhP,817217,0,0.0
p4,ybhP,817217,500,0.0
p4,ybhP,817217,1000,0.011
p4,ybhP,817217,1500,0.0
p4,ybhP,817217,2000,0.0
p4,ybhP,817217,2500,0.008
p4,ybhP,817217,3000,0.0
p4,ybhP,817217,3500,0.0
p4,ybhP,817217,4000,0.017
p4,ybhP,817217,4500,0.0
p4,ybhP,817217,5000,0.0
p4,ybhP,817217,5500,0.0
p4,ybhP,817217,6000,0.0
p4,ybhP,817217,6500,0.0
p4,ybhP,817217,7000,0.0
p4,ybhP,817217,7500,0.007
p4,ybhP,817217,8000,0.016
p4,ybhP,817217,8500,0.092
p4,ybhP,817217,9000,0.515
p4,ybhP,817217,9500,0.711
p4,ybhP,817217,10000,0.849
p4,ybhP,817217,10500,0.72
p4,ybhP,817217,11000,0.547
p4,ybhP,817217,11500,0.857
p4,ybhP,817217,12000,0.979
p4,ybhP,817217,12500,0.991
p4,ybhP,817217,13000,0.898
p4,ybhP,817217,13500,0.987
p4,ybhP,817217,14000,0.974
p4,ybhP,817217,14500,0.943
p4,ybhP,817217,15000,0.885
p4,ybhP,817217,15500,0.908
p4,ybhP,817217,16000,1.0
p4,ybhP,817217,16500,1.0
p4,ybhP,817217,17000,1.0
p4,ybhP,817217,17500,1.0
p4,ybhP,817217,18000,1.0
p4,ybhP,817217,18500,1.0
p4,ybhP,817217,19000,1.0
p4,ybhP,817217,19500,1.0
p4,ybhP,817217,20000,1.0
p4,ybhP,817217,20500,0.992
p4,ybhP,817217,21000,1.0
p4,ybhP,817217,21500,1.0
p4,ybhP,817217,22000,1.0
p4,ybhP,817217,22500,1.0
p4,ybhP,817217,23000,1.0
p4,ybhP,817217,23500,1.0
p4,ybhP,817217,24000,1.0
p4,ybhP,817217,24500,1.0
p4,ybhP,817217,25000,1.0
p4,ybhP,817217,25500,1.0
p4,ybhP,817217,26000,1.0
p4,ybhP,817217,26500,1.0
p4,ybhP,817217,27000,1.0
p4,ybhP,817217,27500,0.968
p4,ybhP,817217,28000,1.0
p4,ybhP,817217,28500,1.0
p4,ybhP,817217,29000,1.0
p4,ybhP,817217,29500,1.0
p4,ybhP,817217,30000,1.0
p4,ybhP,817217,30500,1.0
p4,ybhP,817217,31000,1.0
p4,ybhP,817217,31500,1.0
p4,ybhP,817217,32000,1.0
p4,ybhP,817217,32500,1.0
p4,ybhP,817217,33000,1.0
p4,ybhP,817217,33500,0.989
p4,ybhP,817217,34000,1.0
p4,ybhP,817217,34500,1.0
p4,ybhP,817217,35000,1.0
p4,ybhP,817217,35500,1.0
p4,ybhP,817217,36000,1.0
p4,ybhP,817217,36500,1.0
p4,ybhP,817217,37000,1.0
p4,ybhP,817217,37500,1.0
p4,ybhP,817217,38000,1.0
p4,ybhP,817217,38500,1.0
p4,ybhP,817217,39000,1.0
p4,ybhP,817217,39500,1.0
p4,ybhP,817217,40000,1.0
p4,ybhP,817217,40500,1.0
p4,ybhP,817217,41000,1.0
p4,ybhP,817217,41500,1.0
p4,ybhP,817217,42000,1.0
p4,ybhP,817217,42500,1.0
p4,ybhP,817217,43000,1.0
p4,ybhP,817217,44000,1.0
p4,ybhP,817217,44500,1.0
p4,ybhP,817217,45000,1.0
p4,ybhP,817217,45500,1.0
p4,ybhP,817217,46000,1.0
p4,ybhP,817217,46500,1.0
p4,ybhP,817217,47000,1.0
p4,ybhP,817217,47500,1.0
p4,ybhP,817217,48000,1.0
p4,ybhP,817217,48500,1.0
p4,ybhP,817217,49000,1.0
p4,ybhP,817217,49500,1.0
p4,ybhP,817217,50000,1.0
p4,ybhP,817217,50500,1.0
p4,ybhP,817217,51000,1.0
p4,ybhP,817217,51500,1.0
p4,ybhP,817217,52000,1.0
p4,ybhP,817217,52500,1.0
p4,ybhP,817217,53000,1.0
p4,ybhP,817217,53500,0.979
p4,ybhP,817217,54000,1.0
p4,ybhP,817217,54500,1.0
p4,ybhP,817217,55000,0.989
p4,ybhP,817217,55500,1.0
p4,ybhP,817217,56000,1.0
p4,ybhP,817217,56500,1.0
p4,ybhP,817217,57000,1.0
p4,ybhP,817217,57500,1.0
p4,ybhP,817217,58000,1.0
p4,ybhP,817217,58500,1.0
p4,ybhP,817217,59000,1.0
p4,ybhP,817217,59500,1.0
p4,ybhP,817217,60000,1.0
p4,pflB,970655,0,0.0
p4,pflB,970655,500,0.0
p4,pflB,970655,1000,0.0
p4,pflB,970655,1500,0.0
p4,pflB,970655,2000,0.0
p4,pflB,970655,2500,0.0
p4,pflB,970655,3000,0.0
p4,pflB,970655,3500,0.0
p4,pflB,970655,4000,0.0
p4,pflB,970655,4500,0.0
p4,pflB,970655,5000,0.0
p4,pflB,970655,5500,0.0
p4,pflB,970655,6000,0.0
p4,pflB,970655,6500,0.0
p4,pflB,970655,7000,0.0
p4,pflB,970655,7500,0.0
p4,pflB,970655,8000,0.0
p4,pflB,970655,8500,0.0
p4,pflB,970655,9000,0.0
p4,pflB,970655,9500,0.0
p4,pflB,970655,10000,0.0
p4,pflB,970655,10500,0.0
p4,pflB,970655,11000,0.0
p4,pflB,970655,11500,0.0
p4,pflB,970655,12000,0.0
p4,pflB,970655,12500,0.0
p4,pflB,970655,13000,0.0
p4,pflB,970655,13500,0.0
p4,pflB,970655,14000,0.0
p4,pflB,970655,14500,0.0
p4,pflB,970655,15000,0.0
p4,pflB,970655,15500,0.0
p4,pflB,970655,16000,0.0
p4,pflB,970655,16500,0.0
p4,pflB,970655,17000,0.0
p4,pflB,970655,17500,0.0
p4,pflB,970655,18000,0.0
p4,pflB,970655,18500,0.0
p4,pflB,970655,19000,0.0
p4,pflB,970655,19500,0.0
p4,pflB,970655,20000,0.0
p4,pflB,970655,20500,0.0
p4,pflB,970655,21000,0.0
p4,pflB,970655,21500,0.0
p4,pflB,970655,22000,0.0
p4,pflB,970655,22500,0.0
p4,pflB,970655,23000,0.0
p4,pflB,970655,23500,0.0
p4,pflB,970655,24000,0.0
p4,pflB,970655,24500,0.0
p4,pflB,970655,25000,0.0
p4,pflB,970655,25500,0.0
p4,pflB,970655,26000,0.0
p4,pflB,970655,26500,0.0
p4,pflB,970655,27000,0.0
p4,pflB,970655,27500,0.0
p4,pflB,970655,28000,0.0
p4,pflB,970655,28500,0.0
p4,pflB,970655,29000,0.0
p4,pflB,970655,29500,0.0
p4,pflB,970655,30000,0.0
p4,pflB,970655,30500,0.0
p4,pflB,970655,31000,0.0
p4,pflB,970655,31500,0.0
p4,pflB,970655,32000,0.0
p4,pflB,970655,32500,0.0
p4,pflB,970655,33000,0.0
p4,pflB,970655,33500,0.0
p4,pflB,970655,34000,0.0
p4,pflB,970655,34500,0.0
p4,pflB,970655,35000,0.026
p4,pflB,970655,35500,0.065
p4,pflB,970655,36000,0.124
p4,pflB,970655,36500,0.178
p4,pflB,970655,37000,0.271
p4,pflB,970655,37500,0.64
p4,pflB,970655,38000,0.644
p4,pflB,970655,38500,0.877
p4,pflB,970655,39000,0.795
p4,pflB,970655,39500,0.869
p4,pflB,970655,40000,0.907
p4,pflB,970655,40500,0.888
p4,pflB,970655,41000,0.941
p4,pflB,970655,41500,0.875
p4,pflB,970655,42000,0.933
p4,pflB,970655,42500,0.882
p4,pflB,970655,43000,0.857
p4,pflB,970655,43500,0.333
p4,pflB,970655,44000,1.0
p4,pflB,970655,44500,0.938
p4,pflB,970655,45000,0.962
p4,pflB,970655,45500,1.0
p4,pflB,970655,46000,0.963
p4,pflB,970655,46500,0.892
p4,pflB,970655,47000,0.932
p4,pflB,970655,47500,0.909
p4,pflB,970655,48000,0.887
p4,pflB,970655,48500,0.95
p4,pflB,970655,49000,0.907
p4,pflB,970655,49500,1.0
p4,pflB,970655,50000,1.0
p4,pflB,970655,50500,0.933
p4,pflB,970655,51000,0.912
p4,pflB,970655,51500,0.935
p4,pflB,970655,52000,0.894
p4,pflB,970655,52500,0.956
p4,pflB,970655,53000,0.964
p4,pflB,970655,53500,0.899
p4,pflB,970655,54000,0.901
p4,pflB,970655,54500,0.911
p4,pflB,970655,55000,0.928
p4,pflB,970655,55500,0.947
p4,pflB,970655,56000,0.942
p4,pflB,970655,56500,0.913
p4,pflB,970655,57000,0.949
p4,pflB,970655,57500,0.962
p4,pflB,970655,58000,0.91
p4,pflB,970655,58500,0.875
p4,pflB,970655,59000,0.938
p4,pflB,970655,59500,0.892
p4,pflB,970655,60000,0.915
p4,intergenic,1004506,0,0.0
p4,intergenic,1004506,500,0.0
p4,intergenic,1004506,1000,0.0
p4,intergenic,1004506,1500,0.0
p4,intergenic,1004506,2000,0.0
p4,intergenic,1004506,2500,0.0
p4,intergenic,1004506,3000,0.0
p4,intergenic,1004506,3500,0.0
p4,intergenic,1004506,4000,0.0
p4,intergenic,1004506,4500,0.0
p4,intergenic,1004506,5000,0.0
p4,intergenic,1004506,5500,0.0
p4,intergenic,1004506,6000,0.0
p4,intergenic,1004506,6500,0.0
p4,intergenic,1004506,7000,0.0
p4,intergenic,1004506,7500,0.0
p4,intergenic,1004506,8000,0.0
p4,intergenic,1004506,8500,0.0
p4,intergenic,1004506,9000,0.0
p4,intergenic,1004506,9500,0.0
p4,intergenic,1004506,10000,0.0
p4,intergenic,1004506,10500,0.0
p4,intergenic,1004506,11000,0.0
p4,intergenic,1004506,11500,0.0
p4,intergenic,1004506,12000,0.0
p4,intergenic,1004506,12500,0.0
p4,intergenic,1004506,13000,0.0
p4,intergenic,1004506,13500,0.0
p4,intergenic,1004506,14000,0.0
p4,intergenic,1004506,14500,0.0
p4,intergenic,1004506,15000,0.0
p4,intergenic,1004506,15500,0.0
p4,intergenic,1004506,16000,0.0
p4,intergenic,1004506,16500,0.0
p4,intergenic,1004506,17000,0.0
p4,intergenic,1004506,17500,0.0
p4,intergenic,1004506,18000,0.0
p4,intergenic,1004506,18500,0.0
p4,intergenic,1004506,19000,0.0
p4,intergenic,1004506,19500,0.0
p4,intergenic,1004506,20000,0.0
p4,intergenic,1004506,20500,0.0
p4,intergenic,1004506,21000,0.0
p4,intergenic,1004506,21500,0.0
p4,intergenic,1004506,22000,0.0
p4,intergenic,1004506,22500,0.0
p4,intergenic,1004506,23000,0.0
p4,intergenic,1004506,23500,0.0
p4,intergenic,1004506,24000,0.0
p4,intergenic,1004506,24500,0.0
p4,intergenic,1004506,25000,0.0
p4,intergenic,1004506,25500,0.0
p4,intergenic,1004506,26000,0.0
p4,intergenic,1004506,26500,0.0
p4,intergenic,1004506,27000,0.0
p4,intergenic,1004506,27500,0.0
p4,intergenic,1004506,28000,0.0
p4,intergenic,1004506,28500,0.0
p4,intergenic,1004506,29000,0.0
p4,intergenic,1004506,29500,0.0
p4,intergenic,1004506,30000,0.0
p4,intergenic,1004506,30500,0.0
p4,intergenic,1004506,31000,0.0
p4,intergenic,1004506,31500,0.0
p4,intergenic,1004506,32000,0.0
p4,intergenic,1004506,32500,0.0
p4,intergenic,1004506,33000,0.0
p4,intergenic,1004506,33500,0.0
p4,intergenic,1004506,34000,0.0
p4,intergenic,1004506,34500,0.0
p4,intergenic,1004506,35000,0.0
p4,intergenic,1004506,35500,0.0
p4,intergenic,1004506,36000,0.0
p4,intergenic,1004506,36500,0.0
p4,intergenic,1004506,37000,0.0
p4,intergenic,1004506,37500,0.0
p4,intergenic,1004506,38000,0.0
p4,intergenic,1004506,38500,0.0
p4,intergenic,1004506,39000,0.0
p4,intergenic,1004506,39500,0.0
p4,intergenic,1004506,40000,0.0
p4,intergenic,1004506,40500,0.0
p4,intergenic,1004506,41000,0.0
p4,intergenic,1004506,41500,0.0
p4,intergenic,1004506,42000,0.0
p4,intergenic,1004506,42500,0.0
p4,intergenic,1004506,43000,0.0
p4,intergenic,1004506,44000,0.0
p4,intergenic,1004506,44500,1.0
p4,intergenic,1004506,45000,0.6
p4,intergenic,1004506,45500,0.5
p4,intergenic,1004506,46000,1.0
p4,intergenic,1004506,46500,0.667
p4,intergenic,1004506,47000,1.0
p4,intergenic,1004506,47500,1.0
p4,intergenic,1004506,48000,0.914
p4,intergenic,1004506,48500,0.75
p4,intergenic,1004506,49000,0.933
p4,intergenic,1004506,50000,1.0
p4,intergenic,1004506,50500,1.0
p4,intergenic,1004506,51000,1.0
p4,intergenic,1004506,51500,1.0
p4,intergenic,1004506,52000,1.0
p4,intergenic,1004506,52500,1.0
p4,intergenic,1004506,53000,1.0
p4,intergenic,1004506,53500,1.0
p4,intergenic,1004506,54000,1.0
p4,intergenic,1004506,54500,1.0
p4,intergenic,1004506,55000,1.0
p4,intergenic,1004506,55500,1.0
p4,intergenic,1004506,56000,1.0
p4,intergenic,1004506,56500,1.0
p4,intergenic,1004506,57000,1.0
p4,intergenic,1004506,57500,1.0
p4,intergenic,1004506,58000,1.0
p4,intergenic,1004506,58500,1.0
p4,intergenic,1004506,59000,1.0
p4,intergenic,1004506,59500,1.0
p4,intergenic,1004506,60000,0.956
p4,yceK,1128109,0,0.0
p4,yceK,1128109,500,0.0
p4,yceK,1128109,1000,0.0
p4,yceK,1128109,1500,0.0
p4,yceK,1128109,2000,0.0
p4,yceK,1128109,2500,0.0
p4,yceK,1128109,3000,0.0
p4,yceK,1128109,3500,0.0
p4,yceK,1128109,4000,0.0
p4,yceK,1128109,4500,0.0
p4,yceK,1128109,5000,0.0
p4,yceK,1128109,5500,0.0
p4,yceK,1128109,6000,0.0
p4,yceK,1128109,6500,0.008
p4,yceK,1128109,7000,0.194
p4,yceK,1128109,7500,0.065
p4,yceK,1128109,8000,0.027
p4,yceK,1128109,8500,0.222
p4,yceK,1128109,9000,0.672
p4,yceK,1128109,9500,0.84
p4,yceK,1128109,10000,0.857
p4,yceK,1128109,10500,0.774
p4,yceK,1128109,11000,0.721
p4,yceK,1128109,11500,0.886
p4,yceK,1128109,12000,0.929
p4,yceK,1128109,12500,0.96
p4,yceK,1128109,13000,0.774
p4,yceK,1128109,13500,0.979
p4,yceK,1128109,14000,0.944
p4,yceK,1128109,14500,0.957
p4,yceK,1128109,15000,0.921
p4,yceK,1128109,15500,0.971
p4,yceK,1128109,16000,0.966
p4,yceK,1128109,16500,0.978
p4,yceK,1128109,17000,0.966
p4,yceK,1128109,17500,0.978
p4,yceK,1128109,18000,0.98
p4,yceK,1128109,18500,0.979
p4,yceK,1128109,19000,0.984
p4,yceK,1128109,19500,0.924
p4,yceK,1128109,20000,0.973
p4,yceK,1128109,20500,0.947
p4,yceK,1128109,21000,0.986
p4,yceK,1128109,21500,0.976
p4,yceK,1128109,22000,0.95
p4,yceK,1128109,22500,0.961
p4,yceK,1128109,23000,0.966
p4,yceK,1128109,23500,0.964
p4,yceK,1128109,24000,0.986
p4,yceK,1128109,24500,0.943
p4,yceK,1128109,25000,0.959
p4,yceK,1128109,25500,0.98
p4,yceK,1128109,26000,0.971
p4,yceK,1128109,26500,0.966
p4,yceK,1128109,27000,0.967
p4,yceK,1128109,27500,0.969
p4,yceK,1128109,28000,1.0
p4,yceK,1128109,28500,1.0
p4,yceK,1128109,29000,0.989
p4,yceK,1128109,29500,1.0
p4,yceK,1128109,30000,0.969
p4,yceK,1128109,30500,0.957
p4,yceK,1128109,31000,0.966
p4,yceK,1128109,31500,0.978
p4,yceK,1128109,32000,0.962
p4,yceK,1128109,32500,0.978
p4,yceK,1128109,33000,0.984
p4,yceK,1128109,33500,0.988
p4,yceK,1128109,34000,0.985
p4,yceK,1128109,34500,0.976
p4,yceK,1128109,35000,0.946
p4,yceK,1128109,35500,0.965
p4,yceK,1128109,36000,0.984
p4,yceK,1128109,36500,0.974
p4,yceK,1128109,37000,0.994
p4,yceK,1128109,37500,0.951
p4,yceK,1128109,38000,1.0
p4,yceK,1128109,38500,0.933
p4,yceK,1128109,39000,0.99
p4,yceK,1128109,39500,0.977
p4,yceK,1128109,40000,0.978
p4,yceK,1128109,40500,0.985
p4,yceK,1128109,41000,1.0
p4,yceK,1128109,41500,0.903
p4,yceK,1128109,42000,1.0
p4,yceK,1128109,42500,1.0
p4,yceK,1128109,43000,1.0
p4,yceK,1128109,43500,1.0
p4,yceK,1128109,44000,1.0
p4,yceK,1128109,44500,0.955
p4,yceK,1128109,45000,0.938
p4,yceK,1128109,45500,0.875
p4,yceK,1128109,46000,1.0
p4,yceK,1128109,46500,1.0
p4,yceK,1128109,47000,0.933
p4,yceK,1128109,47500,1.0
p4,yceK,1128109,48000,0.952
p4,yceK,1128109,48500,1.0
p4,yceK,1128109,49000,0.947
p4,yceK,1128109,49500,0.929
p4,yceK,1128109,50000,0.889
p4,yceK,1128109,50500,1.0
p4,yceK,1128109,51000,0.979
p4,yceK,1128109,51500,0.923
p4,yceK,1128109,52000,0.964
p4,yceK,1128109,52500,1.0
p4,yceK,1128109,53000,0.952
p4,yceK,1128109,53500,0.969
p4,yceK,1128109,54000,0.975
p4,yceK,1128109,54500,0.969
p4,yceK,1128109,55000,0.967
p4,yceK,1128109,55500,0.984
p4,yceK,1128109,56000,0.982
p4,yceK,1128109,56500,0.983
p4,yceK,1128109,57000,0.975
p4,yceK,1128109,57500,0.8
p4,yceK,1128109,58000,0.977
p4,yceK,1128109,58500,0.857
p4,yceK,1128109,59000,0.98
p4,yceK,1128109,59500,0.977
p4,yceK,1128109,60000,0.983
p4,intergenic,1349557,0,0.0
p4,intergenic,1349557,500,0.006
p4,intergenic,1349557,1000,0.0
p4,intergenic,1349557,1500,0.0
p4,intergenic,1349557,2000,0.0
p4,intergenic,1349557,2500,0.016
p4,intergenic,1349557,3000,0.0
p4,intergenic,1349557,3500,0.0
p4,intergenic,1349557,4000,0.0
p4,intergenic,1349557,4500,0.0
p4,intergenic,1349557,5000,0.0
p4,intergenic,1349557,5500,0.0
p4,intergenic,1349557,6000,0.008
p4,intergenic,1349557,6500,0.0
p4,intergenic,1349557,7000,0.0
p4,intergenic,1349557,7500,0.0
p4,intergenic,1349557,8000,0.0
p4,intergenic,1349557,8500,0.0
p4,intergenic,1349557,9000,0.469
p4,intergenic,1349557,9500,0.768
p4,intergenic,1349557,10000,0.827
p4,intergenic,1349557,10500,0.742
p4,intergenic,1349557,11000,0.557
p4,intergenic,1349557,11500,0.901
p4,intergenic,1349557,12000,0.952
p4,intergenic,1349557,12500,0.962
p4,intergenic,1349557,13000,0.91
p4,intergenic,1349557,13500,0.985
p4,intergenic,1349557,14000,0.904
p4,intergenic,1349557,14500,0.914
p4,intergenic,1349557,15000,0.96
p4,intergenic,1349557,15500,0.972
p4,intergenic,1349557,16000,1.0
p4,intergenic,1349557,16500,1.0
p4,intergenic,1349557,17000,1.0
p4,intergenic,1349557,17500,1.0
p4,intergenic,1349557,18000,1.0
p4,intergenic,1349557,18500,1.0
p4,intergenic,1349557,19000,1.0
p4,intergenic,1349557,19500,1.0
p4,intergenic,1349557,20000,1.0
p4,intergenic,1349557,20500,0.991
p4,intergenic,1349557,21000,1.0
p4,intergenic,1349557,21500,1.0
p4,intergenic,1349557,22000,1.0
p4,intergenic,1349557,22500,1.0
p4,intergenic,1349557,23000,1.0
p4,intergenic,1349557,23500,1.0
p4,intergenic,1349557,24000,1.0
p4,intergenic,1349557,24500,1.0
p4,intergenic,1349557,25000,1.0
p4,intergenic,1349557,25500,1.0
p4,intergenic,1349557,26000,1.0
p4,intergenic,1349557,26500,1.0
p4,intergenic,1349557,27000,1.0
p4,intergenic,1349557,27500,1.0
p4,intergenic,1349557,28000,1.0
p4,intergenic,1349557,28500,1.0
p4,intergenic,1349557,29000,1.0
p4,intergenic,1349557,29500,1.0
p4,intergenic,1349557,30000,1.0
p4,intergenic,1349557,30500,1.0
p4,intergenic,1349557,31000,1.0
p4,intergenic,1349557,31500,1.0
p4,intergenic,1349557,32000,1.0
p4,intergenic,1349557,32500,1.0
p4,intergenic,1349557,33000,1.0
p4,intergenic,1349557,33500,0.993
p4,intergenic,1349557,34000,1.0
p4,intergenic,1349557,34500,1.0
p4,intergenic,1349557,35000,1.0
p4,intergenic,1349557,35500,1.0
p4,intergenic,1349557,36000,1.0
p4,intergenic,1349557,36500,1.0
p4,intergenic,1349557,37000,1.0
p4,intergenic,1349557,37500,1.0
p4,intergenic,1349557,38000,1.0
p4,intergenic,1349557,38500,1.0
p4,intergenic,1349557,39000,1.0
p4,intergenic,1349557,39500,1.0
p4,intergenic,1349557,40000,0.979
p4,intergenic,1349557,40500,1.0
p4,intergenic,1349557,41000,1.0
p4,intergenic,1349557,41500,1.0
p4,intergenic,1349557,42000,1.0
p4,intergenic,1349557,42500,1.0
p4,intergenic,1349557,43000,1.0
p4,intergenic,1349557,43500,1.0
p4,intergenic,1349557,44000,1.0
p4,intergenic,1349557,44500,1.0
p4,intergenic,1349557,45000,1.0
p4,intergenic,1349557,45500,1.0
p4,intergenic,1349557,46000,1.0
p4,intergenic,1349557,46500,1.0
p4,intergenic,1349557,47000,1.0
p4,intergenic,1349557,47500,1.0
p4,intergenic,1349557,48000,0.992
p4,intergenic,1349557,48500,1.0
p4,intergenic,1349557,49000,1.0
p4,intergenic,1349557,49500,1.0
p4,intergenic,1349557,50000,1.0
p4,intergenic,1349557,50500,1.0
p4,intergenic,1349557,51000,1.0
p4,intergenic,1349557,51500,1.0
p4,intergenic,1349557,52000,1.0
p4,intergenic,1349557,52500,1.0
p4,intergenic,1349557,53000,1.0
p4,intergenic,1349557,53500,1.0
p4,intergenic,1349557,54000,1.0
p4,intergenic,1349557,54500,1.0
p4,intergenic,1349557,55000,1.0
p4,intergenic,1349557,55500,1.0
p4,intergenic,1349557,56000,1.0
p4,intergenic,1349557,56500,1.0
p4,intergenic,1349557,57000,1.0
p4,intergenic,1349557,57500,1.0
p4,intergenic,1349557,58000,1.0
p4,intergenic,1349557,58500,1.0
p4,intergenic,1349557,59000,1.0
p4,intergenic,1349557,59500,1.0
p4,intergenic,1349557,60000,1.0
p4,sapF,1350714,0,0.0
p4,sapF,1350714,500,0.0
p4,sapF,1350714,1000,0.0
p4,sapF,1350714,1500,0.0
p4,sapF,1350714,2000,0.0
p4,sapF,1350714,2500,0.0
p4,sapF,1350714,3000,0.0
p4,sapF,1350714,3500,0.0
p4,sapF,1350714,4000,0.0
p4,sapF,1350714,4500,0.0
p4,sapF,1350714,5000,0.0
p4,sapF,1350714,5500,0.0
p4,sapF,1350714,6000,0.0
p4,sapF,1350714,6500,0.026
p4,sapF,1350714,7000,0.18
p4,sapF,1350714,7500,0.024
p4,sapF,1350714,8000,0.034
p4,sapF,1350714,8500,0.109
p4,sapF,1350714,9000,0.439
p4,sapF,1350714,9500,0.7
p4,sapF,1350714,10000,0.811
p4,sapF,1350714,10500,0.795
p4,sapF,1350714,11000,0.655
p4,sapF,1350714,11500,0.889
p4,sapF,1350714,12000,0.953
p4,sapF,1350714,12500,0.915
p4,sapF,1350714,13000,0.893
p4,sapF,1350714,13500,1.0
p4,sapF,1350714,14000,0.893
p4,sapF,1350714,14500,0.943
p4,sapF,1350714,15000,0.895
p4,sapF,1350714,15500,0.957
p4,sapF,1350714,16000,1.0
p4,sapF,1350714,16500,1.0
p4,sapF,1350714,17000,1.0
p4,sapF,1350714,17500,1.0
p4,sapF,1350714,18000,1.0
p4,sapF,1350714,18500,1.0
p4,sapF,1350714,19000,1.0
p4,sapF,1350714,19500,1.0
p4,sapF,1350714,20000,1.0
p4,sapF,1350714,20500,0.988
p4,sapF,1350714,21000,1.0
p4,sapF,1350714,21500,1.0
p4,sapF,1350714,22000,1.0
p4,sapF,1350714,22500,1.0
p4,sapF,1350714,23000,1.0
p4,sapF,1350714,23500,1.0
p4,sapF,1350714,24000,1.0
p4,sapF,1350714,24500,1.0
p4,sapF,1350714,25000,1.0
p4,sapF,1350714,25500,1.0
p4,sapF,1350714,26000,1.0
p4,sapF,1350714,26500,1.0
p4,sapF,1350714,27000,1.0
p4,sapF,1350714,27500,0.975
p4,sapF,1350714,28000,1.0
p4,sapF,1350714,28500,1.0
p4,sapF,1350714,29000,1.0
p4,sapF,1350714,29500,1.0
p4,sapF,1350714,30000,1.0
p4,sapF,1350714,30500,1.0
p4,sapF,1350714,31000,1.0
p4,sapF,1350714,31500,1.0
p4,sapF,1350714,32000,1.0
p4,sapF,1350714,32500,1.0
p4,sapF,1350714,33000,1.0
p4,sapF,1350714,33500,1.0
p4,sapF,1350714,34000,1.0
p4,sapF,1350714,34500,1.0
p4,sapF,1350714,35000,1.0
p4,sapF,1350714,35500,1.0
p4,sapF,1350714,36000,1.0
p4,sapF,1350714,36500,1.0
p4,sapF,1350714,37000,1.0
p4,sapF,1350714,37500,1.0
p4,sapF,1350714,38000,1.0
p4,sapF,1350714,38500,1.0
p4,sapF,1350714,39000,1.0
p4,sapF,1350714,39500,1.0
p4,sapF,1350714,40000,1.0
p4,sapF,1350714,40500,1.0
p4,sapF,1350714,41000,1.0
p4,sapF,1350714,41500,1.0
p4,sapF,1350714,42000,1.0
p4,sapF,1350714,42500,1.0
p4,sapF,1350714,43000,1.0
p4,sapF,1350714,44000,1.0
p4,sapF,1350714,44500,1.0
p4,sapF,1350714,45000,1.0
p4,sapF,1350714,45500,1.0
p4,sapF,1350714,46000,1.0
p4,sapF,1350714,46500,1.0
p4,sapF,1350714,47000,1.0
p4,sapF,1350714,47500,1.0
p4,sapF,1350714,48000,0.974
p4,sapF,1350714,48500,1.0
p4,sapF,1350714,49000,1.0
p4,sapF,1350714,49500,1.0
p4,sapF,1350714,50000,1.0
p4,sapF,1350714,50500,1.0
p4,sapF,1350714,51000,0.987
p4,sapF,1350714,51500,1.0
p4,sapF,1350714,52000,0.989
p4,sapF,1350714,52500,1.0
p4,sapF,1350714,53000,1.0
p4,sapF,1350714,53500,1.0
p4,sapF,1350714,54000,1.0
p4,sapF,1350714,54500,1.0
p4,sapF,1350714,55000,1.0
p4,sapF,1350714,55500,1.0
p4,sapF,1350714,56000,1.0
p4,sapF,1350714,56500,1.0
p4,sapF,1350714,57000,1.0
p4,sapF,1350714,57500,1.0
p4,sapF,1350714,58000,1.0
p4,sapF,1350714,58500,1.0
p4,sapF,1350714,59000,1.0
p4,sapF,1350714,59500,1.0
p4,sapF,1350714,60000,1.0
p4,mppA,1392286,0,0.0
p4,mppA,1392286,500,0.0
p4,mppA,1392286,1000,0.0
p4,mppA,1392286,1500,0.0
p4,mppA,1392286,2000,0.0
p4,mppA,1392286,2500,0.0
p4,mppA,1392286,3000,0.0
p4,mppA,1392286,3500,0.0
p4,mppA,1392286,4000,0.0
p4,mppA,1392286,4500,0.0
p4,mppA,1392286,5000,0.0
p4,mppA,1392286,5500,0.0
p4,mppA,1392286,6000,0.013
p4,mppA,1392286,6500,0.0
p4,mppA,1392286,7000,0.028
p4,mppA,1392286,7500,0.0
p4,mppA,1392286,8000,0.026
p4,mppA,1392286,8500,0.0
p4,mppA,1392286,9000,0.0
p4,mppA,1392286,9500,0.0
p4,mppA,1392286,10000,0.0
p4,mppA,1392286,10500,0.0
p4,mppA,1392286,11000,0.0
p4,mppA,1392286,11500,0.014
p4,mppA,1392286,12000,0.0
p4,mppA,1392286,12500,0.0
p4,mppA,1392286,13000,0.0
p4,mppA,1392286,13500,0.0
p4,mppA,1392286,14000,0.0
p4,mppA,1392286,14500,0.0
p4,mppA,1392286,15000,0.0
p4,mppA,1392286,15500,0.0
p4,mppA,1392286,16000,0.0
p4,mppA,1392286,16500,0.0
p4,mppA,1392286,17000,0.0
p4,mppA,1392286,17500,0.0
p4,mppA,1392286,18000,0.0
p4,mppA,1392286,18500,0.0
p4,mppA,1392286,19000,0.0
p4,mppA,1392286,19500,0.0
p4,mppA,1392286,20000,0.109
p4,mppA,1392286,20500,0.223
p4,mppA,1392286,21000,0.7
p4,mppA,1392286,21500,1.0
p4,mppA,1392286,22000,0.934
p4,mppA,1392286,22500,0.396
p4,mppA,1392286,23000,0.047
p4,mppA,1392286,23500,0.038
p4,mppA,1392286,24000,0.089
p4,mppA,1392286,24500,0.018
p4,mppA,1392286,25000,0.0
p4,mppA,1392286,25500,0.032
p4,mppA,1392286,26000,0.016
p4,mppA,1392286,26500,0.013
p4,mppA,1392286,27000,0.013
p4,mppA,1392286,27500,0.038
p4,mppA,1392286,28000,0.0
p4,mppA,1392286,28500,0.0
p4,mppA,1392286,29000,0.0
p4,mppA,1392286,29500,0.0
p4,mppA,1392286,30000,0.0
p4,mppA,1392286,30500,0.0
p4,mppA,1392286,31000,0.0
p4,mppA,1392286,31500,0.0
p4,mppA,1392286,32000,0.0
p4,mppA,1392286,32500,0.0
p4,mppA,1392286,33000,0.0
p4,mppA,1392286,33500,0.0
p4,mppA,1392286,34000,0.0
p4,mppA,1392286,34500,0.0
p4,mppA,1392286,35000,0.0
p4,mppA,1392286,35500,0.0
p4,mppA,1392286,36000,0.0
p4,mppA,1392286,36500,0.0
p4,mppA,1392286,37000,0.0
p4,mppA,1392286,37500,0.0
p4,mppA,1392286,38000,0.0
p4,mppA,1392286,38500,0.0
p4,mppA,1392286,39000,0.0
p4,mppA,1392286,39500,0.0
p4,mppA,1392286,40000,0.0
p4,mppA,1392286,40500,0.0
p4,mppA,1392286,41000,0.0
p4,mppA,1392286,41500,0.0
p4,mppA,1392286,42000,0.0
p4,mppA,1392286,42500,0.0
p4,mppA,1392286,43000,0.0
p4,mppA,1392286,43500,0.0
p4,mppA,1392286,44000,0.0
p4,mppA,1392286,44500,0.0
p4,mppA,1392286,45000,0.0
p4,mppA,1392286,45500,0.0
p4,mppA,1392286,46000,0.0
p4,mppA,1392286,46500,0.0
p4,mppA,1392286,47000,0.0
p4,mppA,1392286,47500,0.0
p4,mppA,1392286,48000,0.0
p4,mppA,1392286,48500,0.0
p4,mppA,1392286,49000,0.0
p4,mppA,1392286,49500,0.0
p4,mppA,1392286,50500,0.0
p4,mppA,1392286,51000,0.0
p4,mppA,1392286,51500,0.0
p4,mppA,1392286,52000,0.0
p4,mppA,1392286,52500,0.0
p4,mppA,1392286,53000,0.0
p4,mppA,1392286,53500,0.0
p4,mppA,1392286,54000,0.0
p4,mppA,1392286,54500,0.0
p4,mppA,1392286,55000,0.0
p4,mppA,1392286,55500,0.0
p4,mppA,1392286,56000,0.0
p4,mppA,1392286,56500,0.0
p4,mppA,1392286,57000,0.0
p4,mppA,1392286,57500,0.0
p4,mppA,1392286,58000,0.0
p4,mppA,1392286,58500,0.0
p4,mppA,1392286,59000,0.0
p4,mppA,1392286,59500,0.0
p4,mppA,1392286,60000,0.0
p4,intR,1410391,0,0.0
p4,intR,1410391,500,0.0
p4,intR,1410391,1000,0.0
p4,intR,1410391,1500,0.0
p4,intR,1410391,2000,0.0
p4,intR,1410391,2500,0.0
p4,intR,1410391,3000,0.0
p4,intR,1410391,3500,0.0
p4,intR,1410391,4000,0.0
p4,intR,1410391,4500,0.0
p4,intR,1410391,5000,0.0
p4,intR,1410391,5500,0.0
p4,intR,1410391,6000,0.0
p4,intR,1410391,6500,0.0
p4,intR,1410391,7000,0.0
p4,intR,1410391,7500,0.0
p4,intR,1410391,8000,0.018
p4,intR,1410391,8500,0.0
p4,intR,1410391,9000,0.0
p4,intR,1410391,9500,0.0
p4,intR,1410391,10000,0.0
p4,intR,1410391,10500,0.0
p4,intR,1410391,11000,0.0
p4,intR,1410391,11500,0.0
p4,intR,1410391,12000,0.0
p4,intR,1410391,12500,0.0
p4,intR,1410391,13000,0.0
p4,intR,1410391,13500,0.0
p4,intR,1410391,14000,0.0
p4,intR,1410391,14500,0.0
p4,intR,1410391,15000,0.0
p4,intR,1410391,15500,0.0
p4,intR,1410391,16000,0.0
p4,intR,1410391,16500,0.0
p4,intR,1410391,17000,0.0
p4,intR,1410391,17500,0.0
p4,intR,1410391,18000,0.0
p4,intR,1410391,18500,0.0
p4,intR,1410391,19000,0.0
p4,intR,1410391,19500,0.0
p4,intR,1410391,20000,0.0
p4,intR,1410391,20500,0.0
p4,intR,1410391,21000,0.0
p4,intR,1410391,21500,0.0
p4,intR,1410391,22000,0.0
p4,intR,1410391,22500,0.0
p4,intR,1410391,23000,0.0
p4,intR,1410391,23500,0.0
p4,intR,1410391,24000,0.0
p4,intR,1410391,24500,0.0
p4,intR,1410391,25000,0.0
p4,intR,1410391,25500,0.0
p4,intR,1410391,26000,0.009
p4,intR,1410391,26500,0.0
p4,intR,1410391,27000,0.0
p4,intR,1410391,27500,0.0
p4,intR,1410391,28000,0.0
p4,intR,1410391,28500,0.0
p4,intR,1410391,29000,0.0
p4,intR,1410391,29500,0.0
p4,intR,1410391,30000,0.0
p4,intR,1410391,30500,0.0
p4,intR,1410391,31000,0.0
p4,intR,1410391,31500,0.0
p4,intR,1410391,32000,0.0
p4,intR,1410391,32500,0.0
p4,intR,1410391,33000,0.0
p4,intR,1410391,33500,0.0
p4,intR,1410391,34000,0.0
p4,intR,1410391,34500,0.0
p4,intR,1410391,35000,0.0
p4,intR,1410391,35500,0.0
p4,intR,1410391,36000,0.0
p4,intR,1410391,36500,0.0
p4,intR,1410391,37000,0.0
p4,intR,1410391,37500,0.0
p4,intR,1410391,38000,0.0
p4,intR,1410391,38500,0.0
p4,intR,1410391,39000,0.0
p4,intR,1410391,39500,0.0
p4,intR,1410391,40000,0.0
p4,intR,1410391,40500,0.0
p4,intR,1410391,41000,0.0
p4,intR,1410391,41500,0.0
p4,intR,1410391,42000,0.0
p4,intR,1410391,42500,0.0
p4,intR,1410391,43000,0.0
p4,intR,1410391,44000,0.0
p4,intR,1410391,44500,0.0
p4,intR,1410391,45000,0.0
p4,intR,1410391,45500,0.0
p4,intR,1410391,46000,0.0
p4,intR,1410391,46500,0.0
p4,intR,1410391,47000,0.0
p4,intR,1410391,47500,0.0
p4,intR,1410391,48000,0.0
p4,intR,1410391,48500,0.0
p4,intR,1410391,49000,0.0
p4,intR,1410391,49500,0.0
p4,intR,1410391,50000,0.0
p4,intR,1410391,50500,0.0
p4,intR,1410391,51000,0.0
p4,intR,1410391,51500,0.0
p4,intR,1410391,52000,0.0
p4,intR,1410391,52500,0.0
p4,intR,1410391,53000,0.0
p4,intR,1410391,53500,0.078
p4,intR,1410391,54000,0.664
p4,intR,1410391,54500,0.882
p4,intR,1410391,55000,0.88
p4,intR,1410391,55500,0.974
p4,intR,1410391,56000,1.0
p4,intR,1410391,56500,1.0
p4,intR,1410391,57000,0.992
p4,intR,1410391,57500,1.0
p4,intR,1410391,58000,1.0
p4,intR,1410391,58500,1.0
p4,intR,1410391,59000,0.993
p4,intR,1410391,59500,1.0
p4,intR,1410391,60000,1.0
p4,pykF,1733446,0,0.0
p4,pykF,1733446,500,0.667
p4,pykF,1733446,1000,1.0
p4,pykF,1733446,1500,1.0
p4,pykF,1733446,2000,1.0
p4,pykF,1733446,2500,0.967
p4,pykF,1733446,3000,1.0
p4,pykF,1733446,3500,1.0
p4,pykF,1733446,4000,1.0
p4,pykF,1733446,4500,1.0
p4,pykF,1733446,5000,1.0
p4,pykF,1733446,5500,1.0
p4,pykF,1733446,6000,1.0
p4,pykF,1733446,6500,0.991
p4,pykF,1733446,7000,1.0
p4,pykF,1733446,7500,1.0
p4,pykF,1733446,8000,0.982
p4,pykF,1733446,8500,1.0
p4,pykF,1733446,9000,1.0
p4,pykF,1733446,9500,1.0
p4,pykF,1733446,10000,1.0
p4,pykF,1733446,10500,1.0
p4,pykF,1733446,11000,1.0
p4,pykF,1733446,11500,1.0
p4,pykF,1733446,12000,1.0
p4,pykF,1733446,12500,1.0
p4,pykF,1733446,13000,1.0
p4,pykF,1733446,13500,1.0
p4,pykF,1733446,14000,1.0
p4,pykF,1733446,14500,0.991
p4,pykF,1733446,15000,1.0
p4,pykF,1733446,15500,1.0
p4,pykF,1733446,16000,1.0
p4,pykF,1733446,16500,1.0
p4,pykF,1733446,17000,1.0
p4,pykF,1733446,17500,1.0
p4,pykF,1733446,18000,1.0
p4,pykF,1733446,18500,1.0
p4,pykF,1733446,19000,1.0
p4,pykF,1733446,19500,1.0
p4,pykF,1733446,20000,1.0
p4,pykF,1733446,20500,1.0
p4,pykF,1733446,21000,1.0
p4,pykF,1733446,21500,1.0
p4,pykF,1733446,22000,1.0
p4,pykF,1733446,22500,1.0
p4,pykF,1733446,23000,0.964
p4,pykF,1733446,23500,1.0
p4,pykF,1733446,24000,1.0
p4,pykF,1733446,24500,1.0
p4,pykF,1733446,25000,1.0
p4,pykF,1733446,25500,1.0
p4,pykF,1733446,26000,1.0
p4,pykF,1733446,26500,1.0
p4,pykF,1733446,27000,1.0
p4,pykF,1733446,27500,1.0
p4,pykF,1733446,28000,1.0
p4,pykF,1733446,28500,1.0
p4,pykF,1733446,29000,1.0
p4,pykF,1733446,29500,1.0
p4,pykF,1733446,30000,1.0
p4,pykF,1733446,30500,1.0
p4,pykF,1733446,31000,1.0
p4,pykF,1733446,31500,1.0
p4,pykF,1733446,32000,1.0
p4,pykF,1733446,32500,1.0
p4,pykF,1733446,33000,1.0
p4,pykF,1733446,33500,1.0
p4,pykF,1733446,34000,1.0
p4,pykF,1733446,34500,1.0
p4,pykF,1733446,35000,1.0
p4,pykF,1733446,35500,1.0
p4,pykF,1733446,36000,1.0
p4,pykF,1733446,36500,1.0
p4,pykF,1733446,37000,1.0
p4,pykF,1733446,37500,1.0
p4,pykF,1733446,38000,1.0
p4,pykF,1733446,38500,1.0
p4,pykF,1733446,39000,1.0
p4,pykF,1733446,39500,1.0
p4,pykF,1733446,40000,1.0
p4,pykF,1733446,40500,1.0
p4,pykF,1733446,41000,1.0
p4,pykF,1733446,41500,1.0
p4,pykF,1733446,42000,1.0
p4,pykF,1733446,42500,1.0
p4,pykF,1733446,43000,1.0
p4,pykF,1733446,43500,1.0
p4,pykF,1733446,44000,1.0
p4,pykF,1733446,44500,0.929
p4,pykF,1733446,45000,1.0
p4,pykF,1733446,45500,1.0
p4,pykF,1733446,46000,1.0
p4,pykF,1733446,46500,1.0
p4,pykF,1733446,47000,1.0
p4,pykF,1733446,47500,1.0
p4,pykF,1733446,48000,1.0
p4,pykF,1733446,48500,1.0
p4,pykF,1733446,49000,1.0
p4,pykF,1733446,49500,1.0
p4,pykF,1733446,50000,1.0
p4,pykF,1733446,50500,1.0
p4,pykF,1733446,51000,1.0
p4,pykF,1733446,51500,1.0
p4,pykF,1733446,52000,0.973
p4,pykF,1733446,52500,0.944
p4,pykF,1733446,53000,1.0
p4,pykF,1733446,53500,1.0
p4,pykF,1733446,54000,1.0
p4,pykF,1733446,54500,1.0
p4,pykF,1733446,55000,1.0
p4,pykF,1733446,55500,1.0
p4,pykF,1733446,56000,1.0
p4,pykF,1733446,56500,1.0
p4,pykF,1733446,57000,0.989
p4,pykF,1733446,57500,1.0
p4,pykF,1733446,58000,1.0
p4,pykF,1733446,58500,1.0
p4,pykF,1733446,59000,1.0
p4,pykF,1733446,59500,1.0
p4,pykF,1733446,60000,1.0
p4,intergenic,1741776,0,0.0
p4,intergenic,1741776,500,0.0
p4,intergenic,1741776,1000,0.0
p4,intergenic,1741776,1500,0.0
p4,intergenic,1741776,2000,0.0
p4,intergenic,1741776,2500,0.0
p4,intergenic,1741776,3000,0.0
p4,intergenic,1741776,3500,0.0
p4,intergenic,1741776,4000,0.0
p4,intergenic,1741776,4500,0.007
p4,intergenic,1741776,5000,0.0
p4,intergenic,1741776,5500,0.0
p4,intergenic,1741776,6000,0.0
p4,intergenic,1741776,6500,0.0
p4,intergenic,1741776,7000,0.007
p4,intergenic,1741776,7500,0.0
p4,intergenic,1741776,8000,0.0
p4,intergenic,1741776,8500,0.0
p4,intergenic,1741776,9000,0.0
p4,intergenic,1741776,9500,0.0
p4,intergenic,1741776,10000,0.0
p4,intergenic,1741776,10500,0.0
p4,intergenic,1741776,11000,0.0
p4,intergenic,1741776,11500,0.013
p4,intergenic,1741776,12000,0.0
p4,intergenic,1741776,12500,0.0
p4,intergenic,1741776,13000,0.0
p4,intergenic,1741776,13500,0.0
p4,intergenic,1741776,14000,0.0
p4,intergenic,1741776,14500,0.0
p4,intergenic,1741776,15000,0.0
p4,intergenic,1741776,15500,0.0
p4,intergenic,1741776,16000,0.0
p4,intergenic,1741776,16500,0.0
p4,intergenic,1741776,17000,0.0
p4,intergenic,1741776,17500,0.0
p4,intergenic,1741776,18000,0.0
p4,intergenic,1741776,18500,0.0
p4,intergenic,1741776,19000,0.0
p4,intergenic,1741776,19500,0.0
p4,intergenic,1741776,20000,0.0
p4,intergenic,1741776,20500,0.0
p4,intergenic,1741776,21000,0.0
p4,intergenic,1741776,21500,0.0
p4,intergenic,1741776,22000,0.0
p4,intergenic,1741776,22500,0.0
p4,intergenic,1741776,23000,0.0
p4,intergenic,1741776,23500,0.0
p4,intergenic,1741776,24000,0.0
p4,intergenic,1741776,24500,0.0
p4,intergenic,1741776,25000,0.0
p4,intergenic,1741776,25500,0.0
p4,intergenic,1741776,26000,0.0
p4,intergenic,1741776,26500,0.0
p4,intergenic,1741776,27000,0.0
p4,intergenic,1741776,27500,0.0
p4,intergenic,1741776,28000,0.0
p4,intergenic,1741776,28500,0.0
p4,intergenic,1741776,29000,0.03
p4,intergenic,1741776,29500,0.079
p4,intergenic,1741776,30000,0.387
p4,intergenic,1741776,30500,0.48
p4,intergenic,1741776,31000,0.597
p4,intergenic,1741776,31500,0.686
p4,intergenic,1741776,32000,0.8
p4,intergenic,1741776,32500,0.844
p4,intergenic,1741776,33000,0.855
p4,intergenic,1741776,33500,0.836
p4,intergenic,1741776,34000,0.906
p4,intergenic,1741776,34500,0.917
p4,intergenic,1741776,35000,1.0
p4,intergenic,1741776,35500,1.0
p4,intergenic,1741776,36000,1.0
p4,intergenic,1741776,36500,1.0
p4,intergenic,1741776,37000,1.0
p4,intergenic,1741776,37500,0.979
p4,intergenic,1741776,38000,1.0
p4,intergenic,1741776,38500,1.0
p4,intergenic,1741776,39000,0.989
p4,intergenic,1741776,39500,1.0
p4,intergenic,1741776,40000,0.981
p4,intergenic,1741776,40500,1.0
p4,intergenic,1741776,41000,1.0
p4,intergenic,1741776,41500,1.0
p4,intergenic,1741776,42000,1.0
p4,intergenic,1741776,42500,1.0
p4,intergenic,1741776,43000,1.0
p4,intergenic,1741776,43500,1.0
p4,intergenic,1741776,44000,1.0
p4,intergenic,1741776,44500,1.0
p4,intergenic,1741776,45000,1.0
p4,intergenic,1741776,45500,1.0
p4,intergenic,1741776,46000,1.0
p4,intergenic,1741776,46500,0.96
p4,intergenic,1741776,47000,1.0
p4,intergenic,1741776,47500,1.0
p4,intergenic,1741776,48000,1.0
p4,intergenic,1741776,48500,0.957
p4,intergenic,1741776,49000,0.964
p4,intergenic,1741776,49500,1.0
p4,intergenic,1741776,50000,1.0
p4,intergenic,1741776,50500,1.0
p4,intergenic,1741776,51000,1.0
p4,intergenic,1741776,51500,1.0
p4,intergenic,1741776,52000,1.0
p4,intergenic,1741776,52500,1.0
p4,intergenic,1741776,53000,1.0
p4,intergenic,1741776,53500,1.0
p4,intergenic,1741776,54000,1.0
p4,intergenic,1741776,54500,1.0
p4,intergenic,1741776,55000,1.0
p4,intergenic,1741776,55500,1.0
p4,intergenic,1741776,56000,1.0
p4,intergenic,1741776,56500,1.0
p4,intergenic,1741776,57000,1.0
p4,intergenic,1741776,57500,1.0
p4,intergenic,1741776,58000,1.0
p4,intergenic,1741776,58500,1.0
p4,intergenic,1741776,59000,1.0
p4,intergenic,1741776,59500,1.0
p4,intergenic,1741776,60000,1.0
p4,infC,1777404,0,0.0
p4,infC,1777404,500,0.011
p4,infC,1777404,1000,0.0
p4,infC,1777404,1500,0.0
p4,infC,1777404,2000,0.312
p4,infC,1777404,2500,0.951
p4,infC,1777404,3000,0.495
p4,infC,1777404,3500,0.333
p4,infC,1777404,4000,0.632
p4,infC,1777404,4500,0.56
p4,infC,1777404,5000,0.879
p4,infC,1777404,5500,0.957
p4,infC,1777404,6000,0.909
p4,infC,1777404,6500,0.793
p4,infC,1777404,7000,0.9
p4,infC,1777404,7500,0.929
p4,infC,1777404,8000,0.933
p4,infC,1777404,8500,0.841
p4,infC,1777404,9000,0.881
p4,infC,1777404,9500,0.859
p4,infC,1777404,10000,0.841
p4,infC,1777404,10500,0.846
p4,infC,1777404,11000,0.714
p4,infC,1777404,11500,0.98
p4,infC,1777404,12000,0.929
p4,infC,1777404,12500,0.97
p4,infC,1777404,13000,0.922
p4,infC,1777404,13500,0.988
p4,infC,1777404,14000,0.966
p4,infC,1777404,14500,0.951
p4,infC,1777404,15000,0.922
p4,infC,1777404,15500,1.0
p4,infC,1777404,16000,1.0
p4,infC,1777404,16500,1.0
p4,infC,1777404,17000,1.0
p4,infC,1777404,17500,1.0
p4,infC,1777404,18000,1.0
p4,infC,1777404,18500,1.0
p4,infC,1777404,19000,0.99
p4,infC,1777404,19500,1.0
p4,infC,1777404,20000,1.0
p4,infC,1777404,20500,1.0
p4,infC,1777404,21000,1.0
p4,infC,1777404,21500,1.0
p4,infC,1777404,22000,1.0
p4,infC,1777404,22500,1.0
p4,infC,1777404,23000,1.0
p4,infC,1777404,23500,1.0
p4,infC,1777404,24000,1.0
p4,infC,1777404,24500,1.0
p4,infC,1777404,25000,1.0
p4,infC,1777404,25500,1.0
p4,infC,1777404,26000,1.0
p4,infC,1777404,26500,1.0
p4,infC,1777404,27000,1.0
p4,infC,1777404,27500,0.982
p4,infC,1777404,28000,1.0
p4,infC,1777404,28500,1.0
p4,infC,1777404,29000,1.0
p4,infC,1777404,29500,1.0
p4,infC,1777404,30000,1.0
p4,infC,1777404,30500,1.0
p4,infC,1777404,31000,1.0
p4,infC,1777404,31500,1.0
p4,infC,1777404,32000,1.0
p4,infC,1777404,32500,1.0
p4,infC,1777404,33000,1.0
p4,infC,1777404,33500,1.0
p4,infC,1777404,34000,1.0
p4,infC,1777404,34500,1.0
p4,infC,1777404,35000,1.0
p4,infC,1777404,35500,1.0
p4,infC,1777404,36000,1.0
p4,infC,1777404,36500,1.0
p4,infC,1777404,37000,1.0
p4,infC,1777404,37500,0.976
p4,infC,1777404,38000,1.0
p4,infC,1777404,38500,1.0
p4,infC,1777404,39000,1.0
p4,infC,1777404,39500,1.0
p4,infC,1777404,40000,1.0
p4,infC,1777404,40500,0.986
p4,infC,1777404,41000,1.0
p4,infC,1777404,41500,1.0
p4,infC,1777404,42000,1.0
p4,infC,1777404,42500,1.0
p4,infC,1777404,43000,1.0
p4,infC,1777404,43500,1.0
p4,infC,1777404,44500,1.0
p4,infC,1777404,45000,0.9
p4,infC,1777404,45500,1.0
p4,infC,1777404,46000,1.0
p4,infC,1777404,46500,1.0
p4,infC,1777404,47000,1.0
p4,infC,1777404,47500,1.0
p4,infC,1777404,48000,1.0
p4,infC,1777404,48500,1.0
p4,infC,1777404,49000,1.0
p4,infC,1777404,49500,1.0
p4,infC,1777404,50000,1.0
p4,infC,1777404,50500,1.0
p4,infC,1777404,51000,1.0
p4,infC,1777404,51500,1.0
p4,infC,1777404,52000,1.0
p4,infC,1777404,52500,1.0
p4,infC,1777404,53000,1.0
p4,infC,1777404,53500,1.0
p4,infC,1777404,54000,1.0
p4,infC,1777404,54500,1.0
p4,infC,1777404,55000,1.0
p4,infC,1777404,55500,1.0
p4,infC,1777404,56000,1.0
p4,infC,1777404,56500,1.0
p4,infC,1777404,57000,1.0
p4,infC,1777404,57500,1.0
p4,infC,1777404,58000,1.0
p4,infC,1777404,58500,1.0
p4,infC,1777404,59000,1.0
p4,infC,1777404,59500,1.0
p4,infC,1777404,60000,1.0
p4,cheR,1947870,0,0.0
p4,cheR,1947870,500,0.0
p4,cheR,1947870,1000,0.0
p4,cheR,1947870,1500,0.0
p4,cheR,1947870,2000,0.0
p4,cheR,1947870,2500,0.0
p4,cheR,1947870,3000,0.0
p4,cheR,1947870,3500,0.0
p4,cheR,1947870,4000,0.0
p4,cheR,1947870,4500,0.0
p4,cheR,1947870,5000,0.0
p4,cheR,1947870,5500,0.0
p4,cheR,1947870,6000,0.0
p4,cheR,1947870,6500,0.0
p4,cheR,1947870,7000,0.0
p4,cheR,1947870,7500,0.0
p4,cheR,1947870,8000,0.0
p4,cheR,1947870,8500,0.0
p4,cheR,1947870,9000,0.0
p4,cheR,1947870,9500,0.0
p4,cheR,1947870,10000,0.0
p4,cheR,1947870,10500,0.0
p4,cheR,1947870,11000,0.0
p4,cheR,1947870,11500,0.0
p4,cheR,1947870,12000,0.0
p4,cheR,1947870,12500,0.0
p4,cheR,1947870,13000,0.0
p4,cheR,1947870,13500,0.014
p4,cheR,1947870,14000,0.0
p4,cheR,1947870,14500,0.0
p4,cheR,1947870,15000,0.0
p4,cheR,1947870,15500,0.0
p4,cheR,1947870,16000,0.0
p4,cheR,1947870,16500,0.0
p4,cheR,1947870,17000,0.0
p4,cheR,1947870,17500,0.0
p4,cheR,1947870,18000,0.0
p4,cheR,1947870,18500,0.0
p4,cheR,1947870,19000,0.0
p4,cheR,1947870,19500,0.0
p4,cheR,1947870,20000,0.0
p4,cheR,1947870,20500,0.0
p4,cheR,1947870,21000,0.0
p4,cheR,1947870,21500,0.0
p4,cheR,1947870,22000,0.0
p4,cheR,1947870,22500,0.0
p4,cheR,1947870,23000,0.0
p4,cheR,1947870,23500,0.0
p4,cheR,1947870,24000,0.0
p4,cheR,1947870,24500,0.0
p4,cheR,1947870,25000,0.0
p4,cheR,1947870,25500,0.015
p4,cheR,1947870,26000,0.0
p4,cheR,1947870,26500,0.0
p4,cheR,1947870,27000,0.0
p4,cheR,1947870,27500,0.0
p4,cheR,1947870,28000,0.0
p4,cheR,1947870,28500,0.0
p4,cheR,1947870,29000,0.0
p4,cheR,1947870,29500,0.0
p4,cheR,1947870,30000,0.0
p4,cheR,1947870,30500,0.0
p4,cheR,1947870,31000,0.0
p4,cheR,1947870,31500,0.0
p4,cheR,1947870,32000,0.0
p4,cheR,1947870,32500,0.0
p4,cheR,1947870,33000,0.0
p4,cheR,1947870,33500,0.0
p4,cheR,1947870,34000,0.0
p4,cheR,1947870,34500,0.0
p4,cheR,1947870,35000,0.0
p4,cheR,1947870,35500,0.0
p4,cheR,1947870,36000,0.0
p4,cheR,1947870,36500,0.0
p4,cheR,1947870,37000,0.0
p4,cheR,1947870,37500,0.0
p4,cheR,1947870,38000,0.0
p4,cheR,1947870,38500,0.013
p4,cheR,1947870,39000,0.0
p4,cheR,1947870,39500,0.0
p4,cheR,1947870,40000,0.0
p4,cheR,1947870,40500,0.0
p4,cheR,1947870,41000,0.0
p4,cheR,1947870,41500,0.0
p4,cheR,1947870,42000,0.0
p4,cheR,1947870,42500,0.0
p4,cheR,1947870,43000,0.0
p4,cheR,1947870,43500,0.0
p4,cheR,1947870,44000,0.0
p4,cheR,1947870,44500,0.0
p4,cheR,1947870,45000,0.0
p4,cheR,1947870,45500,0.0
p4,cheR,1947870,46000,0.0
p4,cheR,1947870,46500,0.0
p4,cheR,1947870,47000,0.0
p4,cheR,1947870,47500,0.0
p4,cheR,1947870,48000,0.0
p4,cheR,1947870,48500,0.0
p4,cheR,1947870,49000,0.0
p4,cheR,1947870,49500,0.0
p4,cheR,1947870,50000,0.0
p4,cheR,1947870,50500,0.0
p4,cheR,1947870,51000,0.0
p4,cheR,1947870,51500,0.0
p4,cheR,1947870,52000,0.0
p4,cheR,1947870,52500,0.0
p4,cheR,1947870,53000,0.0
p4,cheR,1947870,53500,0.031
p4,cheR,1947870,54000,0.693
p4,cheR,1947870,54500,0.75
p4,cheR,1947870,55000,0.879
p4,cheR,1947870,55500,0.988
p4,cheR,1947870,56000,1.0
p4,cheR,1947870,56500,1.0
p4,cheR,1947870,57000,1.0
p4,cheR,1947870,57500,1.0
p4,cheR,1947870,58000,1.0
p4,cheR,1947870,58500,1.0
p4,cheR,1947870,59000,1.0
p4,cheR,1947870,59500,1.0
p4,cheR,1947870,60000,1.0
p4,cpsG,2054924,0,0.0
p4,cpsG,2054924,500,0.0
p4,cpsG,2054924,1000,0.0
p4,cpsG,2054924,1500,0.0
p4,cpsG,2054924,2000,0.0
p4,cpsG,2054924,2500,0.0
p4,cpsG,2054924,3000,0.0
p4,cpsG,2054924,3500,0.0
p4,cpsG,2054924,4000,0.0
p4,cpsG,2054924,4500,0.0
p4,cpsG,2054924,5000,0.0
p4,cpsG,2054924,5500,0.0
p4,cpsG,2054924,6000,0.0
p4,cpsG,2054924,6500,0.013
p4,cpsG,2054924,7000,0.0
p4,cpsG,2054924,7500,0.0
p4,cpsG,2054924,8000,0.0
p4,cpsG,2054924,8500,0.0
p4,cpsG,2054924,9000,0.0
p4,cpsG,2054924,9500,0.0
p4,cpsG,2054924,10000,0.0
p4,cpsG,2054924,10500,0.0
p4,cpsG,2054924,11000,0.0
p4,cpsG,2054924,11500,0.0
p4,cpsG,2054924,12000,0.0
p4,cpsG,2054924,12500,0.0
p4,cpsG,2054924,13000,0.0
p4,cpsG,2054924,13500,0.0
p4,cpsG,2054924,14000,0.06
p4,cpsG,2054924,14500,0.089
p4,cpsG,2054924,15000,0.074
p4,cpsG,2054924,15500,0.13
p4,cpsG,2054924,16000,0.867
p4,cpsG,2054924,16500,0.731
p4,cpsG,2054924,17000,0.571
p4,cpsG,2054924,17500,0.8
p4,cpsG,2054924,18000,0.917
p4,cpsG,2054924,18500,1.0
p4,cpsG,2054924,19000,1.0
p4,cpsG,2054924,19500,1.0
p4,cpsG,2054924,20000,1.0
p4,cpsG,2054924,20500,1.0
p4,cpsG,2054924,21000,1.0
p4,cpsG,2054924,21500,1.0
p4,cpsG,2054924,22000,1.0
p4,cpsG,2054924,22500,1.0
p4,cpsG,2054924,23000,1.0
p4,cpsG,2054924,23500,1.0
p4,cpsG,2054924,24000,1.0
p4,cpsG,2054924,24500,1.0
p4,cpsG,2054924,25000,1.0
p4,cpsG,2054924,25500,1.0
p4,cpsG,2054924,26000,1.0
p4,cpsG,2054924,26500,1.0
p4,cpsG,2054924,27000,1.0
p4,cpsG,2054924,27500,1.0
p4,cpsG,2054924,28000,1.0
p4,cpsG,2054924,28500,1.0
p4,cpsG,2054924,29000,1.0
p4,cpsG,2054924,29500,1.0
p4,cpsG,2054924,30000,1.0
p4,cpsG,2054924,30500,1.0
p4,cpsG,2054924,31000,1.0
p4,cpsG,2054924,31500,1.0
p4,cpsG,2054924,32000,1.0
p4,cpsG,2054924,32500,1.0
p4,cpsG,2054924,33000,1.0
p4,cpsG,2054924,33500,1.0
p4,cpsG,2054924,34000,1.0
p4,cpsG,2054924,34500,1.0
p4,cpsG,2054924,35000,1.0
p4,cpsG,2054924,35500,1.0
p4,cpsG,2054924,36000,1.0
p4,cpsG,2054924,36500,1.0
p4,cpsG,2054924,37000,1.0
p4,cpsG,2054924,37500,1.0
p4,cpsG,2054924,38000,1.0
p4,cpsG,2054924,38500,1.0
p4,cpsG,2054924,39000,1.0
p4,cpsG,2054924,39500,1.0
p4,cpsG,2054924,40000,0.889
p4,cpsG,2054924,40500,1.0
p4,cpsG,2054924,41000,1.0
p4,cpsG,2054924,43000,1.0
p4,cpsG,2054924,45000,1.0
p4,cpsG,2054924,45500,1.0
p4,cpsG,2054924,46000,1.0
p4,cpsG,2054924,46500,1.0
p4,cpsG,2054924,47000,1.0
p4,cpsG,2054924,47500,1.0
p4,cpsG,2054924,48000,1.0
p4,cpsG,2054924,48500,1.0
p4,cpsG,2054924,49000,1.0
p4,cpsG,2054924,49500,1.0
p4,cpsG,2054924,50500,1.0
p4,cpsG,2054924,51000,1.0
p4,cpsG,2054924,51500,1.0
p4,cpsG,2054924,52000,1.0
p4,cpsG,2054924,52500,1.0
p4,cpsG,2054924,53000,1.0
p4,cpsG,2054924,53500,1.0
p4,cpsG,2054924,54000,1.0
p4,cpsG,2054924,54500,1.0
p4,cpsG,2054924,55000,1.0
p4,cpsG,2054924,55500,1.0
p4,cpsG,2054924,56000,1.0
p4,cpsG,2054924,56500,1.0
p4,cpsG,2054924,57000,1.0
p4,cpsG,2054924,57500,1.0
p4,cpsG,2054924,58000,1.0
p4,cpsG,2054924,59000,1.0
p4,cpsG,2054924,59500,1.0
p4,cpsG,2054924,60000,1.0
p4,cpsG,2054942,0,0.0
p4,cpsG,2054942,500,0.0
p4,cpsG,2054942,1000,0.0
p4,cpsG,2054942,1500,0.0
p4,cpsG,2054942,2000,0.025
p4,cpsG,2054942,2500,0.0
p4,cpsG,2054942,3000,0.0
p4,cpsG,2054942,3500,0.0
p4,cpsG,2054942,4000,0.0
p4,cpsG,2054942,4500,0.0
p4,cpsG,2054942,5000,0.0
p4,cpsG,2054942,5500,0.0
p4,cpsG,2054942,6000,0.0
p4,cpsG,2054942,6500,0.013
p4,cpsG,2054942,7000,0.0
p4,cpsG,2054942,7500,0.0
p4,cpsG,2054942,8000,0.0
p4,cpsG,2054942,8500,0.0
p4,cpsG,2054942,9000,0.0
p4,cpsG,2054942,9500,0.0
p4,cpsG,2054942,10000,0.0
p4,cpsG,2054942,10500,0.0
p4,cpsG,2054942,11000,0.0
p4,cpsG,2054942,11500,0.0
p4,cpsG,2054942,12000,0.0
p4,cpsG,2054942,12500,0.0
p4,cpsG,2054942,13000,0.0
p4,cpsG,2054942,13500,0.0
p4,cpsG,2054942,14000,0.064
p4,cpsG,2054942,14500,0.14
p4,cpsG,2054942,15000,0.107
p4,cpsG,2054942,15500,0.178
p4,cpsG,2054942,16000,0.913
p4,cpsG,2054942,16500,0.793
p4,cpsG,2054942,17000,0.579
p4,cpsG,2054942,17500,0.889
p4,cpsG,2054942,18000,0.935
p4,cpsG,2054942,18500,1.0
p4,cpsG,2054942,19000,1.0
p4,cpsG,2054942,19500,1.0
p4,cpsG,2054942,20000,1.0
p4,cpsG,2054942,20500,1.0
p4,cpsG,2054942,21000,1.0
p4,cpsG,2054942,21500,1.0
p4,cpsG,2054942,22000,1.0
p4,cpsG,2054942,22500,1.0
p4,cpsG,2054942,23000,1.0
p4,cpsG,2054942,23500,1.0
p4,cpsG,2054942,24000,1.0
p4,cpsG,2054942,24500,1.0
p4,cpsG,2054942,25000,1.0
p4,cpsG,2054942,25500,1.0
p4,cpsG,2054942,26000,1.0
p4,cpsG,2054942,26500,1.0
p4,cpsG,2054942,27000,1.0
p4,cpsG,2054942,27500,1.0
p4,cpsG,2054942,28000,1.0
p4,cpsG,2054942,28500,1.0
p4,cpsG,2054942,29000,1.0
p4,cpsG,2054942,29500,1.0
p4,cpsG,2054942,30000,1.0
p4,cpsG,2054942,30500,1.0
p4,cpsG,2054942,31000,1.0
p4,cpsG,2054942,31500,0.964
p4,cpsG,2054942,32000,1.0
p4,cpsG,2054942,32500,1.0
p4,cpsG,2054942,33000,1.0
p4,cpsG,2054942,33500,1.0
p4,cpsG,2054942,34000,1.0
p4,cpsG,2054942,34500,1.0
p4,cpsG,2054942,35000,1.0
p4,cpsG,2054942,35500,1.0
p4,cpsG,2054942,36000,1.0
p4,cpsG,2054942,36500,1.0
p4,cpsG,2054942,37000,1.0
p4,cpsG,2054942,37500,1.0
p4,cpsG,2054942,38000,1.0
p4,cpsG,2054942,38500,1.0
p4,cpsG,2054942,39000,1.0
p4,cpsG,2054942,39500,1.0
p4,cpsG,2054942,40000,0.923
p4,cpsG,2054942,40500,1.0
p4,cpsG,2054942,41000,1.0
p4,cpsG,2054942,41500,1.0
p4,cpsG,2054942,43000,1.0
p4,cpsG,2054942,43500,1.0
p4,cpsG,2054942,45000,1.0
p4,cpsG,2054942,45500,1.0
p4,cpsG,2054942,46000,1.0
p4,cpsG,2054942,46500,1.0
p4,cpsG,2054942,47000,1.0
p4,cpsG,2054942,47500,1.0
p4,cpsG,2054942,48000,1.0
p4,cpsG,2054942,48500,1.0
p4,cpsG,2054942,49000,1.0
p4,cpsG,2054942,49500,1.0
p4,cpsG,2054942,50500,1.0
p4,cpsG,2054942,51000,1.0
p4,cpsG,2054942,51500,1.0
p4,cpsG,2054942,52000,1.0
p4,cpsG,2054942,52500,1.0
p4,cpsG,2054942,53000,1.0
p4,cpsG,2054942,53500,1.0
p4,cpsG,2054942,54000,1.0
p4,cpsG,2054942,54500,1.0
p4,cpsG,2054942,55000,1.0
p4,cpsG,2054942,55500,1.0
p4,cpsG,2054942,56000,1.0
p4,cpsG,2054942,56500,1.0
p4,cpsG,2054942,57000,1.0
p4,cpsG,2054942,57500,1.0
p4,cpsG,2054942,58000,1.0
p4,cpsG,2054942,58500,1.0
p4,cpsG,2054942,59000,1.0
p4,cpsG,2054942,59500,1.0
p4,cpsG,2054942,60000,1.0
p5,rbsD,3895280,0,0.064
p5,rbsD,3895280,1000,0.499
p5,rbsD,3895280,1500,1.0
p5,rbsD,3895280,2000,1.0
p5,rbsD,3895280,3000,1.0
p5,rbsD,3895280,3500,1.0
p5,rbsD,3895280,4000,1.0
p5,rbsD,3895280,4500,1.0
p5,rbsD,3895280,5000,1.0
p5,rbsD,3895280,5500,1.0
p5,rbsD,3895280,6000,1.0
p5,rbsD,3895280,6500,1.0
p5,rbsD,3895280,7000,1.0
p5,rbsD,3895280,7500,1.0
p5,rbsD,3895280,8000,1.0
p5,rbsD,3895280,8500,1.0
p5,rbsD,3895280,9000,1.0
p5,rbsD,3895280,9500,1.0
p5,rbsD,3895280,10000,1.0
p5,rbsD,3895280,10500,1.0
p5,rbsD,3895280,11000,1.0
p5,rbsD,3895280,11500,1.0
p5,rbsD,3895280,12000,1.0
p5,rbsD,3895280,12500,1.0
p5,rbsD,3895280,13000,1.0
p5,rbsD,3895280,13500,1.0
p5,rbsD,3895280,14000,1.0
p5,rbsD,3895280,14500,1.0
p5,rbsD,3895280,15000,1.0
p5,rbsD,3895280,15500,1.0
p5,rbsD,3895280,16000,1.0
p5,rbsD,3895280,16500,1.0
p5,rbsD,3895280,17000,1.0
p5,rbsD,3895280,17500,1.0
p5,rbsD,3895280,18000,1.0
p5,rbsD,3895280,18500,1.0
p5,rbsD,3895280,19000,1.0
p5,rbsD,3895280,19500,1.0
p5,rbsD,3895280,20000,1.0
p5,rbsD,3895280,20500,0.999
p5,rbsD,3895280,21000,1.0
p5,rbsD,3895280,21500,1.001
p5,rbsD,3895280,22000,1.0
p5,rbsD,3895280,22500,1.0
p5,rbsD,3895280,23000,1.0
p5,rbsD,3895280,23500,1.0
p5,rbsD,3895280,24000,1.0
p5,rbsD,3895280,24500,1.0
p5,rbsD,3895280,25000,1.0
p5,rbsD,3895280,25500,1.0
p5,rbsD,3895280,26000,1.0
p5,rbsD,3895280,26500,1.0
p5,rbsD,3895280,27000,1.0
p5,rbsD,3895280,27500,1.0
p5,rbsD,3895280,28000,1.0
p5,rbsD,3895280,28500,1.0
p5,rbsD,3895280,29000,1.0
p5,rbsD,3895280,29500,1.0
p5,rbsD,3895280,30000,1.0
p5,rbsD,3895280,30500,1.0
p5,rbsD,3895280,31000,1.0
p5,rbsD,3895280,31500,1.0
p5,rbsD,3895280,32000,1.0
p5,rbsD,3895280,32500,1.0
p5,rbsD,3895280,33000,1.0
p5,rbsD,3895280,33500,1.0
p5,rbsD,3895280,34000,1.0
p5,rbsD,3895280,34500,1.0
p5,rbsD,3895280,35000,1.0
p5,rbsD,3895280,35500,1.0
p5,rbsD,3895280,36000,1.0
p5,rbsD,3895280,36500,1.0
p5,rbsD,3895280,37000,1.0
p5,rbsD,3895280,37500,1.0
p5,rbsD,3895280,38000,1.0
p5,rbsD,3895280,38500,1.0
p5,rbsD,3895280,39000,1.0
p5,rbsD,3895280,39500,1.0
p5,rbsD,3895280,40000,1.0
p5,rbsD,3895280,40500,1.0
p5,rbsD,3895280,41000,1.0
p5,rbsD,3895280,41500,1.0
p5,rbsD,3895280,42000,1.0
p5,rbsD,3895280,42500,1.0
p5,rbsD,3895280,43000,1.0
p5,rbsD,3895280,43500,1.0
p5,rbsD,3895280,44000,1.0
p5,rbsD,3895280,44500,1.0
p5,rbsD,3895280,45000,1.0
p5,rbsD,3895280,45500,1.0
p5,rbsD,3895280,46000,1.0
p5,rbsD,3895280,46500,1.0
p5,rbsD,3895280,47000,1.0
p5,rbsD,3895280,47500,1.0
p5,rbsD,3895280,48000,1.0
p5,rbsD,3895280,48500,1.0
p5,rbsD,3895280,49000,1.0
p5,rbsD,3895280,49500,1.0
p5,rbsD,3895280,50000,1.0
p5,rbsD,3895280,50500,1.0
p5,rbsD,3895280,51000,1.0
p5,rbsD,3895280,51500,1.0
p5,rbsD,3895280,52000,1.0
p5,rbsD,3895280,52500,1.0
p5,rbsD,3895280,53000,1.0
p5,rbsD,3895280,53500,1.0
p5,rbsD,3895280,54000,1.0
p5,rbsD,3895280,54500,1.0
p5,rbsD,3895280,55000,1.0
p5,rbsD,3895280,55500,1.0
p5,rbsD,3895280,56000,1.0
p5,rbsD,3895280,56500,1.0
p5,rbsD,3895280,57000,1.0
p5,rbsD,3895280,57500,1.001
p5,thrA,1266,0,0.0
p5,thrA,1266,1000,0.0
p5,thrA,1266,1500,0.0
p5,thrA,1266,2000,0.0
p5,thrA,1266,3000,0.0
p5,thrA,1266,3500,0.0
p5,thrA,1266,4000,0.0
p5,thrA,1266,4500,0.0
p5,thrA,1266,5000,0.0
p5,thrA,1266,5500,0.0
p5,thrA,1266,6000,0.0
p5,thrA,1266,6500,0.0
p5,thrA,1266,7000,0.0
p5,thrA,1266,7500,0.0
p5,thrA,1266,8000,0.0
p5,thrA,1266,8500,0.0
p5,thrA,1266,9000,0.0
p5,thrA,1266,9500,0.0
p5,thrA,1266,10000,0.0
p5,thrA,1266,10500,0.0
p5,thrA,1266,11000,0.0
p5,thrA,1266,11500,0.0
p5,thrA,1266,12000,0.0
p5,thrA,1266,12500,0.0
p5,thrA,1266,13000,0.0
p5,thrA,1266,13500,0.0
p5,thrA,1266,14000,0.0
p5,thrA,1266,14500,0.0
p5,thrA,1266,15000,0.0
p5,thrA,1266,15500,0.0
p5,thrA,1266,16000,0.0
p5,thrA,1266,16500,0.0
p5,thrA,1266,17000,0.0
p5,thrA,1266,17500,0.0
p5,thrA,1266,18000,0.014
p5,thrA,1266,18500,0.028
p5,thrA,1266,19000,0.113
p5,thrA,1266,19500,0.25
p5,thrA,1266,20000,0.125
p5,thrA,1266,20500,0.304
p5,thrA,1266,21000,0.205
p5,thrA,1266,21500,0.31
p5,thrA,1266,22000,0.719
p5,thrA,1266,22500,1.0
p5,thrA,1266,23000,0.617
p5,thrA,1266,23500,0.623
p5,thrA,1266,24000,0.655
p5,thrA,1266,24500,0.506
p5,thrA,1266,25000,0.6
p5,thrA,1266,25500,0.485
p5,thrA,1266,26000,0.694
p5,thrA,1266,26500,0.688
p5,thrA,1266,27000,0.656
p5,thrA,1266,27500,0.808
p5,thrA,1266,28000,0.903
p5,thrA,1266,28500,0.767
p5,thrA,1266,29000,0.815
p5,thrA,1266,29500,0.937
p5,thrA,1266,30000,0.971
p5,thrA,1266,30500,0.958
p5,thrA,1266,31000,0.978
p5,thrA,1266,31500,1.0
p5,thrA,1266,32000,1.0
p5,thrA,1266,32500,0.796
p5,thrA,1266,33000,0.885
p5,thrA,1266,33500,0.806
p5,thrA,1266,34000,0.958
p5,thrA,1266,34500,0.871
p5,thrA,1266,35000,0.808
p5,thrA,1266,35500,0.625
p5,thrA,1266,36000,0.831
p5,thrA,1266,36500,0.788
p5,thrA,1266,37000,0.733
p5,thrA,1266,37500,0.6
p5,thrA,1266,38000,0.764
p5,thrA,1266,38500,0.735
p5,thrA,1266,39000,0.822
p5,thrA,1266,39500,0.6
p5,thrA,1266,40000,0.936
p5,thrA,1266,40500,0.774
p5,thrA,1266,41000,0.826
p5,thrA,1266,41500,0.618
p5,thrA,1266,42000,0.803
p5,thrA,1266,42500,0.757
p5,thrA,1266,43000,0.529
p5,thrA,1266,43500,0.913
p5,thrA,1266,44000,0.847
p5,thrA,1266,44500,0.542
p5,thrA,1266,45000,0.79
p5,thrA,1266,45500,0.616
p5,thrA,1266,46000,0.943
p5,thrA,1266,46500,0.814
p5,thrA,1266,47000,0.608
p5,thrA,1266,47500,0.75
p5,thrA,1266,48000,0.968
p5,thrA,1266,48500,0.809
p5,thrA,1266,49000,0.934
p5,thrA,1266,49500,0.474
p5,thrA,1266,50000,0.865
p5,thrA,1266,50500,0.615
p5,thrA,1266,51000,0.742
p5,thrA,1266,51500,0.648
p5,thrA,1266,52000,0.808
p5,thrA,1266,52500,0.717
p5,thrA,1266,53000,0.842
p5,thrA,1266,53500,0.39
p5,thrA,1266,54000,0.695
p5,thrA,1266,54500,0.814
p5,thrA,1266,55000,0.362
p5,thrA,1266,55500,0.689
p5,thrA,1266,56000,0.632
p5,thrA,1266,56500,0.582
p5,thrA,1266,57000,0.622
p5,thrA,1266,57500,0.58
p5,mokC,17045,0,0.0
p5,mokC,17045,1000,0.0
p5,mokC,17045,1500,0.0
p5,mokC,17045,2000,0.0
p5,mokC,17045,3000,0.0
p5,mokC,17045,3500,0.014
p5,mokC,17045,4000,0.0
p5,mokC,17045,4500,0.0
p5,mokC,17045,5000,0.0
p5,mokC,17045,5500,0.0
p5,mokC,17045,6000,0.0
p5,mokC,17045,6500,0.0
p5,mokC,17045,7000,0.143
p5,mokC,17045,7500,0.379
p5,mokC,17045,8000,0.842
p5,mokC,17045,8500,0.521
p5,mokC,17045,9000,0.889
p5,mokC,17045,9500,0.529
p5,mokC,17045,10000,1.0
p5,mokC,17045,10500,0.733
p5,mokC,17045,11000,0.771
p5,mokC,17045,11500,0.954
p5,mokC,17045,12000,0.679
p5,mokC,17045,12500,0.558
p5,mokC,17045,13000,0.701
p5,mokC,17045,13500,0.844
p5,mokC,17045,14000,0.812
p5,mokC,17045,14500,0.733
p5,mokC,17045,15000,0.888
p5,mokC,17045,15500,0.673
p5,mokC,17045,16000,0.8
p5,mokC,17045,16500,0.784
p5,mokC,17045,17000,0.727
p5,mokC,17045,17500,0.55
p5,mokC,17045,18000,0.892
p5,mokC,17045,18500,0.772
p5,mokC,17045,19000,0.973
p5,mokC,17045,19500,0.804
p5,mokC,17045,20000,0.351
p5,mokC,17045,20500,0.593
p5,mokC,17045,21000,0.715
p5,mokC,17045,21500,0.322
p5,mokC,17045,22000,0.874
p5,mokC,17045,22500,0.673
p5,mokC,17045,23000,0.686
p5,mokC,17045,23500,0.615
p5,mokC,17045,24000,0.83
p5,mokC,17045,24500,0.5
p5,mokC,17045,25000,0.604
p5,mokC,17045,25500,0.64
p5,mokC,17045,26000,0.804
p5,mokC,17045,26500,0.717
p5,mokC,17045,27000,0.848
p5,mokC,17045,27500,0.799
p5,mokC,17045,28000,0.89
p5,mokC,17045,28500,0.945
p5,mokC,17045,29000,0.878
p5,mokC,17045,29500,0.917
p5,mokC,17045,30000,0.956
p5,mokC,17045,30500,0.96
p5,mokC,17045,31000,0.9
p5,mokC,17045,31500,0.978
p5,mokC,17045,32000,0.972
p5,mokC,17045,32500,0.858
p5,mokC,17045,33000,0.92
p5,mokC,17045,33500,0.805
p5,mokC,17045,34000,0.948
p5,mokC,17045,34500,0.936
p5,mokC,17045,35000,0.946
p5,mokC,17045,35500,0.859
p5,mokC,17045,36000,0.826
p5,mokC,17045,36500,0.868
p5,mokC,17045,37000,0.689
p5,mokC,17045,37500,0.806
p5,mokC,17045,38000,0.887
p5,mokC,17045,38500,0.765
p5,mokC,17045,39000,0.88
p5,mokC,17045,39500,0.634
p5,mokC,17045,40000,0.954
p5,mokC,17045,40500,0.889
p5,mokC,17045,41000,0.811
p5,mokC,17045,41500,0.656
p5,mokC,17045,42000,0.831
p5,mokC,17045,42500,0.74
p5,mokC,17045,43000,0.614
p5,mokC,17045,43500,0.929
p5,mokC,17045,44000,0.658
p5,mokC,17045,44500,0.654
p5,mokC,17045,45000,0.795
p5,mokC,17045,45500,0.782
p5,mokC,17045,46000,0.952
p5,mokC,17045,46500,0.832
p5,mokC,17045,47000,0.66
p5,mokC,17045,47500,0.845
p5,mokC,17045,48000,0.985
p5,mokC,17045,48500,0.827
p5,mokC,17045,49000,0.873
p5,mokC,17045,49500,0.68
p5,mokC,17045,50000,0.869
p5,mokC,17045,50500,0.886
p5,mokC,17045,51000,0.771
p5,mokC,17045,51500,0.645
p5,mokC,17045,52000,0.76
p5,mokC,17045,52500,0.642
p5,mokC,17045,53000,0.966
p5,mokC,17045,53500,0.875
p5,mokC,17045,54000,0.663
p5,mokC,17045,54500,0.869
p5,mokC,17045,55000,0.783
p5,mokC,17045,55500,0.654
p5,mokC,17045,56000,0.803
p5,mokC,17045,56500,0.885
p5,mokC,17045,57000,0.722
p5,mokC,17045,57500,0.63
p5,ldcC,212865,0,0.0
p5,ldcC,212865,1000,0.0
p5,ldcC,212865,1500,0.0
p5,ldcC,212865,2000,0.0
p5,ldcC,212865,3000,0.0
p5,ldcC,212865,3500,0.0
p5,ldcC,212865,4000,0.0
p5,ldcC,212865,4500,0.0
p5,ldcC,212865,5000,0.0
p5,ldcC,212865,5500,0.0
p5,ldcC,212865,6000,0.0
p5,ldcC,212865,6500,0.0
p5,ldcC,212865,7000,0.0
p5,ldcC,212865,7500,0.0
p5,ldcC,212865,8000,0.0
p5,ldcC,212865,8500,0.0
p5,ldcC,212865,9000,0.062
p5,ldcC,212865,9500,0.095
p5,ldcC,212865,10000,0.9
p5,ldcC,212865,10500,0.619
p5,ldcC,212865,11000,0.69
p5,ldcC,212865,11500,0.938
p5,ldcC,212865,12000,0.662
p5,ldcC,212865,12500,0.447
p5,ldcC,212865,13000,0.8
p5,ldcC,212865,13500,0.774
p5,ldcC,212865,14000,0.833
p5,ldcC,212865,14500,0.846
p5,ldcC,212865,15000,0.867
p5,ldcC,212865,15500,0.615
p5,ldcC,212865,16000,0.704
p5,ldcC,212865,16500,0.625
p5,ldcC,212865,17000,0.682
p5,ldcC,212865,17500,0.302
p5,ldcC,212865,18000,0.89
p5,ldcC,212865,18500,0.694
p5,ldcC,212865,19000,0.979
p5,ldcC,212865,19500,0.667
p5,ldcC,212865,20000,0.324
p5,ldcC,212865,20500,0.474
p5,ldcC,212865,21000,0.7
p5,ldcC,212865,21500,0.343
p5,ldcC,212865,22000,0.926
p5,ldcC,212865,22500,0.455
p5,ldcC,212865,23000,0.707
p5,ldcC,212865,23500,0.714
p5,ldcC,212865,24000,0.556
p5,ldcC,212865,24500,0.576
p5,ldcC,212865,25000,0.462
p5,ldcC,212865,25500,0.5
p5,ldcC,212865,26000,0.727
p5,ldcC,212865,26500,0.667
p5,ldcC,212865,27000,0.818
p5,ldcC,212865,27500,0.824
p5,ldcC,212865,28000,0.842
p5,ldcC,212865,28500,0.658
p5,ldcC,212865,29000,0.919
p5,ldcC,212865,29500,0.978
p5,ldcC,212865,30000,0.984
p5,ldcC,212865,30500,0.941
p5,ldcC,212865,31000,0.919
p5,ldcC,212865,31500,0.933
p5,ldcC,212865,32000,0.982
p5,ldcC,212865,32500,0.857
p5,ldcC,212865,33000,0.899
p5,ldcC,212865,33500,0.712
p5,ldcC,212865,34000,0.94
p5,ldcC,212865,34500,0.851
p5,ldcC,212865,35000,0.958
p5,ldcC,212865,35500,0.839
p5,ldcC,212865,36000,0.866
p5,ldcC,212865,36500,0.627
p5,ldcC,212865,37000,0.667
p5,ldcC,212865,37500,0.701
p5,ldcC,212865,38000,0.924
p5,ldcC,212865,38500,0.622
p5,ldcC,212865,39000,0.808
p5,ldcC,212865,39500,0.583
p5,ldcC,212865,40000,0.939
p5,ldcC,212865,40500,0.86
p5,ldcC,212865,41000,0.852
p5,ldcC,212865,41500,0.627
p5,ldcC,212865,42000,0.93
p5,ldcC,212865,42500,0.762
p5,ldcC,212865,43000,0.467
p5,ldcC,212865,43500,0.908
p5,ldcC,212865,44000,0.833
p5,ldcC,212865,44500,0.613
p5,ldcC,212865,45000,0.69
p5,ldcC,212865,45500,0.645
p5,ldcC,212865,46000,0.911
p5,ldcC,212865,46500,0.805
p5,ldcC,212865,47000,0.675
p5,ldcC,212865,47500,0.7
p5,ldcC,212865,48000,1.0
p5,ldcC,212865,48500,0.78
p5,ldcC,212865,49000,0.943
p5,ldcC,212865,49500,0.529
p5,ldcC,212865,50000,0.793
p5,ldcC,212865,50500,0.817
p5,ldcC,212865,51000,0.753
p5,ldcC,212865,51500,0.66
p5,ldcC,212865,52000,0.781
p5,ldcC,212865,52500,0.596
p5,ldcC,212865,53000,0.908
p5,ldcC,212865,53500,0.756
p5,ldcC,212865,54000,0.716
p5,ldcC,212865,54500,0.926
p5,ldcC,212865,55000,0.559
p5,ldcC,212865,55500,0.661
p5,ldcC,212865,56000,0.488
p5,ldcC,212865,56500,0.778
p5,ldcC,212865,57000,0.647
p5,ldcC,212865,57500,0.435
p5,aroG,766774,0,0.0
p5,aroG,766774,1000,0.0
p5,aroG,766774,1500,0.0
p5,aroG,766774,2000,0.0
p5,aroG,766774,3000,0.0
p5,aroG,766774,3500,0.0
p5,aroG,766774,4000,0.0
p5,aroG,766774,4500,0.0
p5,aroG,766774,5000,0.0
p5,aroG,766774,5500,0.0
p5,aroG,766774,6000,0.0
p5,aroG,766774,6500,0.0
p5,aroG,766774,7000,0.0
p5,aroG,766774,7500,0.0
p5,aroG,766774,8000,0.0
p5,aroG,766774,8500,0.0
p5,aroG,766774,9000,0.0
p5,aroG,766774,9500,0.0
p5,aroG,766774,10000,0.0
p5,aroG,766774,10500,0.0
p5,aroG,766774,11000,0.0
p5,aroG,766774,11500,0.0
p5,aroG,766774,12000,0.0
p5,aroG,766774,12500,0.0
p5,aroG,766774,13000,0.0
p5,aroG,766774,13500,0.0
p5,aroG,766774,14000,0.0
p5,aroG,766774,14500,0.0
p5,aroG,766774,15000,0.0
p5,aroG,766774,15500,0.0
p5,aroG,766774,16000,0.0
p5,aroG,766774,16500,0.0
p5,aroG,766774,17000,0.0
p5,aroG,766774,17500,0.0
p5,aroG,766774,18000,0.009
p5,aroG,766774,18500,0.012
p5,aroG,766774,19000,0.027
p5,aroG,766774,19500,0.2
p5,aroG,766774,20000,0.147
p5,aroG,766774,20500,0.281
p5,aroG,766774,21000,0.398
p5,aroG,766774,21500,0.337
p5,aroG,766774,22000,0.831
p5,aroG,766774,22500,0.778
p5,aroG,766774,23000,0.728
p5,aroG,766774,23500,0.728
p5,aroG,766774,24000,0.722
p5,aroG,766774,24500,0.657
p5,aroG,766774,25000,0.559
p5,aroG,766774,25500,0.714
p5,aroG,766774,26000,0.885
p5,aroG,766774,26500,0.846
p5,aroG,766774,27000,0.852
p5,aroG,766774,27500,0.745
p5,aroG,766774,28000,0.786
p5,aroG,766774,28500,0.803
p5,aroG,766774,29000,0.955
p5,aroG,766774,29500,0.971
p5,aroG,766774,30000,1.0
p5,aroG,766774,30500,0.961
p5,aroG,766774,31000,1.0
p5,aroG,766774,31500,1.0
p5,aroG,766774,32000,1.0
p5,aroG,766774,32500,0.859
p5,aroG,766774,33000,0.877
p5,aroG,766774,33500,0.77
p5,aroG,766774,34000,0.953
p5,aroG,766774,34500,0.888
p5,aroG,766774,35000,0.714
p5,aroG,766774,35500,0.667
p5,aroG,766774,36000,0.887
p5,aroG,766774,36500,0.833
p5,aroG,766774,37000,0.82
p5,aroG,766774,37500,0.757
p5,aroG,766774,38000,0.897
p5,aroG,766774,38500,0.818
p5,aroG,766774,39000,0.871
p5,aroG,766774,39500,0.546
p5,aroG,766774,40000,0.953
p5,aroG,766774,40500,0.877
p5,aroG,766774,41000,0.785
p5,aroG,766774,41500,0.789
p5,aroG,766774,42000,0.866
p5,aroG,766774,42500,0.805
p5,aroG,766774,43000,0.697
p5,aroG,766774,43500,0.891
p5,aroG,766774,44000,0.709
p5,aroG,766774,44500,0.574
p5,aroG,766774,45000,0.741
p5,aroG,766774,45500,0.725
p5,aroG,766774,46000,0.927
p5,aroG,766774,46500,0.786
p5,aroG,766774,47000,0.807
p5,aroG,766774,47500,0.76
p5,aroG,766774,48000,0.963
p5,aroG,766774,48500,0.83
p5,aroG,766774,49000,0.9
p5,aroG,766774,49500,0.75
p5,aroG,766774,50000,0.819
p5,aroG,766774,50500,0.539
p5,aroG,766774,51000,0.741
p5,aroG,766774,51500,0.601
p5,aroG,766774,52000,0.686
p5,aroG,766774,52500,0.686
p5,aroG,766774,53000,0.874
p5,aroG,766774,53500,0.449
p5,aroG,766774,54000,0.634
p5,aroG,766774,54500,0.889
p5,aroG,766774,55000,0.768
p5,aroG,766774,55500,0.6
p5,aroG,766774,56000,0.647
p5,aroG,766774,56500,0.708
p5,aroG,766774,57000,0.701
p5,aroG,766774,57500,0.604
p5,rne,1158528,0,0.0
p5,rne,1158528,1000,0.0
p5,rne,1158528,1500,0.0
p5,rne,1158528,2000,0.0
p5,rne,1158528,3000,0.0
p5,rne,1158528,3500,0.0
p5,rne,1158528,4000,0.0
p5,rne,1158528,4500,0.0
p5,rne,1158528,5000,0.0
p5,rne,1158528,5500,0.0
p5,rne,1158528,6000,0.0
p5,rne,1158528,6500,0.0
p5,rne,1158528,7000,0.0
p5,rne,1158528,7500,0.0
p5,rne,1158528,8000,0.0
p5,rne,1158528,8500,0.0
p5,rne,1158528,9000,0.0
p5,rne,1158528,9500,0.0
p5,rne,1158528,10000,0.0
p5,rne,1158528,10500,0.0
p5,rne,1158528,11000,0.0
p5,rne,1158528,11500,0.0
p5,rne,1158528,12000,0.0
p5,rne,1158528,12500,0.0
p5,rne,1158528,13000,0.0
p5,rne,1158528,13500,0.0
p5,rne,1158528,14000,0.0
p5,rne,1158528,14500,0.0
p5,rne,1158528,15000,0.021
p5,rne,1158528,15500,0.0
p5,rne,1158528,16000,0.0
p5,rne,1158528,16500,0.0
p5,rne,1158528,17000,0.0
p5,rne,1158528,17500,0.0
p5,rne,1158528,18000,0.0
p5,rne,1158528,18500,0.0
p5,rne,1158528,19000,0.0
p5,rne,1158528,19500,0.0
p5,rne,1158528,20000,0.0
p5,rne,1158528,20500,0.0
p5,rne,1158528,21000,0.0
p5,rne,1158528,21500,0.0
p5,rne,1158528,22000,0.0
p5,rne,1158528,22500,0.0
p5,rne,1158528,23000,0.0
p5,rne,1158528,23500,0.0
p5,rne,1158528,24000,0.027
p5,rne,1158528,24500,0.067
p5,rne,1158528,25000,0.4
p5,rne,1158528,25500,0.75
p5,rne,1158528,26000,0.879
p5,rne,1158528,26500,0.923
p5,rne,1158528,27000,0.828
p5,rne,1158528,27500,0.795
p5,rne,1158528,28000,0.788
p5,rne,1158528,28500,0.742
p5,rne,1158528,29000,0.978
p5,rne,1158528,29500,0.914
p5,rne,1158528,30000,1.0
p5,rne,1158528,30500,0.895
p5,rne,1158528,31000,0.952
p5,rne,1158528,31500,0.964
p5,rne,1158528,32000,1.0
p5,rne,1158528,32500,0.619
p5,rne,1158528,33000,0.897
p5,rne,1158528,33500,0.7
p5,rne,1158528,34000,1.0
p5,rne,1158528,34500,0.773
p5,rne,1158528,35000,0.435
p5,rne,1158528,35500,0.241
p5,rne,1158528,36000,0.512
p5,rne,1158528,36500,0.696
p5,rne,1158528,37000,0.536
p5,rne,1158528,37500,0.375
p5,rne,1158528,38000,0.844
p5,rne,1158528,38500,0.556
p5,rne,1158528,39000,0.721
p5,rne,1158528,39500,0.538
p5,rne,1158528,40000,0.978
p5,rne,1158528,40500,0.786
p5,rne,1158528,41000,0.848
p5,rne,1158528,41500,0.667
p5,rne,1158528,42000,0.833
p5,rne,1158528,42500,0.606
p5,rne,1158528,43000,0.508
p5,rne,1158528,43500,0.792
p5,rne,1158528,44000,0.61
p5,rne,1158528,44500,0.522
p5,rne,1158528,45000,0.696
p5,rne,1158528,45500,0.794
p5,rne,1158528,46000,0.964
p5,rne,1158528,46500,0.797
p5,rne,1158528,47000,0.6
p5,rne,1158528,47500,0.714
p5,rne,1158528,48000,0.932
p5,rne,1158528,48500,0.833
p5,rne,1158528,49000,0.68
p5,rne,1158528,49500,0.548
p5,rne,1158528,50000,0.786
p5,rne,1158528,50500,0.436
p5,rne,1158528,51000,0.754
p5,rne,1158528,51500,0.549
p5,rne,1158528,52000,0.667
p5,rne,1158528,52500,0.5
p5,rne,1158528,53000,0.722
p5,rne,1158528,53500,0.353
p5,rne,1158528,54000,0.686
p5,rne,1158528,54500,0.884
p5,rne,1158528,55000,0.682
p5,rne,1158528,55500,0.625
p5,rne,1158528,56000,0.606
p5,rne,1158528,56500,0.467
p5,rne,1158528,57000,0.635
p5,rne,1158528,57500,0.774
p5,fabF,1167343,0,0.0
p5,fabF,1167343,1000,0.0
p5,fabF,1167343,1500,0.25
p5,fabF,1167343,2000,0.083
p5,fabF,1167343,3000,1.0
p5,fabF,1167343,3500,1.0
p5,fabF,1167343,4000,1.0
p5,fabF,1167343,4500,1.0
p5,fabF,1167343,5000,0.957
p5,fabF,1167343,5500,1.0
p5,fabF,1167343,6000,1.0
p5,fabF,1167343,6500,1.0
p5,fabF,1167343,7000,1.0
p5,fabF,1167343,7500,1.0
p5,fabF,1167343,8000,1.0
p5,fabF,1167343,8500,1.0
p5,fabF,1167343,9000,1.0
p5,fabF,1167343,9500,1.0
p5,fabF,1167343,10000,1.0
p5,fabF,1167343,10500,1.0
p5,fabF,1167343,11000,1.0
p5,fabF,1167343,11500,1.0
p5,fabF,1167343,12000,1.0
p5,fabF,1167343,12500,1.0
p5,fabF,1167343,13000,1.0
p5,fabF,1167343,13500,1.0
p5,fabF,1167343,14000,1.0
p5,fabF,1167343,14500,1.0
p5,fabF,1167343,15000,1.0
p5,fabF,1167343,15500,1.0
p5,fabF,1167343,16000,1.0
p5,fabF,1167343,16500,1.0
p5,fabF,1167343,17000,0.982
p5,fabF,1167343,17500,1.0
p5,fabF,1167343,18000,1.0
p5,fabF,1167343,18500,0.986
p5,fabF,1167343,19000,1.0
p5,fabF,1167343,19500,1.0
p5,fabF,1167343,20000,1.0
p5,fabF,1167343,20500,1.0
p5,fabF,1167343,21000,1.0
p5,fabF,1167343,21500,1.0
p5,fabF,1167343,22000,1.0
p5,fabF,1167343,22500,1.0
p5,fabF,1167343,23000,1.0
p5,fabF,1167343,23500,1.0
p5,fabF,1167343,24000,1.0
p5,fabF,1167343,24500,1.0
p5,fabF,1167343,25000,1.0
p5,fabF,1167343,25500,1.0
p5,fabF,1167343,26000,1.0
p5,fabF,1167343,26500,1.0
p5,fabF,1167343,27000,1.0
p5,fabF,1167343,27500,1.0
p5,fabF,1167343,28000,1.0
p5,fabF,1167343,28500,1.0
p5,fabF,1167343,29000,1.0
p5,fabF,1167343,29500,1.0
p5,fabF,1167343,30000,1.0
p5,fabF,1167343,30500,1.0
p5,fabF,1167343,31000,0.961
p5,fabF,1167343,31500,1.0
p5,fabF,1167343,32000,1.0
p5,fabF,1167343,32500,1.0
p5,fabF,1167343,33000,1.0
p5,fabF,1167343,33500,1.0
p5,fabF,1167343,34000,1.0
p5,fabF,1167343,34500,1.0
p5,fabF,1167343,35000,1.0
p5,fabF,1167343,35500,1.0
p5,fabF,1167343,36000,1.0
p5,fabF,1167343,36500,0.973
p5,fabF,1167343,37000,1.0
p5,fabF,1167343,37500,1.0
p5,fabF,1167343,38000,1.0
p5,fabF,1167343,38500,1.0
p5,fabF,1167343,39000,1.0
p5,fabF,1167343,39500,1.0
p5,fabF,1167343,40000,1.0
p5,fabF,1167343,40500,1.0
p5,fabF,1167343,41000,1.0
p5,fabF,1167343,41500,0.981
p5,fabF,1167343,42000,1.0
p5,fabF,1167343,42500,1.0
p5,fabF,1167343,43000,1.0
p5,fabF,1167343,43500,1.0
p5,fabF,1167343,44000,1.0
p5,fabF,1167343,44500,1.0
p5,fabF,1167343,45000,1.0
p5,fabF,1167343,45500,1.0
p5,fabF,1167343,46000,0.987
p5,fabF,1167343,46500,1.0
p5,fabF,1167343,47000,1.0
p5,fabF,1167343,47500,1.0
p5,fabF,1167343,48000,1.0
p5,fabF,1167343,48500,1.0
p5,fabF,1167343,49000,1.0
p5,fabF,1167343,49500,1.0
p5,fabF,1167343,50000,1.0
p5,fabF,1167343,50500,1.0
p5,fabF,1167343,51000,1.0
p5,fabF,1167343,51500,1.0
p5,fabF,1167343,52000,1.0
p5,fabF,1167343,52500,1.0
p5,fabF,1167343,53000,1.0
p5,fabF,1167343,53500,1.0
p5,fabF,1167343,54000,1.0
p5,fabF,1167343,54500,1.0
p5,fabF,1167343,55000,1.0
p5,fabF,1167343,55500,1.0
p5,fabF,1167343,56000,1.0
p5,fabF,1167343,56500,1.0
p5,fabF,1167343,57000,1.0
p5,fabF,1167343,57500,1.0
p5,trpC,1317194,0,0.0
p5,trpC,1317194,1000,0.0
p5,trpC,1317194,1500,0.0
p5,trpC,1317194,2000,0.0
p5,trpC,1317194,3000,0.0
p5,trpC,1317194,3500,0.0
p5,trpC,1317194,4000,0.0
p5,trpC,1317194,4500,0.0
p5,trpC,1317194,5000,0.0
p5,trpC,1317194,5500,0.0
p5,trpC,1317194,6000,0.0
p5,trpC,1317194,6500,0.0
p5,trpC,1317194,7000,0.0
p5,trpC,1317194,7500,0.0
p5,trpC,1317194,8000,0.0
p5,trpC,1317194,8500,0.0
p5,trpC,1317194,9000,0.0
p5,trpC,1317194,9500,0.0
p5,trpC,1317194,10000,0.0
p5,trpC,1317194,10500,0.0
p5,trpC,1317194,11000,0.0
p5,trpC,1317194,11500,0.0
p5,trpC,1317194,12000,0.0
p5,trpC,1317194,12500,0.0
p5,trpC,1317194,13000,0.0
p5,trpC,1317194,13500,0.0
p5,trpC,1317194,14000,0.0
p5,trpC,1317194,14500,0.0
p5,trpC,1317194,15000,0.0
p5,trpC,1317194,15500,0.0
p5,trpC,1317194,16000,0.0
p5,trpC,1317194,16500,0.0
p5,trpC,1317194,17000,0.0
p5,trpC,1317194,17500,0.0
p5,trpC,1317194,18000,0.0
p5,trpC,1317194,18500,0.0
p5,trpC,1317194,19000,0.0
p5,trpC,1317194,19500,0.0
p5,trpC,1317194,20000,0.0
p5,trpC,1317194,20500,0.0
p5,trpC,1317194,21000,0.0
p5,trpC,1317194,21500,0.0
p5,trpC,1317194,22000,0.0
p5,trpC,1317194,22500,0.0
p5,trpC,1317194,23000,0.0
p5,trpC,1317194,23500,0.0
p5,trpC,1317194,24000,0.0
p5,trpC,1317194,24500,0.0
p5,trpC,1317194,25000,0.0
p5,trpC,1317194,25500,0.0
p5,trpC,1317194,26000,0.0
p5,trpC,1317194,26500,0.0
p5,trpC,1317194,27000,0.0
p5,trpC,1317194,27500,0.0
p5,trpC,1317194,28000,0.0
p5,trpC,1317194,28500,0.0
p5,trpC,1317194,29000,0.0
p5,trpC,1317194,29500,0.0
p5,trpC,1317194,30000,0.0
p5,trpC,1317194,30500,0.0
p5,trpC,1317194,31000,0.0
p5,trpC,1317194,31500,0.043
p5,trpC,1317194,32000,0.026
p5,trpC,1317194,32500,0.048
p5,trpC,1317194,33000,0.078
p5,trpC,1317194,33500,0.19
p5,trpC,1317194,34000,0.74
p5,trpC,1317194,34500,0.754
p5,trpC,1317194,35000,0.5
p5,trpC,1317194,35500,0.343
p5,trpC,1317194,36000,0.65
p5,trpC,1317194,36500,0.815
p5,trpC,1317194,37000,0.556
p5,trpC,1317194,37500,0.577
p5,trpC,1317194,38000,0.871
p5,trpC,1317194,38500,0.556
p5,trpC,1317194,39000,0.938
p5,trpC,1317194,39500,0.649
p5,trpC,1317194,40000,0.962
p5,trpC,1317194,40500,0.778
p5,trpC,1317194,41000,0.88
p5,trpC,1317194,41500,0.6
p5,trpC,1317194,42000,0.925
p5,trpC,1317194,42500,0.688
p5,trpC,1317194,43000,0.571
p5,trpC,1317194,43500,0.774
p5,trpC,1317194,44000,0.822
p5,trpC,1317194,44500,0.645
p5,trpC,1317194,45000,0.803
p5,trpC,1317194,45500,0.611
p5,trpC,1317194,46000,1.0
p5,trpC,1317194,46500,0.718
p5,trpC,1317194,47000,0.75
p5,trpC,1317194,47500,0.417
p5,trpC,1317194,48000,1.0
p5,trpC,1317194,48500,0.75
p5,trpC,1317194,49000,0.85
p5,trpC,1317194,49500,0.25
p5,trpC,1317194,50000,0.857
p5,trpC,1317194,50500,0.438
p5,trpC,1317194,51000,0.714
p5,trpC,1317194,51500,0.694
p5,trpC,1317194,52000,0.609
p5,trpC,1317194,52500,0.714
p5,trpC,1317194,53000,0.92
p5,trpC,1317194,53500,0.424
p5,trpC,1317194,54000,0.735
p5,trpC,1317194,54500,0.846
p5,trpC,1317194,55000,0.9
p5,trpC,1317194,55500,0.615
p5,trpC,1317194,56000,0.643
p5,trpC,1317194,56500,0.4
p5,trpC,1317194,57000,0.646
p5,trpC,1317194,57500,0.5
p5,intergenic,1391477,0,0.0
p5,intergenic,1391477,1000,0.0
p5,intergenic,1391477,1500,0.0
p5,intergenic,1391477,2000,0.0
p5,intergenic,1391477,3000,0.0
p5,intergenic,1391477,3500,0.0
p5,intergenic,1391477,4000,0.0
p5,intergenic,1391477,4500,0.0
p5,intergenic,1391477,5000,0.0
p5,intergenic,1391477,5500,0.0
p5,intergenic,1391477,6000,0.0
p5,intergenic,1391477,6500,0.0
p5,intergenic,1391477,7000,0.0
p5,intergenic,1391477,7500,0.0
p5,intergenic,1391477,8000,0.0
p5,intergenic,1391477,8500,0.0
p5,intergenic,1391477,9000,0.0
p5,intergenic,1391477,9500,0.0
p5,intergenic,1391477,10000,0.0
p5,intergenic,1391477,10500,0.0
p5,intergenic,1391477,11000,0.0
p5,intergenic,1391477,11500,0.0
p5,intergenic,1391477,12000,0.0
p5,intergenic,1391477,12500,0.0
p5,intergenic,1391477,13000,0.057
p5,intergenic,1391477,13500,0.0
p5,intergenic,1391477,14000,0.0
p5,intergenic,1391477,14500,0.0
p5,intergenic,1391477,15000,0.0
p5,intergenic,1391477,15500,0.167
p5,intergenic,1391477,16000,0.324
p5,intergenic,1391477,16500,0.267
p5,intergenic,1391477,17000,0.343
p5,intergenic,1391477,17500,0.289
p5,intergenic,1391477,18000,0.8
p5,intergenic,1391477,18500,0.528
p5,intergenic,1391477,19000,0.875
p5,intergenic,1391477,19500,0.778
p5,intergenic,1391477,20000,0.412
p5,intergenic,1391477,20500,0.235
p5,intergenic,1391477,21000,0.583
p5,intergenic,1391477,21500,0.207
p5,intergenic,1391477,22000,0.974
p5,intergenic,1391477,22500,0.714
p5,intergenic,1391477,23000,0.684
p5,intergenic,1391477,23500,0.651
p5,intergenic,1391477,24000,0.595
p5,intergenic,1391477,24500,0.435
p5,intergenic,1391477,25000,0.593
p5,intergenic,1391477,25500,0.462
p5,intergenic,1391477,26000,0.889
p5,intergenic,1391477,26500,0.286
p5,intergenic,1391477,27000,0.718
p5,intergenic,1391477,27500,0.684
p5,intergenic,1391477,28000,0.76
p5,intergenic,1391477,28500,0.625
p5,intergenic,1391477,29000,0.958
p5,intergenic,1391477,29500,1.0
p5,intergenic,1391477,30000,0.897
p5,intergenic,1391477,30500,0.811
p5,intergenic,1391477,31000,1.0
p5,intergenic,1391477,31500,0.889
p5,intergenic,1391477,32000,0.955
p5,intergenic,1391477,32500,0.75
p5,intergenic,1391477,33000,0.895
p5,intergenic,1391477,33500,0.638
p5,intergenic,1391477,34000,0.86
p5,intergenic,1391477,34500,0.817
p5,intergenic,1391477,35000,0.9
p5,intergenic,1391477,35500,0.75
p5,intergenic,1391477,36000,0.875
p5,intergenic,1391477,36500,0.529
p5,intergenic,1391477,37000,0.667
p5,intergenic,1391477,37500,0.72
p5,intergenic,1391477,38000,0.917
p5,intergenic,1391477,38500,0.743
p5,intergenic,1391477,39000,0.845
p5,intergenic,1391477,39500,0.609
p5,intergenic,1391477,40000,0.96
p5,intergenic,1391477,40500,0.846
p5,intergenic,1391477,41000,0.839
p5,intergenic,1391477,41500,0.541
p5,intergenic,1391477,42000,0.829
p5,intergenic,1391477,42500,0.654
p5,intergenic,1391477,43000,0.329
p5,intergenic,1391477,43500,0.667
p5,intergenic,1391477,44000,0.649
p5,intergenic,1391477,44500,0.486
p5,intergenic,1391477,45000,0.646
p5,intergenic,1391477,45500,0.542
p5,intergenic,1391477,46000,0.865
p5,intergenic,1391477,46500,0.819
p5,intergenic,1391477,47000,0.676
p5,intergenic,1391477,47500,0.581
p5,intergenic,1391477,48000,1.0
p5,intergenic,1391477,48500,0.75
p5,intergenic,1391477,49000,0.896
p5,intergenic,1391477,49500,0.583
p5,intergenic,1391477,50000,0.744
p5,intergenic,1391477,50500,0.68
p5,intergenic,1391477,51000,0.706
p5,intergenic,1391477,51500,0.574
p5,intergenic,1391477,52000,0.614
p5,intergenic,1391477,52500,0.5
p5,intergenic,1391477,53000,0.788
p5,intergenic,1391477,53500,0.577
p5,intergenic,1391477,54000,0.661
p5,intergenic,1391477,54500,0.778
p5,intergenic,1391477,55000,0.531
p5,intergenic,1391477,55500,0.643
p5,intergenic,1391477,56000,0.523
p5,intergenic,1391477,56500,0.629
p5,intergenic,1391477,57000,0.641
p5,intergenic,1391477,57500,0.534
p5,pykF,1733433,0,0.0
p5,pykF,1733433,1000,0.0
p5,pykF,1733433,1500,0.0
p5,pykF,1733433,2000,0.0
p5,pykF,1733433,3000,0.0
p5,pykF,1733433,3500,0.0
p5,pykF,1733433,4000,0.0
p5,pykF,1733433,4500,0.0
p5,pykF,1733433,5000,0.0
p5,pykF,1733433,5500,0.0
p5,pykF,1733433,6000,0.0
p5,pykF,1733433,6500,0.0
p5,pykF,1733433,7000,0.0
p5,pykF,1733433,7500,0.0
p5,pykF,1733433,8000,0.0
p5,pykF,1733433,8500,0.0
p5,pykF,1733433,9000,0.0
p5,pykF,1733433,9500,0.0
p5,pykF,1733433,10000,0.0
p5,pykF,1733433,10500,0.0
p5,pykF,1733433,11000,0.0
p5,pykF,1733433,11500,0.03
p5,pykF,1733433,12000,0.043
p5,pykF,1733433,12500,0.0
p5,pykF,1733433,13000,0.093
p5,pykF,1733433,13500,0.619
p5,pykF,1733433,14000,0.704
p5,pykF,1733433,14500,0.833
p5,pykF,1733433,15000,0.806
p5,pykF,1733433,15500,0.69
p5,pykF,1733433,16000,0.609
p5,pykF,1733433,16500,0.743
p5,pykF,1733433,17000,0.517
p5,pykF,1733433,17500,0.368
p5,pykF,1733433,18000,0.783
p5,pykF,1733433,18500,0.733
p5,pykF,1733433,19000,0.947
p5,pykF,1733433,19500,0.64
p5,pykF,1733433,20000,0.412
p5,pykF,1733433,20500,0.467
p5,pykF,1733433,21000,0.585
p5,pykF,1733433,21500,0.208
p5,pykF,1733433,22000,0.97
p5,pykF,1733433,22500,0.684
p5,pykF,1733433,23000,0.672
p5,pykF,1733433,23500,0.578
p5,pykF,1733433,24000,0.7
p5,pykF,1733433,24500,0.364
p5,pykF,1733433,25000,0.561
p5,pykF,1733433,25500,0.618
p5,pykF,1733433,26000,0.686
p5,pykF,1733433,26500,0.5
p5,pykF,1733433,27000,0.667
p5,pykF,1733433,27500,0.794
p5,pykF,1733433,28000,0.81
p5,pykF,1733433,28500,0.778
p5,pykF,1733433,29000,0.82
p5,pykF,1733433,29500,0.957
p5,pykF,1733433,30000,0.938
p5,pykF,1733433,30500,0.907
p5,pykF,1733433,31000,0.905
p5,pykF,1733433,31500,0.897
p5,pykF,1733433,32000,1.0
p5,pykF,1733433,32500,0.771
p5,pykF,1733433,33000,0.884
p5,pykF,1733433,33500,0.733
p5,pykF,1733433,34000,0.917
p5,pykF,1733433,34500,0.863
p5,pykF,1733433,35000,0.955
p5,pykF,1733433,35500,0.895
p5,pykF,1733433,36000,0.946
p5,pykF,1733433,36500,0.692
p5,pykF,1733433,37000,0.718
p5,pykF,1733433,37500,0.745
p5,pykF,1733433,38000,0.921
p5,pykF,1733433,38500,0.721
p5,pykF,1733433,39000,0.872
p5,pykF,1733433,39500,0.304
p5,pykF,1733433,40000,0.94
p5,pykF,1733433,40500,0.854
p5,pykF,1733433,41000,0.775
p5,pykF,1733433,41500,0.535
p5,pykF,1733433,42000,0.881
p5,pykF,1733433,42500,0.675
p5,pykF,1733433,43000,0.427
p5,pykF,1733433,43500,0.898
p5,pykF,1733433,44000,0.758
p5,pykF,1733433,44500,0.609
p5,pykF,1733433,45000,0.75
p5,pykF,1733433,45500,0.594
p5,pykF,1733433,46000,0.967
p5,pykF,1733433,46500,0.649
p5,pykF,1733433,47000,0.757
p5,pykF,1733433,47500,0.742
p5,pykF,1733433,48000,0.988
p5,pykF,1733433,48500,0.808
p5,pykF,1733433,49000,0.794
p5,pykF,1733433,49500,0.594
p5,pykF,1733433,50000,0.804
p5,pykF,1733433,50500,0.731
p5,pykF,1733433,51000,0.823
p5,pykF,1733433,51500,0.667
p5,pykF,1733433,52000,0.723
p5,pykF,1733433,52500,0.686
p5,pykF,1733433,53000,0.925
p5,pykF,1733433,53500,0.667
p5,pykF,1733433,54000,0.569
p5,pykF,1733433,54500,0.917
p5,pykF,1733433,55000,0.533
p5,pykF,1733433,55500,0.548
p5,pykF,1733433,56000,0.594
p5,pykF,1733433,56500,0.773
p5,pykF,1733433,57000,0.635
p5,pykF,1733433,57500,0.625
p5,pykF,1733865,0,0.0
p5,pykF,1733865,1000,0.091
p5,pykF,1733865,1500,0.5
p5,pykF,1733865,2000,0.235
p5,pykF,1733865,3000,0.857
p5,pykF,1733865,3500,1.0
p5,pykF,1733865,4000,0.933
p5,pykF,1733865,4500,1.0
p5,pykF,1733865,5000,1.0
p5,pykF,1733865,5500,1.0
p5,pykF,1733865,6000,1.0
p5,pykF,1733865,6500,1.0
p5,pykF,1733865,7000,1.0
p5,pykF,1733865,7500,1.0
p5,pykF,1733865,8000,1.0
p5,pykF,1733865,8500,1.0
p5,pykF,1733865,9000,1.0
p5,pykF,1733865,9500,1.0
p5,pykF,1733865,10000,1.0
p5,pykF,1733865,10500,1.0
p5,pykF,1733865,11000,1.0
p5,pykF,1733865,11500,1.0
p5,pykF,1733865,12000,1.0
p5,pykF,1733865,12500,1.0
p5,pykF,1733865,13000,1.0
p5,pykF,1733865,13500,1.0
p5,pykF,1733865,14000,1.0
p5,pykF,1733865,14500,1.0
p5,pykF,1733865,15000,1.0
p5,pykF,1733865,15500,1.0
p5,pykF,1733865,16000,1.0
p5,pykF,1733865,16500,1.0
p5,pykF,1733865,17000,1.0
p5,pykF,1733865,17500,1.0
p5,pykF,1733865,18000,1.0
p5,pykF,1733865,18500,1.0
p5,pykF,1733865,19000,1.0
p5,pykF,1733865,19500,1.0
p5,pykF,1733865,20000,1.0
p5,pykF,1733865,20500,1.0
p5,pykF,1733865,21000,1.0
p5,pykF,1733865,21500,1.0
p5,pykF,1733865,22000,1.0
p5,pykF,1733865,22500,1.0
p5,pykF,1733865,23000,1.0
p5,pykF,1733865,23500,1.0
p5,pykF,1733865,24000,1.0
p5,pykF,1733865,24500,1.0
p5,pykF,1733865,25000,1.0
p5,pykF,1733865,25500,1.0
p5,pykF,1733865,26000,1.0
p5,pykF,1733865,26500,1.0
p5,pykF,1733865,27000,1.0
p5,pykF,1733865,27500,1.0
p5,pykF,1733865,28000,1.0
p5,pykF,1733865,28500,1.0
p5,pykF,1733865,29000,1.0
p5,pykF,1733865,29500,1.0
p5,pykF,1733865,30000,1.0
p5,pykF,1733865,30500,1.0
p5,pykF,1733865,31000,1.0
p5,pykF,1733865,31500,1.0
p5,pykF,1733865,32000,1.0
p5,pykF,1733865,32500,1.0
p5,pykF,1733865,33000,1.0
p5,pykF,1733865,33500,1.0
p5,pykF,1733865,34000,1.0
p5,pykF,1733865,34500,1.0
p5,pykF,1733865,35000,1.0
p5,pykF,1733865,35500,1.0
p5,pykF,1733865,36000,1.0
p5,pykF,1733865,36500,1.0
p5,pykF,1733865,37000,1.0
p5,pykF,1733865,37500,1.0
p5,pykF,1733865,38000,1.0
p5,pykF,1733865,38500,1.0
p5,pykF,1733865,39000,1.0
p5,pykF,1733865,39500,1.0
p5,pykF,1733865,40000,1.0
p5,pykF,1733865,40500,1.0
p5,pykF,1733865,41000,1.0
p5,pykF,1733865,41500,1.0
p5,pykF,1733865,42000,1.0
p5,pykF,1733865,42500,1.0
p5,pykF,1733865,43000,1.0
p5,pykF,1733865,43500,1.0
p5,pykF,1733865,44000,1.0
p5,pykF,1733865,44500,1.0
p5,pykF,1733865,45000,1.0
p5,pykF,1733865,45500,1.0
p5,pykF,1733865,46000,1.0
p5,pykF,1733865,46500,0.977
p5,pykF,1733865,47000,1.0
p5,pykF,1733865,47500,1.0
p5,pykF,1733865,48000,1.0
p5,pykF,1733865,48500,1.0
p5,pykF,1733865,49000,1.0
p5,pykF,1733865,49500,1.0
p5,pykF,1733865,50000,1.0
p5,pykF,1733865,50500,1.0
p5,pykF,1733865,51000,1.0
p5,pykF,1733865,51500,1.0
p5,pykF,1733865,52000,1.0
p5,pykF,1733865,52500,1.0
p5,pykF,1733865,53000,1.0
p5,pykF,1733865,53500,1.0
p5,pykF,1733865,54000,1.0
p5,pykF,1733865,54500,1.0
p5,pykF,1733865,55000,1.0
p5,pykF,1733865,55500,1.0
p5,pykF,1733865,56000,1.0
p5,pykF,1733865,56500,1.0
p5,pykF,1733865,57000,1.0
p5,pykF,1733865,57500,1.0
p5,yoeD,2009188,0,0.0
p5,yoeD,2009188,1000,0.0
p5,yoeD,2009188,1500,0.0
p5,yoeD,2009188,2000,0.0
p5,yoeD,2009188,3000,0.0
p5,yoeD,2009188,3500,0.0
p5,yoeD,2009188,4000,0.0
p5,yoeD,2009188,4500,0.0
p5,yoeD,2009188,5000,0.0
p5,yoeD,2009188,5500,0.0
p5,yoeD,2009188,6000,0.0
p5,yoeD,2009188,6500,0.0
p5,yoeD,2009188,7000,0.0
p5,yoeD,2009188,7500,0.0
p5,yoeD,2009188,8000,0.0
p5,yoeD,2009188,8500,0.0
p5,yoeD,2009188,9000,0.0
p5,yoeD,2009188,9500,0.0
p5,yoeD,2009188,10000,0.0
p5,yoeD,2009188,10500,0.0
p5,yoeD,2009188,11000,0.0
p5,yoeD,2009188,11500,0.0
p5,yoeD,2009188,12000,0.047
p5,yoeD,2009188,12500,0.032
p5,yoeD,2009188,13000,0.179
p5,yoeD,2009188,13500,0.657
p5,yoeD,2009188,14000,0.8
p5,yoeD,2009188,14500,0.958
p5,yoeD,2009188,15000,0.812
p5,yoeD,2009188,15500,0.687
p5,yoeD,2009188,16000,0.762
p5,yoeD,2009188,16500,0.75
p5,yoeD,2009188,17000,0.552
p5,yoeD,2009188,17500,0.354
p5,yoeD,2009188,18000,0.915
p5,yoeD,2009188,18500,0.623
p5,yoeD,2009188,19000,0.944
p5,yoeD,2009188,19500,0.867
p5,yoeD,2009188,20000,0.321
p5,yoeD,2009188,20500,0.5
p5,yoeD,2009188,21000,0.8
p5,yoeD,2009188,21500,0.327
p5,yoeD,2009188,22000,0.897
p5,yoeD,2009188,22500,0.727
p5,yoeD,2009188,23000,0.688
p5,yoeD,2009188,23500,0.714
p5,yoeD,2009188,24000,0.647
p5,yoeD,2009188,24500,0.576
p5,yoeD,2009188,25000,0.667
p5,yoeD,2009188,25500,0.629
p5,yoeD,2009188,26000,0.759
p5,yoeD,2009188,26500,0.842
p5,yoeD,2009188,27000,0.839
p5,yoeD,2009188,27500,0.823
p5,yoeD,2009188,28000,0.848
p5,yoeD,2009188,28500,0.621
p5,yoeD,2009188,29000,0.81
p5,yoeD,2009188,29500,0.913
p5,yoeD,2009188,30000,1.0
p5,yoeD,2009188,30500,0.938
p5,yoeD,2009188,31000,0.948
p5,yoeD,2009188,31500,0.977
p5,yoeD,2009188,32000,0.976
p5,yoeD,2009188,32500,0.756
p5,yoeD,2009188,33000,0.895
p5,yoeD,2009188,33500,0.713
p5,yoeD,2009188,34000,0.9
p5,yoeD,2009188,34500,0.864
p5,yoeD,2009188,35000,0.708
p5,yoeD,2009188,35500,0.821
p5,yoeD,2009188,36000,0.828
p5,yoeD,2009188,36500,0.846
p5,yoeD,2009188,37000,0.822
p5,yoeD,2009188,37500,0.744
p5,yoeD,2009188,38000,0.885
p5,yoeD,2009188,38500,0.694
p5,yoeD,2009188,39000,0.803
p5,yoeD,2009188,39500,0.602
p5,yoeD,2009188,40000,0.933
p5,yoeD,2009188,40500,0.683
p5,yoeD,2009188,41000,0.775
p5,yoeD,2009188,41500,0.627
p5,yoeD,2009188,42000,0.813
p5,yoeD,2009188,42500,0.708
p5,yoeD,2009188,43000,0.688
p5,yoeD,2009188,43500,0.917
p5,yoeD,2009188,44000,0.8
p5,yoeD,2009188,44500,0.519
p5,yoeD,2009188,45000,0.747
p5,yoeD,2009188,45500,0.743
p5,yoeD,2009188,46000,0.897
p5,yoeD,2009188,46500,0.795
p5,yoeD,2009188,47000,0.651
p5,yoeD,2009188,47500,0.621
p5,yoeD,2009188,48000,0.977
p5,yoeD,2009188,48500,0.856
p5,yoeD,2009188,49000,0.811
p5,yoeD,2009188,49500,0.521
p5,yoeD,2009188,50000,0.86
p5,yoeD,2009188,50500,0.7
p5,yoeD,2009188,51000,0.741
p5,yoeD,2009188,51500,0.523
p5,yoeD,2009188,52000,0.761
p5,yoeD,2009188,52500,0.795
p5,yoeD,2009188,53000,0.85
p5,yoeD,2009188,53500,0.659
p5,yoeD,2009188,54000,0.653
p5,yoeD,2009188,54500,0.914
p5,yoeD,2009188,55000,0.682
p5,yoeD,2009188,55500,0.54
p5,yoeD,2009188,56000,0.571
p5,yoeD,2009188,56500,0.912
p5,yoeD,2009188,57000,0.492
p5,yoeD,2009188,57500,0.708
p5,galF,2047545,0,0.0
p5,galF,2047545,1000,0.0
p5,galF,2047545,1500,0.0
p5,galF,2047545,2000,0.0
p5,galF,2047545,3000,0.0
p5,galF,2047545,3500,0.0
p5,galF,2047545,4000,0.0
p5,galF,2047545,4500,0.0
p5,galF,2047545,5000,0.0
p5,galF,2047545,5500,0.0
p5,galF,2047545,6000,0.0
p5,galF,2047545,6500,0.0
p5,galF,2047545,7000,0.0
p5,galF,2047545,7500,0.0
p5,galF,2047545,8000,0.0
p5,galF,2047545,8500,0.0
p5,galF,2047545,9000,0.0
p5,galF,2047545,9500,0.0
p5,galF,2047545,10000,0.0
p5,galF,2047545,10500,0.0
p5,galF,2047545,11000,0.045
p5,galF,2047545,11500,0.109
p5,galF,2047545,12000,0.075
p5,galF,2047545,12500,0.025
p5,galF,2047545,13000,0.148
p5,galF,2047545,13500,0.501
p5,galF,2047545,14000,0.948
p5,galF,2047545,14500,0.946
p5,galF,2047545,15000,0.922
p5,galF,2047545,15500,0.959
p5,galF,2047545,16000,0.984
p5,galF,2047545,16500,1.0
p5,galF,2047545,17000,0.986
p5,galF,2047545,17500,1.0
p5,galF,2047545,18000,0.972
p5,galF,2047545,18500,0.959
p5,galF,2047545,19000,0.979
p5,galF,2047545,19500,0.958
p5,galF,2047545,20000,0.957
p5,galF,2047545,20500,1.0
p5,galF,2047545,21000,0.984
p5,galF,2047545,21500,0.909
p5,galF,2047545,22000,0.968
p5,galF,2047545,22500,1.0
p5,galF,2047545,23000,0.961
p5,galF,2047545,23500,1.0
p5,galF,2047545,24000,0.989
p5,galF,2047545,24500,0.955
p5,galF,2047545,25000,0.963
p5,galF,2047545,25500,0.942
p5,galF,2047545,26000,1.0
p5,galF,2047545,26500,1.0
p5,galF,2047545,27000,0.989
p5,galF,2047545,27500,0.946
p5,galF,2047545,28000,0.951
p5,galF,2047545,28500,1.0
p5,galF,2047545,29000,0.943
p5,galF,2047545,29500,0.962
p5,galF,2047545,30000,0.973
p5,galF,2047545,30500,0.989
p5,galF,2047545,31000,0.971
p5,galF,2047545,31500,0.965
p5,galF,2047545,32000,0.93
p5,galF,2047545,32500,0.969
p5,galF,2047545,33000,0.974
p5,galF,2047545,33500,0.976
p5,galF,2047545,34000,0.959
p5,galF,2047545,34500,0.981
p5,galF,2047545,35000,1.0
p5,galF,2047545,35500,1.0
p5,galF,2047545,36000,0.955
p5,galF,2047545,36500,1.0
p5,galF,2047545,37000,0.986
p5,galF,2047545,37500,0.949
p5,galF,2047545,38000,0.915
p5,galF,2047545,38500,0.988
p5,galF,2047545,39000,0.975
p5,galF,2047545,39500,1.0
p5,galF,2047545,40000,0.987
p5,galF,2047545,40500,0.975
p5,galF,2047545,41000,0.987
p5,galF,2047545,41500,0.986
p5,galF,2047545,42000,0.975
p5,galF,2047545,42500,1.0
p5,galF,2047545,43000,0.959
p5,galF,2047545,43500,1.0
p5,galF,2047545,44000,0.964
p5,galF,2047545,44500,0.965
p5,galF,2047545,45000,0.97
p5,galF,2047545,45500,0.957
p5,galF,2047545,46000,0.983
p5,galF,2047545,46500,0.992
p5,galF,2047545,47000,0.986
p5,galF,2047545,47500,0.968
p5,galF,2047545,48000,0.977
p5,galF,2047545,48500,0.985
p5,galF,2047545,49000,0.976
p5,galF,2047545,49500,0.984
p5,galF,2047545,50000,1.0
p5,galF,2047545,50500,0.966
p5,galF,2047545,51000,0.892
p5,galF,2047545,51500,0.979
p5,galF,2047545,52000,0.962
p5,galF,2047545,52500,1.0
p5,galF,2047545,53000,0.98
p5,galF,2047545,53500,0.982
p5,galF,2047545,54000,0.83
p5,galF,2047545,54500,0.936
p5,galF,2047545,55000,0.913
p5,galF,2047545,55500,0.923
p5,galF,2047545,56000,1.0
p5,galF,2047545,56500,0.987
p5,galF,2047545,57000,0.758
p5,galF,2047545,57500,0.975
p5,cirA,2196654,0,0.0
p5,cirA,2196654,1000,0.0
p5,cirA,2196654,1500,0.0
p5,cirA,2196654,2000,0.0
p5,cirA,2196654,3000,0.0
p5,cirA,2196654,3500,0.0
p5,cirA,2196654,4000,0.0
p5,cirA,2196654,4500,0.0
p5,cirA,2196654,5000,0.0
p5,cirA,2196654,5500,0.0
p5,cirA,2196654,6000,0.0
p5,cirA,2196654,6500,0.0
p5,cirA,2196654,7000,0.0
p5,cirA,2196654,7500,0.0
p5,cirA,2196654,8000,0.0
p5,cirA,2196654,8500,0.0
p5,cirA,2196654,9000,0.0
p5,cirA,2196654,9500,0.0
p5,cirA,2196654,10000,0.0
p5,cirA,2196654,10500,0.0
p5,cirA,2196654,11000,0.0
p5,cirA,2196654,11500,0.0
p5,cirA,2196654,12000,0.0
p5,cirA,2196654,12500,0.0
p5,cirA,2196654,13000,0.0
p5,cirA,2196654,13500,0.0
p5,cirA,2196654,14000,0.0
p5,cirA,2196654,14500,0.0
p5,cirA,2196654,15000,0.0
p5,cirA,2196654,15500,0.0
p5,cirA,2196654,16000,0.0
p5,cirA,2196654,16500,0.0
p5,cirA,2196654,17000,0.0
p5,cirA,2196654,17500,0.0
p5,cirA,2196654,18000,0.0
p5,cirA,2196654,18500,0.0
p5,cirA,2196654,19000,0.0
p5,cirA,2196654,19500,0.0
p5,cirA,2196654,20000,0.0
p5,cirA,2196654,20500,0.0
p5,cirA,2196654,21000,0.0
p5,cirA,2196654,21500,0.447
p5,cirA,2196654,22000,0.808
p5,cirA,2196654,22500,0.895
p5,cirA,2196654,23000,0.779
p5,cirA,2196654,23500,0.71
p5,cirA,2196654,24000,0.674
p5,cirA,2196654,24500,0.603
p5,cirA,2196654,25000,0.513
p5,cirA,2196654,25500,0.613
p5,cirA,2196654,26000,0.75
p5,cirA,2196654,26500,0.714
p5,cirA,2196654,27000,0.783
p5,cirA,2196654,27500,0.655
p5,cirA,2196654,28000,0.905
p5,cirA,2196654,28500,0.75
p5,cirA,2196654,29000,0.82
p5,cirA,2196654,29500,0.904
p5,cirA,2196654,30000,0.956
p5,cirA,2196654,30500,0.905
p5,cirA,2196654,31000,0.98
p5,cirA,2196654,31500,0.875
p5,cirA,2196654,32000,1.0
p5,cirA,2196654,32500,0.837
p5,cirA,2196654,33000,0.975
p5,cirA,2196654,33500,0.794
p5,cirA,2196654,34000,0.949
p5,cirA,2196654,34500,0.852
p5,cirA,2196654,35000,0.951
p5,cirA,2196654,35500,0.717
p5,cirA,2196654,36000,0.771
p5,cirA,2196654,36500,0.73
p5,cirA,2196654,37000,0.738
p5,cirA,2196654,37500,0.669
p5,cirA,2196654,38000,0.892
p5,cirA,2196654,38500,0.681
p5,cirA,2196654,39000,0.84
p5,cirA,2196654,39500,0.635
p5,cirA,2196654,40000,0.961
p5,cirA,2196654,40500,0.833
p5,cirA,2196654,41000,0.907
p5,cirA,2196654,41500,0.619
p5,cirA,2196654,42000,0.816
p5,cirA,2196654,42500,0.783
p5,cirA,2196654,43000,0.594
p5,cirA,2196654,43500,0.939
p5,cirA,2196654,44000,0.758
p5,cirA,2196654,44500,0.623
p5,cirA,2196654,45000,0.806
p5,cirA,2196654,45500,0.696
p5,cirA,2196654,46000,0.954
p5,cirA,2196654,46500,0.868
p5,cirA,2196654,47000,0.736
p5,cirA,2196654,47500,0.571
p5,cirA,2196654,48000,0.97
p5,cirA,2196654,48500,0.877
p5,cirA,2196654,49000,0.932
p5,cirA,2196654,49500,0.591
p5,cirA,2196654,50000,0.851
p5,cirA,2196654,50500,0.573
p5,cirA,2196654,51000,0.791
p5,cirA,2196654,51500,0.643
p5,cirA,2196654,52000,0.718
p5,cirA,2196654,52500,0.72
p5,cirA,2196654,53000,0.827
p5,cirA,2196654,53500,0.439
p5,cirA,2196654,54000,0.722
p5,cirA,2196654,54500,0.85
p5,cirA,2196654,55000,0.726
p5,cirA,2196654,55500,0.74
p5,cirA,2196654,56000,0.78
p5,cirA,2196654,56500,0.551
p5,cirA,2196654,57000,0.622
p5,cirA,2196654,57500,0.65
p5,ccmA,2247369,0,0.0
p5,ccmA,2247369,1000,0.0
p5,ccmA,2247369,1500,0.0
p5,ccmA,2247369,2000,0.0
p5,ccmA,2247369,3000,0.0
p5,ccmA,2247369,3500,0.0
p5,ccmA,2247369,4000,0.0
p5,ccmA,2247369,4500,0.0
p5,ccmA,2247369,5000,0.0
p5,ccmA,2247369,5500,0.0
p5,ccmA,2247369,6000,0.0
p5,ccmA,2247369,6500,0.0
p5,ccmA,2247369,7000,0.0
p5,ccmA,2247369,7500,0.0
p5,ccmA,2247369,8000,0.0
p5,ccmA,2247369,8500,0.0
p5,ccmA,2247369,9000,0.0
p5,ccmA,2247369,9500,0.0
p5,ccmA,2247369,10000,0.0
p5,ccmA,2247369,10500,0.0
p5,ccmA,2247369,11000,0.0
p5,ccmA,2247369,11500,0.0
p5,ccmA,2247369,12000,0.0
p5,ccmA,2247369,12500,0.0
p5,ccmA,2247369,13000,0.0
p5,ccmA,2247369,13500,0.0
p5,ccmA,2247369,14000,0.0
p5,ccmA,2247369,14500,0.0
p5,ccmA,2247369,15000,0.0
p5,ccmA,2247369,15500,0.0
p5,ccmA,2247369,16000,0.0
p5,ccmA,2247369,16500,0.0
p5,ccmA,2247369,17000,0.0
p5,ccmA,2247369,17500,0.0
p5,ccmA,2247369,18000,0.0
p5,ccmA,2247369,18500,0.0
p5,ccmA,2247369,19000,0.0
p5,ccmA,2247369,19500,0.0
p5,ccmA,2247369,20000,0.0
p5,ccmA,2247369,20500,0.0
p5,ccmA,2247369,21000,0.0
p5,ccmA,2247369,21500,0.0
p5,ccmA,2247369,22000,0.0
p5,ccmA,2247369,22500,0.0
p5,ccmA,2247369,23000,0.0
p5,ccmA,2247369,23500,0.0
p5,ccmA,2247369,24000,0.008
p5,ccmA,2247369,24500,0.011
p5,ccmA,2247369,25000,0.136
p5,ccmA,2247369,25500,0.1
p5,ccmA,2247369,26000,0.158
p5,ccmA,2247369,26500,0.696
p5,ccmA,2247369,27000,0.881
p5,ccmA,2247369,27500,0.894
p5,ccmA,2247369,28000,0.817
p5,ccmA,2247369,28500,0.811
p5,ccmA,2247369,29000,0.922
p5,ccmA,2247369,29500,0.99
p5,ccmA,2247369,30000,1.0
p5,ccmA,2247369,30500,0.961
p5,ccmA,2247369,31000,0.979
p5,ccmA,2247369,31500,0.944
p5,ccmA,2247369,32000,0.988
p5,ccmA,2247369,32500,0.9
p5,ccmA,2247369,33000,0.867
p5,ccmA,2247369,33500,0.815
p5,ccmA,2247369,34000,0.946
p5,ccmA,2247369,34500,0.927
p5,ccmA,2247369,35000,0.545
p5,ccmA,2247369,35500,0.439
p5,ccmA,2247369,36000,0.838
p5,ccmA,2247369,36500,0.728
p5,ccmA,2247369,37000,0.687
p5,ccmA,2247369,37500,0.75
p5,ccmA,2247369,38000,0.896
p5,ccmA,2247369,38500,0.57
p5,ccmA,2247369,39000,0.861
p5,ccmA,2247369,39500,0.592
p5,ccmA,2247369,40000,0.973
p5,ccmA,2247369,40500,0.882
p5,ccmA,2247369,41000,0.897
p5,ccmA,2247369,41500,0.762
p5,ccmA,2247369,42000,0.915
p5,ccmA,2247369,42500,0.727
p5,ccmA,2247369,43000,0.645
p5,ccmA,2247369,43500,0.886
p5,ccmA,2247369,44000,0.823
p5,ccmA,2247369,44500,0.625
p5,ccmA,2247369,45000,0.873
p5,ccmA,2247369,45500,0.747
p5,ccmA,2247369,46000,0.93
p5,ccmA,2247369,46500,0.752
p5,ccmA,2247369,47000,0.758
p5,ccmA,2247369,47500,0.534
p5,ccmA,2247369,48000,0.993
p5,ccmA,2247369,48500,0.823
p5,ccmA,2247369,49000,0.832
p5,ccmA,2247369,49500,0.627
p5,ccmA,2247369,50000,0.874
p5,ccmA,2247369,50500,0.541
p5,ccmA,2247369,51000,0.705
p5,ccmA,2247369,51500,0.685
p5,ccmA,2247369,52000,0.696
p5,ccmA,2247369,52500,0.632
p5,ccmA,2247369,53000,0.905
p5,ccmA,2247369,53500,0.477
p5,ccmA,2247369,54000,0.63
p5,ccmA,2247369,54500,0.978
p5,ccmA,2247369,55000,0.589
p5,ccmA,2247369,55500,0.73
p5,ccmA,2247369,56000,0.634
p5,ccmA,2247369,56500,0.456
p5,ccmA,2247369,57000,0.7
p5,ccmA,2247369,57500,0.633
p5,napA,2251393,0,0.0
p5,napA,2251393,1000,0.0
p5,napA,2251393,1500,0.0
p5,napA,2251393,2000,0.0
p5,napA,2251393,3000,0.0
p5,napA,2251393,3500,0.0
p5,napA,2251393,4000,0.0
p5,napA,2251393,4500,0.0
p5,napA,2251393,5000,0.0
p5,napA,2251393,5500,0.0
p5,napA,2251393,6000,0.0
p5,napA,2251393,6500,0.0
p5,napA,2251393,7000,0.0
p5,napA,2251393,7500,0.0
p5,napA,2251393,8000,0.0
p5,napA,2251393,8500,0.0
p5,napA,2251393,9000,0.0
p5,napA,2251393,9500,0.0
p5,napA,2251393,10000,0.0
p5,napA,2251393,10500,0.0
p5,napA,2251393,11000,0.0
p5,napA,2251393,11500,0.044
p5,napA,2251393,12000,0.091
p5,napA,2251393,12500,0.041
p5,napA,2251393,13000,0.255
p5,napA,2251393,13500,0.575
p5,napA,2251393,14000,0.66
p5,napA,2251393,14500,0.773
p5,napA,2251393,15000,0.83
p5,napA,2251393,15500,0.707
p5,napA,2251393,16000,0.667
p5,napA,2251393,16500,0.592
p5,napA,2251393,17000,0.607
p5,napA,2251393,17500,0.441
p5,napA,2251393,18000,0.883
p5,napA,2251393,18500,0.704
p5,napA,2251393,19000,0.923
p5,napA,2251393,19500,0.692
p5,napA,2251393,20000,0.368
p5,napA,2251393,20500,0.588
p5,napA,2251393,21000,0.545
p5,napA,2251393,21500,0.314
p5,napA,2251393,22000,0.974
p5,napA,2251393,22500,0.438
p5,napA,2251393,23000,0.649
p5,napA,2251393,23500,0.661
p5,napA,2251393,24000,0.671
p5,napA,2251393,24500,0.614
p5,napA,2251393,25000,0.649
p5,napA,2251393,25500,0.652
p5,napA,2251393,26000,0.79
p5,napA,2251393,26500,0.8
p5,napA,2251393,27000,0.71
p5,napA,2251393,27500,0.773
p5,napA,2251393,28000,0.76
p5,napA,2251393,28500,0.893
p5,napA,2251393,29000,0.823
p5,napA,2251393,29500,0.98
p5,napA,2251393,30000,1.0
p5,napA,2251393,30500,0.939
p5,napA,2251393,31000,0.944
p5,napA,2251393,31500,1.0
p5,napA,2251393,32000,1.0
p5,napA,2251393,32500,0.803
p5,napA,2251393,33000,0.894
p5,napA,2251393,33500,0.771
p5,napA,2251393,34000,0.94
p5,napA,2251393,34500,0.806
p5,napA,2251393,35000,0.933
p5,napA,2251393,35500,0.848
p5,napA,2251393,36000,0.706
p5,napA,2251393,36500,0.736
p5,napA,2251393,37000,0.672
p5,napA,2251393,37500,0.776
p5,napA,2251393,38000,0.921
p5,napA,2251393,38500,0.686
p5,napA,2251393,39000,0.893
p5,napA,2251393,39500,0.533
p5,napA,2251393,40000,0.96
p5,napA,2251393,40500,0.945
p5,napA,2251393,41000,0.757
p5,napA,2251393,41500,0.645
p5,napA,2251393,42000,0.884
p5,napA,2251393,42500,0.769
p5,napA,2251393,43000,0.481
p5,napA,2251393,43500,0.84
p5,napA,2251393,44000,0.824
p5,napA,2251393,44500,0.609
p5,napA,2251393,45000,0.644
p5,napA,2251393,45500,0.588
p5,napA,2251393,46000,0.919
p5,napA,2251393,46500,0.805
p5,napA,2251393,47000,0.813
p5,napA,2251393,47500,0.857
p5,napA,2251393,48000,1.0
p5,napA,2251393,48500,0.696
p5,napA,2251393,49000,0.943
p5,napA,2251393,49500,0.732
p5,napA,2251393,50000,0.833
p5,napA,2251393,50500,0.812
p5,napA,2251393,51000,0.787
p5,napA,2251393,51500,0.516
p5,napA,2251393,52000,0.75
p5,napA,2251393,52500,0.721
p5,napA,2251393,53000,0.915
p5,napA,2251393,53500,0.786
p5,napA,2251393,54000,0.56
p5,napA,2251393,54500,0.896
p5,napA,2251393,55000,0.613
p5,napA,2251393,55500,0.738
p5,napA,2251393,56000,0.613
p5,napA,2251393,56500,0.792
p5,napA,2251393,57000,0.553
p5,napA,2251393,57500,0.485
p5,dedD,2375267,0,0.0
p5,dedD,2375267,1000,0.0
p5,dedD,2375267,1500,0.0
p5,dedD,2375267,2000,0.0
p5,dedD,2375267,3000,0.0
p5,dedD,2375267,3500,0.0
p5,dedD,2375267,4000,0.0
p5,dedD,2375267,4500,0.0
p5,dedD,2375267,5000,0.0
p5,dedD,2375267,5500,0.0
p5,dedD,2375267,6000,0.0
p5,dedD,2375267,6500,0.0
p5,dedD,2375267,7000,0.0
p5,dedD,2375267,7500,0.0
p5,dedD,2375267,8000,0.0
p5,dedD,2375267,8500,0.0
p5,dedD,2375267,9000,0.0
p5,dedD,2375267,9500,0.0
p5,dedD,2375267,10000,0.0
p5,dedD,2375267,10500,0.0
p5,dedD,2375267,11000,0.0
p5,dedD,2375267,11500,0.0
p5,dedD,2375267,12000,0.0
p5,dedD,2375267,12500,0.0
p5,dedD,2375267,13000,0.0
p5,dedD,2375267,13500,0.0
p5,dedD,2375267,14000,0.154
p5,dedD,2375267,14500,0.289
p5,dedD,2375267,15000,0.327
p5,dedD,2375267,15500,0.275
p5,dedD,2375267,16000,0.2
p5,dedD,2375267,16500,0.415
p5,dedD,2375267,17000,0.288
p5,dedD,2375267,17500,0.387
p5,dedD,2375267,18000,0.879
p5,dedD,2375267,18500,0.566
p5,dedD,2375267,19000,0.885
p5,dedD,2375267,19500,0.778
p5,dedD,2375267,20000,0.412
p5,dedD,2375267,20500,0.571
p5,dedD,2375267,21000,0.6
p5,dedD,2375267,21500,0.354
p5,dedD,2375267,22000,0.941
p5,dedD,2375267,22500,0.8
p5,dedD,2375267,23000,0.679
p5,dedD,2375267,23500,0.537
p5,dedD,2375267,24000,0.707
p5,dedD,2375267,24500,0.422
p5,dedD,2375267,25000,0.718
p5,dedD,2375267,25500,0.353
p5,dedD,2375267,26000,0.821
p5,dedD,2375267,26500,0.815
p5,dedD,2375267,27000,0.827
p5,dedD,2375267,27500,0.848
p5,dedD,2375267,28000,0.964
p5,dedD,2375267,28500,0.576
p5,dedD,2375267,29000,0.965
p5,dedD,2375267,29500,0.938
p5,dedD,2375267,30000,1.0
p5,dedD,2375267,30500,0.862
p5,dedD,2375267,31000,1.0
p5,dedD,2375267,31500,1.0
p5,dedD,2375267,32000,1.0
p5,dedD,2375267,32500,0.822
p5,dedD,2375267,33000,0.943
p5,dedD,2375267,33500,0.688
p5,dedD,2375267,34000,0.983
p5,dedD,2375267,34500,0.92
p5,dedD,2375267,35000,1.0
p5,dedD,2375267,35500,0.767
p5,dedD,2375267,36000,0.857
p5,dedD,2375267,36500,0.81
p5,dedD,2375267,37000,0.704
p5,dedD,2375267,37500,0.414
p5,dedD,2375267,38000,0.857
p5,dedD,2375267,38500,0.694
p5,dedD,2375267,39000,0.92
p5,dedD,2375267,39500,0.61
p5,dedD,2375267,40000,0.927
p5,dedD,2375267,40500,0.865
p5,dedD,2375267,41000,0.824
p5,dedD,2375267,41500,0.465
p5,dedD,2375267,42000,0.923
p5,dedD,2375267,42500,0.815
p5,dedD,2375267,43000,0.632
p5,dedD,2375267,43500,0.825
p5,dedD,2375267,44000,0.61
p5,dedD,2375267,44500,0.742
p5,dedD,2375267,45000,0.8
p5,dedD,2375267,45500,0.692
p5,dedD,2375267,46000,0.912
p5,dedD,2375267,46500,0.808
p5,dedD,2375267,47000,0.8
p5,dedD,2375267,47500,0.647
p5,dedD,2375267,48000,1.0
p5,dedD,2375267,48500,0.836
p5,dedD,2375267,49000,0.811
p5,dedD,2375267,49500,0.725
p5,dedD,2375267,50000,0.761
p5,dedD,2375267,50500,0.703
p5,dedD,2375267,51000,0.727
p5,dedD,2375267,51500,0.635
p5,dedD,2375267,52000,0.781
p5,dedD,2375267,52500,0.5
p5,dedD,2375267,53000,0.907
p5,dedD,2375267,53500,0.793
p5,dedD,2375267,54000,0.695
p5,dedD,2375267,54500,0.853
p5,dedD,2375267,55000,0.769
p5,dedD,2375267,55500,0.646
p5,dedD,2375267,56000,0.735
p5,dedD,2375267,56500,0.868
p5,dedD,2375267,57000,0.709
p5,dedD,2375267,57500,0.491
p5,ECB_02364,2513745,0,0.0
p5,ECB_02364,2513745,1000,0.0
p5,ECB_02364,2513745,1500,0.0
p5,ECB_02364,2513745,2000,0.0
p5,ECB_02364,2513745,3000,0.0
p5,ECB_02364,2513745,3500,0.0
p5,ECB_02364,2513745,4000,0.0
p5,ECB_02364,2513745,4500,0.0
p5,ECB_02364,2513745,5000,0.0
p5,ECB_02364,2513745,5500,0.0
p5,ECB_02364,2513745,6000,0.0
p5,ECB_02364,2513745,6500,0.0
p5,ECB_02364,2513745,7000,0.0
p5,ECB_02364,2513745,7500,0.0
p5,ECB_02364,2513745,8000,0.0
p5,ECB_02364,2513745,8500,0.0
p5,ECB_02364,2513745,9000,0.0
p5,ECB_02364,2513745,9500,0.0
p5,ECB_02364,2513745,10000,0.0
p5,ECB_02364,2513745,10500,0.0
p5,ECB_02364,2513745,11000,0.0
p5,ECB_02364,2513745,11500,0.0
p5,ECB_02364,2513745,12000,0.0
p5,ECB_02364,2513745,12500,0.0
p5,ECB_02364,2513745,13000,0.0
p5,ECB_02364,2513745,13500,0.0
p5,ECB_02364,2513745,14000,0.0
p5,ECB_02364,2513745,14500,0.0
p5,ECB_02364,2513745,15000,0.0
p5,ECB_02364,2513745,15500,0.0
p5,ECB_02364,2513745,16000,0.0
p5,ECB_02364,2513745,16500,0.0
p5,ECB_02364,2513745,17000,0.0
p5,ECB_02364,2513745,17500,0.0
p5,ECB_02364,2513745,18000,0.0
p5,ECB_02364,2513745,18500,0.0
p5,ECB_02364,2513745,19000,0.0
p5,ECB_02364,2513745,19500,0.0
p5,ECB_02364,2513745,20000,0.0
p5,ECB_02364,2513745,20500,0.0
p5,ECB_02364,2513745,21000,0.0
p5,ECB_02364,2513745,21500,0.0
p5,ECB_02364,2513745,22000,0.0
p5,ECB_02364,2513745,22500,0.0
p5,ECB_02364,2513745,23000,0.0
p5,ECB_02364,2513745,23500,0.0
p5,ECB_02364,2513745,24000,0.0
p5,ECB_02364,2513745,24500,0.0
p5,ECB_02364,2513745,25000,0.0
p5,ECB_02364,2513745,25500,0.0
p5,ECB_02364,2513745,26000,0.0
p5,ECB_02364,2513745,26500,0.0
p5,ECB_02364,2513745,27000,0.0
p5,ECB_02364,2513745,27500,0.0
p5,ECB_02364,2513745,28000,0.0
p5,ECB_02364,2513745,28500,0.0
p5,ECB_02364,2513745,29000,0.0
p5,ECB_02364,2513745,29500,0.0
p5,ECB_02364,2513745,30000,0.036
p5,ECB_02364,2513745,30500,0.021
p5,ECB_02364,2513745,31000,0.029
p5,ECB_02364,2513745,31500,0.522
p5,ECB_02364,2513745,32000,0.879
p5,ECB_02364,2513745,32500,0.826
p5,ECB_02364,2513745,33000,0.898
p5,ECB_02364,2513745,33500,0.692
p5,ECB_02364,2513745,34000,0.957
p5,ECB_02364,2513745,34500,0.854
p5,ECB_02364,2513745,35000,0.375
p5,ECB_02364,2513745,35500,0.206
p5,ECB_02364,2513745,36000,0.683
p5,ECB_02364,2513745,36500,0.457
p5,ECB_02364,2513745,37000,0.514
p5,ECB_02364,2513745,37500,0.405
p5,ECB_02364,2513745,38000,0.958
p5,ECB_02364,2513745,38500,0.629
p5,ECB_02364,2513745,39000,0.912
p5,ECB_02364,2513745,39500,0.484
p5,ECB_02364,2513745,40000,0.935
p5,ECB_02364,2513745,40500,0.756
p5,ECB_02364,2513745,41000,0.794
p5,ECB_02364,2513745,41500,0.613
p5,ECB_02364,2513745,42000,0.875
p5,ECB_02364,2513745,42500,0.631
p5,ECB_02364,2513745,43000,0.475
p5,ECB_02364,2513745,43500,0.717
p5,ECB_02364,2513745,44000,0.85
p5,ECB_02364,2513745,44500,0.636
p5,ECB_02364,2513745,45000,0.659
p5,ECB_02364,2513745,45500,0.71
p5,ECB_02364,2513745,46000,0.949
p5,ECB_02364,2513745,46500,0.727
p5,ECB_02364,2513745,47000,0.575
p5,ECB_02364,2513745,47500,0.613
p5,ECB_02364,2513745,48000,1.0
p5,ECB_02364,2513745,48500,0.783
p5,ECB_02364,2513745,49000,0.9
p5,ECB_02364,2513745,49500,0.545
p5,ECB_02364,2513745,50000,0.906
p5,ECB_02364,2513745,50500,0.559
p5,ECB_02364,2513745,51000,0.75
p5,ECB_02364,2513745,51500,0.631
p5,ECB_02364,2513745,52000,0.848
p5,ECB_02364,2513745,52500,0.448
p5,ECB_02364,2513745,53000,0.918
p5,ECB_02364,2513745,53500,0.345
p5,ECB_02364,2513745,54000,0.596
p5,ECB_02364,2513745,54500,0.873
p5,ECB_02364,2513745,55000,0.286
p5,ECB_02364,2513745,55500,0.75
p5,ECB_02364,2513745,56000,0.562
p5,ECB_02364,2513745,56500,0.4
p5,ECB_02364,2513745,57000,0.6
p5,ECB_02364,2513745,57500,0.604
p5,ascF,2734827,0,0.0
p5,ascF,2734827,1000,0.0
p5,ascF,2734827,1500,0.0
p5,ascF,2734827,2000,0.0
p5,ascF,2734827,3000,0.0
p5,ascF,2734827,3500,0.0
p5,ascF,2734827,4000,0.0
p5,ascF,2734827,4500,0.0
p5,ascF,2734827,5000,0.0
p5,ascF,2734827,5500,0.0
p5,ascF,2734827,6000,0.0
p5,ascF,2734827,6500,0.0
p5,ascF,2734827,7000,0.0
p5,ascF,2734827,7500,0.0
p5,ascF,2734827,8000,0.0
p5,ascF,2734827,8500,0.032
p5,ascF,2734827,9000,0.657
p5,ascF,2734827,9500,0.53
p5,ascF,2734827,10000,0.981
p5,ascF,2734827,10500,0.806
p5,ascF,2734827,11000,0.721
p5,ascF,2734827,11500,0.933
p5,ascF,2734827,12000,0.638
p5,ascF,2734827,12500,0.467
p5,ascF,2734827,13000,0.755
p5,ascF,2734827,13500,0.786
p5,ascF,2734827,14000,0.849
p5,ascF,2734827,14500,0.854
p5,ascF,2734827,15000,0.833
p5,ascF,2734827,15500,0.845
p5,ascF,2734827,16000,0.762
p5,ascF,2734827,16500,0.673
p5,ascF,2734827,17000,0.773
p5,ascF,2734827,17500,0.554
p5,ascF,2734827,18000,0.896
p5,ascF,2734827,18500,0.746
p5,ascF,2734827,19000,0.965
p5,ascF,2734827,19500,0.927
p5,ascF,2734827,20000,0.477
p5,ascF,2734827,20500,0.467
p5,ascF,2734827,21000,0.784
p5,ascF,2734827,21500,0.325
p5,ascF,2734827,22000,0.913
p5,ascF,2734827,22500,0.836
p5,ascF,2734827,23000,0.71
p5,ascF,2734827,23500,0.743
p5,ascF,2734827,24000,0.726
p5,ascF,2734827,24500,0.644
p5,ascF,2734827,25000,0.661
p5,ascF,2734827,25500,0.547
p5,ascF,2734827,26000,0.697
p5,ascF,2734827,26500,0.877
p5,ascF,2734827,27000,0.855
p5,ascF,2734827,27500,0.851
p5,ascF,2734827,28000,0.92
p5,ascF,2734827,28500,0.701
p5,ascF,2734827,29000,0.896
p5,ascF,2734827,29500,0.967
p5,ascF,2734827,30000,0.982
p5,ascF,2734827,30500,0.958
p5,ascF,2734827,31000,0.97
p5,ascF,2734827,31500,0.971
p5,ascF,2734827,32000,1.0
p5,ascF,2734827,32500,0.841
p5,ascF,2734827,33000,0.914
p5,ascF,2734827,33500,0.829
p5,ascF,2734827,34000,0.959
p5,ascF,2734827,34500,0.869
p5,ascF,2734827,35000,0.846
p5,ascF,2734827,35500,0.882
p5,ascF,2734827,36000,0.856
p5,ascF,2734827,36500,0.853
p5,ascF,2734827,37000,0.839
p5,ascF,2734827,37500,0.776
p5,ascF,2734827,38000,0.925
p5,ascF,2734827,38500,0.835
p5,ascF,2734827,39000,0.874
p5,ascF,2734827,39500,0.633
p5,ascF,2734827,40000,0.968
p5,ascF,2734827,40500,0.927
p5,ascF,2734827,41000,0.844
p5,ascF,2734827,41500,0.629
p5,ascF,2734827,42000,0.839
p5,ascF,2734827,42500,0.844
p5,ascF,2734827,43000,0.653
p5,ascF,2734827,43500,0.874
p5,ascF,2734827,44000,0.793
p5,ascF,2734827,44500,0.717
p5,ascF,2734827,45000,0.699
p5,ascF,2734827,45500,0.724
p5,ascF,2734827,46000,0.93
p5,ascF,2734827,46500,0.809
p5,ascF,2734827,47000,0.805
p5,ascF,2734827,47500,0.82
p5,ascF,2734827,48000,0.994
p5,ascF,2734827,48500,0.805
p5,ascF,2734827,49000,0.866
p5,ascF,2734827,49500,0.774
p5,ascF,2734827,50000,0.863
p5,ascF,2734827,50500,0.857
p5,ascF,2734827,51000,0.843
p5,ascF,2734827,51500,0.559
p5,ascF,2734827,52000,0.705
p5,ascF,2734827,52500,0.616
p5,ascF,2734827,53000,0.946
p5,ascF,2734827,53500,0.808
p5,ascF,2734827,54000,0.687
p5,ascF,2734827,54500,0.923
p5,ascF,2734827,55000,0.699
p5,ascF,2734827,55500,0.72
p5,ascF,2734827,56000,0.642
p5,ascF,2734827,56500,0.872
p5,ascF,2734827,57000,0.713
p5,ascF,2734827,57500,0.59
p5,intergenic,3080114,0,0.0
p5,intergenic,3080114,1000,0.0
p5,intergenic,3080114,1500,0.132
p5,intergenic,3080114,2000,0.015
p5,intergenic,3080114,3000,0.798
p5,intergenic,3080114,3500,0.874
p5,intergenic,3080114,4000,0.873
p5,intergenic,3080114,4500,0.899
p5,intergenic,3080114,5000,0.976
p5,intergenic,3080114,5500,1.0
p5,intergenic,3080114,6000,1.0
p5,intergenic,3080114,6500,0.978
p5,intergenic,3080114,7000,0.974
p5,intergenic,3080114,7500,1.0
p5,intergenic,3080114,8000,1.0
p5,intergenic,3080114,8500,1.0
p5,intergenic,3080114,9000,1.0
p5,intergenic,3080114,9500,1.0
p5,intergenic,3080114,10000,1.0
p5,intergenic,3080114,10500,1.0
p5,intergenic,3080114,11000,1.0
p5,intergenic,3080114,11500,1.0
p5,intergenic,3080114,12000,1.0
p5,intergenic,3080114,12500,1.0
p5,intergenic,3080114,13000,1.0
p5,intergenic,3080114,13500,1.0
p5,intergenic,3080114,14000,1.0
p5,intergenic,3080114,14500,1.0
p5,intergenic,3080114,15000,1.0
p5,intergenic,3080114,15500,1.0
p5,intergenic,3080114,16000,1.0
p5,intergenic,3080114,16500,1.0
p5,intergenic,3080114,17000,1.0
p5,intergenic,3080114,17500,1.0
p5,intergenic,3080114,18000,1.0
p5,intergenic,3080114,18500,1.0
p5,intergenic,3080114,19000,1.0
p5,intergenic,3080114,19500,1.0
p5,intergenic,3080114,20000,1.0
p5,intergenic,3080114,20500,1.0
p5,intergenic,3080114,21000,1.0
p5,intergenic,3080114,21500,1.0
p5,intergenic,3080114,22000,1.0
p5,intergenic,3080114,22500,1.0
p5,intergenic,3080114,23000,1.0
p5,intergenic,3080114,23500,1.0
p5,intergenic,3080114,24000,1.0
p5,intergenic,3080114,24500,1.0
p5,intergenic,3080114,25000,1.0
p5,intergenic,3080114,25500,1.0
p5,intergenic,3080114,26000,1.0
p5,intergenic,3080114,26500,1.0
p5,intergenic,3080114,27000,1.0
p5,intergenic,3080114,27500,1.0
p5,intergenic,3080114,28000,1.0
p5,intergenic,3080114,28500,1.0
p5,intergenic,3080114,29000,1.0
p5,intergenic,3080114,29500,1.0
p5,intergenic,3080114,30000,1.0
p5,intergenic,3080114,30500,1.0
p5,intergenic,3080114,31000,1.0
p5,intergenic,3080114,31500,1.0
p5,intergenic,3080114,32000,1.0
p5,intergenic,3080114,32500,1.0
p5,intergenic,3080114,33000,1.0
p5,intergenic,3080114,33500,1.0
p5,intergenic,3080114,34000,1.0
p5,intergenic,3080114,34500,1.0
p5,intergenic,3080114,35000,1.0
p5,intergenic,3080114,35500,1.0
p5,intergenic,3080114,36000,1.0
p5,intergenic,3080114,36500,1.0
p5,intergenic,3080114,37000,1.0
p5,intergenic,3080114,37500,1.0
p5,intergenic,3080114,38000,1.0
p5,intergenic,3080114,38500,1.0
p5,intergenic,3080114,39000,1.0
p5,intergenic,3080114,39500,1.0
p5,intergenic,3080114,40000,1.0
p5,intergenic,3080114,40500,1.0
p5,intergenic,3080114,41000,1.0
p5,intergenic,3080114,41500,1.0
p5,intergenic,3080114,42000,1.0
p5,intergenic,3080114,42500,1.0
p5,intergenic,3080114,43000,1.0
p5,intergenic,3080114,43500,1.0
p5,intergenic,3080114,44000,1.0
p5,intergenic,3080114,44500,1.0
p5,intergenic,3080114,45000,1.0
p5,intergenic,3080114,45500,1.0
p5,intergenic,3080114,46000,1.0
p5,intergenic,3080114,46500,1.0
p5,intergenic,3080114,47000,1.0
p5,intergenic,3080114,47500,1.0
p5,intergenic,3080114,48000,1.0
p5,intergenic,3080114,48500,1.0
p5,intergenic,3080114,49000,1.0
p5,intergenic,3080114,49500,1.0
p5,intergenic,3080114,50000,1.0
p5,intergenic,3080114,50500,1.0
p5,intergenic,3080114,51000,1.0
p5,intergenic,3080114,51500,1.0
p5,intergenic,3080114,52000,1.0
p5,intergenic,3080114,52500,1.0
p5,intergenic,3080114,53000,1.0
p5,intergenic,3080114,53500,1.0
p5,intergenic,3080114,54000,1.0
p5,intergenic,3080114,54500,1.0
p5,intergenic,3080114,55000,1.0
p5,intergenic,3080114,55500,1.0
p5,intergenic,3080114,56000,1.0
p5,intergenic,3080114,56500,1.0
p5,intergenic,3080114,57000,1.0
p5,intergenic,3080114,57500,1.0
p5,nlpI,3244196,0,0.0
p5,nlpI,3244196,1000,0.0
p5,nlpI,3244196,1500,0.0
p5,nlpI,3244196,2000,0.0
p5,nlpI,3244196,3000,0.0
p5,nlpI,3244196,3500,0.0
p5,nlpI,3244196,4000,0.0
p5,nlpI,3244196,4500,0.0
p5,nlpI,3244196,5000,0.0
p5,nlpI,3244196,5500,0.0
p5,nlpI,3244196,6000,0.0
p5,nlpI,3244196,6500,0.0
p5,nlpI,3244196,7000,0.0
p5,nlpI,3244196,7500,0.0
p5,nlpI,3244196,8000,0.0
p5,nlpI,3244196,8500,0.0
p5,nlpI,3244196,9000,0.0
p5,nlpI,3244196,9500,0.0
p5,nlpI,3244196,10000,0.0
p5,nlpI,3244196,10500,0.0
p5,nlpI,3244196,11000,0.0
p5,nlpI,3244196,11500,0.0
p5,nlpI,3244196,12000,0.0
p5,nlpI,3244196,12500,0.0
p5,nlpI,3244196,13000,0.0
p5,nlpI,3244196,13500,0.0
p5,nlpI,3244196,14000,0.0
p5,nlpI,3244196,14500,0.0
p5,nlpI,3244196,15000,0.0
p5,nlpI,3244196,15500,0.0
p5,nlpI,3244196,16000,0.0
p5,nlpI,3244196,16500,0.0
p5,nlpI,3244196,17000,0.0
p5,nlpI,3244196,17500,0.0
p5,nlpI,3244196,18000,0.0
p5,nlpI,3244196,18500,0.0
p5,nlpI,3244196,19000,0.0
p5,nlpI,3244196,19500,0.0
p5,nlpI,3244196,20000,0.0
p5,nlpI,3244196,20500,0.0
p5,nlpI,3244196,21000,0.0
p5,nlpI,3244196,21500,0.0
p5,nlpI,3244196,22000,0.824
p5,nlpI,3244196,22500,0.846
p5,nlpI,3244196,23000,0.774
p5,nlpI,3244196,23500,0.492
p5,nlpI,3244196,24000,0.679
p5,nlpI,3244196,24500,0.532
p5,nlpI,3244196,25000,0.649
p5,nlpI,3244196,25500,0.7
p5,nlpI,3244196,26000,0.833
p5,nlpI,3244196,26500,0.842
p5,nlpI,3244196,27000,0.928
p5,nlpI,3244196,27500,0.84
p5,nlpI,3244196,28000,0.866
p5,nlpI,3244196,28500,0.545
p5,nlpI,3244196,29000,0.935
p5,nlpI,3244196,29500,1.0
p5,nlpI,3244196,30000,1.0
p5,nlpI,3244196,30500,0.907
p5,nlpI,3244196,31000,0.966
p5,nlpI,3244196,31500,0.868
p5,nlpI,3244196,32000,1.0
p5,nlpI,3244196,32500,0.825
p5,nlpI,3244196,33000,0.881
p5,nlpI,3244196,33500,0.745
p5,nlpI,3244196,34000,0.955
p5,nlpI,3244196,34500,0.878
p5,nlpI,3244196,35000,0.936
p5,nlpI,3244196,35500,0.69
p5,nlpI,3244196,36000,0.812
p5,nlpI,3244196,36500,0.667
p5,nlpI,3244196,37000,0.817
p5,nlpI,3244196,37500,0.702
p5,nlpI,3244196,38000,0.923
p5,nlpI,3244196,38500,0.713
p5,nlpI,3244196,39000,0.883
p5,nlpI,3244196,39500,0.492
p5,nlpI,3244196,40000,0.943
p5,nlpI,3244196,40500,0.857
p5,nlpI,3244196,41000,0.889
p5,nlpI,3244196,41500,0.684
p5,nlpI,3244196,42000,0.86
p5,nlpI,3244196,42500,0.813
p5,nlpI,3244196,43000,0.566
p5,nlpI,3244196,43500,0.874
p5,nlpI,3244196,44000,0.78
p5,nlpI,3244196,44500,0.557
p5,nlpI,3244196,45000,0.602
p5,nlpI,3244196,45500,0.708
p5,nlpI,3244196,46000,0.905
p5,nlpI,3244196,46500,0.787
p5,nlpI,3244196,47000,0.724
p5,nlpI,3244196,47500,0.72
p5,nlpI,3244196,48000,1.0
p5,nlpI,3244196,48500,0.859
p5,nlpI,3244196,49000,0.84
p5,nlpI,3244196,49500,0.754
p5,nlpI,3244196,50000,0.863
p5,nlpI,3244196,50500,0.653
p5,nlpI,3244196,51000,0.821
p5,nlpI,3244196,51500,0.547
p5,nlpI,3244196,52000,0.869
p5,nlpI,3244196,52500,0.413
p5,nlpI,3244196,53000,0.939
p5,nlpI,3244196,53500,0.485
p5,nlpI,3244196,54000,0.613
p5,nlpI,3244196,54500,0.807
p5,nlpI,3244196,55000,0.667
p5,nlpI,3244196,55500,0.875
p5,nlpI,3244196,56000,0.722
p5,nlpI,3244196,56500,0.381
p5,nlpI,3244196,57000,0.604
p5,nlpI,3244196,57500,0.666
p5,nlp,3270281,0,0.0
p5,nlp,3270281,1000,0.0
p5,nlp,3270281,1500,0.0
p5,nlp,3270281,2000,0.0
p5,nlp,3270281,3000,0.0
p5,nlp,3270281,3500,0.0
p5,nlp,3270281,4000,0.0
p5,nlp,3270281,4500,0.0
p5,nlp,3270281,5000,0.0
p5,nlp,3270281,5500,0.0
p5,nlp,3270281,6000,0.0
p5,nlp,3270281,6500,0.0
p5,nlp,3270281,7000,0.0
p5,nlp,3270281,7500,0.0
p5,nlp,3270281,8000,0.0
p5,nlp,3270281,8500,0.0
p5,nlp,3270281,9000,0.0
p5,nlp,3270281,9500,0.0
p5,nlp,3270281,10000,0.0
p5,nlp,3270281,10500,0.0
p5,nlp,3270281,11000,0.0
p5,nlp,3270281,11500,0.0
p5,nlp,3270281,12000,0.0
p5,nlp,3270281,12500,0.0
p5,nlp,3270281,13000,0.0
p5,nlp,3270281,13500,0.0
p5,nlp,3270281,14000,0.0
p5,nlp,3270281,14500,0.0
p5,nlp,3270281,15000,0.0
p5,nlp,3270281,15500,0.0
p5,nlp,3270281,16000,0.0
p5,nlp,3270281,16500,0.0
p5,nlp,3270281,17000,0.0
p5,nlp,3270281,17500,0.0
p5,nlp,3270281,18000,0.0
p5,nlp,3270281,18500,0.0
p5,nlp,3270281,19000,0.0
p5,nlp,3270281,19500,0.0
p5,nlp,3270281,20000,0.0
p5,nlp,3270281,20500,0.0
p5,nlp,3270281,21000,0.0
p5,nlp,3270281,21500,0.339
p5,nlp,3270281,22000,0.75
p5,nlp,3270281,22500,0.762
p5,nlp,3270281,23000,0.64
p5,nlp,3270281,23500,0.512
p5,nlp,3270281,24000,0.764
p5,nlp,3270281,24500,0.529
p5,nlp,3270281,25000,0.609
p5,nlp,3270281,25500,0.658
p5,nlp,3270281,26000,0.81
p5,nlp,3270281,26500,0.704
p5,nlp,3270281,27000,0.81
p5,nlp,3270281,27500,0.845
p5,nlp,3270281,28000,0.775
p5,nlp,3270281,28500,0.781
p5,nlp,3270281,29000,0.85
p5,nlp,3270281,29500,0.92
p5,nlp,3270281,30000,0.981
p5,nlp,3270281,30500,0.953
p5,nlp,3270281,31000,0.941
p5,nlp,3270281,31500,1.0
p5,nlp,3270281,32000,0.977
p5,nlp,3270281,32500,0.854
p5,nlp,3270281,33000,0.852
p5,nlp,3270281,33500,0.737
p5,nlp,3270281,34000,0.963
p5,nlp,3270281,34500,0.87
p5,nlp,3270281,35000,0.786
p5,nlp,3270281,35500,0.533
p5,nlp,3270281,36000,0.694
p5,nlp,3270281,36500,0.707
p5,nlp,3270281,37000,0.755
p5,nlp,3270281,37500,0.628
p5,nlp,3270281,38000,0.883
p5,nlp,3270281,38500,0.738
p5,nlp,3270281,39000,0.91
p5,nlp,3270281,39500,0.577
p5,nlp,3270281,40000,0.954
p5,nlp,3270281,40500,0.877
p5,nlp,3270281,41000,0.885
p5,nlp,3270281,41500,0.574
p5,nlp,3270281,42000,0.831
p5,nlp,3270281,42500,0.725
p5,nlp,3270281,43000,0.567
p5,nlp,3270281,43500,0.86
p5,nlp,3270281,44000,0.881
p5,nlp,3270281,44500,0.644
p5,nlp,3270281,45000,0.696
p5,nlp,3270281,45500,0.775
p5,nlp,3270281,46000,0.93
p5,nlp,3270281,46500,0.735
p5,nlp,3270281,47000,0.719
p5,nlp,3270281,47500,0.625
p5,nlp,3270281,48000,0.992
p5,nlp,3270281,48500,0.76
p5,nlp,3270281,49000,0.885
p5,nlp,3270281,49500,0.643
p5,nlp,3270281,50000,0.817
p5,nlp,3270281,50500,0.392
p5,nlp,3270281,51000,0.726
p5,nlp,3270281,51500,0.549
p5,nlp,3270281,52000,0.768
p5,nlp,3270281,52500,0.812
p5,nlp,3270281,53000,0.809
p5,nlp,3270281,53500,0.385
p5,nlp,3270281,54000,0.663
p5,nlp,3270281,54500,0.844
p5,nlp,3270281,55000,0.719
p5,nlp,3270281,55500,0.746
p5,nlp,3270281,56000,0.622
p5,nlp,3270281,56500,0.429
p5,nlp,3270281,57000,0.712
p5,nlp,3270281,57500,0.67
p5,intergenic,3270443,0,0.0
p5,intergenic,3270443,1000,0.0
p5,intergenic,3270443,1500,0.0
p5,intergenic,3270443,2000,0.016
p5,intergenic,3270443,3000,0.82
p5,intergenic,3270443,3500,0.715
p5,intergenic,3270443,4000,0.849
p5,intergenic,3270443,4500,1.0
p5,intergenic,3270443,5000,0.966
p5,intergenic,3270443,5500,1.0
p5,intergenic,3270443,6000,1.0
p5,intergenic,3270443,6500,0.974
p5,intergenic,3270443,7000,1.0
p5,intergenic,3270443,7500,1.0
p5,intergenic,3270443,8000,1.0
p5,intergenic,3270443,8500,1.0
p5,intergenic,3270443,9000,1.0
p5,intergenic,3270443,9500,1.0
p5,intergenic,3270443,10000,1.0
p5,intergenic,3270443,10500,1.0
p5,intergenic,3270443,11000,1.0
p5,intergenic,3270443,11500,1.0
p5,intergenic,3270443,12000,1.0
p5,intergenic,3270443,12500,1.0
p5,intergenic,3270443,13000,1.0
p5,intergenic,3270443,13500,1.0
p5,intergenic,3270443,14000,1.0
p5,intergenic,3270443,14500,1.0
p5,intergenic,3270443,15000,1.0
p5,intergenic,3270443,15500,1.0
p5,intergenic,3270443,16000,1.0
p5,intergenic,3270443,16500,1.0
p5,intergenic,3270443,17000,1.0
p5,intergenic,3270443,17500,1.0
p5,intergenic,3270443,18000,1.0
p5,intergenic,3270443,18500,1.0
p5,intergenic,3270443,19000,1.0
p5,intergenic,3270443,19500,1.0
p5,intergenic,3270443,20000,1.0
p5,intergenic,3270443,20500,1.0
p5,intergenic,3270443,21000,1.0
p5,intergenic,3270443,21500,1.0
p5,intergenic,3270443,22000,1.0
p5,intergenic,3270443,22500,1.0
p5,intergenic,3270443,23000,1.0
p5,intergenic,3270443,23500,1.0
p5,intergenic,3270443,24000,1.0
p5,intergenic,3270443,24500,1.0
p5,intergenic,3270443,25000,1.0
p5,intergenic,3270443,25500,1.0
p5,intergenic,3270443,26000,1.0
p5,intergenic,3270443,26500,1.0
p5,intergenic,3270443,27000,1.0
p5,intergenic,3270443,27500,1.0
p5,intergenic,3270443,28000,1.0
p5,intergenic,3270443,28500,1.0
p5,intergenic,3270443,29000,1.0
p5,intergenic,3270443,29500,1.0
p5,intergenic,3270443,30000,1.0
p5,intergenic,3270443,30500,1.0
p5,intergenic,3270443,31000,1.0
p5,intergenic,3270443,31500,1.0
p5,intergenic,3270443,32000,1.0
p5,intergenic,3270443,32500,1.0
p5,intergenic,3270443,33000,1.0
p5,intergenic,3270443,33500,1.0
p5,intergenic,3270443,34000,1.0
p5,intergenic,3270443,34500,1.0
p5,intergenic,3270443,35000,1.0
p5,intergenic,3270443,35500,1.0
p5,intergenic,3270443,36000,1.0
p5,intergenic,3270443,36500,1.0
p5,intergenic,3270443,37000,1.0
p5,intergenic,3270443,37500,1.0
p5,intergenic,3270443,38000,1.0
p5,intergenic,3270443,38500,1.0
p5,intergenic,3270443,39000,1.0
p5,intergenic,3270443,39500,1.0
p5,intergenic,3270443,40000,1.0
p5,intergenic,3270443,40500,1.0
p5,intergenic,3270443,41000,1.0
p5,intergenic,3270443,41500,1.0
p5,intergenic,3270443,42000,1.0
p5,intergenic,3270443,42500,1.0
p5,intergenic,3270443,43000,1.0
p5,intergenic,3270443,43500,1.0
p5,intergenic,3270443,44000,1.0
p5,intergenic,3270443,44500,1.0
p5,intergenic,3270443,45000,1.0
p5,intergenic,3270443,45500,1.0
p5,intergenic,3270443,46000,1.0
p5,intergenic,3270443,46500,1.0
p5,intergenic,3270443,47000,1.0
p5,intergenic,3270443,47500,1.0
p5,intergenic,3270443,48000,1.0
p5,intergenic,3270443,48500,1.0
p5,intergenic,3270443,49000,1.0
p5,intergenic,3270443,49500,1.0
p5,intergenic,3270443,50000,1.0
p5,intergenic,3270443,50500,1.0
p5,intergenic,3270443,51000,1.0
p5,intergenic,3270443,51500,1.0
p5,intergenic,3270443,52000,1.0
p5,intergenic,3270443,52500,1.0
p5,intergenic,3270443,53000,1.0
p5,intergenic,3270443,53500,1.0
p5,intergenic,3270443,54000,1.0
p5,intergenic,3270443,54500,1.0
p5,intergenic,3270443,55000,1.0
p5,intergenic,3270443,55500,1.0
p5,intergenic,3270443,56000,1.0
p5,intergenic,3270443,56500,1.0
p5,intergenic,3270443,57000,1.0
p5,intergenic,3270443,57500,1.0
p5,mreB,3328402,0,0.0
p5,mreB,3328402,1000,0.648
p5,mreB,3328402,1500,0.917
p5,mreB,3328402,2000,1.0
p5,mreB,3328402,3000,1.0
p5,mreB,3328402,3500,1.0
p5,mreB,3328402,4000,1.0
p5,mreB,3328402,4500,1.0
p5,mreB,3328402,5000,1.0
p5,mreB,3328402,5500,1.0
p5,mreB,3328402,6000,1.0
p5,mreB,3328402,6500,1.0
p5,mreB,3328402,7000,1.0
p5,mreB,3328402,7500,1.0
p5,mreB,3328402,8000,1.0
p5,mreB,3328402,8500,1.0
p5,mreB,3328402,9000,1.0
p5,mreB,3328402,9500,1.0
p5,mreB,3328402,10000,1.0
p5,mreB,3328402,10500,1.0
p5,mreB,3328402,11000,1.0
p5,mreB,3328402,11500,1.0
p5,mreB,3328402,12000,0.983
p5,mreB,3328402,12500,1.0
p5,mreB,3328402,13000,1.0
p5,mreB,3328402,13500,1.0
p5,mreB,3328402,14000,1.0
p5,mreB,3328402,14500,1.0
p5,mreB,3328402,15000,1.0
p5,mreB,3328402,15500,1.0
p5,mreB,3328402,16000,1.0
p5,mreB,3328402,16500,1.0
p5,mreB,3328402,17000,1.0
p5,mreB,3328402,17500,1.0
p5,mreB,3328402,18000,1.0
p5,mreB,3328402,18500,1.0
p5,mreB,3328402,19000,1.0
p5,mreB,3328402,19500,1.0
p5,mreB,3328402,20000,1.0
p5,mreB,3328402,20500,1.0
p5,mreB,3328402,21000,1.0
p5,mreB,3328402,21500,1.0
p5,mreB,3328402,22000,1.0
p5,mreB,3328402,22500,1.0
p5,mreB,3328402,23000,1.0
p5,mreB,3328402,23500,1.0
p5,mreB,3328402,24000,1.0
p5,mreB,3328402,24500,1.0
p5,mreB,3328402,25000,1.0
p5,mreB,3328402,25500,1.0
p5,mreB,3328402,26000,1.0
p5,mreB,3328402,26500,1.0
p5,mreB,3328402,27000,1.0
p5,mreB,3328402,27500,1.0
p5,mreB,3328402,28000,1.0
p5,mreB,3328402,28500,1.0
p5,mreB,3328402,29000,1.0
p5,mreB,3328402,29500,1.0
p5,mreB,3328402,30000,1.0
p5,mreB,3328402,30500,1.0
p5,mreB,3328402,31000,1.0
p5,mreB,3328402,31500,1.0
p5,mreB,3328402,32000,1.0
p5,mreB,3328402,32500,0.983
p5,mreB,3328402,33000,1.0
p5,mreB,3328402,33500,1.0
p5,mreB,3328402,34000,1.0
p5,mreB,3328402,34500,1.0
p5,mreB,3328402,35000,1.0
p5,mreB,3328402,35500,1.0
p5,mreB,3328402,36000,0.987
p5,mreB,3328402,36500,1.0
p5,mreB,3328402,37000,1.0
p5,mreB,3328402,37500,0.987
p5,mreB,3328402,38000,1.0
p5,mreB,3328402,38500,1.0
p5,mreB,3328402,39000,1.0
p5,mreB,3328402,39500,1.0
p5,mreB,3328402,40000,1.0
p5,mreB,3328402,40500,1.0
p5,mreB,3328402,41000,1.0
p5,mreB,3328402,41500,1.0
p5,mreB,3328402,42000,1.0
p5,mreB,3328402,42500,1.0
p5,mreB,3328402,43000,1.0
p5,mreB,3328402,43500,1.0
p5,mreB,3328402,44000,1.0
p5,mreB,3328402,44500,1.0
p5,mreB,3328402,45000,1.0
p5,mreB,3328402,45500,1.0
p5,mreB,3328402,46000,1.0
p5,mreB,3328402,46500,1.0
p5,mreB,3328402,47000,1.0
p5,mreB,3328402,47500,1.0
p5,mreB,3328402,48000,1.0
p5,mreB,3328402,48500,1.0
p5,mreB,3328402,49000,1.0
p5,mreB,3328402,49500,1.0
p5,mreB,3328402,50000,1.0
p5,mreB,3328402,50500,1.0
p5,mreB,3328402,51000,1.0
p5,mreB,3328402,51500,1.0
p5,mreB,3328402,52000,1.0
p5,mreB,3328402,52500,0.978
p5,mreB,3328402,53000,1.0
p5,mreB,3328402,53500,1.0
p5,mreB,3328402,54000,1.0
p5,mreB,3328402,54500,1.0
p5,mreB,3328402,55000,1.0
p5,mreB,3328402,55500,1.0
p5,mreB,3328402,56000,1.0
p5,mreB,3328402,56500,1.0
p5,mreB,3328402,57000,1.0
p5,mreB,3328402,57500,1.0
p5,yhdG,3339113,0,0.0
p5,yhdG,3339113,1000,0.0
p5,yhdG,3339113,1500,0.0
p5,yhdG,3339113,2000,0.0
p5,yhdG,3339113,3000,0.0
p5,yhdG,3339113,3500,0.0
p5,yhdG,3339113,4000,0.531
p5,yhdG,3339113,4500,0.625
p5,yhdG,3339113,5000,1.0
p5,yhdG,3339113,5500,1.0
p5,yhdG,3339113,6000,1.0
p5,yhdG,3339113,6500,1.0
p5,yhdG,3339113,7000,1.0
p5,yhdG,3339113,7500,1.0
p5,yhdG,3339113,8000,1.0
p5,yhdG,3339113,8500,1.0
p5,yhdG,3339113,9000,1.0
p5,yhdG,3339113,9500,1.0
p5,yhdG,3339113,10000,0.968
p5,yhdG,3339113,10500,1.0
p5,yhdG,3339113,11000,1.0
p5,yhdG,3339113,11500,1.0
p5,yhdG,3339113,12000,1.0
p5,yhdG,3339113,12500,1.0
p5,yhdG,3339113,13000,1.0
p5,yhdG,3339113,13500,1.0
p5,yhdG,3339113,14000,1.0
p5,yhdG,3339113,14500,1.0
p5,yhdG,3339113,15000,1.0
p5,yhdG,3339113,15500,1.0
p5,yhdG,3339113,16000,1.0
p5,yhdG,3339113,16500,1.0
p5,yhdG,3339113,17000,1.0
p5,yhdG,3339113,17500,1.0
p5,yhdG,3339113,18000,1.0
p5,yhdG,3339113,18500,1.0
p5,yhdG,3339113,19000,1.0
p5,yhdG,3339113,19500,1.0
p5,yhdG,3339113,20000,1.0
p5,yhdG,3339113,20500,1.0
p5,yhdG,3339113,21000,1.0
p5,yhdG,3339113,21500,1.0
p5,yhdG,3339113,22000,1.0
p5,yhdG,3339113,22500,1.0
p5,yhdG,3339113,23000,1.0
p5,yhdG,3339113,23500,1.0
p5,yhdG,3339113,24000,1.0
p5,yhdG,3339113,24500,1.0
p5,yhdG,3339113,25000,1.0
p5,yhdG,3339113,25500,1.0
p5,yhdG,3339113,26000,1.0
p5,yhdG,3339113,26500,1.0
p5,yhdG,3339113,27000,1.0
p5,yhdG,3339113,27500,1.0
p5,yhdG,3339113,28000,1.0
p5,yhdG,3339113,28500,1.0
p5,yhdG,3339113,29000,1.0
p5,yhdG,3339113,29500,1.0
p5,yhdG,3339113,30000,1.0
p5,yhdG,3339113,30500,1.0
p5,yhdG,3339113,31000,1.0
p5,yhdG,3339113,31500,1.0
p5,yhdG,3339113,32000,1.0
p5,yhdG,3339113,32500,1.0
p5,yhdG,3339113,33000,1.0
p5,yhdG,3339113,33500,1.0
p5,yhdG,3339113,34000,1.0
p5,yhdG,3339113,34500,1.0
p5,yhdG,3339113,35000,1.0
p5,yhdG,3339113,35500,1.0
p5,yhdG,3339113,36000,1.0
p5,yhdG,3339113,36500,1.0
p5,yhdG,3339113,37000,1.0
p5,yhdG,3339113,37500,1.0
p5,yhdG,3339113,38000,1.0
p5,yhdG,3339113,38500,1.0
p5,yhdG,3339113,39000,1.0
p5,yhdG,3339113,39500,1.0
p5,yhdG,3339113,40000,0.988
p5,yhdG,3339113,40500,1.0
p5,yhdG,3339113,41000,1.0
p5,yhdG,3339113,41500,1.0
p5,yhdG,3339113,42000,1.0
p5,yhdG,3339113,42500,1.0
p5,yhdG,3339113,43000,1.0
p5,yhdG,3339113,43500,1.0
p5,yhdG,3339113,44000,1.0
p5,yhdG,3339113,44500,1.0
p5,yhdG,3339113,45000,1.0
p5,yhdG,3339113,45500,1.0
p5,yhdG,3339113,46000,1.0
p5,yhdG,3339113,46500,0.989
p5,yhdG,3339113,47000,1.0
p5,yhdG,3339113,47500,1.0
p5,yhdG,3339113,48000,1.0
p5,yhdG,3339113,48500,1.0
p5,yhdG,3339113,49000,1.0
p5,yhdG,3339113,49500,1.0
p5,yhdG,3339113,50000,1.0
p5,yhdG,3339113,50500,1.0
p5,yhdG,3339113,51000,1.0
p5,yhdG,3339113,51500,1.0
p5,yhdG,3339113,52000,1.0
p5,yhdG,3339113,52500,1.0
p5,yhdG,3339113,53000,0.983
p5,yhdG,3339113,53500,1.0
p5,yhdG,3339113,54000,1.0
p5,yhdG,3339113,54500,1.0
p5,yhdG,3339113,55000,1.0
p5,yhdG,3339113,55500,1.0
p5,yhdG,3339113,56000,1.0
p5,yhdG,3339113,56500,1.0
p5,yhdG,3339113,57000,1.0
p5,yhdG,3339113,57500,0.982
p5,rplF,3373799,0,0.0
p5,rplF,3373799,1000,0.0
p5,rplF,3373799,1500,0.0
p5,rplF,3373799,2000,0.0
p5,rplF,3373799,3000,0.0
p5,rplF,3373799,3500,0.0
p5,rplF,3373799,4000,0.0
p5,rplF,3373799,4500,0.071
p5,rplF,3373799,5000,1.0
p5,rplF,3373799,5500,0.973
p5,rplF,3373799,6000,1.0
p5,rplF,3373799,6500,1.0
p5,rplF,3373799,7000,1.0
p5,rplF,3373799,7500,1.0
p5,rplF,3373799,8000,1.0
p5,rplF,3373799,8500,0.957
p5,rplF,3373799,9000,1.0
p5,rplF,3373799,9500,1.0
p5,rplF,3373799,10000,1.0
p5,rplF,3373799,10500,1.0
p5,rplF,3373799,11000,1.0
p5,rplF,3373799,11500,1.0
p5,rplF,3373799,12000,1.0
p5,rplF,3373799,12500,1.0
p5,rplF,3373799,13000,1.0
p5,rplF,3373799,13500,1.0
p5,rplF,3373799,14000,1.0
p5,rplF,3373799,14500,1.0
p5,rplF,3373799,15000,1.0
p5,rplF,3373799,15500,1.0
p5,rplF,3373799,16000,1.0
p5,rplF,3373799,16500,1.0
p5,rplF,3373799,17000,1.0
p5,rplF,3373799,17500,1.0
p5,rplF,3373799,18000,1.0
p5,rplF,3373799,18500,1.0
p5,rplF,3373799,19000,1.0
p5,rplF,3373799,19500,1.0
p5,rplF,3373799,20000,1.0
p5,rplF,3373799,20500,1.0
p5,rplF,3373799,21000,1.0
p5,rplF,3373799,21500,1.0
p5,rplF,3373799,22000,1.0
p5,rplF,3373799,22500,1.0
p5,rplF,3373799,23000,1.0
p5,rplF,3373799,23500,1.0
p5,rplF,3373799,24000,1.0
p5,rplF,3373799,24500,1.0
p5,rplF,3373799,25000,0.97
p5,rplF,3373799,25500,1.0
p5,rplF,3373799,26000,0.987
p5,rplF,3373799,26500,1.0
p5,rplF,3373799,27000,0.986
p5,rplF,3373799,27500,1.0
p5,rplF,3373799,28000,1.0
p5,rplF,3373799,28500,1.0
p5,rplF,3373799,29000,1.0
p5,rplF,3373799,29500,1.0
p5,rplF,3373799,30000,1.0
p5,rplF,3373799,30500,1.0
p5,rplF,3373799,31000,1.0
p5,rplF,3373799,31500,1.0
p5,rplF,3373799,32000,1.0
p5,rplF,3373799,32500,0.965
p5,rplF,3373799,33000,1.0
p5,rplF,3373799,33500,1.0
p5,rplF,3373799,34000,1.0
p5,rplF,3373799,34500,1.0
p5,rplF,3373799,35000,1.0
p5,rplF,3373799,35500,1.0
p5,rplF,3373799,36000,1.0
p5,rplF,3373799,36500,1.0
p5,rplF,3373799,37000,1.0
p5,rplF,3373799,37500,1.0
p5,rplF,3373799,38000,1.0
p5,rplF,3373799,38500,1.0
p5,rplF,3373799,39000,1.0
p5,rplF,3373799,39500,1.0
p5,rplF,3373799,40000,0.991
p5,rplF,3373799,40500,1.0
p5,rplF,3373799,41000,1.0
p5,rplF,3373799,41500,1.0
p5,rplF,3373799,42000,1.0
p5,rplF,3373799,42500,1.0
p5,rplF,3373799,43000,1.0
p5,rplF,3373799,43500,1.0
p5,rplF,3373799,44000,1.0
p5,rplF,3373799,44500,1.0
p5,rplF,3373799,45000,1.0
p5,rplF,3373799,45500,1.0
p5,rplF,3373799,46000,0.989
p5,rplF,3373799,46500,1.0
p5,rplF,3373799,47000,1.0
p5,rplF,3373799,47500,1.0
p5,rplF,3373799,48000,1.0
p5,rplF,3373799,48500,1.0
p5,rplF,3373799,49000,1.0
p5,rplF,3373799,49500,1.0
p5,rplF,3373799,50000,1.0
p5,rplF,3373799,50500,1.0
p5,rplF,3373799,51000,1.0
p5,rplF,3373799,51500,1.0
p5,rplF,3373799,52000,1.0
p5,rplF,3373799,52500,1.0
p5,rplF,3373799,53000,1.0
p5,rplF,3373799,53500,1.0
p5,rplF,3373799,54000,1.0
p5,rplF,3373799,54500,1.0
p5,rplF,3373799,55000,1.0
p5,rplF,3373799,55500,1.0
p5,rplF,3373799,56000,1.0
p5,rplF,3373799,56500,1.0
p5,rplF,3373799,57000,0.991
p5,rplF,3373799,57500,1.0
p5,rpsC,3377549,0,0.0
p5,rpsC,3377549,1000,0.0
p5,rpsC,3377549,1500,0.0
p5,rpsC,3377549,2000,0.0
p5,rpsC,3377549,3000,0.0
p5,rpsC,3377549,3500,0.0
p5,rpsC,3377549,4000,0.0
p5,rpsC,3377549,4500,0.0
p5,rpsC,3377549,5000,0.71
p5,rpsC,3377549,5500,1.0
p5,rpsC,3377549,6000,1.0
p5,rpsC,3377549,6500,1.0
p5,rpsC,3377549,7000,1.0
p5,rpsC,3377549,7500,1.0
p5,rpsC,3377549,8000,1.0
p5,rpsC,3377549,8500,1.0
p5,rpsC,3377549,9000,1.0
p5,rpsC,3377549,9500,1.0
p5,rpsC,3377549,10000,1.0
p5,rpsC,3377549,10500,1.0
p5,rpsC,3377549,11000,1.0
p5,rpsC,3377549,11500,1.0
p5,rpsC,3377549,12000,1.0
p5,rpsC,3377549,12500,1.0
p5,rpsC,3377549,13000,1.0
p5,rpsC,3377549,13500,1.0
p5,rpsC,3377549,14000,1.0
p5,rpsC,3377549,14500,1.0
p5,rpsC,3377549,15000,1.0
p5,rpsC,3377549,15500,1.0
p5,rpsC,3377549,16000,1.0
p5,rpsC,3377549,16500,1.0
p5,rpsC,3377549,17000,1.0
p5,rpsC,3377549,17500,1.0
p5,rpsC,3377549,18000,1.0
p5,rpsC,3377549,18500,1.0
p5,rpsC,3377549,19000,1.0
p5,rpsC,3377549,19500,1.0
p5,rpsC,3377549,20000,1.0
p5,rpsC,3377549,20500,1.0
p5,rpsC,3377549,21000,1.0
p5,rpsC,3377549,21500,1.0
p5,rpsC,3377549,22000,1.0
p5,rpsC,3377549,22500,1.0
p5,rpsC,3377549,23000,1.0
p5,rpsC,3377549,23500,1.0
p5,rpsC,3377549,24000,1.0
p5,rpsC,3377549,24500,1.0
p5,rpsC,3377549,25000,1.0
p5,rpsC,3377549,25500,1.0
p5,rpsC,3377549,26000,1.0
p5,rpsC,3377549,26500,1.0
p5,rpsC,3377549,27000,1.0
p5,rpsC,3377549,27500,1.0
p5,rpsC,3377549,28000,1.0
p5,rpsC,3377549,28500,1.0
p5,rpsC,3377549,29000,1.0
p5,rpsC,3377549,29500,1.0
p5,rpsC,3377549,30000,1.0
p5,rpsC,3377549,30500,1.0
p5,rpsC,3377549,31000,1.0
p5,rpsC,3377549,31500,1.0
p5,rpsC,3377549,32000,1.0
p5,rpsC,3377549,32500,1.0
p5,rpsC,3377549,33000,1.0
p5,rpsC,3377549,33500,0.99
p5,rpsC,3377549,34000,1.0
p5,rpsC,3377549,34500,1.0
p5,rpsC,3377549,35000,1.0
p5,rpsC,3377549,35500,0.987
p5,rpsC,3377549,36000,0.987
p5,rpsC,3377549,36500,1.0
p5,rpsC,3377549,37000,1.0
p5,rpsC,3377549,37500,1.0
p5,rpsC,3377549,38000,1.0
p5,rpsC,3377549,38500,1.0
p5,rpsC,3377549,39000,1.0
p5,rpsC,3377549,39500,0.99
p5,rpsC,3377549,40000,1.0
p5,rpsC,3377549,40500,1.0
p5,rpsC,3377549,41000,1.0
p5,rpsC,3377549,41500,1.0
p5,rpsC,3377549,42000,1.0
p5,rpsC,3377549,42500,1.0
p5,rpsC,3377549,43000,1.0
p5,rpsC,3377549,43500,1.0
p5,rpsC,3377549,44000,1.0
p5,rpsC,3377549,44500,1.0
p5,rpsC,3377549,45000,1.0
p5,rpsC,3377549,45500,1.0
p5,rpsC,3377549,46000,0.975
p5,rpsC,3377549,46500,1.0
p5,rpsC,3377549,47000,0.987
p5,rpsC,3377549,47500,1.0
p5,rpsC,3377549,48000,1.0
p5,rpsC,3377549,48500,1.0
p5,rpsC,3377549,49000,1.0
p5,rpsC,3377549,49500,1.0
p5,rpsC,3377549,50000,1.0
p5,rpsC,3377549,50500,1.0
p5,rpsC,3377549,51000,1.0
p5,rpsC,3377549,51500,1.0
p5,rpsC,3377549,52000,1.0
p5,rpsC,3377549,52500,1.0
p5,rpsC,3377549,53000,1.0
p5,rpsC,3377549,53500,1.0
p5,rpsC,3377549,54000,1.0
p5,rpsC,3377549,54500,1.0
p5,rpsC,3377549,55000,1.0
p5,rpsC,3377549,55500,1.0
p5,rpsC,3377549,56000,1.0
p5,rpsC,3377549,56500,1.0
p5,rpsC,3377549,57000,1.0
p5,rpsC,3377549,57500,1.0
p5,malT,3484254,0,0.0
p5,malT,3484254,1000,0.0
p5,malT,3484254,1500,0.0
p5,malT,3484254,2000,0.028
p5,malT,3484254,3000,0.0
p5,malT,3484254,3500,0.0
p5,malT,3484254,4000,0.0
p5,malT,3484254,4500,0.0
p5,malT,3484254,5000,0.0
p5,malT,3484254,5500,0.0
p5,malT,3484254,6000,0.0
p5,malT,3484254,6500,0.0
p5,malT,3484254,7000,0.0
p5,malT,3484254,7500,0.0
p5,malT,3484254,8000,0.0
p5,malT,3484254,8500,0.042
p5,malT,3484254,9000,0.476
p5,malT,3484254,9500,0.611
p5,malT,3484254,10000,0.978
p5,malT,3484254,10500,0.708
p5,malT,3484254,11000,0.778
p5,malT,3484254,11500,0.981
p5,malT,3484254,12000,0.6
p5,malT,3484254,12500,0.609
p5,malT,3484254,13000,0.812
p5,malT,3484254,13500,0.884
p5,malT,3484254,14000,0.844
p5,malT,3484254,14500,0.857
p5,malT,3484254,15000,0.881
p5,malT,3484254,15500,0.711
p5,malT,3484254,16000,0.7
p5,malT,3484254,16500,0.585
p5,malT,3484254,17000,0.64
p5,malT,3484254,17500,0.36
p5,malT,3484254,18000,0.835
p5,malT,3484254,18500,0.627
p5,malT,3484254,19000,0.981
p5,malT,3484254,19500,0.824
p5,malT,3484254,20000,0.31
p5,malT,3484254,20500,0.542
p5,malT,3484254,21000,0.591
p5,malT,3484254,21500,0.333
p5,malT,3484254,22000,0.962
p5,malT,3484254,22500,0.632
p5,malT,3484254,23000,0.744
p5,malT,3484254,23500,0.667
p5,malT,3484254,24000,0.721
p5,malT,3484254,24500,0.598
p5,malT,3484254,25000,0.541
p5,malT,3484254,25500,0.658
p5,malT,3484254,26000,0.81
p5,malT,3484254,26500,0.875
p5,malT,3484254,27000,0.851
p5,malT,3484254,27500,0.712
p5,malT,3484254,28000,0.911
p5,malT,3484254,28500,0.892
p5,malT,3484254,29000,0.9
p5,malT,3484254,29500,0.971
p5,malT,3484254,30000,1.0
p5,malT,3484254,30500,0.904
p5,malT,3484254,31000,0.905
p5,malT,3484254,31500,0.947
p5,malT,3484254,32000,0.969
p5,malT,3484254,32500,0.839
p5,malT,3484254,33000,0.984
p5,malT,3484254,33500,0.817
p5,malT,3484254,34000,0.912
p5,malT,3484254,34500,0.883
p5,malT,3484254,35000,0.914
p5,malT,3484254,35500,0.778
p5,malT,3484254,36000,0.776
p5,malT,3484254,36500,0.629
p5,malT,3484254,37000,0.682
p5,malT,3484254,37500,0.645
p5,malT,3484254,38000,0.966
p5,malT,3484254,38500,0.775
p5,malT,3484254,39000,0.857
p5,malT,3484254,39500,0.714
p5,malT,3484254,40000,0.916
p5,malT,3484254,40500,0.835
p5,malT,3484254,41000,0.838
p5,malT,3484254,41500,0.741
p5,malT,3484254,42000,0.874
p5,malT,3484254,42500,0.789
p5,malT,3484254,43000,0.462
p5,malT,3484254,43500,0.877
p5,malT,3484254,44000,0.712
p5,malT,3484254,44500,0.411
p5,malT,3484254,45000,0.704
p5,malT,3484254,45500,0.724
p5,malT,3484254,46000,0.946
p5,malT,3484254,46500,0.774
p5,malT,3484254,47000,0.721
p5,malT,3484254,47500,0.784
p5,malT,3484254,48000,0.989
p5,malT,3484254,48500,0.818
p5,malT,3484254,49000,0.92
p5,malT,3484254,49500,0.69
p5,malT,3484254,50000,0.934
p5,malT,3484254,50500,0.761
p5,malT,3484254,51000,0.864
p5,malT,3484254,51500,0.621
p5,malT,3484254,52000,0.773
p5,malT,3484254,52500,0.738
p5,malT,3484254,53000,0.829
p5,malT,3484254,53500,0.827
p5,malT,3484254,54000,0.705
p5,malT,3484254,54500,0.877
p5,malT,3484254,55000,0.823
p5,malT,3484254,55500,0.71
p5,malT,3484254,56000,0.641
p5,malT,3484254,56500,0.859
p5,malT,3484254,57000,0.733
p5,malT,3484254,57500,0.627
p5,yhhT,3542568,0,0.0
p5,yhhT,3542568,1000,0.0
p5,yhhT,3542568,1500,0.0
p5,yhhT,3542568,2000,0.0
p5,yhhT,3542568,3000,0.0
p5,yhhT,3542568,3500,0.0
p5,yhhT,3542568,4000,0.0
p5,yhhT,3542568,4500,0.0
p5,yhhT,3542568,5000,0.0
p5,yhhT,3542568,5500,0.0
p5,yhhT,3542568,6000,0.0
p5,yhhT,3542568,6500,0.027
p5,yhhT,3542568,7000,0.0
p5,yhhT,3542568,7500,0.0
p5,yhhT,3542568,8000,0.0
p5,yhhT,3542568,8500,0.054
p5,yhhT,3542568,9000,0.769
p5,yhhT,3542568,9500,0.848
p5,yhhT,3542568,10000,1.0
p5,yhhT,3542568,10500,0.623
p5,yhhT,3542568,11000,0.861
p5,yhhT,3542568,11500,0.979
p5,yhhT,3542568,12000,0.699
p5,yhhT,3542568,12500,0.62
p5,yhhT,3542568,13000,0.748
p5,yhhT,3542568,13500,0.86
p5,yhhT,3542568,14000,0.836
p5,yhhT,3542568,14500,0.835
p5,yhhT,3542568,15000,0.871
p5,yhhT,3542568,15500,0.743
p5,yhhT,3542568,16000,0.88
p5,yhhT,3542568,16500,0.582
p5,yhhT,3542568,17000,0.648
p5,yhhT,3542568,17500,0.506
p5,yhhT,3542568,18000,0.913
p5,yhhT,3542568,18500,0.816
p5,yhhT,3542568,19000,0.928
p5,yhhT,3542568,19500,0.893
p5,yhhT,3542568,20000,0.533
p5,yhhT,3542568,20500,0.542
p5,yhhT,3542568,21000,0.646
p5,yhhT,3542568,21500,0.464
p5,yhhT,3542568,22000,0.98
p5,yhhT,3542568,22500,0.65
p5,yhhT,3542568,23000,0.749
p5,yhhT,3542568,23500,0.7
p5,yhhT,3542568,24000,0.797
p5,yhhT,3542568,24500,0.594
p5,yhhT,3542568,25000,0.518
p5,yhhT,3542568,25500,0.623
p5,yhhT,3542568,26000,0.756
p5,yhhT,3542568,26500,0.714
p5,yhhT,3542568,27000,0.927
p5,yhhT,3542568,27500,0.798
p5,yhhT,3542568,28000,0.86
p5,yhhT,3542568,28500,0.836
p5,yhhT,3542568,29000,0.937
p5,yhhT,3542568,29500,0.935
p5,yhhT,3542568,30000,1.0
p5,yhhT,3542568,30500,0.917
p5,yhhT,3542568,31000,1.0
p5,yhhT,3542568,31500,0.864
p5,yhhT,3542568,32000,1.0
p5,yhhT,3542568,32500,0.882
p5,yhhT,3542568,33000,0.94
p5,yhhT,3542568,33500,0.745
p5,yhhT,3542568,34000,0.963
p5,yhhT,3542568,34500,0.88
p5,yhhT,3542568,35000,0.969
p5,yhhT,3542568,35500,0.767
p5,yhhT,3542568,36000,0.832
p5,yhhT,3542568,36500,0.761
p5,yhhT,3542568,37000,0.879
p5,yhhT,3542568,37500,0.636
p5,yhhT,3542568,38000,0.89
p5,yhhT,3542568,38500,0.754
p5,yhhT,3542568,39000,0.936
p5,yhhT,3542568,39500,0.644
p5,yhhT,3542568,40000,0.978
p5,yhhT,3542568,40500,0.902
p5,yhhT,3542568,41000,0.903
p5,yhhT,3542568,41500,0.618
p5,yhhT,3542568,42000,0.917
p5,yhhT,3542568,42500,0.75
p5,yhhT,3542568,43000,0.449
p5,yhhT,3542568,43500,0.922
p5,yhhT,3542568,44000,0.811
p5,yhhT,3542568,44500,0.746
p5,yhhT,3542568,45000,0.784
p5,yhhT,3542568,45500,0.773
p5,yhhT,3542568,46000,0.943
p5,yhhT,3542568,46500,0.835
p5,yhhT,3542568,47000,0.727
p5,yhhT,3542568,47500,0.838
p5,yhhT,3542568,48000,1.0
p5,yhhT,3542568,48500,0.84
p5,yhhT,3542568,49000,0.902
p5,yhhT,3542568,49500,0.726
p5,yhhT,3542568,50000,0.859
p5,yhhT,3542568,50500,0.827
p5,yhhT,3542568,51000,0.798
p5,yhhT,3542568,51500,0.718
p5,yhhT,3542568,52000,0.843
p5,yhhT,3542568,52500,0.791
p5,yhhT,3542568,53000,0.887
p5,yhhT,3542568,53500,0.907
p5,yhhT,3542568,54000,0.734
p5,yhhT,3542568,54500,0.923
p5,yhhT,3542568,55000,0.723
p5,yhhT,3542568,55500,0.879
p5,yhhT,3542568,56000,0.771
p5,yhhT,3542568,56500,0.764
p5,yhhT,3542568,57000,0.731
p5,yhhT,3542568,57500,0.662
p5,intergenic,3911965,0,0.0
p5,intergenic,3911965,1000,0.0
p5,intergenic,3911965,1500,0.0
p5,intergenic,3911965,2000,0.0
p5,intergenic,3911965,3000,0.0
p5,intergenic,3911965,3500,0.0
p5,intergenic,3911965,4000,0.0
p5,intergenic,3911965,4500,0.0
p5,intergenic,3911965,5000,0.0
p5,intergenic,3911965,5500,0.0
p5,intergenic,3911965,6000,0.0
p5,intergenic,3911965,6500,0.0
p5,intergenic,3911965,7000,0.0
p5,intergenic,3911965,7500,0.0
p5,intergenic,3911965,8000,0.0
p5,intergenic,3911965,8500,0.0
p5,intergenic,3911965,9000,0.0
p5,intergenic,3911965,9500,0.0
p5,intergenic,3911965,10000,0.03
p5,intergenic,3911965,10500,0.0
p5,intergenic,3911965,11000,0.0
p5,intergenic,3911965,11500,0.0
p5,intergenic,3911965,12000,0.0
p5,intergenic,3911965,12500,0.0
p5,intergenic,3911965,13000,0.069
p5,intergenic,3911965,13500,0.0
p5,intergenic,3911965,14000,0.235
p5,intergenic,3911965,14500,0.098
p5,intergenic,3911965,15000,0.0
p5,intergenic,3911965,15500,0.0
p5,intergenic,3911965,16000,0.0
p5,intergenic,3911965,16500,0.0
p5,intergenic,3911965,17000,0.0
p5,intergenic,3911965,17500,0.0
p5,intergenic,3911965,18000,0.0
p5,intergenic,3911965,18500,0.0
p5,intergenic,3911965,19000,0.0
p5,intergenic,3911965,19500,0.0
p5,intergenic,3911965,20000,0.0
p5,intergenic,3911965,20500,0.0
p5,intergenic,3911965,21000,0.0
p5,intergenic,3911965,21500,0.0
p5,intergenic,3911965,22000,0.0
p5,intergenic,3911965,22500,0.0
p5,intergenic,3911965,23000,0.0
p5,intergenic,3911965,23500,0.0
p5,intergenic,3911965,24000,0.0
p5,intergenic,3911965,24500,0.069
p5,intergenic,3911965,25000,0.154
p5,intergenic,3911965,25500,0.0
p5,intergenic,3911965,26000,0.0
p5,intergenic,3911965,26500,0.0
p5,intergenic,3911965,27000,0.0
p5,intergenic,3911965,27500,0.0
p5,intergenic,3911965,28000,0.0
p5,intergenic,3911965,28500,0.0
p5,intergenic,3911965,29000,0.0
p5,intergenic,3911965,29500,0.0
p5,intergenic,3911965,30000,0.0
p5,intergenic,3911965,30500,0.0
p5,intergenic,3911965,31000,0.0
p5,intergenic,3911965,31500,0.0
p5,intergenic,3911965,32000,0.0
p5,intergenic,3911965,32500,0.0
p5,intergenic,3911965,33000,0.0
p5,intergenic,3911965,33500,0.0
p5,intergenic,3911965,34000,0.0
p5,intergenic,3911965,34500,0.042
p5,intergenic,3911965,35000,0.0
p5,intergenic,3911965,35500,0.067
p5,intergenic,3911965,36000,0.071
p5,intergenic,3911965,36500,0.0
p5,intergenic,3911965,37000,0.0
p5,intergenic,3911965,37500,0.0
p5,intergenic,3911965,38000,0.0
p5,intergenic,3911965,38500,0.029
p5,intergenic,3911965,39000,0.0
p5,intergenic,3911965,39500,0.0
p5,intergenic,3911965,40000,0.019
p5,intergenic,3911965,40500,0.034
p5,intergenic,3911965,41000,0.0
p5,intergenic,3911965,41500,0.0
p5,intergenic,3911965,42000,0.432
p5,intergenic,3911965,42500,0.695
p5,intergenic,3911965,43000,0.5
p5,intergenic,3911965,43500,0.805
p5,intergenic,3911965,44000,0.742
p5,intergenic,3911965,44500,0.6
p5,intergenic,3911965,45000,0.571
p5,intergenic,3911965,45500,0.661
p5,intergenic,3911965,46000,0.909
p5,intergenic,3911965,46500,0.821
p5,intergenic,3911965,47000,0.707
p5,intergenic,3911965,47500,0.647
p5,intergenic,3911965,48000,0.95
p5,intergenic,3911965,48500,0.852
p5,intergenic,3911965,49000,0.818
p5,intergenic,3911965,49500,0.538
p5,intergenic,3911965,50000,0.903
p5,intergenic,3911965,50500,0.474
p5,intergenic,3911965,51000,0.778
p5,intergenic,3911965,51500,0.433
p5,intergenic,3911965,52000,0.788
p5,intergenic,3911965,52500,1.0
p5,intergenic,3911965,53000,0.885
p5,intergenic,3911965,53500,0.25
p5,intergenic,3911965,54000,0.532
p5,intergenic,3911965,54500,0.886
p5,intergenic,3911965,55000,0.5
p5,intergenic,3911965,55500,0.545
p5,intergenic,3911965,56000,0.625
p5,intergenic,3911965,56500,0.667
p5,intergenic,3911965,57000,0.6
p5,intergenic,3911965,57500,0.596
