name_last,name_first,position,country,height_in,weight_lb,from_year,to_year
Abdelnaby,Alaa,F,USA,82,240,1990,1994
Abdul-Aziz,Zaid,C,USA,81,235,1968,1977
Abdul-Jabbar,Kareem,C,USA,86,225,1969,1988
Abdul-Rauf,Mahmoud,G,USA,73,162,1990,2000
Abdul-Wahad,Tariq,F-G,France,78,235,1997,2003
Abdur-Rahim,Shareef,F,USA,81,245,1996,2007
Abernethy,Tom,F,USA,79,220,1976,1980
Able,Forest,G,USA,75,180,1956,1956
Abramovic,John,F,USA,75,195,1946,1947
Abrines,Alex,G,Spain,78,190,2016,2018
Achiuwa,Precious,F,Nigeria,80,225,2020,2022
Acker,Alex,G,USA,77,185,2005,2008
Ackerman,Donald,G,USA,72,183,1953,1953
Acres,Mark,C,USA,83,220,1987,1992
Acton,Charles,F,USA,78,210,1967,1967
Acy,Quincy,F,USA,79,240,2012,2018
Adams,Alvan,C,USA,81,210,1975,1987
Adams,Don,F,USA,79,210,1970,1976
Adams,Hassan,F,USA,76,220,2006,2008
Adams,Jaylen,G,USA,72,225,2018,2020
Adams,Jordan,G,USA,77,209,2014,2015
Adams,Michael,G,USA,70,165,1985,1995
Adams,Steven,C,New Zealand,83,265,2013,2022
Addison,Rafael,F,USA,80,241,1986,1996
Adebayo,Bam,C-F,USA,81,255,2017,2022
Adel,Deng,F,South Sudan,79,200,2018,2018
Adelman,Rick,G,USA,74,175,1968,1974
Adrien,Jeff,F,USA,79,245,2010,2014
Afflalo,Arron,G,USA,77,210,2007,2017
Agbaji,Ochai,G,USA,77,215,2022,2022
Ager,Maurice,F-G,USA,77,202,2006,2010
Aguirre,Mark,F,USA,78,232,1981,1993
Ahearn,Blake,G,USA,74,190,2007,2011
Ainge,Danny,G,USA,77,175,1981,1994
Ajinca,Alexis,C,France,86,248,2008,2017
Akin,Henry,C,USA,82,225,1966,1967
Akognon,Josh,G,USA,71,185,2012,2012
Akoon-Purcell,DeVaughn,G,Trinidad and Tobago,77,201,2018,2018
Alabi,Solomon,C,Nigeria,85,252,2010,2011
Alarie,Mark,F,USA,80,217,1986,1990
Alcorn,Gary,C,USA,81,225,1959,1960
Aldama,Santi,F-C,Spain,84,215,2021,2022
Aldemir,Furkan,F-C,Turkey,82,240,2014,2014
Aldrich,Cole,C,USA,83,253,2010,2017
Aldridge,LaMarcus,C-F,USA,83,250,2006,2021
Aleksinas,Chuck,C,USA,83,260,1984,1984
Alexander,Cliff,F,USA,80,240,2015,2015
Alexander,Cory,G,USA,73,190,1995,2004
Alexander,Courtney,G,USA,77,205,2000,2003
Alexander,Gary,F,USA,79,240,1993,1993
Alexander,Joe,F,USA,80,230,2008,2009
Alexander,Kyle,F-C,Canada,82,216,2019,2019
Alexander,Ty-Shon,G,USA,75,195,2020,2020
Alexander,Victor,F,USA,82,265,1991,2001
Alexander-Walker,Nickeil,G,Canada,77,205,2019,2022
Alford,Steve,G,USA,74,183,1987,1990
Alkins,Rawle,G,USA,77,225,2018,2018
Allen,Bob,F,USA,81,205,1968,1968
Allen,Grayson,G,USA,76,198,2018,2022
Allen,Jarrett,C,USA,81,243,2017,2022
Allen,Jerome,G,USA,76,184,1995,1996
Allen,Kadeem,G,USA,75,200,2017,2019
Allen,Lavoy,F-C,USA,81,260,2011,2016
Allen,Lucius,G,USA,74,175,1969,1978
Allen,Malik,F,USA,82,255,2001,2010
Allen,Randy,F,USA,80,220,1988,1989
Allen,Ray,G,USA,77,205,1996,2013
Allen,Tony,G-F,USA,76,213,2004,2017
Allison,Odis,F,USA,78,195,1971,1971
Allred,Lance,C,USA,83,250,2007,2007
Allums,Darrell,F,USA,80,220,1980,1980
Almond,Morris,G,USA,78,225,2007,2011
Alston,Derrick,F,USA,83,225,1994,1996
Alston,Rafer,G,USA,74,175,1999,2009
Aluma,Peter,C,USA,82,260,1998,1998
Alvarado,Jose,G,USA,72,179,2021,2022
Amaechi,John,F-C,United Kingdom,82,270,1995,2002
Amaya,Ashraf,F,USA,79,250,1995,1996
Aminu,Al-Farouq,F,USA,80,220,2010,2020
Amundson,Lou,F,USA,81,220,2006,2015
Anderegg,Bob,F,USA,75,200,1959,1959
Andersen,Chris,F-C,USA,82,245,2001,2016
Andersen,David,C,Australia,83,247,2009,2010
Anderson,Alan,F-G,USA,78,220,2005,2016
Anderson,Antonio,G,USA,78,215,2009,2009
Anderson,Cliff,G,USA,74,200,1967,1970
Anderson,Daniel,G,USA,74,185,1974,1975
Anderson,Derek,G,USA,77,195,1997,2007
Anderson,Dwight,G,USA,75,185,1982,1982
Anderson,Eric,F,USA,81,220,1992,1993
Anderson,Greg,C-F,USA,82,250,1987,1997
Anderson,James,G-F,USA,78,213,2010,2015
Anderson,Jerome,G,USA,77,195,1975,1976
Anderson,Justin,F-G,USA,77,231,2015,2021
Anderson,Kenny,G,USA,73,168,1991,2004
Anderson,Kim,F,USA,79,200,1978,1978
Anderson,Kyle,F-G,USA,81,230,2014,2022
Anderson,Michael,G,USA,71,184,1988,1988
Anderson,Mitchell,F,USA,80,195,1982,1984
Anderson,Nick,F-G,USA,78,228,1989,2002
Anderson,Richard,F,USA,82,240,1982,1989
Anderson,Ron,F,USA,79,215,1984,1993
Anderson,Ryan,F,USA,82,240,2008,2019
Anderson,Shandon,G-F,USA,78,215,1996,2005
Anderson,Willie,G-F,USA,80,200,1988,1996
Anderzunas,Wally,C,USA,79,220,1969,1969
Andriuskevicius,Martynas,C,Lithuania,86,240,2005,2006
Anielak,Don,F,USA,79,190,1954,1954
Anigbogu,Ike,C-F,USA,82,262,2017,2018
Ansley,Michael,F,USA,79,225,1989,1991
Anstey,Chris,C,Australia,84,249,1997,1999
Antetokounmpo,Giannis,F,Greece,84,243,2013,2022
Antetokounmpo,Kostas,F,Greece,82,200,2018,2020
Antetokounmpo,Thanasis,F,Greece,79,219,2015,2022
Anthony,Carmelo,F,USA,79,238,2003,2021
Anthony,Cole,G,USA,75,185,2020,2022
Anthony,Greg,G,USA,73,180,1991,2001
Anthony,Joel,C,Canada,81,245,2007,2016
Antic,Pero,F-C,Macedonia,83,260,2013,2014
Anunoby,O.G.,F,United Kingdom,79,232,2017,2022
Appling,Keith,G,USA,73,185,2015,2015
Araujo,Rafael,C,Brazil,83,270,2004,2006
Arceneaux,Stacey,F,USA,76,210,1961,1961
Archibald,Nate,G,USA,73,150,1970,1983
Archibald,Robert,F,Scotland,83,250,2002,2003
Arcidiacono,Ryan,G,USA,75,195,2017,2022
Ard,Jim,C,USA,81,215,1974,1977
Arenas,Gilbert,G,USA,76,215,2001,2011
Ariza,Trevor,F,USA,80,215,2004,2021
Arizin,Paul,F,USA,76,190,1950,1961
Arlauckas,Joe,F,USA,81,230,1987,1987
Armstrong,B.J.,G,USA,74,185,1989,1999
Armstrong,Bob,C,USA,80,220,1956,1956
Armstrong,Brandon,G,USA,77,185,2001,2003
Armstrong,Darrell,G,USA,73,180,1994,2007
Armstrong,Hilton,F-C,USA,83,235,2006,2013
Armstrong,Paul,G,USA,71,170,1948,1950
Armstrong,Tate,G,USA,75,175,1977,1978
Arnelle,Jesse,F,USA,77,220,1955,1955
Arnette,Jay,G,USA,74,175,1963,1965
Arnzen,Bob,F,USA,77,205,1970,1970
Arroyo,Carlos,G,Puerto Rico,74,200,2001,2010
Arthur,Darrell,F,USA,81,235,2008,2017
Arthurs,John,G,USA,76,185,1969,1969
Artis,Jamel,G,USA,79,213,2017,2017
Asik,Omer,C,Turkey,84,255,2010,2017
Askew,Vincent,F,USA,78,235,1987,1997
Askins,Keith,F-G,USA,80,215,1990,1998
Asmonga,Don,G,USA,74,185,1953,1953
Atha,Richard,G,USA,74,190,1955,1957
Atkins,Chucky,G,USA,71,185,1999,2009
Attles,Alvin,G,USA,73,175,1960,1970
Aubuchon,Chet,G,USA,70,137,1946,1946
Augmon,Stacey,F-G,USA,80,213,1991,2005
Augustin,D.J.,G,USA,71,183,2008,2022
Augustine,James,F,USA,82,235,2006,2007
Austin,Ike,C,USA,82,270,1991,2001
Austin,John,G,USA,72,170,1966,1966
Austin,Ken,F,USA,81,205,1983,1983
Avdija,Deni,F,Israel,81,210,2020,2022
Avent,Anthony,C,USA,81,240,1992,1999
Averitt,William,G,USA,74,170,1976,1977
Avery,William,G,USA,74,180,1999,2002
Awtrey,Dennis,C,USA,82,235,1970,1981
Ayayi,Joel,G,France,76,180,2021,2021
Ayon,Gustavo,F-C,Mexico,82,250,2011,2013
Ayres,Jeff,F-C,USA,81,250,2009,2015
Ayton,Deandre,C,Bahamas,84,250,2018,2022
Azubuike,Kelenna,G,United Kingdom,77,215,2006,2011
Azubuike,Udoka,C-F,Nigeria,83,270,2020,2022
Babb,Chris,G,USA,77,225,2013,2014
Babbitt,Luke,F,USA,81,225,2010,2017
Babic,Milos,C,USA,84,240,1990,1991
Bach,Johnny,F,USA,74,180,1948,1948
Bacon,Dwayne,G-F,USA,78,221,2017,2020
Badji,Ibou,C,Senegal,85,240,2022,2022
Baechtold,Jim,F,USA,76,205,1952,1956
Bagaric,Dalibor,C,Croatia,85,290,2000,2002
Bagley,John,G,USA,72,185,1982,1993
Bagley III,Marvin,F,USA,82,235,2018,2022
Bailey,Carl,C,USA,84,210,1981,1981
Bailey,Gus,G,USA,77,185,1974,1979
Bailey,James,F,USA,81,220,1979,1987
Bailey,Thurl,F,USA,83,247,1983,1998
Bailey,Toby,G,USA,78,213,1998,2002
Bairstow,Cameron,F-C,Australia,81,250,2014,2015
Baker,Mark,G,USA,73,175,1998,1998
Baker,Maurice,G,USA,73,185,2002,2004
Baker,Norm,G,Canada,72,180,1946,1946
Baker,Ron,G,USA,76,220,2016,2018
Baker,Vin,F,USA,83,240,1993,2005
Baldwin IV,Wade,G,USA,76,202,2016,2018
Baldwin Jr.,Patrick,F,USA,81,220,2022,2022
Balkman,Renaldo,F,USA,80,208,2006,2011
Ball,Cedric,F,USA,80,210,1990,1990
Ball,LaMelo,G,USA,79,180,2020,2022
Ball,Lonzo,G,USA,78,190,2017,2022
Ballard,Greg,F,USA,79,215,1977,1988
Baltimore,Herschel,F,USA,76,195,1946,1946
Bamba,Mo,C,USA,84,231,2018,2022
Banchero,Paolo,F,USA,82,250,2022,2022
Bane,Desmond,G,USA,77,215,2020,2022
Banks,Gene,F,USA,79,215,1981,1986
Banks,Marcus,G,USA,74,205,2003,2010
Bannister,Ken,F,USA,81,235,1984,1990
Bantom,Mike,F,USA,81,200,1973,1981
Banton,Dalano,F,Canada,79,204,2021,2022
Barber,Cat,G,USA,73,173,2021,2021
Barber,John,F,USA,78,210,1956,1956
Barbosa,Leandro,G,Brazil,75,194,2003,2016
Bardo,Stephen,G,USA,77,190,1991,1995
Barea,J.J.,G,Puerto Rico,70,180,2006,2019
Bargnani,Andrea,C-F,Italy,84,245,2006,2015
Barker,Cliff,G,USA,74,185,1949,1951
Barker,Tom,C,USA,83,225,1976,1978
Barkley,Charles,F,USA,78,252,1984,1999
Barkley,Erick,G,USA,73,185,2000,2002
Barksdale,Don,F,USA,78,200,1951,1954
Barlow,Dominick,F,USA,81,215,2022,2022
Barnes,Harrison,F,USA,80,225,2012,2022
Barnes,Harry,F,USA,75,205,1968,1968
Barnes,Jim,C,USA,80,210,1964,1970
Barnes,Marvin,F,USA,81,210,1976,1979
Barnes,Matt,F,USA,79,226,2002,2016
Barnes,Scottie,F,USA,80,225,2021,2022
Barnett,Dick,G,USA,76,190,1959,1973
Barnett,Jim,G,USA,76,170,1966,1976
Barnhill,John,G,USA,73,180,1962,1968
Barnhill,Norton,G,USA,76,205,1976,1976
Barnhorst,Leo,F,USA,76,190,1949,1953
Barr,John,F,USA,75,205,1946,1946
Barr,Mike,G,USA,75,180,1976,1976
Barr,Thomas,G,USA,76,195,1970,1970
Barrett,Andre,G,USA,70,173,2004,2007
Barrett,Ernie,G,USA,68,180,1953,1955
Barrett,RJ,F-G,Canada,78,214,2019,2022
Barron,Earl,F-C,USA,84,250,2005,2014
Barros,Dana,G,USA,71,165,1989,2003
Barry,Brent,G,USA,79,210,1995,2008
Barry,Drew,G,USA,77,191,1997,1999
Barry,Jon,G,USA,77,210,1992,2005
Barry,Rick,F,USA,79,205,1965,1979
Bartels,Ed,F,USA,78,195,1949,1950
Bartolome,Vic,C,USA,84,230,1971,1971
Barton,Will,G,USA,77,181,2012,2022
Basden,Eddie,G,USA,77,215,2005,2005
Baskerville,Jerry,F,USA,79,190,1975,1975
Bass,Brandon,F,USA,80,250,2005,2016
Bass,Paris,F,USA,80,200,2021,2021
Bassett,Tim,F,USA,80,225,1976,1979
Bassey,Charles,C-F,Nigeria,81,230,2021,2022
Baston,Maceo,F,USA,82,230,2002,2008
Bateer,Mengke,C,China,83,290,2001,2003
Bates,Billyray,G,USA,76,210,1979,1982
Bates-Diop,Keita,F,USA,80,229,2018,2022
Batista,Esteban,F-C,Uruguay,82,268,2005,2006
Batiste,Mike,F,USA,80,225,2002,2002
Battie,Tony,C,USA,83,240,1997,2011
Battier,Shane,F,USA,80,220,2001,2013
Battle,John,G,USA,74,175,1985,1994
Battle,Kenny,G,USA,78,210,1989,1992
Batton,Dave,C,USA,82,240,1982,1983
Batum,Nicolas,G-F,France,80,230,2008,2022
Baum,Johnny,F,USA,77,200,1969,1970
Baumholtz,Frankie,G,USA,70,170,1946,1946
Baxter,Lonny,F,USA,80,260,2002,2005
Bayless,Jerryd,G,USA,75,200,2008,2018
Baylor,Elgin,F,USA,77,225,1958,1971
Baynes,Aron,C-F,Australia,82,260,2012,2020
Bazarevich,Sergei,G,Russia,74,168,1994,1994
Bazemore,Kent,G-F,USA,76,195,2012,2021
Bazley,Darius,F,USA,81,216,2019,2022
Beach,Ed,F,USA,75,200,1950,1950
Beal,Bradley,G,USA,76,207,2012,2022
Beard,Butch,G,USA,75,185,1969,1978
Beard,Ralph,G,USA,70,175,1949,1950
Beasley,Jerome,F,USA,81,237,2003,2003
Beasley,Malik,G,USA,76,187,2016,2022
Beasley,Michael,F,USA,81,235,2008,2018
Beaty,Zelmo,C,USA,81,225,1962,1974
Beaubois,Rodrigue,G,France,74,185,2009,2012
Beauchamp,MarJon,F,USA,79,199,2022,2022
Beck,Byron,C,USA,81,225,1976,1976
Beck,Corey,G,USA,75,200,1995,1998
Beck,Ernie,G,USA,76,190,1953,1960
Bedford,William,C,USA,84,225,1986,1992
Beenders,Hank,C,USA,77,185,1946,1948
Behagen,Ron,F,USA,81,185,1973,1979
Behnke,Elmer,C,USA,79,210,1951,1951
Belinelli,Marco,G,Italy,77,220,2007,2019
Bell,Charlie,G,USA,75,200,2001,2010
Bell,Dennis,F,USA,77,185,1973,1975
Bell,Jordan,F,USA,80,216,2017,2021
Bell,Raja,G,US Virgin Islands,77,210,2000,2011
Bell,Troy,G,USA,73,180,2003,2003
Bell,William,G,USA,72,180,1959,1960
Bellamy,Walt,C,USA,82,225,1961,1974
Bembry,DeAndre',G-F,USA,77,210,2016,2021
Bemoras,Irv,F,USA,75,185,1953,1956
Benbow,Leon,G,USA,76,185,1974,1975
Bender,Dragan,F,Croatia,85,225,2016,2019
Bender,Jonathan,F,USA,84,230,1999,2009
Benjamin,Benoit,C,USA,84,265,1985,1999
Benjamin,Corey,G,USA,78,205,1998,2002
Bennett,Anthony,F,Canada,80,245,2013,2016
Bennett,Elmer,G,USA,72,170,1994,1996
Bennett,Mario,C-F,USA,81,235,1995,2002
Bennett,Mel,F,USA,79,200,1976,1981
Bennett,Tony,G,USA,72,175,1992,1994
Bennett,Winston,G,USA,79,210,1989,1991
Benoit,David,F,USA,80,220,1991,2000
Benson,Keith,F-C,USA,83,240,2011,2011
Benson,Kent,C,USA,83,235,1977,1987
Bentil,Ben,F,Ghana,81,235,2016,2016
Berce,Gene,G,USA,71,175,1949,1949
Bergen,Gary,C,USA,80,210,1956,1956
Berry,Ricky,F,USA,80,205,1988,1988
Berry,Walter,F,USA,80,215,1986,1988
Bertans,Dairis,G,Latvia,76,200,2018,2018
Bertans,Davis,F,Latvia,82,225,2016,2022
Beshore,Del,G,USA,71,165,1978,1979
Best,Travis,G,USA,71,182,1995,2004
Beverley,Patrick,G,USA,74,180,2012,2022
Bey,Saddiq,F,USA,79,215,2020,2022
Bey,Tyler,F,USA,79,215,2020,2020
Bhullar,Sim,C,Canada,89,360,2014,2014
Bianchi,Al,G,USA,75,185,1956,1965
Biasatti,Hank,G,Canada,71,175,1946,1946
Bibby,Henry,G,USA,73,185,1972,1980
Bibby,Mike,G,USA,74,195,1998,2011
Biedenbach,Ed,G,USA,73,175,1968,1968
Biedrins,Andris,C,Latvia,84,242,2004,2013
Bielke,Don,C,USA,79,240,1955,1955
Bigelow,Bob,F,USA,79,215,1975,1978
Billups,Chauncey,G,USA,75,210,1997,2013
Bing,Dave,G,USA,75,180,1966,1977
Binion,Joe,F,USA,80,235,1986,1986
Birch,Khem,C,Canada,80,233,2017,2022
Bird,Jabari,G,USA,78,198,2017,2017
Bird,Jerry,F,USA,78,210,1958,1958
Bird,Larry,F,USA,81,220,1979,1991
Birdsong,Otis,G,USA,75,190,1977,1988
Bishop,Gale,F,USA,75,195,1948,1948
Bitadze,Goga,C-F,Georgia,83,250,2019,2022
Biyombo,Bismack,C,DRC,80,255,2011,2022
Bjelica,Nemanja,F,Serbia,81,234,2015,2021
Blab,Uwe,C,USA,85,252,1985,1989
Black,Charlie,F,USA,76,200,1948,1951
Black,Norman,G,USA,77,185,1980,1980
Black,Tarik,F-C,USA,81,250,2014,2017
Black,Tom,C,USA,82,220,1970,1970
Blackman,Rolando,G,USA,78,190,1981,1993
Blackwell,Alex,F,USA,78,250,1992,1992
Blackwell,Cory,F,USA,78,210,1984,1984
Blackwell,James,G,USA,72,190,1994,1994
Blackwell,Nate,G,USA,76,170,1987,1987
Blair,DeJuan,C-F,USA,79,270,2009,2015
Blake,Steve,G,USA,75,172,2003,2015
Blakely,Marqus,F,USA,77,225,2010,2010
Blakeney,Antonio,G,USA,76,192,2017,2018
Blalock,Will,G,USA,72,205,2006,2006
Blaney,George,G,USA,73,175,1961,1961
Blanks,Lance,G,USA,76,190,1990,1992
Blanton,Ricky,F,USA,79,215,1992,1992
Blatche,Andray,C-F,USA,83,260,2005,2013
Blaylock,Mookie,G,USA,73,185,1989,2001
Bledsoe,Eric,G,USA,73,214,2010,2021
Blevins,Keljin,G,USA,76,200,2020,2021
Blevins,Leon,G,USA,74,160,1950,1950
Block,John,F,USA,82,207,1966,1975
Bloom,Mike,C,USA,78,190,1947,1948
Blossomgame,Jaron,F,USA,80,220,2018,2018
Blount,Corie,F-C,USA,82,242,1993,2003
Blount,Mark,C-F,USA,84,250,2000,2008
Blue,Vander,G,USA,76,200,2013,2017
Bluiett,Trevon,G-F,USA,78,198,2018,2018
Blume,Ray,G,USA,76,185,1981,1981
Bobb,Nelson,G,USA,72,170,1949,1952
Bobbitt,Tony,G,USA,76,190,2004,2004
Bockhorn,Arlen,G,USA,76,200,1958,1964
Boeheim,Buddy,F,USA,78,205,2022,2022
Boerwinkle,Tom,C,USA,84,265,1968,1977
Bogans,Keith,G-F,USA,77,215,2003,2013
Bogdanovic,Bogdan,G,Serbia,77,225,2017,2022
Bogdanovic,Bojan,F,Croatia,79,226,2014,2022
Bogues,Muggsy,G,USA,63,141,1987,2000
Bogut,Andrew,C,Australia,84,260,2005,2018
Bohannon,Etdrick,F,USA,81,235,1997,2000
Bol,Bol,C-F,Sudan,86,220,2019,2022
Bol,Manute,C,USA,90,200,1985,1994
Bolden,Jonah,F,Australia,82,220,2018,2019
Bolden,Marques,C,USA,82,249,2019,2020
Bolger,Bill,F,USA,77,205,1953,1953
Bolmaro,Leandro,F,Argentina,78,200,2021,2022
Bolomboy,Joel,F,Ukraine,81,235,2016,2017
Bolstorff,Doug,G,USA,76,195,1957,1957
Bon Salle,George H.,F,USA,80,220,1961,1961
Bond,Phil,G,USA,74,175,1977,1977
Bond,Walter,G,USA,77,200,1992,1994
Bone,Jordan,G,USA,75,180,2019,2020
Boney,Dexter,G,USA,76,185,1996,1996
Bonga,Isaac,G,Germany,80,180,2018,2021
Bonham,Ron,F,USA,76,192,1964,1965
Bonner,Anthony,F,USA,80,230,1990,2002
Bonner,Matt,C-F,USA,82,235,2004,2015
Booker,Devin,G,USA,77,206,2015,2022
Booker,Melvin,G,USA,74,185,1995,1996
Booker,Trevor,F,USA,80,228,2010,2017
Boone,Josh,F-C,USA,82,240,2006,2009
Boone,Ron,G,USA,74,200,1976,1980
Booth,Calvin,C,USA,83,230,1999,2008
Booth,Keith,F,USA,78,226,1997,1998
Boozer,Bob,F,USA,80,215,1960,1970
Boozer,Carlos,F,USA,81,258,2002,2014
Borchardt,Curtis,C,USA,84,242,2002,2004
Bornheimer,Jake,F,USA,77,200,1948,1949
Borrell,Lazaro,F,Cuba,80,220,1999,1999
Borsavage,Costic,C,USA,80,220,1950,1950
Boryla,Vince,F,USA,77,210,1949,1953
Bosh,Chris,F,USA,83,235,2003,2016
Bostic,Jim,F,USA,79,225,1977,1977
Boston,Lawrence,F,USA,80,225,1979,1979
Boston Jr.,Brandon,G,USA,78,188,2021,2022
Boswell,Tom,F,USA,80,220,1975,1983
Boucher,Chris,F-C,Saint Lucia,81,200,2017,2022
Bouknight,James,G,USA,76,190,2021,2022
Boumtje-Boumtje,Ruben,C,USA,84,257,2001,2003
Bouyea,Jamaree,G,USA,74,180,2022,2022
Boven,Don,F,USA,76,210,1949,1952
Bowdler,Cal,F,USA,82,253,1999,2001
Bowen,Bruce,F,USA,79,200,1996,2008
Bowen,Ryan,F,USA,81,218,1999,2009
Bowen II,Brian,F-G,USA,78,190,2019,2020
Bowie,Anthony,G,USA,78,200,1988,1997
Bowie,Sam,C,USA,85,235,1984,1994
Bowman,Ira,G,USA,77,195,1999,2001
Bowman,Ky,G,USA,73,187,2019,2019
Bowman,Nate,C,USA,82,230,1966,1970
Boyce,Donnie,G,USA,77,195,1995,1996
Boyd,Dennis,G,USA,73,175,1978,1978
Boyd,Fred,G,USA,74,180,1972,1977
Boyd,Ken,F,USA,77,195,1974,1974
Boykins,Earl,G,USA,65,133,1998,2011
Boykoff,Harry,C,USA,81,225,1949,1950
Boynes,Winford,G,USA,78,185,1978,1980
Bozeman,Cedric,G,USA,78,207,2006,2006
Bracey,Steve,G,USA,73,175,1972,1974
Brackins,Craig,F,USA,82,230,2010,2011
Bradds,Gary,F,USA,80,210,1964,1965
Bradley,Alex,F,USA,78,215,1981,1981
Bradley,Alonzo,F,USA,78,190,1977,1979
Bradley,Avery,G,USA,75,180,2010,2021
Bradley,Bill,F,USA,77,205,1967,1976
Bradley,Charles,G,USA,77,215,1981,1983
Bradley,Dudley,G,USA,78,195,1979,1988
Bradley,Joe,G,USA,75,175,1949,1949
Bradley,Michael,F,USA,82,245,2001,2005
Bradley,Shawn,C,USA,90,275,1993,2004
Bradley,Tony,C-F,USA,82,248,2017,2022
Bradtke,Mark,C,Australia,82,265,1996,1996
Bragg,Marques,F,USA,80,230,1995,1995
Braggs,Torraye,F,USA,80,245,2003,2004
Bramlett,A.J.,C,USA,82,227,1999,1999
Branch,Adrian,F,USA,79,185,1986,1989
Brand,Elton,F,USA,81,254,1999,2015
Brandon,Terrell,G,USA,71,173,1991,2002
Branham,Malaki,F,USA,76,180,2022,2022
Brannum,Bob,F,USA,78,215,1949,1954
Branson,Brad,F,USA,82,220,1981,1982
Branson,Jesse,F,USA,79,195,1965,1965
Brantley,Jarrell,F,USA,77,250,2019,2022
Brasco,Jim,G,USA,73,170,1952,1952
Bratz,Mike,G,USA,74,185,1977,1985
Braun,Carl,G,USA,77,180,1947,1961
Braun,Christian,G,USA,78,220,2022,2022
Brazdeikis,Ignas,F,Canada,78,221,2019,2021
Breaux,Tim,F,USA,79,215,1994,1997
Bremer,J.R.,G,USA,74,185,2002,2003
Brennan,Pete,F,USA,78,205,1958,1958
Brennan,Tom,F,USA,75,195,1954,1954
Breuer,Randy,C,USA,87,230,1983,1993
Brewer,Corey,G-F,USA,81,188,2007,2019
Brewer,Jamison,G,USA,76,184,2001,2004
Brewer,Jim,F,USA,81,210,1973,1981
Brewer,Ron,G,USA,76,180,1978,1985
Brewer,Ronnie,F,USA,79,235,2006,2013
Brezec,Primoz,C,Slovenia,85,255,2001,2009
Brian,Frank,G,USA,73,180,1949,1955
Brickowski,Frank,C-F,USA,81,248,1984,1996
Bridgeman,Junior,F,USA,77,210,1975,1986
Bridges,Bill,F,USA,77,228,1962,1974
Bridges,Mikal,G-F,USA,78,209,2018,2022
Bridges,Miles,F,USA,79,225,2018,2021
Brightman,Al,F,USA,74,195,1946,1946
Brimah,Amida,C,USA,82,230,2020,2020
Brindley,Audley,F,USA,76,175,1946,1946
Briscoe,Isaiah,G,USA,75,215,2018,2018
Brisker,John,F,USA,77,210,1972,1974
Brissett,Oshae,F-G,Canada,79,210,2019,2022
Bristow,Allan,F,USA,79,210,1973,1982
Britt,Tyrone,G,USA,76,190,1967,1967
Britt,Wayman,G,USA,74,185,1977,1977
Brittain,Mike,C,USA,84,235,1985,1986
Britton,David,G,USA,76,180,1980,1980
Brockman,Jon,F,USA,79,255,2009,2011
Broekhoff,Ryan,G-F,Australia,78,215,2018,2019
Brogan,Jim,G,USA,76,185,1981,1982
Brogdon,Malcolm,G,USA,76,229,2016,2022
Brokaw,Gary,G,USA,76,178,1974,1977
Brookfield,Price,F,USA,76,185,1948,1949
Brooks,Aaron,G,USA,72,161,2007,2017
Brooks,Armoni,G,USA,75,195,2020,2021
Brooks,Dillon,G-F,Canada,78,225,2017,2022
Brooks,Kevin,F,USA,78,200,1991,1993
Brooks,MarShon,G-F,USA,77,200,2011,2018
Brooks,Michael,F,USA,79,220,1980,1987
Brooks,Scott,G,USA,71,165,1988,1997
Brown,Andre,F,USA,81,245,2006,2008
Brown,Anthony,F-G,USA,79,224,2015,2017
Brown,Bob,F,USA,76,205,1948,1949
Brown,Bobby,G,USA,74,175,2008,2017
Brown,Bruce,G-F,USA,76,202,2018,2022
Brown,Chucky,F,USA,80,220,1989,2001
Brown,Damone,G,USA,80,202,2001,2004
Brown,Darrell,F,USA,74,175,1948,1948
Brown,Dee,G,USA,74,205,1990,2001
Brown,Dee,G,USA,72,181,2006,2008
Brown,Derrick,F,USA,80,233,2009,2011
Brown,Devin,G,USA,77,210,2002,2009
Brown,Ernest,C,USA,84,244,2001,2003
Brown,Fred,G,USA,75,182,1971,1983
Brown,George,F,USA,78,190,1957,1957
Brown,Gerald,G,USA,76,210,1998,1998
Brown,Harold,G,USA,72,155,1946,1946
Brown,Jabari,G,USA,77,214,2014,2014
Brown,Jaylen,G-F,USA,78,223,2016,2022
Brown,John,F,USA,79,220,1973,1979
Brown,Kedrick,G-F,USA,79,222,2001,2004
Brown,Kendall,G,USA,79,205,2022,2022
Brown,Kwame,C,USA,83,290,2001,2012
Brown,Leon,F,USA,75,190,1946,1946
Brown,Lewis,C,USA,83,225,1980,1980
Brown,Lorenzo,G,USA,77,189,2013,2018
Brown,Marcus,G,USA,75,185,1996,1999
Brown,Markel,G,USA,75,190,2014,2017
Brown,Mike,C-F,USA,82,260,1986,1997
Brown,Moses,C,USA,86,245,2019,2022
Brown,Myron,F,USA,75,180,1991,1991
Brown,P.J.,F-C,USA,83,239,1993,2007
Brown,Randy,G,USA,74,190,1991,2002
Brown,Raymond,F,USA,80,220,1989,1989
Brown,Rickey,C,USA,82,215,1980,1984
Brown,Roger,C,USA,83,225,1972,1979
Brown,Shannon,G,USA,76,210,2006,2014
Brown,Stan,F,USA,75,200,1947,1951
Brown,Sterling,G-F,USA,77,219,2017,2022
Brown,Tierre,G,USA,74,189,2001,2004
Brown,Tony,F,USA,78,185,1984,1991
Brown III,Greg,F,USA,79,206,2021,2022
Brown Jr.,Charlie,G,USA,78,199,2019,2021
Brown Jr.,Chaundee,F,USA,77,215,2021,2021
Brown Jr.,Troy,G-F,USA,79,215,2018,2022
Browne,Jim,C,USA,82,235,1948,1949
Brundy,Stanley,F,USA,78,210,1989,1989
Brunson,Jalen,G,USA,74,190,2018,2022
Brunson,Rick,G,USA,76,190,1997,2005
Brussino,Nicolas,F,Argentina,80,215,2016,2017
Bryant,Elijah,G,USA,77,210,2020,2020
Bryant,Emmette,G,USA,73,175,1964,1971
Bryant,Joe,F,USA,82,185,1975,1982
Bryant,Kobe,F-G,USA,78,212,1996,2015
Bryant,Mark,F,USA,81,250,1988,2002
Bryant,Thomas,C-F,USA,82,248,2017,2022
Bryant,Wallace,C,USA,84,245,1983,1985
Bryn,Torgeir,F,Norway,81,250,1989,1989
Buchanan,Shaq,G,USA,75,190,2021,2021
Buckhalter,Joe,F,USA,79,210,1961,1962
Bucknall,Steve,F,USA,78,215,1989,1989
Buckner,Cleveland,F,USA,81,210,1961,1962
Buckner,Greg,G,USA,76,210,1999,2008
Buckner,Quinn,G,USA,75,190,1976,1985
Budd,Dave,F,USA,78,205,1960,1964
Budinger,Chase,F,USA,79,209,2009,2015
Budko,Walter,F,USA,77,220,1948,1951
Buechler,Jud,G-F,USA,78,228,1990,2001
Buford,Rodney,F-G,USA,77,195,1999,2004
Bullard,Matt,F,USA,82,229,1990,2002
Bullock,Reggie,G-F,USA,78,205,2013,2022
Bunch,Greg,F,USA,78,190,1978,1978
Bunt,Dick,G,USA,72,170,1952,1952
Buntin,Bill,C,USA,79,250,1965,1965
Burden,Luther,G,USA,74,185,1976,1977
Burke,Pat,C-F,Ireland,83,250,2002,2006
Burke,Trey,G,USA,72,185,2013,2021
Burkman,Roger,G,USA,77,175,1981,1981
Burks,Alec,G,USA,78,214,2011,2022
Burks,Antonio,G,USA,72,195,2004,2005
Burleson,Kevin,G,USA,75,205,2005,2005
Burleson,Tom,C,USA,86,225,1974,1980
Burmaster,Jack,G,USA,75,190,1949,1949
Burns,David,G,USA,74,180,1981,1981
Burns,Evers,F,USA,80,260,1993,1993
Burns,Jim,G,USA,75,195,1967,1967
Burrell,Scott,G,USA,79,218,1993,2000
Burris,Art,F,USA,77,220,1950,1951
Burrough,Junior,F,USA,80,242,1995,1995
Burrow,Bob,C,USA,79,228,1956,1957
Burton,Deonte,G-F,USA,76,240,2018,2022
Burton,Ed,F,USA,78,225,1961,1964
Burton,Willie,F,USA,80,210,1990,1998
Burtt,Steve,G,USA,74,185,1984,1992
Buse,Don,G,USA,76,190,1976,1984
Butch,Brian,C,USA,83,240,2009,2009
Butcher,Donnie,G,USA,74,200,1961,1965
Butler,Al,G,USA,74,175,1961,1964
Butler,Caron,F,USA,79,228,2002,2015
Butler,Da'Sean,F,USA,79,230,2010,2010
Butler,Greg,C,USA,83,240,1988,1990
Butler,Jackie,C,USA,82,260,2004,2006
Butler,Jared,G,USA,75,193,2021,2022
Butler,Jimmy,F,USA,79,230,2011,2022
Butler,Mitchell,G,USA,77,210,1993,2003
Butler,Rasual,F,USA,79,215,2002,2015
Butler Jr.,John,F,USA,84,190,2022,2022
Buycks,Dwight,G,USA,75,190,2013,2017
Byars,Derrick,G-F,USA,79,220,2011,2011
Bynum,Andrew,C,USA,84,285,2005,2013
Bynum,Will,G,USA,72,185,2005,2014
Byrnes,Marty,F,USA,79,215,1978,1982
Byrnes,Tommy,G,USA,75,175,1946,1950
Bytzura,Mike,F,USA,73,170,1946,1946
Cabarkapa,Zarko,F-C,Serbia,83,230,2003,2006
Cable,Barney,F,USA,79,175,1958,1963
Caboclo,Bruno,F,Brazil,81,218,2014,2020
Cacok,Devontae,F,USA,79,240,2019,2021
Caffey,Jason,F,USA,80,256,1995,2002
Cage,Michael,F-C,USA,81,248,1984,1999
Cain,Jamal,F,USA,78,191,2022,2022
Calabrese,Gerry,G,USA,73,175,1950,1951
Calathes,Nick,G,USA,78,213,2013,2014
Calderon,Jose,G,Spain,75,200,2005,2018
Caldwell,Adrian,F,USA,80,265,1989,1997
Caldwell,Jim,C,USA,82,240,1967,1967
Caldwell,Joe,F,USA,77,195,1964,1969
Caldwell-Pope,Kentavious,G,USA,77,204,2013,2022
Calhoun,Bill,F,USA,75,180,1948,1954
Calhoun,Corky,F,USA,79,210,1972,1979
Calip,Demetrius,G,USA,73,165,1991,1991
Callahan,Tom,G,USA,73,180,1946,1946
Calloway,Rick,G,USA,78,180,1990,1990
Calverley,Ernie,G,USA,70,145,1946,1948
Calvin,Mack,G,USA,72,165,1976,1980
Cambridge,Dexter,F,USA,79,224,1992,1992
Camby,Marcus,C-F,USA,83,240,1996,2012
Campazzo,Facundo,G,Argentina,70,195,2020,2022
Campbell,Elden,C-F,USA,84,279,1990,2004
Campbell,Tony,F,USA,79,215,1984,1994
Canaan,Isaiah,G,USA,72,201,2013,2018
Cancar,Vlatko,F,Slovenia,80,236,2019,2022
Cannady,Devin,G,USA,74,183,2020,2021
Cannon,Larry,G,USA,76,195,1973,1973
Capela,Clint,C,Switzerland,82,256,2014,2022
Caracter,Derrick,F,USA,81,275,2010,2010
Cardinal,Brian,F,USA,80,240,2000,2011
Carey Jr.,Vernon,C,USA,82,270,2020,2022
Carl,Howie,G,USA,69,160,1961,1961
Carlisle,Chet,F,USA,77,195,1946,1946
Carlisle,Geno,G,USA,75,200,2004,2004
Carlisle,Rick,G,USA,77,210,1984,1989
Carlson,Al,C,USA,83,235,1975,1975
Carlson,Don,G,USA,72,170,1946,1950
Carney,Bob,C,USA,75,170,1954,1954
Carney,Rodney,F,USA,79,205,2006,2010
Carpenter,Bob,F,USA,77,200,1949,1950
Carr,Antoine,F,USA,81,270,1984,1999
Carr,Austin,G,USA,76,200,1971,1980
Carr,Chris,G,USA,78,220,1995,2000
Carr,Cory,G,USA,76,210,1998,1998
Carr,Kenny,F,USA,79,220,1977,1986
Carr,M.L.,F,USA,78,205,1976,1984
Carrington,Bob,G,USA,78,195,1977,1979
Carroll,DeMarre,F,USA,78,215,2009,2019
Carroll,Joe Barry,C,USA,84,225,1980,1990
Carroll,Matt,G,USA,78,212,2003,2012
Carruth,Jimmy,F,USA,82,265,1996,1996
Carter,Anthony,G,USA,74,195,1999,2011
Carter,Butch,G,USA,77,180,1980,1985
Carter,Fred,G,USA,75,185,1969,1976
Carter,George,F,USA,76,210,1967,1967
Carter,Howard,G,USA,77,215,1983,1984
Carter,Jevon,G,USA,73,200,2018,2022
Carter,Maurice,G,USA,77,210,2002,2003
Carter,Reggie,G,USA,75,175,1980,1981
Carter,Ron,G,USA,77,190,1978,1979
Carter,Vince,G-F,USA,78,220,1998,2019
Carter Jr.,Wendell,C-F,USA,82,270,2018,2022
Carter-Williams,Michael,G,USA,77,190,2013,2022
Cartwright,Bill,C,USA,85,245,1979,1994
Carty,Jay,F,USA,79,220,1968,1968
Caruso,Alex,G,USA,77,186,2017,2022
Cash,Cornelius,F,USA,80,215,1976,1976
Cassell,Sam,G,USA,75,185,1993,2007
Casspi,Omri,F,Israel,81,225,2009,2018
Catchings,Harvey,C,USA,81,218,1974,1984
Catledge,Terry,F,USA,80,220,1985,1992
Catlett,Sid,F,USA,78,230,1971,1971
Cato,Kelvin,C,USA,83,275,1997,2006
Cattage,Bobby,F,USA,81,250,1981,1985
Cauley-Stein,Willie,C,USA,84,240,2015,2022
Caupain,Troy,G,USA,76,210,2018,2018
Causwell,Duane,C,USA,84,255,1990,2002
Cavanaugh,Tyler,F,USA,81,238,2017,2018
Cavenall,Ron,C,USA,85,230,1984,1988
Caver,Ahmad,G,USA,74,174,2021,2021
Ceballos,Cedric,F,USA,79,220,1990,2000
Celestand,John,G,USA,75,190,1999,2002
Cervi,Al,G,USA,71,170,1949,1952
Chalmers,Lionel,G,USA,72,180,2004,2004
Chalmers,Mario,G,USA,74,190,2008,2017
Chamberlain,Bill,F,USA,78,188,1973,1973
Chamberlain,Wilt,C,USA,85,250,1959,1972
Chambers,Jerry,F,USA,77,185,1966,1971
Chambers,Tom,F,USA,82,220,1981,1997
Champagnie,Julian,F,USA,79,217,2022,2022
Champagnie,Justin,G-F,USA,78,206,2021,2022
Champion,Mike,F,USA,82,230,1988,1988
Chandler,Kennedy,G,USA,71,170,2022,2022
Chandler,Tyson,C,USA,84,235,2001,2019
Chandler,Wilson,F,USA,80,235,2007,2019
Chaney,Don,G,USA,77,210,1968,1979
Chapman,Rex,G,USA,76,195,1988,1999
Chappell,Len,F,USA,80,240,1962,1970
Charles,Ken,G,USA,75,180,1973,1977
Charles,Lorenzo,F,USA,79,225,1985,1985
Chealey,Joe,G,USA,75,190,2018,2019
Cheaney,Calbert,G-F,USA,79,210,1993,2005
Cheatham,Zylan,F,USA,77,220,2019,2021
Cheeks,Maurice,G,USA,73,180,1978,1992
Chenier,Phil,G,USA,75,180,1971,1980
Chievous,Derrick,F,USA,79,195,1988,1990
Chilcutt,Pete,F,USA,82,245,1991,1999
Childress,Josh,F,USA,80,210,2004,2013
Childress,Randolph,G,USA,74,188,1995,1996
Childs,Chris,G,USA,75,195,1994,2002
Chiozza,Chris,G,USA,71,175,2018,2021
Chollet,Leroy,F,USA,74,190,1949,1950
Chones,Jim,C,USA,83,220,1974,1981
Chriss,Marquese,F,USA,81,240,2016,2021
Christ,Fred,G,USA,76,210,1954,1954
Christensen,Cal,F,USA,77,210,1950,1954
Christian,Bob,C,USA,82,255,1970,1973
Christie,Doug,G-F,USA,78,205,1992,2006
Christie,Max,G,USA,77,190,2022,2022
Christmas,Dionte,G,USA,77,205,2013,2013
Christmas,Rakeem,F,USA,81,250,2015,2016
Christon,Semaj,G,USA,75,190,2016,2016
Christopher,Josh,G,USA,76,215,2021,2022
Churchwell,Robert,F,USA,78,195,1995,1995
Clark,Archie,G,USA,74,175,1966,1975
Clark,Carlos,G,USA,76,210,1983,1984
Clark,Earl,F,USA,82,234,2009,2014
Clark,Gary,F,USA,78,225,2018,2021
Clark,Ian,G,USA,75,175,2013,2018
Clark,Keon,C-F,USA,83,221,1998,2003
Clarke,Brandon,F,Canada,80,215,2019,2022
Clarke,Coty,F,USA,79,225,2015,2015
Clarkson,Jordan,G,USA,77,194,2014,2022
Clavell,Gian,G,Puerto Rico,76,185,2017,2017
Claver,Victor,F,Spain,81,224,2012,2014
Claxton,Charles,C,USA,84,265,1995,1995
Claxton,Nic,C,USA,83,215,2019,2022
Claxton,Speedy,G,USA,71,170,2001,2008
Cleamons,Jim,G,USA,75,185,1971,1979
Cleaves,Mateen,G,USA,74,210,2000,2005
Clemens,John,F,USA,78,210,1965,1975
Clemons,Chris,G,USA,69,180,2019,2019
Cleveland,Antonius,G,USA,77,195,2017,2019
Clifton,Nat,C,USA,78,220,1950,1957
Closs,Bill,F,USA,78,195,1949,1951
Closs,Keith,C,USA,87,212,1997,2000
Cluggish,Marion,C,USA,82,235,1946,1946
Clyde,Ben,F,USA,79,198,1974,1974
Coffey,Amir,G-F,USA,79,210,2019,2022
Coffey,Richard,G,USA,78,212,1990,1990
Cofield,Fred,G,USA,75,190,1985,1986
Coker,John,C,USA,84,253,1995,2000
Cole,Norris,G,USA,74,175,2011,2016
Coleman,Ben,F,USA,81,235,1986,1993
Coleman,Derrick,C-F,USA,82,270,1990,2004
Coleman,E.C.,F,USA,80,225,1973,1978
Coleman,Jack,F,USA,79,195,1949,1957
Coleman,Norris,F,USA,80,210,1987,1987
Coles,Bimbo,G,USA,74,182,1990,2003
Collier,Jason,C,USA,84,260,2000,2004
Collins,Art,G,USA,76,185,1980,1980
Collins,Don,G,USA,78,190,1980,1986
Collins,Doug,G,USA,78,180,1973,1980
Collins,James,G,USA,76,196,1997,1997
Collins,Jarron,C,USA,83,249,2001,2010
Collins,Jason,C,USA,84,255,2001,2013
Collins,Jimmy,G,USA,74,175,1970,1971
Collins,John,F-C,USA,81,226,2017,2022
Collins,Mardy,G,USA,78,220,2006,2009
Collins,Sherron,G,USA,71,205,2010,2010
Collins,Zach,F-C,USA,83,250,2017,2022
Collinsworth,Kyle,G,USA,78,210,2017,2017
Collison,Darren,G,USA,72,175,2009,2021
Collison,Nick,F-C,USA,82,255,2003,2017
Colone,Joe,F,USA,77,210,1948,1948
Colson,Bonzie,F,USA,78,225,2018,2018
Colson,Sean,G,USA,72,175,2000,2002
Colter,Steve,G,USA,75,165,1984,1994
Comanche,Chance,C,USA,82,210,2022,2022
Combs,Leroy,F,USA,80,210,1983,1983
Comegys,Dallas,C,USA,81,205,1987,1988
Comley,Larry,G,USA,77,210,1963,1963
Conley,Gene,C,USA,80,225,1952,1963
Conley,Mike,G,USA,73,175,2007,2022
Conlin,Ed,F,USA,78,200,1955,1961
Conlon,Marty,F,USA,83,245,1991,1999
Connaughton,Pat,G,USA,77,209,2015,2022
Conner,Lester,G,USA,76,180,1982,1994
Connors,Chuck,F,USA,77,190,1946,1947
Conroy,Will,G,USA,74,195,2006,2012
Cook,Anthony,F,USA,81,205,1990,1995
Cook,Bert,G,USA,75,185,1954,1954
Cook,Bobby,G,USA,70,155,1949,1949
Cook,Brian,C-F,USA,81,250,2003,2011
Cook,Daequan,G,USA,77,210,2007,2012
Cook,Darwin,G,USA,75,184,1980,1988
Cook,Jeff,F,USA,82,215,1979,1987
Cook,Norm,F,USA,80,210,1976,1977
Cook,Omar,G,USA,73,190,2001,2004
Cook,Quinn,G,USA,73,180,2016,2020
Cook,Tyler,F,USA,80,255,2019,2021
Cooke,Charles,G,USA,77,196,2017,2017
Cooke,David,F,USA,80,230,1985,1985
Cooke,Joe,G,USA,75,175,1970,1970
Cooks,Xavier,F,Australia,80,183,2022,2022
Cooley,Jack,C-F,USA,82,274,2014,2017
Cooper,Chuck,F,USA,77,210,1950,1955
Cooper,Duane,G,USA,73,185,1992,1993
Cooper,Joe,C,USA,82,230,1981,1984
Cooper,Michael,G,USA,79,170,1978,1989
Cooper,Sharife,G,USA,73,176,2021,2021
Cooper,Wayne,C,USA,82,220,1978,1991
Copa,Tom,F,USA,82,275,1991,1991
Copeland,Chris,F,USA,80,235,2012,2015
Copeland,Hollis,F,USA,78,180,1979,1981
Copeland,Lanard,F,USA,78,190,1989,1991
Corbin,Tyrone,F,USA,78,225,1985,2000
Corchiani,Chris,G,USA,72,185,1991,1993
Corley,Ray,G,USA,72,180,1949,1952
Cornelie,Petr,F,France,83,220,2021,2021
Corzine,Dave,C,USA,83,250,1978,1990
Costello,Larry,G,USA,73,186,1954,1967
Costello,Matt,F-C,USA,82,240,2017,2017
Cotton,Bryce,G,USA,73,165,2014,2015
Cotton,Jack,F,USA,79,200,1949,1949
Cotton,James,G,USA,77,220,1997,1998
Coughran,John,F,USA,79,225,1979,1979
Counts,Mel,C,USA,84,230,1964,1975
Courtin,Steve,G,USA,73,188,1964,1964
Courtney,Joe,F,USA,80,235,1992,1996
Cousin,Marcus,F,USA,83,255,2010,2010
Cousins,DeMarcus,C,USA,82,270,2010,2021
Cousy,Bob,G,USA,73,175,1950,1969
Covington,Robert,F,USA,79,209,2013,2022
Cowens,Dave,C,USA,81,230,1970,1982
Cox,John,G,USA,74,180,1982,1982
Cox,Johnny,G,USA,76,180,1962,1962
Cox,Wesley,F,USA,78,215,1977,1978
Crabbe,Allen,G-F,USA,78,212,2013,2019
Craig,Torrey,F,USA,79,221,2017,2022
Crawford,Chris,F,USA,81,235,1997,2003
Crawford,Freddie,G,USA,76,189,1966,1970
Crawford,Jamal,G,USA,77,200,2000,2019
Crawford,Joe,G,USA,77,210,2008,2008
Crawford,Jordan,G,USA,77,195,2010,2017
Creek,Mitchell,F-G,Australia,78,225,2018,2018
Creighton,Jim,F,USA,80,200,1975,1975
Crevier,Ron,C,USA,84,235,1985,1985
Crisler,Hal,F,USA,75,215,1946,1946
Crispin,Joe,G,USA,72,185,2001,2001
Criss,Charlie,G,USA,68,165,1977,1984
Crite,Winston,F,USA,79,233,1987,1988
Crittenton,Javaris,G,USA,77,200,2007,2009
Crocker,Dillard,F,USA,76,205,1948,1952
Crompton,Jeffrey,C,USA,83,280,1978,1983
Crosby,Terry,G,USA,76,195,1979,1979
Croshere,Austin,F,USA,82,235,1997,2008
Cross,Jeff,F,USA,82,240,1985,1985
Cross,Pete,C,USA,81,230,1970,1972
Cross,Russell,C,USA,82,215,1983,1983
Crossin,Francis,G,USA,73,165,1947,1949
Crotty,John,G,USA,74,194,1992,2002
Crow,Mark,F,USA,79,210,1977,1977
Crowder,Corey,F,USA,77,214,1991,1994
Crowder,Jae,F,USA,78,235,2012,2022
Culver,Jarrett,G-F,USA,78,195,2019,2022
Cumberland,Jarron,G,USA,77,205,2021,2021
Cummings,Pat,C,USA,81,230,1979,1990
Cummings,Terry,F,USA,81,250,1982,1999
Cummings,Vonteego,G,USA,75,190,1999,2002
Cunningham,Billy,F,USA,78,210,1965,1975
Cunningham,Cade,G,USA,79,220,2021,2022
Cunningham,Dante,F,USA,80,230,2009,2018
Cunningham,Dick,C,USA,82,245,1968,1974
Cunningham,Jared,G,USA,76,195,2012,2015
Cunningham,William,C,USA,83,240,1997,1998
Curcic,Radisav,C,Serbia,82,275,1992,1992
Cure,Armand,F,USA,72,198,1946,1946
Cureton,Earl,F,USA,81,210,1980,1996
Curley,Bill,F,USA,81,245,1994,2000
Curran,Fran,G,USA,72,175,1948,1949
Curry,Dell,G-F,USA,77,205,1986,2001
Curry,Eddy,C,USA,84,295,2001,2012
Curry,JamesOn,G,USA,75,190,2007,2009
Curry,Michael,F-G,USA,77,210,1993,2004
Curry,Seth,G,USA,73,185,2013,2022
Curry,Stephen,G,USA,74,185,2009,2022
Cvetkovic,Rastko,C,Serbia,85,260,1995,1995
D'Antoni,Mike,G,USA,75,185,1973,1976
Dahler,Ed,F,USA,77,190,1951,1951
Dailey,Quintin,G,USA,75,180,1982,1991
Dalembert,Samuel,C,Haiti,83,250,2001,2014
Dallmar,Howie,F,USA,76,200,1946,1948
Dampier,Erick,C,USA,83,265,1996,2011
Dampier,Lou,G,USA,72,170,1976,1978
Dandridge,Bob,F,USA,78,195,1969,1981
Daniels,Antonio,G,USA,76,205,1997,2010
Daniels,Dyson,G,Australia,79,199,2022,2022
Daniels,Erik,F,USA,80,214,2004,2004
Daniels,Lloyd,G,USA,79,205,1992,1997
Daniels,Marquis,F,USA,78,200,2003,2012
Daniels,Mel,C,USA,81,220,1976,1976
Daniels,Troy,G,USA,76,200,2013,2019
Danilovic,Sasha,G,Serbia,78,200,1995,1996
Dantley,Adrian,F,USA,77,208,1976,1990
Darcey,Henry,C,USA,79,217,1952,1952
Darden,Jimmy,G,USA,73,170,1949,1949
Dare,Yinka,C-F,USA,84,265,1994,1997
Dark,Jesse,G,USA,76,210,1974,1974
Darling,Nate,G,Canada,78,200,2020,2020
Darrow,Jimmy,G,USA,70,170,1961,1961
Datome,Gigi,F,Italy,80,215,2013,2014
Daugherty,Brad,C,USA,84,245,1986,1993
David,Kornel,F,USA,81,230,1998,2000
Davidson,Jermareo,F,USA,82,230,2007,2008
Davies,Bob,G,USA,73,175,1948,1954
Davies,Brandon,F,USA,82,240,2013,2014
Davis,Anthony,F-C,USA,82,253,2012,2022
Davis,Antonio,F-C,USA,81,245,1993,2005
Davis,Aubrey,G,USA,74,175,1946,1946
Davis,Baron,G,USA,75,212,1999,2011
Davis,Ben,F,USA,81,245,1996,1999
Davis,Bill,F,USA,75,215,1946,1946
Davis,Bob,F,USA,79,215,1972,1972
Davis,Brad,G,USA,75,180,1977,1991
Davis,Brian,F,USA,79,200,1993,1993
Davis,Charlie,F,USA,79,215,1981,1989
Davis,Charlie,G,USA,73,160,1971,1973
Davis,Dale,C-F,USA,83,252,1991,2006
Davis,Deyonta,C-F,USA,83,237,2016,2018
Davis,Double D,F,USA,80,220,1972,1976
Davis,Ed,C-F,USA,81,218,2010,2021
Davis,Edward,F,USA,79,195,1972,1976
Davis,Emanual,G,USA,77,195,1996,2002
Davis,Glen,F-C,USA,81,289,2007,2014
Davis,Harry,F,USA,79,220,1978,1979
Davis,Hubert,G,USA,77,183,1992,2003
Davis,James,C,USA,79,220,1955,1955
Davis,Jim,C,USA,81,225,1967,1974
Davis,Johnny,G,USA,74,170,1976,1985
Davis,Johnny,G,USA,76,195,2022,2022
Davis,Josh,F,USA,80,235,2003,2011
Davis,Mark,G-F,USA,79,205,1995,1999
Davis,Mark,F,USA,78,195,1988,1988
Davis,Mel,F,USA,78,220,1973,1976
Davis,Michael,F,USA,82,230,1982,1982
Davis,Mike,G,USA,75,185,1969,1972
Davis,Monti,F,USA,79,205,1980,1980
Davis,Paul,C,USA,83,270,2006,2009
Davis,Ralph,G,USA,76,180,1960,1961
Davis,Ricky,F-G,USA,79,195,1998,2009
Davis,Ron,G,USA,78,198,1976,1981
Davis,Terence,G,USA,76,201,2019,2022
Davis,Terry,C-F,USA,82,270,1989,2000
Davis,Tyler,C,USA,82,266,2018,2018
Davis,Walt,C,USA,80,205,1953,1957
Davis,Walter,G,USA,78,193,1977,1991
Davison,JD,G,USA,73,195,2022,2022
Dawkins,Andre,G,USA,77,219,2014,2014
Dawkins,Darryl,C,USA,83,251,1975,1988
Dawkins,Johnny,G,USA,74,165,1986,1994
Dawkins,Paul,F,USA,77,190,1979,1979
Dawson,Branden,F,USA,78,225,2015,2015
Dawson,Eric,F,USA,81,255,2011,2011
Dawson,Tony,F,USA,79,215,1990,1994
Day,Todd,G-F,USA,78,188,1992,2000
Daye,Austin,F,USA,83,220,2009,2014
Daye,Darren,F,USA,80,220,1983,1987
Days,Darius,F,USA,79,245,2022,2022
De Colo,Nando,G,France,77,195,2012,2013
DeBusschere,Dave,F,USA,78,220,1962,1973
DeClercq,Andrew,C,USA,82,255,1995,2004
DeLaurier,Javin,C,USA,82,234,2021,2021
DeLong,Nate,C,USA,78,220,1951,1951
DeRozan,DeMar,G-F,USA,78,220,2009,2022
DeZonie,Hank,F,USA,77,215,1950,1950
Deane,Greg,G,USA,76,190,1979,1979
Deck,Gabriel,F,Argentina,78,231,2020,2021
Dedmon,Dewayne,C,USA,82,245,2013,2022
Dees,Archie,F,USA,80,205,1958,1961
Dehere,Terry,G,USA,76,190,1993,1998
Dejean-Jones,Bryce,G,USA,78,203,2015,2015
Dekker,Sam,F,USA,81,230,2015,2021
Del Negro,Vinny,G,USA,76,200,1988,2001
Delaney,Malcolm,G,USA,75,190,2016,2017
Dele,Bison,C-F,USA,83,260,1991,1998
Delfino,Carlos,G-F,Argentina,78,230,2004,2013
Delgado,Angel,C,Dominican Republic,82,245,2018,2018
Delk,Tony,G,USA,74,189,1996,2005
Dellavedova,Matthew,G,Australia,75,200,2013,2022
Dembo,Fennis,F,USA,77,215,1988,1988
Demic,Larry,F,USA,81,225,1979,1981
Demps,Dell,G,USA,75,205,1993,1996
Dempsey,George,G,USA,75,190,1954,1958
Deng,Luol,F,United Kingdom,81,237,2004,2018
Dennard,Kenny,F,USA,80,220,1981,1983
Denning,Blaine,G,USA,74,175,1952,1952
Dentmon,Justin,G,USA,71,185,2011,2012
Denton,Randy,C,USA,82,240,1976,1976
Derline,Rod,G,USA,72,175,1974,1975
Derrickson,Marcus,F,USA,79,249,2018,2018
Deutsch,Dave,G,USA,73,170,1966,1966
Devlin,Walter,G,USA,77,195,1955,1957
DiGregorio,Ernie,G,USA,72,180,1973,1977
DiVincenzo,Donte,G,USA,76,203,2018,2022
Diabate,Moussa,F,France,82,210,2022,2022
Diakite,Mamadi,F,Guinea,81,228,2020,2022
Dial,Derrick,G,USA,76,184,1999,2003
Diallo,Cheick,F-C,Mali,80,219,2016,2021
Diallo,Hamidou,G,USA,77,202,2018,2022
Diaw,Boris,C-F,France,80,250,2003,2016
Diawara,Yakhouba,F-G,USA,79,225,2006,2009
Diaz,Guillermo,G,USA,74,185,2007,2007
Dickau,Dan,G,USA,72,180,2002,2007
Dickens,Kaniel,F,USA,80,215,2003,2007
Dickerson,Henry,G,USA,76,190,1975,1976
Dickerson,Michael,G,USA,77,190,1998,2002
Dickey,Derrek,F,USA,79,218,1973,1977
Dickey,Dick,G,USA,73,175,1951,1951
Diener,Travis,G,USA,73,175,2005,2009
Dieng,Gorgui,C,Senegal,82,248,2013,2022
Dieng,Ousmane,F,France,81,185,2022,2022
Dierking,Connie,C,USA,82,222,1958,1970
Dietrick,Coby,C,USA,83,220,1976,1982
Dillard,Mickey,G,USA,75,170,1981,1981
Dille,Bob,F,USA,75,190,1946,1946
Dillon,John,F,USA,75,180,1949,1949
Dinkins,Byron,G,USA,73,170,1989,1990
Dinkins,Jackie,F,USA,77,210,1971,1971
Dinwiddie,Bill,F,USA,79,220,1967,1971
Dinwiddie,Spencer,G,USA,77,215,2014,2022
Diogu,Ike,F,USA,81,250,2005,2011
Diop,DeSagana,C,Senegal,84,280,2001,2012
Dischinger,Terry,F,USA,79,189,1962,1972
Diute,Fred,G,USA,75,210,1954,1954
Divac,Vlade,C,Serbia,85,260,1989,2004
Dixon,Juan,G,USA,75,165,2002,2008
Djordjevic,Aleksandar,G,Serbia,74,198,1996,1996
Dodd,Earl,F,USA,77,175,1949,1949
Doleac,Michael,C,USA,83,262,1998,2007
Dolhon,Joe,G,USA,72,175,1949,1950
Doll,Bob,F,USA,76,195,1946,1949
Donaldson,James,C,USA,86,275,1980,1994
Doncic,Luka,F-G,Slovenia,79,230,2018,2022
Donham,Bob,G,USA,74,190,1950,1953
Donovan,Billy,G,USA,71,171,1987,1987
Donovan,Harry,G,USA,74,180,1949,1949
Dooling,Keyon,G,USA,75,195,2000,2012
Dorsey,Jacky,F,USA,79,230,1977,1980
Dorsey,Joey,C-F,USA,81,275,2008,2014
Dorsey,Tyler,G,USA,77,183,2017,2022
Dort,Luguentz,G,Canada,76,220,2019,2022
Dosunmu,Ayo,G,USA,77,200,2021,2022
Dotson,Damyean,G,USA,77,210,2017,2021
Dotson,Devon,G,USA,74,185,2020,2022
Douby,Quincy,G,USA,75,175,2006,2008
Douglas,Bruce,G,USA,75,195,1986,1986
Douglas,John,G,USA,74,170,1981,1982
Douglas,Leon,C,USA,82,230,1976,1982
Douglas,Sherman,G,USA,73,195,1989,2000
Douglas,Toney,G,USA,74,195,2009,2016
Douglas-Roberts,Chris,G,USA,79,210,2008,2014
Doumbouya,Sekou,F,France,80,230,2019,2021
Dove,Lloyd,F,USA,80,198,1967,1968
Dowdell,Zabian,G,USA,75,191,2010,2010
Downey,Bill,C,USA,78,210,1947,1947
Downing,Steve,C,USA,80,225,1973,1974
Dowtin Jr.,Jeff,G,USA,75,177,2021,2022
Doyle,Danny,F,USA,80,200,1962,1962
Doyle,Milton,G,USA,76,180,2017,2017
Dozier,PJ,G-F,USA,78,205,2017,2022
Dozier,Terry,F,USA,81,210,1989,1989
Dragic,Goran,G,Slovenia,76,190,2008,2022
Dragic,Zoran,G-F,Slovenia,77,200,2014,2014
Dreiling,Greg,C,USA,85,265,1986,1996
Drew,Bryce,G,USA,75,184,1998,2003
Drew,John,F,USA,78,205,1974,1984
Drew,Larry,G,USA,73,170,1980,1990
Drew II,Larry,G,USA,74,180,2014,2017
Drexler,Clyde,G,USA,79,222,1983,1997
Driggers,Nate,G-F,USA,77,215,1996,1996
Driscoll,Terry,F,USA,79,215,1970,1974
Drobnjak,Predrag,C,Serbia,83,270,2001,2004
Drollinger,Ralph,C,USA,86,250,1980,1980
Drummond,Andre,C,USA,83,279,2012,2022
DuVal,Dennis,G,USA,75,175,1974,1975
Duarte,Chris,G,Dominican Republic,77,190,2021,2022
Duckett,Dick,G,USA,73,185,1957,1957
Duckworth,Kevin,C,USA,84,300,1986,1996
Dudley,Charles,G,USA,74,180,1972,1978
Dudley,Chris,C,USA,83,260,1987,2002
Dudley,Jared,F,USA,78,237,2007,2020
Duerod,Terry,G,USA,74,180,1979,1982
Duffy,Bob,F,USA,76,175,1946,1946
Duffy,Bob,G,USA,75,185,1962,1964
Duhon,Chris,G,USA,73,190,2004,2012
Dukan,Duje,F,Croatia,81,220,2015,2015
Duke Jr.,David,G,USA,76,204,2021,2022
Dukes,Walter,C,USA,84,220,1955,1962
Dumars,Joe,G,USA,75,195,1985,1998
Dumas,Richard,F,USA,79,225,1992,1995
Dumas,Tony,G,USA,78,190,1994,1997
Duncan,Andy,F,USA,78,195,1948,1950
Duncan,Tim,C-F,US Virgin Islands,83,250,1997,2015
Dunleavy,Mike,G-F,USA,81,230,2002,2016
Dunleavy,Mike,G,USA,75,180,1976,1989
Dunn,Kris,G,USA,75,205,2016,2022
Dunn,Pat,G,USA,74,170,1957,1957
Dunn,T.R.,G,USA,76,192,1977,1990
Dupree,Ronald,F,USA,79,209,2003,2010
Durant,Kevin,F,USA,82,240,2007,2022
Duren,Jalen,C,USA,83,250,2022,2022
Duren,John,G,USA,75,195,1980,1982
Durham,Pat,F,USA,79,210,1992,1994
Durrant,Devin,F,USA,79,200,1984,1985
Durrett,Ken,F,USA,79,190,1971,1974
Duval,Trevon,G,USA,74,189,2018,2018
Dwan,Jack,F,USA,76,200,1948,1948
Dykema,Craig,F,USA,80,190,1981,1981
Dyker,Gene,F,USA,78,225,1953,1953
Dyson,Jerome,G,USA,75,180,2011,2011
Eackles,Ledell,G,USA,77,231,1988,1997
Eakins,Jim,C,USA,83,215,1976,1977
Earl,Acie,F-C,USA,83,240,1993,1996
Earle,Ed,F,USA,75,190,1953,1953
Early,Cleanthony,F,USA,80,210,2014,2015
Eason,Tari,F,USA,80,215,2022,2022
Eaton,Mark,C,USA,88,275,1982,1992
Eaves,Jerry,G,USA,76,180,1982,1986
Ebanks,Devin,F,USA,81,215,2010,2012
Ebben,Bill,G,USA,76,190,1957,1957
Eberhard,Al,F,USA,78,225,1974,1977
Ebi,Ndudi,F,USA,81,195,2003,2004
Echenique,Jaime,C,Colombia,82,258,2021,2021
Eddie,Jarell,G-F,USA,79,218,2015,2017
Eddie,Patrick,C,USA,83,240,1991,1991
Eddleman,Thomas,F,USA,74,189,1949,1952
Edelin,Kent,F,USA,80,205,1984,1984
Edmonson,Keith,G,USA,77,195,1982,1983
Edney,Tyus,G,USA,70,166,1995,2000
Edwards,Anthony,G,USA,76,225,2020,2022
Edwards,Bill,F,USA,80,215,1993,1993
Edwards,Blue,G-F,USA,76,229,1989,1998
Edwards,Carsen,G,USA,71,200,2019,2021
Edwards,Corsley,F,USA,81,275,2002,2004
Edwards,Doug,F,USA,79,235,1993,1995
Edwards,Franklin,G,USA,73,170,1981,1987
Edwards,James,C,USA,85,252,1977,1995
Edwards,Jay,F,USA,76,185,1989,1989
Edwards,John,C,USA,84,275,2004,2005
Edwards,Kessler,F,USA,79,203,2021,2022
Edwards,Kevin,G,USA,75,210,1988,2000
Edwards,Rob,G,USA,77,205,2021,2021
Edwards,Vincent,F,USA,80,225,2018,2018
Egan,Johnny,G,USA,72,180,1961,1971
Eggleston,Lonnie,G,USA,72,170,1948,1948
Ehlers,Eddie,G,USA,75,198,1947,1948
Ehlo,Craig,G,USA,79,205,1983,1996
Eichhorst,Dick,G,USA,75,200,1961,1961
Eisley,Howard,G,USA,74,185,1994,2005
Ekezie,Obinna,F-C,Nigeria,81,270,1999,2004
El-Amin,Khalid,G,USA,70,200,2000,2002
Eliason,Don,F,USA,74,210,1946,1946
Elie,Mario,G-F,USA,77,225,1990,2000
Elleby,CJ,F-G,USA,78,200,2020,2021
Ellefson,Ray,C,USA,80,230,1948,1950
Ellenson,Henry,F,USA,83,245,2016,2020
Ellington,Wayne,G,USA,76,207,2009,2021
Elliott,Bob,C,USA,81,225,1978,1980
Elliott,Sean,F,USA,80,220,1989,2000
Ellis,Alexander,F,USA,77,185,1958,1959
Ellis,Bo,F,USA,81,197,1977,1979
Ellis,Dale,G-F,USA,79,215,1983,1999
Ellis,Harold,F-G,USA,77,220,1993,1997
Ellis,Joe,F,USA,78,175,1966,1973
Ellis,Keon,G,USA,75,175,2022,2022
Ellis,LaPhonso,F,USA,80,240,1992,2002
Ellis,LeRon,C,USA,81,225,1991,1995
Ellis,Leroy,F,USA,83,210,1962,1975
Ellis,Monta,G,USA,75,185,2005,2016
Ellison,Pervis,C-F,USA,82,235,1989,2000
Elmore,Len,C,USA,82,220,1976,1983
Elson,Francisco,C-F,Netherlands,84,240,2003,2011
Elston,Darrell,G,USA,75,190,1976,1976
Ely,Melvin,C-F,USA,82,260,2002,2013
Embiid,Joel,C-F,Cameroon,84,280,2014,2022
Embry,Wayne,C,USA,80,240,1958,1968
Emmett,Andre,G,USA,77,230,2004,2011
Endress,Ned,F,USA,74,200,1946,1946
Engler,Chris,C,USA,83,245,1982,1987
Englestad,Wayne,F,USA,80,245,1988,1988
English,A.J.,G,USA,75,175,1990,1991
English,Alex,F,USA,80,190,1976,1990
English,Claude,G,USA,76,185,1970,1970
English,Jojo,G,USA,76,195,1992,1994
English,Kim,G,USA,78,200,2012,2012
English,Scott,F,USA,78,205,1972,1972
Englund,Gene,F,USA,76,205,1949,1949
Ennis,Tyler,G,Canada,75,194,2014,2017
Ennis III,James,F,USA,78,215,2014,2021
Epps,Ray,F,USA,78,195,1978,1978
Erden,Semih,C,Turkey,84,240,2010,2011
Erias,Bo,F,USA,75,220,1957,1957
Erickson,Keith,F,USA,77,195,1965,1976
Erving,Julius,F,USA,79,200,1976,1986
Eschmeyer,Evan,C,USA,83,250,1999,2003
Esposito,Vincenzo,G,Italy,75,198,1995,1995
Eubanks,Drew,F-C,USA,82,245,2018,2022
Evans,Bob,G,USA,74,175,1949,1949
Evans,Brian,F,USA,80,220,1996,1998
Evans,Earl,F,USA,80,202,1979,1979
Evans,Jacob,G-F,USA,76,210,2018,2019
Evans,Jawun,G,USA,72,190,2017,2018
Evans,Jeremy,F,USA,81,200,2010,2017
Evans,Maurice,G-F,USA,77,220,2001,2011
Evans,Mike,G,USA,73,170,1979,1987
Evans,Reggie,C-F,USA,80,245,2002,2014
Evans,Tyreke,G-F,USA,78,220,2009,2018
Ewing,Daniel,G,USA,75,185,2005,2006
Ewing,Patrick,C,Jamaica,84,255,1985,2001
Ewing,Patrick,F,USA,80,235,2010,2010
Exum,Dante,G,Australia,77,214,2014,2020
Eyenga,Christian,F,Congo,79,210,2010,2011
Ezeli,Festus,C,Nigeria,83,265,2012,2016
Ezersky,Johnny,F-G,USA,75,175,1947,1949
Fabel,Joe,F,USA,73,190,1946,1946
Fairchild,John,F,USA,79,205,1965,1965
Fall,Tacko,C,Senegal,89,311,2019,2021
Farbman,Phil,F,USA,73,185,1948,1948
Faried,Kenneth,F-C,USA,80,220,2011,2018
Farley,Dick,G,USA,76,190,1954,1958
Farmar,Jordan,G,USA,74,180,2006,2016
Farmer,Desmon,G,USA,77,220,2006,2008
Farmer,Jim,F,USA,76,190,1987,1993
Farmer,Mike,F,USA,79,210,1958,1965
Farmer,Tony,F,USA,81,244,1997,1999
Faught,Bob,F,USA,77,185,1946,1946
Faverani,Vitor,C,Brazil,83,260,2013,2013
Favors,Derrick,F,USA,81,265,2010,2021
Fazekas,Nick,F,USA,83,235,2007,2007
Fedor,Dave,F,USA,78,190,1962,1962
Feerick,Bob,G,USA,75,190,1946,1949
Feher,Butch,G,USA,76,185,1976,1976
Feick,Jamie,F,USA,80,255,1996,2002
Feiereisel,Ron,G,USA,75,185,1955,1955
Feigenbaum,George,G,USA,73,185,1949,1952
Feitl,Dave,C,USA,83,235,1986,1991
Felder,Kay,G,USA,69,176,2016,2017
Felicio,Cristiano,F-C,Brazil,83,270,2015,2020
Felix,Carrick,G-F,USA,78,201,2013,2013
Felix,Noel,F,USA,81,225,2005,2005
Felix,Ray,C,USA,83,220,1953,1961
Felton,Raymond,G,USA,73,205,2005,2018
Fendley,Jake,G,USA,72,180,1951,1952
Fenley,Bill,F,USA,75,190,1946,1946
Ferguson,Desmond,F,USA,79,210,2003,2003
Ferguson,Terrance,G,USA,78,190,2017,2020
Fernandez,Rudy,G,Spain,78,185,2008,2011
Fernando,Bruno,F-C,Angola,82,240,2019,2022
Fernsten,Eric,C,USA,82,205,1975,1983
Ferrari,Al,G,USA,76,190,1955,1962
Ferreira,Rolando,F,USA,85,240,1988,1988
Ferrell,Duane,F,USA,79,215,1988,1998
Ferrell,Yogi,G,USA,72,178,2016,2020
Ferrin,Arnie,F,USA,76,180,1948,1950
Ferry,Bob,C,USA,80,230,1959,1968
Ferry,Danny,F,USA,82,235,1990,2002
Fesenko,Kyrylo,C,Ukraine,85,280,2007,2011
Fields,Kenny,F,USA,77,220,1984,1987
Fields,Landry,G-F,USA,79,215,2010,2014
Filipek,Ron,F,USA,77,205,1967,1967
Fillmore,Greg,C,USA,85,240,1970,1971
Finkel,Hank,C,USA,84,240,1966,1974
Finley,Michael,G-F,USA,79,225,1995,2009
Finn,Danny,G,USA,73,185,1952,1954
Finney-Smith,Dorian,F,USA,79,220,2016,2022
Fish,Matt,C,USA,83,265,1994,1996
Fisher,Derek,G,USA,73,210,1996,2013
Fitch,Gerald,G,USA,75,188,2005,2005
Fitts,Malik,F,USA,77,230,2020,2021
Fitzgerald,Bob,F,USA,77,190,1946,1948
Fitzgerald,Dick,F,USA,74,175,1946,1947
Fizer,Marcus,F,USA,80,260,2000,2005
Fleishman,Jerry,G,USA,74,190,1946,1952
Fleming,Al,F,USA,79,215,1977,1977
Fleming,Ed,G,USA,75,189,1955,1959
Fleming,Vern,G,USA,77,185,1984,1995
Flores,Luis,G,USA,74,195,2004,2004
Flowers,Bruce,F,USA,80,225,1982,1982
Floyd,Sleepy,G,USA,75,170,1982,1994
Flynn,Jonny,G,USA,72,185,2009,2011
Flynn,Malachi,G,USA,73,175,2020,2022
Flynn,Mike,G,USA,74,180,1976,1977
Fogle,Larry,G,USA,77,205,1975,1975
Foley,Jack,F,USA,75,170,1962,1962
Fontaine,Levi,G,USA,76,190,1970,1970
Fontecchio,Simone,F,Italy,79,209,2022,2022
Foote,Jeff,C-F,USA,84,265,2011,2011
Forbes,Bryn,G,USA,74,205,2016,2022
Forbes,Gary,F,Panama,79,220,2010,2011
Ford,Aleem,F,USA,80,220,2021,2021
Ford,Alphonso,F,USA,73,190,1993,1994
Ford,Alton,F,USA,81,280,2001,2003
Ford,Chris,G,USA,77,190,1972,1981
Ford,Don,F,USA,81,215,1975,1981
Ford,Jake,G,USA,75,180,1970,1971
Ford,Phil,G,USA,74,175,1978,1984
Ford,Sharrod,F,USA,81,235,2005,2005
Ford,Sherell,F,USA,79,210,1995,1995
Ford,T.J.,G,USA,72,165,2003,2011
Forman,Donnie,G,USA,70,175,1948,1948
Forrest,Bayard,C,USA,82,235,1977,1978
Forrest,Trent,G,USA,76,210,2020,2022
Forte,Joseph,G,USA,76,194,2001,2002
Fortson,Courtney,G,USA,71,185,2011,2011
Fortson,Danny,C-F,USA,80,260,1997,2006
Foster,Fred,F,USA,77,210,1968,1976
Foster,Greg,C,USA,83,250,1990,2002
Foster,Jeff,F-C,USA,83,250,1999,2011
Foster,Rod,G,USA,73,160,1983,1985
Foster Jr.,Michael,F,USA,80,250,2022,2022
Fotsis,Antonis,F,Greece,82,219,2001,2001
Fournier,Evan,G-F,France,78,205,2012,2022
Foust,Larry,C,USA,81,215,1950,1961
Fowler,Jerry,C,USA,79,230,1951,1951
Fowlkes,Tremaine,F,USA,78,212,2001,2004
Fox,De'Aaron,G,USA,75,185,2017,2022
Fox,Harold,G,USA,74,175,1972,1972
Fox,Jim,C,USA,82,230,1967,1976
Fox,Rick,F,Canada,79,235,1991,2003
Foye,Randy,G,USA,76,218,2006,2016
Foyle,Adonal,C,St. Vincent & Grenadines,82,270,1997,2009
Frahm,Richie,G,USA,77,210,2002,2007
Francis,Steve,G,USA,75,210,1999,2007
Frank,Tellis,F,USA,82,225,1987,1993
Frankel,Nat,F,USA,72,195,1946,1946
Franklin,Jamaal,G,USA,77,191,2013,2014
Franks,Robert,F,USA,79,225,2020,2020
Frazier,Tim,G,USA,72,170,2014,2021
Frazier,Walt,G,USA,76,200,1967,1979
Frazier,Will,F,USA,79,210,1965,1965
Frazier II,Michael,G,USA,75,200,2018,2019
Frazier Jr.,Melvin,G-F,USA,77,215,2018,2021
Frederick,Anthony,F,USA,79,205,1988,1991
Fredette,Jimmer,G,USA,74,195,2011,2018
Free,World,G,USA,75,185,1975,1987
Freedom,Enes,C,Turkey,82,250,2011,2021
Freeland,Joel,C-F,United Kingdom,82,225,2012,2014
Freeman,Donnie,G,USA,75,185,1975,1975
Freeman,Gary,F,USA,81,210,1970,1970
Freeman,Rod,F,USA,79,225,1973,1973
Freije,Matt,F,USA,81,249,2004,2006
Frey,Frido,F,USA,74,195,1946,1946
Friend,Larry,G,USA,76,185,1957,1957
Frink,Pat,G,USA,76,195,1968,1968
Fritsche,Jim,C,USA,80,210,1953,1954
Frye,Channing,F-C,USA,84,255,2005,2018
Fryer,Bernie,G,USA,75,185,1973,1974
Fucarino,Frank,F,USA,74,175,1946,1946
Fuetsch,Herm,G,USA,72,170,1947,1947
Fulks,Joe,F,USA,77,190,1946,1953
Fuller,Hiram,F,USA,81,240,2003,2003
Fuller,Todd,C,USA,83,255,1996,2000
Fuller,Tony,G,USA,76,180,1980,1980
Fultz,Markelle,G,USA,76,209,2017,2022
Funderburke,Lawrence,F,USA,81,230,1997,2004
Furlow,Terry,G,USA,77,190,1976,1979
Gabor,Billy,G,USA,71,170,1949,1954
Gabriel,Wenyen,F,South Sudan,81,205,2018,2022
Gadzuric,Dan,C,Netherlands,83,240,2002,2011
Gaffney,Tony,F,USA,80,205,2009,2009
Gafford,Daniel,F-C,USA,82,234,2019,2022
Gai,Deng,F,South Sudan,81,250,2005,2005
Gaines,Corey,G,USA,75,195,1988,1994
Gaines,Reece,G,USA,78,205,2003,2005
Gaines,Sundiata,G,USA,73,200,2009,2011
Gale,Mike,G,USA,76,185,1976,1981
Gallagher,Chad,C,USA,82,255,1993,1993
Gallatin,Harry,F,USA,78,210,1948,1957
Gallinari,Danilo,F,Italy,82,236,2008,2022
Galloway,Langston,G,USA,73,200,2014,2021
Gambee,Dave,F,USA,78,215,1958,1969
Gamble,Kevin,G-F,USA,78,225,1987,1996
Gantt,Bob,F,USA,76,205,1946,1946
Garbajosa,Jorge,F,Spain,81,245,2006,2007
Garcia,Alex,G-F,Brazil,75,195,2003,2004
Garcia,Francisco,G-F,Dominican Republic,79,195,2005,2014
Gardner,Earl,F,USA,75,195,1948,1948
Gardner,Thomas,G,USA,77,225,2007,2008
Gardner,Vern,C,USA,77,200,1949,1951
Garfinkel,Jack,G,USA,72,190,1946,1948
Garino,Patricio,G-F,Argentina,78,203,2016,2016
Garland,Darius,G,USA,73,192,2019,2022
Garland,Gary,G,USA,76,180,1979,1979
Garland,Winston,G,USA,74,170,1987,1994
Garmaker,Dick,G,USA,75,200,1955,1960
Garner,Chris,G,USA,70,156,1997,2000
Garnett,Bill,F,USA,81,225,1982,1985
Garnett,Kevin,F,USA,83,240,1995,2015
Garnett,Marlon,G,USA,74,186,1998,1998
Garrett,Billy,G-F,USA,78,215,2018,2018
Garrett,Calvin,F,USA,79,190,1980,1983
Garrett,Dean,C,USA,83,250,1996,2001
Garrett,Diante,G,USA,76,190,2012,2013
Garrett,Eldo,G,USA,75,185,1969,1973
Garrett,Marcus,G,USA,77,205,2021,2021
Garrett,Rowland,F,USA,78,210,1972,1976
Garrick,Tom,G,USA,74,185,1988,1991
Garris,John,F,USA,80,205,1983,1983
Garris,Kiwane,G,USA,74,183,1997,2002
Garrity,Pat,F,USA,81,238,1998,2007
Garuba,Usman,F,Spain,80,229,2021,2022
Garvin,Jim,F,USA,79,200,1973,1973
Garza,Luka,C,USA,82,243,2021,2022
Gasol,Marc,C,Spain,83,255,2008,2020
Gasol,Pau,C-F,Spain,84,250,2001,2018
Gates,Frank,G,USA,72,160,1949,1949
Gatling,Chris,C-F,USA,82,230,1991,2001
Gattison,Kenny,F,USA,80,225,1986,1995
Gay,Rudy,F-G,USA,80,250,2006,2022
Gayda,Ed,G,USA,76,210,1950,1950
Gaze,Andrew,F,USA,79,205,1993,1998
Gbinije,Michael,G-F,USA,79,200,2016,2016
Geary,Reggie,G,USA,74,187,1996,1997
Gee,Alonzo,F,USA,78,225,2009,2016
Geiger,Matt,C,USA,85,248,1992,2001
Gelabale,Mickael,F,France,79,215,2006,2012
George,Devean,F,USA,80,235,1999,2009
George,Jack,G,USA,75,190,1953,1960
George,Paul,F,USA,80,220,2010,2022
George,Tate,G,USA,77,190,1990,1994
Georges-Hunt,Marcus,G,USA,77,226,2016,2017
Gerard,Gus,F,USA,80,200,1976,1980
Gervin,Derrick,F,USA,80,200,1989,1990
Gervin,George,G,USA,79,180,1976,1985
Getchell,Gorham,C,USA,76,205,1946,1946
Gianelli,John,C,USA,82,220,1972,1979
Gibbs,Dick,F,USA,77,210,1971,1975
Gibson,Daniel,G,USA,74,200,2006,2012
Gibson,Dee,G,USA,71,175,1949,1949
Gibson,Jonathan,G,USA,74,185,2016,2018
Gibson,Mel,G,USA,75,180,1963,1963
Gibson,Mike,F,USA,82,205,1983,1985
Gibson,Taj,F,USA,81,232,2009,2022
Giddens,J.R.,G,USA,77,215,2008,2009
Giddey,Josh,G,Australia,80,216,2021,2022
Gilder,Trey,F,USA,81,205,2009,2009
Giles III,Harry,F-C,USA,83,240,2017,2020
Gilgeous-Alexander,Shai,G,Canada,78,195,2018,2022
Gill,Anthony,F,USA,80,230,2020,2022
Gill,Eddie,G,USA,72,190,2000,2008
Gill,Kendall,G,USA,77,216,1990,2004
Gillery,Ben,C,USA,84,235,1988,1988
Gillespie,Collin,G,USA,73,195,2022,2022
Gillespie,Freddie,F,USA,81,245,2020,2021
Gilliam,Armen,F,USA,81,260,1987,1999
Gilliam,Herm,G,USA,75,190,1969,1976
Gilmore,Artis,C,USA,86,240,1976,1987
Gilmore,Walt,F,USA,78,225,1970,1970
Gilmur,Chuck,F,USA,76,225,1946,1950
Gilyard,Jacob,G,USA,69,160,2022,2022
Ginobili,Manu,G,Argentina,78,205,2002,2017
Giricek,Gordan,G,Croatia,78,220,2002,2007
Givens,Jack,F,USA,77,205,1978,1979
Gladness,Mickell,C,USA,83,220,2011,2011
Glamack,George,C,USA,78,225,1948,1948
Glass,Gerald,F,USA,77,221,1990,1995
Glenn,Mike,G,USA,74,175,1977,1986
Glick,Norman,F,USA,78,190,1949,1949
Glouchkov,Georgi,F,Bulgaria,80,235,1985,1985
Glover,Clarence,F,USA,80,210,1971,1971
Glover,Dion,G,USA,77,225,1999,2004
Glyniadakis,Andreas,C,Greece,85,280,2006,2006
Gminski,Mike,C,USA,83,250,1980,1993
Gobert,Rudy,C,France,85,258,2013,2022
Godfread,Dan,F,USA,82,250,1990,1991
Gola,Tom,G,USA,78,205,1955,1965
Goldfaden,Ben,F,USA,73,185,1946,1946
Goldwire,Anthony,G,USA,74,182,1995,2005
Gomes,Ryan,F,USA,79,245,2005,2013
Gondrezick,Glen,F,USA,78,218,1977,1982
Gondrezick,Grant,G,USA,77,205,1986,1988
Gooden,Drew,F,USA,82,250,2002,2015
Goodrich,Gail,G,USA,73,170,1965,1978
Goodrich,Steve,C,USA,82,220,2000,2002
Goodwin,Archie,G,USA,77,205,2013,2016
Goodwin,Brandon,G,USA,72,180,2018,2021
Goodwin,Jordan,G,USA,75,200,2021,2022
Goodwin,Wilfred,F,USA,74,203,1946,1947
Gordon,Aaron,F,USA,80,235,2014,2022
Gordon,Ben,G,USA,75,205,2004,2014
Gordon,Drew,C-F,USA,81,245,2014,2014
Gordon,Eric,G,USA,75,215,2008,2022
Gordon,Lancaster,G,USA,75,185,1984,1987
Gordon,Paul,F,USA,75,185,1949,1949
Gortat,Marcin,C,Poland,83,240,2007,2018
Gottlieb,Leo,G,USA,71,180,1946,1947
Goudelock,Andrew,G,USA,75,200,2011,2015
Govedarica,Bato,G,USA,71,185,1953,1953
Graboski,Joe,F,USA,80,195,1948,1961
Grace,Ricky,G,USA,73,180,1993,1993
Graham,Devonte',G,USA,73,195,2018,2022
Graham,Greg,G,USA,76,182,1993,1997
Graham,Joey,F,USA,79,230,2005,2010
Graham,Mal,G,USA,73,185,1967,1968
Graham,Orlando,F,USA,80,220,1988,1988
Graham,Paul,G,USA,78,200,1991,1993
Graham,Stephen,G-F,USA,78,215,2005,2010
Graham,Treveon,G-F,USA,77,219,2016,2019
Grandholm,Jim,C,USA,84,235,1990,1990
Grandison,Ronnie,F,USA,78,220,1988,1995
Granger,Danny,F-G,USA,81,222,2005,2014
Granger,Stewart,G,USA,75,190,1983,1986
Grant,Brian,F-C,USA,81,254,1994,2005
Grant,Bud,F,USA,75,195,1949,1950
Grant,Gary,G,USA,75,185,1988,2000
Grant,Greg,G,USA,67,140,1989,1995
Grant,Harvey,F,USA,81,225,1988,1998
Grant,Horace,C,USA,82,245,1987,2003
Grant,Jerami,F,USA,80,210,2014,2022
Grant,Jerian,G,USA,76,198,2015,2019
Grant,Josh,F,USA,81,223,1993,1993
Grant,Paul,C,USA,84,245,1998,2003
Grant,Travis,F,USA,79,215,1972,1973
Grantham,Donte,F,USA,80,215,2018,2018
Grate,Don,G,USA,74,185,1949,1949
Graves,Butch,F,USA,75,200,1984,1984
Gravett,Hassani,G,USA,74,187,2021,2021
Gray,Aaron,C,USA,84,270,2007,2013
Gray,Devin,F,USA,79,240,1996,1999
Gray,Ed,G,USA,75,210,1997,1998
Gray,Evric,F,USA,79,235,1996,1996
Gray,Gary,G,USA,73,185,1967,1967
Gray,Josh,G,USA,72,180,2017,2019
Gray,Leonard,F,USA,80,240,1974,1976
Gray,RaiQuan,F,USA,79,269,2022,2022
Gray,Stuart,C,USA,84,235,1984,1990
Gray,Sylvester,F,USA,78,230,1988,1988
Gray,Wyndol,G,USA,73,175,1946,1947
Grayer,Jeff,G,USA,77,210,1988,1997
Greacen,Bob,F,USA,79,206,1969,1970
Green,A.C.,F,USA,81,225,1985,2000
Green,AJ,G,USA,77,190,2022,2022
Green,Danny,G,USA,78,215,2009,2022
Green,Devin,G-F,USA,79,212,2005,2005
Green,Draymond,F,USA,78,230,2012,2022
Green,Erick,G,USA,76,185,2014,2015
Green,Gerald,G-F,USA,79,205,2005,2018
Green,JaMychal,F-C,USA,81,227,2014,2022
Green,Jalen,G,USA,76,186,2021,2022
Green,Javonte,G,USA,77,205,2019,2022
Green,Jeff,F,USA,80,235,2007,2022
Green,Johnny,F,USA,77,200,1959,1972
Green,Josh,G,Australia,79,200,2020,2022
Green,Ken,F,USA,80,215,1985,1985
Green,Kenny,G,USA,78,210,1985,1986
Green,Lamar,F,USA,79,210,1969,1974
Green,Litterial,G,USA,73,195,1992,1998
Green,Luther,F,USA,79,190,1972,1972
Green,Mike,C,USA,82,200,1976,1979
Green,Rickey,G,USA,72,170,1977,1991
Green,Sean,G,USA,77,210,1991,1993
Green,Si,G,USA,74,185,1956,1965
Green,Sidney,F,USA,81,220,1983,1992
Green,Steve,F,USA,79,220,1976,1978
Green,Taurean,G,USA,72,177,2007,2007
Green,Tommy,G,USA,74,185,1978,1978
Green,Willie,G,USA,75,205,2003,2014
Greene,Donte,F,USA,83,226,2008,2012
Greene,Orien,G,USA,76,208,2005,2010
Greenspan,Jerry,F,USA,77,195,1963,1964
Greenwood,David,F,USA,81,222,1979,1990
Greer,Hal,G,USA,74,175,1958,1972
Greer,Lynn,G,USA,74,175,2006,2006
Gregor,Gary,F,USA,79,225,1968,1972
Gregory,Claude,F,USA,80,205,1985,1987
Greig,John,F,USA,79,215,1982,1982
Grekin,Norm,F,USA,77,180,1953,1953
Grevey,Kevin,G,USA,77,210,1975,1984
Griffin,AJ,F,USA,78,220,2022,2022
Griffin,Adrian,G-F,USA,77,230,1999,2007
Griffin,Blake,F,USA,81,250,2009,2022
Griffin,Eddie,C,USA,82,240,2001,2006
Griffin,Greg,F,USA,79,190,1977,1977
Griffin,Paul,F,USA,81,205,1976,1982
Griffin,Taylor,F,USA,79,238,2009,2009
Griffith,Darrell,G,USA,76,190,1980,1990
Grigsby,Chuck,G,USA,77,190,1954,1954
Grimes,Quentin,G,USA,77,210,2021,2022
Grimm,Derek,F,USA,81,230,1997,1997
Grimshaw,George,G,USA,73,185,1946,1946
Groat,Dick,G,USA,71,180,1952,1952
Gross,Bob,F,USA,78,200,1975,1982
Grote,Jerry,G,USA,76,215,1964,1964
Groza,Alex,C,USA,79,218,1949,1950
Grundy,Anthony,G,USA,75,185,2005,2005
Grunfeld,Ernie,G,USA,78,210,1977,1985
Guarilia,Gene,F,USA,77,220,1959,1962
Gudmundsson,Petur,C,USA,86,260,1981,1988
Guduric,Marko,G,Serbia,78,201,2019,2019
Guerin,Richie,G,USA,76,195,1956,1969
Gugliotta,Tom,F,USA,82,250,1992,2004
Guibert,Andres,C,Cuba,82,225,1993,1994
Guidinger,Jay,C,USA,82,255,1992,1993
Gunther,Coulby,F,USA,76,190,1946,1948
Gunther,Dave,F,USA,79,190,1962,1962
Guokas,Matt,G,USA,78,175,1966,1975
Guokas,Matt,G,USA,75,195,1946,1946
Gutierrez,Jorge,G,Mexico,75,189,2013,2015
Guy,Kyle,G,USA,73,167,2019,2021
Guyton,A.J.,G,USA,74,185,2000,2002
Ha,Seung-Jin,C,South Korea,87,305,2004,2005
Hachimura,Rui,F,Japan,80,230,2019,2022
Hackett,Rudy,F,USA,81,210,1976,1976
Haddadi,Hamed,C,Iran,86,265,2008,2012
Haffner,Scott,G,USA,75,180,1989,1990
Hagan,Cliff,F,USA,76,210,1956,1965
Hagan,Glenn,G,USA,72,170,1981,1981
Hagans,Ashton,G-F,USA,75,190,2020,2020
Hahn,Bob,C,USA,82,240,1949,1949
Hairston,Al,G,USA,73,170,1968,1969
Hairston,Happy,F,USA,79,225,1964,1974
Hairston,Lindsay,F,USA,79,180,1975,1975
Hairston,Malik,G,USA,78,220,2008,2009
Hairston,PJ,F-G,USA,78,230,2014,2015
Haislip,Marcus,F,USA,82,230,2002,2009
Halbert,Chuck,C,USA,81,225,1946,1950
Halbrook,Harvey,C,USA,87,235,1960,1961
Hale,Bruce,G,USA,73,170,1948,1950
Haley,Jack,C,USA,82,242,1988,1997
Haliburton,Tyrese,G,USA,77,185,2020,2022
Halimon,Shaler,G,USA,77,199,1968,1971
Hall,Devon,G,USA,77,215,2019,2019
Hall,Donta,F,USA,81,229,2019,2020
Hall,Jordan,G,USA,79,215,2022,2022
Hall,Josh,F,USA,81,190,2020,2020
Hall,Mike,F,USA,80,230,2006,2006
Hall,Tyler,G,USA,76,209,2021,2021
Halliburton,Jeff,G,USA,77,193,1971,1972
Ham,Darvin,F-G,USA,79,240,1996,2004
Hamer,Steve,C,USA,84,245,1996,1996
Hamilton,Dale,G,USA,72,180,1949,1949
Hamilton,Daniel,G-F,USA,79,195,2017,2018
Hamilton,Dennis,F,USA,80,210,1967,1968
Hamilton,Jordan,G-F,USA,79,220,2011,2015
Hamilton,Justin,C,USA,84,255,2013,2016
Hamilton,Richard,G,USA,79,193,1999,2012
Hamilton,Roylee,G,USA,74,180,1979,1980
Hamilton,Steve,F,USA,78,190,1958,1959
Hamilton,Tang,F,USA,80,205,2001,2002
Hamilton,Thomas,C,USA,86,330,1995,2002
Hamilton,Zendon,C,USA,83,240,2000,2005
Hammink,Geert,F-C,Netherlands,84,262,1993,1995
Hammonds,Tom,F,USA,81,225,1989,2000
Hammons,AJ,C,USA,84,260,2016,2016
Hampton,R.J.,G,USA,76,175,2020,2022
Hancock,Darrin,F,USA,79,205,1994,1996
Handlogten,Ben,C,USA,82,240,2003,2004
Hankins,Cecil,G,USA,73,175,1946,1947
Hankinson,Phil,F,USA,80,195,1973,1974
Hannahs,Dusty,G,USA,75,210,2018,2019
Hannum,Alex,F,USA,79,210,1949,1956
Hanrahan,Don,F,USA,79,200,1952,1952
Hans,Rollen,G,USA,74,210,1953,1954
Hansbrough,Ben,G,USA,75,203,2012,2012
Hansbrough,Tyler,F,USA,81,250,2009,2015
Hansen,Bob,G,USA,78,190,1983,1991
Hansen,Glenn,G,USA,76,205,1975,1977
Hansen,Lars,C,USA,82,225,1978,1978
Hansen,Travis,G-F,USA,78,205,2003,2003
Hanson,Reggie,F,USA,80,195,1997,1997
Hanzlik,Bill,F,USA,79,185,1980,1989
Harangody,Luke,F,USA,79,245,2010,2011
Hardaway,Anfernee,G-F,USA,79,215,1993,2007
Hardaway,Tim,G,USA,72,195,1989,2002
Hardaway Jr.,Tim,G-F,USA,77,205,2013,2022
Harden,James,G,USA,77,220,2009,2022
Harding,Reggie,C,USA,84,249,1963,1967
Hardnett,Charlie,F,USA,80,225,1962,1964
Hardy,Alan,G,USA,78,195,1980,1981
Hardy,Jaden,G,USA,75,198,2022,2022
Hardy,James,F,USA,80,220,1978,1981
Hargis,John,G,USA,74,180,1949,1950
Harkless,Maurice,F-G,USA,79,220,2012,2021
Harkness,Jerry,G,USA,74,175,1963,1963
Harlicka,Skip,G,USA,73,185,1968,1968
Harmon,Jerome,G,USA,76,190,1994,1994
Harper,Derek,G,USA,76,206,1983,1998
Harper,Jared,G,USA,70,175,2019,2021
Harper,Justin,F-C,USA,82,225,2011,2016
Harper,Mike,C,USA,82,195,1980,1981
Harper,Ron,G,USA,78,215,1986,2000
Harper Jr.,Ron,F,USA,77,245,2022,2022
Harpring,Matt,F,USA,79,230,1998,2008
Harrell,Montrezl,F-C,USA,79,240,2015,2022
Harrellson,Josh,F-C,USA,82,275,2011,2013
Harrington,Adam,G,USA,77,200,2002,2002
Harrington,Al,F,USA,81,245,1998,2013
Harrington,Junior,G,USA,76,190,2002,2006
Harrington,Othella,F-C,USA,81,235,1996,2007
Harris,Art,G,USA,76,185,1968,1971
Harris,Bernie,F,USA,82,200,1974,1974
Harris,Bob,F,USA,79,195,1949,1953
Harris,Chris,G,USA,75,190,1955,1955
Harris,Devin,G,USA,75,185,2004,2018
Harris,Elias,F,Germany,80,239,2013,2013
Harris,Gary,G,USA,76,210,2014,2022
Harris,Jalen,G,USA,77,195,2020,2020
Harris,Joe,G-F,USA,78,220,2014,2022
Harris,Kevon,G,USA,78,216,2022,2022
Harris,Lucious,G,USA,77,205,1993,2004
Harris,Manny,G,USA,77,185,2010,2016
Harris,Mike,F,USA,78,235,2007,2013
Harris,Steve,G,USA,77,195,1985,1989
Harris,Terrel,G,USA,76,190,2011,2012
Harris,Tobias,F,USA,79,226,2011,2022
Harris,Tony,G,USA,75,190,1990,1994
Harrison,Aaron,G,USA,78,210,2015,2017
Harrison,Andrew,G,USA,78,213,2016,2018
Harrison,Bob,G,USA,73,190,1949,1957
Harrison,David,C,USA,84,280,2004,2007
Harrison,Shaquille,G,USA,76,195,2017,2022
Hart,Jason,G,USA,75,180,2000,2009
Hart,Josh,G,USA,76,215,2017,2022
Hartenstein,Isaiah,C-F,Germany,84,250,2018,2022
Harvey,Antonio,F-C,USA,83,250,1993,2002
Harvey,Donnell,F,USA,80,220,2000,2004
Hasbrouck,Kenny,G,USA,75,190,2009,2009
Haskin,Scott,F,USA,83,250,1993,1993
Haskins,Clem,G,USA,75,195,1967,1975
Haslem,Udonis,F,USA,79,235,2003,2022
Hassell,Trenton,F-G,USA,77,227,2001,2009
Hassett,Billy,G,USA,70,180,1949,1950
Hassett,Joey,G,USA,77,180,1977,1982
Hastings,Scott,F,USA,82,235,1982,1992
Haston,Kirk,F,USA,81,242,2001,2002
Hatton,Vern,G,USA,75,195,1958,1961
Hauser,Sam,F,USA,79,217,2021,2022
Havlicek,John,F,USA,77,203,1962,1977
Hawes,Spencer,F-C,USA,85,245,2007,2016
Hawes,Steve,C,USA,81,220,1974,1983
Hawkins,Connie,F,USA,80,210,1969,1975
Hawkins,Hersey,G,USA,75,200,1988,2000
Hawkins,Juaquin,F,USA,79,205,2002,2002
Hawkins,Marshall,F,USA,75,205,1949,1949
Hawkins,Michael,G,USA,72,178,1996,2000
Hawkins,Robert,G,USA,76,190,1975,1978
Hawkins,Tom,F,USA,77,210,1959,1968
Hawthorne,Nate,G,USA,76,190,1973,1975
Hayes,Chuck,C-F,USA,78,240,2005,2015
Hayes,Elvin,F,USA,81,235,1968,1983
Hayes,Jarvis,F,USA,80,228,2003,2009
Hayes,Jaxson,C-F,USA,84,220,2019,2022
Hayes,Killian,G,France,77,195,2020,2022
Hayes,Nigel,F,USA,79,254,2017,2017
Hayes,Steve,C,USA,84,205,1981,1985
Hayward,Gordon,F,USA,79,225,2010,2022
Hayward,Lazar,F,USA,78,225,2010,2012
Haywood,Brendan,C,USA,84,263,2001,2014
Haywood,Spencer,F,USA,80,225,1970,1982
Hazen,John W.,G,USA,74,172,1948,1948
Hazzard,Walt,G,USA,74,185,1964,1973
Head,Luther,G,USA,75,185,2005,2010
Heal,Shane,G,Australia,72,180,1996,2003
Heaney,Brian,G,USA,74,180,1969,1969
Heard,Garfield,F,USA,78,219,1970,1980
Hearn,Reggie,G,USA,77,210,2017,2017
Hedderick,Herm,G,USA,77,170,1954,1954
Heggs,Alvin,F,USA,80,225,1995,1995
Heinsohn,Tom,F,USA,79,218,1956,1964
Hemric,Dick,F,USA,78,220,1955,1956
Henderson,Alan,F-C,USA,81,240,1995,2006
Henderson,Cedric,F,USA,79,225,1997,2002
Henderson,Cedric,F,USA,80,210,1986,1986
Henderson,Dave,G,USA,77,195,1987,1987
Henderson,Gerald,G,USA,74,175,1979,1991
Henderson,Gerald,G,USA,77,215,2009,2016
Henderson,J.R.,F,USA,80,233,1998,1998
Henderson,Jerome,F,USA,83,230,1985,1986
Henderson,Kevin,G,USA,76,195,1986,1987
Henderson,Tom,G,USA,75,190,1974,1982
Hendrickson,Mark,F,USA,81,220,1996,1999
Hennessy,Larry,G,USA,75,185,1955,1955
Henriksen,Don,F,USA,79,225,1952,1954
Henry,Aaron,F,USA,77,210,2021,2021
Henry,Al,C,USA,81,190,1970,1971
Henry,Bill,C,USA,81,215,1948,1949
Henry,Carl,G,USA,78,205,1985,1985
Henry,Conner,G,USA,79,195,1986,1987
Henry,Myke,F,USA,78,210,2017,2017
Henry,Skeeter,G,USA,79,190,1993,1993
Henry,Xavier,F-G,USA,78,220,2010,2014
Henson,John,F-C,USA,81,219,2012,2019
Henson,Steve,G,USA,73,180,1990,1998
Herman,Bill,G,USA,75,170,1949,1949
Hermsen,Clarence,C,USA,81,225,1946,1952
Hernandez,Dewan,C-F,USA,82,235,2019,2019
Hernangomez,Juancho,F,Spain,81,214,2016,2022
Hernangomez,Willy,C-F,Spain,83,250,2016,2022
Herren,Chris,G,USA,74,190,1999,2000
Herrera,Carl,F,USA,81,225,1991,1998
Herrmann,Walter,F,Argentina,81,225,2006,2008
Herro,Tyler,G,USA,77,195,2019,2022
Herron,Keith,G,USA,78,195,1978,1981
Hertzberg,Sidney,G,USA,70,175,1946,1950
Hervey,Kevin,F,USA,81,230,2019,2019
Hetzel,Fred,F,USA,80,220,1965,1970
Hewitt,Bill,F,USA,79,210,1968,1974
Hewson,Jack,F,USA,78,195,1947,1947
Heyman,Art,G,USA,77,205,1963,1965
Hezonja,Mario,F-G,Croatia,80,220,2015,2019
Hibbert,Roy,C,USA,86,270,2008,2016
Hickey,Matthew,G,USA,71,180,1947,1947
Hicks,Isaiah,F,USA,81,230,2017,2018
Hicks,Phil,F,USA,79,205,1976,1978
Hickson,JJ,C-F,USA,81,242,2008,2015
Hield,Buddy,G,Bahamas,76,220,2016,2022
Higgins,Cory,G,USA,77,180,2011,2012
Higgins,Mike,F,USA,81,220,1989,1990
Higgins,Rod,F,USA,79,200,1982,1994
Higgins,Sean,G-F,USA,81,215,1990,1997
Higgs,Kenny,G,USA,72,180,1978,1981
High,Johnny,G,USA,75,185,1979,1983
Highsmith,Haywood,F,USA,77,220,2018,2022
Hightower,Wayne,F,USA,80,192,1962,1966
Nene,,C-F,Brazil,83,250,2002,2018
Hill,Armond,G,USA,76,190,1976,1983
Hill,Cleo,G,USA,73,185,1961,1961
Hill,Gary,G,USA,76,185,1963,1964
Hill,George,G,USA,76,188,2008,2022
Hill,Grant,F,USA,80,225,1994,2012
Hill,Herbert,F-C,USA,82,240,2007,2007
Hill,Jordan,F-C,USA,82,240,2009,2016
Hill,Malcolm,F,USA,78,220,2021,2022
Hill,Solomon,F,USA,78,226,2013,2021
Hill,Steven,C,USA,84,245,2008,2008
Hill,Tyrone,F,USA,81,250,1990,2003
Hillhouse,Art,C,USA,79,220,1946,1947
Hilliard,Darrun,G,USA,78,220,2015,2017
Hillman,Darnell,F,USA,81,215,1976,1979
Hilton,Fred,G,USA,75,185,1971,1972
Hinrich,Kirk,G,USA,76,190,2003,2015
Hinson,Roy,C,USA,81,210,1983,1990
Hinton,Nate,G-F,USA,77,210,2020,2021
Hirsch,Mel,G,USA,66,165,1946,1946
Hitch,Lew,F,USA,80,200,1951,1956
Hite,Robert,G,USA,74,184,2006,2006
Hoard,Jaylen,F,France,80,216,2019,2021
Hobson,Darington,G,USA,79,210,2011,2011
Hodge,Donald,F,USA,84,230,1991,1995
Hodge,Julius,G,USA,79,210,2005,2006
Hodges,Craig,G,USA,74,190,1982,1991
Hoefer,Adolph,G,USA,69,158,1946,1947
Hoffman,"Bear, The Body",G,USA,74,195,1947,1954
Hogsett,Bob,F,USA,79,230,1966,1966
Hogue,Paul,C,USA,81,240,1962,1963
Hoiberg,Fred,G,USA,77,210,1995,2004
Holcomb,Doug,F,USA,76,200,1948,1948
Holcomb,Randy,F,USA,81,220,2002,2005
Holiday,Aaron,G,USA,72,185,2018,2022
Holiday,Jrue,G,USA,77,205,2009,2022
Holiday,Justin,F-G,USA,78,180,2012,2022
Holland,Brad,G,USA,75,180,1979,1981
Holland,Joe,F,USA,76,185,1949,1951
Holland,John,G-F,USA,77,205,2015,2018
Holland,Wilbur,G,USA,72,175,1975,1978
Hollins,Lionel,G,USA,75,185,1975,1984
Hollins,Ryan,C,USA,84,240,2006,2015
Hollis,Essie,F,USA,78,195,1978,1978
Hollis-Jefferson,Rondae,F,USA,78,217,2015,2020
Holmes,Richaun,F,USA,80,235,2015,2022
Holmgren,Chet,C-F,USA,85,195,2022,2022
Holstein,Jim,F,USA,75,180,1952,1955
Holt,Alvin,F,USA,79,210,1970,1970
Holton,Michael,G,USA,76,185,1984,1989
Holub,Dick,C,USA,78,205,1947,1947
Holup,Joe,F,USA,78,215,1956,1958
Holzman,Red,G,USA,70,175,1948,1953
Homesley,Caleb,G,USA,78,205,2020,2020
Honeycutt,Jerald,F-G,USA,81,254,1997,1998
Honeycutt,Tyler,F,USA,80,188,2011,2012
Hood,Derek,F,USA,80,222,1999,2002
Hood,Rodney,G-F,USA,80,208,2014,2021
Hoover,Tom,C,USA,81,230,1963,1966
Hopkins,Bob,C,USA,80,205,1956,1959
Hoppen,Dave,C,USA,83,235,1987,1992
Hopson,Dennis,F,USA,77,200,1987,1991
Hopson,Scotty,G,USA,79,204,2013,2021
Horan,Johnny,F,USA,80,190,1955,1955
Hordges,Cedrick,C,USA,80,220,1980,1981
Horford,Al,C-F,Dominican Republic,81,240,2007,2022
Horford,Tito,C,USA,85,245,1988,1993
Horn,Ron,F,USA,79,220,1961,1962
Hornacek,Jeff,G,USA,76,190,1986,1999
Horner,Dennis,F,USA,81,230,2011,2011
Horry,Robert,F-C,USA,82,240,1992,2007
Horton,Ed,C,USA,80,230,1989,1989
Horton-Tucker,Talen,G,USA,76,234,2019,2022
Hosket,Wilmer,F,USA,79,225,1968,1971
Houbregs,Bob,C,USA,80,210,1953,1957
House,Eddie,G,USA,73,190,2000,2010
House Jr.,Danuel,F-G,USA,78,220,2016,2022
Houstan,Caleb,G,Canada,80,205,2022,2022
Houston,Allan,G,USA,78,200,1993,2004
Houston,Byron,F,USA,77,250,1992,1995
Hovasse,Tom,F,USA,80,205,1994,1994
Howard,Brian,F,USA,78,204,1991,1992
Howard,Dwight,C-F,USA,82,265,2004,2021
Howard,Greg,F,USA,81,215,1970,1971
Howard,Josh,F,USA,79,210,2003,2012
Howard,Juwan,F,USA,81,250,1994,2012
Howard,Markus,G,USA,70,175,2020,2021
Howard,Mo,G,USA,74,170,1976,1976
Howard,Otis,F,USA,79,220,1978,1978
Howard,Stephen,F,USA,81,245,1992,1997
Howard,William,F-G,France,80,207,2019,2019
Howell,Bailey,F,USA,79,210,1959,1970
Hubbard,Bob,C,USA,78,215,1947,1948
Hubbard,Phil,F,USA,80,215,1979,1988
Hudgins,Trevor,G,USA,72,180,2022,2022
Hudson,Lester,G,USA,75,190,2009,2014
Hudson,Lou,F,USA,77,210,1966,1978
Hudson,Troy,G,USA,73,178,1997,2007
Huertas,Marcelo,G,Brazil,75,200,2015,2016
Huerter,Kevin,G-F,USA,79,198,2018,2022
Huestis,Josh,G,USA,79,230,2015,2017
Huff,Jay,C,USA,85,240,2021,2022
Huffman,Nate,C,USA,85,245,2002,2002
Hughes,Alfredrick,F,USA,77,215,1985,1985
Hughes,Eddie,G,USA,70,165,1987,1989
Hughes,Elijah,G,USA,77,215,2020,2021
Hughes,Kim,C,USA,83,220,1976,1980
Hughes,Larry,G,USA,77,185,1998,2011
Hughes,Rick,F,USA,81,235,1999,1999
Hummel,Robbie,F,USA,81,219,2013,2014
Hummer,John,F,USA,81,230,1970,1975
Humphrey,Ryan,F,USA,80,235,2002,2004
Humphries,Isaac,C,Australia,84,260,2018,2018
Humphries,Jay,G,USA,75,185,1984,1994
Humphries,Kris,F,USA,81,235,2004,2016
Hundley,Rod,G,USA,76,185,1957,1962
Hunt,Feron,F,USA,80,195,2021,2021
Hunter,Brandon,F,USA,79,266,2003,2004
Hunter,Cedric,F,USA,72,180,1991,1991
Hunter,Chris,C-F,USA,83,240,2008,2009
Hunter,De'Andre,F-G,USA,80,221,2019,2022
Hunter,Les,F,USA,79,210,1964,1964
Hunter,Lindsey,G,USA,74,195,1993,2009
Hunter,Othello,F,USA,80,225,2008,2009
Hunter,RJ,G,USA,77,185,2015,2018
Hunter,Steven,C,USA,84,240,2001,2009
Hunter,Vincent,F,USA,80,208,2017,2017
Hurley,Bobby,G,USA,72,165,1993,1997
Hurley,Roy,F,USA,74,170,1946,1946
Huston,Geoff,G,USA,74,175,1979,1986
Huston,Paul,F,USA,75,175,1947,1947
Hutchins,Mel,F,USA,78,200,1951,1957
Hutchison,Chandler,F-G,USA,78,210,2018,2021
Hutton,Joe,G,USA,73,170,1950,1951
Hyder,Greg,F,USA,78,215,1970,1970
Hyland,Bones,G,USA,74,169,2021,2022
Iavaroni,Marc,F,USA,82,210,1982,1988
Ibaka,Serge,F,Democratic Republic of the Congo,82,235,2009,2022
Iguodala,Andre,G-F,USA,78,215,2004,2022
Ilgauskas,Zydrunas,C,Lithuania,87,260,1997,2010
Ilic,Mile,C,Serbia,85,255,2006,2006
Ilyasova,Ersan,F,Turkey,81,235,2006,2020
Imhoff,Darrall,C,USA,82,220,1960,1971
Ingelsby,Tom,G,USA,75,180,1973,1973
Ingles,Joe,F-G,Australia,81,220,2014,2022
Inglis,Damien,F,France,80,246,2014,2015
Ingram,Andre,G,USA,75,190,2017,2018
Ingram,Brandon,F,USA,80,190,2016,2022
Ingram,Joel,F,USA,72,210,1957,1957
Irvin,Byron,G,USA,77,190,1989,1992
Irving,Kyrie,G,Australia,74,195,2011,2022
Isaac,Jonathan,F,USA,82,230,2017,2022
Issel,Dan,C,USA,81,235,1976,1984
Iuzzolino,Mike,G,USA,70,175,1991,1992
Iverson,Allen,G,USA,72,165,1996,2009
Ivey,Jaden,G,USA,76,195,2022,2022
Ivey,Royal,G,USA,76,200,2004,2013
Iwundu,Wes,F,USA,78,195,2017,2021
Jack,Jarrett,G,USA,75,200,2005,2017
Jackson,Aaron,G,USA,75,183,2017,2017
Jackson,Al,G,USA,73,185,1967,1967
Jackson,Bobby,G,USA,73,185,1997,2008
Jackson,Cedric,G,USA,75,190,2009,2009
Jackson,Darnell,F,USA,81,253,2008,2010
Jackson,Demetrius,G,USA,73,201,2016,2018
Jackson,Frank,G,USA,75,205,2017,2022
Jackson,Greg,G,USA,72,180,1974,1974
Jackson,Isaiah,F,USA,81,205,2021,2022
Jackson,Jaren,G,USA,78,225,1989,2001
Jackson,Jermaine,G,USA,77,204,1999,2005
Jackson,Jim,F-G,USA,78,220,1992,2005
Jackson,Josh,G-F,USA,80,207,2017,2021
Jackson,Justin,F,USA,80,220,2017,2022
Jackson,Lucious,F,USA,81,240,1964,1971
Jackson,Luke,F-G,USA,79,215,2004,2007
Jackson,Marc,F,USA,82,253,2000,2006
Jackson,Mark,G,USA,75,195,1987,2003
Jackson,Michael,G,USA,74,183,1987,1989
Jackson,Myron,G,USA,75,185,1986,1986
Jackson,Phil,F,USA,80,220,1967,1979
Jackson,Pierre,G,USA,70,180,2016,2016
Jackson,Quenton,G,USA,77,173,2022,2022
Jackson,Ralph,G,USA,74,190,1984,1984
Jackson,Randell,F,USA,83,215,1998,1999
Jackson,Reggie,G,USA,74,208,2011,2022
Jackson,Stanley,G,USA,75,185,1993,1993
Jackson,Stephen,F-G,USA,80,220,2000,2013
Jackson,Tony,G,USA,72,170,1980,1980
Jackson,Tracy,G,USA,78,205,1981,1983
Jackson,Wardell,F,USA,79,200,1974,1974
Jackson Jr.,Jaren,F-C,USA,82,242,2018,2022
Jacobs,Winfred,F,USA,75,175,1946,1946
Jacobsen,Casey,G,USA,78,215,2002,2007
Jacobson,Sam,G-F,USA,76,219,1998,2000
Jamerson,Dave,G,USA,77,190,1990,1993
James,Aaron,F,USA,80,210,1974,1978
James,Bernard,C,USA,82,235,2012,2014
James,Damion,F,USA,79,225,2010,2013
James,Gene,F,USA,76,180,1948,1950
James,Henry,F,USA,80,220,1990,1997
James,Jerome,C,USA,85,285,1998,2008
James,Justin,G-F,USA,79,190,2019,2020
James,LeBron,F,USA,81,250,2003,2022
James,Mike,G,USA,74,188,2001,2013
James,Mike,G,USA,73,175,2017,2020
James,Tim,F,USA,79,214,1999,2002
Jamison,Antawn,F,USA,81,235,1998,2013
Jamison,Harold,F,USA,81,269,1999,2002
Janisch,John,F,USA,75,200,1946,1947
Janotta,Howie,F,USA,75,185,1949,1949
Jaric,Marko,G,Serbia,79,224,2002,2008
Jaros,Tony,F,USA,75,185,1946,1950
Jarreau,DeJon,G,USA,77,185,2021,2021
Jasikevicius,Sarunas,G,Lithuania,76,197,2005,2006
Jawai,Nathan,F,Australia,82,280,2008,2009
Jeannette,Buddy,G,USA,71,175,1947,1949
Jeelani,Abdul,F,USA,80,210,1979,1980
Jefferies,Chris,F,USA,80,230,2002,2003
Jeffers,Othyus,G-F,USA,77,210,2009,2013
Jefferson,Al,C,USA,82,280,2004,2017
Jefferson,Amile,F,USA,81,222,2017,2019
Jefferson,Cory,F,USA,81,218,2014,2015
Jefferson,Dontell,G,USA,77,195,2008,2008
Jefferson,Richard,F,USA,79,233,2001,2017
Jeffries,DaQuan,G-F,USA,77,222,2019,2022
Jeffries,Jared,F,USA,83,240,2002,2012
Jenkins,Charles,G,USA,75,215,2011,2012
Jenkins,Horace,G,USA,73,180,2004,2004
Jenkins,John,G,USA,76,215,2012,2018
Jennings,Brandon,G,USA,73,170,2009,2017
Jennings,Keith,G,USA,67,160,1992,1994
Jent,Chris,F,USA,79,220,1993,1996
Jepsen,Les,G,USA,84,237,1990,1991
Jerebko,Jonas,F,Sweden,82,231,2009,2018
Jerome,Ty,G-F,USA,77,195,2019,2022
Jerrells,Curtis,G,USA,73,195,2009,2009
Jerrett,Grant,F,USA,82,232,2013,2014
Jeter,Pooh,G,USA,71,175,2010,2010
Joe,Isaiah,G,USA,75,165,2020,2022
Johnsen,Britton,F,USA,82,210,2003,2004
Johnson,Alexander,F,USA,81,240,2006,2009
Johnson,Alize,F,USA,79,212,2018,2022
Johnson,Amir,C-F,USA,81,240,2005,2018
Johnson,Andy,F,USA,77,215,1958,1961
Johnson,Anthony,G,USA,75,195,1997,2009
Johnson,Armon,G,USA,75,195,2010,2011
Johnson,Arnie,F,USA,77,236,1948,1952
Johnson,Avery,G,USA,71,185,1988,2003
Johnson,BJ,F,USA,79,200,2018,2021
Johnson,Brice,F,USA,82,230,2016,2017
Johnson,Buck,F,USA,79,190,1986,1992
Johnson,Cameron,F,USA,80,210,2019,2022
Johnson,Carldell,G,USA,70,180,2011,2011
Johnson,Charlie,G,USA,72,170,1972,1978
Johnson,Chris,F,USA,83,210,2010,2012
Johnson,Chris,F,USA,78,206,2012,2015
Johnson,Clay,G,USA,76,175,1981,1983
Johnson,Clemon,C,USA,82,240,1978,1987
Johnson,Dakari,C,USA,84,255,2017,2017
Johnson,Darryl,G,USA,73,170,1995,1995
Johnson,Dave,G,USA,79,210,1992,1993
Johnson,David,G,USA,71,170,1949,1952
Johnson,David,G,USA,76,203,2021,2021
Johnson,DeMarco,F,USA,81,245,1999,1999
Johnson,Dennis,G,USA,76,185,1976,1989
Johnson,DerMarr,F-G,USA,81,210,2000,2007
Johnson,Eddie,G,USA,79,215,1981,1998
Johnson,Eddie,G,USA,74,180,1977,1986
Johnson,Eric,G,USA,74,205,1989,1989
Johnson,Ervin,C,USA,83,245,1993,2005
Johnson,Frank,G,USA,75,185,1981,1993
Johnson,George,C,USA,83,245,1970,1973
Johnson,George,F,USA,79,210,1978,1985
Johnson,George,C,USA,83,205,1972,1985
Johnson,Gus,F,USA,78,230,1963,1972
Johnson,Harold,C,USA,78,240,1946,1946
Johnson,Ivan,F,USA,80,255,2011,2012
Johnson,JaJuan,F,USA,82,221,2011,2011
Johnson,Jalen,F,USA,80,219,2021,2022
Johnson,James,F,USA,79,240,2009,2022
Johnson,Joe,G-F,USA,79,240,2001,2021
Johnson,John,F,USA,79,200,1970,1981
Johnson,Kannard,F,USA,81,220,1987,1987
Johnson,Keldon,F-G,USA,77,220,2019,2022
Johnson,Ken,C-F,USA,82,240,2002,2002
Johnson,Ken,F,USA,80,240,1985,1985
Johnson,Keon,G,USA,75,185,2021,2022
Johnson,Kevin,G,USA,73,190,1987,1999
Johnson,Larry,F,USA,79,235,1991,2000
Johnson,Larry,G,USA,75,205,1977,1977
Johnson,Lee,F,USA,83,205,1980,1980
Johnson,Linton,F,USA,80,205,2003,2008
Johnson,Lynbert,F,USA,77,195,1979,1979
Johnson,Magic,F-G,USA,81,220,1979,1995
Johnson,Marques,F,USA,79,218,1977,1989
Johnson,Mickey,F,USA,82,190,1974,1985
Johnson,Neil,F,USA,79,220,1966,1969
Johnson,Nick,G,USA,75,202,2014,2014
Johnson,Ollie,F,USA,78,200,1972,1981
Johnson,Omari,F,Jamaica,81,220,2017,2017
Johnson,Orlando,G,USA,77,220,2012,2015
Johnson,Reggie,F,USA,81,205,1980,1983
Johnson,Rich,C,USA,79,210,1968,1970
Johnson,Ron,F,USA,80,215,1960,1960
Johnson,Stanley,F-G,USA,78,242,2015,2022
Johnson,Steffond,F,USA,80,240,1986,1986
Johnson,Steve,C,USA,82,235,1981,1990
Johnson,Trey,G-F,USA,77,218,2008,2011
Johnson,Tyler,G,USA,75,186,2014,2021
Johnson,Vinnie,G,USA,74,200,1979,1991
Johnson,Wesley,F-G,USA,79,215,2010,2018
Johnson-Odom,Darius,G,USA,74,204,2012,2013
Johnston,Nate,C,USA,80,210,1989,1989
Johnston,Neil,C,USA,80,210,1951,1958
Johnstone,Jim,C,USA,83,245,1982,1982
Jokic,Nikola,C,Serbia,83,284,2015,2022
Jolliff,Howie,F,USA,79,218,1960,1962
Jones,Alvin,C,USA,83,265,2001,2002
Jones,Anthony,G,USA,78,195,1986,1989
Jones,Askia,F,USA,77,200,1994,1994
Jones,Bill,F,USA,79,175,1988,1988
Jones,Bobby,F,USA,81,210,1976,1985
Jones,Bobby,F,USA,79,215,2006,2007
Jones,Caldwell,C,USA,83,217,1976,1989
Jones,Carlik,G,USA,72,174,2021,2022
Jones,Charles,F-C,USA,81,215,1983,1997
Jones,Charles,F,USA,80,215,1984,1988
Jones,Charles R.,G,USA,75,180,1998,1999
Jones,Dahntay,G-F,USA,78,225,2003,2016
Jones,Damian,C,USA,83,245,2016,2022
Jones,Damon,G,USA,75,195,1998,2008
Jones,DeQuan,F,USA,80,221,2012,2012
Jones,Dominique,G,USA,77,215,2010,2012
Jones,Dontae',F,USA,80,220,1997,1997
Jones,Dwayne,F-C,USA,83,248,2005,2012
Jones,Dwight,F,USA,82,210,1973,1982
Jones,Earl,C,USA,84,210,1984,1985
Jones,Eddie,G-F,USA,78,200,1994,2007
Jones,Edgar,F,USA,82,225,1980,1985
Jones,Fred,G,USA,74,225,2002,2008
Jones,Herbert,F,USA,79,206,2021,2022
Jones,Jake,G,USA,75,180,1971,1971
Jones,Jalen,F,USA,79,220,2017,2018
Jones,James,G-F,USA,80,218,2003,2016
Jones,Jemerrio,F,USA,77,174,2018,2021
Jones,Jimmy,G,USA,76,188,1974,1976
Jones,Johnny,F,USA,79,205,1967,1967
Jones,Jumaine,F,USA,80,230,1999,2006
Jones,K.C.,G,USA,73,200,1958,1966
Jones,Kai,C-F,Bahamas,83,221,2021,2022
Jones,Kevin,F,USA,80,260,2012,2012
Jones,Larry,G,USA,74,180,1964,1973
Jones,Major,F,USA,81,225,1979,1984
Jones,Mark,G,USA,78,215,1983,2004
Jones,Mason,G,USA,76,200,2020,2021
Jones,Nick,G,USA,74,190,1967,1971
Jones,Ozell,C,USA,83,235,1984,1985
Jones,Popeye,F,USA,80,265,1993,2003
Jones,Rich,F,USA,80,220,1976,1976
Jones,Robin,C,USA,81,225,1976,1977
Jones,Sam,G,USA,76,198,1957,1968
Jones,Shelton,F,USA,80,210,1988,1988
Jones,Solomon,F,USA,82,245,2006,2013
Jones,Steve,G,USA,77,205,1975,1975
Jones,Terrence,F,USA,81,252,2012,2018
Jones,Tre,G,USA,73,185,2020,2022
Jones,Tyus,G,USA,74,196,2015,2022
Jones,Wali,G,USA,74,180,1964,1975
Jones,Wallace,F,USA,76,225,1949,1951
Jones,Wil,F,USA,80,205,1976,1977
Jones,Willie,G,USA,75,185,1960,1964
Jones,Willie,F,USA,80,190,1982,1983
Jones III,Perry,F,USA,83,235,2012,2014
Jones Jr.,Derrick,F,USA,78,210,2016,2022
Jordan,Adonis,G,USA,71,170,1993,1998
Jordan,DeAndre,C,USA,83,265,2008,2022
Jordan,Eddie,G,USA,73,170,1977,1983
Jordan,Jerome,C,Jamaica,84,253,2011,2014
Jordan,Michael,G,USA,78,216,1984,2002
Jordan,Reggie,G,USA,76,195,1993,1999
Jordan,Thomas,F,USA,82,220,1992,1992
Jordan,Walter,F,USA,79,198,1980,1980
Jordon,Phil,C,USA,82,205,1956,1962
Jorgensen,Johnny,G,USA,74,185,1947,1948
Jorgensen,Noble,C,USA,81,228,1946,1952
Jorgensen,Roger,C,USA,77,200,1946,1946
Joseph,Cory,G,Canada,75,200,2011,2022
Joseph,Garth,C,USA,86,306,2000,2000
Joseph,Kris,F,Canada,79,210,2012,2012
Joseph,Yvon,F,USA,83,245,1985,1985
Jovic,Nikola,F,Serbia,82,205,2022,2022
Judkins,Jeff,G,USA,78,185,1978,1982
Juzang,Johnny,G,USA,78,209,2022,2022
Kabengele,Mfiondu,C,Canada,82,250,2019,2022
Kaftan,George,F,USA,75,190,1948,1952
Kalafat,Ed,C,USA,78,245,1954,1956
Kalaitzakis,Georgios,F,Greece,79,192,2021,2021
Kaman,Chris,C,USA,84,265,2003,2015
Kaminsky,Frank,F-C,USA,84,240,2015,2022
Kaplowitz,Ralph,G,USA,74,170,1946,1947
Kapono,Jason,F-G,USA,80,215,2003,2011
Karasev,Sergey,G-F,Russia,79,208,2013,2015
Karl,Coby,G,USA,77,215,2007,2009
Karl,George,G,USA,74,185,1976,1977
Kasid,Ed,G,USA,71,185,1946,1946
Kasun,Mario,C,Croatia,85,260,2004,2005
Katkaveck,Leo,G,USA,72,185,1948,1949
Kauffman,Bob,F,USA,80,240,1968,1974
Kaun,Sasha,C,Russia,83,260,2015,2015
Kautz,Wilbert,G,USA,71,180,1946,1946
Kea,Clarence,F,USA,78,218,1980,1981
Kearns,Michael,G,USA,74,178,1954,1954
Kearns,Tommy,G,USA,71,185,1958,1958
Keefe,Adam,F,USA,81,230,1992,2000
Keeling,Harold,G,USA,76,185,1985,1985
Keels,Trevor,G,USA,76,221,2022,2022
Kelley,Rich,C,USA,84,235,1975,1985
Kellogg,Clark,F,USA,79,225,1982,1986
Kelly,Gerard,F,USA,74,172,1946,1947
Kelly,Ryan,F,USA,83,230,2013,2016
Kelly,Tom,G,USA,72,170,1948,1948
Kelser,Greg,F,USA,79,190,1979,1984
Kelso,Ben,G,USA,75,195,1973,1973
Kemp,Shawn,F,USA,82,280,1989,2002
Kempton,Tim,C,USA,82,245,1986,1997
Kendrick,Frank,F,USA,78,198,1974,1974
Kennard,Luke,G,USA,77,206,2017,2022
Kennedy,D.J.,G-F,USA,77,214,2011,2011
Kennedy,Eugene,F,USA,77,205,1976,1976
Kennedy,Joe,F,USA,78,210,1968,1969
Kennedy,William,G,USA,71,180,1960,1960
Kenon,Larry,F,USA,81,205,1976,1982
Kenville,Bill,G,USA,74,187,1953,1959
Kerner,Jonathan,C,USA,83,245,1998,2002
Kerr,Johnny,C,USA,81,230,1954,1965
Kerr,Steve,G,USA,73,180,1988,2002
Kerris,Jack,F,USA,78,215,1949,1952
Kersey,Jerome,F,USA,79,245,1984,2000
Kessler,Alec,F,USA,83,230,1990,1993
Kessler,Walker,C,USA,84,245,2022,2022
Ketner,Lari,C-F,USA,82,285,1999,2000
Key,Braxton,F,USA,80,225,2021,2022
Keys,Randolph,F,USA,79,210,1988,1995
Khryapa,Viktor,F,Russia,81,218,2004,2007
Kidd,Jason,G,USA,76,210,1994,2012
Kidd,Stanton,F,USA,78,216,2019,2019
Kidd,Warren,F,USA,81,235,1993,1993
Kidd-Gilchrist,Michael,F,USA,78,232,2012,2019
Kiffin,Irv,F,USA,81,225,1979,1979
Kiley,Jack,G,USA,73,170,1951,1952
Killum,Ernie,G,USA,75,180,1970,1970
Kilpatrick,Carl,C,USA,82,230,1979,1979
Kilpatrick,Sean,G,USA,76,212,2014,2017
Kimball,Toby,F,USA,78,220,1966,1974
Kimble,Bo,G,USA,76,190,1990,1992
Kimbrough,Stan,F,USA,71,153,1989,1992
Kinch,Chad,G,USA,76,190,1980,1980
King,Albert,F,USA,78,190,1981,1991
King,Bernard,F,USA,79,205,1977,1992
King,Chris,F,USA,80,215,1993,1998
King,Dan,F,USA,78,220,1954,1954
King,Frankie,G,USA,73,185,1995,1996
King,George,G,USA,72,175,1951,1957
King,George,F,USA,78,220,2018,2021
King,Gerard,C-F,USA,81,250,1998,2000
King,Jim,G,USA,74,175,1963,1972
King,Jimmy,G,USA,77,210,1995,1996
King,Louis,F,USA,79,205,2019,2022
King,Maury,G,USA,74,195,1959,1962
King,Reggie,F,USA,78,225,1979,1984
King,Rich,C,USA,86,260,1991,1994
King,Stacey,F-C,USA,83,250,1989,1996
King,Tom,G,USA,72,165,1946,1946
Kinney,Bob,C,USA,78,215,1948,1949
Kinsey,Tarence,G,USA,78,189,2006,2008
Kirilenko,Andrei,F,Russia,81,235,2001,2014
Kirk,Alex,C,USA,84,245,2014,2014
Kirk,Walt,G,USA,75,173,1948,1951
Kispert,Corey,F,USA,78,224,2021,2022
Kistler,Doug,F,USA,81,210,1961,1961
Kitchen,Curtis,F,USA,81,235,1986,1986
Kite,Greg,C,USA,83,250,1983,1994
Kittles,Kerry,G,USA,77,180,1996,2004
Kleber,Maxi,F,Germany,82,240,2017,2022
Kleine,Joe,C,USA,84,271,1985,1999
Kleiza,Linas,F,Lithuania,80,234,2005,2012
Klier,Leo,G,USA,74,170,1948,1949
Klotz,Herm,G,USA,67,150,1947,1947
Klueh,Duane,G,USA,75,175,1949,1950
Knight,Billy,F,USA,78,195,1976,1984
Knight,Bob,G-F,USA,74,185,1954,1954
Knight,Brandin,G,USA,72,180,2004,2004
Knight,Brandon,G,USA,74,182,2011,2021
Knight,Brevin,G,USA,70,166,1997,2008
Knight,Nathan,F-C,USA,80,253,2020,2022
Knight,Negele,G,USA,73,175,1990,1998
Knight,Ron,F,USA,79,215,1970,1971
Knight,Toby,F,USA,81,210,1977,1981
Knight,Travis,C,USA,84,235,1996,2002
Knorek,Lee,C,USA,79,215,1946,1949
Knostman,Dick,C,USA,78,215,1953,1953
Knowles,Rod,C,USA,81,215,1968,1968
Knox II,Kevin,F,USA,79,215,2018,2022
Kofoed,Bart,F,USA,76,210,1987,1992
Kojis,Don,F,USA,75,202,1963,1974
Koloko,Christian,C,Cameroon,84,230,2022,2022
Komenich,Milo,C,USA,79,212,1949,1949
Komives,Howard,G,USA,73,185,1964,1973
Koncak,Jon,C,USA,84,250,1985,1995
Konchar,John,G,USA,77,210,2019,2022
Koper,Bud,G,USA,78,210,1964,1964
Kopicki,Joe,F,USA,81,240,1982,1984
Korkmaz,Furkan,G-F,Turkey,79,202,2017,2022
Kornet,Frank,F,USA,81,225,1989,1990
Kornet,Luke,C-F,USA,86,250,2017,2022
Korolev,Yaroslav,F,Russia,81,203,2005,2006
Korver,Kyle,G-F,USA,79,212,2003,2019
Kosmalski,Len,C,USA,83,245,1974,1975
Kostecka,Andy,F,USA,75,203,1948,1948
Kottman,Harold,C,USA,80,220,1946,1946
Koufos,Kosta,C,USA,84,245,2008,2018
Kozelko,Tom,F,USA,80,220,1973,1975
Kramer,Arvid,C,USA,81,220,1979,1979
Kramer,Barry,F,USA,76,200,1964,1964
Kramer,Joel,F,USA,79,203,1978,1982
Kraus,Dan,G,USA,72,195,1948,1948
Krautblatt,Herb,G,USA,73,190,1948,1948
Kravtsov,Viacheslav,C,Ukraine,83,247,2012,2013
Krebs,Jim,C,USA,80,230,1957,1963
Krejci,Vit,G,Czech Republic,80,195,2021,2022
Kreklow,Wayne,G,USA,76,175,1980,1980
Kron,Tom,G,USA,77,200,1966,1968
Kropp,Tom,G,USA,75,205,1975,1976
Krstic,Nenad,C,Serbia,84,240,2004,2010
Krystkowiak,Larry,F,USA,81,220,1986,1996
Kuberski,Steve,F,USA,80,215,1969,1977
Kubiak,Leo,G,USA,71,160,1949,1949
Kuczenski,Bruce,F,USA,82,230,1983,1983
Kudelka,Frank,G,USA,74,193,1949,1952
Kuester,John,G,USA,74,180,1977,1979
Kuka,Ray,F,USA,75,200,1947,1948
Kukoc,Toni,F,Croatia,83,235,1993,2005
Kulboka,Arnoldas,F,Lithuania,82,209,2021,2021
Kuminga,Jonathan,F,DRC,79,225,2021,2022
Kunnert,Kevin,C,USA,84,230,1973,1981
Kupchak,Mitch,F,USA,81,230,1976,1985
Kupec,Charles,C,USA,78,220,1975,1977
Kurucs,Rodions,F,Latvia,81,228,2018,2020
Kurz,Rob,F,USA,81,232,2008,2009
Kutluay,Ibrahim,G,Turkey,78,200,2004,2004
Kuzma,Kyle,F,USA,81,221,2017,2022
Kuzmic,Ognjen,C,Serbia,84,260,2013,2014
Kuzminskas,Mindaugas,F,Lithuania,81,215,2016,2017
LaCour,Fred,G,USA,77,210,1960,1962
LaFrentz,Raef,C-F,USA,83,240,1998,2008
LaGarde,Tom,C,USA,82,220,1977,1984
LaRavia,Jake,F,USA,79,235,2022,2022
LaRue,Rusty,G,USA,75,185,1997,2003
LaRusso,Rudy,F,USA,80,220,1959,1968
LaVine,Zach,G,USA,77,200,2014,2022
Labissiere,Skal,F-C,Haiti,82,235,2016,2019
Lacey,Sam,C,USA,82,235,1970,1982
Laettner,Christian,F-C,USA,83,245,1992,2004
Lafayette,Oliver,G,USA,74,190,2009,2009
Laimbeer,Bill,C,USA,83,245,1980,1993
Lalich,Pete,F,USA,74,190,1946,1946
Lamar,Bo,G,USA,73,180,1976,1976
Lamb,Anthony,F,USA,78,227,2020,2022
Lamb,Doron,G,USA,76,200,2012,2013
Lamb,Jeremy,G-F,USA,77,180,2012,2021
Lambert,John,C,USA,82,225,1975,1981
Lamp,Jeff,G,USA,78,195,1981,1988
Lampe,Maciej,F,Poland,83,275,2003,2005
Lampley,Jim,F,USA,82,230,1986,1986
Lampley,Sean,F,USA,79,227,2002,2003
Landale,Jock,C,Australia,83,255,2021,2022
Landry,Carl,F,USA,81,248,2007,2015
Landry,Marcus,F,USA,79,235,2009,2009
Landsberger,Mark,F,USA,80,215,1977,1983
Lane,Jerome,F,USA,78,230,1988,1992
Lang,Andrew,C,USA,83,275,1988,1999
Lang,Antonio,F,USA,80,230,1994,1999
Lang,James,C,USA,82,305,2006,2006
Langdon,Trajan,G,USA,75,197,1999,2001
Langford,Keith,G,USA,76,215,2007,2007
Langford,Romeo,G-F,USA,77,216,2019,2022
Langhi,Dan,F,USA,83,220,2000,2003
Lanier,Bob,C,USA,83,250,1970,1983
Lantz,Stu,G,USA,75,175,1968,1975
Laprovittola,Nicolas,G,Argentina,76,180,2016,2016
Larese,York,G,USA,76,183,1961,1961
Larkin,Shane,G,USA,71,175,2013,2017
Laskowski,John,G,USA,78,185,1975,1976
Lasme,Stephane,F,Gabon,80,215,2007,2007
Lattin,Dave,F,USA,78,225,1967,1968
Lauderdale,Priest,C,USA,88,325,1996,1997
Laurel,Rich,G,USA,78,190,1977,1977
Lautenbach,Walt,F,USA,74,185,1949,1949
Lauvergne,Joffrey,C,France,83,260,2014,2017
Lavelli,Tony,F,USA,75,185,1949,1950
Lavoy,Bob,F,USA,79,185,1950,1953
Law,Acie,G,USA,75,202,2007,2010
Law,Vic,F,USA,79,201,2019,2019
Lawal,Gani,F,USA,81,234,2010,2010
Lawrence,Ed,C,USA,83,228,1980,1980
Lawson,A.J.,G,Canada,78,179,2022,2022
Lawson,Jason,C,USA,83,240,1997,2002
Lawson,Ty,G,USA,71,195,2009,2017
Layman,Jake,F,USA,80,209,2016,2021
Layton,Dennis,G,USA,73,180,1971,1977
LeVert,Caris,G,USA,78,205,2016,2022
Leaf,T.J.,F,USA,82,222,2017,2020
Leaks,Emanuel,C,USA,80,225,1972,1973
Lear,Hal,G,USA,71,163,1956,1956
Leavell,Allen,G,USA,73,170,1979,1988
Lebo,Jeff,F,USA,74,180,1989,1989
Leckner,Eric,C,USA,83,265,1988,1996
Lecque,Jalen,G,USA,76,185,2019,2020
Ledo,Ricky,G,USA,79,195,2013,2014
Lee,Butch,G,USA,72,185,1978,1979
Lee,Clyde,F,USA,82,205,1966,1975
Lee,Courtney,G,USA,77,215,2008,2019
Lee,Damion,G-F,USA,77,210,2017,2022
Lee,David,F-C,USA,81,245,2005,2016
Lee,Doug,G,USA,77,200,1991,1994
Lee,George,F,USA,76,200,1960,1967
Lee,Greg,G,USA,75,190,1975,1975
Lee,Keith,F,USA,82,215,1985,1988
Lee,Kurk,G,USA,75,190,1990,1990
Lee,Malcolm,G,USA,77,200,2011,2014
Lee,Rock,C,USA,82,220,1981,1981
Lee,Ron,G,USA,75,193,1976,1981
Lee,Russell,F,USA,77,185,1972,1974
Lee,Saben,G,USA,74,183,2020,2022
Leede,Ed,G,USA,75,185,1949,1950
Lefkowitz,Hank,F,USA,74,190,1946,1946
Legler,Tim,G,USA,76,220,1989,1999
Lehmann,George,G,USA,72,180,1967,1968
Lemon Jr.,Walt,G,USA,75,180,2017,2018
Len,Alex,C,Ukraine,86,250,2013,2022
Lenard,Voshon,G,USA,76,215,1995,2005
Leonard,Bob,G,USA,75,185,1956,1962
Leonard,Gary,C,USA,85,250,1989,1991
Leonard,Kawhi,F,USA,79,225,2011,2022
Leonard,Meyers,F-C,USA,84,260,2012,2022
Les,Jim,G,USA,71,165,1988,1994
Leslie,Travis,G,USA,76,205,2011,2011
Lester,Ronnie,G,USA,74,175,1980,1985
Lett,Clifford,G,USA,75,170,1989,1990
Leuer,Jon,F,USA,82,228,2011,2018
Levane,Andrew,F,USA,74,190,1948,1952
Lever,Lafayette,G,USA,75,170,1982,1993
Levingston,Cliff,F,USA,80,210,1982,1994
Lewis,Bobby,G,USA,75,175,1967,1970
Lewis,Cedric,F,USA,82,235,1995,1995
Lewis,Fred,F,USA,74,195,1948,1949
Lewis,Freddie,G,USA,72,175,1966,1976
Lewis,Grady,F,USA,79,215,1946,1948
Lewis,Justin,F,USA,79,245,2022,2022
Lewis,Martin,F,USA,78,225,1995,1996
Lewis,Quincy,G-F,USA,79,215,1999,2003
Lewis,Ralph,G,USA,78,200,1987,1989
Lewis,Rashard,F,USA,82,235,1998,2013
Lewis,Reggie,G,USA,79,195,1987,1992
Lewis,Scottie,G,USA,77,185,2021,2021
Lewis Jr.,Kira,G,USA,73,170,2020,2022
Liberty,Marcus,F,USA,80,205,1990,1993
Lichti,Todd,G,USA,76,205,1989,1993
Liddell,E.J.,F,USA,78,240,2022,2022
Liggins,DeAndre,G,USA,78,209,2011,2017
Ligon,Bill,G,USA,76,180,1974,1974
Lillard,Damian,G,USA,74,195,2012,2022
Lin,Jeremy,G,USA,75,200,2010,2018
Lingenfelter,Steve,F,USA,81,225,1982,1983
Lister,Alton,C-F,USA,84,245,1981,1997
Little,Nassir,F-G,USA,77,220,2019,2022
Livers,Isaiah,F,USA,78,232,2021,2022
Livingston,Randy,G,USA,76,209,1996,2006
Livingston,Shaun,G,USA,79,192,2004,2018
Livingstone,Ron,C,USA,82,220,1949,1950
Llamas,Horacio,C,USA,83,285,1996,2002
Lloyd,Earl,F,USA,78,200,1950,1959
Lloyd,Lewis,G,USA,78,205,1981,1989
Lloyd,Scott,C,USA,82,230,1976,1982
Lochmueller,Bob,F,USA,77,185,1952,1952
Lock,Robert,F,USA,81,225,1988,1988
Lockhart,Darrell,F,USA,81,245,1983,1983
Lockhart,Ian,F,USA,80,240,1990,1990
Loder,Kevin,F,USA,78,205,1981,1983
Lofgran,Don,F,USA,77,200,1950,1953
Lofton,Zach,G,USA,76,180,2018,2018
Lofton Jr.,Kenneth,F,USA,78,275,2022,2022
Logan,Johnny,G,USA,74,175,1946,1950
Lohaus,Brad,F-C,USA,83,230,1987,1997
Long,Art,F,USA,81,250,2000,2002
Long,Grant,F,USA,81,250,1988,2002
Long,John,G,USA,77,200,1978,1996
Long,Paul,G,USA,74,180,1967,1970
Long,Shawn,F,USA,81,255,2016,2016
Longley,Luc,C,USA,86,260,1991,2000
Looney,Kevon,F,USA,81,222,2015,2022
Lopez,Brook,C,USA,85,282,2008,2022
Lopez,Felipe,G-F,Dominican Republic,77,195,1998,2002
Lopez,Raul,G,Spain,72,160,2002,2004
Lopez,Robin,C,USA,84,281,2008,2022
Lorthridge,Ryan,G,USA,76,190,1994,1994
Loscutoff,Jim,F,USA,77,220,1955,1963
Lott,Plummer,F,USA,77,210,1967,1968
Loughery,Kevin,G,USA,75,190,1962,1972
Louzada,Didi,G,Brazil,77,188,2020,2021
Love,Bob,F,USA,80,215,1966,1976
Love,Kevin,F-C,USA,80,251,2008,2022
Love,Stan,F,USA,81,215,1971,1974
Lovellette,Clyde,C,USA,81,234,1953,1963
Lowe,Sidney,G,USA,72,195,1983,1989
Lowery,Chuck,G,USA,75,185,1971,1971
Lowry,Kyle,G,USA,72,196,2006,2022
Loyd,Jordan,G,USA,76,210,2018,2018
Lucas,Al,F,USA,75,195,1948,1948
Lucas,Jerry,F,USA,80,230,1963,1973
Lucas,John,G,USA,75,175,1976,1989
Lucas,Kalin,G,USA,73,195,2014,2018
Lucas,Maurice,F,USA,81,215,1976,1987
Lucas III,John,G,USA,71,166,2005,2016
Luckenbill,Ted,F,USA,78,205,1961,1962
Lue,Tyronn,G,USA,72,175,1998,2008
Luisi,Jim,G,USA,74,180,1953,1953
Lujack,Al,F,USA,75,220,1946,1946
Lumpkin,Phil,G,USA,72,165,1974,1975
Lumpp,Ray,G,USA,73,178,1948,1952
Lundberg,Gabriel,G,Denmark,76,203,2021,2021
Luwawu-Cabarrot,Timothe,G-F,France,79,215,2016,2021
Lydon,Tyler,F,USA,82,225,2017,2018
Lyles,Trey,F,Canada,81,234,2015,2022
Lynch,George,F,USA,80,235,1993,2004
Lynch,Kevin,F,USA,77,195,1991,1992
Lynn,Mike,F,USA,79,215,1969,1970
Mac,Sheldon,G-F,USA,78,200,2016,2016
MacCulloch,Todd,C,Canada,84,280,1999,2003
MacGilvray,Ronnie,G,USA,74,185,1954,1954
MacLean,Don,F,USA,82,235,1992,2000
Macaluso,Mike,F,USA,77,210,1973,1973
Macauley,Ed,C,USA,80,185,1949,1958
Machado,Scott,G,USA,73,205,2012,2018
Macijauskas,Arvydas,G,Lithuania,76,214,2005,2005
Mack,Ollie,G,USA,75,185,1979,1981
Mack,Sam,G-F,USA,79,220,1992,2001
Mack,Shelvin,G,USA,75,203,2011,2018
Mackey,Malcolm,F,USA,81,248,1993,1993
Macklin,Rudy,F,USA,79,205,1981,1983
Macklin,Vernon,F,USA,82,227,2011,2011
Macknowski,Johnny,G,USA,73,180,1949,1950
Macon,Daryl,G,USA,75,185,2018,2019
Macon,Mark,G,USA,76,185,1991,1998
Macura,J.P.,G,USA,77,205,2018,2019
Macy,Kyle,G,USA,75,175,1980,1986
Maddox,Jack,F,USA,74,185,1948,1948
Maddox,Tito,G,USA,76,190,2002,2002
Madkins,Gerald,G,USA,76,200,1993,1997
Madsen,Mark,F,USA,81,255,2000,2008
Mager,Norm,F,USA,77,185,1950,1950
Magette,Josh,G,USA,73,160,2017,2019
Maggette,Corey,F,USA,78,225,1999,2012
Magley,Dave,F,USA,80,202,1982,1982
Magloire,Jamaal,C,Canada,83,265,2000,2011
Magnay,Will,C,Australia,82,234,2020,2020
Mahinmi,Ian,C,France,83,262,2007,2019
Mahnken,John,C,USA,80,220,1946,1952
Mahoney,Francis,F,USA,74,205,1952,1953
Mahorn,Rick,F,USA,82,260,1980,1998
Majerle,Dan,G-F,USA,78,222,1988,2001
Major,Renaldo,F,USA,79,190,2006,2006
Maker,Thon,F-C,South Sudan,84,221,2016,2020
Maledon,Theo,G,France,77,175,2020,2022
Malone,Jeff,G,USA,76,205,1983,1995
Malone,Karl,F,USA,81,259,1985,2003
Malone,Moses,C,USA,82,215,1976,1994
Maloney,Matt,G,USA,75,200,1996,2002
Malovic,Steve,F,USA,82,230,1979,1979
Mamukelashvili,Sandro,F-C,Georgia,82,240,2021,2022
Manakas,Ted,G,USA,74,180,1973,1973
Mandic,John,F,USA,76,205,1948,1949
Mane,Karim,G,Senegal,75,190,2020,2020
Mangiapane,Frank,G,USA,70,195,1946,1946
Mann,Marcus,F,USA,80,245,1996,1997
Mann,Terance,G-F,USA,77,215,2019,2022
Mann,Tre,G,USA,75,178,2021,2022
Manning,Danny,F-C,USA,82,244,1988,2002
Manning,Ed,F,USA,79,210,1967,1970
Manning,Richard,C,USA,83,245,1995,1996
Mannion,Nico,G,Italy,74,190,2020,2020
Mannion,Pace,G,USA,79,190,1983,1988
Mantis,Nick,G,USA,75,190,1959,1962
Maravich,Pete,G,USA,77,197,1970,1979
Maravich,Peter,G,USA,72,185,1946,1946
Marble,Devyn,F,USA,78,200,2014,2015
Marble,Roy,G,USA,78,190,1989,1993
Marbury,Stephon,G,USA,74,205,1996,2008
Marciulionis,Sarunas,G,Lithuania,77,200,1989,1996
Mariaschin,Saul,G,USA,71,165,1947,1947
Marin,Jack,F,USA,78,200,1966,1976
Marion,Shawn,G-F,USA,79,228,1999,2014
Marjanovic,Boban,C,Serbia,88,290,2015,2022
Markkanen,Lauri,F-C,Finland,84,240,2017,2022
Markota,Damir,F,Croatia,82,225,2006,2006
Marks,Sean,F-C,New Zealand,82,250,1998,2010
Marlatt,Harvey,G,USA,75,185,1970,1972
Marsh,Eric,G,USA,75,200,1977,1977
Marsh,Jim,F,USA,79,215,1971,1971
Marshall,Donny,F,USA,79,230,1995,2002
Marshall,Donyell,F,USA,81,245,1994,2008
Marshall,Kendall,G,USA,76,200,2012,2015
Marshall,Naji,F,USA,79,220,2020,2022
Marshall,Rawle,G-F,USA,79,190,2005,2006
Marshall,Tom,F,USA,76,215,1954,1958
Marshall,Vester,F,USA,79,200,1973,1973
Martin,Bill,F,USA,79,205,1985,1987
Martin,Bob,C,USA,84,250,1993,1994
Martin,Brian,F,USA,81,212,1985,1985
Martin,Caleb,F,USA,77,205,2019,2022
Martin,Cartier,F,USA,79,220,2008,2014
Martin,Cody,F,USA,78,205,2019,2022
Martin,Cuonzo,G-F,USA,78,215,1995,1996
Martin,Darrick,G,USA,71,170,1994,2007
Martin,Don,C,USA,79,210,1946,1948
Martin,Donald,G,USA,68,160,1946,1947
Martin,Fernando,C,Spain,81,220,1986,1986
Martin,Jarell,F,USA,82,239,2015,2018
Martin,Jeff,G,USA,77,195,1989,1990
Martin,Jeremiah,G,USA,74,185,2019,2020
Martin,Kelan,F,USA,77,230,2019,2021
Martin,Kenyon,F,USA,81,225,2000,2014
Martin,Kevin,G,USA,79,199,2004,2015
Martin,Larue,C,USA,83,208,1972,1975
Martin,Mo,G,USA,78,200,1986,1987
Martin,Phil,G,USA,75,190,1954,1954
Martin,Ronald,G,USA,74,185,1961,1961
Martin,Slater,G,USA,70,170,1949,1959
Martin,Tyrese,G,USA,78,215,2022,2022
Martin Jr.,Kenyon,F,USA,79,215,2020,2022
Mashburn,Jamal,F,USA,80,247,1993,2003
Masino,Al,G,USA,70,174,1952,1953
Mason,Anthony,F,USA,80,255,1989,2002
Mason,Desmond,G-F,USA,77,222,2000,2009
Mason III,Frank,G,USA,71,190,2017,2020
Mason Jr.,Roger,G,USA,77,205,2002,2013
Massenburg,Tony,F-C,USA,81,250,1990,2004
Mast,Eddie,F,USA,81,220,1970,1972
Maten,Yante,F,USA,80,240,2018,2018
Mathews,Garrison,G,USA,78,215,2019,2022
Mathiang,Mangok,F-C,Australia,82,230,2017,2017
Mathias,Dakota,G,USA,76,200,2020,2021
Mathurin,Bennedict,G-F,Canada,77,210,2022,2022
Matthews,Wes,G,USA,73,170,1980,1989
Matthews,Wesley,G,USA,77,220,2009,2022
Maughan,Ariel,F,USA,76,190,1946,1950
Maxey,Marlon,F,USA,80,250,1992,1993
Maxey,Tyrese,G,USA,74,200,2020,2022
Maxiell,Jason,F,USA,79,260,2005,2014
Maxwell,Cedric,F,USA,80,205,1977,1987
Maxwell,Vernon,G,USA,76,190,1988,2000
May,Don,F,USA,76,200,1968,1974
May,Scott,F,USA,78,215,1976,1982
May,Sean,C-F,USA,81,266,2005,2009
Mayberry,Lee,G,USA,73,180,1992,1998
Mayes,Clyde,F,USA,80,225,1975,1976
Mayes,Tharon,G,USA,75,175,1991,1991
Mayfield,Bill,F,USA,79,205,1980,1980
Mayfield,Ken,G,USA,74,185,1975,1975
Maynor,Eric,G,USA,75,175,2009,2013
Mayo,O.J.,G,USA,77,210,2008,2015
Mays,Skylar,G,USA,76,205,2020,2022
Mays,Travis,G,USA,74,190,1990,1992
Mazza,Matt,F,USA,75,210,1949,1949
Mbah a Moute,Luc,F,Cameroon,80,230,2008,2019
Mbenga,DJ,C,Belgium,84,255,2004,2010
McAdoo,Bob,C,USA,81,210,1972,1985
McAdoo,James Michael,F,USA,81,240,2014,2017
McBride,Ken,F,USA,75,190,1954,1954
McBride,Miles,G,USA,74,195,2021,2022
McCall,Tahjere,G,USA,77,190,2018,2018
McCallum,Ray,G,USA,75,190,2013,2015
McCann,Bob,F,USA,79,245,1989,1997
McCann,Brendan,G,USA,74,178,1957,1959
McCants,Mel,F,USA,80,240,1989,1989
McCants,Rashad,G,USA,76,215,2005,2008
McCarron,Mike,G,USA,71,180,1946,1949
McCarter,Andre,G,USA,75,190,1976,1980
McCarter,Willie,G,USA,75,175,1969,1971
McCarthy,Johnny,G,USA,73,185,1956,1963
McCarty,Kelly,G-F,USA,79,200,1998,1998
McCarty,Walter,F,USA,82,245,1996,2005
McCaskill,Amal,C,USA,83,235,1996,2003
McCaw,Patrick,G,USA,79,181,2016,2020
McClain,Dwayne,G,USA,78,185,1985,1985
McClain,"Ted, Hound Dog",G,USA,73,180,1976,1978
McClintock,Dan,C,USA,84,270,2000,2000
McCloskey,Jack,G,USA,74,190,1952,1952
McCloud,George,F,USA,80,230,1989,2002
McClung,Mac,G,USA,74,185,2021,2022
McCollum,CJ,G,USA,75,190,2013,2022
McConathy,John,F,USA,77,195,1951,1951
McConnell,Paul,G,USA,70,170,1952,1952
McConnell,T.J.,G,USA,73,190,2015,2022
McCord,Keith,G,USA,79,210,1980,1980
McCormick,Tim,C,USA,83,240,1984,1991
McCoy,Jelani,F,USA,82,255,1998,2007
McCracken,Paul,G,USA,76,180,1972,1976
McCray,Chris,G,USA,77,192,2006,2006
McCray,Rodney,F,USA,80,220,1983,1992
McCray,Scooter,F,USA,81,215,1983,1986
McCree,Erik,F,USA,80,225,2017,2017
McCullough,Chris,F,USA,81,215,2015,2017
McCullough,John,G,USA,76,190,1981,1981
McDaniel,Clint,G,USA,76,180,1995,1995
McDaniel,Xavier,F,USA,79,218,1985,1997
McDaniels,Jaden,F,USA,81,185,2020,2022
McDaniels,Jalen,F-C,USA,81,205,2019,2022
McDaniels,Jim,C,USA,83,228,1971,1977
McDaniels,KJ,G-F,USA,78,205,2014,2016
McDermott,Doug,F,USA,78,225,2014,2022
McDermott,Sean,F,USA,78,195,2020,2020
McDonald,Ben,F,USA,80,210,1985,1988
McDonald,Glenn,F,USA,78,190,1974,1976
McDonald,Michael,C,USA,82,232,1997,1997
McDowell,Hank,F,USA,81,215,1981,1986
McDyess,Antonio,F-C,USA,81,245,1995,2010
McElroy,Jim,G,USA,75,190,1975,1981
McFarlin,Ivan,F,USA,79,229,2006,2006
McGaha,Mel,G,USA,73,190,1948,1948
McGary,Mitch,F,USA,82,255,2014,2015
McGee,JaVale,C-F,USA,84,270,2008,2022
McGee,Mike,F,USA,77,190,1981,1989
McGill,Bill,C,USA,81,225,1962,1964
McGinnis,George,F,USA,80,235,1975,1981
McGlocklin,Jon,G,USA,77,205,1965,1975
McGowens,Bryce,G,USA,78,175,2022,2022
McGrady,Tracy,G-F,USA,80,225,1997,2012
McGregor,Gil,F,USA,80,240,1971,1971
McGriff,Cameron,F,USA,79,220,2021,2021
McGruder,Rodney,G,USA,76,205,2016,2022
McGuire,Al,G,USA,74,180,1951,1954
McGuire,Allie,G,USA,75,175,1973,1973
McGuire,Dick,G,USA,72,180,1949,1959
McGuire,Dominic,F,USA,81,235,2007,2012
McHale,Kevin,F,USA,82,210,1980,1992
McIlvaine,Jim,C,USA,85,264,1994,2000
McInnis,Jeff,G,USA,76,190,1996,2007
McIntosh,Kenny,F,USA,79,225,1971,1974
McKenna,Kevin,F,USA,77,195,1981,1987
McKenzie,Forrest,F,USA,79,200,1986,1986
McKenzie,Stan,F,USA,77,195,1967,1973
McKey,Derrick,F,USA,82,241,1987,2001
McKie,Aaron,G,USA,77,209,1994,2006
McKinney,Billy,G,USA,72,160,1978,1985
McKinney,Carlton,F,USA,76,190,1989,1991
McKinney,Horace,F,USA,78,185,1946,1951
McKinney-Jones,Trey,G,USA,77,220,2017,2017
McKinnie,Alfonzo,F,USA,79,215,2017,2021
McLaughlin,JaQuori,G,USA,76,190,2021,2021
McLaughlin,Jordan,G,USA,72,185,2019,2022
McLemore,Ben,G,USA,75,195,2013,2021
McLemore,Mccoy,F,USA,79,230,1964,1971
McLeod,George,F,USA,77,200,1952,1952
McLeod,Keith,G,USA,74,190,2003,2006
McLeod,Roshown,F,USA,80,221,1998,2000
McMahon,Jack,G,USA,73,185,1952,1959
McMillan,Nate,G-F,USA,77,210,1986,1997
McMillen,Tom,F,USA,83,215,1975,1985
McMillian,Jim,F,USA,77,215,1970,1978
McMillon,Shellie,F,USA,77,205,1958,1961
McNamara,Mark,C,USA,83,235,1982,1990
McNamee,Joe,C,USA,78,210,1950,1951
McNeal,Jerel,G,USA,75,200,2012,2014
McNealy,Chris,F,USA,79,210,1985,1987
McNeill,Bob,G,USA,73,170,1960,1961
McNeill,Larry,F,USA,81,195,1973,1978
McNulty,Carl,G,USA,75,185,1954,1954
McPherson,Paul,G,USA,76,210,2000,2000
McQueen,Cozell,F,USA,83,235,1986,1986
McRae,Jordan,G,USA,77,179,2015,2019
McReynolds,Thales,G,USA,75,185,1965,1965
McRoberts,Josh,F,USA,82,240,2007,2017
McWilliams,Eric,F,USA,80,200,1972,1972
Mearns,George,F,USA,75,175,1946,1947
Medvedenko,Slava,F,Ukraine,82,253,2000,2006
Mee,Darnell,G,USA,77,175,1993,1994
Meeks,Jodie,G,USA,76,210,2009,2018
Meely,Cliff,F,USA,80,215,1971,1975
Meents,Scott,F,USA,82,225,1989,1990
Mehen,Dick,F,USA,77,195,1949,1951
Meineke,Don,F,USA,79,208,1952,1957
Meinhold,Carl,G,USA,74,185,1947,1948
Mejri,Salah,C,Tunisia,86,235,2015,2018
Mekel,Gal,G,Israel,75,191,2013,2014
Melchionni,Bill,G,USA,73,165,1966,1967
Melchionni,Gary,G,USA,74,185,1973,1974
Melli,Nicolo,F,Italy,81,236,2019,2020
Melo,Fab,C,Brazil,84,255,2012,2012
Melton,De'Anthony,G,USA,74,200,2018,2022
Melvin,Ed,F,USA,69,170,1946,1946
Meminger,Dean,G,USA,73,175,1971,1976
Mencel,Chuck,G,USA,72,168,1955,1956
Mengelt,John,G,USA,74,195,1971,1980
Menke,Ken,G,USA,72,168,1949,1949
Mensah-Bonsu,Pops,F,USA,82,240,2006,2010
Mercer,Ron,F,USA,79,210,1997,2004
Meriweather,Joe,C,USA,82,215,1975,1984
Meriwether,Porter,G,USA,74,180,1962,1962
Merrill,Sam,G,USA,76,205,2020,2022
Meschery,Tom,F,USA,78,215,1961,1970
Metu,Chimezie,F-C,USA,81,225,2018,2022
Meyer,Loren,C-F,USA,82,260,1995,1998
Meyers,Dave,F,USA,81,215,1975,1979
Miasek,Stan,F,USA,77,210,1946,1952
Micheaux,Larry,F,USA,81,220,1983,1984
Mickey,Jordan,C-F,USA,80,235,2015,2017
Middleton,Khris,F,USA,79,222,2012,2022
Mihalik,Zigmund,G,USA,72,180,1946,1946
Mihm,Chris,C,USA,84,265,2000,2008
Mika,Eric,C-F,USA,82,233,2019,2019
Mikan,Ed,C,USA,80,230,1948,1953
Mikan,George,C,USA,82,245,1948,1955
Mikan,Larry,F,USA,79,210,1970,1970
Mikkelsen,Vern,F,USA,79,230,1949,1958
Miksis,Al,C,USA,79,210,1949,1949
Miles,Aaron,G,USA,73,190,2005,2005
Miles,CJ,F-G,USA,78,220,2005,2021
Miles,Darius,F,USA,81,235,2000,2008
Miles,Eddie,G,USA,76,195,1963,1971
Milic,Marko,F,Slovenia,78,235,1997,1998
Milicic,Darko,C,Serbia,84,275,2003,2012
Miller,Andre,G,USA,75,200,1999,2015
Miller,Anthony,F,USA,81,255,1994,2004
Miller,Bob,F,USA,82,230,1983,1983
Miller,Brad,C-F,USA,84,261,1998,2011
Miller,Darius,F,USA,78,225,2012,2020
Miller,Dick,F,USA,78,215,1980,1980
Miller,Eddie,F,USA,80,225,1952,1953
Miller,Harry,C,USA,76,230,1946,1946
Miller,Jay,F,USA,77,205,1967,1968
Miller,Malcolm,G-F,USA,79,210,2017,2019
Miller,Mike,G-F,USA,80,218,2000,2016
Miller,Oliver,C,USA,81,315,1992,2003
Miller,Quincy,F,USA,81,210,2012,2014
Miller,Reggie,G,USA,79,195,1987,2004
Miller,Walt,F,USA,74,190,1946,1946
Mills,Chris,F,USA,79,220,1993,2002
Mills,John,C,USA,80,203,1946,1946
Mills,Patty,G,Australia,72,180,2009,2022
Mills,Terry,C-F,USA,82,250,1990,2000
Millsap,Elijah,G-F,USA,79,215,2014,2016
Millsap,Paul,F,USA,79,257,2006,2021
Milton,Shake,G-F,USA,77,205,2018,2022
Minaya,Justin,F,USA,79,210,2022,2022
Miner,Harold,G,USA,77,210,1992,1995
Minniefield,Dirk,G,USA,75,180,1985,1987
Minor,Dave,G,USA,74,185,1951,1952
Minor,Greg,G-F,USA,78,230,1994,1998
Minor,Mark,F,USA,78,215,1972,1972
Minott,Josh,F,USA,80,205,2022,2022
Mirotic,Nikola,F,Montenegro,82,250,2014,2018
Misaka,Wat,G,USA,67,150,1947,1947
Miskiri,Jason,G,USA,74,185,1999,1999
Mitchell,Davion,G,USA,72,202,2021,2022
Mitchell,Donovan,G,USA,73,215,2017,2022
Mitchell,Mike,F,USA,79,215,1978,1987
Mitchell,Sam,F,USA,79,215,1989,2001
Mitchell,Todd,F,USA,79,205,1988,1988
Mitchell,Tony,F,USA,78,216,2013,2013
Mitchell,Tony,F,USA,80,235,2013,2013
Mitrou-Long,Naz,G,Canada,75,218,2017,2019
Mix,Steve,F,USA,79,215,1969,1982
Mlkvy,Bill,F,USA,76,190,1952,1952
Mobley,Cuttino,G,USA,76,215,1998,2008
Mobley,Eric,C,USA,83,235,1994,1996
Mobley,Evan,C,USA,83,215,2021,2022
Mobley,Isaiah,F,USA,80,238,2022,2022
Moffett,Larry,F,USA,80,210,1977,1977
Mogus,Leo,F,USA,76,190,1946,1950
Mohammed,Nazr,C,USA,82,250,1998,2015
Moiso,Jerome,F,France,82,235,2000,2004
Mokeski,Paul,C,USA,84,250,1979,1990
Mokoka,Adam,G,France,76,190,2019,2020
Molinas,Jack,F,USA,78,200,1953,1953
Molis,Wayne,F,USA,80,230,1966,1966
Moncrief,Sidney,G,USA,76,180,1979,1990
Moneke,Chima,F,Nigeria,77,223,2022,2022
Money,Eric,G,USA,72,170,1974,1979
Monia,Sergei,F,Russia,80,220,2005,2005
Monk,Malik,G,USA,75,200,2017,2022
Monroe,Earl,G,USA,75,185,1967,1979
Monroe,Greg,F-C,USA,82,250,2010,2021
Monroe,Rodney,G,USA,75,185,1991,1991
Montero,Luis,G,Dominican Republic,79,185,2015,2017
Montgomery,Howie,F,USA,76,220,1962,1962
Montross,Eric,C,USA,84,270,1994,2002
Moody,Moses,G,USA,77,211,2021,2022
Moon,Jamario,F,USA,80,205,2007,2011
Moon,Xavier,G,USA,72,165,2021,2022
Mooney,Jim,F,USA,77,215,1952,1952
Mooney,Matt,G,USA,74,199,2019,2021
Moore,Andre,F,USA,81,215,1987,1987
Moore,Ben,F,USA,80,220,2017,2018
Moore,E'Twaun,G,USA,75,191,2011,2020
Moore,Jackie,F,USA,77,180,1954,1956
Moore,Johnny,G,USA,73,175,1980,1989
Moore,Lowes,G,USA,73,170,1980,1982
Moore,Mikki,F-C,USA,84,225,1998,2011
Moore,Otto,C,USA,83,205,1968,1976
Moore,Ron,C,USA,84,260,1987,1987
Moore,Tracy,G,USA,76,200,1991,1996
Moore Jr.,Wendell,G,USA,77,215,2022,2022
Morant,Ja,G,USA,74,174,2019,2022
Moreland,Eric,F-C,USA,82,238,2014,2018
Moreland,Jackie,F,USA,79,215,1960,1964
Morgan,Guy,G,USA,80,205,1982,1982
Morgan,Juwan,F,USA,79,232,2019,2021
Morgan,Rex,G,USA,77,190,1970,1971
Morgenthaler,Elmo,C,USA,81,230,1946,1948
Morningstar,Darren,C,USA,82,235,1993,1993
Morris,Chris,F,USA,80,228,1988,1998
Morris,Darius,G,USA,76,195,2011,2014
Morris,Isaiah,F,USA,80,229,1992,1992
Morris,Jaylen,G,USA,77,185,2017,2021
Morris,Markieff,F,USA,81,245,2011,2022
Morris,Max,F,USA,74,195,1949,1949
Morris,Monte,G,USA,74,183,2017,2022
Morris,Randolph,C,USA,83,275,2006,2009
Morris,Terence,F,USA,81,221,2001,2005
Morris Sr.,Marcus,F,USA,80,218,2011,2022
Morrison,Adam,F,USA,80,205,2006,2009
Morrison,Dwight,F,USA,80,220,1954,1957
Morrison,Mike,G,USA,76,195,1989,1989
Morrow,Anthony,G,USA,77,210,2008,2016
Morton,Dwayne,G,USA,79,195,1994,1994
Morton,John,F,USA,75,180,1989,1991
Morton,Richard,F,USA,75,190,1988,1988
Mosley,Glenn,F,USA,80,195,1977,1978
Moss,Perry,G,USA,74,185,1985,1986
Moten,Lawrence,G,USA,77,190,1995,1997
Motiejunas,Donatas,F-C,Lithuania,84,220,2012,2018
Motley,Johnathan,F,USA,80,230,2017,2019
Mottola,Hanno,C-F,Finland,83,247,2000,2001
Moultrie,Arnett,F,USA,82,240,2012,2013
Mourning,Alonzo,C,USA,82,261,1992,2007
Mozgov,Timofey,C,Russia,85,275,2010,2018
Mrazovich,Chuck,F,USA,77,185,1950,1950
Mudiay,Emmanuel,G,DRC,75,200,2015,2021
Mueller,Erwin,F,USA,80,230,1966,1972
Muhammad,Shabazz,G-F,USA,78,221,2013,2017
Mulder,Mychal,G,Canada,75,195,2019,2021
Mullaney,Joe,G,USA,72,165,1949,1949
Mullens,Byron,C,USA,84,275,2009,2013
Mullin,Chris,F,USA,79,215,1985,2000
Mullins,Jeff,G,USA,76,190,1964,1975
Mundt,Todd,C,USA,84,255,1995,1995
Munford,Xavier,G,USA,76,173,2015,2017
Munk,Chris,F,USA,81,225,1990,1990
Munroe,George,G,USA,71,170,1946,1947
Murdock,Eric,G,USA,73,200,1991,1999
Muresan,Gheorghe,C,Romania,91,303,1993,1999
Murkey,Ade,G,USA,77,200,2021,2021
Murphy,Allen,G,USA,76,190,1976,1976
Murphy,Calvin,G,USA,69,165,1970,1982
Murphy,Dick,G,USA,73,175,1946,1946
Murphy,Erik,F,Finland,82,230,2013,2013
Murphy,Jay,F,USA,81,220,1984,1987
Murphy,John,F,USA,74,175,1946,1946
Murphy,Kevin,G,USA,78,185,2012,2012
Murphy,Ronnie,F,USA,77,225,1987,1987
Murphy,Tod,C,USA,81,220,1987,1993
Murphy,Troy,F-C,USA,83,245,2001,2012
Murphy III,Trey,F,USA,80,206,2021,2022
Murray,Dejounte,G,USA,77,180,2016,2022
Murray,Flip,G,USA,75,200,2002,2009
Murray,Jamal,G,Canada,76,215,2016,2022
Murray,Keegan,F,USA,80,225,2022,2022
Murray,Ken,G,USA,74,190,1950,1954
Murray,Lamond,F,USA,79,235,1994,2005
Murray,Tracy,F,USA,79,228,1992,2003
Murrey,Dorie,F,USA,80,215,1966,1971
Murry,Toure',G,USA,77,195,2013,2014
Musa,Dzanan,G-F,Bosnia and Herzegovina,81,217,2018,2019
Muscala,Mike,F-C,USA,83,240,2013,2022
Musi,Angelo,G,USA,69,145,1946,1948
Mustaf,Jerrod,F,USA,82,238,1990,1993
Mutombo,Dikembe,C,Congo,86,260,1991,2008
Muursepp,Martin,F,Estonia,81,235,1996,1997
Myers,Pete,G-F,USA,78,192,1986,1997
Mykhailiuk,Svi,G-F,Ukraine,79,205,2018,2022
N'diaye,Makhtar,F,,80,245,1998,1998
N'diaye,Mamadou,C,Senegal,84,255,2000,2004
Naber,Bob,F,USA,75,185,1952,1952
Nachamkin,Boris,F,USA,78,210,1954,1954
Nachbar,Bostjan,F,Slovenia,81,221,2002,2007
Nader,Abdel,F,Egypt,77,225,2017,2021
Nagel,Jerry,G,USA,72,190,1949,1949
Nagy,Fred,G,USA,73,185,1948,1948
Nailon,Lee,F,USA,81,238,2000,2005
Najera,Eduardo,F,Mexico,80,235,2000,2011
Nance,Larry,F,USA,82,205,1981,1993
Nance Jr.,Larry,F-C,USA,80,245,2015,2022
Napier,Shabazz,G,USA,72,175,2014,2019
Napolitano,Paul,G,USA,74,185,1948,1948
Nash,Bob,F,USA,80,195,1972,1978
Nash,Charles,F,USA,77,215,1964,1964
Nash,Steve,G,Canada,75,178,1996,2013
Nater,Swen,C,USA,83,240,1976,1983
Nathan,Howard,G,USA,71,175,1995,1995
Natt,Calvin,F,USA,78,220,1979,1989
Natt,Kenny,G,USA,75,185,1980,1984
Naulls,Willie,F,USA,78,225,1956,1965
Navarro,Juan Carlos,G,Spain,75,170,2007,2007
Ndiaye,Hamady,C,Senegal,84,235,2010,2013
Ndong,Boniface,C,Senegal,84,205,2005,2005
Ndour,Maurice,F,Senegal,81,200,2016,2016
Neal,Craig,G,USA,77,165,1988,1990
Neal,Gary,G,USA,76,210,2010,2016
Neal,Jim,C,USA,83,235,1953,1954
Neal,Lloyd,F,USA,79,225,1972,1978
Nealy,Ed,F,USA,79,238,1982,1992
Nedovic,Nemanja,G,Serbia,75,192,2013,2013
Negratti,Al,F,USA,75,200,1946,1946
Nelson,Barry,C,USA,82,230,1971,1971
Nelson,DeMarcus,G,USA,76,200,2008,2008
Nelson,Don,F,USA,78,210,1962,1975
Nelson,Jameer,G,USA,72,190,2004,2017
Nelson,Louie,G,USA,75,190,1973,1977
Nembhard,Andrew,G-F,Canada,75,191,2022,2022
Nembhard,Ruben,G,USA,75,208,1996,1996
Nembhard Jr.,RJ,G,USA,76,200,2021,2021
Nesby,Tyrone,F-G,USA,78,245,1998,2001
Nesmith,Aaron,G-F,USA,77,215,2020,2022
Nessley,Martin,F,USA,86,260,1987,1987
Nesterovic,Rasho,C,Slovenia,84,255,1998,2009
Neto,Raul,G,Brazil,74,180,2015,2022
Neumann,Johnny,G,USA,78,200,1976,1977
Neumann,Paul,G,USA,73,175,1961,1966
Nevitt,Chuck,C,USA,89,217,1982,1993
Newbern,Melvin,G,USA,76,200,1992,1992
Newbill,Ivano,C,USA,82,245,1994,1997
Newble,Ira,G-F,USA,79,220,2000,2007
Newlin,Mike,G,USA,76,200,1971,1981
Newman,Johnny,F,USA,79,210,1986,2001
Newman,Malik,G,USA,75,190,2019,2021
Newmark,Dave,C,USA,84,240,1968,1969
Niang,Georges,F,USA,79,230,2016,2022
Nichols,Demetris,F,USA,80,216,2007,2008
Nichols,Jack,C,USA,79,222,1948,1957
Nicholson,Andrew,F,Canada,81,250,2012,2016
Nickerson,Gaylon,G,USA,75,190,1996,1996
Nicks,Carl,G,USA,73,175,1980,1982
Niemann,Rich,C,USA,84,245,1968,1969
Niemiera,John,G,USA,73,165,1948,1949
Niles,Mike,F,USA,78,225,1980,1980
Nimphius,Kurt,C,USA,82,218,1981,1989
Nix,Daishen,G,USA,76,226,2021,2022
Nix,Dyron,G,USA,79,210,1989,1989
Nixon,Norm,G,USA,74,170,1977,1988
Nnaji,Zeke,F-C,USA,81,240,2020,2022
Noah,Joakim,F-C,USA,83,232,2007,2019
Noble,Chuck,G,USA,76,190,1955,1961
Nocioni,Andres,F,Argentina,79,225,2004,2011
Noel,David,F-G,USA,78,230,2006,2006
Noel,Nerlens,C-F,USA,83,220,2013,2022
Noel,Paul,F,USA,76,185,1947,1951
Nogueira,Lucas,C,Brazil,84,220,2014,2017
Nolan,Jim,C,USA,80,210,1949,1949
Nordgaard,Jeff,F,USA,79,225,1997,1997
Nordmann,Robert,C,USA,82,225,1961,1964
Norlander,Johnny,F,USA,75,180,1946,1950
Norman,Connie,G,USA,75,175,1974,1978
Norman,Ken,F,USA,80,228,1987,1996
Norris,Audie,C,USA,81,230,1982,1984
Norris,Moochie,G,USA,73,185,1996,2005
Norris,Sylvester,C,USA,83,220,1979,1979
Norvell Jr.,Zach,G-F,USA,77,205,2019,2019
Norwood,Willie,F,USA,79,220,1971,1977
Nostrand,George,C,USA,80,195,1946,1949
Noszka,Stan,G,USA,73,185,1946,1948
Novak,Mike,C,USA,81,219,1948,1953
Novak,Steve,F,USA,82,225,2006,2016
Nowell,Jaylen,G,USA,76,201,2019,2022
Nowell,Mel,G,USA,74,170,1962,1962
Nowitzki,Dirk,F,Germany,84,245,1998,2018
Ntilikina,Frank,G,France,76,200,2017,2022
Nunn,Kendrick,G,USA,75,190,2018,2022
Nunnally,James,F,USA,79,205,2013,2020
Nurkic,Jusuf,C,Bosnia and Herzegovina,84,290,2014,2022
Nutt,Dennis,G,USA,74,170,1986,1986
Nwaba,David,G-F,USA,77,219,2016,2021
Nwora,Jordan,F,USA,81,225,2020,2022
Nwosu,Julius,F,USA,82,255,1994,1994
O'Bannon,Charles,G,USA,77,209,1997,1998
O'Bannon,Ed,G,USA,80,222,1995,1996
O'Boyle,John,G,USA,74,185,1952,1952
O'Brien,Bob,F,USA,76,190,1947,1948
O'Brien,JJ,F,USA,79,220,2015,2015
O'Bryant,Patrick,C,USA,84,250,2006,2009
O'Bryant III,Johnny,F-C,USA,81,257,2014,2017
O'Connell,Dermie,G,USA,72,174,1948,1949
O'Donnell,Andy,G,USA,73,180,1949,1949
O'Grady,Francis,G,USA,71,160,1946,1948
O'Keefe,Dick,G,USA,74,185,1947,1950
O'Keefe,Tommy,G,USA,74,185,1950,1950
O'Koren,Mike,F,USA,79,207,1980,1987
O'Malley,Grady,F,USA,77,205,1969,1969
O'Neal,Jermaine,C-F,USA,83,255,1996,2013
O'Neal,Shaquille,C,USA,85,325,1992,2010
O'Neale,Royce,F,USA,78,226,2017,2022
O'Neill,Mike,F,USA,75,210,1952,1952
O'Quinn,Kyle,C-F,USA,81,250,2012,2019
O'Shea,Kevin,G,USA,74,175,1950,1952
O'Shields,Garland,G,USA,73,195,1946,1946
O'Sullivan,Dan,,USA,82,250,1990,1995
Oakley,Charles,F,USA,81,245,1985,2003
Oberto,Fabricio,F-C,Argentina,82,245,2005,2010
Ochefu,Daniel,F,USA,83,245,2016,2016
Oden,Greg,C,USA,84,273,2007,2013
Odom,Lamar,F,USA,82,230,1999,2013
Ogden,Carlos,F,USA,78,215,1969,1970
Ogden,Ralph,F,USA,77,205,1970,1970
Ogg,Alan,C,USA,86,240,1990,1992
Ohl,Don,G,USA,75,190,1960,1969
Ohlbrecht,Tim,C-F,Germany,83,255,2012,2012
Ojeleye,Semi,F,USA,78,240,2017,2021
Okafor,Emeka,C,USA,82,255,2004,2017
Okafor,Jahlil,C-F,USA,82,270,2015,2020
Okeke,Chuma,F,USA,80,229,2020,2022
Okobo,Elie,F-G,France,75,190,2018,2019
Okogie,Josh,G,Nigeria,76,213,2018,2022
Okongwu,Onyeka,F-C,USA,81,240,2020,2022
Okoro,Isaac,F-G,USA,77,225,2020,2022
Okpala,KZ,F-G,USA,80,215,2019,2022
Okur,Mehmet,C-F,Turkey,83,265,2002,2011
Oladipo,Victor,G,USA,75,213,2013,2022
Olajuwon,Hakeem,C,Nigeria,84,255,1984,2002
Olberding,Mark,F,USA,80,225,1976,1986
Oldham,Jawann,C,USA,84,215,1980,1990
Oldham,Johnny,G,USA,75,175,1949,1950
Oleynick,Frank,G,USA,74,185,1975,1976
Olive,John,F,USA,79,210,1978,1979
Oliver,Brian,G,USA,76,210,1990,1997
Oliver,Cameron,F,USA,80,239,2020,2021
Oliver,Dean,G,USA,71,175,2001,2002
Oliver,Jimmy,G,USA,77,205,1991,1998
Ollie,Kevin,G,USA,74,195,1997,2009
Ollrich,Gene,G,USA,71,160,1949,1949
Olowokandi,Michael,C,Nigeria,84,270,1998,2006
Olsen,Enoch,F,USA,80,220,1962,1968
Olynyk,Kelly,F-C,Canada,83,240,2013,2022
Omoruyi,Eugene,F,Nigeria,78,235,2021,2022
Oni,Miye,G-F,USA,77,206,2019,2021
Onuaku,Arinze,F-C,USA,81,275,2013,2016
Onuaku,Chinanu,C,USA,82,245,2016,2017
Orms,Barry,G,USA,75,190,1968,1968
Orr,Louis,F,USA,80,175,1980,1987
Ortiz,Jose,F,USA,82,225,1988,1989
Orton,Daniel,C,USA,82,255,2010,2013
Osborne,Chuck,F,USA,78,210,1961,1961
Osman,Cedi,F,Turkey,79,230,2017,2022
Osterkorn,Wally,F,USA,77,215,1951,1954
Ostertag,Greg,C,USA,86,280,1995,2005
Othick,Matt,G,USA,74,165,1992,1992
Otten,Don,C,USA,82,240,1949,1952
Oturu,Daniel,C,USA,80,240,2020,2021
Oubre Jr.,Kelly,F-G,USA,78,203,2015,2022
Outlaw,Bo,F,USA,80,220,1993,2007
Outlaw,Travis,F,USA,81,207,2003,2013
Overton,Claude,G,USA,74,195,1952,1952
Overton,Doug,G,USA,75,190,1992,2003
Owens,Andre,G,USA,76,200,2005,2007
Owens,Billy,F-G,USA,81,225,1991,2002
Owens,Chris,F,USA,79,245,2002,2002
Owens,Eddie,F,USA,79,210,1977,1977
Owens,James,G,USA,75,185,1949,1951
Owens,Jim,F,USA,77,200,1973,1974
Owens,Keith,F,USA,79,225,1991,1991
Owens,Larry,F-G,USA,79,210,2010,2011
Owens,Tariq,F,USA,82,205,2019,2019
Owens,Tom,C,USA,82,215,1976,1982
Owes,Ray,F,USA,81,224,1996,1996
Oyedeji,Olumide,C,Nigeria,82,240,2000,2002
Pace,Joe,C,USA,82,220,1976,1977
Pachulia,Zaza,C,Georgia,83,270,2003,2018
Pack,Robert,G,USA,74,190,1991,2003
Paddio,Gerald,F,USA,79,205,1990,1993
Padgett,Scott,F,USA,81,240,1999,2006
Paige,Jaysean,G,USA,74,200,2021,2021
Paige,Marcus,G,USA,72,164,2017,2017
Paine,Fred,F,USA,77,210,1948,1948
Palacio,Milt,G,Belize,76,210,1999,2005
Palazzi,Togo,F,USA,76,205,1954,1959
Palmer,Jim,F,USA,80,224,1958,1960
Palmer,John,F,USA,76,180,1946,1948
Palmer,Trayvon,G,USA,78,200,2021,2021
Palmer,Walter,C,USA,85,215,1990,1992
Pangos,Kevin,G,Canada,73,179,2021,2021
Panko,Andy,F,USA,81,245,2000,2000
Papagiannis,Georgios,C,Greece,85,240,2016,2017
Papanikolaou,Kostas,F,Greece,80,235,2014,2015
Pargo,Jannero,G,USA,73,185,2002,2014
Pargo,Jeremy,G,USA,74,219,2011,2019
Parham,Estes,F,USA,75,200,1948,1950
Parish,Robert,C,USA,85,244,1976,1996
Park,Medford,G,USA,74,205,1955,1959
Parker,Anthony,G,USA,78,210,1997,2011
Parker,Jabari,F,USA,80,245,2014,2021
Parker,Smush,G,USA,76,190,2002,2007
Parker,Sonny,F,USA,78,200,1976,1981
Parker,Tony,G,France,74,185,2001,2018
Parkinson,Jack,G,USA,72,174,1949,1949
Parks,Cherokee,F-C,USA,83,240,1995,2003
Parr,Jack,C,USA,81,220,1958,1958
Parrack,Doyle,F,USA,72,165,1946,1946
Parsley,Charlie,G,USA,74,175,1949,1949
Parsons,Chandler,F,USA,82,230,2011,2019
Paschall,Eric,F,USA,78,255,2019,2021
Pasecniks,Anzejs,C-F,Latvia,86,229,2019,2020
Paspalj,Zarko,F,Serbia,81,215,1989,1989
Passaglia,Marty,G,USA,72,170,1946,1948
Patrick,Myles,F,USA,80,220,1980,1980
Patterson,Andrae,F,USA,81,238,1998,1999
Patterson,George,C,USA,79,230,1967,1967
Patterson,Lamar,G-F,USA,77,225,2015,2016
Patterson,Patrick,F,USA,80,235,2010,2020
Patterson,Ruben,F,USA,77,223,1998,2007
Patterson,Steve,C,USA,81,225,1971,1975
Patterson,Tommy,F,USA,78,220,1972,1973
Patterson,Worthy,G,USA,74,175,1957,1957
Patton,Justin,C,USA,83,241,2017,2020
Paul,Brandon,G,USA,76,200,2017,2017
Paul,Chris,G,USA,72,175,2005,2022
Paulk,Charlie,F,USA,80,219,1968,1971
Paulson,Jerry,G,USA,74,185,1957,1957
Paultz,Billy,C,USA,83,235,1976,1984
Pavlovic,Sasha,G-F,Montenegro,79,235,2003,2012
Paxson,Jim,G,USA,78,200,1956,1957
Paxson,Jim,G,USA,78,200,1979,1989
Paxson,John,G,USA,74,185,1983,1993
Payak,Johnny,G,USA,76,174,1949,1952
Payne,Adreian,F,USA,82,237,2014,2017
Payne,Cameron,G,USA,73,183,2015,2022
Payne,Kenny,F,USA,80,195,1989,1992
Payne,Tom,C,USA,86,240,1971,1971
Payton,Elfrid,G,USA,75,195,2014,2021
Payton,Gary,G,USA,76,190,1990,2006
Payton,Mel,G,USA,76,185,1951,1952
Payton II,Gary,G,USA,74,195,2016,2022
Pearcy,George,G,USA,73,165,1946,1946
Pearcy,Henry,G,USA,73,170,1946,1946
Pecherov,Oleksiy,F-C,Ukraine,84,234,2007,2009
Peck,Wiley,G,USA,79,220,1979,1979
Peeler,Anthony,G,USA,76,208,1992,2004
Pekovic,Nikola,C,Montenegro,83,307,2010,2016
Pelkington,Jake,C,USA,78,220,1948,1948
Pelle,Norvel,C,Antigua and Barbuda,82,231,2019,2021
Pellom,Sam,F,USA,81,225,1979,1982
Penberthy,Mike,,USA,75,180,2000,2001
Penigar,Desmond,F,USA,79,245,2003,2003
Penney,Kirk,G,USA,77,220,2003,2004
Peplowski,Mike,C,USA,82,270,1993,1995
Perdue,Will,C,USA,84,240,1988,2000
Perkins,Kendrick,C,USA,82,270,2003,2017
Perkins,Sam,C-F,USA,81,260,1984,2000
Perkins,Warren,G,USA,75,190,1949,1950
Perovic,Kosta,C,Serbia,86,240,2007,2007
Perrantes,London,G,USA,74,200,2017,2017
Perry,Curtis,F,USA,79,220,1970,1977
Perry,Elliot,G,USA,72,152,1991,2001
Perry,Reggie,F-C,USA,80,250,2020,2021
Perry,Tim,F,USA,81,200,1988,1995
Person,Chuck,F,USA,80,241,1986,1999
Person,Wesley,G-F,USA,78,200,1994,2004
Peters,Alec,F,USA,81,235,2017,2017
Petersen,Jim,F,USA,82,235,1984,1991
Petersen,Loy,G,USA,77,205,1968,1969
Peterson,Bob,F,USA,77,210,1953,1955
Peterson,Ed,C,USA,81,220,1949,1950
Peterson,Mel,G,USA,76,185,1963,1963
Peterson,Morris,G,USA,79,220,2000,2010
Petrie,Geoff,G,USA,76,190,1970,1975
Petro,Johan,C,France,84,247,2005,2012
Petrovic,Drazen,G,Croatia,77,195,1989,1992
Petruska,Richard,C,USA,82,260,1993,1993
Pettit,Bob,F,USA,81,205,1954,1964
Phegley,Roger,G,USA,78,205,1978,1983
Phelan,Jim,G,USA,73,175,1953,1953
Phelps,Derrick,F,USA,76,181,1994,1994
Phelps,Mike,G,USA,76,180,1985,1987
Phillip,Andy,G,USA,75,195,1947,1957
Phillip,Tarik,G,USA,75,195,2018,2018
Phillips,Eddie,F,USA,79,225,1982,1982
Phillips,Gary,G,USA,75,189,1961,1965
Phills,Bobby,G,USA,77,226,1991,1999
Piatkowski,Eric,G-F,USA,79,215,1994,2007
Pickett,Jamorko,F,USA,81,206,2021,2021
Pierce,Paul,F,USA,79,235,1998,2016
Pierce,Ricky,G,USA,76,215,1982,1997
Pietkiewicz,Stan,G,USA,77,200,1978,1980
Pietrus,Mickael,F,France,78,215,2003,2012
Pilch,John,F,USA,75,185,1951,1951
Pinckney,Ed,F,USA,81,240,1985,1996
Pinkney,Kevinn,F,USA,82,245,2006,2006
Pinone,John,F,USA,80,230,1983,1983
Pinson,Theo,G-F,USA,79,212,2018,2022
Piontek,Dave,F,USA,78,230,1956,1962
Piotrowski,Tom,C,USA,85,240,1983,1983
Pippen,Scottie,F-G,USA,80,228,1987,2003
Pippen Jr.,Scotty,G,USA,73,170,2022,2022
Pittman,Charlie,F,USA,80,220,1982,1985
Pittman,Dexter,C,USA,83,285,2010,2013
Planinic,Zoran,G-F,Croatia,79,200,2003,2005
Pleiss,Tibor,C,Germany,87,256,2015,2015
Plumlee,Marshall,C,USA,84,250,2016,2017
Plumlee,Mason,F-C,USA,84,254,2013,2022
Plumlee,Miles,C,USA,83,249,2012,2018
Plummer,Gary,F,USA,81,215,1984,1992
Podkolzin,Pavel,C,Russia,89,260,2004,2005
Poeltl,Jakob,C,Austria,85,245,2016,2022
Poirier,Vincent,C-F,France,84,235,2019,2020
Pokusevski,Aleksej,F,Serbia,84,210,2020,2022
Polee,Dwayne,F,USA,77,180,1986,1986
Pollard,Jim,F,USA,75,185,1948,1954
Pollard,Scot,C-F,USA,83,278,1997,2007
Polson,Ralph,F,USA,79,200,1952,1952
Polynice,Olden,C-F,USA,84,250,1987,2003
Pondexter,Cliff,F,USA,81,233,1975,1977
Pondexter,Quincy,F,USA,79,230,2010,2018
Ponds,Shamorie,G,USA,72,175,2019,2019
Pons,Yves,F,France,77,206,2021,2021
Poole,Jordan,G,USA,76,194,2019,2022
Pope,David,F,USA,79,220,1984,1985
Pope,Mark,C-F,USA,82,235,1997,2004
Popson,Dave,C,USA,82,220,1988,1991
Poquette,Ben,F,USA,81,235,1977,1986
Porter,Chris,F,USA,79,218,2000,2000
Porter,Howard,F,USA,80,220,1971,1977
Porter,Jontay,C-F,USA,83,240,2019,2020
Porter,Kevin,G,USA,72,170,1972,1982
Porter,Terry,G,USA,75,205,1985,2001
Porter Jr.,Kevin,G-F,USA,76,203,2019,2022
Porter Jr.,Michael,F,USA,82,218,2018,2022
Porter Jr.,Otto,F,USA,80,198,2013,2022
Portis,Bobby,F,USA,83,250,2015,2022
Portman,Bob,F,USA,77,200,1969,1972
Porzingis,Kristaps,F-C,Latvia,87,240,2015,2022
Posey,James,F,USA,80,217,1999,2010
Postell,Lavor,G-F,USA,77,215,2000,2002
Potapenko,Vitaly,C-F,Ukraine,82,285,1996,2006
Potter,Micah,C,USA,80,248,2021,2022
Powe,Leon,F,USA,80,240,2006,2010
Powell,Dwight,F-C,Canada,82,240,2014,2022
Powell,Josh,F,USA,81,240,2005,2013
Powell,Kasib,F,USA,79,215,2007,2007
Powell,Myles,G,USA,74,195,2021,2021
Powell,Norman,G,USA,76,215,2015,2022
Powell,Roger,F,USA,78,220,2006,2006
Poythress,Alex,F,USA,81,235,2016,2018
Pressey,Paul,G,USA,77,185,1982,1992
Pressey,Phil,G,USA,71,175,2013,2015
Pressley,Dominic,G,USA,74,170,1988,1988
Pressley,Harold,F,USA,79,210,1986,1989
Preston,Jason,G,USA,75,181,2021,2022
Price,AJ,G,USA,74,185,2009,2014
Price,Brent,G,USA,73,185,1992,2002
Price,Jim,G,USA,75,195,1972,1978
Price,Mark,G,USA,72,180,1986,1997
Price,Mike,G,USA,75,200,1970,1972
Price,Ronnie,G,USA,74,190,2005,2016
Price,Tony,G,USA,78,190,1980,1980
Priddy,Bob,F,USA,75,190,1952,1952
Prigioni,Pablo,G,Argentina,75,185,2012,2015
Primo,Joshua,G,Canada,76,189,2021,2022
Prince,Taurean,F,USA,78,218,2016,2022
Prince,Tayshaun,F,USA,81,212,2002,2015
Pritchard,John,C,USA,81,220,1949,1949
Pritchard,Kevin,G,USA,75,180,1990,1995
Pritchard,Payton,G,USA,73,195,2020,2022
Profit,Laron,G-F,USA,77,204,1999,2005
Pruitt,Gabe,G,USA,76,170,2007,2008
Przybilla,Joel,C,USA,85,245,2000,2012
Pugh,Les,C,USA,79,190,1948,1949
Pullard,Anthony,F,USA,82,245,1992,1992
Pullen,Jacob,G,USA,73,200,2017,2017
Purvis,Rodney,G,USA,76,205,2017,2017
Putman,Don,G,USA,73,170,1946,1949
Qi,Zhou,F-C,China,85,210,2017,2018
Quarterman,Tim,G,USA,78,190,2016,2017
Queen,Trevelin,G,USA,78,190,2021,2022
Queta,Neemias,C,Portugal,84,248,2021,2022
Quick,Bob,F,USA,77,215,1968,1971
Quickley,Immanuel,G,USA,74,190,2020,2022
Quinn,Chris,G,USA,74,175,2006,2012
Quinnett,Brian,G,USA,80,235,1989,1991
Quinones,Lester,G,USA,76,208,2022,2022
Rabb,Ivan,F,USA,82,220,2017,2018
Rackley,Luke,C,USA,82,220,1969,1973
Rader,Howie,G,USA,73,190,1948,1948
Radford,Mark,G,USA,76,190,1981,1982
Radford,Wayne,G,USA,75,205,1978,1978
Radja,Dino,F,Croatia,83,225,1993,1996
Radmanovic,Vladimir,F,Serbia,82,235,2001,2012
Radojevic,Aleksandar,C,Bosnia and Herzegovina,87,250,1999,2004
Radovich,Frank,F,USA,80,235,1961,1961
Radovich,Moe,G,USA,72,160,1952,1952
Raduljica,Miroslav,C,Serbia,84,250,2013,2014
Radziszewski,Ray,F,USA,77,210,1957,1957
Ragelis,Ray,F,USA,76,205,1951,1951
Raiken,Sherwin,G,USA,74,185,1952,1952
Rains,Ed,F,USA,79,190,1981,1982
Rakocevic,Igor,G,Serbia,74,184,2002,2002
Rambis,Kurt,F,USA,80,213,1981,1994
Ramos,Peter John,C,Puerto Rico,87,275,2004,2004
Ramsey,Cal,F,USA,76,200,1959,1960
Ramsey,Frank,F,USA,75,190,1954,1963
Ramsey,Jahmi'us,G,USA,75,190,2020,2021
Ramsey,Ray,G,USA,74,165,1948,1948
Randall,Mark,F,USA,80,235,1991,1994
Randle,Chasson,G,USA,74,185,2016,2020
Randle,Julius,F-C,USA,80,250,2014,2022
Randolph,Anthony,F,USA,83,225,2008,2013
Randolph,Shavlik,F,USA,82,236,2005,2014
Randolph,Zach,F,USA,81,250,2001,2017
Rank,Wally,F,USA,78,220,1980,1980
Ransey,Kelvin,G,USA,74,170,1980,1985
Ranzino,Sam,G,USA,73,185,1951,1951
Rasmussen,Blair,F,USA,76,172,1985,1992
Rathan-Mayes,Xavier,G,Canada,76,208,2017,2017
Ratkovicz,George,F,USA,79,220,1949,1954
Ratleff,Ed,G,USA,78,195,1973,1977
Ratliff,Mike,C,USA,82,230,1972,1973
Ratliff,Theo,C,USA,82,235,1995,2010
Rautins,Andy,G,USA,76,190,2010,2010
Rautins,Leo,F,USA,80,215,1983,1984
Ray,Allan,G,USA,74,190,2006,2006
Ray,Clifford,C,USA,81,230,1971,1980
Ray,Don,F,USA,77,190,1949,1949
Ray,Jamesearl,F,USA,80,215,1980,1982
Ray,Jim,G,USA,72,180,1956,1959
Raymond,Craig,C,USA,83,235,1968,1968
Rea,Connie,G,USA,75,175,1953,1953
Reaves,Austin,G,USA,77,197,2021,2022
Reaves,Joe,F,USA,77,210,1973,1973
Reaves,Josh,G-F,USA,76,214,2019,2019
Rebraca,Zeljko,C,Serbia,84,265,2001,2005
Recasner,Eldridge,G,USA,76,192,1994,2001
Redd,Michael,G,USA,78,215,2000,2011
Reddish,Cam,F-G,USA,79,217,2019,2022
Reddout,Frank,F,USA,77,195,1953,1953
Redick,JJ,G,USA,75,200,2006,2020
Redmond,Marlon,G,USA,78,188,1978,1979
Reed,Davon,G,USA,77,206,2017,2022
Reed,Hub,C,USA,81,215,1958,1964
Reed,Justin,F,USA,80,240,2004,2006
Reed,Paul,F,USA,81,210,2020,2022
Reed,Ron,F,USA,77,205,1965,1966
Reed,Willie,F-C,USA,83,245,2012,2017
Reed,Willis,C,USA,82,235,1964,1973
Reeves,Bryant,C,USA,84,290,1995,2000
Reeves,Khalid,G,USA,75,201,1994,1999
Regan,Richie,G,USA,74,180,1955,1957
Rehfeldt,Don,F,USA,78,210,1950,1951
Reid,Billy,G,USA,77,190,1980,1980
Reid,Don,F,USA,80,250,1995,2002
Reid,J.R.,F-C,USA,82,247,1989,2000
Reid,Jim,C,USA,78,210,1967,1967
Reid,Naz,C-F,USA,81,264,2019,2022
Reid,Robert,F,USA,80,205,1977,1990
Reid,Ryan,F,USA,80,235,2011,2011
Reiner,Jared,C,USA,83,255,2004,2006
Reiser,Joseph,G,USA,71,165,1947,1949
Rellford,Richard,F,USA,78,230,1987,1987
Rencher,Terrence,G,USA,75,185,1995,1995
Rennicke,John,G,USA,74,185,1951,1951
Rensberger,Rob,F,USA,74,170,1946,1946
Rentzias,Efthimios,C,Greece,83,250,2002,2002
Respert,Shawn,G,USA,74,195,1995,1998
Restani,Kevin,F,USA,81,225,1974,1981
Reynolds,Cam,G-F,USA,79,225,2018,2020
Reynolds,George,G,USA,76,195,1969,1969
Reynolds,Jerry,G,USA,80,200,1985,1995
Rhoden,Jared,G,USA,78,210,2022,2022
Rhodes,Gene,G,USA,73,170,1952,1952
Rhodes,Rodrick,G-F,USA,78,225,1997,1999
Rice,Glen,F-G,USA,80,220,1989,2003
Rice,Glen,G-F,USA,78,206,2013,2014
Richard,Chris,F,USA,81,256,2007,2009
Richards,Nick,C,Jamaica,84,245,2020,2022
Richardson,Clint,G,USA,75,195,1979,1986
Richardson,Jason,G,USA,78,225,2001,2014
Richardson,Jeremy,G-F,USA,79,195,2006,2008
Richardson,Josh,G,USA,78,200,2015,2022
Richardson,Malachi,G,USA,78,205,2016,2018
Richardson,Micheal Ray,G,USA,77,189,1978,1985
Richardson,Norman,G,USA,77,200,2001,2001
Richardson,Pooh,G,USA,73,180,1989,1998
Richardson,Quentin,F,USA,78,228,2000,2012
Richmond,Mitch,G,USA,77,220,1988,2001
Richter,John,F,USA,81,225,1959,1959
Ricketts,Dick,F,USA,79,215,1955,1957
Rider,Isaiah,G,USA,77,215,1993,2001
Ridgle,Jackie,G,USA,76,195,1971,1971
Ridnour,Luke,G,USA,74,175,2003,2014
Riebe,Mel,G,USA,71,180,1946,1948
Riffey,Jim,F,USA,76,200,1950,1950
Rigaudeau,Antoine,G,France,79,210,2002,2002
Riker,Tom,F,USA,82,225,1972,1974
Riley,Bob,F,USA,81,235,1970,1970
Riley,Eric,C,USA,84,245,1993,1998
Riley,Pat,G,USA,76,205,1967,1975
Riley,Ron,F,USA,80,195,1972,1975
Riller,Grant,G,USA,74,190,2020,2020
Rinaldi,Rich,G,USA,75,195,1971,1973
Riordan,Mike,F,USA,76,200,1968,1976
Risen,Arnie,C,USA,81,200,1948,1957
Ritter,Goebel,G,USA,74,185,1948,1950
Rivas,Ramon,F,Puerto Rico,82,260,1988,1988
Rivers,Austin,G,USA,76,200,2012,2022
Rivers,David,G,USA,72,170,1988,1991
Rivers,Doc,G,USA,76,210,1983,1995
Robbins,Lee,F,USA,75,175,1947,1948
Roberson,Andre,G-F,USA,79,210,2013,2020
Roberson,Anthony,G,USA,74,180,2005,2008
Roberson,Rick,C,USA,81,231,1969,1975
Roberts,Anthony,F,USA,77,185,1977,1983
Roberts,Brian,G,USA,73,173,2012,2016
Roberts,Fred,F,USA,82,218,1983,1996
Roberts,Joe,F,USA,78,214,1960,1962
Roberts,Lawrence,F,USA,81,240,2005,2006
Roberts,Marv,F,USA,80,200,1976,1976
Roberts,Stanley,C,USA,84,290,1991,1999
Robertson,Alvin,G,USA,76,208,1984,1995
Robertson,Oscar,G,USA,77,205,1960,1973
Robertson,Ryan,G,USA,77,190,1999,1999
Robertson,Tony,G,USA,76,195,1977,1978
Robey,Rick,C,USA,83,230,1978,1985
Robinson,Bernard,G-F,USA,78,210,2004,2006
Robinson,Chris,G,USA,77,200,1996,1997
Robinson,Cliff T.,F,USA,81,220,1979,1991
Robinson,Clifford,F-C,USA,82,245,1989,2006
Robinson,David,C,USA,85,250,1989,2002
Robinson,Devin,F,USA,80,200,2017,2018
Robinson,Duncan,F,USA,79,215,2018,2022
Robinson,Eddie,F,USA,81,210,1999,2003
Robinson,Flynn,G,USA,73,185,1966,1972
Robinson,Glenn,F,USA,79,240,1994,2004
Robinson,Jackie,F,USA,78,210,1978,1981
Robinson,James,G,USA,74,180,1993,2000
Robinson,Jerome,G,USA,76,190,2018,2020
Robinson,Justin,G,USA,73,195,2019,2021
Robinson,Larry,G,USA,75,180,1990,2001
Robinson,Mitchell,C-F,USA,84,240,2018,2022
Robinson,Nate,G,USA,69,180,2005,2015
Robinson,Oliver,G,USA,76,180,1982,1982
Robinson,Orlando,C,USA,82,235,2022,2022
Robinson,Rumeal,G,USA,74,195,1990,1996
Robinson,Thomas,F,USA,82,237,2012,2016
Robinson,Truck,F,USA,79,225,1974,1984
Robinson,Wayne,F,USA,80,217,1980,1980
Robinson III,Glenn,F,USA,78,222,2014,2020
Robinson-Earl,Jeremiah,F,USA,80,240,2021,2022
Robinzine,Bill,F,USA,79,230,1975,1981
Robisch,Dave,C,USA,82,235,1976,1983
Roby,Isaiah,F,USA,80,230,2019,2022
Rocha,Red,C,USA,81,185,1947,1956
Roche,John,G,USA,75,170,1975,1981
Rock,Gene,G,USA,69,155,1947,1947
Rocker,Jack,C,USA,77,185,1947,1947
Roddy,David,F,USA,76,255,2022,2022
Rodgers,Guy,G,USA,72,185,1958,1969
Rodman,Dennis,F,USA,79,210,1986,1999
Rodriguez,Sergio,G,Spain,75,176,2006,2016
Roe,Lou,F,USA,79,220,1995,1996
Rogers,Carlos,F-C,USA,83,232,1994,2001
Rogers,Johnny,F,USA,82,225,1986,1987
Rogers,Marshall,G,USA,73,190,1976,1976
Rogers,Rodney,F,USA,79,270,1993,2004
Rogers,Roy,F,USA,82,235,1996,1999
Roges,Al,F,USA,76,195,1953,1954
Rohloff,Ken,G,USA,72,195,1963,1963
Rolle,Magnum,F,Bahamas,83,235,2010,2010
Rollins,Kenny,G,USA,72,168,1948,1952
Rollins,Phil,G,USA,74,185,1958,1960
Rollins,Ryan,G,USA,75,180,2022,2022
Rollins,Tree,C,USA,85,235,1977,1994
Romar,Lorenzo,G,USA,73,175,1980,1984
Rondo,Rajon,G,USA,73,180,2006,2021
Rooks,Sean,C,USA,82,260,1992,2003
Rose,Derrick,G,USA,75,200,2008,2022
Rose,Jalen,G-F,USA,80,215,1994,2006
Rose,Malik,F,USA,79,255,1996,2008
Rose,Robert,F,USA,77,180,1988,1988
Rosenberg,Alexander,G,USA,70,165,1946,1946
Rosenbluth,Lennie,F,USA,76,190,1957,1958
Rosenthal,Dick,F,USA,77,205,1954,1956
Ross,Quinton,G-F,USA,78,193,2004,2010
Ross,Terrence,G-F,USA,79,206,2012,2022
Roth,Doug,F,USA,83,255,1989,1989
Roth,Scott,F,USA,80,212,1987,1989
Rothenberg,Irv,C,USA,79,215,1946,1948
Rottner,Mickey,G,USA,70,180,1946,1947
Roundfield,Dan,F,USA,80,205,1976,1986
Roux,Giff,F,USA,77,195,1946,1948
Rowan,Ron,F,USA,77,200,1986,1986
Rowe,Curtis,F,USA,79,225,1971,1978
Rowinski,Jim,C,USA,80,250,1988,1989
Rowland,Derrick,F,USA,77,195,1985,1985
Rowsom,Brian,F,USA,81,220,1987,1989
Roy,Brandon,G,USA,78,211,2006,2012
Royal,Donald,F,USA,80,218,1989,1997
Royer,Bob,G,USA,70,155,1949,1949
Rozier,Clifford,C-F,USA,83,230,1994,1997
Rozier,Terry,G,USA,73,190,2015,2022
Rubio,Ricky,G,Spain,74,190,2011,2022
Rucker,Guy,F-C,USA,81,270,2002,2002
Rudd,Delaney,G,USA,74,180,1989,1992
Rudd,John,F,USA,79,230,1978,1978
Rudez,Damjan,F,Croatia,82,228,2014,2016
Rudometkin,John,F,USA,78,205,1962,1964
Ruffin,Michael,F-C,USA,80,248,1999,2008
Ruffin,Trevor,G,USA,73,199,1994,1995
Ruffner,Paul,C,USA,82,225,1970,1974
Ruklick,Joe,F,USA,81,220,1959,1961
Ruland,Jeff,C,USA,82,240,1981,1992
Rule,Bob,C,USA,81,220,1967,1974
Rullo,Jerry,G,USA,70,165,1946,1949
Rusconi,Stefano,F,Italy,81,240,1995,1995
Rush,Brandon,G-F,USA,78,225,2008,2016
Rush,Kareem,G,USA,78,215,2002,2009
Russell,Bill,C,USA,82,215,1956,1968
Russell,Bryon,G-F,USA,79,225,1993,2005
Russell,Campy,F,USA,80,215,1974,1984
Russell,Cazzie,F,USA,77,218,1966,1977
Russell,D'Angelo,G,USA,76,193,2015,2022
Russell,Frank,G,USA,75,180,1972,1972
Russell,Walker,G,USA,77,195,1982,1987
Russell,Walker,G,USA,72,170,2011,2011
Ryan,Matt,F,USA,78,215,2021,2022
Sabonis,Arvydas,C,Lithuania,87,292,1995,2002
Sabonis,Domantas,F-C,Lithuania,85,240,2016,2022
Sacre,Robert,C,Canada,84,270,2012,2015
Sadowski,Ed,C,USA,77,240,1946,1949
Sailors,Kenny,G,USA,70,175,1946,1950
Salley,John,C-F,USA,83,255,1986,1999
Salmons,John,F-G,USA,78,207,2002,2014
Salvadori,Kevin,C,USA,84,231,1996,1997
Samake,Soumaila,C,Mali,82,240,2000,2002
Samanic,Luka,F,Croatia,82,227,2019,2022
Samb,Cheikh,C,Senegal,85,245,2007,2008
Sampson,Brandon,G,USA,77,184,2018,2018
Sampson,JaKarr,F,USA,79,214,2014,2020
Sampson,Jamal,F-C,USA,83,235,2002,2006
Sampson,Ralph,C,USA,88,228,1983,1991
Samuels,Samardo,C,Jamaica,81,260,2010,2012
Sanchez,Pepe,G,Argentina,76,195,2000,2002
Sanders,Frankie,F,USA,78,200,1978,1980
Sanders,Jeff,F,USA,80,225,1989,1992
Sanders,Larry,C,USA,83,235,2010,2016
Sanders,Melvin,G-F,USA,77,210,2005,2005
Sanders,Mike,F,USA,78,210,1982,1992
Sanders,Thomas,F,USA,78,210,1960,1972
Santiago,Daniel,C,Puerto Rico,85,256,2000,2004
Santini,Bob,F,USA,77,190,1955,1955
Sappleton,Wayne,F,USA,81,215,1984,1984
Saric,Dario,F-C,Croatia,82,225,2016,2022
Sarr,Olivier,C,France,83,240,2021,2022
Sasser,Jason,F,USA,79,225,1996,2002
Sasser,Jeryl,G,USA,78,200,2001,2002
Satoransky,Tomas,G,Czech Republic,79,210,2016,2021
Satterfield,Kenny,G,USA,74,170,2001,2002
Saul,Frank,G,USA,74,185,1949,1954
Sauldsberry,Woody,F,USA,79,220,1957,1965
Saunders,Fred,F,USA,79,210,1974,1977
Savage,Don,F,USA,75,205,1951,1956
Savovic,Predrag,G,Serbia,78,225,2002,2002
Sawyer,Alan,F,USA,77,195,1950,1950
Scalabrine,Brian,F,USA,81,235,2001,2011
Scales,Alex,G,USA,76,195,2005,2005
Scales,Dewayne,F,USA,80,208,1980,1983
Schade,Frank,G,USA,73,170,1972,1972
Schadler,Ben,F,USA,72,185,1947,1947
Schaefer,Herm,G,USA,72,175,1948,1949
Schafer,Bob,G,USA,75,195,1955,1955
Schakel,Jordan,G,USA,78,200,2021,2022
Scharnus,Ben,F,USA,74,173,1946,1948
Schatzman,Marv,F,USA,77,200,1949,1949
Schaus,Fred,F,USA,77,205,1949,1953
Schayes,Dan,C,USA,83,260,1981,1998
Schayes,Dolph,F,USA,80,195,1949,1963
Schectman,Ossie,G,USA,72,175,1946,1946
Scheffler,Steve,C,USA,81,250,1990,1996
Scheffler,Tom,C,USA,83,240,1984,1984
Schellhase,Dave,G,USA,75,205,1966,1967
Schenscher,Luke,C,USA,85,265,2005,2006
Scherer,Herb,C,USA,81,212,1950,1951
Schintzius,Dwayne,C,USA,86,285,1990,1998
Schlueter,Dale,C,USA,82,225,1968,1977
Schnittker,Dick,F,USA,77,200,1950,1957
Schoene,Russ,F,USA,82,210,1982,1988
Schofield,Admiral,F,United Kingdom,77,241,2019,2022
Scholz,Dave,F,USA,80,220,1969,1969
Schoon,Milt,C,USA,79,230,1946,1949
Schrempf,Detlef,F,USA,82,235,1985,2000
Schroder,Dennis,G,Germany,73,172,2013,2022
Schultz,Howie,F,USA,78,200,1949,1952
Schulz,Dick,F,USA,74,192,1946,1949
Schweitz,John,G,USA,78,210,1984,1986
Scola,Luis,F,Argentina,81,240,2007,2016
Scolari,Freddie,G,USA,71,180,1946,1954
Scott,Alvin,F,USA,79,185,1977,1984
Scott,Brent,F-C,USA,82,250,1996,1996
Scott,Byron,G,USA,76,205,1983,1996
Scott,Charlie,G,USA,77,175,1971,1979
Scott,Dennis,F,USA,80,229,1990,1999
Scott,James,F,USA,78,180,1996,1996
Scott,Mike,F,USA,79,237,2012,2020
Scott,Ray,F,USA,81,215,1961,1969
Scott,Shawnelle,C,USA,83,250,1996,2001
Scott,Trevon,F,USA,80,225,2021,2021
Scrubb,Jay,G,USA,77,220,2020,2022
Scurry,Carey,F,USA,79,188,1985,1987
Seabron,Dereon,G,USA,77,180,2022,2022
Seals,Bruce,F,USA,80,210,1975,1977
Seals,Shea,G,USA,77,210,1997,1997
Sealy,Malik,G-F,USA,80,200,1992,1999
Searcy,Ed,F,USA,78,210,1975,1975
Sears,Ken,F,USA,81,198,1955,1963
See,Wayne,G,USA,75,190,1949,1949
Sefolosha,Thabo,F-G,Switzerland,78,215,2006,2019
Seikaly,Rony,C,USA,83,253,1988,1998
Selbo,Glen,F,USA,75,196,1949,1949
Selby,Josh,G,USA,74,183,2011,2012
Selden,Wayne,G-F,USA,77,230,2016,2021
Sellers,Brad,F,USA,84,210,1986,1992
Sellers,Phil,F,USA,76,195,1976,1976
Seltz,Rollie,G,USA,70,165,1949,1949
Selvy,Frank,G,USA,74,180,1954,1963
Seminoff,Jim,G,USA,74,190,1946,1949
Sene,Mouhamed,C,Senegal,83,230,2006,2008
Senesky,George,G,USA,74,179,1946,1953
Sengun,Alperen,C,Turkey,83,243,2021,2022
Seraphin,Kevin,F-C,France,82,278,2010,2016
Sesay,Ansu,F,USA,81,225,2001,2004
Sessions,Ramon,G,USA,75,190,2007,2017
Sewell,Tom,G,USA,77,185,1984,1984
Sexton,Collin,G,USA,74,190,2018,2022
Seymour,Paul,G,USA,73,180,1947,1959
Shaback,Nick,G,USA,71,180,1946,1946
Shackleford,Charles,C,USA,83,245,1988,1998
Shaeffer,Carl,G,USA,75,185,1949,1950
Shaffer,Lee,F,USA,79,220,1961,1963
Shakur,Mustafa,G,USA,76,195,2009,2013
Shamet,Landry,G,USA,76,190,2018,2022
Shammgod,God,G,USA,72,169,1997,1997
Shannon,Earl,G,USA,71,170,1946,1948
Shannon,Howie,G,USA,74,175,1948,1949
Share,Charlie,C,USA,83,235,1951,1959
Sharman,Bill,G,USA,73,175,1950,1960
Sharpe,Day'Ron,C,USA,81,265,2021,2022
Sharpe,Shaedon,G,Canada,77,200,2022,2022
Sharpe,Walter,F,USA,81,245,2008,2008
Shasky,John,C,USA,83,235,1988,1990
Shavlik,Ron,F,USA,80,200,1956,1957
Shaw,Brian,G,USA,78,200,1988,2002
Shaw,Casey,C,USA,83,255,1998,2002
Shayok,Marial,G-F,Canada,77,198,2019,2019
Shea,Bob,F,USA,74,194,1946,1946
Sheffield,Fred,F,USA,74,165,1946,1946
Shelton,Craig,F,USA,79,210,1980,1981
Shelton,Lonnie,F,USA,80,240,1976,1985
Shengelia,Tornike,F,Georgia,81,240,2012,2013
Sheppard,Jeff,G,USA,75,190,1998,1998
Sheppard,Steve,F,USA,78,215,1977,1978
Sherod,Edmund,G,USA,74,170,1982,1982
Shipp,Charlie,G,USA,73,200,1949,1949
Shirley,Paul,F,USA,82,230,2002,2004
Short,Gene,F,USA,78,200,1975,1975
Short,Purvis,F,USA,79,210,1978,1989
Shouse,Dexter,F,USA,74,200,1989,1989
Shrider,Dick,G,USA,74,190,1948,1948
Shue,Gene,G,USA,74,170,1954,1963
Shumate,John,F,USA,81,235,1975,1980
Shumpert,Iman,G,USA,77,215,2011,2020
Shved,Alexey,G,Russia,78,187,2012,2014
Siakam,Pascal,F,Cameroon,80,230,2016,2022
Sibert,Jordan,G,USA,76,187,2018,2018
Sibert,Sam,F,USA,79,215,1972,1972
Sibley,Mark,G,USA,74,175,1973,1973
Sichting,Jerry,G,USA,73,168,1980,1989
Siegfried,Larry,G,USA,75,190,1963,1971
Sikma,Jack,C,USA,83,230,1977,1990
Silas,James,G,USA,73,180,1976,1981
Silas,Paul,F,USA,79,220,1964,1979
Silas,Xavier,G,USA,77,205,2011,2017
Siler,Garret,C,USA,83,305,2010,2010
Silliman,Mike,F,USA,78,225,1970,1970
Silva,Chris,F,Gabon,80,234,2019,2022
Simien,Wayne,F,USA,81,250,2005,2006
Simmons,Ben,G-F,Australia,82,240,2016,2022
Simmons,Bobby,F,USA,78,235,2001,2011
Simmons,Cedric,F,USA,81,235,2006,2008
Simmons,Connie,C,USA,80,222,1946,1955
Simmons,Johnny,G,USA,73,184,1946,1946
Simmons,Jonathon,F,USA,78,195,2015,2018
Simmons,Kobi,G,USA,77,180,2017,2022
Simmons,Lionel,F,USA,79,210,1990,1996
Simon,Miles,G,USA,75,202,1998,2002
Simonovic,Marko,C,Montenegro,84,220,2021,2022
Simons,Anfernee,G,USA,75,181,2018,2022
Simpkins,Dickey,C-F,USA,81,255,1994,2001
Simpson,Diamon,F,USA,79,230,2011,2011
Simpson,Ralph,G,USA,77,200,1976,1979
Simpson,Zavier,G,USA,72,190,2021,2021
Sims,Alvin,G,USA,76,235,1998,1998
Sims,Bob,F,USA,77,220,1961,1961
Sims,Courtney,C,USA,83,245,2007,2008
Sims,Doug,F,USA,79,195,1968,1968
Sims,Henry,C-F,USA,82,248,2012,2015
Sims,Jericho,C,USA,82,250,2021,2022
Sims,Scott,G,USA,73,170,1977,1977
Singler,Kyle,F,USA,80,228,2012,2017
Singletary,Sean,G,USA,72,185,2008,2008
Singleton,Chris,F,USA,81,228,2011,2013
Singleton,James,F,USA,80,230,2005,2011
Singleton,Mckinley,F,USA,77,175,1986,1986
Sinicola,Zeke,G,USA,70,165,1951,1953
Sirvydis,Deividas,F-G,Lithuania,80,190,2020,2021
Sitton,Charlie,F,USA,80,210,1984,1984
Siva,Peyton,G,USA,72,185,2013,2013
Skiles,Scott,G,USA,73,180,1986,1995
Skinner,Al,G,USA,75,190,1976,1979
Skinner,Brian,F-C,USA,81,255,1998,2011
Skinner,Talvin,F,USA,77,195,1974,1975
Skoog,Whitey,G,USA,71,180,1951,1956
Slade,Jeff,F,USA,78,220,1962,1962
Slater,Reggie,F,USA,79,255,1994,2002
Slaughter,Jim,C,USA,83,210,1951,1951
Slaughter,Jose,G,USA,77,205,1982,1982
Slay,Tamar,G,USA,80,215,2002,2004
Sloan,Donald,G,USA,75,205,2011,2015
Sloan,Jerry,G,USA,77,195,1965,1975
Slokar,Uros,F,Slovenia,82,238,2006,2006
Sluby,Tom,G,USA,76,200,1984,1984
Smailagic,Alen,F,Serbia,82,215,2019,2020
Smart,Javonte,G,USA,76,205,2021,2021
Smart,Keith,G,USA,73,175,1988,1988
Smart,Marcus,G,USA,76,220,2014,2022
Smawley,Belus,G,USA,73,195,1946,1951
Smiley,Jack,G,USA,75,190,1948,1949
Smith,Adrian,G,USA,73,180,1961,1970
Smith,Bill,C,USA,84,220,1971,1972
Smith,Bill,F,USA,77,190,1961,1961
Smith,Bingo,F,USA,77,195,1969,1979
Smith,Bobby,G,USA,76,190,1959,1961
Smith,Charles,F,USA,82,244,1988,1996
Smith,Charles,G,USA,76,200,1997,2005
Smith,Charles,F,USA,73,160,1989,1995
Smith,Chris,G,USA,75,190,1992,1994
Smith,Chris,G,USA,74,200,2013,2013
Smith,Clinton,F,USA,78,210,1986,1990
Smith,Craig,F,USA,79,265,2006,2011
Smith,Deb,F,USA,75,180,1946,1946
Smith,Derek,G,USA,78,205,1982,1990
Smith,Don,G,USA,72,160,1974,1974
Smith,Donald,F,USA,74,190,1948,1948
Smith,Donta,G,USA,79,215,2004,2005
Smith,Doug,F,USA,82,220,1991,1995
Smith,Dru,G,USA,75,203,2022,2022
Smith,Ed,F,USA,78,180,1953,1953
Smith,Elmore,C,USA,85,250,1971,1978
Smith,Garfield,C,USA,81,235,1970,1971
Smith,Greg,F,USA,77,195,1968,1975
Smith,Greg,C,USA,82,250,2011,2015
Smith,Ish,G,USA,72,175,2010,2022
Smith,JR,G,USA,78,220,2004,2019
Smith,Jabari,C,USA,83,250,2000,2004
Smith,Jalen,F-C,USA,81,215,2020,2022
Smith,Jason,F-C,USA,84,240,2007,2018
Smith,Jerry,G,USA,74,190,2011,2011
Smith,Jim,F,USA,81,225,1981,1982
Smith,Joe,F-C,USA,82,225,1995,2010
Smith,Josh,F,USA,81,225,2004,2017
Smith,Keith,G,USA,75,180,1986,1986
Smith,Kenny,G,USA,75,170,1987,1996
Smith,Labradford,F,USA,75,200,1991,1993
Smith,Larry,F,USA,80,215,1980,1992
Smith,Leon,F,USA,82,235,2001,2003
Smith,Michael,F,USA,80,240,1994,2000
Smith,Michael,G,USA,82,225,1989,1994
Smith,Mike,F,USA,80,195,2000,2000
Smith,Nolan,G,USA,74,185,2011,2012
Smith,Otis,F,USA,77,210,1986,1991
Smith,Phil,G,USA,76,185,1974,1982
Smith,Randy,G,USA,75,180,1971,1982
Smith,Reggie,F,USA,82,240,1992,1993
Smith,Robert,G,USA,71,165,1977,1984
Smith,Russ,G,USA,72,165,2014,2015
Smith,Sammy,F,USA,76,200,1978,1979
Smith,Steven,G-F,USA,80,221,1991,2004
Smith,Steven,F,USA,81,250,2006,2006
Smith,Stevin,G,USA,74,208,1996,1996
Smith,Theron,F,USA,80,225,2003,2004
Smith,Tony,G,USA,76,205,1990,2000
Smith,Willie,G,USA,74,170,1976,1979
Smith,Zhaire,G,USA,75,205,2018,2019
Smith Jr.,Dennis,G,USA,74,205,2017,2022
Smith Jr.,Jabari,F,USA,83,220,2022,2022
Smits,Rik,C,USA,88,265,1988,1999
Smrek,Mike,C,USA,84,250,1985,1991
Smyth,Joe,F,USA,75,215,1953,1953
Sneed,Xavier,F,USA,77,215,2021,2022
Snell,Tony,G,USA,78,213,2013,2021
Snow,Eric,G,USA,75,205,1995,2007
Snyder,Dick,G,USA,77,207,1966,1978
Snyder,Kirk,F-G,USA,78,225,2004,2007
Sobek,George,G,USA,72,180,1949,1949
Sobers,Ricky,G,USA,75,198,1975,1985
Sobie,Ron,G,USA,75,185,1956,1959
Sochan,Jeremy,F,Poland,80,230,2022,2022
Sojourner,Mike,C,USA,81,225,1974,1976
Solomon,Will,G,USA,73,185,2001,2008
Somerset,Willie,G,USA,68,170,1965,1965
Songaila,Darius,F,Lithuania,81,248,2003,2010
Sorenson,Dave,F,USA,80,225,1970,1972
Southerland,James,F,USA,80,215,2013,2013
Sovran,Gino,F,USA,74,175,1946,1946
Sow,Pape,F,Senegal,82,250,2004,2006
Spalding,Ray,F,USA,81,225,2018,2020
Spanarkel,Jim,G,USA,77,190,1979,1983
Spanoulis,Vassilis,G,Greece,76,195,2006,2006
Sparrow,Guy,F,USA,78,218,1957,1959
Sparrow,Rory,G,USA,74,175,1980,1991
Spears,Odie,F,USA,77,205,1948,1956
Spector,Art,F,USA,76,200,1946,1949
Speights,Marreese,F-C,USA,82,255,2008,2017
Spellman,Omari,F,USA,80,245,2018,2019
Spencer,Andre,F,USA,78,210,1992,1993
Spencer,Elmore,C,USA,84,270,1992,1996
Spencer,Felton,C,USA,84,290,1990,2001
Spicer,Lou,F,USA,74,195,1946,1946
Spitzer,Craig,C,USA,84,225,1967,1967
Splitter,Tiago,C-F,Brazil,83,245,2010,2016
Spoelstra,Art,C,USA,81,220,1954,1957
Sprewell,Latrell,G,USA,77,195,1992,2004
Spriggs,Larry,F,USA,79,230,1981,1985
Springer,Jaden,G,USA,76,202,2021,2022
Springer,Jim,C,USA,81,235,1948,1948
Spruill,Jim,F,USA,74,225,1948,1948
Stack,Ryan,F,USA,83,215,1998,1999
Stackhouse,Jerry,F,USA,78,218,1995,2012
Stacom,Kevin,G,USA,75,185,1974,1981
Stallworth,Dave,F,USA,79,200,1965,1974
Stallworth,Isaac,F,USA,77,190,1972,1976
Stanczak,Ed,F,USA,73,185,1949,1950
Stanley,Cassius,G,USA,77,190,2020,2021
Stansbury,Terence,G,USA,77,170,1984,1986
Starks,John,G,USA,77,190,1988,2001
Starr,Keith,G,USA,78,190,1976,1976
Stauskas,Nik,G,Canada,78,207,2014,2021
Staverman,Larry,F,USA,79,205,1958,1963
Steele,Larry,G,USA,77,180,1971,1979
Steigenga,Matt,F,USA,79,225,1996,1996
Stepania,Vladimir,C,Georgia,85,255,1998,2003
Stephens,DJ,G-F,USA,77,188,2013,2018
Stephens,Everette,G,USA,74,175,1988,1990
Stephens,Jack,G,USA,75,185,1955,1955
Stephens,Joe,F,USA,79,210,1996,1999
Stephenson,Lance,F,USA,77,210,2010,2021
Stepheson,Alex,F,USA,82,270,2015,2015
Steppe,Brook,G,USA,77,195,1982,1988
Stevens,Barry,G,USA,77,195,1992,1992
Stevens,Lamar,F,USA,78,230,2020,2022
Stevens,Wayne,F,USA,75,185,1959,1959
Stevenson,DeShawn,F-G,USA,77,218,2000,2012
Stewart,DJ,G,USA,77,205,2021,2021
Stewart,Dennis,F,USA,78,220,1970,1970
Stewart,Isaiah,F-C,USA,80,250,2020,2022
Stewart,Kebu,F,USA,80,239,1997,1997
Stewart,Larry,F,USA,80,230,1991,1996
Stewart,Michael,C,USA,82,230,1997,2004
Stewart,Norm,F,USA,77,205,1956,1956
Stiemsma,Greg,C,USA,83,260,2009,2014
Stipanovich,Steve,C,USA,83,245,1983,1987
Stith,Bryant,G,USA,77,210,1992,2002
Stith,Sam,G,USA,74,185,1961,1961
Stith,Tom,F,USA,77,210,1962,1962
Stivrins,Alex,F,USA,80,220,1985,1992
Stockton,David,G,USA,71,165,2014,2017
Stockton,John,G,USA,73,175,1984,2002
Stojakovic,Peja,F,Serbia,82,229,1998,2010
Stokes,Ed,C,USA,84,264,1997,1997
Stokes,Greg,F,USA,82,220,1985,1989
Stokes,Jarnell,F-C,USA,81,263,2014,2016
Stokes,Maurice,F,USA,79,232,1955,1957
Stolkey,Art,G,USA,73,180,1946,1946
Stone,Diamond,C,USA,83,255,2016,2016
Stone,Julyan,G,USA,78,200,2011,2017
Storey,Awvee,F-G,USA,78,225,2004,2007
Stoudamire,Damon,G,USA,70,171,1995,2007
Stoudamire,Salim,G,USA,73,175,2005,2008
Stoudemire,Amar'e,F-C,USA,82,245,2002,2015
Stovall,Paul,F,USA,76,215,1972,1972
Strawberry,DJ,G,USA,77,201,2007,2007
Strawder,Joe,C,USA,82,235,1965,1967
Stricker,Bill,F,USA,80,210,1970,1970
Strickland,Erick,G,USA,75,218,1996,2004
Strickland,Mark,F,USA,82,220,1994,2002
Strickland,Rod,G,USA,75,185,1988,2004
Strickland,Roger,F,USA,77,200,1963,1963
Stroeder,John,F,USA,82,260,1987,1988
Strong,Derek,F,USA,81,240,1991,2000
Strothers,Lamont,G,USA,76,190,1991,1992
Stroud,John,F,USA,79,215,1980,1980
Strus,Max,G-F,USA,77,215,2019,2022
Stuckey,Rodney,G,USA,77,205,2007,2016
Stump,Gene,F,USA,74,185,1947,1949
Stutz,Stan,G,USA,70,170,1946,1948
Suggs,Jalen,G,USA,77,205,2021,2022
Suiter,Gary,C,USA,81,225,1970,1970
Sullinger,Jared,C-F,USA,81,260,2012,2016
Summers,DaJuan,F,USA,80,240,2009,2012
Sumner,Edmond,G,USA,76,196,2017,2022
Sumpter,Barry,F,USA,83,215,1988,1988
Sun,Yue,G,China,81,205,2008,2008
Sunderlage,Don,G,USA,73,180,1953,1954
Sundov,Bruno,C,Croatia,86,260,1998,2004
Sundvold,Jon,G,USA,74,170,1983,1991
Sura,Bob,G,USA,77,200,1995,2006
Surhoff,Dick,F,USA,76,210,1952,1953
Suttle,Dane,G,USA,75,190,1983,1984
Sutton,Greg,G,USA,74,185,1991,1995
Swain,Bennie,F,USA,80,220,1958,1958
Swanigan,Caleb,F,USA,81,260,2017,2019
Swanson,Norm,F,USA,78,210,1953,1953
Swartz,Dan,F,USA,76,215,1962,1962
Sweetney,Michael,F,USA,80,270,2003,2006
Swider,Cole,F,USA,81,220,2022,2022
Swift,Robert,C,USA,85,270,2004,2008
Swift,Stromile,F-C,USA,82,220,2000,2008
Swinson,Aaron,F,USA,77,230,1994,1994
Sword,Craig,G,USA,75,196,2021,2021
Sy,Pape,F-G,France,79,225,2010,2010
Sydnor,Wallace,G,USA,70,175,1946,1946
Sykes,Keifer,G,USA,71,167,2021,2021
Sykes,Larry,F,USA,81,255,1995,1995
Szabo,Brett,C,USA,83,230,1996,1996
Szczerbiak,Wally,G-F,USA,79,240,1999,2008
Tabak,Zan,C,Croatia,84,257,1994,2000
Tabuse,Yuta,G,USA,69,165,2004,2004
Taft,Chris,F,USA,82,261,2005,2005
Tannenbaum,Sid,G,USA,72,160,1947,1948
Tarlac,Dragan,C-F,Serbia,83,270,2000,2000
Tarpley,Roy,F,USA,84,230,1986,1994
Tate,Jae'Sean,F,USA,77,230,2020,2022
Tatum,Earl,G,USA,76,185,1976,1979
Tatum,Jayson,F-G,USA,80,210,2017,2022
Tavares,Edy,C,Cabo Verde,87,265,2015,2016
Taylor,Anthony,G,USA,76,175,1988,1988
Taylor,Brian,G,USA,74,185,1976,1981
Taylor,Donell,G,USA,77,193,2005,2006
Taylor,Fred,G,USA,77,180,1970,1971
Taylor,Isaiah,G,USA,75,170,2016,2017
Taylor,Jay,F,USA,75,190,1989,1989
Taylor,Jeff,G,USA,76,175,1982,1986
Taylor,Jeffery,F,Sweden,79,225,2012,2014
Taylor,Jermaine,G,USA,76,210,2009,2010
Taylor,Johnny,F,USA,81,220,1997,1999
Taylor,Leonard,F,USA,80,220,1989,1989
Taylor,Maurice,F,USA,81,265,1997,2006
Taylor,Mike,G,USA,74,165,2008,2008
Taylor,Roland,G,USA,72,175,1976,1976
Taylor,Terry,F,USA,76,230,2021,2022
Taylor,Tyshawn,G,USA,75,185,2012,2013
Taylor,Vince,G,USA,77,180,1982,1982
Teagle,Terry,G,USA,77,195,1982,1992
Teague,Jeff,G,USA,75,195,2009,2020
Teague,Marquis,G,USA,74,189,2012,2017
Teletovic,Mirza,F,Bosnia and Herzegovina,81,245,2012,2017
Telfair,Sebastian,G,USA,72,170,2004,2014
Temple,Garrett,G-F,USA,78,195,2009,2022
Teodosic,Milos,G,Serbia,77,196,2017,2018
Terrell,Ira,F,USA,80,200,1976,1978
Terrell,Jared,G,USA,75,227,2018,2018
Terry,Carlos,G,USA,76,210,1980,1982
Terry,Chuck,G,USA,78,215,1972,1976
Terry,Claude,G,USA,77,195,1976,1977
Terry,Dalen,F,USA,79,195,2022,2022
Terry,Emanuel,F,USA,81,220,2018,2021
Terry,Jason,G,USA,74,185,1999,2017
Terry,Tyrell,G,USA,74,160,2020,2021
Teske,Jon,C,USA,85,265,2021,2021
Thabeet,Hasheem,C,Tanzania,87,263,2009,2013
Thacker,Tom,G,USA,74,170,1963,1967
Theis,Daniel,F-C,Germany,80,245,2017,2022
Theus,Reggie,G,USA,78,190,1978,1990
Thibeaux,Peter,F,USA,79,210,1984,1985
Thieben,Bill,F,USA,78,215,1956,1957
Thigpen,Justus,G,USA,73,160,1972,1973
Thirdkill,David,F,USA,79,195,1982,1986
Thomas,Adonis,G-F,USA,79,240,2013,2013
Thomas,Billy,G,USA,77,220,2004,2007
Thomas,Brodric,G,USA,77,185,2020,2021
Thomas,Cam,G,Japan,75,210,2021,2022
Thomas,Carl,G,USA,76,195,1991,1997
Thomas,Charles,G,USA,75,175,1991,1991
Thomas,Etan,C,USA,82,260,2001,2010
Thomas,Irving,F,USA,80,225,1990,1990
Thomas,Isaiah,G,USA,69,185,2011,2021
Thomas,Isiah,G,USA,73,180,1981,1993
Thomas,Jamel,F,USA,78,219,1999,2000
Thomas,James,F,USA,81,245,2004,2005
Thomas,Jim,G,USA,75,190,1983,1990
Thomas,Joe,F,USA,78,205,1970,1970
Thomas,John,C,USA,81,265,1997,2005
Thomas,Kenny,F,USA,79,245,1999,2009
Thomas,Khyri,G,USA,75,210,2018,2020
Thomas,Kurt,C-F,USA,81,230,1995,2012
Thomas,Lance,F,USA,80,225,2011,2019
Thomas,Malcolm,F,USA,81,225,2011,2014
Thomas,Matt,G,USA,75,190,2019,2021
Thomas,Terry,F,USA,80,220,1975,1975
Thomas,Tim,F,USA,82,240,1997,2009
Thomas,Tyrus,F,USA,82,225,2006,2014
Thompkins,Trey,F,USA,82,245,2011,2011
Thompson,Bernard,G,USA,78,210,1984,1988
Thompson,Billy,F,USA,79,195,1986,1991
Thompson,Brooks,G,USA,76,193,1994,1997
Thompson,Corny,F,USA,80,225,1982,1982
Thompson,David,G,USA,76,195,1976,1983
Thompson,Dijon,G-F,USA,80,200,2005,2006
Thompson,George,G,USA,74,200,1974,1974
Thompson,Hollis,G-F,USA,80,206,2013,2016
Thompson,Jason,F-C,USA,83,250,2008,2015
Thompson,John,F,USA,82,225,1964,1965
Thompson,Kevin,C,USA,83,260,1993,1993
Thompson,Klay,G,USA,78,220,2011,2022
Thompson,LaSalle,C-F,USA,82,260,1982,1996
Thompson,Mychal,C,USA,82,226,1978,1990
Thompson,Mychel,F,USA,78,211,2011,2011
Thompson,Paul,G,USA,78,210,1983,1985
Thompson,Stephen,F,USA,76,185,1991,1991
Thompson,Tristan,C-F,Canada,81,254,2011,2022
Thor,JT,F,USA,81,203,2021,2022
Thorn,Rod,G,USA,76,195,1963,1970
Thornton,Al,F,USA,80,235,2007,2010
Thornton,Bob,F,USA,82,225,1985,1995
Thornton,Marcus,F-G,USA,76,205,2009,2016
Thornwell,Sindarius,G,USA,76,215,2017,2020
Thorpe,Otis,C-F,USA,82,248,1984,2000
Threatt,Sedale,G,USA,74,185,1983,1996
Thurmond,Nate,C,USA,83,225,1963,1976
Thurston,Mel,G,USA,72,175,1947,1947
Thybulle,Matisse,G-F,USA,77,201,2019,2022
Tieman,Dan,G,USA,72,185,1962,1962
Tillie,Killian,F-C,France,81,220,2020,2021
Tillis,Darren,C,USA,83,215,1982,1983
Tillman,Xavier,F,USA,79,245,2020,2022
Tingle,Jack,F,USA,76,205,1947,1948
Tinsley,Jamaal,G,USA,75,197,2001,2013
Tisdale,Wayman,F,USA,81,260,1985,1996
Tobey,Mike,C,USA,84,260,2016,2016
Todd,Isaiah,F,USA,81,219,2021,2022
Todorovich,Marko,F,USA,77,220,1949,1950
Tolbert,Ray,F,USA,81,225,1981,1988
Tolbert,Tom,F,USA,79,235,1988,1994
Tolliver,Anthony,F,USA,80,240,2008,2020
Tolson,Dean,F,USA,80,190,1974,1977
Tomjanovich,Rudy,F,USA,80,218,1970,1980
Toney,Andrew,G,USA,75,178,1980,1987
Toney,Sedric,G,USA,74,178,1985,1993
Tonkovich,Andy,G,USA,73,185,1948,1948
Toolson,Andy,F,USA,78,210,1990,1995
Toomay,Jack,C,USA,78,215,1947,1949
Toone,Bernard,F,USA,81,210,1979,1979
Toppin,Obi,F,USA,81,220,2020,2022
Torgoff,Irv,F,USA,73,192,1946,1948
Tormohlen,Gene,C,USA,80,230,1962,1969
Torres,Oscar,G-F,Venezuela,78,210,2001,2002
Toscano-Anderson,Juan,F,USA,78,209,2019,2022
Tosheff,Bill,G,USA,73,175,1951,1953
Tough,Bob,G,USA,72,185,1948,1949
Toupane,Axel,G-F,France,79,210,2015,2020
Towe,Monte,G,USA,67,150,1976,1976
Tower,Keith,C,USA,83,250,1993,1996
Towery,William,C,USA,76,210,1948,1949
Townes,Linton,F,USA,79,190,1982,1984
Towns,Karl-Anthony,C-F,USA,84,248,2015,2022
Townsend,Raymond,G,USA,75,175,1978,1981
Trapp,George,F,USA,80,205,1971,1976
Trapp,John,F,USA,79,210,1968,1972
Traylor,Robert,F-C,USA,80,284,1998,2004
Trent,Gary,F,USA,80,250,1995,2003
Trent Jr.,Gary,G-F,USA,77,209,2018,2022
Trepagnier,Jeff,G,USA,76,200,2001,2003
Tresvant,John,F,USA,79,215,1964,1972
Trier,Allonzo,G,USA,77,200,2018,2019
Triptow,Dick,G,USA,72,170,1948,1949
Tripucka,Kelly,F,USA,78,220,1981,1990
Trybanski,Cezary,C,Poland,86,240,2002,2003
Tsakalidis,Jake,C,Greece,86,290,2000,2006
Tschogl,John,F,USA,78,206,1972,1974
Tsioropoulos,Lou,F,USA,77,190,1956,1958
Tskitishvili,Nikoloz,F,Georgia,84,225,2002,2005
Tucker,Al,F,USA,80,190,1967,1970
Tucker,Alando,F,USA,78,205,2007,2009
Tucker,Anthony,F,USA,80,220,1994,1994
Tucker,Jim,F,USA,79,185,1954,1956
Tucker,P.J.,F,USA,77,245,2006,2022
Tucker,Rayjon,G,USA,75,209,2019,2021
Tucker,Trent,G,USA,77,193,1982,1992
Turiaf,Ronny,C,France,82,241,2005,2014
Turkcan,Mirsad,F,Turkey,81,216,1999,1999
Turkoglu,Hedo,F,Turkey,82,220,2000,2014
Turner,Andre,G,USA,71,160,1986,1991
Turner,Bill,F,USA,79,220,1967,1972
Turner,Elston,G,USA,77,190,1981,1988
Turner,Evan,G-F,USA,78,220,2010,2019
Turner,Henry,G,USA,79,200,1989,1994
Turner,Jack,G,USA,76,170,1954,1954
Turner,Jack,G,USA,77,200,1961,1961
Turner,Jeff,F,USA,81,230,1984,1995
Turner,John,F,USA,80,245,1991,1991
Turner,Myles,C-F,USA,83,250,2015,2022
Turner,Wayne,G,USA,74,190,1999,1999
Turpin,Mel,C,USA,83,240,1984,1989
Twardzik,Dave,G,USA,73,175,1976,1979
Twyman,Jack,F,USA,78,210,1955,1965
Tyler,B.J.,G,USA,73,185,1994,1994
Tyler,Jeremy,F,USA,82,250,2011,2013
Tyler,Terry,F,USA,79,215,1978,1988
Tyra,Charlie,C,USA,80,230,1957,1961
Ubiles,Edwin,F-G,Puerto Rico,78,204,2011,2011
Udoh,Ekpe,C-F,USA,82,245,2010,2018
Udoka,Ime,G-F,USA,77,220,2003,2010
Udrih,Beno,G,Slovenia,75,205,2004,2016
Ukic,Roko,G,Croatia,77,183,2008,2009
Ulis,Tyler,G,USA,70,160,2016,2018
Umude,Stanley,G,USA,78,210,2022,2022
Unseld,Wes,C,USA,79,245,1968,1980
Uplinger,Hal,G,USA,76,185,1953,1953
Upshaw,Kelvin,G,USA,74,180,1988,1990
Uthoff,Jarrod,F,USA,81,220,2016,2019
Uzoh,Ben,G,USA,75,205,2010,2011
Vaden,Robert,G-F,USA,77,205,2010,2010
Valanciunas,Jonas,C,Lithuania,83,265,2012,2022
Valentine,Darnell,G,USA,74,183,1981,1990
Valentine,Denzel,G,USA,76,220,2016,2021
Valentine,Ron,F,USA,79,210,1980,1980
Vallely,John,G,USA,75,185,1970,1971
Van Arsdale,Dick,G,USA,77,210,1965,1976
Van Arsdale,Tom,F,USA,77,202,1965,1976
Van Breda Kolff,Butch,G-F,USA,75,185,1946,1949
Van Breda Kolff,Jan,F,USA,79,195,1976,1982
Van Exel,Nick,G,USA,73,190,1993,2005
Van Horn,Keith,F,USA,82,245,1997,2005
Van Lier,Norm,G,USA,73,173,1969,1978
VanVleet,Fred,G,USA,72,197,2016,2022
Vance,Gene,G,USA,75,195,1947,1951
Vander Velden,Log,F,USA,80,215,1995,1995
Vanderbilt,Jarred,F,USA,80,214,2018,2022
Vandeweghe,Ernie,F,USA,75,195,1949,1955
Vandeweghe,Kiki,F,USA,80,220,1980,1992
Vanos,Nick,C,USA,85,255,1985,1986
Vanterpool,David,G,USA,77,200,2000,2000
Varda,Ratko,C,Bosnia and Herzegovina,85,265,2001,2002
Varejao,Anderson,F,Brazil,83,273,2004,2020
Varnado,Jarvis,F-C,USA,81,230,2012,2013
Vasquez,Greivis,G,Venezuela,78,217,2010,2016
Vassell,Devin,G-F,USA,77,200,2020,2022
Vaughn,Charles,G,USA,75,190,1962,1966
Vaughn,David,F,USA,81,240,1995,1998
Vaughn,Jacque,G,USA,73,190,1997,2008
Vaughn,Rashad,G,USA,78,202,2015,2017
Vaughn,Virgil,F,USA,76,205,1946,1946
Vaught,Loy,F-C,USA,81,240,1990,2000
Verga,Bob,G,USA,73,190,1973,1973
Verhoeven,Peter,F,USA,81,215,1981,1986
Vesely,Jan,F,Czech Republic,84,242,2011,2013
Vetra,Gundars,F,Latvia,78,195,1992,1992
Vianna,Joao,F,Brazil,81,215,1991,1991
Vildoza,Luca,G,Argentina,75,190,2020,2021
Villanueva,Charlie,F,USA,83,232,2005,2015
Vincent,Gabe,G,USA,74,200,2019,2022
Vincent,Jay,F,USA,79,220,1981,1989
Vincent,Sam,G,USA,74,185,1985,1991
Vinicius,Marcus,F,Brazil,80,225,2006,2007
Vinson,Fred,G,USA,76,190,1994,1999
Voce,Gary,F,USA,81,240,1989,1989
Volkov,Alexander,C,Ukraine,82,218,1989,1991
Vonleh,Noah,F,USA,82,257,2014,2022
Voskuhl,Jake,C,USA,83,255,2000,2008
Vranes,Danny,F,USA,79,210,1981,1987
Vranes,Slavko,C,Montenegro,89,275,2003,2003
Vrankovic,Stojko,C,Croatia,86,260,1990,1998
Vroman,Brett,C,USA,84,220,1980,1980
Vroman,Jackson,F-C,USA,82,220,2004,2005
Vucevic,Nikola,C,Montenegro,82,260,2011,2022
Vujacic,Sasha,G,Slovenia,79,195,2004,2016
Wade,Dean,F-C,USA,81,228,2019,2022
Wade,Dwyane,G,USA,76,220,2003,2018
Wade,Mark,G,USA,71,160,1987,1989
Wafer,Von,G,USA,77,209,2005,2011
Wager,Clint,C,USA,77,210,1949,1949
Wagner,Dajuan,G,USA,74,200,2002,2006
Wagner,Danny,G,USA,72,170,1949,1949
Wagner,Franz,F,Germany,82,220,2021,2022
Wagner,Milt,G,USA,77,185,1987,1990
Wagner,Moritz,F-C,Germany,83,245,2018,2022
Wainright,Ish,F,USA,77,250,2021,2022
Waiters,Dion,G,USA,75,210,2012,2019
Waiters,Granville,C,USA,83,225,1983,1987
Wakefield,Andre,G,USA,74,175,1978,1979
Walk,Neal,C,USA,82,220,1969,1976
Walker,Andy,G,USA,76,190,1976,1976
Walker,Antoine,F,USA,81,245,1996,2007
Walker,Brady,F,USA,78,205,1948,1951
Walker,Chet,F,USA,79,212,1962,1974
Walker,Darrell,G,USA,76,180,1983,1992
Walker,Foots,G,USA,73,172,1974,1983
Walker,Henry,F,USA,78,235,2008,2014
Walker,Horace,F,USA,75,210,1961,1961
Walker,Jabari,F,USA,79,200,2022,2022
Walker,Jimmy,G,USA,75,195,1967,1975
Walker,Kemba,G,USA,72,184,2011,2022
Walker,Kenny,F,USA,80,210,1986,1994
Walker,MJ,G,USA,77,213,2021,2021
Walker,Phil,G,USA,75,180,1977,1977
Walker,Samaki,F,USA,81,260,1996,2005
Walker,Wally,F,USA,80,190,1976,1983
Walker IV,Lonnie,G-F,USA,76,204,2018,2022
Wall,John,G,USA,75,210,2010,2022
Wallace,Ben,F-C,USA,81,240,1996,2011
Wallace,Gerald,F,USA,79,220,2001,2014
Wallace,John,F,USA,81,225,1996,2003
Wallace,Rasheed,F-C,USA,83,230,1995,2012
Wallace,Tyrone,G,USA,77,198,2017,2021
Waller,Dwight,F,USA,78,220,1968,1968
Waller,Jamie,F,USA,76,215,1987,1987
Walsh,Jim,F,USA,76,195,1957,1957
Walsh,Matt,G-F,USA,78,220,2005,2005
Walters,Rex,G,USA,76,195,1993,1999
Walther,Paul,G,USA,74,160,1949,1954
Walthour,Rabbit,G,USA,71,163,1953,1953
Walton,Bill,C,USA,83,210,1974,1986
Walton,Lloyd,G,USA,72,160,1976,1980
Walton,Luke,F,USA,80,235,2003,2012
Walton Jr.,Derrick,G,USA,73,185,2017,2021
Wanamaker,Brad,G,USA,75,210,2018,2021
Wanzer,Bobby,G,USA,72,170,1948,1956
Warbington,Perry,G,USA,74,165,1974,1974
Ward,Charlie,G,USA,74,185,1994,2004
Ward,Gerry,G,USA,76,195,1963,1966
Ward,Henry,G,USA,76,195,1976,1976
Ware,Casper,G,USA,70,175,2013,2013
Ware,Jim,F,USA,79,210,1966,1967
Warley,Ben,F,USA,77,200,1962,1966
Warlick,Bob,G,USA,77,200,1965,1968
Warner,Cornell,F,USA,81,220,1970,1976
Warney,Jameel,F,USA,80,260,2017,2017
Warren,Johnny,G,USA,75,180,1969,1973
Warren,T.J.,F,USA,80,220,2014,2022
Warren,Willie,G,USA,76,203,2010,2010
Warrick,Bryan,G,USA,77,195,1982,1985
Warrick,Hakim,F,USA,81,219,2005,2012
Washburn,Chris,C,USA,83,225,1986,1987
Washburn,Julian,F-G,USA,80,209,2018,2018
Washington,Bobby,G,USA,71,175,1970,1971
Washington,Darius,G,USA,74,195,2007,2007
Washington,Duane,G,USA,76,195,1987,1992
Washington,Dwayne,G,USA,74,190,1986,1988
Washington,Eric,F-G,USA,76,190,1997,1998
Washington,Jim,F,USA,79,210,1965,1975
Washington,Kermit,F,USA,80,230,1973,1987
Washington,P.J.,F,USA,79,230,2019,2022
Washington,Richard,F,USA,82,220,1976,1981
Washington,Stan,G,USA,76,190,1974,1974
Washington,Wilson,F,USA,81,227,1977,1978
Washington Jr.,Duane,G,Germany,74,197,2021,2022
Washington Jr.,TyTy,G,USA,75,195,2022,2022
Watanabe,Yuta,G-F,Japan,80,215,2018,2022
Waters,Tremont,G,USA,70,175,2019,2021
Waters III,Lindy,F,USA,78,210,2021,2022
Watford,Trendon,F,USA,80,237,2021,2022
Watkins,Darryl,C,USA,83,258,2007,2011
Watson,C.J.,G,USA,74,175,2007,2016
Watson,Earl,G,USA,73,199,2001,2013
Watson,Jamie,F,USA,79,190,1994,1998
Watson,Paul,G,USA,78,210,2019,2021
Watson,Peyton,G,USA,79,200,2022,2022
Watts,Ron,F,USA,78,210,1965,1966
Watts,Slick,G,USA,73,175,1973,1978
Wayns,Maalik,G,USA,73,195,2012,2013
Wear,David,F,USA,82,230,2014,2014
Wear,Travis,F,USA,82,225,2014,2017
Weatherspoon,Clar.,F,USA,79,270,1992,2004
Weatherspoon,Nick,F,USA,79,195,1973,1979
Weatherspoon,Quinndary,G,USA,75,205,2019,2021
Weaver,Kyle,G,USA,78,201,2008,2010
Webb,Jeff,G,USA,76,170,1970,1971
Webb,Marcus,F,USA,81,255,1992,1992
Webb,Spud,G,USA,67,133,1985,1997
Webb III,James,F,USA,81,202,2017,2017
Webber,Chris,C-F,USA,82,245,1993,2007
Weber,Briante,G,USA,74,165,2015,2017
Webster,Jeff,F,USA,80,232,1995,1995
Webster,Martell,F-G,USA,79,230,2005,2014
Webster,Marvin,C,USA,85,225,1976,1986
Wedman,Scott,F,USA,79,215,1974,1986
Weems,Sonny,F,USA,78,203,2008,2015
Wehr,Dick,F,USA,76,180,1948,1948
Weidner,Brant,F,USA,81,230,1983,1983
Weiss,Bob,G,USA,75,180,1965,1976
Weitzman,Rick,G,USA,74,175,1967,1967
Wells,Bonzi,G-F,USA,77,210,1998,2007
Wells,Bubba,F,USA,77,230,1997,1997
Wells,Owen,F,USA,79,200,1974,1974
Wells,Ralph,G,USA,73,180,1962,1962
Welp,Chris,C,USA,84,245,1987,1989
Welsch,Jiri,F,Czech Republic,79,208,2002,2005
Welsh,Thomas,C,USA,84,255,2018,2018
Wennington,Bill,C,USA,84,277,1985,1999
Wenstrom,Matt,C,USA,85,250,1993,1993
Werdann,Robert,C,USA,83,250,1992,1996
Wesley,Blake,G,USA,76,185,2022,2022
Wesley,David,G,USA,73,203,1993,2006
Wesley,Walt,C,USA,83,220,1966,1975
West,David,F,USA,81,250,2003,2017
West,Delonte,G,USA,75,180,2004,2011
West,Doug,G-F,USA,78,220,1989,2000
West,Jerry,G,USA,75,175,1960,1973
West,Mario,G,USA,77,210,2007,2010
West,Mark,C,USA,82,246,1983,1999
West,Roland,G,USA,76,178,1967,1967
Westbrook,Russell,G,USA,75,200,2008,2022
Westphal,Paul,G,USA,76,195,1972,1983
Wetzel,John,G,USA,77,190,1967,1975
Whaley,Robert,C,USA,82,260,2005,2005
Whatley,Ennis,G,USA,75,177,1983,1996
Wheat,DeJuan,G,USA,72,165,1997,1998
Wheeler,Clinton,G,USA,73,185,1987,1988
Wheeler,Tyson,G,USA,70,165,1998,1998
Whitaker,Lucian,G,USA,73,180,1954,1954
White,Coby,G,USA,77,195,2019,2022
White,DJ,F,USA,81,250,2008,2013
White,Derrick,G,USA,76,190,2017,2022
White,Eric,F,USA,80,200,1987,1988
White,Herb,G,USA,74,195,1970,1970
White,Hubie,G,USA,76,205,1962,1963
White,Jack,F,Australia,79,225,2022,2022
White,Jahidi,C-F,USA,81,290,1998,2004
White,James,G-F,USA,79,215,2006,2012
White,Jojo,G,USA,75,190,1969,1980
White,Okaro,F,USA,80,215,2016,2018
White,Randy,F,USA,80,240,1989,1993
White,Rodney,F,USA,81,230,2001,2004
White,Rory,F,USA,80,210,1982,1986
White,Royce,F,USA,80,260,2012,2013
White,Rudy,G,USA,74,195,1975,1980
White,Terrico,G,USA,77,213,2010,2010
White,Tony,G,USA,74,170,1987,1987
White,Willie,G,USA,75,195,1984,1985
White III,Andrew,F,USA,79,210,2017,2017
Whitehead,Isaiah,G,USA,76,213,2016,2018
Whitehead,Jerome,C,USA,82,220,1978,1988
Whiteside,Donald,G,USA,70,160,1996,1997
Whiteside,Hassan,C,USA,84,265,2010,2021
Whitfield,Dwayne,F,USA,79,240,1995,1995
Whitney,Charles,F,USA,77,235,1980,1981
Whitney,Chris,G,USA,72,175,1993,2003
Whittington,Greg,F,USA,80,210,2020,2020
Whittington,Shayne,F-C,USA,83,250,2014,2015
Wicks,Sidney,F,USA,81,225,1971,1980
Wier,Murray,G,USA,69,155,1949,1949
Wiesenhahn,Bob,F,USA,76,215,1961,1961
Wieskamp,Joe,G-F,USA,78,205,2021,2022
Wiggins,Aaron,G,USA,77,190,2021,2022
Wiggins,Andrew,F,Canada,79,197,2014,2022
Wiggins,Mitchell,G,USA,76,185,1983,1991
Wigginton,Lindell,G,Canada,73,189,2021,2022
Wilburn,Ken,F,USA,78,195,1967,1968
Wilcox,C.J.,G,USA,77,195,2014,2017
Wilcox,Chris,F-C,USA,82,235,2002,2012
Wilcutt,D.C.,G,USA,74,165,1948,1949
Wiley,Gene,C,USA,82,210,1962,1965
Wiley,Jacob,F,USA,80,223,2017,2017
Wiley,Michael,F,USA,81,200,1980,1981
Wiley,Morlon,G,USA,76,185,1988,1994
Wilfong,Win,G,USA,74,185,1957,1960
Wilkens,Lenny,G,USA,73,180,1960,1974
Wilkerson,Bob,G,USA,78,195,1976,1982
Wilkes,Jamaal,F,USA,78,190,1974,1985
Wilkes,James,F,USA,79,195,1980,1982
Wilkins,Damien,G-F,USA,78,225,2004,2017
Wilkins,Dominique,F,USA,80,230,1982,1998
Wilkins,Eddielee,C,USA,82,220,1984,1992
Wilkins,Gerald,G-F,USA,78,225,1985,1998
Wilkins,Jeff,C,USA,82,230,1980,1985
Wilkinson,Dale,F,USA,82,220,1984,1984
Wilks,Mike,G,USA,70,180,2002,2009
Williams,Aaron,C-F,USA,81,235,1993,2007
Williams,Alan,F-C,USA,80,265,2015,2018
Williams,Alondes,G,USA,76,210,2022,2022
Williams,Alvin,G,USA,77,195,1997,2006
Williams,Arthur,G,USA,73,180,1967,1973
Williams,Bernie,G,USA,75,175,1969,1970
Williams,Bob,F,USA,78,230,1955,1956
Williams,Brandon,F,USA,78,215,1997,2002
Williams,Brandon,G,USA,74,190,2021,2021
Williams,Buck,F,USA,80,225,1981,1997
Williams,C.J.,G,USA,77,226,2017,2018
Williams,Chuck,G,USA,74,175,1976,1977
Williams,Chuckie,G,USA,75,180,1976,1976
Williams,Cliff,G,USA,75,180,1968,1968
Williams,Corey,G,USA,75,190,1992,1993
Williams,Deron,G,USA,75,200,2005,2016
Williams,Derrick,F,USA,80,240,2011,2017
Williams,Don,G,USA,74,180,1979,1979
Williams,Donovan,G,USA,78,190,2022,2022
Williams,Earl,C,USA,79,230,1974,1978
Williams,Elliot,G,USA,77,180,2010,2015
Williams,Eric,F,USA,80,220,1995,2006
Williams,Frank,G,USA,75,212,2002,2004
Williams,Freeman,G,USA,76,190,1978,1985
Williams,Grant,F,USA,78,236,2019,2022
Williams,Gus,G,USA,74,175,1975,1986
Williams,Guy,F,USA,81,200,1984,1985
Williams,Herb,C,USA,83,260,1981,1998
Williams,Hot Rod,C,USA,83,245,1986,1998
Williams,Jalen,G-F,USA,77,211,2022,2022
Williams,Jason,G,USA,73,180,1998,2010
Williams,Jawad,F,USA,81,218,2008,2010
Williams,Jay,G,USA,74,195,2002,2002
Williams,Jaylin,F,USA,81,240,2022,2022
Williams,Jayson,C-F,USA,82,245,1990,1998
Williams,Jeenathan,G,USA,77,205,2022,2022
Williams,Jerome,F-C,USA,81,206,1996,2004
Williams,John,F,USA,80,235,1986,1994
Williams,Johnathan,F,USA,81,228,2018,2019
Williams,Jordan,C,USA,82,260,2011,2011
Williams,Justin,F,USA,82,230,2006,2007
Williams,Kenny,F,USA,81,205,1990,1993
Williams,Kenrich,G-F,USA,78,210,2018,2022
Williams,Kevin,G,USA,74,175,1983,1988
Williams,Lorenzo,C-F,USA,81,230,1992,1999
Williams,Lou,G,USA,74,175,2005,2021
Williams,Marcus,G,USA,75,205,2006,2009
Williams,Marcus,G,USA,79,207,2007,2008
Williams,Mark,C,USA,84,240,2022,2022
Williams,Marvin,F,USA,80,237,2005,2019
Williams,Micheal,G,USA,74,175,1988,1998
Williams,Mike,G,USA,80,255,1989,1989
Williams,Milt,G,USA,74,182,1970,1973
Williams,Mo,G,USA,73,198,2003,2015
Williams,Monty,F,USA,80,225,1994,2002
Williams,Nate,G,USA,76,215,1971,1978
Williams,Patrick,F,USA,79,215,2020,2022
Williams,Pete,F,USA,79,190,1985,1986
Williams,Ray,G,USA,75,188,1977,1986
Williams,Reggie,F-G,USA,79,195,1987,1996
Williams,Reggie,F,USA,78,205,2009,2016
Williams,Rickey,G,USA,73,175,1982,1982
Williams,Rob,G,USA,74,175,1982,1983
Williams,Ron,G,USA,75,188,1968,1975
Williams,Sam,G,USA,75,180,1968,1969
Williams,Samuel,F,USA,80,210,1981,1984
Williams,Scott,C-F,USA,82,260,1990,2004
Williams,Sean,F-C,USA,82,235,2007,2011
Williams,Shammond,G,USA,73,201,1998,2006
Williams,Shawne,F,USA,82,230,2006,2014
Williams,Shelden,C-F,USA,81,250,2006,2011
Williams,Sly,F,USA,79,210,1979,1985
Williams,Terrence,G-F,USA,78,220,2009,2012
Williams,Travis,F,USA,79,250,1997,1998
Williams,Troy,F,USA,79,218,2016,2018
Williams,Walt,F-G,USA,80,230,1992,2002
Williams,Ward,F,USA,76,195,1948,1948
Williams,Willie,F,USA,79,200,1970,1970
Williams,Ziaire,F,USA,81,185,2021,2022
Williams III,Robert,C-F,USA,81,237,2018,2022
Williams Jr.,Matt,G,USA,77,210,2017,2017
Williams Jr.,Vince,G,USA,76,205,2022,2022
Williams-Goss,Nigel,G,USA,74,190,2019,2019
Williamson,Corliss,F,USA,79,245,1995,2006
Williamson,John,G,USA,74,185,1976,1980
Williamson,Zion,F,USA,78,284,2019,2022
Willis,Kevin,C-F,USA,84,245,1984,2006
Willoughby,Bill,F,USA,80,205,1975,1983
Willoughby,Dedric,G,USA,75,180,1999,1999
Wilson,Bob,G,USA,76,185,1951,1951
Wilson,Bobby,G,USA,74,175,1974,1977
Wilson,D.J.,F,USA,82,231,2017,2021
Wilson,George,C,USA,80,225,1964,1970
Wilson,Isaiah,G,USA,74,175,1971,1971
Wilson,Jamil,F,USA,79,229,2017,2017
Wilson,Mike,G,USA,75,175,1983,1986
Wilson,Nikita,F,USA,80,200,1987,1987
Wilson,Othell,G,USA,72,190,1984,1986
Wilson,Rick,G,USA,76,200,1978,1979
Wilson,Ricky,G,USA,75,195,1987,1987
Wilson,Thomas,G,USA,75,175,1979,1979
Wilson,Trevor,F,USA,79,210,1990,1995
Wiltjer,Kyle,F,Canada,82,240,2016,2016
Winchester,Kennard,F,USA,77,210,1990,1992
Windis,Tony,G,USA,73,160,1959,1959
Windler,Dylan,G-F,USA,79,196,2019,2022
Windsor,John,F,USA,80,215,1963,1963
Winfield,Lee,G,USA,74,174,1969,1975
Wingate,David,G-F,USA,77,187,1986,2000
Wingfield,Dontonio,F,USA,80,256,1994,1997
Wingo,Harthorne,F,USA,78,210,1972,1975
Winkler,Marv,G,USA,73,164,1970,1970
Winslow,Justise,F-G,USA,78,222,2015,2022
Winslow,Rickie,F,USA,80,225,1987,1987
Winston,Cassius,G,USA,73,185,2020,2021
Winter,Trevor,C,USA,84,275,1998,1998
Winters,Brian,G,USA,76,185,1974,1982
Winters,Voise,F,USA,80,200,1985,1985
Wise,Willie,F,USA,78,210,1976,1977
Wiseman,James,C,USA,84,240,2020,2022
Withey,Jeff,C,USA,84,231,2013,2017
Witte,Luke,C,USA,84,235,1973,1975
Wittman,Randy,G,USA,78,210,1983,1991
Witts,Garry,G,USA,79,190,1981,1981
Wohl,Dave,G,USA,74,185,1971,1977
Wolf,Joe,C-F,USA,83,260,1987,1998
Wolkowyski,Ruben,F,Argentina,82,275,2000,2002
Wolters,Nate,G,USA,76,190,2013,2017
Wood,Al,G,USA,78,193,1981,1986
Wood,Christian,F,USA,81,214,2015,2022
Wood,David,F,USA,81,230,1988,1996
Wood,Howard,F,USA,79,235,1981,1981
Wood,Leon,G,USA,75,185,1984,1990
Woodard II,Robert,F,USA,78,235,2020,2021
Woods,Loren,C,USA,86,260,2001,2007
Woods,Qyntel,F-G,USA,80,220,2002,2005
Woods,Randy,G,USA,70,185,1992,1995
Woodson,Mike,G,USA,77,195,1980,1990
Woolridge,Orlando,F,USA,81,215,1981,1993
Wooten,Kenny,F,USA,80,235,2019,2019
Workman,Haywoode,G,USA,75,180,1989,1999
Workman,Mark,C,USA,81,215,1952,1953
Workman,Tom,F,USA,79,218,1967,1969
World Peace,Metta,F,USA,79,260,1999,2016
Worthen,Sam,G,USA,77,195,1980,1981
Worthy,James,F,USA,81,225,1982,1993
Wright,Antoine,F-G,USA,79,215,2005,2010
Wright,Bracey,G,USA,75,201,2005,2006
Wright,Brad,F,USA,83,225,1986,1987
Wright,Brandan,F,USA,82,210,2007,2017
Wright,Chris,F,USA,81,226,2011,2013
Wright,Chris,G,USA,73,210,2012,2012
Wright,Delon,G,USA,77,185,2015,2022
Wright,Dorell,F-G,USA,81,205,2004,2015
Wright,Howard,F,USA,80,220,1990,1992
Wright,Joby,F,USA,80,220,1972,1972
Wright,Julian,F,USA,80,225,2007,2010
Wright,Larry,G,USA,73,160,1976,1981
Wright,Lorenzen,F-C,USA,83,255,1996,2008
Wright,Luther,C,USA,86,270,1993,1993
Wright,Moses,F,USA,80,226,2021,2021
Wright,Sharone,C,USA,83,260,1994,1997
Wright IV,McKinley,G,USA,71,192,2021,2022
Wright-Foreman,Justin,G,USA,72,190,2019,2019
Wroten,Tony,G,USA,78,205,2012,2015
Wynder,A.J.,G,USA,74,180,1990,1990
Yabusele,Guerschon,F,France,80,260,2017,2018
Ming,Yao,C,China,90,310,2002,2010
Yarbrough,Vincent,F,USA,79,210,2002,2002
Yardley,George,F,USA,77,190,1953,1959
Yates,Barry,F,USA,79,215,1971,1971
Yates,Wayne,C,USA,80,235,1961,1961
Yelverton,Charlie,G,USA,74,190,1971,1971
Jianlian,Yi,F,China,84,250,2007,2011
Yonakor,Rich,F,USA,81,220,1981,1981
York,Gabe,G,USA,75,190,2021,2022
Young,Danny,G,USA,76,175,1984,1994
Young,James,G-F,USA,78,215,2014,2017
Young,Joe,G,USA,74,185,2015,2017
Young,Korleone,F,USA,79,213,1998,1998
Young,Michael,G,USA,79,220,1984,1989
Young,Nick,G-F,USA,79,210,2007,2018
Young,Perry,G,USA,77,210,1986,1986
Young,Sam,F-G,USA,78,225,2009,2012
Young,Thaddeus,F,USA,80,235,2007,2022
Young,Tim,C,USA,86,270,1999,1999
Young,Trae,G,USA,73,164,2018,2022
Yurtseven,Omer,C,Turkey,83,275,2020,2022
Zaslofsky,Max,G,USA,74,170,1946,1955
Zawoluk,Robert,F,USA,79,215,1952,1954
Zeller,Cody,F-C,USA,83,240,2013,2022
Zeller,Dave,G,USA,73,175,1961,1961
Zeller,Gary,G,USA,75,205,1970,1971
Zeller,Hank,C,USA,76,210,1946,1946
Zeller,Luke,F-C,USA,83,245,2012,2012
Zeller,Tyler,F-C,USA,83,250,2012,2019
Zeno,Tony,F,USA,80,210,1979,1979
Zevenbergen,Phil,F,USA,82,230,1987,1987
Zhi-zhi,Wang,C,China,85,284,2000,2004
Zidek,George,C,USA,84,264,1995,1997
Zimmerman,Derrick,G,USA,75,195,2005,2005
Zimmerman,Stephen,C,USA,84,240,2016,2016
Zipser,Paul,F,Germany,80,226,2016,2017
Zizic,Ante,C,Croatia,82,266,2017,2019
Zoet,Jim,C,USA,85,240,1982,1982
Zopf,Bill,G,USA,73,170,1970,1970
Zubac,Ivica,C,Croatia,84,240,2016,2022
Zunic,Matt,G,USA,75,195,1948,1948
