order,family,genus,species,binomial,adult_body_mass_g,adult_head_body_len_mm,gestation_days,litter_size,litters_per_year,max_longevity_months,weaning_age_days,neonate_body_mass_g,sexual_maturity_age_days,diet_breadth,habitat_breadth,trophic_level,home_range_km2,pop_density_per_km2,geog_range_km2
Artiodactyla,Camelidae,Camelus,dromedarius,Camelus dromedarius,492714.47,,386.51,0.98,1.0,480.0,389.38,36751.19,1947.94,3,1,1,196.32,0.98,
Carnivora,Canidae,Canis,adustus,Canis adustus,10392.49,745.32,65.0,4.5,,137.0,52.89,,249.88,6,1,2,1.01,0.74,10581413.14
Carnivora,Canidae,Canis,aureus,Canis aureus,9658.7,827.53,61.24,3.74,,192.0,61.3,211.82,371.23,6,1,2,2.95,0.22,25739527.43
Carnivora,Canidae,Canis,latrans,Canis latrans,11989.1,872.39,61.74,5.72,,262.0,43.71,200.01,372.9,1,1,3,18.88,0.25,17099094.3
Carnivora,Canidae,Canis,lupus,Canis lupus,31756.51,1055.0,63.5,4.98,2.0,354.0,44.82,412.31,679.37,1,1,3,159.86,0.01,50803439.7
Artiodactyla,Bovidae,Bos,frontalis,Bos frontalis,800143.05,2700.0,273.75,1.22,1.0,314.4,186.67,22977.05,610.97,3,,1,,0.54,2294331.63
Artiodactyla,Bovidae,Bos,grunniens,Bos grunniens,500000.0,,273.75,1.0,1.0,267.0,243.33,,755.15,2,,1,,,1523540.07
Artiodactyla,Bovidae,Bos,javanicus,Bos javanicus,635974.34,2075.0,296.78,1.22,1.0,318.96,287.74,,797.31,2,1,1,,0.75,1687920.66
Primates,Pitheciidae,Callicebus,cupreus,Callicebus cupreus,1117.02,354.99,129.25,1.01,,,201.85,73.6,,,1,,,4.89,690923.14
Primates,Pitheciidae,Callicebus,donacophilus,Callicebus donacophilus,897.67,,,1.02,,,,,,,1,,,,288759.02
Primates,Pitheciidae,Callicebus,dubius,Callicebus dubius,992.4,,,1.02,,,,,,,1,,,,
Primates,Pitheciidae,Callicebus,hoffmannsi,Callicebus hoffmannsi,1067.61,,,1.02,,,,,,,1,,,,98076.46
Primates,Pitheciidae,Callicebus,modestus,Callicebus modestus,992.4,,,1.02,,,,,,,1,,,,17288.42
Didelphimorphia,Didelphidae,Caluromys,derbianus,Caluromys derbianus,326.72,231.0,,3.14,,60.0,,,251.71,3,1,2,,11.86,678553.48
Didelphimorphia,Didelphidae,Caluromys,lanatus,Caluromys lanatus,350.33,273.3,,,,60.0,,,,4,2,2,,,3683731.12
Didelphimorphia,Didelphidae,Caluromys,philander,Caluromys philander,246.47,224.27,23.99,4.18,2.0,76.0,119.65,0.2,314.52,4,2,2,0.009960363,62.32,3212264.13
Didelphimorphia,Didelphidae,Caluromysiops,irrupta,Caluromysiops irrupta,257.48,234.52,,2.0,,94.0,,,,3,1,2,,8.85,188864.44
Cingulata,Dasypodidae,Calyptophractus,retusus,Calyptophractus retusus,129.99,157.5,,,,144.0,,,,4,2,2,,,1081453.8
Artiodactyla,Camelidae,Camelus,bactrianus,Camelus bactrianus,554515.91,,397.99,1.39,1.0,480.0,368.13,34346.64,1330.6,2,1,1,,0.06,188693.0
Artiodactyla,Bovidae,Bos,sauveli,Bos sauveli,791321.76,2175.0,,,,,,,755.15,2,1,1,,,115557.18
Artiodactyla,Bovidae,Bos,taurus,Bos taurus,618642.42,,280.48,,1.0,240.0,,,755.15,,,,10.04,,44447.62
Artiodactyla,Bovidae,Boselaphus,tragocamelus,Boselaphus tragocamelus,182253.04,2000.0,248.49,1.39,,260.4,,5875.0,,5,,1,,2.39,2192564.81
Carnivora,Canidae,Canis,mesomelas,Canis mesomelas,8247.3,707.27,62.5,3.89,,168.0,34.1,177.2,241.4,6,1,2,11.93,0.74,6248779.95
Carnivora,Canidae,Canis,simensis,Canis simensis,14361.86,938.19,63.61,,,,69.6,,754.74,1,1,3,4.2,1.2,11402.81
Rodentia,Spalacidae,Cannomys,badius,Cannomys badius,472.07,,41.49,2.0,,48.0,50.1,,,,,,,,818286.0
Cetacea,Neobalaenidae,Caperea,marginata,Caperea marginata,31999999.98,,,0.98,,,,,,,,,,,
Artiodactyla,Bovidae,Capra,caucasica,Capra caucasica,58149.52,,155.0,1.09,,264.0,,,1015.0,,,,,,32781.87
Artiodactyla,Bovidae,Capra,falconeri,Capra falconeri,54303.37,1590.0,167.98,1.73,,168.0,167.29,,1015.0,2,1,1,,,155075.85
Artiodactyla,Bovidae,Capra,hircus,Capra hircus,47386.47,,156.0,1.45,,249.6,158.04,2136.11,498.97,2,,1,98.3,7.58,
Artiodactyla,Bovidae,Capra,ibex,Capra ibex,69546.83,,167.5,1.11,,267.6,111.75,2779.07,838.54,2,1,1,,,145098.13
Erinaceomorpha,Erinaceidae,Atelerix,algirus,Atelerix algirus,903.98,214.76,39.25,2.5,2.0,84.0,39.7,,,3,,2,,,815329.89
Erinaceomorpha,Erinaceidae,Atelerix,frontalis,Atelerix frontalis,329.12,181.82,37.13,4.99,1.5,,34.8,10.55,411.43,6,1,2,,,1497998.13
Primates,Atelidae,Ateles,belzebuth,Ateles belzebuth,6692.42,459.3,138.2,1.02,,336.0,,,,2,1,1,2.28,13.49,1030364.23
Primates,Atelidae,Ateles,chamek,Ateles chamek,7053.92,454.28,,,,,,,,2,1,1,1.16,3.39,990902.31
Primates,Atelidae,Ateles,fusciceps,Ateles fusciceps,9067.94,489.15,224.7,1.01,,288.0,482.7,499.99,1799.68,2,1,1,,,201579.73
Primates,Atelidae,Ateles,geoffroyi,Ateles geoffroyi,7582.4,433.07,226.37,1.01,,327.6,816.35,425.85,2104.57,2,1,1,0.73,19.06,806609.19
Primates,Atelidae,Ateles,marginatus,Ateles marginatus,6229.28,460.27,,,,,,,,2,1,1,,,831855.4
Primates,Atelidae,Ateles,paniscus,Ateles paniscus,8697.25,575.96,228.18,1.0,,453.6,805.41,478.64,2104.57,6,1,2,1.36,8.0,892635.1
Primates,Pitheciidae,Callicebus,moloch,Callicebus moloch,958.13,358.65,164.0,1.01,,303.6,58.85,74.4,1262.74,3,1,2,0.02,18.43,911442.78
Primates,Pitheciidae,Callicebus,oenanthe,Callicebus oenanthe,992.4,,,1.02,,,,,,,1,,,,5807.21
Primates,Pitheciidae,Callicebus,olallae,Callicebus olallae,992.4,,,1.02,,,,,,,1,,,,17288.42
Primates,Pitheciidae,Callicebus,personatus,Callicebus personatus,1390.8,362.49,,1.01,,,,,,4,1,1,0.03,13.03,172664.46
Primates,Pitheciidae,Callicebus,torquatus,Callicebus torquatus,1209.57,294.99,,1.01,,,121.66,,1683.65,4,1,2,0.11,10.2,
Primates,Cebidae,Callimico,goeldii,Callimico goeldii,558.0,280.0,153.99,1.05,,214.8,66.53,50.5,413.84,2,1,2,0.32,2.08,462922.05
Rodentia,Echimyidae,Callistomys,pictus,Callistomys pictus,518.99,,,,,,,,,,,,,,37773.91
Primates,Cebidae,Callithrix,argentata,Callithrix argentata,382.92,,,1.84,,201.6,,35.8,701.52,4,1,2,,7.52,123514.0
Primates,Cebidae,Callithrix,aurita,Callithrix aurita,386.2,239.99,140.0,2.0,,,,,,3,1,2,0.08,,87653.49
Primates,Cebidae,Callithrix,emiliae,Callithrix emiliae,309.58,,,,,,,,,,,,,,160568.97
Primates,Cebidae,Callithrix,flaviceps,Callithrix flaviceps,372.97,239.99,140.0,2.0,,,,,,3,1,2,0.22,11.85,27330.89
Primates,Cebidae,Callithrix,geoffroyi,Callithrix geoffroyi,342.0,,,,,,,,,,1,,,,132745.3
Primates,Cebidae,Callithrix,humeralifera,Callithrix humeralifera,374.99,,,,,180.0,99.01,34.5,,4,1,2,0.1,28.32,129628.0
Primates,Cebidae,Callithrix,jacchus,Callithrix jacchus,290.21,,144.0,2.31,,201.6,60.24,27.74,455.99,5,1,2,0.02,508.18,604264.4
Primates,Cebidae,Callithrix,kuhlii,Callithrix kuhlii,374.99,,,,,,,,,4,1,2,0.06,59.0,34583.88
Primates,Cebidae,Callithrix,mauesi,Callithrix mauesi,443.79,,,,,,,,,4,1,2,,,2038.88
Primates,Cebidae,Callithrix,nigriceps,Callithrix nigriceps,401.12,,,2.0,,,,,,4,1,2,,,24958.88
Primates,Cebidae,Callithrix,penicillata,Callithrix penicillata,339.98,,,2.0,,,,,,,1,,0.01,,1325473.3
Primates,Cebidae,Callithrix,pygmaea,Callithrix pygmaea,123.94,154.6,134.44,1.93,,181.2,90.73,14.5,708.5,3,1,2,0.002117904,15.9,1508925.87
Carnivora,Otariidae,Callorhinus,ursinus,Callorhinus ursinus,55464.82,1734.82,358.49,1.04,0.5,420.0,108.69,5354.8,1683.65,6,2,2,,18.0,
Rodentia,Sciuridae,Callosciurus,adamsi,Callosciurus adamsi,208.72,203.5,,1.94,,,,,,6,1,2,,,30384.46
Rodentia,Sciuridae,Callosciurus,baluensis,Callosciurus baluensis,323.91,203.5,,3.0,,,,,,6,1,2,,,20853.19
Rodentia,Sciuridae,Callosciurus,caniceps,Callosciurus caniceps,264.91,211.08,,2.19,,114.0,,,,,1,,0.01,18.6,420861.69
Rodentia,Sciuridae,Callosciurus,erythraeus,Callosciurus erythraeus,283.23,211.93,,1.94,2.0,193.2,,,,3,1,1,0.008950755,622.69,2354368.13
Rodentia,Sciuridae,Callosciurus,melanogaster,Callosciurus melanogaster,296.0,213.0,,,,,,,,4,2,2,,,5140.87
Rodentia,Sciuridae,Callosciurus,nigrovittatus,Callosciurus nigrovittatus,208.3,203.5,,2.36,,,,,,6,1,2,0.01,5.75,1450546.42
Rodentia,Sciuridae,Callosciurus,notatus,Callosciurus notatus,209.49,203.5,,2.62,,115.2,,,413.84,6,1,2,0.02,98.32,1474469.76
Rodentia,Sciuridae,Callosciurus,orestes,Callosciurus orestes,323.91,203.5,,3.0,,,,,,6,1,2,,,35107.14
Rodentia,Sciuridae,Callosciurus,prevostii,Callosciurus prevostii,400.0,247.0,46.08,1.29,,68.0,,16.34,,6,1,2,,,1315342.19
Rodentia,Cricetidae,Calomys,boliviae,Calomys boliviae,27.0,,,,,,,,,,,,,,108148.2
Rodentia,Cricetidae,Calomys,callidus,Calomys callidus,27.0,,,,,,,,13.57,,,,,,
Rodentia,Cricetidae,Calomys,callosus,Calomys callosus,44.95,,21.8,4.91,3.0,,18.33,2.4,43.18,,2,,,354.3,
Rodentia,Cricetidae,Calomys,expulsus,Calomys expulsus,39.86,,,,,,,,,,,,,1195.79,
Rodentia,Cricetidae,Calomys,hummelincki,Calomys hummelincki,27.0,,,,,,,,,,1,,,,333859.81
Rodentia,Cricetidae,Calomys,laucha,Calomys laucha,14.0,,25.0,5.3,,,,,,3,2,2,,,1239274.0
Rodentia,Cricetidae,Calomys,lepidus,Calomys lepidus,20.59,,,4.29,,,,2.0,,,1,,,,593465.1
Rodentia,Cricetidae,Calomys,musculinus,Calomys musculinus,20.2,,20.97,6.27,,,,,76.03,3,1,2,,253.33,869814.79
Rodentia,Cricetidae,Calomys,sorellus,Calomys sorellus,20.0,,,,,,,,,,,,,,205439.89
Rodentia,Cricetidae,Calomys,tener,Calomys tener,13.8,69.2,,,,,,,,,,,,,915351.64
Rodentia,Cricetidae,Calomys,venustus,Calomys venustus,49.33,,,,,,,,,,,,,,
Rodentia,Calomyscidae,Calomyscus,bailwardi,Calomyscus bailwardi,21.38,,,4.0,1.0,,,,,,,,,354.3,102086.07
Diprotodontia,Potoroidae,Caloprymnus,campestris,Caloprymnus campestris,927.57,,,1.0,,156.0,,,,,,,,,
Carnivora,Canidae,Atelocynus,microtis,Atelocynus microtis,8363.22,831.01,,,,132.0,,,,1,1,3,,,7634256.6
Rodentia,Hystricidae,Atherurus,africanus,Atherurus africanus,2875.65,430.99,108.18,1.5,2.75,274.8,45.37,146.27,,5,2,2,0.12,,5140711.56
Rodentia,Hystricidae,Atherurus,macrourus,Atherurus macrourus,2000.0,,,1.5,,,,,,5,2,2,,,2597040.51
Carnivora,Herpestidae,Atilax,paludinosus,Atilax paludinosus,3600.16,499.01,77.27,2.0,2.0,209.0,35.89,100.0,234.83,6,2,2,1.73,,14296320.45
Rodentia,Sciuridae,Atlantoxerus,getulus,Atlantoxerus getulus,250.57,189.1,,,,108.0,,,,,,,,,179364.26
Rodentia,Cricetidae,Auliscomys,boliviensis,Auliscomys boliviensis,70.91,,,3.4,,,,,,,1,,,,207032.77
Rodentia,Cricetidae,Auliscomys,pictus,Auliscomys pictus,48.97,,,,,,,,,,,,,232.95,309321.99
Rodentia,Cricetidae,Auliscomys,sublimis,Auliscomys sublimis,38.0,,,,,,,,,,1,,,,497531.43
Primates,Indriidae,Avahi,laniger,Avahi laniger,1092.28,275.0,136.15,1.01,1.0,,149.15,,,3,2,1,0.01,84.85,85075.49
Primates,Indriidae,Avahi,occidentalis,Avahi occidentalis,828.98,,,1.02,,,,,,1,1,1,0.01,66.99,7563.78
Artiodactyla,Cervidae,Axis,axis,Axis axis,69499.99,,227.49,1.01,,249.6,121.66,3156.86,543.68,,,,0.67,6.69,2041090.04
Artiodactyla,Cervidae,Axis,calamianensis,Axis calamianensis,39812.6,1387.44,224.0,2.0,,,,,,,,,,,1345.4
Artiodactyla,Cervidae,Axis,kuhlii,Axis kuhlii,54999.99,1375.0,227.49,1.22,1.3,,,,,2,,1,,4.44,197.86
Artiodactyla,Cervidae,Axis,porcinus,Axis porcinus,37448.29,,220.13,1.0,,240.0,,2483.33,464.04,3,,1,0.52,16.5,2017514.05
Artiodactyla,Suidae,Babyrousa,babyrussa,Babyrousa babyrussa,92950.09,950.0,156.5,1.73,1.5,288.0,212.91,715.0,362.5,6,1,2,,,13309.7
Cetacea,Balaenopteridae,Balaenoptera,musculus,Balaenoptera musculus,154321304.5,30480.0,326.97,1.0,0.45,1320.0,211.71,2738612.79,1959.8,1,1,3,,,
Cetacea,Balaenopteridae,Balaenoptera,physalus,Balaenoptera physalus,47506008.23,20641.06,338.36,1.01,0.37,1392.0,196.58,1899999.99,2666.41,2,1,3,,,
Chiroptera,Emballonuridae,Balantiopteryx,io,Balantiopteryx io,3.97,40.2,,1.0,,,,0.59,,,1,,,,211758.21
Chiroptera,Emballonuridae,Balantiopteryx,plicata,Balantiopteryx plicata,6.57,,138.81,0.99,1.0,,58.59,2.0,,1,1,3,,,841946.43
Chiroptera,Pteropodidae,Balionycteris,maculata,Balionycteris maculata,14.43,,,1.0,,,,,,1,1,1,,,870187.37
Rodentia,Muridae,Bandicota,bengalensis,Bandicota bengalensis,226.99,,18.89,7.29,5.9,,30.03,4.85,63.52,,,,,,3698085.54
Rodentia,Muridae,Bandicota,indica,Bandicota indica,583.09,,20.26,6.12,,,27.3,9.77,145.81,,,,,,6308602.34
Artiodactyla,Bovidae,Cephalophus,niger,Cephalophus niger,19094.32,1041.8,126.0,1.0,,122.04,89.49,1940.0,,7,1,2,,1.14,726891.4
Artiodactyla,Bovidae,Cephalophus,nigrifrons,Cephalophus nigrifrons,14676.33,944.21,,,,236.4,,,,4,1,1,,2.0,2766201.07
Artiodactyla,Bovidae,Cephalophus,ogilbyi,Cephalophus ogilbyi,18386.42,1000.0,121.66,1.0,,,,,,,,,0.07,,231511.16
Artiodactyla,Bovidae,Cephalophus,rufilatus,Cephalophus rufilatus,12114.57,650.0,233.99,1.0,,114.0,85.59,975.1,,5,1,2,,3.18,3098970.49
Artiodactyla,Bovidae,Cephalophus,silvicultor,Cephalophus silvicultor,62006.6,1324.76,234.43,1.0,,207.96,34.9,4400.72,,5,1,2,,0.5,6018051.89
Artiodactyla,Bovidae,Cephalophus,spadix,Cephalophus spadix,56857.02,1174.48,,,,65.04,,,,3,1,1,,,36583.37
Artiodactyla,Bovidae,Cephalophus,zebra,Cephalophus zebra,15654.75,874.99,223.89,1.0,,146.04,13.64,1704.99,,3,1,2,,,171546.51
Cetacea,Delphinidae,Cephalorhynchus,commersonii,Cephalorhynchus commersonii,72400.0,,,0.98,,216.0,,5834.74,2207.29,1,1,3,,,
Cetacea,Delphinidae,Cephalorhynchus,eutropia,Cephalorhynchus eutropia,45000.0,,,0.97,,,,,,1,1,3,,,
Cetacea,Delphinidae,Cephalorhynchus,heavisidii,Cephalorhynchus heavisidii,39999.99,,,0.97,,,,9174.84,,,1,,,,
Cetacea,Delphinidae,Cephalorhynchus,hectori,Cephalorhynchus hectori,49999.99,,,1.0,0.42,240.0,355.65,,2768.53,1,1,3,,,
Perissodactyla,Rhinocerotidae,Ceratotherium,simum,Ceratotherium simum,2285939.43,2586.81,534.19,1.0,,600.0,365.0,48500.0,2741.23,1,1,1,19.09,0.47,3184467.13
Diprotodontia,Burramyidae,Cercartetus,caudatus,Cercartetus caudatus,23.05,97.97,,2.37,2.0,38.4,76.04,,464.04,3,3,2,,49.99,221311.97
Diprotodontia,Burramyidae,Cercartetus,concinnus,Cercartetus concinnus,15.96,,52.14,4.6,1.0,,49.99,0.01,,,2,,,,611282.88
Diprotodontia,Burramyidae,Cercartetus,lepidus,Cercartetus lepidus,8.03,,,3.33,,,89.99,,,2,2,2,,,93697.61
Diprotodontia,Burramyidae,Cercartetus,nanus,Cercartetus nanus,26.85,,,3.96,2.0,96.0,62.5,0.01,193.8,4,2,2,0.005564565,788.66,378748.79
Primates,Cercopithecidae,Cercocebus,agilis,Cercocebus agilis,7105.62,,,,,,,,,,,,,,1068616.42
Primates,Cercopithecidae,Cercocebus,atys,Cercocebus atys,6941.24,,165.08,1.01,,321.6,,527.17,1321.67,,,,,8.85,440620.58
Primates,Cercopithecidae,Cercocebus,galeritus,Cercocebus galeritus,7077.66,510.0,174.43,1.01,,252.0,,,2735.94,2,2,1,0.51,70.11,20246.09
Primates,Cercopithecidae,Cercocebus,torquatus,Cercocebus torquatus,7293.07,660.0,168.98,1.01,,360.0,,,1318.86,1,,1,,40.15,362869.59
Primates,Cercopithecidae,Cercopithecus,ascanius,Cercopithecus ascanius,3540.24,444.99,148.5,1.01,,339.6,146.54,371.0,1718.73,4,,2,0.16,105.79,3012180.23
Primates,Cercopithecidae,Cercopithecus,campbelli,Cercopithecus campbelli,3627.73,455.0,180.8,1.02,,396.0,362.93,,,3,,1,0.01,,262404.57
Primates,Cercopithecidae,Cercopithecus,cephus,Cercopithecus cephus,3444.88,520.0,169.51,1.01,,276.0,362.93,337.19,1521.9,3,1,2,0.24,21.04,898367.43
Primates,Cercopithecidae,Cercopithecus,diana,Cercopithecus diana,4358.91,470.0,,1.01,,447.6,362.93,466.9,2279.95,3,,2,1.25,16.47,177249.87
Primates,Cercopithecidae,Cercopithecus,dryas,Cercopithecus dryas,2784.06,,,1.02,,,,,,,,,,,151925.19
Primates,Cercopithecidae,Cercopithecus,erythrogaster,Cercopithecus erythrogaster,3444.88,457.49,,1.02,,,,,,2,1,2,,,102343.83
Primates,Cercopithecidae,Cercopithecus,erythrotis,Cercopithecus erythrotis,3254.98,435.0,,1.02,,,,,,2,1,2,,,87403.19
Primates,Cercopithecidae,Cercopithecus,lhoesti,Cercopithecus lhoesti,5307.47,510.0,,1.0,,192.0,,,,3,,2,,4.99,451166.22
Primates,Cercopithecidae,Cercopithecus,mitis,Cercopithecus mitis,5041.29,575.0,138.39,1.0,,325.2,688.08,402.0,2049.25,4,,2,0.1,70.39,2341818.13
Primates,Cercopithecidae,Cercopithecus,mona,Cercopithecus mona,3980.17,510.0,,1.0,,360.0,,280.49,,,,,,,652362.31
Primates,Cercopithecidae,Cercopithecus,neglectus,Cercopithecus neglectus,5324.52,510.0,172.07,1.02,,315.6,417.62,259.95,2076.39,3,2,2,0.06,29.03,2963266.5
Primates,Cercopithecidae,Cercopithecus,nictitans,Cercopithecus nictitans,5256.91,549.99,169.51,1.0,,276.0,,403.83,1684.59,4,1,2,1.15,22.5,2185668.95
Primates,Cercopithecidae,Cercopithecus,petaurista,Cercopithecus petaurista,3233.67,410.0,,1.02,,228.0,,,,,,,,25.95,619437.28
Primates,Cercopithecidae,Cercopithecus,pogonias,Cercopithecus pogonias,3578.27,459.99,169.51,1.01,,289.2,,337.19,1684.59,3,1,2,1.15,19.04,1592652.96
Primates,Cercopithecidae,Cercopithecus,preussi,Cercopithecus preussi,5132.57,545.0,,1.02,,,,,,4,,2,,,60552.81
Primates,Cercopithecidae,Cercopithecus,sclateri,Cercopithecus sclateri,3067.29,,,1.02,,,,,,,,,,,30025.23
Primates,Cercopithecidae,Cercopithecus,solatus,Cercopithecus solatus,5256.91,,,1.01,,,,,,,,,,,14715.81
Primates,Cercopithecidae,Cercopithecus,wolfi,Cercopithecus wolfi,3255.18,480.0,,1.02,,,,435.0,,,,,,,1419828.69
Carnivora,Canidae,Cerdocyon,thous,Cerdocyon thous,5741.66,648.06,57.18,3.09,,138.0,72.33,140.0,279.15,7,1,2,1.41,3.54,7091683.41
Artiodactyla,Cervidae,Cervus,elaphus,Cervus elaphus,240867.13,2136.72,235.61,1.09,,321.6,104.64,8255.82,659.91,5,1,1,58.42,2.9,14167735.33
Artiodactyla,Cervidae,Cervus,nippon,Cervus nippon,52999.99,1200.51,223.66,1.0,,305.04,197.7,4277.11,518.12,2,1,1,1.43,0.75,2714652.61
Chiroptera,Molossidae,Chaerephon,bivittatus,Chaerephon bivittatus,15.42,,,,,,,,,,1,,,,3573026.75
Chiroptera,Molossidae,Chaerephon,jobensis,Chaerephon jobensis,20.71,,,,,,,,,1,1,3,,,2825882.53
Chiroptera,Molossidae,Chaerephon,major,Chaerephon major,15.17,,,1.0,,,,,,,1,,,,4903108.69
Chiroptera,Molossidae,Chaerephon,nigeriae,Chaerephon nigeriae,20.14,,,,,,,,,,1,,,,6732376.9
Chiroptera,Molossidae,Chaerephon,plicatus,Chaerephon plicatus,21.83,,88.64,0.99,2.0,,,4.5,,1,1,3,,,4893584.82
Chiroptera,Molossidae,Chaerephon,pumilus,Chaerephon pumilus,10.98,,62.57,1.0,3.0,60.0,24.5,3.63,140.97,1,1,3,,,14309050.1
Chiroptera,Molossidae,Chaerephon,russatus,Chaerephon russatus,16.98,,,0.99,,,,,,,1,,,,1671003.78
Chiroptera,Molossidae,Chaerephon,tomensis,Chaerephon tomensis,7.48,,,,,,,,,,,,,,862.58
Peramelemorphia,Chaeropodidae,Chaeropus,ecaudatus,Chaeropus ecaudatus,219.51,,,1.41,,,,,,2,2,2,,,
Rodentia,Gliridae,Chaetocauda,sichuanensis,Chaetocauda sichuanensis,31.51,91.8,,,,,,,,,1,,,,37.63
Rodentia,Heteromyidae,Chaetodipus,arenarius,Chaetodipus arenarius,23.0,68.37,,2.91,,,,,,,,,,,84613.78
Rodentia,Heteromyidae,Chaetodipus,baileyi,Chaetodipus baileyi,28.44,93.93,,3.68,,,,,,2,,2,,3548.51,225471.23
Rodentia,Heteromyidae,Chaetodipus,californicus,Chaetodipus californicus,23.01,,25.16,4.0,,,23.0,1.5,,,,,,,116215.94
Rodentia,Heteromyidae,Chaetodipus,fallax,Chaetodipus fallax,19.19,83.35,25.0,3.45,1.0,99.6,,,168.83,3,1,1,0.002300009,502.5,82998.2
Rodentia,Heteromyidae,Chaetodipus,formosus,Chaetodipus formosus,20.02,193.91,28.0,5.28,1.0,60.0,21.0,1.0,377.57,,,,,,397044.69
Rodentia,Heteromyidae,Chaetodipus,hispidus,Chaetodipus hispidus,37.24,104.51,,5.34,2.0,,30.18,,,1,2,1,,,2344025.56
Rodentia,Heteromyidae,Chaetodipus,intermedius,Chaetodipus intermedius,14.94,,,5.53,,,,,,,,,,425.17,511920.17
Rodentia,Heteromyidae,Chaetodipus,lineatus,Chaetodipus lineatus,23.0,73.58,,,,,,,,1,2,1,,,18026.29
Rodentia,Heteromyidae,Chaetodipus,nelsoni,Chaetodipus nelsoni,15.53,79.83,30.63,3.46,,,,,,3,2,2,0.002835545,473.46,566702.48
Rodentia,Heteromyidae,Chaetodipus,penicillatus,Chaetodipus penicillatus,15.57,77.36,26.0,3.4,,,,,,,,,0.005027576,172.99,407770.3
Rodentia,Heteromyidae,Chaetodipus,pernix,Chaetodipus pernix,17.0,71.87,,,,,,,,1,,1,,,99496.23
Rodentia,Heteromyidae,Chaetodipus,spinatus,Chaetodipus spinatus,16.34,83.66,,3.5,,,,,,,,,,,126559.57
Rodentia,Cricetidae,Cricetulus,migratorius,Cricetulus migratorius,30.59,,12.0,5.2,2.0,,24.5,,,,,,,221.44,10345012.78
Rodentia,Cricetidae,Cricetus,cricetus,Cricetus cricetus,428.95,,19.5,7.14,2.0,48.0,24.85,4.71,86.48,,,,,,6712427.93
Soricomorpha,Soricidae,Crocidura,batesi,Crocidura batesi,16.49,68.79,,,,,,,,,,,,,37339.81
Soricomorpha,Soricidae,Crocidura,beatus,Crocidura beatus,10.55,,,,,,,,,,,,,,106437.39
Soricomorpha,Soricidae,Crocidura,bottegi,Crocidura bottegi,3.49,,,2.99,,,,,,,,,,,1848307.67
Soricomorpha,Soricidae,Crocidura,canariensis,Crocidura canariensis,7.5,,,,,,,,,,,,,,2488.94
Soricomorpha,Soricidae,Crocidura,crossei,Crocidura crossei,8.0,,,3.0,,,,,,,,,,,638623.02
Soricomorpha,Soricidae,Crocidura,cyanea,Crocidura cyanea,8.58,,,3.59,,,,,,4,1,2,,,2795963.1
Soricomorpha,Soricidae,Crocidura,dolichura,Crocidura dolichura,5.63,71.0,,,,,,,,,,,,,2008582.62
Soricomorpha,Soricidae,Crocidura,douceti,Crocidura douceti,4.3,,,,,,,,,,,,,,300718.28
Soricomorpha,Soricidae,Crocidura,elgonius,Crocidura elgonius,6.5,,,,,,,,,,,,,,28984.98
Soricomorpha,Soricidae,Crocidura,flavescens,Crocidura flavescens,31.22,,25.0,3.37,,,,2.25,,1,,3,,,428284.66
Soricomorpha,Soricidae,Crocidura,foxi,Crocidura foxi,21.0,,,1.99,,,,,,,,,,,13366.6
Soricomorpha,Soricidae,Crocidura,fuliginosa,Crocidura fuliginosa,12.0,,,1.73,,,,,,,,,,,2819121.5
Soricomorpha,Soricidae,Crocidura,fulvastra,Crocidura fulvastra,10.0,,,,,,,,,,,,,,2581429.54
Soricomorpha,Soricidae,Crocidura,fumosa,Crocidura fumosa,14.49,,,3.74,,,,,,,,,,,19575.94
Soricomorpha,Soricidae,Crocidura,fuscomurina,Crocidura fuscomurina,5.6,60.21,,3.0,,,17.29,0.59,,3,1,2,,135.52,8975539.37
Soricomorpha,Soricidae,Crocidura,goliath,Crocidura goliath,87.92,147.42,,,,,,,,,,,,,362264.14
Soricomorpha,Soricidae,Crocidura,gracilipes,Crocidura gracilipes,6.69,,,2.99,,,,,,,,,,,941.78
Soricomorpha,Soricidae,Crocidura,grandiceps,Crocidura grandiceps,23.0,,,,,,,,,,,,,,444066.2
Soricomorpha,Soricidae,Crocidura,grayi,Crocidura grayi,10.7,,,,,,,,,1,,3,,,117062.79
Soricomorpha,Soricidae,Crocidura,hildegardeae,Crocidura hildegardeae,10.28,,,,,,,,,,,,,347.22,1955205.86
Soricomorpha,Soricidae,Crocidura,hirta,Crocidura hirta,15.8,,18.0,3.89,,,17.74,1.0,,4,1,2,,44.12,7864395.6
Soricomorpha,Soricidae,Crocidura,pasha,Crocidura pasha,6.5,,,,,,,,,,,,,,191006.19
Soricomorpha,Soricidae,Crocidura,planiceps,Crocidura planiceps,2.5,,,3.0,,,,,,,,,,,1928145.76
Soricomorpha,Soricidae,Crocidura,poensis,Crocidura poensis,17.05,,,2.44,,,,,,,,,,,782442.1
Soricomorpha,Soricidae,Crocidura,raineyi,Crocidura raineyi,14.49,,,,,,,,,,,,,,78.45
Soricomorpha,Soricidae,Crocidura,religiosa,Crocidura religiosa,7.0,,,,,,,,,,,,,,190264.68
Soricomorpha,Soricidae,Crocidura,russula,Crocidura russula,9.89,69.29,29.0,4.04,,38.4,23.82,0.8,66.88,2,1,3,0.000165903,8850.0,3344352.67
Soricomorpha,Soricidae,Crocidura,silacea,Crocidura silacea,7.0,,,3.99,,,,,,1,,3,,,1619566.15
Soricomorpha,Soricidae,Crocidura,somalica,Crocidura somalica,11.5,,,,,,,,,,,,,,1748436.59
Soricomorpha,Soricidae,Crocidura,suaveolens,Crocidura suaveolens,7.35,,27.15,3.49,,32.4,28.03,0.53,68.97,4,,2,,5541.66,
Chiroptera,Vespertilionidae,Eptesicus,matroka,Eptesicus matroka,6.57,82.49,,1.22,,,,,,1,,3,,,536252.04
Chiroptera,Vespertilionidae,Eptesicus,nasutus,Eptesicus nasutus,7.91,,,,,,,,,,1,,,,850548.76
Chiroptera,Vespertilionidae,Eptesicus,nilssonii,Eptesicus nilssonii,10.72,,,1.5,1.0,186.0,26.0,4.52,,1,1,3,,,10151783.96
Chiroptera,Vespertilionidae,Eptesicus,pachyotis,Eptesicus pachyotis,8.1,,,,,,,,,,1,,,,412871.13
Perissodactyla,Equidae,Equus,kiang,Equus kiang,281138.63,,260.76,,,,,,,,1,,,,538675.46
Perissodactyla,Equidae,Equus,quagga,Equus quagga,400000.0,,,,,240.0,,,,,,,,,
Perissodactyla,Equidae,Equus,zebra,Equus zebra,282462.13,2350.0,363.49,1.0,0.35,288.0,181.46,29496.68,963.17,2,1,1,7.4,1.32,143855.82
Afrosoricida,Chrysochloridae,Eremitalpa,granti,Eremitalpa granti,22.04,76.02,,1.36,,24.0,,,,3,2,2,0.03,37.21,66653.99
Rodentia,Erethizontidae,Erethizon,dorsatum,Erethizon dorsatum,7419.46,837.5,210.99,1.0,,216.0,16.27,490.59,772.57,6,2,1,0.1,3.49,11016215.61
Carnivora,Phocidae,Erignathus,barbatus,Erignathus barbatus,279999.99,2293.15,285.24,1.0,,377.43,20.94,34536.93,2199.16,6,2,2,,0.01,
Erinaceomorpha,Erinaceidae,Erinaceus,concolor,Erinaceus concolor,665.99,231.89,34.99,5.23,1.5,,41.3,17.54,199.35,8,1,2,0.01,,
Erinaceomorpha,Erinaceidae,Erinaceus,europaeus,Erinaceus europaeus,777.95,237.17,36.98,4.64,1.5,168.0,40.0,15.54,265.8,8,1,2,0.08,123.0,3201699.12
Chiroptera,Phyllostomidae,Erophylla,bombifrons,Erophylla bombifrons,16.28,,,,,,,,,1,,1,,,83334.5
Chiroptera,Phyllostomidae,Erophylla,sezekorni,Erophylla sezekorni,15.87,,,1.0,,,,0.85,,,1,,,,123555.55
Primates,Cercopithecidae,Erythrocebus,patas,Erythrocebus patas,7966.3,665.0,167.2,1.01,,286.8,211.79,621.67,1246.07,4,,2,28.24,0.26,6948334.33
Chiroptera,Vespertilionidae,Eptesicus,serotinus,Eptesicus serotinus,23.09,67.99,65.44,1.5,1.0,72.0,30.8,5.28,,1,1,3,,,8742253.51
Perissodactyla,Equidae,Equus,asinus,Equus asinus,164998.49,,367.0,1.0,,564.0,,29249.99,742.46,,1,,139.69,3.06,
Perissodactyla,Equidae,Equus,burchellii,Equus burchellii,279160.65,,371.2,1.0,,480.0,294.11,32274.54,709.82,3,1,1,127.99,7.0,4696974.13
Perissodactyla,Equidae,Equus,caballus,Equus caballus,403598.53,,338.97,1.0,1.0,744.0,341.76,37899.99,834.72,1,1,1,15.62,,
Perissodactyla,Equidae,Equus,grevyi,Equus grevyi,408000.35,2700.0,406.0,1.0,0.5,312.0,271.7,39999.99,1341.92,1,1,1,,2.27,192991.31
Perissodactyla,Equidae,Equus,hemionus,Equus hemionus,235248.07,2250.0,346.0,1.0,,465.6,456.25,,1184.16,2,1,1,,0.69,1325419.5
Carnivora,Viverridae,Genetta,cristata,Genetta cristata,1863.23,515.0,,2.5,2.0,408.0,,,,2,,3,,,210874.67
Carnivora,Viverridae,Genetta,genetta,Genetta genetta,1756.17,552.44,74.18,2.29,,408.0,71.8,77.75,1262.74,6,1,2,10.9,1.88,17766920.65
Carnivora,Viverridae,Genetta,johnstoni,Genetta johnstoni,2225.0,,,,,,,,,,1,,,,180606.44
Carnivora,Viverridae,Genetta,maculata,Genetta maculata,1950.0,,,2.12,,,,,,6,1,2,,,12805950.62
Carnivora,Viverridae,Genetta,piscivora,Genetta piscivora,1648.05,456.13,,0.96,,,,,,1,2,3,,,222754.63
Rodentia,Cricetidae,Delomys,dorsalis,Delomys dorsalis,67.5,,,,,,,,,,1,,,,91990.81
Rodentia,Cricetidae,Delomys,sublineatus,Delomys sublineatus,89.99,,,,,,,,,,1,,,,176241.08
Cetacea,Monodontidae,Delphinapterus,leucas,Delphinapterus leucas,1381640.73,4249.83,394.24,1.02,0.41,480.0,689.92,57000.0,2104.57,2,1,3,,,
Cetacea,Delphinidae,Delphinus,delphis,Delphinus delphis,79271.69,2439.99,296.89,0.98,,240.0,405.05,7069.65,1473.2,,1,,,,
Rodentia,Cricetidae,Deltamys,kempi,Deltamys kempi,26.4,,,,,,,,,,1,,,,10556.19
Scandentia,Tupaiidae,Dendrogale,melanura,Dendrogale melanura,59.99,125.0,,,,,,,,,2,,,,66841.07
Scandentia,Tupaiidae,Dendrogale,murina,Dendrogale murina,49.99,,,,,,,,,,,,,,303576.92
Hyracoidea,Procaviidae,Dendrohyrax,arboreus,Dendrohyrax arboreus,2981.11,499.99,229.06,1.51,,147.6,152.08,,510.44,3,1,1,,22.67,2556176.38
Hyracoidea,Procaviidae,Dendrohyrax,dorsalis,Dendrohyrax dorsalis,3174.99,,236.57,1.22,,120.0,,200.0,439.01,2,2,1,,,3307902.32
Diprotodontia,Macropodidae,Dendrolagus,bennettianus,Dendrolagus bennettianus,10458.82,,,1.0,,240.0,717.95,,,,2,,,27.38,10942.65
Diprotodontia,Macropodidae,Dendrolagus,dorianus,Dendrolagus dorianus,8976.58,603.43,,1.01,,96.0,598.29,,,3,2,2,,,217597.09
Diprotodontia,Macropodidae,Dendrolagus,goodfellowi,Dendrolagus goodfellowi,7948.78,,37.94,1.0,,252.0,359.99,,,2,2,1,,,111020.15
Rodentia,Cricetidae,Bibimys,torresi,Bibimys torresi,28.0,,,,,,,,,,,,,,117883.97
Artiodactyla,Bovidae,Bison,bison,Bison bison,624577.07,2849.24,283.17,0.98,1.0,396.0,287.32,20000.0,921.77,2,2,1,47.39,0.28,10388.04
Artiodactyla,Bovidae,Bison,bonasus,Bison bonasus,675876.7,2900.0,265.99,1.0,1.0,324.0,287.32,23358.61,841.82,2,2,1,7.91,0.88,
Soricomorpha,Soricidae,Blarina,brevicauda,Blarina brevicauda,18.56,120.82,20.58,5.39,3.0,33.0,21.91,0.89,71.19,6,2,2,0.003539783,922.93,4102748.94
Soricomorpha,Soricidae,Blarina,carolinensis,Blarina carolinensis,11.91,73.2,,3.95,,,,,,2,2,2,0.00995781,629.99,868525.35
Soricomorpha,Soricidae,Blarina,hylophaga,Blarina hylophaga,14.49,,,,,,,,,,2,,,,730382.19
Rodentia,Cricetidae,Baiomys,musculus,Baiomys musculus,8.99,75.59,,2.62,,,,1.66,,4,2,1,,,452712.43
Rodentia,Cricetidae,Baiomys,taylori,Baiomys taylori,7.43,63.9,21.99,2.52,10.0,39.12,20.38,1.15,68.35,4,,1,0.000384598,2464.99,1097470.53
Cetacea,Balaenidae,Balaena,mysticetus,Balaena mysticetus,79691178.99,12187.12,379.9,1.0,0.41,480.0,352.0,,6041.21,1,1,3,,,
Cetacea,Balaenopteridae,Balaenoptera,acutorostrata,Balaenoptera acutorostrata,5587093.59,5529.31,304.16,1.0,1.0,600.0,182.5,,2680.62,2,1,3,,,
Cetacea,Balaenopteridae,Balaenoptera,borealis,Balaenoptera borealis,22106251.95,18382.16,334.58,1.02,0.41,888.0,203.46,649999.99,3274.59,2,1,3,,,
Cetacea,Balaenopteridae,Balaenoptera,edeni,Balaenoptera edeni,19999999.97,13846.17,383.46,0.97,,864.0,273.75,,1886.85,2,1,3,,,
Soricomorpha,Soricidae,Blarinella,quadraticauda,Blarinella quadraticauda,12.5,67.5,,,,,,,,,2,,,,
Rodentia,Cricetidae,Blarinomys,breviceps,Blarinomys breviceps,36.79,104.55,,1.21,,,,,,1,2,3,,,143514.03
Artiodactyla,Cervidae,Blastocerus,dichotomus,Blastocerus dichotomus,112518.53,1720.0,272.37,0.98,1.0,,,4199.99,,3,1,1,,0.12,2004539.09
Lagomorpha,Leporidae,Brachylagus,idahoensis,Brachylagus idahoensis,431.19,265.1,38.99,5.81,2.0,,,,252.73,2,2,1,0.003792025,864.86,506906.1
Chiroptera,Phyllostomidae,Brachyphylla,cavernarum,Brachyphylla cavernarum,45.5,81.26,,1.0,1.5,,73.44,,,3,1,2,,,14649.83
Chiroptera,Phyllostomidae,Brachyphylla,nana,Brachyphylla nana,37.25,84.19,,0.98,,,,13.34,,,1,,,,184267.85
Rodentia,Nesomyidae,Brachytarsomys,albicauda,Brachytarsomys albicauda,200.0,225.0,,,,,,,,2,1,1,,,75743.16
Rodentia,Nesomyidae,Brachytarsomys,villosa,Brachytarsomys villosa,219.99,,,,,,,,,,,,,,
Primates,Atelidae,Brachyteles,arachnoides,Brachyteles arachnoides,10537.31,578.19,221.75,1.02,,,734.82,,2876.24,5,1,2,1.04,5.49,6796.12
Rodentia,Nesomyidae,Brachyuromys,betsileoensis,Brachyuromys betsileoensis,93.58,162.5,,,,,,,,,1,,,,37287.31
Rodentia,Nesomyidae,Brachyuromys,ramirohitra,Brachyuromys ramirohitra,92.31,162.5,,,,,,,,,1,,,,11677.6
Soricomorpha,Soricidae,Crocidura,olivieri,Crocidura olivieri,34.42,108.11,,,,,,,,,,,,72.36,5194375.82
Artiodactyla,Bovidae,Cephalophus,dorsalis,Cephalophus dorsalis,20000.0,849.99,238.0,1.0,,204.96,,1611.37,547.46,4,1,2,0.27,,2874503.05
Artiodactyla,Bovidae,Cephalophus,jentinki,Cephalophus jentinki,68489.54,1349.99,,1.0,,210.0,,4581.46,,4,,1,,0.1,130952.07
Artiodactyla,Bovidae,Cephalophus,leucogaster,Cephalophus leucogaster,13208.69,939.32,,1.0,,63.96,,,,5,1,2,,,1396673.01
Artiodactyla,Bovidae,Cephalophus,natalensis,Cephalophus natalensis,12724.51,786.14,212.97,1.0,,180.0,,954.89,,4,1,1,0.06,6.92,1208751.28
Rodentia,Erethizontidae,Chaetomys,subspinosus,Chaetomys subspinosus,1299.99,599.52,,,,,,,,3,1,1,,,110201.56
Cingulata,Dasypodidae,Chaetophractus,nationi,Chaetophractus nationi,2110.04,,,,,,,,,1,2,3,,,334227.31
Cingulata,Dasypodidae,Chaetophractus,vellerosus,Chaetophractus vellerosus,930.16,,,,,,,,,5,2,2,0.02,,2372278.01
Cingulata,Dasypodidae,Chaetophractus,villosus,Chaetophractus villosus,4372.8,,68.93,1.62,,240.0,76.56,124.48,280.79,,2,,,,2743631.76
Chiroptera,Vespertilionidae,Chalinolobus,dwyeri,Chalinolobus dwyeri,8.74,,,1.34,1.0,,36.41,,,,1,,,,521325.88
Chiroptera,Vespertilionidae,Chalinolobus,gouldii,Chalinolobus gouldii,14.24,,92.54,1.41,1.0,,,,,1,1,3,,,7346335.67
Chiroptera,Vespertilionidae,Chalinolobus,morio,Chalinolobus morio,8.91,,,1.38,1.0,,,1.68,,1,1,3,,,2259579.36
Diprotodontia,Macropodidae,Dendrolagus,inustus,Dendrolagus inustus,12625.0,716.21,,1.11,,240.0,538.46,,578.24,2,2,1,,,126998.25
Diprotodontia,Macropodidae,Dendrolagus,lumholtzi,Dendrolagus lumholtzi,6649.97,,,1.0,,,539.29,,816.35,,2,,0.01,116.18,12095.48
Diprotodontia,Macropodidae,Dendrolagus,matschiei,Dendrolagus matschiei,8293.4,537.81,33.95,1.01,,286.0,509.1,,949.16,2,2,1,0.23,,10844.37
Diprotodontia,Macropodidae,Dendrolagus,mbaiso,Dendrolagus mbaiso,9395.06,674.54,,,,,,,,,,,,,3937.45
Diprotodontia,Macropodidae,Dendrolagus,scottae,Dendrolagus scottae,9958.58,615.55,,1.01,,,,,,2,2,1,,,153.85
Diprotodontia,Macropodidae,Dendrolagus,spadix,Dendrolagus spadix,8468.2,602.65,,1.0,,,,,,2,2,1,,,35926.62
Diprotodontia,Macropodidae,Dendrolagus,ursinus,Dendrolagus ursinus,13249.99,623.07,,1.01,,242.4,,,,1,2,1,,,17925.03
Rodentia,Nesomyidae,Dendromus,lovati,Dendromus lovati,12.0,,,,,,,,,,,,,,193162.56
Rodentia,Nesomyidae,Dendromus,melanotis,Dendromus melanotis,9.1,,25.0,3.97,,,,,,,,,,,11031261.31
Rodentia,Nesomyidae,Dendromus,mesomelas,Dendromus mesomelas,10.2,,,3.94,,39.6,,,,,1,,,1753.83,3423076.47
Rodentia,Nesomyidae,Dendromus,mystacalis,Dendromus mystacalis,8.17,,,3.45,,,,,,,,,,1036.35,5794924.77
Rodentia,Nesomyidae,Dendromus,nyikae,Dendromus nyikae,15.0,,,4.62,,,,,,,,,,,2955843.08
Rodentia,Muridae,Deomys,ferrugineus,Deomys ferrugineus,57.6,,,1.7,,,,,,,,,,,1689421.98
Rodentia,Muridae,Dephomys,defua,Dephomys defua,43.05,,,2.75,,,,,,,,,,,414109.82
Rodentia,Muridae,Dephomys,eburneae,Dephomys eburneae,52.5,,,,,,,,,,,,,,246050.22
Soricomorpha,Talpidae,Desmana,moschata,Desmana moschata,427.64,203.1,46.53,3.63,2.0,,39.7,,,4,3,2,0.004907674,,1225328.6
Rodentia,Muridae,Desmodilliscus,braueri,Desmodilliscus braueri,10.0,,30.16,2.6,,,,0.9,,,,,,,3069834.82
Rodentia,Muridae,Desmodillus,auricularis,Desmodillus auricularis,54.81,,27.11,2.62,,,32.99,2.84,,1,,1,,1265.76,1924878.41
Chiroptera,Phyllostomidae,Desmodus,rotundus,Desmodus rotundus,33.16,78.0,209.35,1.0,1.26,234.0,253.01,6.94,,1,1,3,,,17803912.83
Rodentia,Muridae,Desmomys,harringtoni,Desmomys harringtoni,89.99,,,,,,,,,,,,,,286640.37
Chiroptera,Phyllostomidae,Diaemus,youngi,Diaemus youngi,36.71,,,,,,,,,1,1,3,,,13545719.31
Perissodactyla,Rhinocerotidae,Dicerorhinus,sumatrensis,Dicerorhinus sumatrensis,1046156.04,2769.99,310.19,1.0,,420.0,362.93,22849.5,2784.26,2,2,1,11.87,1.05,594010.97
Perissodactyla,Rhinocerotidae,Diceros,bicornis,Diceros bicornis,995940.54,2849.99,466.24,1.0,,564.0,583.09,34999.99,2199.16,2,1,1,11.48,0.11,11451482.02
Chiroptera,Emballonuridae,Diclidurus,albus,Diclidurus albus,16.56,69.99,,1.0,1.0,,,0.51,,1,1,3,,,7898368.07
Chiroptera,Emballonuridae,Diclidurus,ingens,Diclidurus ingens,12.3,,,,,,,,,,1,,,,2138238.0
Chiroptera,Emballonuridae,Diclidurus,isabellus,Diclidurus isabellus,12.61,,,,,,,,,,1,,,,710901.14
Chiroptera,Emballonuridae,Diclidurus,scutatus,Diclidurus scutatus,13.62,,,,,,,,,,1,,,,2914021.53
Rodentia,Cricetidae,Dicrostonyx,groenlandicus,Dicrostonyx groenlandicus,58.44,117.32,20.84,3.78,2.0,,17.42,4.42,38.61,,,,0.007305693,518.17,3130947.24
Rodentia,Cricetidae,Dicrostonyx,hudsonius,Dicrostonyx hudsonius,57.0,,20.0,3.49,1.5,,,,,,,,,,487889.71
Rodentia,Cricetidae,Dicrostonyx,torquatus,Dicrostonyx torquatus,78.77,,17.08,3.85,2.0,45.6,30.41,3.05,,,,,,,1960681.18
Didelphimorphia,Didelphidae,Didelphis,albiventris,Didelphis albiventris,1030.47,360.69,12.0,6.9,1.5,20.4,116.5,,315.68,6,2,2,0.004024018,400.0,7561455.22
Didelphimorphia,Didelphidae,Didelphis,aurita,Didelphis aurita,1105.88,,,6.11,,,99.71,,192.74,4,,2,,45.22,1075333.48
Didelphimorphia,Didelphidae,Didelphis,marsupialis,Didelphis marsupialis,1134.75,402.7,14.0,7.09,2.0,32.4,92.47,0.16,200.88,3,2,2,0.17,70.5,7324303.06
Didelphimorphia,Didelphidae,Didelphis,virginiana,Didelphis virginiana,2442.08,,12.69,8.62,2.0,60.0,109.62,0.15,225.55,4,2,2,0.58,18.08,5696037.14
Rodentia,Cricetidae,Dinaromys,bogdanovi,Dinaromys bogdanovi,56.0,,30.41,2.5,,,,,,,,,,,117073.5
Rodentia,Dinomyidae,Dinomys,branickii,Dinomys branickii,12500.0,750.0,252.74,1.97,,112.8,,769.43,,4,2,1,,,1963973.9
Chiroptera,Phyllostomidae,Diphylla,ecaudata,Diphylla ecaudata,28.11,78.99,,0.99,,,,4.8,,1,1,3,,,8019521.93
Soricomorpha,Soricidae,Diplomesodon,pulchellum,Diplomesodon pulchellum,11.0,,,4.99,,,,,,,,,,,978642.88
Rodentia,Echimyidae,Diplomys,caniceps,Diplomys caniceps,394.49,,,,,,,,,2,1,1,,,26895.61
Rodentia,Echimyidae,Diplomys,labilis,Diplomys labilis,282.17,,55.72,1.18,,,,59.5,,2,2,1,,,140013.69
Rodentia,Echimyidae,Diplomys,rufodorsalis,Diplomys rufodorsalis,144.8,,,,,,,,,2,1,1,,,48212.86
Rodentia,Muridae,Dipodillus,campestris,Dipodillus campestris,27.58,90.79,,4.34,,,,,,,,,,,3220799.02
Rodentia,Muridae,Dipodillus,dasyurus,Dipodillus dasyurus,27.5,83.05,25.0,3.88,,,,,,,,,,,1314357.85
Macroscelidea,Macroscelididae,Elephantulus,intufi,Elephantulus intufi,48.9,117.61,51.0,1.55,,105.6,36.49,10.0,251.19,1,2,3,,,1304584.51
Macroscelidea,Macroscelididae,Elephantulus,myurus,Elephantulus myurus,59.51,128.25,50.66,1.84,3.0,13.2,22.82,8.1,39.82,3,1,2,,,1016019.35
Macroscelidea,Macroscelididae,Elephantulus,revoili,Elephantulus revoili,32.49,,,,,,,,,,,,,,127810.0
Macroscelidea,Macroscelididae,Elephantulus,rozeti,Elephantulus rozeti,43.07,,75.0,2.13,2.0,36.0,,,,,2,,,,847148.97
Macroscelidea,Macroscelididae,Elephantulus,rufescens,Elephantulus rufescens,52.78,249.83,57.0,1.41,,72.0,24.85,10.29,61.87,5,1,2,0.002648142,200.0,1140379.85
Macroscelidea,Macroscelididae,Elephantulus,rupestris,Elephantulus rupestris,65.56,122.15,56.0,1.84,,,,,,,2,,,,627256.04
Proboscidea,Elephantidae,Elephas,maximus,Elephas maximus,3269794.34,1919.2,634.49,1.41,,960.0,218.26,97000.0,4014.43,3,1,1,38.36,0.53,1429082.59
Rodentia,Cricetidae,Eligmodontia,moreni,Eligmodontia moreni,18.0,,,,,,,,,,,,,,14673.54
Rodentia,Cricetidae,Eligmodontia,morgani,Eligmodontia morgani,16.5,,,,,,,,,,,,,,213111.63
Rodentia,Cricetidae,Eligmodontia,puerulus,Eligmodontia puerulus,28.49,,,,,,,,,,,,,,423135.02
Rodentia,Cricetidae,Eligmodontia,typus,Eligmodontia typus,17.37,,18.38,6.24,,9.6,,1.72,55.55,1,2,1,,,587545.76
Rodentia,Gliridae,Eliomys,melanurus,Eliomys melanurus,100.36,137.5,25.0,4.99,,,,,,4,,2,,,313223.51
Rodentia,Gliridae,Eliomys,quercinus,Eliomys quercinus,114.61,138.74,22.97,4.99,1.0,66.0,34.8,,566.36,5,2,2,,147.93,3870497.26
Rodentia,Nesomyidae,Eliurus,ellermani,Eliurus ellermani,100.0,,,,,,,,,,,,,,
Rodentia,Nesomyidae,Eliurus,majori,Eliurus majori,100.0,,,,,,,,,,,,,,68679.86
Rodentia,Nesomyidae,Eliurus,minor,Eliurus minor,57.53,128.24,,,,,,,,,1,,,,72857.79
Rodentia,Nesomyidae,Eliurus,myoxinus,Eliurus myoxinus,69.76,127.5,23.99,,,,,,,3,2,2,,,92064.6
Rodentia,Nesomyidae,Eliurus,penicillatus,Eliurus penicillatus,100.0,,,,,,,,,,,,,,118.48
Rodentia,Nesomyidae,Eliurus,petteri,Eliurus petteri,75.0,,,,,,,,,,,,,,
Rodentia,Nesomyidae,Eliurus,tanala,Eliurus tanala,89.99,,,,,,,,,,,,,,29102.38
Rodentia,Nesomyidae,Eliurus,webbi,Eliurus webbi,61.13,,,,,,,,,1,,1,,,85117.66
Rodentia,Cricetidae,Ellobius,fuscocapillus,Ellobius fuscocapillus,80.0,,,3.46,,,,,,1,,1,,,560273.09
Rodentia,Cricetidae,Ellobius,talpinus,Ellobius talpinus,40.0,,26.0,3.67,4.0,,59.99,,91.53,,1,,,,3707268.83
Chiroptera,Emballonuridae,Emballonura,alecto,Emballonura alecto,5.25,,,,,,,,,,1,,,,1034172.29
Chiroptera,Emballonuridae,Emballonura,atrata,Emballonura atrata,4.55,57.5,,,,,,,,1,1,3,,,130634.93
Chiroptera,Emballonuridae,Emballonura,beccarii,Emballonura beccarii,4.31,,,,,,,,,,1,,,,150538.97
Chiroptera,Emballonuridae,Emballonura,monticola,Emballonura monticola,5.35,,,1.0,,,,,,1,1,3,,,1495997.23
Chiroptera,Emballonuridae,Emballonura,raffrayana,Emballonura raffrayana,5.61,,,,,,,,,,1,,,,432542.2
Chiroptera,Emballonuridae,Emballonura,semicaudata,Emballonura semicaudata,6.29,47.0,,,,,,,,,1,,,,2369.52
Chiroptera,Phyllostomidae,Enchisthenes,hartii,Enchisthenes hartii,16.99,,,0.99,,,,,,1,1,1,,,3507398.71
Chiroptera,Vespertilionidae,Hesperoptenus,tickelli,Hesperoptenus tickelli,16.3,,,1.0,,,,,,,1,,,,425021.1
Rodentia,Bathyergidae,Heterocephalus,glaber,Heterocephalus glaber,39.36,129.61,70.49,11.3,4.5,120.0,27.28,1.86,,1,1,1,0.004215132,11100.0,1324439.84
Hyracoidea,Procaviidae,Heterohyrax,brucei,Heterohyrax brucei,2453.66,468.99,228.12,1.89,1.0,168.0,129.04,225.0,510.44,5,2,1,,5751.97,6954996.2
Rodentia,Heteromyidae,Heteromys,anomalus,Heteromys anomalus,69.06,,,2.83,,,,3.29,,3,1,2,,252.07,238956.98
Rodentia,Heteromyidae,Heteromys,australis,Heteromys australis,267.49,,,2.75,,,,,,2,1,1,,,33112.2
Rodentia,Heteromyidae,Heteromys,desmarestianus,Heteromys desmarestianus,74.0,,27.86,3.06,3.25,,29.77,3.0,237.85,2,1,1,0.001025001,656.45,479714.68
Rodentia,Chinchillidae,Lagostomus,maximus,Lagostomus maximus,4660.94,523.73,155.73,1.93,1.25,112.8,55.68,196.0,287.76,4,2,1,0.01,,1907434.12
Diprotodontia,Macropodidae,Lagostrophus,fasciatus,Lagostrophus fasciatus,1933.48,,,0.9,,48.0,269.23,,391.96,4,1,1,,87.99,708.99
Primates,Atelidae,Lagothrix,lagotricha,Lagothrix lagotricha,6263.69,536.39,223.99,1.01,,360.0,312.66,437.09,1729.33,4,1,2,2.82,10.72,797455.26
Rodentia,Cricetidae,Lagurus,lagurus,Lagurus lagurus,20.6,92.52,20.24,4.0,5.25,,20.84,1.25,41.82,,,,,,3753224.56
Artiodactyla,Camelidae,Lama,glama,Lama glama,78322.67,1595.1,342.74,1.0,1.0,339.6,131.7,8999.99,676.66,2,1,1,,0.45,
Artiodactyla,Bovidae,Eudorcas,rufina,Eudorcas rufina,39999.99,,,,,,,,,,,,,,
Artiodactyla,Bovidae,Eudorcas,thomsonii,Eudorcas thomsonii,22907.43,885.0,166.14,1.0,,182.04,93.25,2500.0,418.38,2,1,1,,12.53,515821.13
Primates,Lemuridae,Eulemur,albocollaris,Eulemur albocollaris,2397.37,,,,,,,,,,,,,,1864.78
Primates,Lemuridae,Eulemur,coronatus,Eulemur coronatus,1699.85,352.27,124.04,1.53,,220.8,,57.81,701.52,4,2,2,0.05,101.98,5720.16
Primates,Lemuridae,Eulemur,fulvus,Eulemur fulvus,2376.99,469.62,120.83,1.1,,444.0,134.64,74.99,791.75,3,1,1,0.05,221.0,25656.44
Primates,Lemuridae,Eulemur,macaco,Eulemur macaco,2470.43,397.11,127.49,1.04,1.0,360.0,143.28,60.5,660.75,4,1,2,0.03,53.85,8406.83
Primates,Lemuridae,Eulemur,mongoz,Eulemur mongoz,1771.13,354.85,129.0,1.11,1.0,360.0,151.13,59.48,1060.7,4,1,2,0.05,346.7,7006.3
Primates,Lemuridae,Eulemur,rubriventer,Eulemur rubriventer,2015.4,404.72,126.99,1.01,,,151.22,84.97,566.36,4,1,2,0.13,30.0,56908.42
Primates,Lemuridae,Eulemur,rufus,Eulemur rufus,2394.62,457.01,,,,,,,,,,,,,71558.47
Primates,Lemuridae,Eulemur,sanfordi,Eulemur sanfordi,2394.03,,,,,,,,,,,,,,4197.82
Carnivora,Otariidae,Eumetopias,jubatus,Eumetopias jubatus,382466.74,2692.71,342.1,0.96,,360.0,351.0,18250.0,1965.83,6,2,2,,,
Primates,Galagidae,Galago,thomasi,Galago thomasi,117.35,,,,,,,,,,,,,,4366268.46
Primates,Galagidae,Galago,zanzibaricus,Galago zanzibaricus,147.35,,120.0,1.29,2.0,,59.27,14.5,322.75,4,,2,0.01,169.0,1375379.35
Rodentia,Caviidae,Galea,flavidens,Galea flavidens,450.0,,53.0,,7.0,,,,77.03,1,2,1,,,663119.59
Rodentia,Caviidae,Galea,musteloides,Galea musteloides,386.64,,53.9,2.6,7.0,21.6,31.13,37.39,55.92,2,2,1,,,1147818.41
Rodentia,Caviidae,Galea,spixii,Galea spixii,360.61,,50.66,2.19,6.75,55.2,42.09,33.62,91.47,1,2,1,0.000535015,,5441291.73
Soricomorpha,Talpidae,Galemys,pyrenaicus,Galemys pyrenaicus,60.17,125.0,30.0,3.54,2.0,60.0,,,371.23,2,3,3,0.001551623,4.18,171300.87
Rodentia,Cricetidae,Galenomys,garleppi,Galenomys garleppi,59.3,,,,,,,,,,,,,,141711.01
Dermoptera,Cynocephalidae,Galeopterus,variegates,Galeopterus variegates,1112.2,379.43,59.99,1.0,,3.45,,,,3,1,1,,,1401022.2
Carnivora,Herpestidae,Galerella,flavescens,Galerella flavescens,750.0,,,,,,,,,,1,,,,279748.74
Carnivora,Herpestidae,Galerella,pulverulenta,Galerella pulverulenta,791.4,349.38,,2.25,,104.5,,20.19,,2,1,3,3.81,10.0,634570.78
Carnivora,Herpestidae,Galerella,sanguinea,Galerella sanguinea,543.83,329.01,61.27,2.5,2.0,72.0,54.44,,465.57,6,1,2,0.66,1.32,16368169.48
Carnivora,Mustelidae,Galictis,cuja,Galictis cuja,1000.0,423.29,,,,87.0,,,,1,1,3,,,4564918.07
Carnivora,Eupleridae,Galidia,elegans,Galidia elegans,810.0,351.07,76.11,1.0,1.0,158.4,59.27,48.73,742.46,6,4,2,0.17,15.85,120561.29
Carnivora,Eupleridae,Galidictis,fasciata,Galidictis fasciata,549.99,318.31,,1.0,1.0,,,,,2,1,3,,,87237.59
Carnivora,Eupleridae,Galidictis,grandidieri,Galidictis grandidieri,1400.0,359.99,,1.0,1.0,,,,,2,1,3,,,4044.38
Artiodactyla,Bovidae,Gazella,arabica,Gazella arabica,24124.67,1000.0,,1.5,,135.96,,,,2,,1,,,17363.03
Artiodactyla,Bovidae,Gazella,bennettii,Gazella bennettii,18916.67,,,,,,,,,,,,,,1733312.37
Artiodactyla,Bovidae,Gazella,dorcas,Gazella dorcas,15635.95,965.68,172.0,1.22,,209.04,61.35,1573.21,620.76,6,1,2,15.52,2.3,10374953.94
Artiodactyla,Bovidae,Gazella,gazella,Gazella gazella,21306.83,1012.85,180.0,1.22,,219.0,86.17,2124.99,485.11,3,1,1,1.46,0.4,1151478.67
Artiodactyla,Bovidae,Gazella,leptoceros,Gazella leptoceros,24645.75,1032.67,167.29,1.0,,168.0,,4615.3,,2,1,1,,,2188576.06
Artiodactyla,Bovidae,Gazella,saudiya,Gazella saudiya,16000.0,,,,,,,,,,,,,,
Artiodactyla,Bovidae,Gazella,spekei,Gazella spekei,20000.0,885.0,178.59,1.0,,152.04,,1250.0,403.21,,1,,,,170828.32
Artiodactyla,Bovidae,Gazella,subgutturosa,Gazella subgutturosa,26981.37,957.35,159.68,1.39,,240.0,116.41,2317.85,413.84,3,1,1,,0.64,8787218.98
Carnivora,Viverridae,Genetta,abyssinica,Genetta abyssinica,1405.48,422.85,,,,,,,,,1,,,,418638.21
Carnivora,Viverridae,Genetta,angolensis,Genetta angolensis,1859.64,472.01,,,,,,,,,1,,,,2087717.97
Rodentia,Muridae,Gerbillus,gerbillus,Gerbillus gerbillus,26.99,,,4.14,,,,,,,,,,,11449433.72
Rodentia,Muridae,Gerbillus,gleadowi,Gerbillus gleadowi,26.01,,20.0,3.0,,,,1.9,,,,,,,409918.82
Rodentia,Muridae,Bandicota,savilei,Bandicota savilei,260.63,,,,,,,,,,,,,,678506.64
Chiroptera,Vespertilionidae,Barbastella,barbastellus,Barbastella barbastellus,8.31,,,1.73,1.0,252.0,,,,1,1,3,,,3884782.92
Chiroptera,Vespertilionidae,Barbastella,leucomelas,Barbastella leucomelas,15.05,,,,,,,,,,1,,,,3609915.54
Carnivora,Procyonidae,Bassaricyon,beddardi,Bassaricyon beddardi,1235.01,,,,,,,,,,1,,,,441326.32
Carnivora,Procyonidae,Bassaricyon,gabbii,Bassaricyon gabbii,1250.0,411.27,76.65,1.0,,300.0,89.49,54.99,607.2,6,2,2,,6.02,803202.18
Carnivora,Procyonidae,Bassaricyon,lasius,Bassaricyon lasius,1200.0,,,,,,,,,,1,,,,3842.65
Carnivora,Procyonidae,Bassaricyon,pauli,Bassaricyon pauli,1200.0,,,,,,,,,,1,,,,1402.79
Carnivora,Procyonidae,Bassariscus,astutus,Bassariscus astutus,1010.37,338.98,54.23,3.0,1.0,198.0,53.84,27.74,278.08,6,1,2,0.74,3.58,3916072.44
Carnivora,Procyonidae,Bassariscus,sumichrasti,Bassariscus sumichrasti,906.0,423.73,,2.0,,276.0,119.32,,841.82,6,1,2,,17.89,625977.74
Rodentia,Bathyergidae,Bathyergus,janetta,Bathyergus janetta,388.69,,,3.49,1.75,,27.79,15.39,,4,1,1,,,33849.47
Rodentia,Bathyergidae,Bathyergus,suillus,Bathyergus suillus,777.38,278.86,68.41,2.89,1.5,,20.84,33.99,,3,2,1,0.002096145,70.0,59404.22
Rodentia,Muridae,Batomys,granti,Batomys granti,169.53,204.0,,,,,,,,,,,0.001546275,383.46,731.71
Rodentia,Muridae,Batomys,salomonseni,Batomys salomonseni,185.76,175.0,,,,,,,,,,,,,102368.09
Chiroptera,Vespertilionidae,Bauerus,dubiaquercus,Bauerus dubiaquercus,22.22,,,1.71,,,,,,1,1,3,,,295020.71
Carnivora,Herpestidae,Bdeogale,crassicauda,Bdeogale crassicauda,1722.13,444.53,,0.96,,,,,,1,1,3,,,1654322.83
Carnivora,Herpestidae,Bdeogale,jacksoni,Bdeogale jacksoni,2500.0,,,,,,,,,2,1,3,,,81428.64
Carnivora,Herpestidae,Bdeogale,nigripes,Bdeogale nigripes,2623.01,611.37,,1.0,,190.0,,,,6,1,2,,,3117248.8
Rodentia,Nesomyidae,Beamys,hindei,Beamys hindei,75.8,149.23,22.79,3.49,5.0,,38.49,3.2,181.13,,,,,,123659.9
Artiodactyla,Bovidae,Beatragus,hunteri,Beatragus hunteri,79132.17,1600.0,252.28,1.0,,182.04,,8350.0,,1,1,1,,0.42,30188.68
Cetacea,Ziphiidae,Berardius,arnuxii,Berardius arnuxii,7000000.02,,304.16,,,,,,,1,1,3,,,
Cetacea,Ziphiidae,Berardius,bairdii,Berardius bairdii,11380000.04,,396.58,0.98,0.33,852.0,,,5050.97,2,1,3,,,
Rodentia,Muridae,Berylmys,bowersi,Berylmys bowersi,358.68,253.06,,3.88,,34.8,,,,,,,,,1734265.17
Diprotodontia,Potoroidae,Bettongia,gaimardi,Bettongia gaimardi,1667.55,330.01,21.14,1.0,,141.6,121.32,0.3,303.62,,,,0.41,19.0,27971.29
Diprotodontia,Potoroidae,Bettongia,lesueur,Bettongia lesueur,1447.27,,21.28,1.0,3.0,120.0,164.53,0.31,250.53,,,,,17.0,329.35
Diprotodontia,Potoroidae,Bettongia,penicillata,Bettongia penicillata,1184.35,,20.35,1.0,3.0,72.0,150.0,0.28,198.41,,,,,17.74,22986.14
Diprotodontia,Potoroidae,Bettongia,tropica,Bettongia tropica,1256.58,,19.44,1.0,,84.0,149.57,,341.28,,,,,20.0,21795.64
Rodentia,Cricetidae,Bibimys,chacoensis,Bibimys chacoensis,28.0,,,,,,,,,,,,,,7309.86
Pilosa,Bradypodidae,Bradypus,torquatus,Bradypus torquatus,4468.42,549.99,150.0,1.0,,144.0,28.28,,,4,3,2,0.03,,163652.84
Pilosa,Bradypodidae,Bradypus,tridactylus,Bradypus tridactylus,4375.8,546.36,126.96,1.0,,,68.2,178.66,,1,1,1,,151.37,1806393.57
Pilosa,Bradypodidae,Bradypus,variegatus,Bradypus variegatus,4136.36,,170.84,1.0,,,39.28,271.81,,1,1,1,0.01,508.44,8222753.4
Rodentia,Cricetidae,Brucepattersonius,iheringi,Brucepattersonius iheringi,43.0,,,,,,,,,1,,3,,,93980.28
Artiodactyla,Bovidae,Bubalus,bubalis,Bubalus bubalis,929500.97,2649.52,320.0,1.5,1.0,339.0,240.31,,755.15,2,1,1,3.63,1.06,978657.33
Artiodactyla,Bovidae,Bubalus,depressicornis,Bubalus depressicornis,256989.27,1728.58,295.78,1.0,1.0,432.96,,,755.15,3,1,1,,,41026.7
Artiodactyla,Bovidae,Bubalus,mindorensis,Bubalus mindorensis,254389.74,2199.99,306.06,1.0,1.0,336.0,,,755.15,2,1,1,,,9912.75
Artiodactyla,Bovidae,Bubalus,quarlesi,Bubalus quarlesi,181718.86,1577.97,294.99,1.0,1.0,270.0,,,755.15,3,,1,,,56312.24
Artiodactyla,Bovidae,Budorcas,taxicolor,Budorcas taxicolor,294515.33,1736.0,235.6,1.22,,234.96,118.55,,928.08,3,1,1,,,402044.43
Rodentia,Muridae,Bullimus,bagobus,Bullimus bagobus,395.38,289.61,,,,,,,,,,,,,119550.35
Lagomorpha,Leporidae,Bunolagus,monticularis,Bunolagus monticularis,1750.01,430.0,,1.22,,,,42.42,,3,,1,0.14,,37052.01
Rodentia,Muridae,Bunomys,chrysocomus,Bunomys chrysocomus,111.29,,,,,,,,,,,,,,153381.79
Rodentia,Muridae,Bunomys,fratrorum,Bunomys fratrorum,130.31,,,,,,,,,,,,,,358.08
Primates,Hylobatidae,Bunopithecus,hoolock,Bunopithecus hoolock,6699.0,547.49,232.5,1.01,,,635.13,,2689.08,5,1,2,0.16,7.0,267771.52
Chiroptera,Molossidae,Cheiromeles,torquatus,Cheiromeles torquatus,169.43,,,,,,,,,1,1,3,,,1212454.98
Rodentia,Cricetidae,Chelemys,macronyx,Chelemys macronyx,70.99,,,4.37,,,,,,4,2,2,,263.07,199620.99
Rodentia,Cricetidae,Chelemys,megalonyx,Chelemys megalonyx,50.8,,,,,,,,,,2,,,,119540.42
Rodentia,Cricetidae,Chibchanomys,trichotis,Chibchanomys trichotis,49.99,,,0.97,,,,,,,,,,,222554.14
Rodentia,Cricetidae,Chilomys,instans,Chilomys instans,19.0,,,,,,,,,,,,,,84512.45
Chiroptera,Natalidae,Chilonatalus,tumidifrons,Chilonatalus tumidifrons,3.62,,,,,,,,,1,1,3,,,1525.32
Soricomorpha,Soricidae,Chimarrogale,hantu,Chimarrogale hantu,54.99,103.5,,,,,,,,1,2,3,,,24502.23
Soricomorpha,Soricidae,Chimarrogale,himalayica,Chimarrogale himalayica,33.5,107.52,,,3.0,,,,,2,2,3,,,2340589.67
Soricomorpha,Soricidae,Chimarrogale,platycephalus,Chimarrogale platycephalus,36.32,116.49,,,,,,,,2,2,3,,,144298.51
Rodentia,Chinchillidae,Chinchilla,chinchilla,Chinchilla chinchilla,499.99,305.0,111.0,2.5,2.5,120.0,48.99,,247.48,6,1,1,,,492097.47
Rodentia,Chinchillidae,Chinchilla,lanigera,Chinchilla lanigera,480.28,305.0,112.47,1.87,,135.6,,39.59,222.33,6,1,1,,958.94,36255.13
Rodentia,Cricetidae,Chinchillula,sahamae,Chinchillula sahamae,169.74,,,,,,,,,3,1,2,,,253693.91
Rodentia,Cricetidae,Chionomys,nivalis,Chionomys nivalis,42.01,,20.92,3.42,2.0,,21.0,3.7,371.23,,,,,,777915.74
Chiroptera,Phyllostomidae,Chiroderma,doriae,Chiroderma doriae,19.9,,106.45,1.0,,,,,,1,1,1,,,499911.44
Chiroptera,Phyllostomidae,Chiroderma,improvisum,Chiroderma improvisum,35.39,,,,,,,,,1,1,1,,,1580.07
Chiroptera,Phyllostomidae,Chiroderma,salvini,Chiroderma salvini,26.3,,,0.99,,,,,,1,1,1,,,3181262.57
Chiroptera,Phyllostomidae,Chiroderma,trinitatum,Chiroderma trinitatum,13.91,,,0.98,,,,,,1,1,1,,,9415792.03
Chiroptera,Phyllostomidae,Chiroderma,villosum,Chiroderma villosum,23.81,63.99,121.66,0.99,,,,,,1,1,1,,,10366490.11
Chiroptera,Pteropodidae,Chironax,melanocephalus,Chironax melanocephalus,17.7,,,0.98,,,,,,1,1,1,,,427413.21
Didelphimorphia,Didelphidae,Chironectes,minimus,Chironectes minimus,974.33,297.5,,3.24,,36.0,108.36,,344.87,4,3,2,,,3719496.58
Rodentia,Muridae,Chiropodomys,calamianensis,Chiropodomys calamianensis,28.9,93.99,,,,,,,,,,,,,12831.87
Rodentia,Muridae,Chiropodomys,gliroides,Chiropodomys gliroides,23.68,,20.13,1.65,,,16.87,2.79,,,,,,,847918.53
Rodentia,Muridae,Chiropodomys,major,Chiropodomys major,28.9,93.99,,,,,,,,,,,,,55075.67
Rodentia,Muridae,Chiropodomys,muroides,Chiropodomys muroides,28.9,93.99,,,,,,,,,,,,,1113.96
Rodentia,Muridae,Chiropodomys,pusillus,Chiropodomys pusillus,28.9,93.99,,,,,,,,,,,,,59722.74
Primates,Pitheciidae,Chiropotes,albinasus,Chiropotes albinasus,2793.21,440.0,157.67,1.01,,204.0,,,,3,1,1,1.98,6.57,660974.43
Primates,Pitheciidae,Chiropotes,satanas,Chiropotes satanas,2967.27,416.26,157.67,1.0,,216.0,,,,3,1,1,1.48,15.6,
Rodentia,Muridae,Chiruromys,forbesi,Chiruromys forbesi,105.15,144.23,,2.68,,,,,,,2,,,,49211.92
Rodentia,Muridae,Chiruromys,lamia,Chiruromys lamia,47.2,112.63,,2.15,,,,,,,2,,,,33089.66
Rodentia,Muridae,Chiruromys,vates,Chiruromys vates,45.46,109.79,,1.07,,,,,,,2,,,,51126.1
Cingulata,Dasypodidae,Chlamyphorus,truncatus,Chlamyphorus truncatus,83.53,134.99,,,,,,,,6,2,2,,,404571.07
Primates,Cercopithecidae,Chlorocebus,aethiops,Chlorocebus aethiops,3695.99,560.0,,,,379.2,217.76,,,,,,,,994897.54
Diprotodontia,Burramyidae,Burramys,parvus,Burramys parvus,44.27,114.5,14.74,3.6,1.0,144.0,59.82,,376.36,5,2,2,,6124.99,22142.85
Cingulata,Dasypodidae,Cabassous,centralis,Cabassous centralis,3669.69,415.89,,1.0,,,,,,1,2,3,,,669685.02
Cingulata,Dasypodidae,Cabassous,chacoensis,Cabassous chacoensis,1490.01,,,,,,,,,1,1,3,,,1693763.25
Cingulata,Dasypodidae,Cabassous,tatouay,Cabassous tatouay,5349.95,,,,,,,,,1,1,3,,,4148382.28
Cingulata,Dasypodidae,Cabassous,unicinctus,Cabassous unicinctus,3987.97,453.64,,1.0,,,,100.0,,1,2,3,,0.62,9346240.23
Primates,Pitheciidae,Cacajao,calvus,Cacajao calvus,3421.04,540.55,180.0,1.01,,324.0,339.29,,1262.74,4,1,2,,15.1,103819.04
Primates,Pitheciidae,Cacajao,melanocephalus,Cacajao melanocephalus,3121.58,400.0,,,,216.0,,,,3,1,2,,,465904.63
Paucituberculata,Caenolestidae,Caenolestes,caniventer,Caenolestes caniventer,40.0,121.79,,2.0,,,,,,3,1,2,,,10517.56
Paucituberculata,Caenolestidae,Caenolestes,condorensis,Caenolestes condorensis,47.81,127.76,,,,,,,,1,1,3,,,1456.75
Paucituberculata,Caenolestidae,Caenolestes,convelatus,Caenolestes convelatus,31.56,106.14,,,,,,,,1,1,3,,,12725.49
Paucituberculata,Caenolestidae,Caenolestes,fuliginosus,Caenolestes fuliginosus,28.64,113.02,,3.62,,,,,,4,1,2,,,127434.1
Afrosoricida,Chrysochloridae,Calcochloris,obtusirostris,Calcochloris obtusirostris,24.05,100.84,,2.0,,,,,,1,1,3,,,209272.42
Primates,Pitheciidae,Callicebus,brunneus,Callicebus brunneus,850.84,,,1.02,,,,,,,1,,0.04,,137589.11
Primates,Pitheciidae,Callicebus,caligatus,Callicebus caligatus,992.4,,,1.02,,,,,,,1,,,,
Primates,Pitheciidae,Callicebus,cinerascens,Callicebus cinerascens,992.4,,,1.02,,,,,,,1,,,,113467.5
Artiodactyla,Bovidae,Capra,nubiana,Capra nubiana,47763.72,,150.0,1.0,,204.0,,,,,,,,,177986.79
Artiodactyla,Bovidae,Capra,pyrenaica,Capra pyrenaica,60898.77,1200.0,150.0,1.5,,192.0,,,,2,,1,0.64,,110472.5
Artiodactyla,Bovidae,Capra,sibirica,Capra sibirica,130000.0,,175.0,,,267.0,,3640.0,,,,,,,2802214.24
Artiodactyla,Bovidae,Capra,walie,Capra walie,100144.02,,157.5,1.0,,,,,,,1,,,4.07,4294.5
Artiodactyla,Cervidae,Capreolus,capreolus,Capreolus capreolus,22502.01,,196.0,1.79,,204.0,79.75,1208.55,400.97,,1,,0.52,7.61,6777177.58
Artiodactyla,Cervidae,Capreolus,pygargus,Capreolus pygargus,41371.03,1320.0,290.0,2.0,,,136.1,1923.53,908.84,,1,,0.99,80.0,9816965.75
Artiodactyla,Bovidae,Capricornis,crispus,Capricornis crispus,43030.64,,213.0,1.0,1.0,222.96,59.27,3499.99,988.23,,,,0.11,1.98,113318.46
Artiodactyla,Bovidae,Capricornis,sumatraensis,Capricornis sumatraensis,110942.22,1449.99,231.37,1.22,,252.0,166.34,4100.0,,2,,1,,,237174.87
Lagomorpha,Leporidae,Caprolagus,hispidus,Caprolagus hispidus,2496.99,460.23,40.0,3.46,2.81,,,,,3,2,1,0.004121254,,44515.42
Rodentia,Capromyidae,Capromys,pilorides,Capromys pilorides,5200.0,,125.0,2.0,,136.0,41.99,199.49,314.64,3,1,2,,,109410.88
Carnivora,Felidae,Caracal,caracal,Caracal caracal,11964.38,739.28,71.47,2.3,,204.0,120.41,195.86,437.27,1,1,3,293.94,,26609096.78
Chiroptera,Megadermatidae,Cardioderma,cor,Cardioderma cor,26.45,,92.54,1.0,2.0,,55.8,,,2,1,3,,,2892359.62
Chiroptera,Phyllostomidae,Carollia,brevicauda,Carollia brevicauda,14.85,,,0.98,,,,,,1,1,1,,,11615943.22
Chiroptera,Phyllostomidae,Carollia,castanea,Carollia castanea,13.1,,,0.99,,,,,,1,1,1,,,4881458.89
Chiroptera,Phyllostomidae,Carollia,perspicillata,Carollia perspicillata,19.23,59.99,114.6,1.0,2.0,148.8,35.63,4.89,298.14,3,1,2,,,14098730.57
Chiroptera,Phyllostomidae,Carollia,subrufa,Carollia subrufa,15.84,,,0.98,2.0,,,,,1,1,1,,,330694.77
Afrosoricida,Chrysochloridae,Carpitalpa,arendsi,Carpitalpa arendsi,52.34,123.77,,,,,,,,1,1,3,,,40698.67
Rodentia,Echimyidae,Carterodon,sulcidens,Carterodon sulcidens,113.8,,,,,,,,,,2,,,,456431.68
Chiroptera,Pteropodidae,Casinycteris,argynnis,Casinycteris argynnis,28.28,,,0.98,,,,4.29,,1,1,1,,,1040595.8
Rodentia,Castoridae,Castor,canadensis,Castor canadensis,18124.41,754.74,111.59,3.6,1.0,180.0,46.5,415.17,663.02,3,3,1,0.06,0.6,15377760.47
Rodentia,Castoridae,Castor,fiber,Castor fiber,19000.0,,106.42,2.95,1.0,300.0,60.18,550.27,1034.61,1,,1,,,2929213.57
Artiodactyla,Tayassuidae,Catagonus,wagneri,Catagonus wagneri,35566.4,1025.93,152.08,2.47,,108.0,60.37,600.2,821.58,6,1,2,7.0,9.24,329880.88
Carnivora,Felidae,Catopuma,badia,Catopuma badia,3429.52,548.4,,,,,,,,,1,,,,261512.24
Carnivora,Felidae,Catopuma,temminckii,Catopuma temminckii,7726.46,887.35,99.07,1.5,,216.0,,165.83,,1,1,3,,,3437288.13
Rodentia,Caviidae,Cavia,aperea,Cavia aperea,524.38,,61.7,2.14,5.0,,20.86,58.38,67.46,1,2,1,0.000921587,1806.97,6171299.51
Rodentia,Caviidae,Cavia,fulgida,Cavia fulgida,282.5,,,1.34,5.0,,20.88,,,,1,,,,293803.2
Rodentia,Caviidae,Cavia,magna,Cavia magna,459.99,,,,5.0,,20.88,,,,1,,,,178490.87
Rodentia,Caviidae,Cavia,porcellus,Cavia porcellus,727.99,,66.99,3.45,5.0,177.6,16.68,79.91,68.59,,1,,,,
Rodentia,Caviidae,Cavia,tschudii,Cavia tschudii,1000.0,,62.99,1.9,5.0,,20.88,,,,2,,,,1337430.45
Primates,Cebidae,Cebus,albifrons,Cebus albifrons,2509.68,384.28,158.29,1.01,,528.0,270.32,231.92,1501.69,5,2,2,0.53,16.79,3105886.13
Primates,Cebidae,Cebus,apella,Cebus apella,2758.38,422.69,154.99,1.05,,541.2,263.12,231.38,1760.81,6,2,2,0.88,23.77,10768851.82
Primates,Cebidae,Cebus,capucinus,Cebus capucinus,3005.99,377.82,161.06,1.01,,657.6,514.07,238.36,2134.73,4,2,2,0.35,27.27,431037.87
Primates,Cebidae,Cebus,kaapori,Cebus kaapori,3000.0,,,,,,,,,,,,,,83826.99
Primates,Cebidae,Cebus,olivaceus,Cebus olivaceus,2787.64,404.1,,1.01,,492.0,725.86,,2525.48,4,2,2,1.7,24.79,1484240.05
Chiroptera,Emballonuridae,Centronycteris,maximiliani,Centronycteris maximiliani,23.0,,,0.98,,,,,,1,1,3,,,5567605.79
Chiroptera,Phyllostomidae,Centurio,senex,Centurio senex,23.09,,,0.99,,,,,,1,1,1,,,2107462.67
Artiodactyla,Bovidae,Cephalophus,adersi,Cephalophus adersi,9249.95,690.0,120.0,1.0,,48.96,,,,4,1,1,,3.65,3824.3
Artiodactyla,Bovidae,Cephalophus,callipygus,Cephalophus callipygus,19079.23,1014.28,,,,,,2800.0,,3,1,1,0.32,,788397.64
Soricomorpha,Soricidae,Crocidura,horsfieldii,Crocidura horsfieldii,5.47,63.88,,3.14,,,,,,,,,,,65979.11
Soricomorpha,Soricidae,Crocidura,jacksoni,Crocidura jacksoni,7.0,,,3.49,,,,,,,,,,,697794.0
Soricomorpha,Soricidae,Crocidura,jouvenetae,Crocidura jouvenetae,9.79,,,,,,,,,,,,,,
Soricomorpha,Soricidae,Crocidura,leucodon,Crocidura leucodon,10.88,,30.99,3.36,,36.0,23.36,0.89,107.16,3,1,2,,,4156437.01
Soricomorpha,Soricidae,Crocidura,littoralis,Crocidura littoralis,18.61,,,2.99,,,,,,,,,,,411448.77
Soricomorpha,Soricidae,Crocidura,longipes,Crocidura longipes,19.3,,,,,,,,,,,,,,1301.98
Soricomorpha,Soricidae,Crocidura,ludia,Crocidura ludia,5.15,,,,,,,,,,,,,,291396.08
Soricomorpha,Soricidae,Crocidura,luna,Crocidura luna,13.83,,,1.99,,,,,,1,,3,,,1790648.51
Soricomorpha,Soricidae,Crocidura,lusitania,Crocidura lusitania,2.48,30.99,,,,,,,,,,,,,5756295.07
Soricomorpha,Soricidae,Crocidura,maquassiensis,Crocidura maquassiensis,5.99,,,,,,,,,1,,3,,,494580.6
Soricomorpha,Soricidae,Crocidura,mariquensis,Crocidura mariquensis,10.35,,,3.94,,,,,,1,1,3,,,3352832.94
Soricomorpha,Soricidae,Crocidura,maurisca,Crocidura maurisca,14.0,,,,,,,,,,,,,,19556.07
Soricomorpha,Soricidae,Crocidura,monax,Crocidura monax,16.0,,,,,,,,,,,,,,196976.45
Soricomorpha,Soricidae,Crocidura,montis,Crocidura montis,14.49,,,,,,,,,,,,,,86115.53
Soricomorpha,Soricidae,Crocidura,mutesae,Crocidura mutesae,23.91,,,,,,,,,,,,,,46052.61
Soricomorpha,Soricidae,Crocidura,nanilla,Crocidura nanilla,6.5,,,,,,,,,,,,,,4262855.73
Soricomorpha,Soricidae,Crocidura,negrina,Crocidura negrina,11.33,,,,,,,,,,,,,,12874.45
Soricomorpha,Soricidae,Crocidura,nigeriae,Crocidura nigeriae,23.0,,,,,,,,,,,,,,184841.83
Soricomorpha,Soricidae,Crocidura,nigricans,Crocidura nigricans,20.0,,,3.99,,,,,,,,,,,76023.56
Soricomorpha,Soricidae,Crocidura,nigrofusca,Crocidura nigrofusca,11.75,,,2.49,,,,,,,,,,,3763137.8
Soricomorpha,Soricidae,Crocidura,niobe,Crocidura niobe,16.0,,,2.99,,,,,,,,,,,50103.11
Chiroptera,Vespertilionidae,Chalinolobus,nigrogriseus,Chalinolobus nigrogriseus,8.79,,,,,,,,,,1,,,,1435584.1
Primates,Cheirogaleidae,Cheirogaleus,major,Cheirogaleus major,446.02,225.0,70.0,2.26,,180.0,47.14,18.08,420.91,5,1,2,0.02,67.99,112950.33
Primates,Cheirogaleidae,Cheirogaleus,medius,Cheirogaleus medius,196.76,225.0,61.79,2.04,,231.6,60.65,14.65,413.84,5,1,2,0.02,221.44,122848.88
Afrosoricida,Chrysochloridae,Chlorotalpa,sclateri,Chlorotalpa sclateri,38.3,100.0,,2.0,,,,,,1,,3,,,352293.84
Soricomorpha,Soricidae,Chodsigoa,salenskii,Chodsigoa salenskii,5.49,,,,,,,,,,,,,,424.87
Chiroptera,Phyllostomidae,Choeroniscus,godmani,Choeroniscus godmani,7.9,,,0.98,,,,,,3,1,2,,,2763301.06
Chiroptera,Phyllostomidae,Choeroniscus,minor,Choeroniscus minor,8.63,,,0.98,,,,,,2,1,2,,,6447650.32
Chiroptera,Phyllostomidae,Choeronycteris,mexicana,Choeronycteris mexicana,17.26,66.0,,0.99,,,,4.85,,3,1,2,,,1786274.52
Pilosa,Megalonychidae,Choloepus,didactylus,Choloepus didactylus,6646.5,688.96,269.63,1.0,,333.6,52.61,364.0,1262.74,3,2,2,,53.4,3900958.92
Pilosa,Megalonychidae,Choloepus,hoffmanni,Choloepus hoffmanni,5893.5,,258.54,1.0,,385.2,46.4,373.0,1473.2,3,2,1,,118.42,997078.52
Carnivora,Viverridae,Chrotogale,owstoni,Chrotogale owstoni,3267.71,570.29,,,,,,,,6,1,2,,,27879.9
Rodentia,Muridae,Chrotomys,gonzalesi,Chrotomys gonzalesi,140.2,172.99,,,,,,,,1,,3,,,323.24
Rodentia,Muridae,Chrotomys,mindorensis,Chrotomys mindorensis,151.98,172.99,,,,,,,,,,,,,115585.39
Rodentia,Muridae,Chrotomys,whiteheadi,Chrotomys whiteheadi,151.98,172.99,,,,,,,,,,,,,696.7
Chiroptera,Phyllostomidae,Chrotopterus,auritus,Chrotopterus auritus,78.26,103.0,86.09,0.99,1.0,,,,,3,1,2,,,9155053.99
Afrosoricida,Chrysochloridae,Chrysochloris,asiatica,Chrysochloris asiatica,37.16,106.5,,3.49,,,74.43,,,2,2,3,,1000.0,145686.02
Afrosoricida,Chrysochloridae,Chrysochloris,stuhlmanni,Chrysochloris stuhlmanni,55.76,129.14,,0.96,,,70.72,,,1,1,3,,1000.0,252891.64
Carnivora,Canidae,Chrysocyon,brachyurus,Chrysocyon brachyurus,23325.0,1245.72,63.48,2.0,,180.0,119.0,372.29,420.91,6,1,2,21.36,,5038801.01
Afrosoricida,Chrysochloridae,Chrysospalax,trevelyani,Chrysospalax trevelyani,434.04,234.94,115.0,1.41,1.0,48.0,,28.0,,2,2,3,0.000602526,1000.0,43844.11
Afrosoricida,Chrysochloridae,Chrysospalax,villosus,Chrysospalax villosus,108.35,150.0,,1.93,,,,,,1,2,3,,,170736.37
Carnivora,Viverridae,Civettictis,civetta,Civettictis civetta,12075.58,790.14,68.4,2.31,,336.0,82.91,317.3,286.24,6,1,2,,,14207678.6
Chiroptera,Hipposideridae,Cloeotis,percivali,Cloeotis percivali,4.16,,91.24,0.99,,,,,,,1,,,,1855266.13
Rodentia,Echimyidae,Clyomys,bishopi,Clyomys bishopi,30.0,,,,,,,,,,,,,,180436.54
Rodentia,Echimyidae,Clyomys,laticeps,Clyomys laticeps,201.0,,,,,,,,,,2,,,,1089098.36
Rodentia,Muridae,Coccymys,ruemmleri,Coccymys ruemmleri,29.7,101.06,,,,,,,,2,2,1,,,47734.24
Chiroptera,Hipposideridae,Coelops,frithii,Coelops frithii,7.52,,,0.98,,,,,,1,1,3,,,4074334.86
Chiroptera,Hipposideridae,Coelops,robinsoni,Coelops robinsoni,6.5,,,,,,,,,1,1,3,,,136979.46
Rodentia,Erethizontidae,Coendou,bicolor,Coendou bicolor,4492.49,,,1.0,,,69.6,,666.44,4,1,1,,5.58,1180226.58
Rodentia,Erethizontidae,Coendou,nycthemera,Coendou nycthemera,2999.98,350.15,,,,,,,,,,,,,409217.12
Rodentia,Erethizontidae,Coendou,prehensilis,Coendou prehensilis,4116.2,467.6,200.74,0.98,,207.6,69.54,410.8,631.2,5,1,1,0.14,35.69,10034056.62
Rodentia,Erethizontidae,Coendou,rothschildi,Coendou rothschildi,2000.0,,,,,,,,,2,1,1,,,58668.52
Chiroptera,Emballonuridae,Coleura,afra,Coleura afra,10.68,,,1.0,1.5,,,,,1,1,3,,,5013413.14
Chiroptera,Emballonuridae,Coleura,seychellensis,Coleura seychellensis,10.64,59.99,,,,,,,,1,1,3,,,151.19
Primates,Cercopithecidae,Colobus,angolensis,Colobus angolensis,8990.31,564.99,,1.01,,,,,,1,,1,,,3019802.04
Primates,Cercopithecidae,Colobus,guereza,Colobus guereza,9925.88,625.0,169.02,1.0,,294.0,387.79,444.92,1929.19,2,1,1,0.17,99.2,3994317.48
Primates,Cercopithecidae,Colobus,polykomos,Colobus polykomos,8797.29,625.0,172.69,1.0,,366.0,213.78,489.89,1629.84,2,,1,0.14,23.5,526083.9
Primates,Cercopithecidae,Colobus,satanas,Colobus satanas,9055.32,629.68,192.76,0.99,,,,,,3,1,1,0.44,26.57,353215.29
Primates,Cercopithecidae,Colobus,vellerosus,Colobus vellerosus,7700.18,635.0,,1.02,,,,,,,,,0.29,,502614.85
Rodentia,Muridae,Colomys,goslingi,Colomys goslingi,62.5,124.62,,1.97,,36.0,,,,,,,,,4628855.56
Soricomorpha,Talpidae,Condylura,cristata,Condylura cristata,48.15,115.65,40.0,5.39,1.0,36.0,20.84,1.5,304.16,2,3,3,0.003656234,4999.99,3692908.52
Carnivora,Mephitidae,Conepatus,humboldtii,Conepatus humboldtii,1097.61,353.19,,3.49,,,,,,1,2,3,0.1,,709172.73
Carnivora,Mephitidae,Conepatus,leuconotus,Conepatus leuconotus,3293.91,421.41,60.83,3.6,2.0,84.0,45.56,,340.6,1,1,3,,,2509559.21
Carnivora,Mephitidae,Conepatus,semistriatus,Conepatus semistriatus,1997.34,,,3.49,,,,,,6,2,2,0.27,9.52,2032658.27
Rodentia,Muridae,Conilurus,albipes,Conilurus albipes,200.0,250.0,,,,,,,,,,,,,
Rodentia,Muridae,Conilurus,penicillatus,Conilurus penicillatus,175.02,189.17,35.99,2.0,,,24.4,,,5,2,2,,,278072.3
Artiodactyla,Bovidae,Connochaetes,gnou,Connochaetes gnou,156547.53,1821.79,256.76,1.0,,240.0,111.57,10941.45,965.63,2,1,1,0.95,34.62,132200.71
Rodentia,Dasyproctidae,Dasyprocta,azarae,Dasyprocta azarae,2976.81,,,,,,140.0,,,3,1,1,,,1670356.3
Rodentia,Dasyproctidae,Dasyprocta,cristata,Dasyprocta cristata,2650.03,,,2.0,,,140.0,,,3,1,1,,,
Rodentia,Dasyproctidae,Dasyprocta,fuliginosa,Dasyprocta fuliginosa,3500.02,,,,,,140.0,,,3,1,1,,,2578681.32
Rodentia,Dasyproctidae,Dasyprocta,guamara,Dasyprocta guamara,2650.03,,,,,,140.0,,,3,1,1,,,31799.28
Rodentia,Dasyproctidae,Dasyprocta,kalinowskii,Dasyprocta kalinowskii,2650.03,,,,,,140.0,,,3,1,1,,,61009.2
Rodentia,Dasyproctidae,Dasyprocta,leporina,Dasyprocta leporina,3009.99,572.29,106.39,1.4,,213.6,140.0,,,3,1,1,,49.69,5296263.55
Rodentia,Dasyproctidae,Dasyprocta,mexicana,Dasyprocta mexicana,4999.99,,,,,,140.0,,,3,1,1,,,70505.63
Rodentia,Dasyproctidae,Dasyprocta,prymnolopha,Dasyprocta prymnolopha,2900.0,,,1.5,,,140.0,,,3,1,1,,,1930529.83
Rodentia,Dasyproctidae,Dasyprocta,punctata,Dasyprocta punctata,2309.12,,107.65,1.25,,120.0,140.0,,,3,2,1,,17.44,2516292.24
Cingulata,Dasypodidae,Dasypus,hybridus,Dasypus hybridus,1500.0,,126.4,8.36,,,,,,3,2,2,,,3810966.6
Cingulata,Dasypodidae,Dasypus,kappleri,Dasypus kappleri,9702.83,555.34,,4.47,,,,,,4,2,2,,,4937797.17
Cingulata,Dasypodidae,Dasypus,novemcinctus,Dasypus novemcinctus,3949.01,442.79,134.0,3.96,,180.0,136.87,96.48,511.16,5,2,2,0.04,20.37,17080218.63
Cingulata,Dasypodidae,Dasypus,pilosus,Dasypus pilosus,4444.98,,,,,,,,,3,2,2,,,71200.05
Cingulata,Dasypodidae,Dasypus,sabanicola,Dasypus sabanicola,1150.01,,91.24,4.0,,,,,,1,2,3,,280.0,688618.81
Chiroptera,Molossidae,Eumops,perotis,Eumops perotis,50.97,,,0.99,1.0,,,7.53,,1,1,3,,,16118784.11
Chiroptera,Molossidae,Eumops,underwoodi,Eumops underwoodi,58.67,,,1.0,1.0,,,,,1,1,3,,,789177.81
Rodentia,Cricetidae,Euneomys,chinchilloides,Euneomys chinchilloides,75.57,,,,,,,,,,1,,,,74442.36
Rodentia,Cricetidae,Euneomys,fossor,Euneomys fossor,83.0,,,,,,,,,,,,,,
Rodentia,Cricetidae,Euneomys,mordax,Euneomys mordax,81.99,,,,,,,,,,2,,,,40516.08
Rodentia,Cricetidae,Euneomys,petersoni,Euneomys petersoni,83.0,,,,,,,,,,,,,,56740.83
Primates,Galagidae,Euoticus,elegantulus,Euoticus elegantulus,295.48,300.0,133.45,0.99,,180.0,,,,4,,2,,16.47,901808.78
Primates,Galagidae,Euoticus,pallidus,Euoticus pallidus,277.37,,,,,,,,,,,,,,117645.33
Cingulata,Dasypodidae,Euphractus,sexcinctus,Euphractus sexcinctus,4731.16,446.66,64.66,1.73,,225.96,28.0,104.98,283.18,6,2,2,0.65,1.77,6270416.0
Carnivora,Eupleridae,Eupleres,goudotii,Eupleres goudotii,2763.34,549.99,93.86,1.0,,,62.99,150.0,,6,1,2,,,111808.26
Soricomorpha,Talpidae,Euroscaptor,micrura,Euroscaptor micrura,60.46,122.0,,,,36.0,,,,1,2,3,,,157260.51
Soricomorpha,Talpidae,Euroscaptor,mizura,Euroscaptor mizura,25.05,90.89,40.0,3.0,1.0,36.0,,,,1,1,3,,,7152.32
Rodentia,Echimyidae,Euryzygomatomys,spinosus,Euryzygomatomys spinosus,187.49,,,0.97,,,,,,,,,,,1396880.41
Rodentia,Sciuridae,Exilisciurus,concinnus,Exilisciurus concinnus,27.72,,,1.94,,,,,,,,,,,121262.31
Artiodactyla,Bovidae,Connochaetes,taurinus,Connochaetes taurinus,198619.68,2014.99,251.49,0.98,,258.0,256.32,18044.36,841.82,1,1,1,,7.99,3201113.49
Chiroptera,Emballonuridae,Cormura,brevirostris,Cormura brevirostris,9.26,,,,,,,,,1,1,3,,,6457181.09
Chiroptera,Vespertilionidae,Corynorhinus,rafinesquii,Corynorhinus rafinesquii,9.15,,55.27,1.0,1.0,121.2,21.0,2.45,210.45,1,1,3,,,1333256.65
Chiroptera,Vespertilionidae,Corynorhinus,townsendii,Corynorhinus townsendii,10.3,57.5,67.49,0.99,1.0,254.0,40.5,2.39,,1,1,3,,,4604871.5
Chiroptera,Craseonycteridae,Craseonycteris,thonglongyai,Craseonycteris thonglongyai,1.96,30.99,,1.0,1.0,,,,,1,1,3,,,895.08
Rodentia,Geomyidae,Cratogeomys,castanops,Cratogeomys castanops,266.83,192.55,,2.34,3.5,56.4,,6.06,,4,2,1,,1001.77,653636.15
Rodentia,Geomyidae,Cratogeomys,fumosus,Cratogeomys fumosus,150.0,,,,,,,,,3,2,1,,,512.65
Rodentia,Geomyidae,Cratogeomys,gymnurus,Cratogeomys gymnurus,599.99,,,,,,,,,3,2,1,,,12710.83
Rodentia,Geomyidae,Cratogeomys,merriami,Cratogeomys merriami,419.99,,,1.94,,,,,,3,2,1,,,17777.06
Rodentia,Geomyidae,Cratogeomys,neglectus,Cratogeomys neglectus,302.48,192.53,,1.94,,,,,,3,2,1,,,151.95
Rodentia,Geomyidae,Cratogeomys,tylorhinus,Cratogeomys tylorhinus,403.42,214.74,,1.94,,,,,,4,2,1,,,32204.11
Rodentia,Geomyidae,Cratogeomys,zinseri,Cratogeomys zinseri,150.0,,,,,,,,,3,2,1,,,557.24
Rodentia,Nesomyidae,Cricetomys,emini,Cricetomys emini,1280.0,,,0.97,,,,,,,1,,,,2945905.07
Rodentia,Nesomyidae,Cricetomys,gambianus,Cricetomys gambianus,1267.52,362.64,31.45,3.11,2.0,,34.54,22.68,177.08,,,,,,
Soricomorpha,Soricidae,Crocidura,tarfayensis,Crocidura tarfayensis,6.59,63.79,,,,,,,,,,,,,677846.6
Soricomorpha,Soricidae,Crocidura,theresae,Crocidura theresae,17.6,,,,,,,,,,,,,,591924.42
Soricomorpha,Soricidae,Crocidura,turba,Crocidura turba,14.49,,,2.0,,,,,,,,,,,4351979.87
Soricomorpha,Soricidae,Crocidura,ultima,Crocidura ultima,16.0,,,,,,,,,,,,,,28532.21
Soricomorpha,Soricidae,Crocidura,usambarae,Crocidura usambarae,11.83,79.72,,1.99,,,,,,,,,,,4845.06
Soricomorpha,Soricidae,Crocidura,viaria,Crocidura viaria,16.49,88.8,,3.49,,,,1.39,,,,,,,4924759.49
Soricomorpha,Soricidae,Crocidura,whitakeri,Crocidura whitakeri,5.58,61.2,,,,,,,,,,,,,1111959.91
Soricomorpha,Soricidae,Crocidura,wimmeri,Crocidura wimmeri,23.5,,,,,,,,,,,,,,152.56
Soricomorpha,Soricidae,Crocidura,yankariensis,Crocidura yankariensis,4.99,,,,,,,,,,,,,,3217670.38
Soricomorpha,Soricidae,Crocidura,zimmeri,Crocidura zimmeri,14.49,,,,,,,,,,,,,,671.11
Carnivora,Hyaenidae,Crocuta,crocuta,Crocuta crocuta,63369.98,1300.11,112.33,1.91,,493.2,371.37,1460.0,789.54,1,1,3,21.93,0.12,14790149.69
Carnivora,Herpestidae,Crossarchus,alexandri,Crossarchus alexandri,1503.4,448.99,,4.0,,,,,,,1,,,,1464819.63
Carnivora,Herpestidae,Crossarchus,ansorgei,Crossarchus ansorgei,700.0,325.52,,,,,,,,6,1,2,,,604251.42
Carnivora,Herpestidae,Crossarchus,obscurus,Crossarchus obscurus,1395.09,338.98,70.0,4.29,2.5,108.0,29.23,9.78,278.42,6,1,2,,,438210.83
Rodentia,Muridae,Crossomys,moncktoni,Crossomys moncktoni,168.42,193.61,,1.07,,,,,,2,3,3,,,47340.55
Rodentia,Bathyergidae,Cryptomys,amatus,Cryptomys amatus,76.74,,95.0,,,,,,,,,,,,
Rodentia,Bathyergidae,Cryptomys,anselli,Cryptomys anselli,85.59,,,,,,,,,,,,,,
Rodentia,Bathyergidae,Cryptomys,bocagei,Cryptomys bocagei,93.84,,,,,,,,,,,,,,754390.24
Rodentia,Bathyergidae,Cryptomys,damarensis,Cryptomys damarensis,112.2,,83.55,3.0,4.0,,18.02,8.49,,1,1,1,0.01,,1869675.78
Rodentia,Bathyergidae,Cryptomys,darlingi,Cryptomys darlingi,65.58,,57.82,1.84,,,27.28,7.54,,,1,,,,
Rodentia,Bathyergidae,Cryptomys,hottentotus,Cryptomys hottentotus,75.13,,84.99,2.48,2.0,,32.07,8.24,472.6,1,2,1,0.001455832,816.08,3174641.7
Rodentia,Bathyergidae,Cryptomys,mechowi,Cryptomys mechowi,271.54,,104.0,2.6,,,38.49,18.77,,1,1,1,,,1436768.44
Rodentia,Bathyergidae,Cryptomys,ochraceocinereus,Cryptomys ochraceocinereus,200.0,,,3.0,2.0,,,,,,,,,,1268391.62
Carnivora,Eupleridae,Cryptoprocta,ferox,Cryptoprocta ferox,9500.0,726.04,92.54,2.98,1.0,240.0,136.1,99.96,1262.74,2,3,3,0.75,0.88,214312.12
Soricomorpha,Soricidae,Cryptotis,goldmani,Cryptotis goldmani,6.73,,,,,,,,,,,,,115.15,
Soricomorpha,Soricidae,Cryptotis,goodwini,Cryptotis goodwini,7.0,94.91,,,,,,,,,2,,,,52453.87
Soricomorpha,Soricidae,Cryptotis,magna,Cryptotis magna,7.0,84.99,,2.99,,,,,,,1,,,,10152.68
Soricomorpha,Soricidae,Cryptotis,meridensis,Cryptotis meridensis,12.63,,,,,,,,,1,2,3,,104.61,27050.11
Soricomorpha,Soricidae,Cryptotis,mexicana,Cryptotis mexicana,7.0,60.99,,2.99,,,,,,,1,,,,68045.83
Soricomorpha,Soricidae,Cryptotis,montivaga,Cryptotis montivaga,11.29,79.6,,,,,,,,1,,3,,,25609.05
Soricomorpha,Soricidae,Cryptotis,nigrescens,Cryptotis nigrescens,8.32,,,,,,,,,,,,,,
Soricomorpha,Soricidae,Cryptotis,parva,Cryptotis parva,4.97,67.99,21.99,4.55,2.5,21.0,20.34,0.35,35.44,6,1,2,0.001442322,493.99,4102791.8
Soricomorpha,Soricidae,Cryptotis,squamipes,Cryptotis squamipes,11.0,,,,,,,,,1,,3,,,18765.47
Soricomorpha,Soricidae,Cryptotis,thomasi,Cryptotis thomasi,11.77,,,,,,,,,1,,3,,,32860.44
Rodentia,Ctenodactylidae,Ctenodactylus,gundi,Ctenodactylus gundi,288.41,208.0,65.96,2.0,,,,29.89,169.03,,,,,,324162.5
Rodentia,Ctenodactylidae,Ctenodactylus,vali,Ctenodactylus vali,173.6,176.0,59.13,2.0,,60.0,,17.9,340.64,3,,1,,,269951.32
Rodentia,Ctenomyidae,Ctenomys,argentinus,Ctenomys argentinus,221.3,,,,,,,,,3,1,1,,,23664.72
Rodentia,Ctenomyidae,Ctenomys,australis,Ctenomys australis,403.32,,,,,,,,,3,2,1,,,23805.63
Rodentia,Ctenomyidae,Ctenomys,azarae,Ctenomys azarae,400.0,,,,,,,,,3,1,1,,,7836.88
Rodentia,Ctenomyidae,Ctenomys,boliviensis,Ctenomys boliviensis,462.6,221.1,,,,,,,,3,2,1,,,70023.94
Rodentia,Ctenomyidae,Ctenomys,bonettoi,Ctenomys bonettoi,202.3,,,,,,,,,3,1,1,,,8251.77
Rodentia,Ctenomyidae,Ctenomys,colburni,Ctenomys colburni,400.0,,,,,,,,,3,1,1,,,22326.04
Rodentia,Ctenomyidae,Ctenomys,conoveri,Ctenomys conoveri,859.99,258.5,,,,,,,,3,2,1,,,78001.32
Rodentia,Ctenomyidae,Ctenomys,dorsalis,Ctenomys dorsalis,165.6,200.0,,,,,,,,3,1,1,,,11182.33
Rodentia,Ctenomyidae,Ctenomys,emilianus,Ctenomys emilianus,285.29,,,,,,,,,3,1,1,,,9676.88
Rodentia,Ctenomyidae,Ctenomys,frater,Ctenomys frater,172.9,188.3,,,,,,,,3,2,1,,,5398.92
Rodentia,Ctenomyidae,Ctenomys,fulvus,Ctenomys fulvus,279.88,,,,,,,,,3,2,1,,,
Rodentia,Ctenomyidae,Ctenomys,haigi,Ctenomys haigi,164.0,173.49,,,,,,,,,2,,3.29744e-05,,25958.86
Rodentia,Ctenomyidae,Ctenomys,knighti,Ctenomys knighti,316.0,,,,,,,,,3,1,1,,,20864.38
Rodentia,Ctenomyidae,Ctenomys,latro,Ctenomys latro,192.0,,,,,,,,,3,1,1,,,19561.91
Rodentia,Ctenomyidae,Ctenomys,leucodon,Ctenomys leucodon,243.6,,,,,,,,,3,2,1,,,52340.92
Rodentia,Ctenomyidae,Ctenomys,lewisi,Ctenomys lewisi,117.2,177.5,,,,,,,,3,3,1,,,8824.32
Rodentia,Ctenomyidae,Ctenomys,magellanicus,Ctenomys magellanicus,271.44,216.0,,,,,,,,3,2,1,,,106225.77
Rodentia,Ctenomyidae,Ctenomys,maulinus,Ctenomys maulinus,215.0,,,,,,,,,3,2,1,,,51536.0
Rodentia,Ctenomyidae,Ctenomys,mendocinus,Ctenomys mendocinus,178.44,,,,,,,,,3,1,1,,,
Rodentia,Ctenomyidae,Ctenomys,minutus,Ctenomys minutus,92.0,156.99,,,,,,,,3,2,1,,,108713.49
Rodentia,Ctenomyidae,Ctenomys,occultus,Ctenomys occultus,150.0,,,,,,,,,3,1,1,,,4611.74
Rodentia,Ctenomyidae,Ctenomys,opimus,Ctenomys opimus,327.05,213.29,60.83,2.0,1.0,,,,365.0,3,2,1,,233.87,344662.55
Rodentia,Ctenomyidae,Ctenomys,pearsoni,Ctenomys pearsoni,212.0,,,,,,,,,3,1,1,,,46304.08
Rodentia,Ctenomyidae,Ctenomys,perrensi,Ctenomys perrensi,400.0,,,,,,,,,3,1,1,,,77423.01
Rodentia,Ctenomyidae,Ctenomys,peruanus,Ctenomys peruanus,488.36,238.0,120.83,3.0,1.0,,,,365.0,3,2,1,,3720.24,55816.24
Rodentia,Ctenomyidae,Ctenomys,pontifex,Ctenomys pontifex,400.0,,,,,,,,,3,1,1,,,30540.4
Rodentia,Ctenomyidae,Ctenomys,porteousi,Ctenomys porteousi,192.4,,,,,,,,,3,1,1,,,46290.24
Rodentia,Ctenomyidae,Ctenomys,saltarius,Ctenomys saltarius,230.0,,,,,,,,,3,1,1,,,54806.9
Rodentia,Ctenomyidae,Ctenomys,sericeus,Ctenomys sericeus,400.0,,,,,,,,,3,1,1,,,237955.24
Rodentia,Ctenomyidae,Ctenomys,sociabilis,Ctenomys sociabilis,400.0,,,,,,,,,,,,,,1976.67
Rodentia,Ctenomyidae,Ctenomys,steinbachi,Ctenomys steinbachi,384.99,196.6,,,,,,,,3,2,1,,,19311.11
Rodentia,Ctenomyidae,Ctenomys,talarum,Ctenomys talarum,140.84,,102.67,4.34,1.5,36.0,34.8,8.0,213.2,4,1,1,2.0373e-05,5187.48,216393.6
Rodentia,Ctenomyidae,Ctenomys,torquatus,Ctenomys torquatus,209.49,187.0,107.0,2.5,,,,,,3,2,1,,,459331.26
Rodentia,Ctenomyidae,Ctenomys,tuconax,Ctenomys tuconax,248.99,,,,,,,,,3,1,1,,,2421.97
Rodentia,Ctenomyidae,Ctenomys,tucumanus,Ctenomys tucumanus,217.0,,,,,,,,,3,1,1,,,5165.21
Rodentia,Ctenomyidae,Ctenomys,validus,Ctenomys validus,232.6,,,,,,,,,3,1,1,,,3491.05
Rodentia,Cuniculidae,Cuniculus,paca,Cuniculus paca,8172.55,647.06,116.24,1.01,1.75,192.0,82.75,674.77,335.48,5,2,1,,48.71,12381979.8
Rodentia,Cuniculidae,Cuniculus,taczanowskii,Cuniculus taczanowskii,8999.95,,,1.0,2.0,,,,,4,2,1,,,392199.69
Carnivora,Canidae,Cuon,alpinus,Cuon alpinus,15800.0,987.74,61.5,4.3,,192.0,57.33,275.0,374.18,1,1,3,33.64,0.55,10546280.1
Pilosa,Cyclopedidae,Cyclopes,didactylus,Cyclopes didactylus,263.95,177.18,160.0,1.0,,27.6,,,,1,1,3,0.03,32.4,7292625.62
Carnivora,Herpestidae,Cynictis,penicillata,Cynictis penicillata,694.41,291.87,56.83,2.15,,182.4,41.76,,350.57,1,1,3,1.89,,2233627.48
Dermoptera,Cynocephalidae,Cynocephalus,volans,Cynocephalus volans,1250.0,379.43,62.57,1.0,,,198.5,35.79,,4,1,1,0.07,,120788.3
Carnivora,Viverridae,Cynogale,bennettii,Cynogale bennettii,4246.57,624.54,,2.3,,60.0,,,,6,2,2,,,170977.09
Chiroptera,Molossidae,Cynomops,abrasus,Cynomops abrasus,35.39,,,0.98,,,,,,1,1,3,,,10368632.82
Chiroptera,Molossidae,Cynomops,greenhalli,Cynomops greenhalli,15.87,,,0.99,,,,,,1,1,3,,,1848057.21
Chiroptera,Molossidae,Cynomops,paranus,Cynomops paranus,12.16,,,,,,,,,,,,,,11408256.94
Chiroptera,Molossidae,Cynomops,planirostris,Cynomops planirostris,12.84,,,1.0,,,,,,1,1,3,,,11408256.94
Rodentia,Sciuridae,Cynomys,gunnisoni,Cynomys gunnisoni,797.93,279.12,29.64,4.48,1.0,,36.65,,395.29,5,2,2,0.007188295,669.1,309978.76
Rodentia,Sciuridae,Cynomys,leucurus,Cynomys leucurus,963.76,307.49,30.39,5.4,1.0,,31.76,,413.84,1,2,1,0.05,546.43,269822.59
Rodentia,Sciuridae,Cynomys,ludovicianus,Cynomys ludovicianus,797.05,294.04,33.46,4.43,1.0,102.0,45.57,15.24,696.9,4,2,1,0.001787394,1830.0,1823313.42
Rodentia,Sciuridae,Cynomys,mexicanus,Cynomys mexicanus,899.98,341.09,30.41,4.18,1.0,,46.35,,,2,2,1,,,586.55
Rodentia,Sciuridae,Cynomys,parvidens,Cynomys parvidens,899.98,288.47,,4.89,1.0,,,,371.23,1,2,1,,3824.99,24425.78
Chiroptera,Pteropodidae,Cynopterus,brachyotis,Cynopterus brachyotis,33.87,,117.06,0.99,2.0,96.0,48.99,6.2,251.71,3,1,1,,,2220429.06
Chiroptera,Pteropodidae,Cynopterus,horsfieldii,Cynopterus horsfieldii,56.01,,,,,,,,,1,1,1,,,1048657.06
Chiroptera,Pteropodidae,Cynopterus,minutus,Cynopterus minutus,26.45,,,,,,,,,,,,,,1467026.28
Chiroptera,Pteropodidae,Cynopterus,sphinx,Cynopterus sphinx,44.71,98.99,120.0,1.5,2.0,,32.49,11.0,312.99,2,1,1,,,5648557.98
Chiroptera,Pteropodidae,Cynopterus,titthaecheilus,Cynopterus titthaecheilus,58.33,,,1.0,2.0,,,,,,1,,,,592527.99
Carnivora,Phocidae,Cystophora,cristata,Cystophora cristata,278896.81,2323.06,334.58,1.0,,420.0,9.5,21992.7,1262.74,6,2,2,,0.004822132,
Chiroptera,Emballonuridae,Cyttarops,alecto,Cyttarops alecto,5.3,,,,,,,,,,1,,,,581976.9
Rodentia,Echimyidae,Dactylomys,boliviensis,Dactylomys boliviensis,728.8,,,,,,,,,,,,,,642946.43
Rodentia,Echimyidae,Dactylomys,dactylinus,Dactylomys dactylinus,649.98,285.02,,,,,,,,2,1,2,0.001669342,,2786239.5
Rodentia,Echimyidae,Dactylomys,peruanus,Dactylomys peruanus,382.0,,,,,,,,,,,,,,74745.24
Diprotodontia,Petauridae,Dactylopsila,palpator,Dactylopsila palpator,369.87,234.89,,1.02,,,,,,7,2,2,,,210628.5
Diprotodontia,Petauridae,Dactylopsila,tatei,Dactylopsila tatei,252.0,,,,,,,,,3,1,2,,,231.26
Diprotodontia,Petauridae,Dactylopsila,trivirgata,Dactylopsila trivirgata,413.41,254.55,,1.54,,115.0,,,,7,1,2,0.09,4.0,583261.22
Artiodactyla,Cervidae,Dama,dama,Dama dama,57224.61,,230.0,1.0,,300.0,177.63,4698.44,543.28,2,1,1,0.71,21.99,3081759.24
Artiodactyla,Bovidae,Damaliscus,korrigum,Damaliscus korrigum,127194.87,,,,,150.96,,,1094.37,,,,,3.29,3278531.91
Artiodactyla,Bovidae,Damaliscus,lunatus,Damaliscus lunatus,136000.33,1700.0,238.0,0.98,,216.0,,11000.0,665.3,1,1,1,,2.74,1266510.5
Artiodactyla,Bovidae,Damaliscus,pygargus,Damaliscus pygargus,77784.55,,240.54,1.41,,260.04,121.66,6873.81,620.76,,,,,24.56,370656.19
Dasyuromorphia,Dasyuridae,Dasycercus,cristicauda,Dasycercus cristicauda,99.54,175.0,38.99,6.5,1.0,84.0,105.85,,364.12,2,2,3,,,913420.52
Dasyuromorphia,Dasyuridae,Dasykaluta,rosamondae,Dasykaluta rosamondae,32.17,,49.69,6.64,1.0,36.0,113.0,,324.38,,1,,,,374318.6
Rodentia,Muridae,Dasymys,incomtus,Dasymys incomtus,127.75,,,2.67,,,30.0,,72.41,,,,,1718.4,
Cingulata,Dasypodidae,Dasypus,septemcinctus,Dasypus septemcinctus,1526.64,,120.0,5.99,,,,,,3,2,2,,,5434573.16
Dasyuromorphia,Dasyuridae,Dasyuroides,byrnei,Dasyuroides byrnei,109.47,158.49,32.49,5.14,2.0,84.0,118.11,0.02,299.95,2,1,3,,,108698.99
Dasyuromorphia,Dasyuridae,Dasyurus,albopunctatus,Dasyurus albopunctatus,603.48,268.92,19.29,6.19,,36.0,97.65,,,5,1,2,,,314620.59
Dasyuromorphia,Dasyuridae,Dasyurus,geoffroii,Dasyurus geoffroii,1106.62,348.9,17.66,5.47,1.0,60.0,154.12,0.01,417.36,2,1,3,2.73,2.3,153816.13
Dasyuromorphia,Dasyuridae,Dasyurus,hallucatus,Dasyurus hallucatus,470.92,214.16,,6.39,1.0,34.8,141.89,,374.16,,1,,0.02,16.24,578100.34
Dasyuromorphia,Dasyuridae,Dasyurus,maculatus,Dasyurus maculatus,3284.15,427.29,21.0,4.47,1.0,60.0,134.99,,374.39,3,2,2,1.36,3.49,580449.23
Dasyuromorphia,Dasyuridae,Dasyurus,spartacus,Dasyurus spartacus,885.67,356.27,19.12,6.78,,,97.65,,,5,1,2,,,990.45
Dasyuromorphia,Dasyuridae,Dasyurus,viverrinus,Dasyurus viverrinus,1101.49,333.38,20.5,4.7,1.0,81.6,156.6,0.01,372.1,4,2,2,0.33,19.0,66496.29
Primates,Daubentoniidae,Daubentonia,madagascariensis,Daubentonia madagascariensis,2731.37,400.0,166.48,1.01,0.42,291.6,197.7,121.79,834.72,6,2,2,0.06,39.79,141979.73
Rodentia,Nesomyidae,Delanymys,brooksi,Delanymys brooksi,4.99,,,3.19,,24.0,,,,,,,,872.48,50029.97
Rodentia,Muridae,Dipodillus,simoni,Dipodillus simoni,17.4,,25.54,4.68,,,,,97.02,,,,,,654044.16
Rodentia,Heteromyidae,Dipodomys,agilis,Dipodomys agilis,60.21,,,2.6,2.0,,,,210.0,,,,0.002396454,687.9,59736.35
Rodentia,Heteromyidae,Dipodomys,californicus,Dipodomys californicus,84.95,115.15,,2.6,2.0,,,,,4,,1,,,86283.94
Rodentia,Heteromyidae,Dipodomys,compactus,Dipodomys compactus,49.25,167.81,,1.94,,,,,,,,,,,48975.08
Rodentia,Heteromyidae,Dipodomys,deserti,Dipodomys deserti,107.63,138.11,30.5,3.36,2.5,,24.17,4.08,50.88,5,2,1,,160.5,308413.93
Rodentia,Heteromyidae,Dipodomys,elator,Dipodomys elator,105.82,119.5,,2.91,,,,,,4,,2,0.00073307,1284.37,12077.2
Rodentia,Heteromyidae,Dipodomys,gravipes,Dipodomys gravipes,83.96,129.04,,,,,,,,,2,,,,2231.05
Rodentia,Heteromyidae,Dipodomys,heermanni,Dipodomys heermanni,63.08,111.25,30.99,3.11,2.0,28.8,25.9,3.7,53.13,4,2,2,,1160.33,70348.64
Rodentia,Heteromyidae,Dipodomys,ingens,Dipodomys ingens,113.61,147.83,,4.77,,,,,,3,2,2,0.000314541,3868.35,6724.92
Rodentia,Heteromyidae,Dipodomys,merriami,Dipodomys merriami,37.91,98.54,30.77,2.39,1.75,24.0,20.42,3.29,67.11,1,,1,0.001745298,373.61,1420055.67
Rodentia,Heteromyidae,Dipodomys,microps,Dipodomys microps,56.26,112.47,30.99,2.37,1.0,,21.0,4.0,147.92,3,2,2,0.03,1160.36,392813.73
Rodentia,Heteromyidae,Dipodomys,nelsoni,Dipodomys nelsoni,87.93,127.5,,1.94,,,,,,1,2,1,,373.61,193502.54
Rodentia,Heteromyidae,Dipodomys,nitratoides,Dipodomys nitratoides,41.59,97.45,32.89,2.14,,,22.37,2.96,95.24,2,2,1,,,11321.45
Rodentia,Heteromyidae,Dipodomys,ordii,Dipodomys ordii,50.4,113.92,29.69,2.95,2.0,117.6,,4.99,86.77,5,,2,0.004440926,297.0,3426002.61
Rodentia,Heteromyidae,Dipodomys,panamintinus,Dipodomys panamintinus,73.67,120.46,29.44,3.78,,,27.89,4.5,,,2,,0.003884943,,61106.76
Rodentia,Heteromyidae,Dipodomys,phillipsii,Dipodomys phillipsii,41.0,95.86,,2.59,,,,,,3,2,1,,,177725.95
Rodentia,Heteromyidae,Dipodomys,spectabilis,Dipodomys spectabilis,124.61,141.14,23.5,2.67,2.0,36.0,23.47,7.74,310.33,4,2,2,0.000506179,397.71,525470.85
Rodentia,Heteromyidae,Dipodomys,stephensi,Dipodomys stephensi,68.49,116.5,,2.68,2.0,,19.86,4.4,,1,,1,0.000790491,3379.99,8439.21
Rodentia,Heteromyidae,Dipodomys,venustus,Dipodomys venustus,81.52,126.49,,1.73,1.5,,,,,2,2,1,,,16390.36
Rodentia,Dipodidae,Dipus,sagitta,Dipus sagitta,89.0,,27.5,3.49,2.0,,,,,7,,2,,,5074051.06
Diprotodontia,Acrobatidae,Distoechurus,pennatus,Distoechurus pennatus,52.74,117.66,,1.31,,24.0,,,,4,1,2,,,234473.26
Chiroptera,Pteropodidae,Dobsonia,anderseni,Dobsonia anderseni,233.99,,,,,,,,,,,,,,22628.33
Chiroptera,Pteropodidae,Dobsonia,beauforti,Dobsonia beauforti,165.35,161.28,,0.99,1.0,,,,,,1,,,,7965.78
Chiroptera,Pteropodidae,Dobsonia,crenulata,Dobsonia crenulata,218.21,178.14,,,,,,,,,,,,,25941.38
Chiroptera,Pteropodidae,Dobsonia,emersa,Dobsonia emersa,201.06,164.32,,,,,,,,,1,,,,2639.5
Chiroptera,Pteropodidae,Dobsonia,exoleta,Dobsonia exoleta,302.03,202.74,,,,,,,,,1,,,,174051.74
Chiroptera,Pteropodidae,Dobsonia,inermis,Dobsonia inermis,152.6,173.98,,0.99,2.0,,,,,,1,,,,34503.07
Chiroptera,Pteropodidae,Dobsonia,magna,Dobsonia magna,465.0,,,,,,165.0,,755.15,,,,,,512543.88
Chiroptera,Pteropodidae,Dobsonia,minor,Dobsonia minor,85.95,,,0.99,2.0,,,,,1,1,1,,,340450.08
Chiroptera,Pteropodidae,Dobsonia,moluccensis,Dobsonia moluccensis,447.64,,156.43,0.99,1.0,,166.2,73.9,714.83,1,1,1,,,45157.74
Chiroptera,Pteropodidae,Dobsonia,pannietensis,Dobsonia pannietensis,239.19,186.23,,0.98,,,,,,1,1,1,,,5451.04
Chiroptera,Pteropodidae,Dobsonia,peronii,Dobsonia peronii,226.51,,,0.98,,,,52.4,,1,1,1,,,84055.51
Chiroptera,Pteropodidae,Dobsonia,praedatrix,Dobsonia praedatrix,178.74,161.13,,1.0,2.0,,,32.0,,1,1,1,,,24235.72
Chiroptera,Pteropodidae,Dobsonia,viridis,Dobsonia viridis,240.66,,,,,,,,,,1,,,,225635.37
Rodentia,Caviidae,Dolichotis,patagonum,Dolichotis patagonum,8000.0,663.84,97.97,1.75,3.5,168.0,76.28,578.96,216.03,2,2,1,0.69,,824849.06
Rodentia,Caviidae,Dolichotis,salinicola,Dolichotis salinicola,1607.6,,77.5,1.94,,,,199.0,,4,1,1,,,709321.91
Carnivora,Herpestidae,Dologale,dybowskii,Dologale dybowskii,361.92,289.15,,4.0,,,,,,,1,,,,433013.15
Artiodactyla,Bovidae,Dorcatragus,megalotis,Dorcatragus megalotis,10918.12,779.98,,1.0,,168.0,,,,3,1,1,,,77951.19
Diprotodontia,Macropodidae,Dorcopsis,atrata,Dorcopsis atrata,6198.87,591.38,,1.01,,96.0,362.93,,517.3,5,1,2,,,193.45
Diprotodontia,Macropodidae,Dorcopsis,hageni,Dorcopsis hageni,5499.99,537.62,,1.01,,,304.99,,517.3,3,1,2,,,137660.44
Diprotodontia,Macropodidae,Dorcopsis,luctuosa,Dorcopsis luctuosa,4939.56,663.46,,1.01,,96.0,300.95,,513.75,3,1,1,,,61047.01
Diprotodontia,Macropodidae,Dorcopsis,muelleri,Dorcopsis muelleri,5370.79,678.67,,1.0,,91.2,269.23,,,,1,,,,63643.38
Diprotodontia,Macropodidae,Dorcopsulus,macleayi,Dorcopsulus macleayi,2780.54,399.68,,1.24,,,,,,2,1,1,,,4202.6
Diprotodontia,Macropodidae,Dorcopsulus,vanheurni,Dorcopsulus vanheurni,1890.36,386.89,,1.18,,,,,,2,1,1,,,147605.92
Rodentia,Sciuridae,Dremomys,everetti,Dremomys everetti,129.78,203.5,,,,,,,,5,2,2,,,34475.51
Rodentia,Sciuridae,Dremomys,lokriah,Dremomys lokriah,226.99,,,3.68,,85.2,,,,,1,,,,365201.53
Rodentia,Sciuridae,Dremomys,pernyi,Dremomys pernyi,198.63,,,,,,,,,,1,,,,948328.77
Rodentia,Sciuridae,Dremomys,rufigenis,Dremomys rufigenis,200.32,202.68,,,,,,,,,,,,,1070548.68
Microbiotheria,Microbiotheriidae,Dromiciops,gliroides,Dromiciops gliroides,25.0,105.74,,3.0,,38.4,,,556.85,6,2,2,,49.99,58876.08
Rodentia,Gliridae,Dryomys,laniger,Dryomys laniger,25.91,105.0,30.2,4.18,1.0,,31.32,,,4,3,2,,,612.63
Rodentia,Gliridae,Dryomys,nitedula,Dryomys nitedula,29.5,105.0,24.5,3.24,1.0,48.0,31.32,1.57,,4,3,2,,,4841456.73
Sirenia,Dugongidae,Dugong,dugon,Dugong dugon,295000.0,2550.0,372.52,1.0,,840.0,545.94,23452.07,3775.76,4,1,2,47.17,,
Chiroptera,Pteropodidae,Dyacopterus,spadiceus,Dyacopterus spadiceus,81.1,129.3,,,,,,,,,1,,,,121150.39
Soricomorpha,Talpidae,Dymecodon,pilirostris,Dymecodon pilirostris,15.46,65.87,40.0,3.0,1.0,,,,,1,2,3,,4999.99,19085.78
Rodentia,Echimyidae,Echimys,chrysurus,Echimys chrysurus,609.99,296.11,,1.94,,,,,,2,1,1,,6.2,1259228.06
Rodentia,Echimyidae,Echimys,saturnus,Echimys saturnus,626.89,,,,,,,,,,,,,,159720.92
Rodentia,Echimyidae,Echimys,semivillosus,Echimys semivillosus,282.36,,,,,,,,,1,1,1,,35.43,276412.12
Rodentia,Erethizontidae,Echinoprocta,rufescens,Echinoprocta rufescens,831.79,,,,,,,,,,,,,,32259.39
Afrosoricida,Tenrecidae,Echinops,telfairi,Echinops telfairi,152.25,160.0,62.54,5.49,1.0,156.0,31.18,7.49,278.42,1,2,3,,,61701.13
Erinaceomorpha,Erinaceidae,Echinosorex,gymnura,Echinosorex gymnura,756.53,327.7,37.74,1.9,2.0,84.0,,14.24,,3,2,2,,,1374526.86
Peramelemorphia,Peramelidae,Echymipera,clara,Echymipera clara,1204.61,340.92,,2.2,,,,,,2,2,2,0.01,,79519.52
Peramelemorphia,Peramelidae,Echymipera,davidi,Echymipera davidi,817.05,375.82,,,,,,,,,,,,,280.1
Peramelemorphia,Peramelidae,Echymipera,echinista,Echymipera echinista,1204.61,348.94,,,,,,,,,,,,,547.08
Peramelemorphia,Peramelidae,Echymipera,kalubu,Echymipera kalubu,825.16,270.27,13.03,2.07,,,,,,3,,2,0.01,,546845.23
Peramelemorphia,Peramelidae,Echymipera,rufescens,Echymipera rufescens,1051.48,452.54,,2.18,,34.8,,,,,1,,,,844307.77
Chiroptera,Phyllostomidae,Ectophylla,alba,Ectophylla alba,5.55,,,0.99,2.0,,24.98,,,1,1,1,,,138091.24
Chiroptera,Pteropodidae,Eidolon,dupreanum,Eidolon dupreanum,297.58,202.5,131.32,1.22,1.0,240.0,,49.99,,4,1,1,,,594211.19
Chiroptera,Pteropodidae,Eidolon,helvum,Eidolon helvum,254.61,182.58,164.36,1.08,1.0,261.99,60.83,48.28,,2,1,1,,,18942406.16
Carnivora,Mustelidae,Eira,barbara,Eira barbara,4134.99,612.64,66.74,2.14,,216.0,94.46,83.0,766.15,2,2,2,11.4,1.77,13411787.9
Artiodactyla,Cervidae,Elaphodus,cephalophus,Elaphodus cephalophus,23087.87,,181.24,1.0,,,,,631.37,,,,,,1959738.34
Artiodactyla,Cervidae,Elaphurus,davidianus,Elaphurus davidianus,165989.17,,286.49,1.22,,279.6,155.59,10467.5,,2,1,1,,,
Rodentia,Heptaxodontidae,Elasmodontomys,obliquus,Elasmodontomys obliquus,13700.0,,,,,,,,,,,,,,
Macroscelidea,Macroscelididae,Elephantulus,brachyrhynchus,Elephantulus brachyrhynchus,45.11,115.62,,1.54,,,,,,1,2,3,,33.09,4159026.28
Macroscelidea,Macroscelididae,Elephantulus,edwardii,Elephantulus edwardii,49.69,118.86,,1.8,,,27.28,11.9,,,1,,,1470.41,143549.15
Macroscelidea,Macroscelididae,Elephantulus,fuscipes,Elephantulus fuscipes,57.0,,,0.96,,,,,,,,,,,204288.74
Carnivora,Mustelidae,Enhydra,lutris,Enhydra lutris,27410.93,1435.71,238.0,0.96,,360.0,178.98,1894.37,1022.33,6,1,2,3.43,6.46,
Rodentia,Sciuridae,Eoglaucomys,fimbriatus,Eoglaucomys fimbriatus,510.0,,,3.74,2.0,,75.47,,,,1,,,,120532.97
Rodentia,Cricetidae,Eolagurus,luteus,Eolagurus luteus,26.0,,,7.5,3.5,,,,24.91,,,,,,358386.88
Chiroptera,Pteropodidae,Eonycteris,major,Eonycteris major,70.7,,,1.0,,,,12.99,,1,1,1,,,328195.7
Chiroptera,Pteropodidae,Eonycteris,robusta,Eonycteris robusta,78.36,,,,,,,,,,,,,,223952.0
Chiroptera,Pteropodidae,Eonycteris,spelaea,Eonycteris spelaea,58.7,123.83,152.18,1.0,2.0,60.0,59.95,14.6,357.41,2,1,2,,,3882233.27
Rodentia,Spalacidae,Eospalax,fontanierii,Eospalax fontanierii,256.76,,,,,,,9.02,,,,,,,952910.54
Rodentia,Cricetidae,Eothenomys,melanogaster,Eothenomys melanogaster,19.59,92.88,,1.8,,,,,,,,,,,1184509.86
Soricomorpha,Soricidae,Episoriculus,fumidus,Episoriculus fumidus,6.95,67.39,,3.42,,,,,,,,,,,36065.98
Rodentia,Sciuridae,Epixerus,ebii,Epixerus ebii,520.96,287.54,,2.0,,,,,,1,2,1,,,312109.1
Chiroptera,Pteropodidae,Epomophorus,crypturus,Epomophorus crypturus,95.04,,91.24,0.99,1.5,,60.83,,,1,,1,,,2059789.46
Chiroptera,Pteropodidae,Epomophorus,gambianus,Epomophorus gambianus,134.59,159.41,156.43,0.98,2.0,,59.99,9.96,,2,1,1,,,3524240.83
Chiroptera,Pteropodidae,Epomophorus,grandis,Epomophorus grandis,49.42,135.96,,,,,,,,2,1,1,,,775.34
Chiroptera,Pteropodidae,Epomophorus,labiatus,Epomophorus labiatus,69.65,94.33,156.43,0.99,2.0,,,11.0,,2,1,1,,,3251459.29
Chiroptera,Pteropodidae,Epomophorus,minor,Epomophorus minor,44.76,,,,,,,,,1,,1,,,
Chiroptera,Pteropodidae,Epomophorus,wahlbergi,Epomophorus wahlbergi,93.59,131.69,156.43,0.99,2.0,,668.8,,,2,1,1,,,5397486.84
Chiroptera,Pteropodidae,Epomops,buettikoferi,Epomops buettikoferi,135.67,,139.92,0.98,2.0,,55.65,23.23,275.89,1,1,1,,,479614.16
Chiroptera,Pteropodidae,Epomops,dobsonii,Epomops dobsonii,122.08,,,,,,,,,,1,,,,1146440.89
Chiroptera,Pteropodidae,Epomops,franqueti,Epomops franqueti,118.99,135.03,161.77,1.0,2.0,,,20.0,,,1,,,,3922873.36
Chiroptera,Vespertilionidae,Eptesicus,bobrinskoi,Eptesicus bobrinskoi,7.54,,,,,,,,,,1,,,,189044.08
Chiroptera,Vespertilionidae,Eptesicus,bottae,Eptesicus bottae,15.66,,,,,,,,,,1,,,,1701007.28
Chiroptera,Vespertilionidae,Eptesicus,brasiliensis,Eptesicus brasiliensis,9.2,,,1.46,,,,,,1,1,3,,,13985175.36
Chiroptera,Vespertilionidae,Eptesicus,diminutus,Eptesicus diminutus,5.99,,,,,,,,,,1,,,,3192661.14
Chiroptera,Vespertilionidae,Eptesicus,dimissus,Eptesicus dimissus,13.03,,,,,,,,,,1,,,,18.82
Chiroptera,Vespertilionidae,Eptesicus,furinalis,Eptesicus furinalis,7.7,,92.54,1.86,2.0,,,1.34,338.33,1,1,3,,,15960672.0
Chiroptera,Vespertilionidae,Eptesicus,fuscus,Eptesicus fuscus,17.49,,52.14,1.85,1.0,240.0,34.18,3.21,395.29,1,1,3,,,13321726.93
Chiroptera,Vespertilionidae,Eptesicus,hottentotus,Eptesicus hottentotus,30.33,,,,,,,,,,1,,,,1719187.67
Carnivora,Viverridae,Genetta,servalina,Genetta servalina,1175.84,486.39,,1.5,,,,,,6,1,2,,,3667035.54
Carnivora,Viverridae,Genetta,thierryi,Genetta thierryi,1400.0,418.64,,,,,,,,,1,,,,2289307.11
Carnivora,Viverridae,Genetta,tigrina,Genetta tigrina,2066.57,543.37,71.48,2.76,,180.0,87.77,85.5,841.82,6,1,2,0.04,,587510.9
Carnivora,Viverridae,Genetta,victoriae,Genetta victoriae,2743.69,570.78,,,,,,,,,1,,,,657455.4
Rodentia,Capromyidae,Geocapromys,brownii,Geocapromys brownii,1497.48,378.14,120.0,1.73,2.0,99.6,2.17,,,4,2,1,,,11081.39
Rodentia,Capromyidae,Geocapromys,ingrahami,Geocapromys ingrahami,733.52,395.0,109.21,1.04,,72.0,5.84,76.68,,2,2,1,,3000.0,8.36
Rodentia,Capromyidae,Geocapromys,thoracatus,Geocapromys thoracatus,1500.0,337.49,,,,,,,,1,2,1,,,
Afrosoricida,Tenrecidae,Geogale,aurita,Geogale aurita,6.69,71.0,57.64,3.4,2.0,,34.86,0.71,,1,1,3,,,63241.93
Rodentia,Geomyidae,Geomys,arenarius,Geomys arenarius,206.0,172.69,,4.71,,,,,,3,2,1,,,120898.65
Rodentia,Geomyidae,Geomys,attwateri,Geomys attwateri,144.06,153.54,,1.89,,,,,,2,2,1,0.000214131,2024.94,56381.49
Rodentia,Geomyidae,Geomys,breviceps,Geomys breviceps,136.47,150.63,,2.53,1.7,,,,88.43,3,1,1,,51.76,341932.19
Rodentia,Geomyidae,Geomys,bursarius,Geomys bursarius,203.75,177.03,18.5,3.14,1.0,86.4,34.9,5.11,92.8,3,2,1,,1250.0,1538126.84
Rodentia,Geomyidae,Geomys,knoxjonesi,Geomys knoxjonesi,172.49,154.46,23.98,,,,24.36,,,2,1,1,,,65255.15
Rodentia,Geomyidae,Geomys,personatus,Geomys personatus,397.0,184.41,,3.09,,,,,,3,2,1,,,34379.88
Rodentia,Geomyidae,Geomys,pinetis,Geomys pinetis,201.15,,,1.68,2.0,,,5.13,182.78,3,2,1,,,242106.93
Rodentia,Geomyidae,Geomys,tropicalis,Geomys tropicalis,349.99,172.85,,4.0,,84.0,30.24,,157.32,4,2,1,,,254.65
Rodentia,Bathyergidae,Georychus,capensis,Georychus capensis,188.36,,43.74,5.94,2.0,36.0,21.83,8.12,,2,1,2,0.000212281,1100.0,145197.2
Rodentia,Cricetidae,Geoxus,valdivianus,Geoxus valdivianus,30.8,,,3.4,,,,,,4,2,2,,39.85,182342.62
Rodentia,Muridae,Gerbilliscus,afra,Gerbilliscus afra,92.13,,23.3,3.92,6.5,,,4.5,69.13,,,,,,93519.01
Rodentia,Muridae,Gerbilliscus,brantsii,Gerbilliscus brantsii,89.41,,22.64,2.74,4.0,,28.78,5.49,105.22,,,,0.000541371,,2097491.88
Rodentia,Muridae,Gerbilliscus,guineae,Gerbilliscus guineae,102.5,,,,,,,,,,,,,,331990.52
Rodentia,Muridae,Gerbilliscus,inclusus,Gerbilliscus inclusus,118.5,160.75,23.15,,,,21.99,,,,,,,,789252.08
Rodentia,Muridae,Gerbilliscus,kempi,Gerbilliscus kempi,100.83,,25.33,4.0,,,,,,,,,,642.18,1339892.08
Rodentia,Muridae,Gerbilliscus,leucogaster,Gerbilliscus leucogaster,73.75,,28.37,4.5,,,27.89,2.79,,,,,,165.34,4629163.91
Rodentia,Muridae,Gerbilliscus,nigricaudus,Gerbilliscus nigricaudus,123.0,,,4.44,5.0,,,,,,,,,,1043171.39
Rodentia,Muridae,Gerbilliscus,phillipsi,Gerbilliscus phillipsi,127.07,144.99,,,,,,,,,,,,,112212.21
Rodentia,Muridae,Gerbilliscus,robustus,Gerbilliscus robustus,95.99,,,5.26,,,,,,,,,,,4584937.39
Rodentia,Muridae,Gerbilliscus,validus,Gerbilliscus validus,121.0,,25.0,3.94,2.0,,,,92.55,,,,,,6675553.83
Rodentia,Muridae,Gerbillurus,paeba,Gerbillurus paeba,25.91,93.22,26.0,3.64,,,22.84,2.09,72.41,4,2,2,0.01,866.8,2281938.71
Rodentia,Muridae,Gerbillurus,setzeri,Gerbillurus setzeri,38.29,105.28,,,,,25.35,2.3,,3,,2,,,112926.9
Rodentia,Muridae,Gerbillurus,tytonis,Gerbillurus tytonis,29.79,98.9,,4.4,,,29.0,1.89,,,2,,,1700.0,46333.88
Rodentia,Muridae,Gerbillurus,vallinus,Gerbillurus vallinus,35.24,98.46,,3.87,,,25.35,2.0,,,2,,,,247919.77
Rodentia,Muridae,Gerbillus,amoenus,Gerbillus amoenus,13.2,,,,,,,,,,,,,,2405541.7
Rodentia,Muridae,Gerbillus,andersoni,Gerbillus andersoni,27.5,,,3.89,,,,,,1,,1,,,54377.38
Rodentia,Muridae,Gerbillus,cheesmani,Gerbillus cheesmani,28.0,,,8.0,,,,,,,,,,,2553937.84
Cetacea,Eschrichtiidae,Eschrichtius,robustus,Eschrichtius robustus,27324024.19,11831.89,379.9,1.0,0.5,924.0,211.71,500000.0,3189.25,3,1,2,,4.9,
Cetacea,Balaenidae,Eubalaena,australis,Eubalaena australis,22999999.91,14150.0,361.98,,,,296.33,,,1,1,3,,,
Cetacea,Balaenidae,Eubalaena,glacialis,Eubalaena glacialis,22999999.91,13907.08,345.96,1.0,0.31,,333.63,800000.0,3781.99,2,1,3,,,
Chiroptera,Vespertilionidae,Euderma,maculatum,Euderma maculatum,16.17,,,1.0,,,,3.4,,1,1,3,,,2325377.38
Artiodactyla,Bovidae,Eudorcas,rufifrons,Eudorcas rufifrons,26999.77,885.0,174.73,1.0,,162.0,,,,,1,,,1.56,3084371.64
Chiroptera,Molossidae,Eumops,auripendulus,Eumops auripendulus,28.49,,,0.98,,,,,,,1,,,,14266279.15
Chiroptera,Molossidae,Eumops,bonariensis,Eumops bonariensis,12.22,,,0.99,1.0,,48.99,1.24,,1,1,3,,,15178955.17
Chiroptera,Molossidae,Eumops,dabbenei,Eumops dabbenei,67.27,,,,,,,,,,1,,,,1430059.82
Chiroptera,Molossidae,Eumops,glaucinus,Eumops glaucinus,36.2,,,1.04,1.0,,38.49,4.27,,1,1,3,,,11841060.24
Chiroptera,Molossidae,Eumops,hansae,Eumops hansae,15.47,,,,,,,,,,1,,,,4648064.88
Rodentia,Sciuridae,Exilisciurus,exilis,Exilisciurus exilis,21.75,83.0,,2.46,,,,,,,,,,,497876.83
Rodentia,Sciuridae,Exilisciurus,whiteheadi,Exilisciurus whiteheadi,24.91,83.0,,1.94,,,,,,,,,,,87340.95
Chiroptera,Vespertilionidae,Falsistrellus,mackenziei,Falsistrellus mackenziei,23.0,,,,,,,,,,,,,,40804.15
Chiroptera,Vespertilionidae,Falsistrellus,tasmaniensis,Falsistrellus tasmaniensis,22.54,,,,,,,,,1,1,3,,,436078.01
Carnivora,Felidae,Felis,bieti,Felis bieti,5486.95,783.95,,,,,,,,,1,,,,383107.61
Carnivora,Felidae,Felis,catus,Felis catus,2884.8,,62.99,,,408.0,,113.0,296.98,,,,1.41,3.47,
Carnivora,Felidae,Felis,chaus,Felis chaus,7157.99,704.16,62.88,2.94,2.0,144.0,95.49,135.5,383.18,1,1,3,,,8986835.66
Carnivora,Felidae,Felis,manul,Felis manul,3050.0,573.28,76.08,4.83,,,,89.0,,1,1,3,,,8390117.08
Carnivora,Felidae,Felis,margarita,Felis margarita,2823.36,511.33,63.61,4.12,,,,63.99,,1,1,3,,,12141993.7
Carnivora,Felidae,Felis,nigripes,Felis nigripes,1362.77,400.05,67.5,1.78,4.0,144.0,67.23,72.0,284.58,1,1,3,,,1732323.73
Rodentia,Gliridae,Graphiurus,ocularis,Graphiurus ocularis,68.8,,,4.99,2.0,,,,,4,2,2,0.09,,594310.76
Rodentia,Gliridae,Graphiurus,platyops,Graphiurus platyops,46.1,,,5.17,,,,,,6,2,2,,,1449912.28
Carnivora,Mustelidae,Gulo,gulo,Gulo gulo,12792.49,772.1,161.73,2.84,0.5,216.0,83.64,86.02,756.6,1,1,3,343.27,0.007916144,24495951.71
Diprotodontia,Petauridae,Gymnobelideus,leadbeateri,Gymnobelideus leadbeateri,137.32,,18.43,1.54,2.0,132.0,119.32,,481.03,2,1,2,0.01,258.26,8327.67
Rodentia,Nesomyidae,Gymnuromys,roberti,Gymnuromys roberti,97.5,142.5,,1.94,1.0,,,,,2,,1,,,29664.32
Rodentia,Cricetidae,Habromys,chinanteco,Habromys chinanteco,40.0,,,,,,,,,,,,,,360.0
Rodentia,Cricetidae,Habromys,lepturus,Habromys lepturus,84.99,,,1.9,,,,,,,,,,,
Rodentia,Cricetidae,Habromys,lophurus,Habromys lophurus,40.0,,,,,,,,,,,,,,42237.85
Rodentia,Cricetidae,Habromys,simulatus,Habromys simulatus,40.0,,,,,,,,,,,,,,15451.67
Carnivora,Phocidae,Halichoerus,grypus,Halichoerus grypus,197570.01,2079.47,349.79,0.96,,560.07,18.37,13995.35,1770.72,2,2,3,,,
Rodentia,Cricetidae,Handleyomys,fuscatus,Handleyomys fuscatus,49.5,,,,,,,,,,,,,,79797.77
Rodentia,Cricetidae,Handleyomys,intectus,Handleyomys intectus,60.5,,,,,,,,,,,,,,2333.17
Primates,Lemuridae,Hapalemur,alaotrensis,Hapalemur alaotrensis,1616.83,,,,,,,,,,,,,,214.53
Primates,Lemuridae,Hapalemur,aureus,Hapalemur aureus,1562.41,305.08,142.5,1.01,,,,,,2,2,1,0.21,,9313.01
Primates,Lemuridae,Hapalemur,griseus,Hapalemur griseus,916.0,335.0,141.24,1.5,,205.2,136.29,45.2,1003.17,2,3,1,0.01,62.0,89049.73
Rodentia,Muridae,Hapalomys,longicaudatus,Hapalomys longicaudatus,70.0,,,,,,,,,1,,1,,,79996.41
Chiroptera,Pteropodidae,Haplonycteris,fischeri,Haplonycteris fischeri,18.25,,174.73,1.0,1.0,120.0,76.04,2.74,192.91,3,1,1,,,242390.28
Chiroptera,Vespertilionidae,Harpiocephalus,harpia,Harpiocephalus harpia,13.65,,,,,,,,,1,1,3,,,1462960.55
Chiroptera,Pteropodidae,Harpyionycteris,celebensis,Harpyionycteris celebensis,116.77,144.16,,0.98,,,,,,,1,,,,105330.59
Chiroptera,Pteropodidae,Harpyionycteris,whiteheadi,Harpyionycteris whiteheadi,135.48,152.15,132.74,1.0,2.0,,111.6,,,1,1,1,,,231112.21
Rodentia,Muridae,Heimyscus,fumosus,Heimyscus fumosus,17.2,,,,,,,,,,1,,,,388339.4
Carnivora,Ursidae,Helarctos,malayanus,Helarctos malayanus,57075.78,1220.79,98.34,1.1,,297.6,90.36,324.99,,3,1,1,,,2525372.13
Rodentia,Bathyergidae,Heliophobius,argenteocinereus,Heliophobius argenteocinereus,159.46,154.53,87.0,2.46,1.5,37.2,,7.0,,1,1,1,0.000134237,5800.0,2206524.59
Carnivora,Herpestidae,Herpestes,ichneumon,Herpestes ichneumon,2980.02,573.28,75.87,3.0,1.5,240.0,58.09,,729.99,6,1,2,2.18,,14429050.1
Carnivora,Herpestidae,Herpestes,javanicus,Herpestes javanicus,750.0,280.02,48.48,2.21,2.0,120.0,43.59,24.67,166.84,6,1,2,0.22,39.59,6880297.87
Carnivora,Herpestidae,Herpestes,naso,Herpestes naso,3002.08,552.74,,,,,,,,1,1,3,0.4,,2499072.82
Carnivora,Herpestidae,Herpestes,smithii,Herpestes smithii,1702.5,406.27,,2.5,,,,,,6,1,2,,,1629561.03
Carnivora,Herpestidae,Herpestes,urva,Herpestes urva,2384.19,506.24,65.7,3.0,,160.0,,,,6,1,2,,,3243514.37
Carnivora,Felidae,Felis,silvestris,Felis silvestris,4573.08,498.51,65.49,3.59,2.0,336.0,76.01,106.4,350.76,1,1,3,1.29,0.36,32110980.01
Rodentia,Ctenodactylidae,Felovia,vae,Felovia vae,205.0,,,1.0,,,,,,3,,1,,,151907.23
Cetacea,Delphinidae,Feresa,attenuata,Feresa attenuata,170000.0,,,1.0,,,,,,,1,,,,
Soricomorpha,Soricidae,Feroculus,feroculus,Feroculus feroculus,35.99,,,,,,,,,,2,,,,7179.99
Carnivora,Eupleridae,Fossa,fossana,Fossa fossana,1853.98,456.88,88.38,1.0,,132.0,66.84,70.0,533.97,6,2,2,0.75,3.41,106522.05
Rodentia,Sciuridae,Funambulus,palmarum,Funambulus palmarum,136.4,,34.0,2.62,,,,,,,,,,,907127.92
Rodentia,Sciuridae,Funambulus,pennantii,Funambulus pennantii,102.49,,41.77,2.95,2.5,,56.0,6.54,250.22,,,,0.001374507,,2692844.28
Rodentia,Sciuridae,Funambulus,sublineatus,Funambulus sublineatus,70.93,,,2.0,,,,,,,,,,,55081.67
Rodentia,Sciuridae,Funambulus,tristriatus,Funambulus tristriatus,134.62,,,2.64,,,125.69,5.87,,,,,,,266838.79
Rodentia,Sciuridae,Funisciurus,anerythrus,Funisciurus anerythrus,223.54,184.2,,1.32,,,,,,1,2,1,,,4317247.49
Rodentia,Sciuridae,Funisciurus,bayonii,Funisciurus bayonii,134.99,,,,,,,,,,,,,,759944.78
Rodentia,Sciuridae,Funisciurus,carruthersi,Funisciurus carruthersi,276.85,228.31,,,,,,,,,,,,,90485.48
Rodentia,Sciuridae,Funisciurus,congicus,Funisciurus congicus,112.0,146.46,54.23,2.44,,114.0,49.99,9.9,,4,2,2,0.003290498,1000.0,1982840.0
Rodentia,Sciuridae,Funisciurus,isabella,Funisciurus isabella,109.31,156.98,,0.98,,,,,,1,2,1,,,459256.71
Rodentia,Sciuridae,Funisciurus,lemniscatus,Funisciurus lemniscatus,140.99,167.4,,1.8,,,,,,2,2,2,,,1103962.08
Rodentia,Sciuridae,Funisciurus,leucogenys,Funisciurus leucogenys,250.0,,,0.97,,,,,,,,,,,530067.11
Rodentia,Sciuridae,Funisciurus,pyrropus,Funisciurus pyrropus,243.18,204.81,,1.26,,,,,,1,1,1,,,3542071.4
Rodentia,Sciuridae,Funisciurus,substriatus,Funisciurus substriatus,185.73,183.7,,,,,,,,,,,,,73507.66
Chiroptera,Furipteridae,Furipterus,horrens,Furipterus horrens,3.15,,,1.0,,,,,,1,1,3,,,8511305.96
Primates,Galagidae,Galago,alleni,Galago alleni,266.03,200.0,133.0,1.29,1.0,144.0,,23.93,283.18,2,2,1,0.18,16.47,1953.16
Primates,Galagidae,Galago,demidoff,Galago demidoff,66.04,120.0,111.0,1.29,1.5,168.0,43.47,9.89,345.24,4,,2,0.01,57.57,4292912.28
Primates,Galagidae,Galago,gallarum,Galago gallarum,250.0,,,,,,,,,,,,,,798526.55
Primates,Galagidae,Galago,matschiei,Galago matschiei,211.61,160.0,,0.99,,,,,,,,,,,184700.23
Primates,Galagidae,Galago,moholi,Galago moholi,191.96,,122.29,1.6,,198.0,90.46,11.73,420.91,2,,1,0.04,172.04,5183682.21
Primates,Galagidae,Galago,senegalensis,Galago senegalensis,215.2,160.0,126.98,1.5,2.0,204.0,93.93,11.5,330.37,3,,2,0.08,89.77,8867497.32
Rodentia,Muridae,Gerbillus,henleyi,Gerbillus henleyi,8.0,,,4.0,,,,,,,,,,,2211159.28
Rodentia,Muridae,Gerbillus,nanus,Gerbillus nanus,25.5,63.77,20.97,3.16,3.0,,27.79,,,,,,,,11234954.13
Rodentia,Muridae,Gerbillus,nigeriae,Gerbillus nigeriae,29.7,,,,,,,,,,,,,,210504.65
Rodentia,Muridae,Gerbillus,perpallidus,Gerbillus perpallidus,52.22,,20.22,4.65,,,,2.24,,,,,,,86678.61
Rodentia,Muridae,Gerbillus,pusillus,Gerbillus pusillus,12.55,,,,,,,,,,,,,,529858.77
Rodentia,Muridae,Gerbillus,pyramidum,Gerbillus pyramidum,42.8,101.71,22.14,3.3,5.0,98.4,27.5,2.5,78.15,1,,1,,,673374.84
Artiodactyla,Giraffidae,Giraffa,camelopardalis,Giraffa camelopardalis,964654.73,4177.03,455.25,1.29,1.0,435.6,212.91,55244.9,1633.59,5,1,1,81.52,1.23,2791592.69
Rodentia,Sciuridae,Glaucomys,sabrinus,Glaucomys sabrinus,137.53,160.82,40.0,3.0,1.0,156.0,65.0,5.64,335.63,6,2,2,0.05,85.93,7838140.85
Rodentia,Sciuridae,Glaucomys,volans,Glaucomys volans,71.9,127.98,39.49,3.13,2.0,144.0,57.23,3.61,335.63,5,1,2,0.005345752,447.59,3850610.98
Chiroptera,Vespertilionidae,Glauconycteris,argentata,Glauconycteris argentata,9.3,,,,,,,,,,1,,,,3176921.13
Chiroptera,Vespertilionidae,Glauconycteris,beatrix,Glauconycteris beatrix,7.5,,,,,,,,,,1,,,,438945.12
Chiroptera,Vespertilionidae,Glauconycteris,gleni,Glauconycteris gleni,10.81,,,,,,,,,,1,,,,211544.64
Chiroptera,Vespertilionidae,Glauconycteris,humeralis,Glauconycteris humeralis,5.49,,,,,,,,,,,,,,292110.54
Chiroptera,Vespertilionidae,Glauconycteris,kenyacola,Glauconycteris kenyacola,7.17,,,,,,,,,,1,,,,70.18
Chiroptera,Vespertilionidae,Glauconycteris,poensis,Glauconycteris poensis,6.91,,,,,,,,,,1,,,,1787468.99
Chiroptera,Vespertilionidae,Glauconycteris,variegata,Glauconycteris variegata,11.25,,,1.12,,,,,,1,1,3,,,9810939.42
Didelphimorphia,Didelphidae,Glironia,venusta,Glironia venusta,114.0,176.13,,,,,,,,2,1,2,,,840174.99
Rodentia,Gliridae,Glis,glis,Glis glis,128.09,167.08,28.19,5.17,1.0,108.0,27.84,,339.31,,1,,0.001479636,3000.0,3545668.83
Chiroptera,Vespertilionidae,Glischropus,tylopus,Glischropus tylopus,4.59,,,1.0,2.0,,,1.25,,1,1,3,,,1547134.18
Cetacea,Delphinidae,Globicephala,macrorhynchus,Globicephala macrorhynchus,725999.99,6099.99,452.0,0.97,,756.0,729.99,,3788.23,2,1,3,,,
Cetacea,Delphinidae,Globicephala,melas,Globicephala melas,800000.0,5685.75,479.06,1.0,,540.0,608.33,180000.0,3458.66,2,1,3,,,
Chiroptera,Phyllostomidae,Glossophaga,commissarisi,Glossophaga commissarisi,9.15,,,0.98,2.0,,,,,3,1,2,,,4974223.1
Chiroptera,Phyllostomidae,Glossophaga,leachii,Glossophaga leachii,10.24,,,0.98,2.0,,,,,3,1,2,,,319942.69
Chiroptera,Phyllostomidae,Glossophaga,longirostris,Glossophaga longirostris,13.32,,,0.98,2.0,,,,,3,1,2,,,557238.86
Chiroptera,Phyllostomidae,Glossophaga,morenoi,Glossophaga morenoi,8.54,,,1.0,,,,,,3,1,2,,,314356.09
Chiroptera,Phyllostomidae,Glossophaga,soricina,Glossophaga soricina,9.97,48.99,107.97,1.0,2.0,120.0,32.3,,,3,1,2,,,15465868.32
Chiroptera,Phyllostomidae,Glyphonycteris,daviesi,Glyphonycteris daviesi,18.61,,,0.98,,,,,,2,1,2,,,4760330.64
Chiroptera,Phyllostomidae,Glyphonycteris,sylvestris,Glyphonycteris sylvestris,8.91,,,,,,,,,2,1,2,,,7649954.44
Rodentia,Muridae,Golunda,ellioti,Golunda ellioti,60.73,,,4.83,,,,,,2,,1,,,2965326.1
Primates,Hominidae,Gorilla,beringei,Gorilla beringei,149325.19,,,,,,,,,,,,,,107960.27
Primates,Hominidae,Gorilla,gorilla,Gorilla gorilla,112588.99,1594.44,257.0,1.05,,648.0,920.35,2095.89,3353.12,3,1,2,4.03,0.59,625702.71
Didelphimorphia,Didelphidae,Gracilinanus,aceramarcae,Gracilinanus aceramarcae,20.5,83.0,,,,,,,,,,,,,382.7
Didelphimorphia,Didelphidae,Gracilinanus,agilis,Gracilinanus agilis,22.03,95.33,,12.0,,,,,,,2,,,,2992991.41
Didelphimorphia,Didelphidae,Gracilinanus,dryas,Gracilinanus dryas,18.53,95.0,,,,,,,,,2,,,,105840.9
Didelphimorphia,Didelphidae,Gracilinanus,emiliae,Gracilinanus emiliae,7.59,74.52,,,,,,,,,,,,,1195231.14
Didelphimorphia,Didelphidae,Gracilinanus,marica,Gracilinanus marica,23.8,99.15,,5.99,,,,,,,1,,,,179494.96
Rodentia,Muridae,Grammomys,ibeanus,Grammomys ibeanus,41.19,,,,,,,,,,,,,,1377367.97
Rodentia,Muridae,Grammomys,macmillani,Grammomys macmillani,37.01,,,,,,,,,,,,,,2739580.43
Rodentia,Muridae,Grammomys,minnae,Grammomys minnae,35.99,,,,,,,,,,,,,,16054.94
Rodentia,Muridae,Grammomys,poensis,Grammomys poensis,50.03,111.65,24.65,1.97,,,,4.99,120.0,,1,,0.001024808,,
Cetacea,Delphinidae,Grampus,griseus,Grampus griseus,387500.0,,365.0,0.97,,240.0,,,,1,1,3,,,
Rodentia,Cricetidae,Graomys,domorum,Graomys domorum,102.0,,,,,,,,,,1,,,,267530.52
Rodentia,Cricetidae,Graomys,edithae,Graomys edithae,40.4,,,,,,,,,,,,,,1501.77
Rodentia,Cricetidae,Graomys,griseoflavus,Graomys griseoflavus,68.32,,,6.97,,,,,,,3,,,,906311.52
Rodentia,Gliridae,Graphiurus,kelleni,Graphiurus kelleni,10.5,,,4.41,,,,,,4,2,2,,,3177873.93
Rodentia,Gliridae,Graphiurus,murinus,Graphiurus murinus,20.07,75.63,23.99,3.0,,69.6,,3.49,,4,2,2,,54.41,7836495.07
Rodentia,Gliridae,Graphiurus,nagtglasii,Graphiurus nagtglasii,30.0,,,3.11,,,,,,4,2,2,,,758306.28
Didelphimorphia,Didelphidae,Gracilinanus,microtarsus,Gracilinanus microtarsus,29.3,91.69,,,,,,,,,2,,,,375848.1
Rodentia,Muridae,Grammomys,cometes,Grammomys cometes,45.0,116.81,,2.9,2.75,,22.5,,,,,,,,415006.18
Rodentia,Muridae,Grammomys,dolichurus,Grammomys dolichurus,41.85,110.27,23.99,3.11,,52.8,23.87,4.19,83.05,,,,,206.68,10134666.76
Rodentia,Cricetidae,Isthmomys,pirrensis,Isthmomys pirrensis,137.71,,,2.43,,,,,,3,1,2,,,20652.28
Rodentia,Dipodidae,Jaculus,jaculus,Jaculus jaculus,59.8,102.18,33.54,3.24,1.5,72.0,66.86,2.0,240.52,,,,,,15392985.16
Rodentia,Dipodidae,Jaculus,orientalis,Jaculus orientalis,138.26,,40.0,2.41,,,,,,,,,,,4387616.26
Rodentia,Cricetidae,Juliomys,pictipes,Juliomys pictipes,22.9,,,,,,,,,,,,,,90582.12
Rodentia,Cricetidae,Juscelinomys,candango,Juscelinomys candango,97.29,,,,,,,,,2,1,2,,,897.34
Rodentia,Echimyidae,Kannabateomys,amblyonyx,Kannabateomys amblyonyx,599.99,,,1.0,,19.2,,,,1,1,1,,,859665.04
Chiroptera,Vespertilionidae,Kerivoula,argentata,Kerivoula argentata,10.11,,,,,,,,,,1,,,,4372078.1
Rodentia,Sciuridae,Heliosciurus,gambianus,Heliosciurus gambianus,248.36,196.1,,2.91,,,,,,,,,,,6900748.55
Rodentia,Sciuridae,Heliosciurus,mutabilis,Heliosciurus mutabilis,390.0,,,,,,,,,4,2,2,,,1316439.18
Rodentia,Sciuridae,Heliosciurus,punctatus,Heliosciurus punctatus,173.85,190.09,,,,,,,,,,,,,382580.46
Rodentia,Sciuridae,Heliosciurus,rufobrachium,Heliosciurus rufobrachium,332.88,237.29,,2.0,,106.8,,,,2,1,1,,,3868056.99
Rodentia,Sciuridae,Heliosciurus,ruwenzorii,Heliosciurus ruwenzorii,291.0,225.32,,2.91,,,,,,,,,,,129123.34
Rodentia,Sciuridae,Heliosciurus,undulatus,Heliosciurus undulatus,347.33,,,,,,,,,,,,,,118631.03
Carnivora,Herpestidae,Helogale,hirtula,Helogale hirtula,484.63,229.75,,,,,,,,1,1,3,,,1080149.67
Carnivora,Herpestidae,Helogale,parvula,Helogale parvula,281.83,201.59,54.08,3.49,2.25,131.0,21.0,,423.04,1,1,3,0.21,,6944753.53
Diprotodontia,Pseudocheiridae,Hemibelideus,lemuroides,Hemibelideus lemuroides,993.59,,,1.0,,48.0,,,,,1,,,700.0,22321.21
Afrosoricida,Tenrecidae,Hemicentetes,nigriceps,Hemicentetes nigriceps,102.99,,55.32,2.84,2.0,31.2,22.71,7.29,61.87,1,,3,,,4457.41
Afrosoricida,Tenrecidae,Hemicentetes,semispinosus,Hemicentetes semispinosus,134.0,175.0,53.07,5.32,1.5,32.4,21.5,7.39,48.57,1,2,3,,,97855.43
Erinaceomorpha,Erinaceidae,Hemiechinus,auritus,Hemiechinus auritus,322.04,210.0,37.18,3.74,1.0,81.6,39.7,9.5,,3,2,2,0.03,,8779465.11
Carnivora,Viverridae,Hemigalus,derbyanus,Hemigalus derbyanus,1262.7,458.63,,1.73,,144.0,69.6,125.0,,6,1,2,,,1431386.4
Artiodactyla,Bovidae,Hemitragus,hylocrius,Hemitragus hylocrius,74186.41,1385.0,186.35,1.41,,207.0,27.28,,,2,1,1,,,2109.89
Artiodactyla,Bovidae,Hemitragus,jayakari,Hemitragus jayakari,22210.18,1075.0,164.31,1.0,,168.0,,,,3,1,1,,,16233.68
Artiodactyla,Bovidae,Hemitragus,jemlahicus,Hemitragus jemlahicus,68616.43,,195.76,1.01,,261.6,,2700.0,1532.89,2,,1,,,130100.31
Carnivora,Herpestidae,Herpestes,brachyurus,Herpestes brachyurus,1396.16,414.47,,3.49,,,,,,1,1,3,,,1313618.8
Carnivora,Herpestidae,Herpestes,edwardsi,Herpestes edwardsi,1304.67,398.22,63.09,2.0,3.3,,34.8,,311.36,6,1,2,,,3629768.58
Artiodactyla,Hippopotamidae,Hexaprotodon,liberiensis,Hexaprotodon liberiensis,235001.16,1600.0,200.0,1.0,1.0,525.6,211.71,5730.0,1510.3,4,2,1,0.72,,35806.59
Artiodactyla,Cervidae,Hippocamelus,antisensis,Hippocamelus antisensis,68599.35,1550.0,235.72,1.0,,127.2,,,,2,1,1,,1.2,993123.79
Artiodactyla,Cervidae,Hippocamelus,bisulcus,Hippocamelus bisulcus,69240.81,1550.0,212.91,1.0,1.0,,,3575.62,,2,1,1,0.86,1.12,121225.02
Artiodactyla,Hippopotamidae,Hippopotamus,amphibius,Hippopotamus amphibius,1536310.4,,235.37,1.0,1.0,654.0,319.01,40199.99,2030.0,2,2,2,,4.86,1849389.21
Chiroptera,Hipposideridae,Hipposideros,armiger,Hipposideros armiger,49.99,,,,,,,,,1,1,3,,,4465866.75
Chiroptera,Hipposideridae,Hipposideros,ater,Hipposideros ater,5.86,,195.0,0.99,,,79.2,1.25,326.81,1,1,3,,,5724145.6
Chiroptera,Hipposideridae,Hipposideros,beatus,Hipposideros beatus,6.7,,,,,,,,,,1,,,,2114795.09
Chiroptera,Hipposideridae,Hipposideros,bicolor,Hipposideros bicolor,8.39,,42.1,0.99,,,,1.2,587.78,1,1,3,,,1065065.85
Chiroptera,Hipposideridae,Hipposideros,caffer,Hipposideros caffer,9.46,54.99,139.92,0.99,1.0,,73.48,2.79,581.78,1,1,3,,,13549718.44
Chiroptera,Hipposideridae,Hipposideros,cervinus,Hipposideros cervinus,8.51,,,,,,,1.31,,1,1,3,,,1626251.7
Chiroptera,Hipposideridae,Hipposideros,cineraceus,Hipposideros cineraceus,3.84,,,0.98,,,,,,1,1,3,,,1962284.84
Chiroptera,Hipposideridae,Hipposideros,commersoni,Hipposideros commersoni,89.99,127.5,150.34,0.99,1.0,,151.03,28.0,742.46,1,1,3,,,17699930.41
Chiroptera,Hipposideridae,Hipposideros,corynophyllus,Hipposideros corynophyllus,15.07,,,,,,,,,,1,,,,2289.85
Chiroptera,Hipposideridae,Hipposideros,cyclops,Hipposideros cyclops,32.92,75.99,106.45,1.0,1.0,,116.92,,,,1,,,,3655886.68
Chiroptera,Hipposideridae,Hipposideros,diadema,Hipposideros diadema,46.9,,,1.0,,,,,,1,1,3,,,3232983.89
Chiroptera,Hipposideridae,Hipposideros,doriae,Hipposideros doriae,4.24,,,,,,,,,1,1,3,,,28807.06
Chiroptera,Hipposideridae,Hipposideros,fulvus,Hipposideros fulvus,8.83,,161.65,1.0,1.0,144.0,36.58,2.34,551.01,1,1,3,,,3335652.43
Chiroptera,Hipposideridae,Hipposideros,galeritus,Hipposideros galeritus,10.17,,,0.99,1.0,,,,,2,1,2,,,1820493.51
Chiroptera,Hipposideridae,Hipposideros,gigas,Hipposideros gigas,115.42,,,1.0,,,,28.0,,,,,,,12658088.24
Chiroptera,Hipposideridae,Hipposideros,halophyllus,Hipposideros halophyllus,4.0,,,,,,,,,1,1,3,,,15830.68
Chiroptera,Hipposideridae,Hipposideros,inornatus,Hipposideros inornatus,25.9,,,,,,,,,,,,,,48918.55
Chiroptera,Hipposideridae,Hipposideros,jonesi,Hipposideros jonesi,5.49,,,,,,,,,,1,,,,837179.2
Chiroptera,Hipposideridae,Hipposideros,lankadiva,Hipposideros lankadiva,44.76,,257.02,0.99,1.0,,82.72,8.71,510.44,1,1,3,,,2165475.54
Chiroptera,Hipposideridae,Hipposideros,larvatus,Hipposideros larvatus,19.95,,,0.98,,,,3.75,,1,1,3,,,3785609.68
Chiroptera,Hipposideridae,Hipposideros,lekaguli,Hipposideros lekaguli,31.08,,,,,,,,,1,1,3,,,200167.27
Chiroptera,Hipposideridae,Hipposideros,lylei,Hipposideros lylei,40.0,,,,,,,,,1,1,3,,,428641.22
Chiroptera,Hipposideridae,Hipposideros,maggietaylorae,Hipposideros maggietaylorae,16.1,,,,,,,,,,1,,,,319262.26
Chiroptera,Hipposideridae,Hipposideros,obscurus,Hipposideros obscurus,9.6,,,,,,,,,1,1,3,,,219776.44
Chiroptera,Hipposideridae,Hipposideros,pomona,Hipposideros pomona,6.2,,,,,,,,,1,1,3,,,3983753.98
Chiroptera,Hipposideridae,Hipposideros,pygmaeus,Hipposideros pygmaeus,3.53,,,,,,,,,1,1,3,,,134870.52
Chiroptera,Hipposideridae,Hipposideros,ridleyi,Hipposideros ridleyi,9.59,,,0.98,2.0,,,,,1,1,3,,,178832.48
Chiroptera,Hipposideridae,Hipposideros,ruber,Hipposideros ruber,10.61,,92.54,1.0,,,,,,,1,,,,6919468.79
Chiroptera,Hipposideridae,Hipposideros,semoni,Hipposideros semoni,14.0,,,,,,,,,,1,,,,159686.83
Chiroptera,Hipposideridae,Hipposideros,speoris,Hipposideros speoris,10.39,,139.13,0.99,1.0,,48.38,2.1,271.84,1,1,3,,,1072136.01
Chiroptera,Hipposideridae,Hipposideros,stenotis,Hipposideros stenotis,12.0,,,,,,,,,,1,,,,492128.37
Chiroptera,Hipposideridae,Hipposideros,turpis,Hipposideros turpis,33.31,,,1.0,,,,3.0,,1,1,3,,,293300.8
Chiroptera,Hipposideridae,Hipposideros,wollastoni,Hipposideros wollastoni,6.93,,,,,,,,,,1,,,,98200.95
Artiodactyla,Bovidae,Hippotragus,equinus,Hippotragus equinus,264173.96,1150.0,278.23,0.98,,240.0,119.27,16412.18,841.82,5,1,1,,0.96,8018853.26
Artiodactyla,Bovidae,Hippotragus,leucophaeus,Hippotragus leucophaeus,149999.99,,,,,,,,,,,,,,
Artiodactyla,Bovidae,Hippotragus,niger,Hippotragus niger,236405.9,2035.0,272.87,1.0,,267.0,210.73,16412.18,972.17,5,1,1,,1.3,3149646.92
Chiroptera,Vespertilionidae,Histiotus,macrotus,Histiotus macrotus,11.0,,,0.98,,,,,,1,2,3,,,1199544.41
Chiroptera,Vespertilionidae,Histiotus,velatus,Histiotus velatus,11.32,,,,1.0,,,,,1,1,3,,,3459699.44
Carnivora,Phocidae,Histriophoca,fasciata,Histriophoca fasciata,90000.0,1533.92,299.18,1.0,,372.0,24.5,10245.25,1262.74,6,2,2,,,
Rodentia,Cricetidae,Hodomys,alleni,Hodomys alleni,367.59,223.16,,1.39,,,,,,,2,,,,215347.16
Rodentia,Cricetidae,Holochilus,brasiliensis,Holochilus brasiliensis,155.0,,28.4,3.88,,,21.0,4.99,89.63,1,3,1,,,1618556.23
Rodentia,Cricetidae,Holochilus,chacarius,Holochilus chacarius,204.0,,,,,,,,,2,3,1,,,323383.6
Rodentia,Cricetidae,Holochilus,sciureus,Holochilus sciureus,120.42,,,3.12,,,,,,3,2,2,,,6661497.75
Primates,Hominidae,Homo,sapiens,Homo sapiens,58540.63,,274.78,1.0,,1470.0,725.86,3182.96,5582.93,,,,,,
Rodentia,Echimyidae,Hoplomys,gymnurus,Hoplomys gymnurus,281.42,,59.99,2.1,,,20.88,24.39,,2,2,1,,,404762.49
Carnivora,Hyaenidae,Hyaena,brunnea,Hyaena brunnea,42977.93,1198.21,95.8,2.3,,204.0,302.44,693.09,807.23,6,2,2,67.3,0.01,1981470.71
Carnivora,Hyaenidae,Hyaena,hyaena,Hyaena hyaena,35070.51,1104.7,90.5,2.44,,288.0,118.93,653.23,928.08,6,1,2,45.19,,24254343.2
Rodentia,Muridae,Hybomys,planifrons,Hybomys planifrons,49.6,,,,,,,,,,,,,,123523.72
Rodentia,Muridae,Hybomys,trivirgatus,Hybomys trivirgatus,60.08,121.72,,2.72,,,,,,,,,,80.6,362389.12
Rodentia,Muridae,Hybomys,univittatus,Hybomys univittatus,54.46,,30.0,2.3,,,,4.4,71.43,,2,,0.002104427,,2497651.36
Carnivora,Mustelidae,Hydrictis,maculicollis,Hydrictis maculicollis,4180.53,594.08,59.6,2.0,,,60.48,,841.82,1,2,3,,,11363947.46
Rodentia,Caviidae,Hydrochoerus,hydrochaeris,Hydrochoerus hydrochaeris,48144.91,1208.39,150.73,3.49,1.0,144.0,109.75,1500.0,566.36,5,3,1,0.07,125.34,12726191.09
Rodentia,Caviidae,Hydrochoerus,isthmius,Hydrochoerus isthmius,21267.32,,108.21,4.99,,,112.0,,,,,,,,307442.57
Sirenia,Dugongidae,Hydrodamalis,gigas,Hydrodamalis gigas,4000000.0,7628.12,365.0,1.0,,,,,,,1,,,,
Rodentia,Muridae,Hydromys,chrysogaster,Hydromys chrysogaster,626.17,275.52,36.6,3.51,2.5,74.0,30.0,25.0,124.43,2,3,3,,,3891043.27
Artiodactyla,Cervidae,Hydropotes,inermis,Hydropotes inermis,12760.04,,175.49,3.0,,144.0,,1016.19,292.63,,,,,,1140413.15
Carnivora,Phocidae,Hydrurga,leptonyx,Hydrurga leptonyx,352675.48,3038.33,272.79,0.96,,312.0,30.41,29999.99,1389.01,6,2,2,,0.11,
Artiodactyla,Tragulidae,Hyemoschus,aquaticus,Hyemoschus aquaticus,10850.0,750.0,173.52,1.22,1.0,168.0,136.87,,314.64,1,1,1,0.2,15.85,2571576.3
Primates,Hylobatidae,Hylobates,agilis,Hylobates agilis,5829.08,544.0,,1.02,,528.0,,,,4,,2,0.19,11.73,140009.66
Primates,Hylobatidae,Hylobates,klossii,Hylobates klossii,5822.29,512.79,207.59,1.01,0.42,,,,,3,1,2,0.14,16.62,6044.85
Primates,Hylobatidae,Hylobates,lar,Hylobates lar,5578.61,545.0,212.91,1.01,,480.0,725.86,398.86,3852.57,4,,2,0.32,6.6,425651.78
Carnivora,Herpestidae,Herpestes,vitticollis,Herpestes vitticollis,2380.0,476.76,,2.73,,,,,,,1,,,,197229.0
Chiroptera,Vespertilionidae,Hesperoptenus,blanfordi,Hesperoptenus blanfordi,6.91,,,,,,,,,,1,,,,457426.59
Rodentia,Heteromyidae,Heteromys,gaumeri,Heteromys gaumeri,63.59,115.35,,2.95,,,,,,2,1,1,,,168039.08
Rodentia,Heteromyidae,Heteromys,nelsoni,Heteromys nelsoni,67.55,157.62,,,,,,,,2,1,1,,,1561.5
Rodentia,Heteromyidae,Heteromys,oresterus,Heteromys oresterus,74.8,110.04,,3.41,,,,,,2,1,1,,,1335.88
Chiroptera,Phyllostomidae,Lampronycteris,brachyotis,Lampronycteris brachyotis,10.39,,,0.98,,,,,,2,1,2,,,4953546.05
Rodentia,Sciuridae,Lariscus,hosei,Lariscus hosei,180.0,182.5,,1.94,,,,,,,1,,,,34178.18
Rodentia,Sciuridae,Lariscus,insignis,Lariscus insignis,174.41,177.16,,,,,,,,2,1,1,0.008112981,,1341081.13
Rodentia,Sciuridae,Lariscus,obscurus,Lariscus obscurus,241.19,187.0,,,,,,,,3,2,2,,,6044.85
Chiroptera,Vespertilionidae,Lasionycteris,noctivagans,Lasionycteris noctivagans,11.02,,53.55,1.77,1.0,144.0,35.99,1.92,154.68,1,1,3,,,10115944.09
Chiroptera,Vespertilionidae,Lasiurus,borealis,Lasiurus borealis,12.33,,84.21,3.12,1.0,,38.0,4.29,,1,1,3,,,2598559.1
Chiroptera,Vespertilionidae,Lasiurus,castaneus,Lasiurus castaneus,12.51,,,,,,,,,1,1,3,,,9516.32
Chiroptera,Vespertilionidae,Lasiurus,cinereus,Lasiurus cinereus,27.06,75.35,57.18,1.96,1.0,25.2,36.41,5.12,,1,1,3,,,21759652.98
Chiroptera,Vespertilionidae,Lasiurus,ebenus,Lasiurus ebenus,14.0,,,,,,,,,,,,,,94.97
Chiroptera,Vespertilionidae,Lasiurus,ega,Lasiurus ega,12.2,,96.22,2.14,1.0,,,,377.37,1,1,3,,,17490735.54
Chiroptera,Vespertilionidae,Lasiurus,intermedius,Lasiurus intermedius,22.96,,,2.97,1.0,,,1.73,,,1,,,,1863284.42
Chiroptera,Vespertilionidae,Lasiurus,seminolus,Lasiurus seminolus,9.88,,,2.68,1.0,,,1.07,,1,1,3,,,1335371.21
Chiroptera,Megadermatidae,Lavia,frons,Lavia frons,23.8,66.99,93.86,0.99,1.0,,53.48,,,1,1,3,,,13982556.19
Rodentia,Muridae,Leggadina,forresti,Leggadina forresti,23.88,84.3,,,,,30.0,,91.53,,,,,,1812559.72
Rodentia,Muridae,Leggadina,lakedownensis,Leggadina lakedownensis,17.5,,32.99,,,,30.0,,91.53,,,,,,704032.46
Rodentia,Muridae,Leimacomys,buettneri,Leimacomys buettneri,54.99,,,,,,,,,,,,,,4323.64
Rodentia,Cricetidae,Lemmiscus,curtatus,Lemmiscus curtatus,28.27,102.68,25.16,5.11,,,21.0,1.47,60.62,4,2,1,,589.92,1661694.53
Didelphimorphia,Didelphidae,Marmosa,andersoni,Marmosa andersoni,47.4,,,,,,,,,,,,,,412.04
Didelphimorphia,Didelphidae,Marmosa,lepida,Marmosa lepida,14.0,108.0,,4.99,,,,,,,,,,,441236.47
Didelphimorphia,Didelphidae,Marmosa,mexicana,Marmosa mexicana,49.06,133.76,,11.6,,84.0,,,,3,2,2,,,905454.61
Didelphimorphia,Didelphidae,Marmosa,murina,Marmosa murina,36.28,120.57,13.27,8.4,,,62.0,0.09,,3,2,2,,55.8,6413981.4
Didelphimorphia,Didelphidae,Marmosa,robinsoni,Marmosa robinsoni,60.57,150.12,13.83,9.5,1.5,24.0,64.63,0.08,253.82,3,2,2,0.00155313,189.03,704865.99
Didelphimorphia,Didelphidae,Marmosa,rubra,Marmosa rubra,62.99,,,,,,,,,,,,,,272062.11
Didelphimorphia,Didelphidae,Marmosa,tyleriana,Marmosa tyleriana,32.4,119.28,,3.0,,,,,,,,,,,256123.42
Didelphimorphia,Didelphidae,Marmosa,xerophila,Marmosa xerophila,46.2,131.0,,,,,,,,,1,,,,74940.72
Didelphimorphia,Didelphidae,Marmosops,cracens,Marmosops cracens,26.26,105.0,,,,,,,,,,,,,4912.21
Didelphimorphia,Didelphidae,Marmosops,dorothea,Marmosops dorothea,37.5,152.15,,,,,,,,,,,,,220881.33
Didelphimorphia,Didelphidae,Marmosops,fuscatus,Marmosops fuscatus,45.15,130.85,,5.47,2.0,,,,185.61,2,2,2,,88.57,117128.88
Didelphimorphia,Didelphidae,Marmosops,handleyi,Marmosops handleyi,30.7,113.0,,,,,,,,,,,,,373.34
Didelphimorphia,Didelphidae,Marmosops,impavidus,Marmosops impavidus,41.71,137.5,,,,,,,,,2,,,,973342.07
Didelphimorphia,Didelphidae,Marmosops,incanus,Marmosops incanus,59.88,131.5,,,1.0,,64.63,,,2,2,2,,,
Didelphimorphia,Didelphidae,Marmosops,invictus,Marmosops invictus,29.19,111.27,,,,,,,,3,2,2,,,23715.9
Primates,Hylobatidae,Hylobates,moloch,Hylobates moloch,5860.81,675.6,241.2,1.0,0.42,,,,,4,,2,0.12,6.18,20157.87
Primates,Hylobatidae,Hylobates,muelleri,Hylobates muelleri,5909.81,545.0,206.7,1.02,,,,,,4,,2,0.26,10.2,511224.13
Primates,Hylobatidae,Hylobates,pileatus,Hylobates pileatus,5542.37,542.49,200.16,1.0,,432.0,635.13,,2454.24,5,1,2,0.23,23.7,140831.03
Artiodactyla,Suidae,Hylochoerus,meinertzhageni,Hylochoerus meinertzhageni,198130.47,2028.75,151.0,4.0,,216.0,62.82,,521.59,2,1,1,,1.5,2227871.01
Erinaceomorpha,Erinaceidae,Hylomys,suillus,Hylomys suillus,57.61,132.49,32.71,2.29,2.0,,,,,2,2,2,0.001894621,156.67,1564335.0
Rodentia,Muridae,Hylomyscus,aeta,Hylomyscus aeta,22.13,,,4.18,,,,,,,2,,,,1642063.26
Rodentia,Muridae,Hylomyscus,alleni,Hylomyscus alleni,19.94,,29.0,3.0,,,,1.5,,,,,,,953345.49
Rodentia,Muridae,Hylomyscus,denniae,Hylomyscus denniae,35.99,,,4.61,,,,,,,,,,,382114.24
Rodentia,Muridae,Hylomyscus,parvus,Hylomyscus parvus,14.49,,,,,,,,,,2,,,,412234.93
Rodentia,Muridae,Hylomyscus,stella,Hylomyscus stella,18.99,,29.49,3.11,,,,1.47,43.08,,2,,,,2860285.48
Chiroptera,Phyllostomidae,Hylonycteris,underwoodi,Hylonycteris underwoodi,7.5,59.84,,0.99,,,,1.19,,,1,,,,954887.07
Rodentia,Sciuridae,Hylopetes,alboniger,Hylopetes alboniger,255.38,,,2.23,,,,,,,1,,,,1139108.65
Rodentia,Sciuridae,Hylopetes,lepidus,Hylopetes lepidus,63.28,141.67,40.0,2.0,,,,,,5,1,2,,,186400.68
Rodentia,Sciuridae,Hylopetes,phayrei,Hylopetes phayrei,226.99,176.9,,,,,,,,,,,,,932073.02
Rodentia,Sciuridae,Hylopetes,platyurus,Hylopetes platyurus,56.98,131.27,,,,,,,,,,,,,542348.19
Rodentia,Sciuridae,Hylopetes,spadiceus,Hylopetes spadiceus,118.1,181.38,,,,,,,,,1,,,,906961.33
Rodentia,Muridae,Hyomys,dammermani,Hyomys dammermani,932.5,310.39,,1.07,,,,,,3,3,1,,,24335.07
Rodentia,Muridae,Hyomys,goliath,Hyomys goliath,866.74,339.26,,1.0,,,,,,2,3,1,,,99063.72
Rodentia,Cricetidae,Hyperacrius,fertilis,Hyperacrius fertilis,22.25,,,2.5,2.5,,,,,,,,,,64975.52
Rodentia,Cricetidae,Hyperacrius,wynnei,Hyperacrius wynnei,52.6,,,2.5,,,,,,,,,,,64975.52
Cetacea,Ziphiidae,Hyperoodon,ampullatus,Hyperoodon ampullatus,3393361.08,8778.42,365.0,1.0,0.7,444.0,365.0,,3580.06,2,1,3,,,
Cetacea,Ziphiidae,Hyperoodon,planifrons,Hyperoodon planifrons,3000000.01,6699.99,,,,,,,,1,1,3,,,
Rodentia,Nesomyidae,Hypogeomys,antimena,Hypogeomys antimena,1175.93,306.34,,1.26,,,,,729.99,5,2,1,0.02,63.33,4191.4
Chiroptera,Pteropodidae,Hypsignathus,monstrosus,Hypsignathus monstrosus,336.97,226.48,125.14,1.4,2.0,,,39.3,227.99,1,1,1,,,6029962.02
Diprotodontia,Hypsiprymnodontidae,Hypsiprymnodon,moschatus,Hypsiprymnodon moschatus,534.25,,,2.04,,72.0,268.47,,413.84,4,,2,,239.99,26547.14
Chiroptera,Vespertilionidae,Hypsugo,arabicus,Hypsugo arabicus,3.17,,,,,,,,,,1,,,,4494.53
Chiroptera,Vespertilionidae,Hypsugo,bodenheimeri,Hypsugo bodenheimeri,2.73,,,,,,,,,,1,,,,43430.39
Chiroptera,Vespertilionidae,Hypsugo,cadornae,Hypsugo cadornae,6.69,,,,,,,,,,1,,,,986078.54
Chiroptera,Vespertilionidae,Hypsugo,crassulus,Hypsugo crassulus,6.09,,,,,,,,,,1,,,,1804053.89
Chiroptera,Vespertilionidae,Hypsugo,eisentrauti,Hypsugo eisentrauti,6.11,,,,,,,,,,1,,,,415632.14
Chiroptera,Vespertilionidae,Hypsugo,imbricatus,Hypsugo imbricatus,6.29,,,,,,,,,1,1,3,,,268035.03
Chiroptera,Vespertilionidae,Hypsugo,pulveratus,Hypsugo pulveratus,5.53,,,,,,,,,,1,,,,1451043.87
Chiroptera,Vespertilionidae,Hypsugo,savii,Hypsugo savii,6.3,,,2.0,1.0,,52.1,,78.66,1,1,3,,,4646012.88
Rodentia,Hystricidae,Hystrix,africaeaustralis,Hystrix africaeaustralis,14936.02,,93.49,1.51,1.5,240.0,70.34,305.59,438.45,3,1,1,1.31,,8461036.56
Rodentia,Hystricidae,Hystrix,brachyura,Hystrix brachyura,8000.0,528.81,112.0,1.41,,327.6,,340.74,,6,2,2,,,5702383.4
Rodentia,Hystricidae,Hystrix,crassispinis,Hystrix crassispinis,4584.6,542.49,112.0,,,,,,,6,2,2,,,107350.34
Rodentia,Hystricidae,Hystrix,cristata,Hystrix cristata,13406.27,,79.19,1.73,2.0,,,,,6,2,2,0.74,,16282509.88
Rodentia,Hystricidae,Hystrix,indica,Hystrix indica,14298.6,747.76,112.0,1.73,,,,,,6,2,2,1.05,5.11,9590116.31
Rodentia,Hystricidae,Hystrix,pumila,Hystrix pumila,3544.26,542.49,112.0,,,114.0,,,,6,2,2,,,12831.87
Chiroptera,Vespertilionidae,Ia,io,Ia io,49.3,,,,,,,,,,1,,,,1379038.44
Carnivora,Herpestidae,Ichneumia,albicauda,Ichneumia albicauda,3628.4,571.69,,2.35,,144.0,,,754.74,1,1,3,0.5,3.7,14326821.09
Rodentia,Cricetidae,Ichthyomys,hydrobates,Ichthyomys hydrobates,66.39,,,,,,,,,1,2,3,,,86926.23
Rodentia,Cricetidae,Ichthyomys,pittieri,Ichthyomys pittieri,69.1,,,,,,,,,1,2,3,,,10167.28
Rodentia,Cricetidae,Ichthyomys,stolzmanni,Ichthyomys stolzmanni,84.7,,,,,,,,,2,2,3,,,41721.31
Rodentia,Cricetidae,Ichthyomys,tweedii,Ichthyomys tweedii,118.5,,,1.94,,,,,,2,2,3,,,18775.04
Carnivora,Mustelidae,Ictonyx,libyca,Ictonyx libyca,225.18,241.77,37.78,2.0,,60.0,,,,6,1,2,,,12285728.6
Carnivora,Mustelidae,Ictonyx,striatus,Ictonyx striatus,811.02,334.0,36.76,2.3,1.0,160.0,59.09,13.69,447.7,6,1,2,,,16688705.64
Chiroptera,Vespertilionidae,Idionycteris,phyllotis,Idionycteris phyllotis,12.13,59.0,,0.99,1.0,38.0,,0.73,,,1,,,,1388848.49
Rodentia,Anomaluridae,Idiurus,macrotis,Idiurus macrotis,27.23,87.23,,0.97,,,,,,1,,1,,374.23,1914031.99
Rodentia,Anomaluridae,Idiurus,zenkeri,Idiurus zenkeri,100.0,,,1.0,,,,,,,1,,,,1610073.88
Cetacea,Ziphiidae,Indopacetus,pacificus,Indopacetus pacificus,2200000.0,,,,,,,,,,1,,,,
Primates,Indriidae,Indri,indri,Indri indri,8565.48,734.99,136.5,1.01,0.42,,331.34,,1605.69,4,1,1,0.12,10.62,39504.84
Cetacea,Iniidae,Inia,geoffrensis,Inia geoffrensis,121430.76,2113.09,314.25,1.0,,360.0,,6799.99,,2,1,3,,,
Rodentia,Sciuridae,Iomys,horsfieldii,Iomys horsfieldii,155.5,184.94,,2.64,,,,,,,,,,,811008.54
Rodentia,Cricetidae,Irenomys,tarsalis,Irenomys tarsalis,43.15,114.65,,3.85,,,,,,7,2,2,,287.87,148428.47
Peramelemorphia,Peramelidae,Isoodon,auratus,Isoodon auratus,425.0,354.99,12.0,2.6,,,,,,2,2,2,0.12,173.2,61802.53
Peramelemorphia,Peramelidae,Isoodon,macrourus,Isoodon macrourus,1505.77,354.18,12.51,3.13,2.66,36.0,62.99,0.17,184.92,4,2,2,0.02,70.0,1181088.16
Peramelemorphia,Peramelidae,Isoodon,obesulus,Isoodon obesulus,824.76,,15.0,2.33,2.2,45.0,59.99,0.34,171.1,2,2,2,0.01,40.0,354752.76
Rodentia,Echimyidae,Isothrix,bistriata,Isothrix bistriata,444.99,,,0.97,,,,,,,1,,,,2821324.26
Rodentia,Echimyidae,Isothrix,pagurus,Isothrix pagurus,210.0,,,,,,,,,,1,,,,272146.79
Rodentia,Echimyidae,Isothrix,sinnamariensis,Isothrix sinnamariensis,291.73,216.56,,,,,,,,,,,,,
Chiroptera,Vespertilionidae,Kerivoula,flora,Kerivoula flora,6.01,,,1.0,,,,,,,1,,,,55582.84
Chiroptera,Vespertilionidae,Kerivoula,hardwickii,Kerivoula hardwickii,4.55,,,1.0,,,,,,,1,,,,4798120.88
Chiroptera,Vespertilionidae,Kerivoula,lanosa,Kerivoula lanosa,6.66,,,0.98,,,,,,,1,,,,12127805.94
Chiroptera,Vespertilionidae,Kerivoula,minuta,Kerivoula minuta,2.03,,,,,,,,,,1,,,,98737.55
Chiroptera,Vespertilionidae,Kerivoula,muscina,Kerivoula muscina,5.29,,,,,,,,,,1,,,,260157.07
Chiroptera,Vespertilionidae,Kerivoula,papillosa,Kerivoula papillosa,10.21,,,0.98,,,,,,1,1,3,,,743080.6
Chiroptera,Vespertilionidae,Kerivoula,pellucida,Kerivoula pellucida,4.14,,,,,,,,,,1,,,,1341930.02
Chiroptera,Vespertilionidae,Kerivoula,phalaena,Kerivoula phalaena,3.03,,,,,,,,,,1,,,,584946.43
Chiroptera,Vespertilionidae,Kerivoula,picta,Kerivoula picta,4.5,,,1.0,,,,,,,1,,,,5721855.45
Chiroptera,Vespertilionidae,Kerivoula,whiteheadi,Kerivoula whiteheadi,3.29,,,,,,,,,,1,,,,393863.37
Rodentia,Caviidae,Kerodon,rupestris,Kerodon rupestris,799.15,,75.89,1.52,5.0,132.0,34.9,82.44,92.97,1,2,1,,,1805180.18
Artiodactyla,Bovidae,Kobus,ellipsiprymnus,Kobus ellipsiprymnus,204393.48,,270.0,1.0,,239.04,212.91,12000.0,1426.44,2,1,1,1.28,2.46,10067123.88
Artiodactyla,Bovidae,Kobus,kob,Kobus kob,80035.21,1700.0,254.76,1.0,,263.04,188.64,5376.23,465.57,1,1,1,99.57,2.6,3179796.65
Artiodactyla,Bovidae,Kobus,leche,Kobus leche,88645.04,,229.8,1.0,,222.96,133.45,5100.0,925.38,2,2,1,,31.0,229752.09
Artiodactyla,Bovidae,Kobus,megaceros,Kobus megaceros,85805.93,,,,,224.04,,,,,,,,0.34,82555.03
Artiodactyla,Bovidae,Kobus,vardonii,Kobus vardonii,71462.72,1340.0,258.09,1.0,,,212.91,5798.07,,2,1,1,,4.78,1026509.33
Cetacea,Physeteridae,Kogia,breviceps,Kogia breviceps,431500.0,,,0.97,,204.0,,82000.0,,2,1,3,,,
Cetacea,Physeteridae,Kogia,sima,Kogia sima,183066.66,2158.04,273.75,1.0,,,,,,1,1,3,,,
Rodentia,Cricetidae,Kunsia,fronto,Kunsia fronto,167.99,,,,,,,,,2,,1,,,59646.88
Rodentia,Cricetidae,Kunsia,tomentosus,Kunsia tomentosus,115.6,,,,,,,,,,2,,,,231160.88
Chiroptera,Vespertilionidae,Laephotis,botswanae,Laephotis botswanae,7.28,,,,,,,,,,1,,,,1429843.0
Chiroptera,Vespertilionidae,Laephotis,wintoni,Laephotis wintoni,6.1,,,,,,,,,,1,,,,5052431.85
Cetacea,Delphinidae,Lagenodelphis,hosei,Lagenodelphis hosei,164000.0,,,1.0,,,,,2598.64,,1,,,,
Cetacea,Delphinidae,Lagenorhynchus,acutus,Lagenorhynchus acutus,186517.55,2285.99,319.37,1.22,0.41,324.0,547.5,24000.0,2614.5,2,1,3,,,
Cetacea,Delphinidae,Lagenorhynchus,albirostris,Lagenorhynchus albirostris,186634.86,3048.99,365.0,1.0,,,,,,2,1,3,,,
Cetacea,Delphinidae,Lagenorhynchus,australis,Lagenorhynchus australis,119999.99,,,,,,,,,,1,,,,
Cetacea,Delphinidae,Lagenorhynchus,cruciger,Lagenorhynchus cruciger,109999.99,,,,,,,,,,1,,,,
Cetacea,Delphinidae,Lagenorhynchus,obliquidens,Lagenorhynchus obliquidens,109694.46,2206.62,319.01,1.0,,300.0,,,,2,1,3,,,
Cetacea,Delphinidae,Lagenorhynchus,obscurus,Lagenorhynchus obscurus,127499.99,,,,,,,,,2,1,3,,,
Rodentia,Chinchillidae,Lagidium,peruanum,Lagidium peruanum,1220.0,342.37,140.0,1.0,,234.0,40.71,180.69,202.08,2,,1,,1.6,410167.5
Rodentia,Chinchillidae,Lagidium,viscacia,Lagidium viscacia,1539.99,,129.99,1.0,,,1.94,258.61,,,,,,,736737.68
Rodentia,Chinchillidae,Lagidium,wolffsohni,Lagidium wolffsohni,2682.0,,,,,,,,,,,,,,11203.88
Diprotodontia,Macropodidae,Lagorchestes,asomatus,Lagorchestes asomatus,1500.0,,,1.0,,,,,,,1,,,,
Diprotodontia,Macropodidae,Lagorchestes,conspicillatus,Lagorchestes conspicillatus,2821.01,,31.09,1.0,,72.0,204.0,,390.88,,1,,,41.99,1933721.5
Diprotodontia,Macropodidae,Lagorchestes,hirsutus,Lagorchestes hirsutus,1407.14,,,1.0,,96.0,150.0,,373.77,3,1,1,,18.13,89.5
Diprotodontia,Macropodidae,Lagorchestes,leporides,Lagorchestes leporides,3000.0,,,1.0,,,,,,,1,,,,
Pholidota,Manidae,Manis,gigantea,Manis gigantea,32999.7,,,,1.0,,,499.99,755.15,,,,,,3277538.77
Pholidota,Manidae,Manis,javanica,Manis javanica,4861.71,590.0,,1.0,1.0,,,,755.15,1,,3,,,2642894.09
Pholidota,Manidae,Manis,pentadactyla,Manis pentadactyla,4675.0,378.96,,1.0,1.0,,85.51,88.67,755.15,1,3,3,,,2909570.32
Pholidota,Manidae,Manis,temminckii,Manis temminckii,11943.74,488.71,139.0,1.0,1.0,,59.27,344.96,755.15,1,3,3,10.22,,7184102.64
Pholidota,Manidae,Manis,tetradactyla,Manis tetradactyla,2749.98,,,1.05,1.0,,,,755.15,,,,,,2565481.1
Pholidota,Manidae,Manis,tricuspis,Manis tricuspis,1539.31,,126.85,1.0,1.0,,177.82,109.54,755.15,,,,,44.28,5968402.76
Rodentia,Muridae,Meriones,persicus,Meriones persicus,107.52,,28.0,5.83,,,19.0,4.99,,,,,,132.86,2280776.33
Rodentia,Muridae,Meriones,shawi,Meriones shawi,90.6,,24.8,5.84,,,29.31,4.35,92.22,,,,,,1406829.61
Rodentia,Muridae,Meriones,tristrami,Meriones tristrami,111.62,,23.99,5.8,,,,3.0,,,,,,,1199186.24
Rodentia,Muridae,Meriones,unguiculatus,Meriones unguiculatus,57.75,112.5,25.09,5.01,3.0,24.0,23.95,2.85,56.5,,,,,,1946733.07
Rodentia,Muridae,Meriones,vinogradovi,Meriones vinogradovi,117.0,154.53,21.89,7.48,,40.0,,3.0,,,,,,,447673.37
Rodentia,Muridae,Mesembriomys,gouldii,Mesembriomys gouldii,716.49,300.99,44.03,1.87,4.0,46.8,48.99,34.7,51.02,,,,,,296274.86
Rodentia,Muridae,Mesembriomys,macrurus,Mesembriomys macrurus,294.28,,,2.0,,,,,,,,,,,106059.11
Chiroptera,Pteropodidae,Megaerops,niphanae,Megaerops niphanae,32.59,,,,,,,,,,1,,,,171269.5
Chiroptera,Pteropodidae,Megaerops,wetmorei,Megaerops wetmorei,18.7,,,,,,,,,,1,,,,129280.16
Chiroptera,Pteropodidae,Megaloglossus,woermanni,Megaloglossus woermanni,16.71,40.59,,1.0,2.0,,,3.25,,,1,,,,3485546.58
Chiroptera,Molossidae,Molossus,pretiosus,Molossus pretiosus,98.0,,,0.98,,,,,,,1,,,,2510175.15
Chiroptera,Molossidae,Molossus,sinaloae,Molossus sinaloae,21.09,,,1.03,1.0,,47.25,3.79,,1,1,3,,,2026991.98
Carnivora,Phocidae,Monachus,monachus,Monachus monachus,294881.33,2589.02,334.58,1.0,,284.4,42.75,20000.0,1567.84,6,2,2,,,
Carnivora,Phocidae,Monachus,schauinslandi,Monachus schauinslandi,222999.99,2232.83,344.15,1.0,,360.0,37.13,16250.0,1687.65,6,2,2,,,
Carnivora,Phocidae,Monachus,tropicalis,Monachus tropicalis,197758.36,2288.69,,1.0,,,,,,1,2,3,,,
Didelphimorphia,Didelphidae,Monodelphis,adusta,Monodelphis adusta,36.04,120.88,,,,,,,,3,1,2,,,505245.72
Didelphimorphia,Didelphidae,Monodelphis,americana,Monodelphis americana,19.5,107.0,,,,,,,,1,2,3,0.000536788,,1022061.77
Didelphimorphia,Didelphidae,Monodelphis,brevicaudata,Monodelphis brevicaudata,78.84,135.12,,7.24,1.5,12.0,,,187.19,2,2,2,,49.81,
Didelphimorphia,Didelphidae,Monodelphis,dimidiata,Monodelphis dimidiata,44.56,99.6,,12.0,1.0,12.0,55.68,0.08,,5,2,2,,200.0,1385763.24
Didelphimorphia,Didelphidae,Monodelphis,domestica,Monodelphis domestica,93.45,148.1,14.55,7.29,4.0,72.0,49.49,0.09,162.11,2,1,3,,400.0,2708946.4
Didelphimorphia,Didelphidae,Monodelphis,emiliae,Monodelphis emiliae,52.33,134.28,,,,,,,,1,1,3,,,959841.81
Didelphimorphia,Didelphidae,Monodelphis,iheringi,Monodelphis iheringi,112.0,90.99,,,,,,,,1,1,3,,,229715.82
Didelphimorphia,Didelphidae,Monodelphis,kunsi,Monodelphis kunsi,11.3,70.38,,,,,,,,1,1,3,,,298062.7
Didelphimorphia,Didelphidae,Monodelphis,osgoodi,Monodelphis osgoodi,112.0,95.0,,,,,,,,1,1,3,,,45995.47
Cetacea,Balaenopteridae,Megaptera,novaeangliae,Megaptera novaeangliae,30000000.01,12856.21,349.79,1.0,0.37,1140.0,318.46,1299999.99,1310.35,2,1,3,,,
Soricomorpha,Soricidae,Megasorex,gigas,Megasorex gigas,11.71,89.6,,,,,,,,,1,,,,175398.19
Rodentia,Cricetidae,Melanomys,caliginosus,Melanomys caliginosus,41.0,,,1.45,,,,,,,,,,,595659.43
Rodentia,Cricetidae,Melanomys,robustulus,Melanomys robustulus,53.5,,,,,,,,,,,,,,8638.62
Rodentia,Cricetidae,Melanomys,zunigae,Melanomys zunigae,53.5,,,,,,,,,,,,,,9675.46
Carnivora,Mustelidae,Meles,meles,Meles meles,11884.03,705.89,48.6,3.11,,194.4,91.3,90.24,420.91,1,1,3,1.2,2.52,
Carnivora,Mustelidae,Mellivora,capensis,Mellivora capensis,8999.99,682.96,181.46,2.35,2.0,318.0,23.86,210.0,,6,1,2,,,27823522.11
Primates,Cercopithecidae,Miopithecus,talapoin,Miopithecus talapoin,1248.86,354.99,164.38,1.01,,370.8,178.98,179.04,1733.36,3,1,2,0.8,42.07,258766.21
Carnivora,Phocidae,Mirounga,angustirostris,Mirounga angustirostris,1112390.81,3713.91,290.63,1.0,,243.5,27.37,34381.77,1522.5,6,2,2,,,
Carnivora,Phocidae,Mirounga,leonina,Mirounga leonina,1600000.0,3674.03,243.33,1.0,,276.0,22.93,39392.97,1607.08,2,2,3,,,
Primates,Cheirogaleidae,Mirza,coquereli,Mirza coquereli,326.5,231.84,88.58,1.71,,183.6,136.0,12.92,343.74,4,1,2,0.03,107.17,58761.86
Soricomorpha,Talpidae,Mogera,imaizumii,Mogera imaizumii,65.53,140.0,,3.25,1.0,42.0,,,,2,1,2,,,105817.66
Soricomorpha,Talpidae,Mogera,tokudae,Mogera tokudae,133.48,167.5,40.0,3.26,1.0,,,,,2,1,2,,,2190.11
Soricomorpha,Talpidae,Mogera,wogura,Mogera wogura,96.88,150.0,40.0,3.78,1.0,42.0,,,,3,1,2,,4999.99,975185.29
Chiroptera,Molossidae,Molossops,mattogrossensis,Molossops mattogrossensis,7.48,,,,1.0,,,,,1,1,3,,,5565787.46
Chiroptera,Molossidae,Molossops,temminckii,Molossops temminckii,5.86,,,0.98,,,,,,1,1,3,,,7264791.36
Chiroptera,Molossidae,Molossus,aztecus,Molossus aztecus,14.86,,,,,,,,,,,,,,382245.88
Chiroptera,Molossidae,Molossus,currentium,Molossus currentium,17.79,,,0.99,,,,,,,1,,,,1346846.01
Chiroptera,Molossidae,Molossus,molossus,Molossus molossus,13.7,59.82,107.97,0.99,2.0,,60.45,3.49,103.46,1,1,3,,,16538107.62
Didelphimorphia,Didelphidae,Monodelphis,rubida,Monodelphis rubida,45.5,131.0,,,,,,,,1,1,3,,,410687.39
Didelphimorphia,Didelphidae,Monodelphis,scalops,Monodelphis scalops,763.19,139.1,,,,,,,,1,1,3,,,175704.11
Didelphimorphia,Didelphidae,Monodelphis,sorex,Monodelphis sorex,48.0,72.5,,,,,,,,1,1,3,,,875360.94
Didelphimorphia,Didelphidae,Monodelphis,theresa,Monodelphis theresa,112.0,86.42,,,,,,,,1,1,3,,,177325.11
Didelphimorphia,Didelphidae,Monodelphis,unistriata,Monodelphis unistriata,55.3,137.47,,,,,,,,1,1,3,,,6.86
Cetacea,Monodontidae,Monodon,monoceros,Monodon monoceros,938126.44,5092.53,441.04,1.0,0.41,480.0,608.33,79999.99,2580.24,2,1,3,,,
Chiroptera,Phyllostomidae,Monophyllus,plethodon,Monophyllus plethodon,15.33,,,0.99,,,,0.87,,,1,,,,4183.11
Chiroptera,Phyllostomidae,Monophyllus,redmani,Monophyllus redmani,8.79,,,0.99,,,,,,3,1,2,,,203276.18
Rodentia,Nesomyidae,Monticolomys,koopmani,Monticolomys koopmani,25.0,,,,,,,,,,,,,,
Chiroptera,Molossidae,Mops,brachypterus,Mops brachypterus,16.0,,,0.99,,,,,,,1,,,,3079756.19
Chiroptera,Molossidae,Mops,condylurus,Mops condylurus,26.59,,88.64,1.0,2.0,,49.99,8.03,285.63,1,1,3,,,16249258.42
Chiroptera,Molossidae,Mops,congicus,Mops congicus,42.84,,,0.99,1.5,,,,,,1,,,,703287.8
Chiroptera,Molossidae,Mops,leucostigma,Mops leucostigma,26.79,,,,,,,,,1,,3,,,547685.18
Chiroptera,Molossidae,Mops,midas,Mops midas,45.5,,,1.22,2.0,,,9.5,,1,1,3,,,5759773.7
Chiroptera,Molossidae,Mops,mops,Mops mops,31.12,,,,,,,,,1,1,3,,,239427.42
Chiroptera,Molossidae,Mops,niveiventer,Mops niveiventer,21.82,,,1.0,,,,,,1,1,3,,,3527085.25
Chiroptera,Molossidae,Mops,spurrelli,Mops spurrelli,8.08,,,,,,,,,,1,,,,776904.42
Chiroptera,Molossidae,Mops,thersites,Mops thersites,21.99,,,1.0,2.0,,,,,,1,,,,3945169.61
Chiroptera,Mormoopidae,Mormoops,blainvillei,Mormoops blainvillei,8.69,,,,,,,,,1,1,3,,,202317.84
Chiroptera,Mormoopidae,Mormoops,megalophylla,Mormoops megalophylla,16.09,66.74,,0.99,1.0,,,0.91,,1,1,3,,,3624939.01
Chiroptera,Molossidae,Mormopterus,beccarii,Mormopterus beccarii,14.3,,,,,,,,,1,1,3,,,4026964.55
Chiroptera,Molossidae,Mormopterus,jugularis,Mormopterus jugularis,11.56,,,,,,,,,1,1,3,,,189665.13
Chiroptera,Molossidae,Mormopterus,loriae,Mormopterus loriae,7.0,,,,,,,,,,,,,,561315.78
Chiroptera,Molossidae,Mormopterus,norfolkensis,Mormopterus norfolkensis,8.0,,,1.0,,,,,,,1,,,,122196.45
Chiroptera,Molossidae,Mormopterus,planiceps,Mormopterus planiceps,9.24,,106.86,0.99,1.0,,,2.06,377.37,,1,,,,3330351.4
Artiodactyla,Tragulidae,Moschiola,meminna,Moschiola meminna,3130.95,540.0,153.53,1.5,,,,319.0,,,,,,2.74,1572492.46
Artiodactyla,Moschidae,Moschus,berezovskii,Moschus berezovskii,12477.41,899.99,184.24,1.2,1.0,,47.14,529.5,,2,,1,0.13,,2263301.83
Artiodactyla,Moschidae,Moschus,chrysogaster,Moschus chrysogaster,13697.9,899.99,188.0,1.2,1.0,,47.14,659.54,587.94,2,,1,0.13,,1480747.1
Artiodactyla,Moschidae,Moschus,fuscus,Moschus fuscus,13697.9,899.99,,,1.0,,47.14,,,2,,1,0.13,,121178.76
Artiodactyla,Moschidae,Moschus,moschiferus,Moschus moschiferus,13315.57,899.99,175.92,1.74,1.0,,47.14,498.39,486.66,3,,1,0.13,,8554234.6
Chiroptera,Emballonuridae,Mosia,nigrescens,Mosia nigrescens,3.33,,,0.98,,,,,,,1,,,,785123.85
Carnivora,Herpestidae,Mungos,gambianus,Mungos gambianus,1644.98,349.68,,,,,,,,6,1,2,,,1729257.01
Carnivora,Herpestidae,Mungos,mungo,Mungos mungo,1260.0,362.42,60.91,2.68,2.5,144.0,20.88,24.2,349.33,1,1,3,1.66,16.98,15894555.38
Carnivora,Eupleridae,Mungotictis,decemlineata,Mungotictis decemlineata,657.03,311.18,100.83,0.99,,,45.1,49.13,755.15,2,2,3,1.19,7.33,17099.69
Artiodactyla,Cervidae,Muntiacus,atherodes,Muntiacus atherodes,18939.1,994.99,,,,,,,,2,,1,,,108466.54
Artiodactyla,Cervidae,Muntiacus,crinifrons,Muntiacus crinifrons,18590.01,,195.57,1.0,,,,,,4,,2,,,128303.4
Didelphimorphia,Didelphidae,Marmosops,noctivagus,Marmosops noctivagus,39.77,112.5,,,,,,,,,2,,,13.28,1544721.63
Didelphimorphia,Didelphidae,Marmosops,parvidens,Marmosops parvidens,15.0,99.13,,4.05,,,,,,2,2,2,,14.4,
Didelphimorphia,Didelphidae,Marmosops,paulensis,Marmosops paulensis,38.89,125.98,,,,,,,,,,,,,
Rodentia,Sciuridae,Marmota,caligata,Marmota caligata,2253.71,,30.0,4.67,0.5,,24.36,,827.69,,,,,,2528757.24
Rodentia,Sciuridae,Marmota,caudata,Marmota caudata,4350.0,,30.74,3.65,1.0,,34.8,,909.33,,,,0.03,,499610.43
Rodentia,Sciuridae,Marmota,flaviventris,Marmota flaviventris,3709.73,411.8,30.39,4.66,1.0,96.0,25.0,33.79,827.69,4,2,1,0.01,6.9,1718950.48
Rodentia,Sciuridae,Marmota,marmota,Marmota marmota,4059.15,,35.22,4.0,1.0,216.0,49.18,29.74,827.69,3,,1,0.01,583.5,146907.37
Rodentia,Sciuridae,Marmota,monax,Marmota monax,3880.93,412.76,31.5,4.1,1.0,120.0,43.83,27.19,413.84,3,1,2,0.01,136.7,7599938.29
Rodentia,Sciuridae,Marmota,olympus,Marmota olympus,6299.99,,,4.0,0.5,,34.73,,1141.75,,,,,,5281.29
Rodentia,Cricetidae,Lemmus,lemmus,Lemmus lemmus,67.62,,20.11,5.1,3.5,24.0,20.15,3.89,22.67,,,,,,305720.98
Rodentia,Cricetidae,Lemmus,sibiricus,Lemmus sibiricus,53.81,,20.74,6.39,3.5,,,3.88,44.51,,,,0.006494881,,1205879.5
Rodentia,Cricetidae,Lemmus,trimucronatus,Lemmus trimucronatus,69.82,,20.77,6.86,,,,,,,,,0.005384903,1784.72,4545486.76
Rodentia,Muridae,Lemniscomys,barbarus,Lemniscomys barbarus,26.15,,,4.61,,,,,,,,,,,
Rodentia,Muridae,Lemniscomys,griselda,Lemniscomys griselda,55.87,,,3.68,,,,,,,,,,342.79,520132.35
Diprotodontia,Vombatidae,Lasiorhinus,krefftii,Lasiorhinus krefftii,31849.99,1002.48,,1.0,1.0,360.0,362.93,,,3,2,1,0.05,21.99,28559.17
Diprotodontia,Vombatidae,Lasiorhinus,latifrons,Lasiorhinus latifrons,26163.8,855.0,20.74,1.0,,294.0,326.07,0.49,631.37,2,2,1,,67.99,86125.03
Rodentia,Muridae,Lemniscomys,macculus,Lemniscomys macculus,26.5,,,,,,,,,,,,,,627993.5
Rodentia,Muridae,Lemniscomys,mittendorfi,Lemniscomys mittendorfi,41.85,111.0,,,,,,,,,1,,,,6452.05
Rodentia,Muridae,Lemniscomys,rosalia,Lemniscomys rosalia,49.92,,,,,,,,,,,,,,2617790.98
Rodentia,Muridae,Lemniscomys,striatus,Lemniscomys striatus,43.65,102.79,25.15,4.64,1.5,30.0,27.28,2.25,81.36,,,,,688.24,7356183.4
Primates,Lemuridae,Lemur,catta,Lemur catta,2626.48,425.0,134.74,1.18,1.0,360.0,126.51,75.8,831.62,4,2,2,0.05,215.0,61778.7
Rodentia,Muridae,Lenothrix,canus,Lenothrix canus,150.0,192.5,,2.91,,45.6,,,,,,,,,295661.84
Rodentia,Cricetidae,Lenoxus,apicalis,Lenoxus apicalis,53.6,,,,,,,,,,,,,,43008.18
Primates,Cebidae,Leontopithecus,caissara,Leontopithecus caissara,604.01,,,,,,,,,,1,,,,3822.49
Primates,Cebidae,Leontopithecus,chrysomelas,Leontopithecus chrysomelas,572.8,,,2.04,,,,,,,1,,0.24,8.76,33921.69
Primates,Cebidae,Leontopithecus,chrysopygus,Leontopithecus chrysopygus,656.12,,,,,,,,,4,1,2,0.83,,50004.81
Primates,Cebidae,Leontopithecus,rosalia,Leontopithecus rosalia,592.52,260.22,134.0,1.94,,297.6,75.69,51.89,890.34,3,1,2,0.26,4.07,22874.24
Carnivora,Felidae,Leopardus,jacobitus,Leopardus jacobitus,8133.78,599.13,,,,,,,,1,1,3,,,931676.41
Carnivora,Felidae,Leopardus,pardalis,Leopardus pardalis,11880.0,744.33,81.99,1.66,1.0,243.6,106.18,250.0,678.64,1,1,3,5.08,0.42,16040024.42
Carnivora,Felidae,Leopardus,wiedii,Leopardus wiedii,3270.81,598.41,82.2,1.5,,240.0,93.4,157.42,1052.28,1,2,3,8.54,,12404067.35
Rodentia,Muridae,Leopoldamys,edwardsi,Leopoldamys edwardsi,308.82,231.02,,1.94,,,,,,,,,,,1366761.73
Rodentia,Muridae,Leopoldamys,sabanus,Leopoldamys sabanus,347.61,228.41,,3.33,,24.0,,,,,,,,,2396697.79
Primates,Lepilemuridae,Lepilemur,dorsalis,Lepilemur dorsalis,503.85,255.0,,1.01,,,,,,3,1,1,,,9532.94
Primates,Lepilemuridae,Lepilemur,edwardsi,Lepilemur edwardsi,821.58,,,,,,,,,5,1,2,0.008338038,70.98,23515.8
Primates,Lepilemuridae,Lepilemur,leucopus,Lepilemur leucopus,599.99,,135.92,1.01,1.0,103.0,121.66,,620.76,2,1,1,0.001998666,504.99,22985.68
Primates,Lepilemuridae,Lepilemur,microdon,Lepilemur microdon,952.33,324.99,,,,,,,,4,1,2,,36.05,52152.56
Primates,Lepilemuridae,Lepilemur,mustelinus,Lepilemur mustelinus,669.03,,133.45,1.0,1.0,144.0,76.21,27.0,663.81,3,1,1,0.002734203,255.1,41461.51
Primates,Lepilemuridae,Lepilemur,ruficaudatus,Lepilemur ruficaudatus,763.36,,135.92,1.02,,,119.32,,,2,1,1,,260.0,35030.08
Primates,Lepilemuridae,Lepilemur,septentrionalis,Lepilemur septentrionalis,755.77,280.0,134.99,1.0,1.0,,120.97,,377.57,3,1,1,0.007059681,154.26,
Rodentia,Muridae,Leporillus,apicalis,Leporillus apicalis,150.0,202.87,,,,,,,,,,,,,
Rodentia,Muridae,Leporillus,conditor,Leporillus conditor,328.82,192.73,43.49,2.95,,,40.87,,244.09,2,,1,,,43.48
Carnivora,Felidae,Leptailurus,serval,Leptailurus serval,11999.96,832.51,73.74,2.35,2.5,276.0,104.68,254.0,887.95,1,1,3,1.84,,12526196.74
Rodentia,Muridae,Leptomys,elegans,Leptomys elegans,83.52,152.33,,1.88,,,,,,2,4,3,,,19694.75
Rodentia,Muridae,Leptomys,ernstmayri,Leptomys ernstmayri,42.85,120.88,,,,,,,,1,1,3,,,71234.08
Carnivora,Phocidae,Leptonychotes,weddellii,Leptonychotes weddellii,400000.0,2539.91,314.99,1.0,,300.0,43.35,27395.84,1587.55,6,2,2,,0.12,
Chiroptera,Phyllostomidae,Leptonycteris,curasoae,Leptonycteris curasoae,25.27,,121.66,0.99,1.0,,41.99,,,3,1,2,,,376465.67
Chiroptera,Phyllostomidae,Leptonycteris,nivalis,Leptonycteris nivalis,24.26,,121.66,1.0,1.0,,,7.8,,3,1,2,,,999207.02
Chiroptera,Phyllostomidae,Leptonycteris,yerbabuenae,Leptonycteris yerbabuenae,22.24,,,0.99,,120.0,41.99,7.1,,,,,,,1217816.36
Lagomorpha,Leporidae,Lepus,alleni,Lepus alleni,3930.0,545.99,41.99,1.96,3.5,,,182.0,,2,,1,4.53,16.06,258607.07
Lagomorpha,Leporidae,Lepus,americanus,Lepus americanus,1568.42,424.49,36.57,3.54,2.5,96.0,22.98,67.84,210.95,3,,1,0.04,100.0,9501181.22
Lagomorpha,Leporidae,Lepus,arcticus,Lepus arcticus,4412.73,571.99,51.99,5.62,1.5,84.0,,,377.57,3,,1,2.26,,3744673.1
Lagomorpha,Leporidae,Lepus,brachyurus,Lepus brachyurus,2519.45,499.99,38.49,2.13,2.5,,,,,,,,,40.0,285029.98
Lagomorpha,Leporidae,Lepus,californicus,Lepus californicus,2422.48,480.0,41.77,2.68,4.05,81.6,19.85,84.93,263.07,2,1,1,0.56,12.0,4402904.48
Lagomorpha,Leporidae,Lepus,callotis,Lepus callotis,2608.16,488.99,,2.48,3.0,,,,,1,,1,,3.89,430968.06
Lagomorpha,Leporidae,Lepus,capensis,Lepus capensis,2047.11,426.03,41.99,2.44,3.0,,27.63,114.09,172.43,3,1,1,0.41,14.75,21956899.35
Lagomorpha,Leporidae,Lepus,castroviejoi,Lepus castroviejoi,2822.41,502.99,,1.95,,,,,,,,,,,8875.2
Lagomorpha,Leporidae,Lepus,comus,Lepus comus,2015.56,470.68,,2.44,2.0,,,,,2,,1,,,582324.06
Lagomorpha,Leporidae,Lepus,europaeus,Lepus europaeus,3816.43,526.0,41.99,2.14,4.4,144.0,,123.0,210.95,,,,0.31,,10436747.61
Lagomorpha,Leporidae,Lepus,flavigularis,Lepus flavigularis,2999.98,549.77,,,,,,,,2,,1,,,10300.18
Lagomorpha,Leporidae,Lepus,granatensis,Lepus granatensis,2323.94,459.0,,1.46,,,,,,,,,,,401179.96
Lagomorpha,Leporidae,Lepus,habessinicus,Lepus habessinicus,2015.56,,,,,,,,,,,,,,1029651.57
Lagomorpha,Leporidae,Lepus,hainanus,Lepus hainanus,1511.67,,,,,,,,,,,,,,11194.41
Lagomorpha,Leporidae,Lepus,mandshuricus,Lepus mandshuricus,1834.05,,,2.39,,,,,,,,,,,1031394.68
Lagomorpha,Leporidae,Lepus,microtis,Lepus microtis,1763.61,450.0,,1.56,,,,,,3,,1,,95.0,12414839.45
Lagomorpha,Leporidae,Lepus,nigricollis,Lepus nigricollis,2294.25,,36.16,1.76,7.15,,,,210.45,,,,0.01,89.46,4041837.2
Lagomorpha,Leporidae,Lepus,oiostolus,Lepus oiostolus,2468.55,465.4,,3.06,2.0,,,,,1,1,1,,,2735995.71
Lagomorpha,Leporidae,Lepus,othus,Lepus othus,4837.35,575.12,45.99,6.15,1.0,,48.99,102.46,,2,,1,,1.64,421759.62
Lagomorpha,Leporidae,Lepus,peguensis,Lepus peguensis,2267.5,,,,,,,,,,,,,,1932180.66
Lagomorpha,Leporidae,Lepus,saxatilis,Lepus saxatilis,2593.63,495.0,38.49,1.52,5.35,,,98.0,,,1,,,,799775.78
Lagomorpha,Leporidae,Lepus,sinensis,Lepus sinensis,1607.41,380.0,,,,,,,,,,,,,1081352.24
Lagomorpha,Leporidae,Lepus,starcki,Lepus starcki,2760.67,510.0,,,,,,,,,1,,,,100134.94
Lagomorpha,Leporidae,Lepus,timidus,Lepus timidus,3105.42,509.0,50.1,3.16,3.0,,,113.49,,,,,0.86,,19946363.54
Lagomorpha,Leporidae,Lepus,tolai,Lepus tolai,1589.0,,,2.93,,,,,,,,,,,1307979.72
Lagomorpha,Leporidae,Lepus,townsendii,Lepus townsendii,3371.64,512.99,40.73,4.49,3.29,96.0,29.23,89.99,281.14,2,,1,,5.17,3453779.03
Lagomorpha,Leporidae,Lepus,yarkandensis,Lepus yarkandensis,1460.41,390.0,,3.9,2.5,,,,,1,1,1,,,613125.37
Didelphimorphia,Didelphidae,Lestodelphys,halli,Lestodelphys halli,78.27,136.34,,,,,,,,3,,2,,,18932.66
Paucituberculata,Caenolestidae,Lestoros,inca,Lestoros inca,23.07,99.75,,,,,,,,2,1,3,,,109634.26
Carnivora,Herpestidae,Liberiictis,kuhni,Liberiictis kuhni,1825.47,449.15,,,,,,,,6,1,2,,,125428.68
Chiroptera,Phyllostomidae,Lichonycteris,obscura,Lichonycteris obscura,6.5,,,0.98,,,,,,2,1,2,,,7959423.12
Afrosoricida,Tenrecidae,Limnogale,mergulus,Limnogale mergulus,76.86,144.99,,2.73,1.0,,,,,2,2,3,,,14350.29
Rodentia,Heteromyidae,Liomys,adspersus,Liomys adspersus,50.99,124.62,,3.2,1.44,21.0,,,202.08,,1,,0.004046269,741.61,26538.1
Rodentia,Heteromyidae,Liomys,irroratus,Liomys irroratus,48.95,115.55,,4.22,,,,,,,1,,,,609782.6
Rodentia,Heteromyidae,Liomys,pictus,Liomys pictus,43.28,114.13,25.16,3.67,,,25.9,2.5,111.11,1,1,1,,3922.95,441466.95
Rodentia,Heteromyidae,Liomys,salvini,Liomys salvini,41.99,107.97,27.68,3.69,1.65,,24.81,1.9,,3,1,2,0.001470548,574.02,163721.17
Rodentia,Heteromyidae,Liomys,spectabilis,Liomys spectabilis,65.0,,,,,,,,,,1,,,,5600.81
Chiroptera,Phyllostomidae,Lionycteris,spurrelli,Lionycteris spurrelli,8.85,,,0.98,,,,,,1,1,1,,,7325792.0
Cetacea,Iniidae,Lipotes,vexillifer,Lipotes vexillifer,112138.32,1701.72,319.37,1.0,,,,,3367.31,2,1,3,,,
Cetacea,Delphinidae,Lissodelphis,borealis,Lissodelphis borealis,113000.0,,,,,,,,,,1,,,,
Cetacea,Delphinidae,Lissodelphis,peronii,Lissodelphis peronii,116000.0,,,,,,,,,,1,,,,
Chiroptera,Pteropodidae,Lissonycteris,angolensis,Lissonycteris angolensis,68.31,105.16,121.66,0.99,2.0,,,,,2,1,1,,,4001672.86
Artiodactyla,Bovidae,Litocranius,walleri,Litocranius walleri,38804.37,1500.0,204.15,1.0,,156.0,,,841.82,1,1,1,,0.43,1594552.7
Carnivora,Phocidae,Lobodon,carcinophaga,Lobodon carcinophaga,224999.99,2265.73,269.81,0.96,,468.0,31.32,20000.0,1522.5,1,2,3,,1.01,
Chiroptera,Phyllostomidae,Lonchophylla,mordax,Lonchophylla mordax,21.56,,,0.98,,,,,,3,1,2,,,3437157.68
Chiroptera,Phyllostomidae,Lonchophylla,robusta,Lonchophylla robusta,13.72,,,0.98,,,,,,3,1,2,,,1033227.44
Chiroptera,Phyllostomidae,Lonchophylla,thomasi,Lonchophylla thomasi,7.09,,,0.98,,,,,,3,1,2,,,8437401.6
Chiroptera,Phyllostomidae,Lonchorhina,aurita,Lonchorhina aurita,15.38,,,0.98,1.0,,,,,1,1,3,,,11889121.65
Chiroptera,Phyllostomidae,Lonchorhina,marinkellei,Lonchorhina marinkellei,17.67,,,,,,,,,,1,,,,88343.63
Chiroptera,Phyllostomidae,Lonchorhina,orinocensis,Lonchorhina orinocensis,9.04,,,,,,,,,,1,,,,716241.64
Rodentia,Echimyidae,Lonchothrix,emiliae,Lonchothrix emiliae,138.2,,,,,,,,,,1,,,,380559.19
Carnivora,Mustelidae,Lontra,canadensis,Lontra canadensis,8087.42,683.1,58.4,2.67,,300.0,121.66,135.94,729.99,1,2,3,14.18,1.12,11887021.15
Carnivora,Mustelidae,Lontra,felina,Lontra felina,11195.36,676.55,75.97,2.54,,,,,,2,2,3,,,
Carnivora,Mustelidae,Lontra,longicaudis,Lontra longicaudis,6554.97,600.05,,3.69,,,,,,2,3,3,,,12885820.36
Carnivora,Mustelidae,Lontra,provocax,Lontra provocax,7499.98,588.17,,,,,,,,2,2,3,,,804793.49
Rodentia,Cricetidae,Lophiomys,imhausi,Lophiomys imhausi,755.0,,,1.58,,90.0,39.7,,,,,,,,2277318.8
Primates,Cercopithecidae,Lophocebus,albigena,Lophocebus albigena,7418.71,521.55,182.64,1.01,,392.4,211.71,498.58,2525.48,3,1,2,1.98,14.86,2003865.93
Primates,Cercopithecidae,Lophocebus,aterrimus,Lophocebus aterrimus,6510.37,510.0,,,,321.6,,,,,,,0.34,,535514.76
Chiroptera,Phyllostomidae,Lophostoma,brasiliense,Lophostoma brasiliense,9.76,,,0.98,,,,,,2,2,2,,,8518317.74
Chiroptera,Phyllostomidae,Lophostoma,carrikeri,Lophostoma carrikeri,22.35,,,,2.0,,,,,2,2,2,,,4265102.57
Chiroptera,Phyllostomidae,Lophostoma,evotis,Lophostoma evotis,20.58,,,1.0,1.0,,,,,2,1,2,,,243008.88
Chiroptera,Phyllostomidae,Lophostoma,schulzi,Lophostoma schulzi,18.02,,,,,,,,,2,1,2,,,634752.23
Chiroptera,Phyllostomidae,Lophostoma,silvicolum,Lophostoma silvicolum,32.29,,,0.99,2.0,,,,,2,2,2,,,13507762.32
Rodentia,Muridae,Lophuromys,flavopunctatus,Lophuromys flavopunctatus,57.07,122.1,30.7,2.3,,,42.72,6.5,61.02,,,,,835.93,
Rodentia,Muridae,Lophuromys,melanonyx,Lophuromys melanonyx,10.2,,,,,,,,,,,,,,19567.01
Rodentia,Muridae,Lophuromys,nudicaudus,Lophuromys nudicaudus,32.59,,,1.55,,,,,,,,,,,297751.58
Rodentia,Muridae,Lophuromys,sikapusi,Lophuromys sikapusi,62.72,118.07,,3.0,,,13.67,7.8,,,,,0.001594146,213.0,
Rodentia,Muridae,Lophuromys,woosnami,Lophuromys woosnami,42.14,,32.0,1.97,,,,9.5,,,,,,,91746.47
Rodentia,Muridae,Lorentzimys,nouhuysi,Lorentzimys nouhuysi,14.44,81.57,,2.75,,,,,,5,2,2,,,193622.18
Primates,Lorisidae,Loris,lydekkerianus,Loris lydekkerianus,254.06,,,,,,,,,,,,,,481306.48
Primates,Lorisidae,Loris,tardigradus,Loris tardigradus,249.22,224.49,165.99,1.44,,196.8,167.49,11.0,350.76,4,1,2,0.007059681,72.29,9633.79
Proboscidea,Elephantidae,Loxodonta,africana,Loxodonta africana,3824539.93,,660.0,0.84,,960.0,1088.8,105000.0,4977.64,4,1,1,587.53,6.72,4233287.94
Proboscidea,Elephantidae,Loxodonta,cyclotis,Loxodonta cyclotis,4750000.01,,,,,,,,,4,1,1,,,4650333.37
Rodentia,Cricetidae,Loxodontomys,micropus,Loxodontomys micropus,70.76,,,4.16,,,,,68.97,6,3,2,,227.64,348628.73
Rodentia,Cricetidae,Lundomys,molitor,Lundomys molitor,238.49,,,2.91,,,,,,,2,,,,53868.95
Carnivora,Mustelidae,Lutra,lutra,Lutra lutra,8868.69,687.94,64.27,2.01,1.0,264.0,100.8,284.99,700.76,1,2,3,21.31,0.85,25877469.45
Carnivora,Mustelidae,Lutra,sumatrana,Lutra sumatrana,5970.68,762.81,,,,,,,,1,2,3,,,1333065.92
Didelphimorphia,Didelphidae,Lutreolina,crassicaudata,Lutreolina crassicaudata,554.77,324.99,14.0,7.71,2.0,36.0,,,,2,3,3,0.001430339,,1895557.08
Carnivora,Mustelidae,Lutrogale,perspicillata,Lutrogale perspicillata,8912.49,787.64,63.31,3.24,,180.0,72.53,,943.94,2,2,3,5.31,4.42,5506788.05
Carnivora,Canidae,Lycalopex,culpaeus,Lycalopex culpaeus,8616.24,720.34,58.72,4.88,,,48.22,167.99,377.37,2,1,3,5.05,1.01,2809619.42
Carnivora,Canidae,Lycalopex,gymnocercus,Lycalopex gymnocercus,4542.67,619.15,59.23,3.09,,164.4,,,,7,1,2,,,2321073.61
Carnivora,Canidae,Lycalopex,sechurae,Lycalopex sechurae,4234.0,558.91,,,,,,,,7,1,2,,,75180.74
Carnivora,Canidae,Lycalopex,vetulus,Lycalopex vetulus,4233.47,600.05,,3.0,,,,,,6,1,2,,,1486644.88
Carnivora,Canidae,Lycaon,pictus,Lycaon pictus,21999.99,923.86,71.18,8.1,,132.0,27.28,297.45,817.15,1,1,3,395.88,0.01,10539675.81
Carnivora,Mustelidae,Lyncodon,patagonicus,Lyncodon patagonicus,225.0,323.41,,,,,,,,,1,,,,834663.98
Carnivora,Felidae,Lynx,canadensis,Lynx canadensis,9682.82,702.3,62.5,2.73,,321.0,111.36,204.0,672.9,1,1,3,30.6,0.05,8252985.31
Carnivora,Felidae,Lynx,lynx,Lynx lynx,19300.0,851.2,66.99,2.3,1.0,321.6,81.85,289.0,739.52,1,1,3,136.35,0.02,23827627.14
Carnivora,Felidae,Lynx,pardinus,Lynx pardinus,11050.0,960.08,69.44,2.5,,,,,,1,1,3,7.19,0.32,27058.5
Carnivora,Felidae,Lynx,rufus,Lynx rufus,6374.47,689.81,59.99,2.76,,388.0,59.99,300.0,668.22,1,1,3,31.2,0.1,9702533.02
Primates,Cercopithecidae,Macaca,arctoides,Macaca arctoides,9358.04,599.99,176.6,1.01,,360.0,377.66,488.99,1570.01,1,,1,,,1236024.14
Primates,Cercopithecidae,Macaca,assamensis,Macaca assamensis,8546.89,605.0,,,,,,,,,,,,,1383530.1
Primates,Cercopithecidae,Macaca,cyclopis,Macaca cyclopis,5748.94,560.0,161.06,1.0,,,205.24,399.86,1650.01,,,,,,12815.11
Primates,Cercopithecidae,Macaca,fascicularis,Macaca fascicularis,4569.32,515.0,164.69,1.0,1.0,456.0,283.53,328.76,1319.5,3,,2,0.46,49.99,2197587.41
Primates,Cercopithecidae,Macaca,fuscata,Macaca fuscata,10114.76,826.71,172.99,1.02,1.0,396.0,265.04,501.57,1460.77,5,2,2,1.43,30.19,177385.93
Primates,Cercopithecidae,Macaca,maura,Macaca maura,7290.3,660.0,167.19,1.01,,,497.16,388.46,,,,,,20.0,13648.67
Primates,Cercopithecidae,Macaca,mulatta,Macaca mulatta,6455.19,555.0,166.07,1.01,1.0,432.0,304.16,471.47,1101.07,1,,1,5.91,11.1,6566547.23
Primates,Cercopithecidae,Macaca,nemestrina,Macaca nemestrina,7820.78,535.0,171.0,1.01,,411.6,292.6,472.92,1427.17,2,,1,1.75,18.92,1033482.91
Primates,Cercopithecidae,Macaca,nigra,Macaca nigra,7359.39,549.99,172.43,1.01,,216.0,365.0,457.77,1984.51,1,,1,,55.63,13015.44
Primates,Cercopithecidae,Macaca,ochreata,Macaca ochreata,2745.5,,,,,,,,,,,,,15.0,19033.57
Primates,Cercopithecidae,Macaca,pagensis,Macaca pagensis,4534.66,450.0,,1.0,,360.0,272.2,,1227.12,4,1,2,,,2155.21
Primates,Cercopithecidae,Macaca,radiata,Macaca radiata,4999.99,475.0,161.56,1.01,,360.0,332.25,367.52,1785.78,,,,0.88,8.3,679816.3
Primates,Cercopithecidae,Macaca,silenus,Macaca silenus,5995.25,547.35,172.0,1.01,,480.0,362.93,416.11,1912.19,4,3,2,0.88,1.01,56995.19
Primates,Cercopithecidae,Macaca,sinica,Macaca sinica,4655.99,480.0,180.9,1.01,,420.0,,,1894.11,2,,1,0.4,30.0,66626.48
Primates,Cercopithecidae,Macaca,sylvanus,Macaca sylvanus,11471.53,549.99,164.84,1.02,,264.0,210.25,449.85,1542.25,6,2,2,2.63,12.5,95331.43
Primates,Cercopithecidae,Macaca,thibetana,Macaca thibetana,10593.06,599.99,169.02,1.01,,,451.79,499.99,,,,,,,1232955.48
Primates,Cercopithecidae,Macaca,tonkeana,Macaca tonkeana,10035.53,599.99,,,,,,,,,,,,10.0,81338.19
Chiroptera,Megadermatidae,Macroderma,gigas,Macroderma gigas,124.37,115.82,,1.0,1.0,,,21.61,,2,1,3,,,1038951.62
Carnivora,Viverridae,Macrogalidia,musschenbroekii,Macrogalidia musschenbroekii,5148.86,687.94,,,,,,,,6,1,2,,,22966.97
Rodentia,Muridae,Meriones,hurrianae,Meriones hurrianae,71.02,,29.19,4.1,,,19.85,4.1,46.58,,,,0.000103565,,898859.94
Rodentia,Muridae,Meriones,libycus,Meriones libycus,91.33,,25.43,4.54,,,30.18,5.24,92.8,,,,,,9242429.83
Rodentia,Cricetidae,Mesocricetus,auratus,Mesocricetus auratus,98.6,180.0,15.49,8.79,4.0,120.0,18.65,2.35,50.97,4,1,2,,,904866.93
Rodentia,Cricetidae,Mesocricetus,brandti,Mesocricetus brandti,198.0,,15.0,9.01,3.0,,20.0,,43.14,,,,,,916587.59
Rodentia,Cricetidae,Mesocricetus,newtoni,Mesocricetus newtoni,97.5,,,,,,,,,,,,,,104825.13
Rodentia,Echimyidae,Mesomys,hispidus,Mesomys hispidus,175.0,184.77,,0.97,,,,,,3,1,2,,,4398504.11
Rodentia,Echimyidae,Mesomys,leniceps,Mesomys leniceps,108.0,,,,,,,,,,1,,,,
Rodentia,Echimyidae,Mesomys,stimulax,Mesomys stimulax,108.0,,,,,,,,,,1,,,,775514.32
Chiroptera,Phyllostomidae,Mesophylla,macconnelli,Mesophylla macconnelli,6.86,,,0.99,,,,,,1,1,1,,,8790472.74
Cetacea,Ziphiidae,Mesoplodon,bidens,Mesoplodon bidens,3400000.0,5030.0,365.0,1.0,,,365.0,,,,1,,,,
Cetacea,Ziphiidae,Mesoplodon,bowdoini,Mesoplodon bowdoini,2599999.99,4260.39,,,,,,,,,1,,,,
Cetacea,Ziphiidae,Mesoplodon,carlhubbsi,Mesoplodon carlhubbsi,3400000.0,5396.8,365.0,0.97,,,,,,,1,,,,
Cetacea,Ziphiidae,Mesoplodon,densirostris,Mesoplodon densirostris,2299999.99,4589.82,,,,324.0,,,3788.23,,1,,,,
Cetacea,Ziphiidae,Mesoplodon,europaeus,Mesoplodon europaeus,5600000.02,6710.0,,,,,,,,,1,,,,
Cetacea,Ziphiidae,Mesoplodon,ginkgodens,Mesoplodon ginkgodens,1500000.0,4880.0,,,,,,,,,1,,,,
Cetacea,Ziphiidae,Mesoplodon,grayi,Mesoplodon grayi,2899999.98,,,,,,,,,2,1,3,,,
Cetacea,Ziphiidae,Mesoplodon,hectori,Mesoplodon hectori,1000000.0,,,,,,,,,,1,,,,
Chiroptera,Pteropodidae,Macroglossus,minimus,Macroglossus minimus,16.3,68.09,125.14,0.99,3.0,,65.0,3.81,,2,1,1,,,3030953.37
Chiroptera,Pteropodidae,Macroglossus,sobrinus,Macroglossus sobrinus,21.8,,,1.0,,,,,,1,1,1,,,1987018.44
Chiroptera,Phyllostomidae,Macrophyllum,macrophyllum,Macrophyllum macrophyllum,8.02,,,1.0,,,,,,1,1,3,,,13319743.35
Diprotodontia,Macropodidae,Macropus,agilis,Macropus agilis,11815.75,646.01,30.51,1.01,1.8,144.0,321.74,0.63,404.77,4,1,1,,17.71,1144361.05
Diprotodontia,Macropodidae,Macropus,antilopinus,Macropus antilopinus,27250.1,,34.0,1.0,,192.0,424.79,0.7,909.32,,1,,0.5,21.21,515289.06
Diprotodontia,Macropodidae,Macropus,bernardus,Macropus bernardus,17000.0,,,1.0,,,,,,,1,,,,36606.69
Diprotodontia,Macropodidae,Macropus,dorsalis,Macropus dorsalis,11249.96,,34.98,1.0,,180.0,,,476.2,,1,,0.71,110.0,657068.02
Diprotodontia,Macropodidae,Macropus,eugenii,Macropus eugenii,5278.48,,29.89,1.01,1.0,168.0,315.0,0.44,413.84,,1,,,73.86,94354.1
Diprotodontia,Macropodidae,Macropus,fuliginosus,Macropus fuliginosus,25564.7,,30.8,1.0,1.0,240.0,518.67,0.86,708.84,,1,,2.52,56.0,1782181.02
Diprotodontia,Macropodidae,Macropus,giganteus,Macropus giganteus,33409.89,876.16,36.56,1.0,1.0,288.0,510.82,0.84,704.86,2,1,1,0.41,41.95,2210263.58
Diprotodontia,Macropodidae,Macropus,greyi,Macropus greyi,10000.0,,,1.0,,,,,,,1,,,,
Diprotodontia,Macropodidae,Macropus,irma,Macropus irma,8000.0,,,1.0,,,,,,,1,,,26.7,142571.52
Diprotodontia,Macropodidae,Macropus,parma,Macropus parma,4156.62,,34.66,0.9,1.3,120.0,292.33,0.5,600.21,1,1,1,,,53268.32
Diprotodontia,Macropodidae,Macropus,parryi,Macropus parryi,12629.83,,37.14,1.0,,168.0,443.42,,763.62,1,1,1,,40.29,364427.09
Diprotodontia,Macropodidae,Macropus,robustus,Macropus robustus,25978.92,,34.59,1.0,,288.0,366.19,0.7,714.3,1,1,1,0.98,40.0,6741241.31
Diprotodontia,Macropodidae,Macropus,rufogriseus,Macropus rufogriseus,16850.0,,30.0,1.01,1.0,228.0,426.22,0.53,485.19,,1,,0.12,46.47,643869.03
Diprotodontia,Macropodidae,Macropus,rufus,Macropus rufus,38968.39,,33.99,1.0,,360.0,359.99,0.81,695.03,1,1,1,4.08,3.14,5285730.12
Macroscelidea,Macroscelididae,Macroscelides,proboscideus,Macroscelides proboscideus,38.64,112.96,58.49,1.93,,,4.99,,,6,2,2,0.7,,983287.39
Rodentia,Nesomyidae,Macrotarsomys,bastardi,Macrotarsomys bastardi,28.45,89.99,23.99,2.5,,,,,,5,2,2,,,94419.33
Rodentia,Nesomyidae,Macrotarsomys,ingens,Macrotarsomys ingens,54.99,120.0,,,,,,,,,3,,,,321.5
Peramelemorphia,Thylacomyidae,Macrotis,lagotis,Macrotis lagotis,1229.58,375.0,14.6,1.5,4.0,120.0,93.73,,177.68,7,2,2,,8.0,1334006.79
Peramelemorphia,Thylacomyidae,Macrotis,leucura,Macrotis leucura,364.17,,,2.0,,,,,,4,2,2,,,
Chiroptera,Phyllostomidae,Macrotus,californicus,Macrotus californicus,11.83,,250.29,1.0,,124.8,35.51,2.52,216.03,2,1,2,,,632245.58
Chiroptera,Phyllostomidae,Macrotus,waterhousii,Macrotus waterhousii,16.27,58.36,,0.98,,125.0,,0.59,,,1,,,,1814916.35
Rodentia,Muridae,Macruromys,major,Macruromys major,357.25,241.75,,,,,,,,2,1,1,,,107183.11
Artiodactyla,Bovidae,Madoqua,guentheri,Madoqua guentheri,4623.7,612.07,175.0,0.98,,168.0,74.25,684.0,138.6,6,1,1,0.03,14.01,1526489.41
Artiodactyla,Bovidae,Madoqua,kirkii,Madoqua kirkii,4833.4,654.27,171.49,0.98,,198.0,42.58,625.82,233.47,5,1,1,,19.0,1734714.03
Artiodactyla,Bovidae,Madoqua,piacentinii,Madoqua piacentinii,2500.0,,,1.0,,168.0,,,251.71,2,,1,,,30486.05
Artiodactyla,Bovidae,Madoqua,saltiana,Madoqua saltiana,3424.47,595.0,,1.0,,168.0,41.99,672.79,253.75,2,,1,,,1219720.78
Rodentia,Echimyidae,Makalata,didelphoides,Makalata didelphoides,398.66,,,1.0,,37.2,,,,,1,,,155.01,3346517.79
Rodentia,Echimyidae,Makalata,grandis,Makalata grandis,584.0,,,,,,,,,,1,,,,73011.97
Rodentia,Echimyidae,Makalata,macrura,Makalata macrura,439.0,,,,,,,,,,,,,,437079.58
Rodentia,Echimyidae,Makalata,obscura,Makalata obscura,108.0,,,,,,,,,,1,,,,
Rodentia,Echimyidae,Makalata,rhipidura,Makalata rhipidura,315.0,,,,,,,,,,,,,,26835.71
Rodentia,Muridae,Malacomys,edwardsi,Malacomys edwardsi,63.78,,,2.46,,,,,,,,,0.002848797,155.03,387957.64
Rodentia,Muridae,Malacomys,longipes,Malacomys longipes,95.64,,,2.91,,,,,,,1,,,,3123799.92
Rodentia,Nesomyidae,Malacothrix,typica,Malacothrix typica,17.02,,26.37,4.04,1.0,,31.81,1.19,65.61,3,,2,,,1821447.98
Rodentia,Muridae,Mallomys,aroaensis,Mallomys aroaensis,1663.99,405.75,,1.02,,,,,,1,3,1,,,110553.66
Rodentia,Muridae,Mallomys,gunung,Mallomys gunung,2041.47,442.03,,,,,,,,1,1,1,,,710.81
Rodentia,Muridae,Mallomys,istapantap,Mallomys istapantap,1990.43,416.9,,1.07,,,,,,2,3,1,,,20432.86
Rodentia,Muridae,Mallomys,rothschildi,Mallomys rothschildi,1157.5,380.85,,1.02,,,,,,1,2,1,,,141297.45
Rodentia,Muridae,Mammelomys,lanosus,Mammelomys lanosus,117.1,161.13,,2.68,,,20.0,,,3,,1,,,12239.07
Rodentia,Muridae,Mammelomys,rattoides,Mammelomys rattoides,209.49,204.42,,1.69,,,20.0,,185.61,3,2,1,,,90705.71
Primates,Cercopithecidae,Mandrillus,leucophaeus,Mandrillus leucophaeus,14253.3,700.0,179.22,1.01,0.5,400.8,486.66,718.15,1745.96,3,1,2,,,106294.34
Primates,Cercopithecidae,Mandrillus,sphinx,Mandrillus sphinx,16685.06,758.94,173.99,1.02,,555.96,348.01,612.89,2122.11,4,2,2,26.34,21.4,287896.72
Pholidota,Manidae,Manis,crassicaudata,Manis crassicaudata,8017.56,542.69,67.5,1.0,1.0,162.0,,311.12,755.15,1,3,3,,,2913173.88
Rodentia,Sciuridae,Marmota,vancouverensis,Marmota vancouverensis,5232.43,466.84,31.65,3.59,,,,,1241.53,4,2,1,,,6678.32
Carnivora,Mustelidae,Martes,americana,Martes americana,873.69,381.36,27.63,2.6,,228.0,45.73,31.3,456.25,1,1,3,3.66,0.67,7620172.14
Carnivora,Mustelidae,Martes,flavigula,Martes flavigula,2504.64,548.36,149.65,3.53,,168.0,89.49,57.5,1262.74,1,1,3,,,5260689.7
Carnivora,Mustelidae,Martes,foina,Martes foina,1675.0,458.63,29.86,3.78,,217.2,74.11,30.0,742.46,1,1,3,2.15,,7011029.37
Carnivora,Mustelidae,Martes,gwatkinsii,Martes gwatkinsii,2038.49,511.33,,,,,90.73,,,3,1,2,,,9366.98
Carnivora,Mustelidae,Martes,martes,Martes martes,1299.99,457.01,30.63,3.49,0.75,204.0,54.19,30.0,508.47,1,1,3,2.15,0.44,8361437.29
Carnivora,Mustelidae,Martes,melampus,Martes melampus,1000.0,440.51,,,,,,,,,1,,,,377250.77
Carnivora,Mustelidae,Martes,pennanti,Martes pennanti,3750.0,749.51,31.28,3.02,,121.76,76.76,28.97,413.84,1,1,3,14.89,0.17,3481123.82
Carnivora,Mustelidae,Martes,zibellina,Martes zibellina,1173.91,449.9,30.8,3.13,,180.0,52.23,31.22,479.51,6,1,2,12.71,0.07,6492749.47
Rodentia,Ctenodactylidae,Massoutiera,mzabi,Massoutiera mzabi,194.0,,55.72,2.04,,,,20.5,374.16,3,,1,,,1150302.75
Rodentia,Muridae,Mastacomys,fuscus,Mastacomys fuscus,125.72,166.26,35.46,1.41,,,43.54,7.25,,,,,0.000491678,,110002.92
Rodentia,Muridae,Mastomys,coucha,Mastomys coucha,53.81,,,7.96,,,,2.12,,,,,,,636382.99
Rodentia,Muridae,Mastomys,erythroleucus,Mastomys erythroleucus,64.07,,21.13,11.23,,,,,89.44,,,,,775.93,1680829.11
Rodentia,Muridae,Mastomys,natalensis,Mastomys natalensis,41.85,119.66,23.64,9.23,2.0,,20.0,1.98,60.09,2,,2,0.000918251,1305.24,1375775.65
Rodentia,Muridae,Mastomys,shortridgei,Mastomys shortridgei,46.5,,,,,,,,,,,,,,22875.26
Rodentia,Muridae,Maxomys,alticola,Maxomys alticola,158.96,167.5,,,,,,,,,,,,,632.78
Rodentia,Muridae,Maxomys,baeodon,Maxomys baeodon,158.96,167.5,,,,,,,,,,,,,71553.03
Rodentia,Muridae,Maxomys,bartelsii,Maxomys bartelsii,88.46,,,,,,,,,,,,,,15245.13
Rodentia,Muridae,Maxomys,inas,Maxomys inas,89.99,,,2.91,,,,,,,,,,,14105.16
Rodentia,Muridae,Maxomys,ochraceiventer,Maxomys ochraceiventer,158.96,167.5,,,,,,,,,,,,,31248.43
Rodentia,Muridae,Maxomys,panglima,Maxomys panglima,158.96,167.5,,,,,,,,,,,,,13227.89
Rodentia,Muridae,Maxomys,rajah,Maxomys rajah,150.0,167.5,,3.29,,,,,,,,,,,1321289.81
Rodentia,Muridae,Maxomys,surifer,Maxomys surifer,150.48,167.5,,3.54,,,,,,,,,,,2762328.02
Rodentia,Muridae,Maxomys,whiteheadi,Maxomys whiteheadi,54.33,167.5,,3.0,,,,,,,,,,44.28,1330551.32
Artiodactyla,Cervidae,Mazama,americana,Mazama americana,20546.86,,225.0,1.22,,165.6,,,,2,1,1,,9.3,12346897.93
Artiodactyla,Cervidae,Mazama,bricenii,Mazama bricenii,16499.85,,,,,,,,,,1,,,,83134.92
Artiodactyla,Cervidae,Mazama,chunyi,Mazama chunyi,16071.74,,243.33,1.5,,,,,,,1,,,,112162.09
Artiodactyla,Cervidae,Mazama,gouazoubira,Mazama gouazoubira,16633.17,918.25,219.86,1.0,,144.0,,834.46,719.06,2,1,1,,9.21,12556119.02
Artiodactyla,Cervidae,Mazama,nana,Mazama nana,16499.85,,,,,,,,,,1,,,,713883.95
Artiodactyla,Cervidae,Mazama,rufina,Mazama rufina,21099.25,,231.64,1.22,,,,,,,1,,,,14703.63
Rodentia,Nesomyidae,Megadendromus,nikolausi,Megadendromus nikolausi,52.0,,,,,,,,,,,,,,9995.32
Chiroptera,Megadermatidae,Megaderma,lyra,Megaderma lyra,39.27,73.99,152.08,1.0,1.0,168.0,44.58,10.22,620.76,2,1,3,,,6486789.9
Chiroptera,Megadermatidae,Megaderma,spasma,Megaderma spasma,24.71,,80.0,1.41,,,31.5,,,2,1,3,,,6183811.28
Rodentia,Cricetidae,Megadontomys,thomasi,Megadontomys thomasi,110.52,,,2.6,,,29.88,4.5,69.52,,,,,,17943.47
Chiroptera,Pteropodidae,Megaerops,ecaudatus,Megaerops ecaudatus,26.29,,,,,,,,,1,1,1,,,1398642.31
Carnivora,Mustelidae,Melogale,moschata,Melogale moschata,938.5,383.82,,2.0,,126.0,,,,6,1,2,,,1476533.73
Carnivora,Mustelidae,Melogale,personata,Melogale personata,1845.26,398.22,,2.5,,,,,,6,1,2,,,312496.33
Rodentia,Muridae,Melomys,bougainville,Melomys bougainville,85.99,146.44,,,,,,,,,,,,,12465.16
Rodentia,Muridae,Melomys,burtoni,Melomys burtoni,71.29,103.19,,2.5,,,,,,,,,,,433347.82
Rodentia,Muridae,Melomys,capensis,Melomys capensis,70.0,136.61,,,,,,,,,,,,,44665.92
Rodentia,Muridae,Melomys,cervinipes,Melomys cervinipes,71.2,133.66,35.83,2.2,1.3,,38.47,,149.23,,2,,,590.81,182871.4
Rodentia,Muridae,Melomys,leucogaster,Melomys leucogaster,104.17,153.32,,2.15,,,20.0,,,3,2,1,,,188251.48
Rodentia,Muridae,Melomys,matambuai,Melomys matambuai,144.99,,,,,,,,,,,,,,
Rodentia,Muridae,Melomys,obiensis,Melomys obiensis,71.0,136.94,,,,,,,,,,,,,2726.69
Rodentia,Muridae,Melomys,rubicola,Melomys rubicola,100.0,147.42,,,,,,,,,,,,,0.0001873513
Rodentia,Muridae,Melomys,rufescens,Melomys rufescens,60.1,136.94,,2.17,,,20.0,,,3,2,1,,,674650.74
Chiroptera,Pteropodidae,Melonycteris,melanops,Melonycteris melanops,47.59,94.13,,,2.0,,,,,1,1,1,,,45403.57
Chiroptera,Pteropodidae,Melonycteris,woodfordi,Melonycteris woodfordi,36.2,88.28,,0.98,,,,,,1,1,1,,,12286.51
Carnivora,Ursidae,Melursus,ursinus,Melursus ursinus,99999.99,1595.23,203.36,1.54,,480.0,194.67,,1262.74,6,1,2,7.69,0.13,417387.69
Carnivora,Mephitidae,Mephitis,macroura,Mephitis macroura,1097.76,307.05,58.2,4.68,,,,,,1,1,3,,,1791883.52
Carnivora,Mephitidae,Mephitis,mephitis,Mephitis mephitis,2399.99,399.55,63.29,5.7,2.0,155.0,55.15,33.19,355.18,6,1,2,2.32,8.15,12277338.73
Rodentia,Muridae,Meriones,crassus,Meriones crassus,69.94,150.0,23.5,4.21,2.0,67.2,30.24,3.34,68.97,4,2,1,,,10220122.8
Rodentia,Cricetidae,Microtus,mexicanus,Microtus mexicanus,34.88,111.23,,2.33,,,,,,,,,0.000876185,1483.67,606483.23
Rodentia,Cricetidae,Microtus,miurus,Microtus miurus,41.0,119.36,21.0,3.89,,,,2.78,,,,,0.000871042,,1425664.82
Rodentia,Cricetidae,Microtus,montanus,Microtus montanus,42.85,124.17,21.13,5.54,4.76,,15.0,3.89,24.91,,,,0.000118315,3160.0,1453963.15
Rodentia,Cricetidae,Microtus,montebelli,Microtus montebelli,29.49,,22.24,4.3,,,17.25,2.81,,,,,,,266801.29
Rodentia,Cricetidae,Microtus,multiplex,Microtus multiplex,23.16,,,3.0,,,,,,,,,,,
Rodentia,Cricetidae,Microtus,oaxacensis,Microtus oaxacensis,36.52,121.05,,1.2,,,,,,,,,,,1590.42
Rodentia,Cricetidae,Microtus,ochrogaster,Microtus ochrogaster,42.5,121.87,21.5,3.87,4.07,,21.0,2.94,36.19,4,2,2,0.000255014,8990.59,3234309.14
Rodentia,Cricetidae,Microtus,oeconomus,Microtus oeconomus,33.1,116.04,21.51,5.62,3.5,21.6,20.0,2.34,44.86,,,,0.001176411,3985.97,19309332.16
Rodentia,Cricetidae,Microtus,oregoni,Microtus oregoni,20.35,99.22,23.83,3.32,4.8,15.0,13.91,1.69,34.23,2,2,1,0.000533681,551.7,206882.62
Rodentia,Cricetidae,Microtus,pennsylvanicus,Microtus pennsylvanicus,42.53,117.93,21.24,5.16,2.7,11.0,12.92,2.4,31.74,5,,2,0.000277446,2537.98,11959647.25
Rodentia,Cricetidae,Microtus,pinetorum,Microtus pinetorum,25.95,99.05,23.99,2.47,2.5,33.6,20.08,2.42,74.82,5,2,1,0.001048491,1460.0,2752944.64
Rodentia,Cricetidae,Microtus,quasiater,Microtus quasiater,40.0,,,1.4,,,,,,,,,,,47131.29
Rodentia,Cricetidae,Microtus,richardsoni,Microtus richardsoni,85.5,154.66,22.29,5.93,2.0,18.0,,5.48,,2,2,1,0.000285368,620.0,860149.48
Rodentia,Cricetidae,Microtus,savii,Microtus savii,20.0,,,,,,,,,,,,,,
Rodentia,Cricetidae,Microtus,socialis,Microtus socialis,48.0,,19.5,5.51,5.0,,24.11,2.1,,,,,,,2182268.79
Rodentia,Cricetidae,Microtus,subterraneus,Microtus subterraneus,17.74,,21.0,2.46,5.5,,23.23,1.49,101.87,,,,,,3140750.54
Rodentia,Cricetidae,Microtus,townsendii,Microtus townsendii,52.02,138.02,23.2,5.06,,,15.44,,51.29,2,3,1,0.000576965,34348.94,214060.15
Rodentia,Cricetidae,Microtus,umbrosus,Microtus umbrosus,41.99,118.39,,,,,,,,,,,,,2683.32
Rodentia,Cricetidae,Microtus,xanthognathus,Microtus xanthognathus,92.65,156.36,,8.1,2.0,,30.41,3.49,,3,,1,0.001022511,1000.0,2255416.57
Rodentia,Muridae,Millardia,meltada,Millardia meltada,67.17,,20.0,5.72,6.89,,,,75.84,,,,0.000926123,,1468438.13
Chiroptera,Vespertilionidae,Mimetillus,moloneyi,Mimetillus moloneyi,8.89,,,0.98,,,,,,,1,,,,6842919.59
Chiroptera,Phyllostomidae,Mimon,bennettii,Mimon bennettii,12.9,,,,,,,,,2,2,2,,,2103098.89
Chiroptera,Phyllostomidae,Mimon,crenulatum,Mimon crenulatum,13.91,,,0.99,,,,,,2,1,2,,,10073417.99
Chiroptera,Vespertilionidae,Miniopterus,australis,Miniopterus australis,7.4,,132.74,0.99,1.0,,,,413.84,1,1,3,,,1516450.59
Chiroptera,Vespertilionidae,Miniopterus,fraterculus,Miniopterus fraterculus,7.38,,155.09,1.0,,,,,,,1,,,,1360062.01
Chiroptera,Vespertilionidae,Miniopterus,inflatus,Miniopterus inflatus,14.9,,91.24,0.99,,,,,742.46,1,1,3,,,2563885.05
Chiroptera,Vespertilionidae,Miniopterus,macrocneme,Miniopterus macrocneme,7.53,,,1.0,,,,,,,,,,,358072.3
Chiroptera,Vespertilionidae,Miniopterus,magnater,Miniopterus magnater,14.14,,,,,,,,,,1,,,,781666.55
Chiroptera,Vespertilionidae,Miniopterus,medius,Miniopterus medius,11.4,,,1.0,,,,,,,,,,,1208567.75
Chiroptera,Vespertilionidae,Miniopterus,natalensis,Miniopterus natalensis,10.43,,126.88,1.0,1.0,,58.59,3.0,,1,,3,,,
Chiroptera,Vespertilionidae,Miniopterus,pusillus,Miniopterus pusillus,8.95,,,,,,,,,,1,,,,147746.63
Chiroptera,Vespertilionidae,Miniopterus,schreibersii,Miniopterus schreibersii,11.46,,182.5,0.99,1.0,168.0,60.19,2.86,666.44,1,1,3,,,49430485.11
Chiroptera,Vespertilionidae,Miniopterus,tristis,Miniopterus tristis,15.17,,,,,,,,,,1,,,,632956.74
Artiodactyla,Cervidae,Muntiacus,feae,Muntiacus feae,21999.99,,195.57,1.22,,,,,,4,,2,,,14346.43
Artiodactyla,Cervidae,Muntiacus,gongshanensis,Muntiacus gongshanensis,18590.01,,,,,,,,,4,,2,,,170.54
Artiodactyla,Cervidae,Muntiacus,muntjak,Muntiacus muntjak,17611.59,994.99,210.0,1.0,,211.2,,1371.39,338.33,3,,1,,3.12,7321434.07
Artiodactyla,Cervidae,Muntiacus,reevesi,Muntiacus reevesi,13499.94,,214.24,0.98,,,,1050.0,295.12,2,,1,0.12,0.67,1767640.73
Artiodactyla,Cervidae,Muntiacus,rooseveltorum,Muntiacus rooseveltorum,10762.64,,212.49,1.0,,,,,,,,,,,7016.69
Artiodactyla,Cervidae,Muntiacus,vuquangensis,Muntiacus vuquangensis,36690.82,,,,,,,,,,,,,,55431.64
Dasyuromorphia,Dasyuridae,Murexechinus,melanurus,Murexechinus melanurus,38.02,108.11,,3.49,1.0,,,,374.16,1,1,3,,150.0,198231.1
Dasyuromorphia,Dasyuridae,Murexia,longicaudata,Murexia longicaudata,126.79,180.43,,,,,,,,1,2,3,,,155022.96
Rodentia,Cricetidae,Necromys,punctulatus,Necromys punctulatus,37.3,,,,,,,,,,,,,,
Rodentia,Cricetidae,Necromys,temchuki,Necromys temchuki,47.2,,,,,,,,,,,,,,108564.06
Rodentia,Cricetidae,Necromys,urichi,Necromys urichi,44.84,,,5.18,3.6,,,,84.23,4,1,2,,304.58,229420.4
Soricomorpha,Soricidae,Nectogale,elegans,Nectogale elegans,38.82,109.0,,,,,,,,2,3,3,,,509363.88
Rodentia,Cricetidae,Nectomys,rattus,Nectomys rattus,248.8,,,,,,,,,3,1,2,,,1283.17
Rodentia,Cricetidae,Nectomys,squamipes,Nectomys squamipes,184.98,182.42,,4.5,,,,,,7,2,2,0.00155313,212.58,
Rodentia,Muridae,Muriculus,imberbis,Muriculus imberbis,18.5,,,,,,,,,,,,,,106402.32
Chiroptera,Vespertilionidae,Murina,aenea,Murina aenea,7.5,,,,,,,,,,1,,,,74408.21
Chiroptera,Vespertilionidae,Murina,cyclotis,Murina cyclotis,9.35,,,1.98,,,,,,,1,,,,2366110.37
Chiroptera,Vespertilionidae,Murina,florium,Murina florium,4.41,,,,,,,,,,1,,,,216194.08
Chiroptera,Vespertilionidae,Murina,huttoni,Murina huttoni,7.56,,,,,,,,,,1,,,,2092289.14
Chiroptera,Vespertilionidae,Murina,leucogaster,Murina leucogaster,7.54,,,,,,,,,,1,,,,644305.67
Chiroptera,Vespertilionidae,Murina,suilla,Murina suilla,4.0,,,,,,,,,,1,,,,385996.37
Cetacea,Ziphiidae,Mesoplodon,layardii,Mesoplodon layardii,1500000.0,,,,,,,,,,1,,,,
Cetacea,Ziphiidae,Mesoplodon,mirus,Mesoplodon mirus,2099999.99,5179.99,,0.97,,,,,,,1,,,,
Cetacea,Ziphiidae,Mesoplodon,stejnegeri,Mesoplodon stejnegeri,4800000.02,6090.0,,,,,,,,,1,,,,
Didelphimorphia,Didelphidae,Metachirus,nudicaudatus,Metachirus nudicaudatus,363.77,260.69,,3.87,,48.0,,,,4,2,2,,25.59,8833791.02
Rodentia,Muridae,Micaelamys,granti,Micaelamys granti,40.0,,,,,,,,,,,,,,141399.15
Rodentia,Muridae,Micaelamys,namaquensis,Micaelamys namaquensis,57.1,,21.99,3.49,2.0,,27.5,2.5,,,,,,1378.9,3334236.98
Didelphimorphia,Didelphidae,Micoureus,alstoni,Micoureus alstoni,132.3,192.5,,,,,,,,,,,,,196544.91
Didelphimorphia,Didelphidae,Micoureus,constantiae,Micoureus constantiae,92.69,161.7,,8.0,,,,,,,1,,,,299842.88
Didelphimorphia,Didelphidae,Micoureus,demerarae,Micoureus demerarae,102.28,168.6,,6.29,,,,,323.13,1,2,3,,26.38,10966042.03
Didelphimorphia,Didelphidae,Micoureus,paraguayanus,Micoureus paraguayanus,112.43,168.6,,5.56,,,,,,1,2,3,,30.82,
Didelphimorphia,Didelphidae,Micoureus,regina,Micoureus regina,118.6,230.0,,,,,,,,,,,,,668331.62
Rodentia,Caviidae,Microcavia,australis,Microcavia australis,261.49,200.0,54.91,2.48,4.5,,20.86,30.39,89.57,5,3,1,0.002938105,2116.99,1516378.14
Rodentia,Caviidae,Microcavia,niata,Microcavia niata,254.67,,54.0,3.16,5.0,,20.88,,,2,,1,,,204842.27
Rodentia,Caviidae,Microcavia,shiptoni,Microcavia shiptoni,185.0,,54.0,3.16,5.0,,20.88,,,,,,,,35972.81
Primates,Cheirogaleidae,Microcebus,berthae,Microcebus berthae,33.45,,,,,,,,,,,,,,236.07
Primates,Cheirogaleidae,Microcebus,griseorufus,Microcebus griseorufus,70.24,,,,,,,,,,,,,,17072.63
Primates,Cheirogaleidae,Microcebus,murinus,Microcebus murinus,69.0,143.61,60.34,2.0,,186.0,40.45,4.78,355.53,5,1,2,0.01,461.0,122051.83
Primates,Cheirogaleidae,Microcebus,myoxinus,Microcebus myoxinus,31.23,141.42,59.99,2.0,,,,,,4,1,2,,,2721.78
Primates,Cheirogaleidae,Microcebus,ravelobensis,Microcebus ravelobensis,58.6,,,,,,,,,,,,,,1362.43
Primates,Cheirogaleidae,Microcebus,rufus,Microcebus rufus,48.39,143.61,59.99,2.52,,144.0,40.0,6.5,,5,1,2,0.01,167.8,105086.84
Primates,Cheirogaleidae,Microcebus,sambiranensis,Microcebus sambiranensis,49.06,,,,,,,,,,,,,,134.75
Primates,Cheirogaleidae,Microcebus,tavaratra,Microcebus tavaratra,68.01,,,,,,,,,,,,,,198.5
Rodentia,Heteromyidae,Microdipodops,megacephalus,Microdipodops megacephalus,12.3,72.99,,3.94,,65.0,,,,2,2,2,0.004385806,,226286.76
Rodentia,Heteromyidae,Microdipodops,pallidus,Microdipodops pallidus,13.36,75.0,,3.89,,,,1.0,,2,2,2,,,31277.67
Afrosoricida,Tenrecidae,Microgale,brevicaudata,Microgale brevicaudata,8.99,,,4.5,,,,,,1,2,3,,,137477.3
Afrosoricida,Tenrecidae,Microgale,cowani,Microgale cowani,12.27,59.99,,,,,,,,,1,,,,94309.7
Afrosoricida,Tenrecidae,Microgale,dobsoni,Microgale dobsoni,36.66,,61.64,2.66,,67.2,27.87,3.89,680.59,1,1,3,,,100500.66
Afrosoricida,Tenrecidae,Microgale,drouhardi,Microgale drouhardi,10.5,73.49,,,,,,,,,,,,,89926.07
Afrosoricida,Tenrecidae,Microgale,dryas,Microgale dryas,40.0,,,,,,,,,,,,,,87.5
Afrosoricida,Tenrecidae,Microgale,fotsifotsy,Microgale fotsifotsy,7.7,72.45,,,,,,,,,,,,,97995.01
Afrosoricida,Tenrecidae,Microgale,gracilis,Microgale gracilis,23.3,,,,,,,,,,1,,,,9350.81
Afrosoricida,Tenrecidae,Microgale,gymnorhyncha,Microgale gymnorhyncha,18.2,,,,,,,,,,,,,,79719.29
Afrosoricida,Tenrecidae,Microgale,longicaudata,Microgale longicaudata,8.08,,,,,,,,,1,2,3,,,78758.03
Afrosoricida,Tenrecidae,Microgale,monticola,Microgale monticola,13.9,,,,,,,,,,,,,,2571.38
Afrosoricida,Tenrecidae,Microgale,parvula,Microgale parvula,3.53,56.8,,,,,,,,,2,,,,109243.49
Afrosoricida,Tenrecidae,Microgale,principula,Microgale principula,10.2,,,,,,,,,,,,,,96125.86
Afrosoricida,Tenrecidae,Microgale,pusilla,Microgale pusilla,3.4,52.0,,,,,,,,,2,,,,61204.09
Afrosoricida,Tenrecidae,Microgale,soricoides,Microgale soricoides,18.7,,,,,,,,,,,,,,56884.74
Afrosoricida,Tenrecidae,Microgale,taiva,Microgale taiva,12.4,,,,,,,,,,,,,,14300.46
Afrosoricida,Tenrecidae,Microgale,talazaci,Microgale talazaci,43.07,150.0,60.74,2.23,,70.0,29.38,3.64,394.57,1,2,3,,,96252.65
Afrosoricida,Tenrecidae,Microgale,thomasi,Microgale thomasi,22.9,,,,,,,,,,1,,,,14411.05
Rodentia,Muridae,Microhydromys,richardsoni,Microhydromys richardsoni,10.25,81.57,,,,,,,,1,1,3,,,1886.09
Rodentia,Muridae,Micromys,minutus,Micromys minutus,6.99,59.0,21.0,4.92,2.5,60.0,15.0,0.77,37.37,,,,,,18108428.74
Chiroptera,Phyllostomidae,Micronycteris,hirsuta,Micronycteris hirsuta,12.89,,,0.99,,,,,,2,1,2,,,4915005.84
Chiroptera,Phyllostomidae,Micronycteris,megalotis,Micronycteris megalotis,6.4,,121.66,0.98,,,,,,2,1,2,,,11229124.06
Chiroptera,Phyllostomidae,Micronycteris,minuta,Micronycteris minuta,6.9,,,0.99,,,,1.8,,2,1,2,,,12260456.67
Chiroptera,Phyllostomidae,Micronycteris,schmidtorum,Micronycteris schmidtorum,7.73,,,,,,,,,2,1,2,,,6440621.09
Peramelemorphia,Peramelidae,Microperoryctes,longicauda,Microperoryctes longicauda,542.07,267.33,,1.03,,,,,,2,,2,,,211571.36
Peramelemorphia,Peramelidae,Microperoryctes,papuensis,Microperoryctes papuensis,158.0,192.94,,1.01,1.0,,,,,,2,,,,18150.86
Afrosoricida,Tenrecidae,Micropotamogale,lamottei,Micropotamogale lamottei,69.59,160.0,,3.86,,,,,,2,3,3,,,57563.41
Afrosoricida,Tenrecidae,Micropotamogale,ruwenzorii,Micropotamogale ruwenzorii,109.13,160.0,,1.86,,,,,,2,3,3,,,177049.48
Chiroptera,Pteropodidae,Micropteropus,pusillus,Micropteropus pusillus,25.38,76.38,161.77,0.99,2.0,,55.18,,202.08,1,1,1,,,7997702.34
Rodentia,Cricetidae,Microryzomys,altissimus,Microryzomys altissimus,13.49,,,,,,,,,,,,,,256430.24
Rodentia,Cricetidae,Microryzomys,minutus,Microryzomys minutus,13.49,,,,,,,,,,2,,,,640228.12
Rodentia,Sciuridae,Microsciurus,alfari,Microsciurus alfari,87.49,,,,,,,,,,2,,,,97137.79
Rodentia,Sciuridae,Microsciurus,flaviventer,Microsciurus flaviventer,92.0,,,,,,,,,1,1,3,,,1724978.55
Rodentia,Sciuridae,Microsciurus,mimulus,Microsciurus mimulus,120.0,,,,,,,,,1,2,3,,,121472.54
Rodentia,Sciuridae,Microsciurus,santanderensis,Microsciurus santanderensis,99.79,,,,,,,,,,,,,,12536.28
Rodentia,Cricetidae,Microtus,abbreviatus,Microtus abbreviatus,66.06,,21.27,3.0,,,14.88,3.37,,,,,,,327.94
Rodentia,Cricetidae,Microtus,agrestis,Microtus agrestis,35.87,,20.72,4.65,3.5,39.6,13.9,2.09,38.27,,,,0.000683908,1948.7,9734297.52
Rodentia,Cricetidae,Microtus,arvalis,Microtus arvalis,26.9,113.66,21.0,4.99,6.0,36.0,17.18,1.93,28.19,,,,0.000531047,17600.0,7769079.85
Rodentia,Cricetidae,Microtus,cabrerae,Microtus cabrerae,52.5,,,,,,,,,,,,,,139707.57
Rodentia,Cricetidae,Microtus,californicus,Microtus californicus,57.42,138.8,21.18,4.41,5.0,,17.36,3.28,23.81,,,,6.67285e-05,13127.21,307995.54
Rodentia,Cricetidae,Microtus,canicaudus,Microtus canicaudus,29.93,110.89,22.97,4.62,,,18.0,2.42,22.67,,2,,8.42627e-05,,8888.55
Rodentia,Cricetidae,Microtus,chrotorrhinus,Microtus chrotorrhinus,38.99,107.5,20.0,3.58,2.0,,,,,1,2,1,,,1383651.2
Chiroptera,Vespertilionidae,Myotis,rosseti,Myotis rosseti,3.29,,,,,,,,,,1,,,,132994.33
Chiroptera,Vespertilionidae,Myotis,ruber,Myotis ruber,4.99,,,,,,,,,,1,,,,1758280.25
Chiroptera,Vespertilionidae,Myotis,siligorensis,Myotis siligorensis,2.93,,,0.98,,,,,,,1,,,,1554491.46
Chiroptera,Vespertilionidae,Myotis,sodalis,Myotis sodalis,7.15,47.43,,0.99,1.0,240.0,46.07,4.53,356.56,1,1,3,,,1567441.07
Chiroptera,Vespertilionidae,Myotis,thysanodes,Myotis thysanodes,8.49,52.39,53.55,0.99,1.0,219.6,22.69,2.53,,,1,,,,3432647.4
Chiroptera,Vespertilionidae,Myotis,tricolor,Myotis tricolor,13.67,,77.43,0.99,1.0,,41.88,,157.84,,1,,,,2644196.27
Chiroptera,Vespertilionidae,Myotis,velifer,Myotis velifer,9.82,,63.77,0.99,1.0,135.96,43.0,3.09,420.91,1,1,3,,,1714121.75
Chiroptera,Vespertilionidae,Myotis,vivesi,Myotis vivesi,25.63,,,0.99,,120.0,,2.82,,1,1,3,,,36822.86
Chiroptera,Vespertilionidae,Myotis,volans,Myotis volans,8.71,,,0.99,1.0,51.0,,2.01,243.59,,1,,,,4717135.24
Chiroptera,Vespertilionidae,Myotis,welwitschii,Myotis welwitschii,15.88,,,,,,,,,,1,,,,4449620.33
Chiroptera,Vespertilionidae,Myotis,yumanensis,Myotis yumanensis,5.15,,,0.99,1.0,105.96,,0.79,,,1,,,,3753876.77
Rodentia,Muridae,Myotomys,sloggetti,Myotomys sloggetti,106.25,,38.0,1.44,4.0,,16.0,11.4,96.01,,,,,,261474.99
Rodentia,Muridae,Myotomys,unisulcatus,Myotomys unisulcatus,102.5,152.84,36.57,1.42,,,13.92,12.3,47.39,1,,1,,,356725.24
Dasyuromorphia,Myrmecobiidae,Myrmecobius,fasciatus,Myrmecobius fasciatus,511.44,230.0,14.0,3.68,,72.0,269.23,,,1,2,3,0.24,5.3,7560.06
Pilosa,Myrmecophagidae,Myrmecophaga,tridactyla,Myrmecophaga tridactyla,29531.83,1124.72,182.74,1.0,1.0,312.0,79.96,1500.0,1227.12,1,3,3,4.0,1.1,12447513.64
Chiroptera,Mystacinidae,Mystacina,robusta,Mystacina robusta,27.41,,,,2.0,,,,,4,1,2,,,
Chiroptera,Mystacinidae,Mystacina,tuberculata,Mystacina tuberculata,13.14,,,0.99,1.0,,,3.2,,4,2,2,,,47521.83
Rodentia,Nesomyidae,Mystromys,albicaudatus,Mystromys albicaudatus,86.85,,37.0,3.0,,72.0,32.0,6.5,124.72,,,,,,590636.36
Chiroptera,Myzopodidae,Myzopoda,aurita,Myzopoda aurita,9.1,58.0,,,,,,,,1,1,3,,,129074.18
Artiodactyla,Bovidae,Naemorhedus,baileyi,Naemorhedus baileyi,28863.45,1040.0,212.91,1.5,,219.0,,,,,,,,,105198.47
Artiodactyla,Bovidae,Naemorhedus,caudatus,Naemorhedus caudatus,26999.99,,,,,108.96,,,,,,,,,757390.24
Artiodactyla,Bovidae,Naemorhedus,goral,Naemorhedus goral,28796.51,1060.0,212.91,1.0,,211.2,59.27,2000.0,1016.66,2,1,1,,,353466.24
Carnivora,Nandiniidae,Nandinia,binotata,Nandinia binotata,2167.2,498.51,65.35,1.84,,222.0,63.81,56.0,1015.0,2,2,1,0.55,4.99,5977079.52
Rodentia,Cricetidae,Microtus,duodecimcostatus,Microtus duodecimcostatus,22.71,,,2.51,,,,2.18,,,,,,,226553.17
Rodentia,Cricetidae,Microtus,guatemalensis,Microtus guatemalensis,41.99,,,,,,,,,,,,,,36364.52
Rodentia,Cricetidae,Microtus,guentheri,Microtus guentheri,49.99,,21.0,6.14,6.5,46.8,18.49,3.0,73.21,,,,,,1533657.92
Rodentia,Cricetidae,Microtus,kikuchii,Microtus kikuchii,46.3,123.86,,1.97,,,,,,,,,,,19032.5
Rodentia,Cricetidae,Microtus,levis,Microtus levis,35.49,,,,,,,,,,,,,,2599257.88
Rodentia,Cricetidae,Microtus,longicaudus,Microtus longicaudus,44.8,119.41,,4.73,1.9,,,,,4,,1,,1200.0,4018517.85
Chiroptera,Vespertilionidae,Murina,tubinaris,Murina tubinaris,5.45,,,1.37,,,,,,,1,,,,1503060.7
Rodentia,Muridae,Mus,booduga,Mus booduga,13.78,,,5.96,,,,,,,,,0.000967874,,3533802.08
Rodentia,Muridae,Mus,bufo,Mus bufo,8.88,,,,,,,,,,,,,336.59,100286.32
Rodentia,Muridae,Mus,caroli,Mus caroli,14.26,,18.1,,,,,1.2,,,,,,,1344916.98
Rodentia,Muridae,Mus,indutus,Mus indutus,6.15,,,4.76,,,,,,,,,,,1530520.85
Rodentia,Muridae,Mus,mahomet,Mus mahomet,10.0,,,,,,,,,,,,,,849941.07
Rodentia,Muridae,Mus,minutoides,Mus minutoides,6.43,,20.71,4.18,4.0,37.2,20.19,1.01,57.35,3,1,2,,92.09,1646722.82
Rodentia,Muridae,Mus,musculoides,Mus musculoides,8.23,61.67,23.5,3.49,,,23.82,0.8,,,,,,619.15,15342834.36
Rodentia,Muridae,Mus,musculus,Mus musculus,19.3,,19.6,5.54,4.5,72.0,21.5,1.06,64.71,1,2,3,0.0005162,4981.53,
Rodentia,Muridae,Mus,platythrix,Mus platythrix,29.08,,,6.93,,,,,,,,,,,119949.61
Rodentia,Muridae,Mus,setulosus,Mus setulosus,11.18,,,3.92,,,,,,,1,,,,2493993.56
Rodentia,Muridae,Mus,setzeri,Mus setzeri,6.65,,,,,,,,,,,,,,311593.42
Rodentia,Muridae,Mus,spretus,Mus spretus,16.67,,,5.15,,,,,40.36,,,,0.000203629,,979425.1
Rodentia,Muridae,Mus,triton,Mus triton,12.62,,,4.4,3.0,,27.5,1.29,50.85,,,,,814.02,3202684.82
Rodentia,Gliridae,Muscardinus,avellanarius,Muscardinus avellanarius,29.19,76.37,24.97,4.3,1.5,72.0,37.61,0.8,346.11,8,1,2,0.003271485,,3331818.71
Carnivora,Mustelidae,Mustela,africana,Mustela africana,536.98,309.07,,,,,,,,,1,,,,4349020.29
Carnivora,Mustelidae,Mustela,altaica,Mustela altaica,180.24,243.52,40.0,5.44,,,56.0,,,1,1,3,,,7652386.33
Carnivora,Mustelidae,Mustela,erminea,Mustela erminea,284.5,215.65,66.35,6.74,,85.23,60.93,2.25,93.09,1,1,3,0.11,6.25,39718064.94
Carnivora,Mustelidae,Mustela,eversmanii,Mustela eversmanii,1684.21,432.95,40.14,7.82,1.0,,48.8,4.99,326.63,1,1,3,,,16554151.55
Carnivora,Mustelidae,Mustela,felipei,Mustela felipei,211.3,214.8,,,,,,,,,1,,,,2258.77
Carnivora,Mustelidae,Mustela,frenata,Mustela frenata,190.03,229.31,24.5,6.5,,85.23,34.23,3.09,200.69,1,2,3,0.21,0.76,12290918.8
Carnivora,Mustelidae,Mustela,kathiah,Mustela kathiah,263.74,259.13,,,,,,,,1,1,3,,,320536.51
Carnivora,Mustelidae,Mustela,lutreola,Mustela lutreola,566.44,360.77,43.74,4.5,,120.0,58.71,7.4,351.71,2,3,3,0.17,0.07,3568955.39
Carnivora,Mustelidae,Mustela,lutreolina,Mustela lutreolina,466.25,308.08,,,,,,,,1,1,3,,,52045.25
Carnivora,Mustelidae,Mustela,nigripes,Mustela nigripes,907.1,395.94,43.0,3.36,,144.0,59.66,7.39,371.23,1,1,3,0.83,2.0,
Carnivora,Mustelidae,Mustela,nivalis,Mustela nivalis,78.45,188.18,36.49,5.07,1.0,120.0,36.74,2.0,169.99,1,1,3,0.07,12.89,43656881.02
Carnivora,Mustelidae,Mustela,nudipes,Mustela nudipes,569.42,325.9,,4.0,,,,,,,1,,,,1430581.79
Carnivora,Mustelidae,Mustela,putorius,Mustela putorius,975.55,358.92,41.49,8.48,1.0,168.0,54.39,9.5,308.5,1,1,3,0.53,0.83,7565541.29
Carnivora,Mustelidae,Mustela,sibirica,Mustela sibirica,530.85,305.96,30.12,6.48,,106.0,58.2,,,1,1,3,3.41,,20179461.96
Carnivora,Mustelidae,Mustela,strigidorsa,Mustela strigidorsa,1500.0,286.46,,,,,,,,,1,,,,453670.13
Carnivora,Mephitidae,Mydaus,javanensis,Mydaus javanensis,2500.0,441.18,,,,,,,,6,1,2,,,764817.16
Carnivora,Mephitidae,Mydaus,marchei,Mydaus marchei,2500.0,389.59,,,,,,,,,1,,,,12526.74
Rodentia,Muridae,Mylomys,dybowskii,Mylomys dybowskii,110.96,,,4.04,,,,,,,,,,167.41,3973541.23
Rodentia,Myocastoridae,Myocastor,coypus,Myocastor coypus,6361.55,519.44,131.86,5.34,2.58,144.0,52.83,205.7,187.09,6,3,2,0.02,226.26,4147600.45
Rodentia,Cricetidae,Myodes,californicus,Myodes californicus,18.3,98.67,18.0,3.1,3.85,,,,,,,,0.001246353,434.02,200498.37
Rodentia,Cricetidae,Myodes,gapperi,Myodes gapperi,19.83,101.13,18.0,5.37,2.4,20.0,30.87,1.49,94.39,6,,2,0.000463061,1186.41,8361723.49
Rodentia,Cricetidae,Myodes,glareolus,Myodes glareolus,20.73,106.38,19.74,4.31,3.5,58.8,19.73,1.83,40.91,5,2,2,0.000951778,3704.05,8269299.06
Rodentia,Cricetidae,Myodes,rufocanus,Myodes rufocanus,36.43,,,5.01,3.0,,,2.25,,,,,,,14509589.28
Rodentia,Cricetidae,Myodes,rutilus,Myodes rutilus,19.94,109.07,23.98,5.6,4.2,,,1.8,,4,,2,,4074.55,20777286.86
Rodentia,Cricetidae,Myodes,smithii,Myodes smithii,34.94,,19.0,4.1,,42.0,27.34,2.13,,,,,,1426.09,283263.86
Dasyuromorphia,Dasyuridae,Myoictis,melas,Myoictis melas,221.77,190.92,,,,,,,,,1,,,,149974.11
Rodentia,Muridae,Myomyscus,verreauxii,Myomyscus verreauxii,41.0,,,,,,,,,,,,,4016.24,96936.75
Chiroptera,Pteropodidae,Myonycteris,relicta,Myonycteris relicta,53.32,,,,,,,,,,1,,,,104213.37
Chiroptera,Pteropodidae,Myonycteris,torquata,Myonycteris torquata,44.92,99.4,,1.0,2.0,,,11.0,,,1,,,,4944187.15
Rodentia,Dasyproctidae,Myoprocta,acouchy,Myoprocta acouchy,954.87,362.91,98.43,1.97,,120.0,26.19,75.23,218.76,2,1,1,0.008591924,7.61,1230426.69
Rodentia,Dasyproctidae,Myoprocta,pratti,Myoprocta pratti,966.73,,99.65,1.77,,,48.63,79.3,137.42,,,,,4.69,
Chiroptera,Molossidae,Myopterus,whitleyi,Myopterus whitleyi,11.55,,,,,,,,,,1,,,,1143474.09
Rodentia,Cricetidae,Myopus,schisticolor,Myopus schisticolor,29.99,,23.74,5.25,2.0,12.0,19.86,3.2,25.37,,,,0.000766498,,12452109.42
Rodentia,Sciuridae,Myosciurus,pumilio,Myosciurus pumilio,16.44,69.5,,1.97,,,,,,4,1,2,,,366327.03
Soricomorpha,Soricidae,Myosorex,cafer,Myosorex cafer,12.3,,,2.99,,,,,,4,1,2,,,225919.78
Soricomorpha,Soricidae,Myosorex,geata,Myosorex geata,9.34,,,4.0,,,,,,,,,,,2470.49
Soricomorpha,Soricidae,Myosorex,varius,Myosorex varius,11.68,,,2.9,2.0,12.0,21.0,1.0,,1,2,3,,1693.63,532836.77
Rodentia,Spalacidae,Myospalax,myospalax,Myospalax myospalax,225.0,,,4.5,1.0,,,,,,,,,,327057.07
Rodentia,Spalacidae,Myospalax,psilurus,Myospalax psilurus,259.21,,,3.11,,,,,,,,,,,1345129.75
Chiroptera,Vespertilionidae,Myotis,adversus,Myotis adversus,10.41,,,1.0,2.5,,56.28,,231.09,1,1,3,,,418891.81
Chiroptera,Vespertilionidae,Myotis,albescens,Myotis albescens,5.69,,93.18,0.98,2.5,,30.2,,152.76,,1,,,,14769379.45
Chiroptera,Vespertilionidae,Myotis,altarium,Myotis altarium,11.0,,,,,,,,,,1,,,,1128465.11
Chiroptera,Vespertilionidae,Myotis,annectans,Myotis annectans,9.75,,,,,,,,,,1,,,,559248.67
Chiroptera,Vespertilionidae,Myotis,auriculus,Myotis auriculus,38.04,,,1.0,,38.0,,,,1,1,3,,,619854.71
Chiroptera,Vespertilionidae,Myotis,austroriparius,Myotis austroriparius,7.35,,,1.88,1.0,72.0,46.8,1.12,188.68,,1,,,,873318.39
Chiroptera,Vespertilionidae,Myotis,bechsteinii,Myotis bechsteinii,9.47,,,1.0,1.0,252.0,,,,1,1,3,,,2326533.53
Chiroptera,Vespertilionidae,Myotis,blythii,Myotis blythii,23.82,,,0.98,,237.99,,,420.91,,1,,,,3247785.97
Chiroptera,Vespertilionidae,Myotis,bocagii,Myotis bocagii,7.93,,,0.99,,,,,,1,1,3,,,12300213.71
Chiroptera,Vespertilionidae,Myotis,brandtii,Myotis brandtii,5.3,,,,,,,,,,1,,,,10341787.32
Chiroptera,Vespertilionidae,Myotis,californicus,Myotis californicus,4.39,,,0.99,1.0,180.0,89.79,,,1,1,3,,,3994128.1
Chiroptera,Vespertilionidae,Myotis,capaccinii,Myotis capaccinii,8.15,,54.99,0.99,,,,,377.57,1,1,3,,,1758634.4
Chiroptera,Vespertilionidae,Myotis,chinensis,Myotis chinensis,41.99,,,,,,,,,,1,,,,1209407.95
Chiroptera,Vespertilionidae,Myotis,ciliolabrum,Myotis ciliolabrum,4.89,,,,,,,,,,,,,,
Chiroptera,Vespertilionidae,Myotis,dasycneme,Myotis dasycneme,15.16,,,1.0,,234.0,,,,1,1,3,,,6606862.4
Chiroptera,Vespertilionidae,Myotis,daubentonii,Myotis daubentonii,7.63,44.4,55.14,1.21,1.0,336.0,35.33,2.0,371.23,2,1,3,,,14824937.25
Chiroptera,Vespertilionidae,Myotis,elegans,Myotis elegans,4.21,,,0.98,,,,,,,1,,,,669104.48
Chiroptera,Vespertilionidae,Myotis,emarginatus,Myotis emarginatus,7.56,,,0.99,1.0,216.0,41.61,,413.84,,1,,,,3765086.81
Chiroptera,Vespertilionidae,Myotis,evotis,Myotis evotis,6.91,,,0.98,1.0,,,1.22,,,1,,,,3119769.09
Chiroptera,Vespertilionidae,Myotis,formosus,Myotis formosus,7.07,,,,,,,,,,1,,,,3602303.43
Chiroptera,Vespertilionidae,Myotis,fortidens,Myotis fortidens,4.37,,,0.98,,,,,,1,1,3,,,470951.95
Chiroptera,Vespertilionidae,Myotis,frater,Myotis frater,7.54,,,1.0,,,,,,,1,,,,
Chiroptera,Vespertilionidae,Myotis,goudoti,Myotis goudoti,5.56,95.0,,,,,,,,1,1,3,,,313769.92
Chiroptera,Vespertilionidae,Myotis,grisescens,Myotis grisescens,10.84,,,0.99,1.0,471.24,42.35,2.94,530.44,1,1,3,,,854748.87
Chiroptera,Vespertilionidae,Myotis,hasseltii,Myotis hasseltii,8.7,,,0.99,,,,,,,1,,,,2413306.66
Chiroptera,Vespertilionidae,Myotis,horsfieldii,Myotis horsfieldii,6.05,,,,,,,,,,1,,,,1457245.69
Chiroptera,Vespertilionidae,Myotis,keaysi,Myotis keaysi,5.45,,,0.98,,,,,,,1,,,,3235410.02
Chiroptera,Vespertilionidae,Myotis,keenii,Myotis keenii,6.51,,,0.99,1.0,222.0,38.93,,,,1,,,,398644.38
Chiroptera,Vespertilionidae,Myotis,leibii,Myotis leibii,5.22,,,0.99,1.0,,,,,,1,,,,1424872.3
Chiroptera,Vespertilionidae,Myotis,levis,Myotis levis,5.49,,,,,,,,,,1,,,,3055141.25
Chiroptera,Vespertilionidae,Myotis,lucifugus,Myotis lucifugus,7.8,52.7,59.79,1.0,1.0,408.0,26.0,2.18,280.6,1,1,3,,,
Chiroptera,Vespertilionidae,Myotis,macrodactylus,Myotis macrodactylus,7.48,,,1.0,,,,1.72,,,1,,,,517296.29
Chiroptera,Vespertilionidae,Myotis,macrotarsus,Myotis macrotarsus,12.64,,,,,,,,,,1,,,,237568.76
Chiroptera,Vespertilionidae,Myotis,montivagus,Myotis montivagus,8.3,,,,,,,,,,1,,,,946712.09
Chiroptera,Vespertilionidae,Myotis,muricola,Myotis muricola,4.8,,,1.0,,,,,,1,1,3,,,6272844.55
Chiroptera,Vespertilionidae,Myotis,myotis,Myotis myotis,25.59,72.0,73.0,1.5,1.0,264.0,41.99,6.0,399.6,1,1,3,,,3731149.73
Chiroptera,Vespertilionidae,Myotis,nattereri,Myotis nattereri,7.25,,,0.99,1.0,180.0,60.41,,,1,1,3,,,4811054.08
Chiroptera,Vespertilionidae,Myotis,nesopolus,Myotis nesopolus,3.56,,,,,,,,,,1,,,,53573.46
Chiroptera,Vespertilionidae,Myotis,occultus,Myotis occultus,8.79,,,,,,,,,,,,,,
Chiroptera,Vespertilionidae,Myotis,oxygnathus,Myotis oxygnathus,21.23,,,,,,,,,,,,,,2492979.74
Chiroptera,Vespertilionidae,Myotis,oxyotus,Myotis oxyotus,5.65,,,0.98,,,,,,,1,,,,2445705.56
Chiroptera,Vespertilionidae,Myotis,ridleyi,Myotis ridleyi,4.06,,,,,,,,,,1,,,,184038.87
Chiroptera,Vespertilionidae,Myotis,riparius,Myotis riparius,4.57,,,0.98,,,,,,1,1,3,,,14273179.55
Artiodactyla,Bovidae,Nanger,dama,Nanger dama,71424.81,1462.78,194.93,1.0,,207.96,,,109.36,1,1,1,,0.18,1593778.59
Artiodactyla,Bovidae,Nanger,granti,Nanger granti,55464.46,1529.99,191.21,1.0,,152.04,,5215.17,249.81,2,1,1,,3.92,963156.39
Artiodactyla,Bovidae,Nanger,soemmerringii,Nanger soemmerringii,41582.93,1360.0,192.53,1.0,,186.0,,,413.84,,1,,,5.47,1089492.28
Chiroptera,Pteropodidae,Nanonycteris,veldkampii,Nanonycteris veldkampii,21.89,,,0.98,,,,,,,1,,,,1388474.86
Rodentia,Dipodidae,Napaeozapus,insignis,Napaeozapus insignis,22.25,89.73,22.73,4.5,1.25,48.0,34.99,0.93,420.91,5,2,2,0.01,667.18,2009406.44
Primates,Cercopithecidae,Nasalis,larvatus,Nasalis larvatus,12265.65,647.49,165.04,1.02,,252.0,211.75,450.0,1894.11,4,2,1,1.4,8.99,574819.55
Carnivora,Procyonidae,Nasua,narica,Nasua narica,4578.43,549.58,76.82,4.0,,212.0,132.63,140.0,1009.04,6,1,2,0.78,6.07,2329129.95
Carnivora,Procyonidae,Nasua,nasua,Nasua nasua,3775.5,527.63,75.06,3.69,,212.4,113.15,144.91,841.82,6,2,2,0.79,15.42,10694990.22
Carnivora,Procyonidae,Nasuella,olivacea,Nasuella olivacea,1339.99,387.34,,,,,,,,6,1,2,,,111926.53
Chiroptera,Natalidae,Natalus,stramineus,Natalus stramineus,5.68,,244.85,0.99,1.0,57.96,50.53,1.83,,1,1,3,,,3998095.4
Chiroptera,Natalidae,Natalus,tumidirostris,Natalus tumidirostris,6.3,,,,,,,,,1,1,3,,,1541215.06
Rodentia,Cricetidae,Neacomys,guianae,Neacomys guianae,15.87,,,,,,,,,3,1,2,,27.45,490417.65
Rodentia,Cricetidae,Neacomys,spinosus,Neacomys spinosus,19.0,,,,,,,,,3,1,2,,,3572207.77
Rodentia,Cricetidae,Neacomys,tenuipes,Neacomys tenuipes,19.0,,,3.94,6.1,,,,31.19,4,1,2,,273.07,1180606.56
Afrosoricida,Chrysochloridae,Neamblysomus,julianae,Neamblysomus julianae,21.99,100.84,,0.96,,,,,,1,1,3,,,13822.31
Rodentia,Cricetidae,Necromys,amoenus,Necromys amoenus,27.09,,,,,,,,,,,,,1789.26,252648.91
Rodentia,Cricetidae,Necromys,lactens,Necromys lactens,32.9,,,,,,,,,,,,,,151012.56
Rodentia,Cricetidae,Necromys,lasiurus,Necromys lasiurus,39.93,144.99,21.97,4.5,,,,3.57,39.06,2,1,2,,,
Rodentia,Cricetidae,Necromys,obscurus,Necromys obscurus,40.69,,,4.86,,,,,,3,3,2,,,160780.62
Rodentia,Cricetidae,Nelsonia,neotomodon,Nelsonia neotomodon,80.0,,,,,,,,,,,,,,46169.86
Carnivora,Felidae,Neofelis,nebulosa,Neofelis nebulosa,14945.05,836.74,93.44,2.25,,204.0,111.67,166.49,753.48,1,2,3,,,2913590.85
Rodentia,Cricetidae,Neofiber,alleni,Neofiber alleni,265.38,199.49,28.26,2.33,4.5,,20.92,9.33,95.8,3,2,1,3.79558e-05,14515.71,100572.2
Erinaceomorpha,Erinaceidae,Neohylomys,hainanensis,Neohylomys hainanensis,52.21,134.99,,,,,,,,1,2,3,,,9825.71
Soricomorpha,Soricidae,Neomys,anomalus,Neomys anomalus,13.19,75.99,26.0,7.1,,24.0,27.84,0.58,106.45,,3,,,,2471912.98
Soricomorpha,Soricidae,Neomys,fodiens,Neomys fodiens,15.26,81.94,21.38,6.39,2.0,36.0,35.34,0.71,320.22,3,3,2,0.000156744,320.0,12748836.64
Dasyuromorphia,Dasyuridae,Neophascogale,lorentzi,Neophascogale lorentzi,212.0,195.77,,,,,,,,,2,,,,30928.61
Carnivora,Otariidae,Neophoca,cinerea,Neophoca cinerea,189274.99,1798.13,265.94,1.35,,192.0,542.19,7147.62,1587.55,6,2,2,,,
Cetacea,Phocoenidae,Neophocaena,phocaenoides,Neophocaena phocaenoides,32500.0,,319.01,0.97,,276.0,319.37,6657.53,,,,,,,
Chiroptera,Vespertilionidae,Neoromicia,capensis,Neoromicia capensis,5.96,,,1.96,,,,2.0,,1,1,3,,,15781762.19
Chiroptera,Vespertilionidae,Neoromicia,flavescens,Neoromicia flavescens,10.5,,,,,,,,,,1,,,,1481889.62
Chiroptera,Vespertilionidae,Neoromicia,helios,Neoromicia helios,3.56,,,,,,,,,,,,,,2275484.15
Chiroptera,Vespertilionidae,Neoromicia,nanus,Neoromicia nanus,3.88,,75.56,1.86,1.5,,,,,1,1,3,,,14429424.31
Chiroptera,Vespertilionidae,Neoromicia,rendalli,Neoromicia rendalli,6.42,,,,,,,,,,1,,,,8003793.87
Chiroptera,Vespertilionidae,Neoromicia,somalicus,Neoromicia somalicus,3.53,84.99,,2.0,,,,,,,1,,,,7186189.92
Chiroptera,Vespertilionidae,Neoromicia,tenuipinnis,Neoromicia tenuipinnis,5.35,37.0,,,,,,,,,1,,,,6710058.7
Chiroptera,Vespertilionidae,Neoromicia,zuluensis,Neoromicia zuluensis,4.14,,,,,,,,,1,,3,,,1155340.39
Rodentia,Cricetidae,Neotoma,albigula,Neotoma albigula,208.18,175.47,37.0,2.14,2.0,92.4,33.5,11.21,94.14,2,1,1,0.000197477,610.11,1897368.42
Rodentia,Cricetidae,Neotoma,angustapalata,Neotoma angustapalata,198.0,,,,,,,,,,,,,,9613.18
Rodentia,Cricetidae,Neotoma,anthonyi,Neotoma anthonyi,195.4,179.65,,,,,,,,,,,,,0.66
Rodentia,Cricetidae,Neotoma,bryanti,Neotoma bryanti,182.0,209.0,,,,,,,,,,,,230.92,369.55
Rodentia,Cricetidae,Neotoma,bunkeri,Neotoma bunkeri,375.0,,,,,,,,,,,,,,9.15
Rodentia,Cricetidae,Neotoma,cinerea,Neotoma cinerea,285.89,208.96,29.69,3.45,1.5,,26.35,14.4,525.0,3,,1,0.03,,3606599.01
Rodentia,Cricetidae,Neotoma,devia,Neotoma devia,200.0,,,,,,,,,,,,,,73864.9
Rodentia,Cricetidae,Neotoma,floridana,Neotoma floridana,249.16,212.67,34.84,3.11,2.5,36.0,37.31,14.04,175.38,3,,1,0.001763588,273.98,
Rodentia,Cricetidae,Neotoma,fuscipes,Neotoma fuscipes,213.26,207.38,33.21,2.79,1.75,,27.49,13.15,,,,,0.001759369,1700.0,
Rodentia,Cricetidae,Neotoma,goldmani,Neotoma goldmani,198.0,144.96,,1.29,,,,,,,,,,,171526.5
Rodentia,Cricetidae,Neotoma,lepida,Neotoma lepida,143.88,163.73,32.99,2.7,3.5,,33.24,9.36,94.59,1,2,1,0.001105651,674.58,984444.0
Rodentia,Cricetidae,Neotoma,macrotis,Neotoma macrotis,225.74,,,,,,,,,,,,,,
Rodentia,Cricetidae,Neotoma,magister,Neotoma magister,447.0,,33.43,2.0,,,25.8,15.0,,,,,,,
Rodentia,Cricetidae,Neotoma,martinensis,Neotoma martinensis,240.16,184.15,,,,,,,,,,,,,2.8
Rodentia,Cricetidae,Neotoma,mexicana,Neotoma mexicana,203.0,184.13,33.21,2.59,2.0,,,10.4,59.82,5,,1,,132.62,1791179.01
Chiroptera,Vespertilionidae,Nyctophilus,timoriensis,Nyctophilus timoriensis,11.02,,,2.0,,,,,,1,1,3,,,2083863.67
Chiroptera,Vespertilionidae,Nyctophilus,walkeri,Nyctophilus walkeri,4.44,,,,,,,,,,1,,,,376698.55
Lagomorpha,Ochotonidae,Ochotona,alpina,Ochotona alpina,150.0,175.0,28.98,3.07,2.0,36.0,21.0,8.19,377.57,,1,,,812.4,880723.78
Lagomorpha,Ochotonidae,Ochotona,cansus,Ochotona cansus,68.75,134.5,24.49,3.65,2.25,60.0,18.0,,413.84,1,2,1,0.000567109,,767181.2
Lagomorpha,Ochotonidae,Ochotona,collaris,Ochotona collaris,129.0,187.44,,3.35,2.0,72.0,,,374.39,2,1,1,0.001003006,733.17,1151823.27
Lagomorpha,Ochotonidae,Ochotona,curzoniae,Ochotona curzoniae,159.47,170.0,22.5,4.39,3.5,,,11.2,,1,2,1,0.001073894,19000.0,2326434.58
Lagomorpha,Ochotonidae,Ochotona,dauurica,Ochotona dauurica,131.01,180.0,30.0,5.91,2.25,,,,94.39,3,2,1,,5490.9,2972204.68
Lagomorpha,Ochotonidae,Ochotona,huangensis,Ochotona huangensis,105.33,156.39,,,,,,,,,,,,,166222.22
Lagomorpha,Ochotonidae,Ochotona,hyperborea,Ochotona hyperborea,120.0,160.0,28.0,3.02,,,,9.59,,,1,,0.002148301,3376.38,10228947.77
Lagomorpha,Ochotonidae,Ochotona,macrotis,Ochotona macrotis,204.75,178.5,,4.23,2.0,,,,371.23,,1,,,1200.0,2201966.15
Lagomorpha,Ochotonidae,Ochotona,princeps,Ochotona princeps,157.63,190.0,30.44,2.88,2.0,84.0,26.45,11.0,374.39,2,1,1,0.001114724,774.59,1346175.96
Lagomorpha,Ochotonidae,Ochotona,pusilla,Ochotona pusilla,142.5,157.0,21.99,8.59,3.5,48.0,21.0,6.74,31.87,1,2,1,,3279.99,1451427.17
Lagomorpha,Ochotonidae,Ochotona,roylei,Ochotona roylei,260.0,177.71,,3.0,1.5,,21.0,7.0,335.51,,1,,,1172.6,382682.29
Artiodactyla,Bovidae,Pelea,capreolus,Pelea capreolus,22731.33,,260.99,1.0,,147.96,,,,2,1,1,,18.71,866217.26
Rodentia,Muridae,Pelomys,fallax,Pelomys fallax,120.46,,,4.0,,,,,,,,,,983.2,5222579.33
Rodentia,Muridae,Pelomys,isseli,Pelomys isseli,59.99,,,,,,,,,,,,,,85.9
Rodentia,Muridae,Pelomys,minor,Pelomys minor,49.99,,,2.5,,,,,,,,,,,1043824.08
Rodentia,Cricetidae,Oecomys,concolor,Oecomys concolor,46.33,,,2.95,4.2,,,,92.8,,1,,,135.08,5462130.43
Rodentia,Cricetidae,Oecomys,flavicans,Oecomys flavicans,73.4,,,,,,,,,,,,,,40871.5
Rodentia,Cricetidae,Oecomys,mamorae,Oecomys mamorae,62.5,,,,,,,,,,,,,,939350.65
Rodentia,Cricetidae,Oecomys,paricola,Oecomys paricola,73.4,,,,,,,,,,,,,,
Rodentia,Cricetidae,Oecomys,phaeotis,Oecomys phaeotis,73.4,,,,,,,,,,,,,,102039.14
Rodentia,Cricetidae,Oecomys,rex,Oecomys rex,73.4,,,,,,,,,,,,,,518332.04
Rodentia,Cricetidae,Oecomys,roberti,Oecomys roberti,73.4,,,,,,,,,,,,,,2124839.5
Rodentia,Cricetidae,Oecomys,rutilus,Oecomys rutilus,73.4,,,,,,,,,,,,,,442179.94
Rodentia,Cricetidae,Oecomys,speciosus,Oecomys speciosus,73.4,,,,,,,,,,,,,,273664.21
Rodentia,Cricetidae,Oecomys,superans,Oecomys superans,73.4,,,,,,,,,,,,,,236984.26
Rodentia,Cricetidae,Oecomys,trinitatis,Oecomys trinitatis,73.4,,,,,,,,,,1,,,,
Rodentia,Muridae,Oenomys,hypoxanthus,Oenomys hypoxanthus,89.84,,,2.81,,,30.0,,116.96,,2,,,3737.96,4812175.91
Rodentia,Muridae,Oenomys,ornatus,Oenomys ornatus,85.5,,,,,,,,,,,,,,456581.35
Artiodactyla,Giraffidae,Okapia,johnstoni,Okapia johnstoni,230001.14,2000.0,442.99,0.98,1.0,396.0,181.46,18325.61,947.05,1,1,1,4.63,1.02,1105797.06
Rodentia,Echimyidae,Olallamys,albicauda,Olallamys albicauda,273.5,,,,,,,,,,,,,,45105.03
Rodentia,Echimyidae,Olallamys,edax,Olallamys edax,206.4,,,,,,,,,,1,,,,13734.28
Rodentia,Cricetidae,Oligoryzomys,andinus,Oligoryzomys andinus,25.2,,,,,,,,,,,,,,200929.57
Rodentia,Cricetidae,Oligoryzomys,arenalis,Oligoryzomys arenalis,25.2,,,,,,,,,,,,,,92796.32
Rodentia,Cricetidae,Oligoryzomys,chacoensis,Oligoryzomys chacoensis,23.0,,,,,,,,,3,1,2,,,827771.43
Rodentia,Cricetidae,Oligoryzomys,delticola,Oligoryzomys delticola,29.39,,,3.3,,,,,,2,1,2,,,372583.05
Rodentia,Cricetidae,Oligoryzomys,destructor,Oligoryzomys destructor,25.2,,,,,,,,,,,,,,668994.69
Rodentia,Cricetidae,Oligoryzomys,eliurus,Oligoryzomys eliurus,34.58,,,,,,,,,,,,,930.06,2271192.96
Rodentia,Cricetidae,Oligoryzomys,flavescens,Oligoryzomys flavescens,21.3,,,4.95,,,,,,2,1,2,,,1101364.27
Rodentia,Cricetidae,Oligoryzomys,fulvescens,Oligoryzomys fulvescens,25.0,,,3.64,,,,,,,1,,,,2286363.05
Rodentia,Cricetidae,Oligoryzomys,griseolus,Oligoryzomys griseolus,25.2,,,,,,,,,,,,,,5640.42
Rodentia,Cricetidae,Oligoryzomys,longicaudatus,Oligoryzomys longicaudatus,27.54,,,4.77,,,,,27.72,4,2,2,0.000641437,361.16,912835.74
Rodentia,Cricetidae,Oligoryzomys,magellanicus,Oligoryzomys magellanicus,25.2,,,,,,,,,,,,,,46140.03
Rodentia,Cricetidae,Oligoryzomys,microtis,Oligoryzomys microtis,22.5,,,,,,,,,3,1,2,,,3711072.03
Rodentia,Cricetidae,Oligoryzomys,nigripes,Oligoryzomys nigripes,20.33,61.7,,3.59,,,14.44,,47.39,4,1,2,,2174.57,1196492.37
Carnivora,Phocidae,Ommatophoca,rossii,Ommatophoca rossii,208252.12,2061.84,349.79,0.96,,252.0,27.84,17000.0,1489.84,1,2,3,,0.16,
Rodentia,Cricetidae,Ondatra,zibethicus,Ondatra zibethicus,991.31,276.67,27.86,6.55,2.43,120.0,27.84,21.99,198.11,5,3,2,0.003209364,,14671151.06
Diprotodontia,Macropodidae,Onychogalea,fraenata,Onychogalea fraenata,4952.05,525.0,23.0,1.0,,60.0,164.53,,209.75,1,1,1,0.33,20.0,14215.63
Diprotodontia,Macropodidae,Onychogalea,lunata,Onychogalea lunata,3499.99,,,1.0,,,,,,,1,,,,
Diprotodontia,Macropodidae,Onychogalea,unguifera,Onychogalea unguifera,6494.73,,,1.0,,,,,,,1,,,,1113729.55
Rodentia,Cricetidae,Onychomys,arenicola,Onychomys arenicola,30.0,,,,,,,,,,,,,,781840.35
Rodentia,Cricetidae,Oryzomys,galapagoensis,Oryzomys galapagoensis,63.51,112.71,,,,20.0,,,,,,,,2290.0,23.33
Rodentia,Cricetidae,Oryzomys,gorgasi,Oryzomys gorgasi,60.5,,,,,,,,,,,,,,3724.47
Rodentia,Cricetidae,Oryzomys,hammondi,Oryzomys hammondi,60.5,,,,,,,,,,,,,,25037.04
Rodentia,Cricetidae,Oryzomys,keaysi,Oryzomys keaysi,58.29,,,,,,,,,,,,,,103630.84
Rodentia,Cricetidae,Oryzomys,lamia,Oryzomys lamia,60.5,,,,,,,,,,,,,,6408.1
Rodentia,Cricetidae,Oryzomys,laticeps,Oryzomys laticeps,49.11,,,,,,,,,,,,,177.15,313335.16
Rodentia,Cricetidae,Oryzomys,legatus,Oryzomys legatus,61.5,,,,,,,,,,,,,,95064.98
Rodentia,Cricetidae,Oryzomys,levipes,Oryzomys levipes,60.5,,,,,,,,,,,,,,127740.8
Rodentia,Cricetidae,Oryzomys,macconnelli,Oryzomys macconnelli,66.49,,,,,,,,,3,1,2,,52.08,3728432.24
Rodentia,Cricetidae,Oryzomys,megacephalus,Oryzomys megacephalus,57.0,122.13,27.28,3.72,6.06,45.0,,3.84,53.85,4,1,2,0.006039781,320.0,
Rodentia,Cricetidae,Oryzomys,melanotis,Oryzomys melanotis,49.99,,,3.88,,,,,,,2,,,1023.95,139186.08
Rodentia,Cricetidae,Oryzomys,nitidus,Oryzomys nitidus,55.19,,,,,,,,,3,1,2,,,1399021.3
Rodentia,Cricetidae,Oryzomys,palustris,Oryzomys palustris,53.26,133.5,24.74,4.08,,28.5,11.44,3.49,49.92,5,2,2,0.002784913,534.88,1511258.59
Rodentia,Cricetidae,Oryzomys,polius,Oryzomys polius,60.5,,,,,,,,,,,,,,66779.09
Rodentia,Cricetidae,Oryzomys,russatus,Oryzomys russatus,60.5,,,,,,,,,3,1,2,,,327955.46
Rodentia,Cricetidae,Neotoma,micropus,Neotoma micropus,255.14,212.68,34.0,2.5,2.0,27.0,29.83,11.7,172.7,5,,1,0.000200287,2520.91,1066968.81
Rodentia,Cricetidae,Neotoma,nelsoni,Neotoma nelsoni,198.0,,,,,,,,,,,,,,401.2
Rodentia,Cricetidae,Neotoma,palatina,Neotoma palatina,198.0,,,,,,,,,,,,,,12276.38
Rodentia,Cricetidae,Neotoma,phenax,Neotoma phenax,227.49,196.0,,2.0,,,,,,2,,1,,,42812.73
Rodentia,Cricetidae,Neotoma,stephensi,Neotoma stephensi,149.22,161.0,31.65,1.06,1.9,,36.6,10.6,324.33,3,,2,,,227258.75
Rodentia,Cricetidae,Neotomodon,alstoni,Neotomodon alstoni,44.64,115.16,27.29,3.2,2.5,,,3.4,106.63,,2,,0.001524967,3379.42,47683.5
Rodentia,Cricetidae,Neotomys,ebriosus,Neotomys ebriosus,64.5,,,,,,,,,,,,,,859787.06
Artiodactyla,Bovidae,Neotragus,batesi,Neotragus batesi,2967.45,540.0,181.24,1.0,,168.0,,499.99,366.52,4,1,1,,,1089948.06
Artiodactyla,Bovidae,Neotragus,moschatus,Neotragus moschatus,5639.01,599.99,180.0,1.0,,168.0,,,197.64,5,1,1,,17.32,1612115.59
Artiodactyla,Bovidae,Neotragus,pygmaeus,Neotragus pygmaeus,3913.68,499.99,180.0,1.0,,168.0,,,,4,,1,,,426515.09
Rodentia,Muridae,Nesokia,indica,Nesokia indica,178.08,,17.0,4.18,,,,,,2,,1,,,3123147.51
Lagomorpha,Leporidae,Nesolagus,netscheri,Nesolagus netscheri,1511.67,377.73,,,,,,,,2,2,1,,,15903.21
Rodentia,Nesomyidae,Nesomys,audeberti,Nesomys audeberti,214.04,,,,,,,,,2,,1,0.007414147,,
Rodentia,Nesomyidae,Nesomys,lambertoni,Nesomys lambertoni,155.0,,,,,,,,,,,,,,
Rodentia,Nesomyidae,Nesomys,rufus,Nesomys rufus,163.96,208.0,,,,,,,,2,,1,0.003902215,,65566.48
Soricomorpha,Talpidae,Neurotrichus,gibbsii,Neurotrichus gibbsii,9.56,78.76,21.27,2.99,1.0,,,0.6,,4,2,2,0.002858953,1413.5,221424.03
Rodentia,Cricetidae,Neusticomys,monticolus,Neusticomys monticolus,39.5,,,1.94,,,,,,,1,,,,33242.18
Rodentia,Cricetidae,Neusticomys,mussoi,Neusticomys mussoi,40.0,,,,,,,,,,1,,,,4883.45
Rodentia,Cricetidae,Neusticomys,oyapocki,Neusticomys oyapocki,47.0,,,,,,,,,1,1,3,,,1365.89
Rodentia,Cricetidae,Neusticomys,peruviensis,Neusticomys peruviensis,40.0,,,,,,,,,1,1,3,,,3393.98
Rodentia,Cricetidae,Neusticomys,venezuelae,Neusticomys venezuelae,47.1,,,,,,,,,1,1,3,,,156124.94
Dasyuromorphia,Dasyuridae,Ningaui,ridei,Ningaui ridei,9.42,,13.49,5.99,2.0,24.0,90.74,0.004998342,328.8,,1,,,,2432521.15
Dasyuromorphia,Dasyuridae,Ningaui,timealeyi,Ningaui timealeyi,6.37,,,5.7,2.0,24.0,,,,,1,,,,169167.7
Dasyuromorphia,Dasyuridae,Ningaui,yvonnae,Ningaui yvonnae,9.3,,,7.0,2.0,,,,,,1,,,,180419.08
Rodentia,Muridae,Niviventer,coninga,Niviventer coninga,80.65,130.63,,2.37,,,,,,,,,,,36065.98
Rodentia,Muridae,Niviventer,cremoriventer,Niviventer cremoriventer,71.54,159.0,,3.7,,,,,,,,,,23.91,1232473.45
Rodentia,Muridae,Niviventer,culturatus,Niviventer culturatus,81.17,143.23,,,,,,,,,,,,,36065.98
Rodentia,Muridae,Niviventer,fulvescens,Niviventer fulvescens,81.79,,,4.41,,,,,,,,,,,3471658.3
Rodentia,Muridae,Niviventer,niviventer,Niviventer niviventer,100.0,,,,,,,3.75,,,,,,,285657.49
Rodentia,Muridae,Niviventer,rapit,Niviventer rapit,79.73,159.0,,,,,,,,,,,,,115873.29
Chiroptera,Noctilionidae,Noctilio,albiventris,Noctilio albiventris,31.46,66.5,,0.99,,,77.56,6.16,,3,1,2,,,13030875.29
Chiroptera,Noctilionidae,Noctilio,leporinus,Noctilio leporinus,29.93,,,,1.0,,,,,,,,,,14991800.72
Primates,Hylobatidae,Nomascus,concolor,Nomascus concolor,6410.47,545.0,205.81,1.01,,529.2,635.13,,2454.24,5,1,2,1.05,6.17,191956.23
Primates,Hylobatidae,Nomascus,leucogenys,Nomascus leucogenys,7320.0,545.0,,,,,,497.33,,,,,,,194572.77
Rodentia,Cricetidae,Notiomys,edwardsii,Notiomys edwardsii,21.3,,,,,,,,,1,2,3,,,73368.05
Soricomorpha,Soricidae,Notiosorex,crawfordi,Notiosorex crawfordi,4.79,61.36,,3.69,,15.0,39.7,0.82,,1,1,3,,2399.99,
Soricomorpha,Soricidae,Notiosorex,evotis,Notiosorex evotis,5.28,66.53,,,,,,,,,1,,,,
Rodentia,Muridae,Notomys,alexis,Notomys alexis,32.34,100.93,32.67,4.01,,62.4,30.0,2.29,76.7,,,,,,2996063.11
Rodentia,Muridae,Notomys,amplus,Notomys amplus,89.99,145.05,,,,,,,,,,,,,
Rodentia,Muridae,Notomys,aquilo,Notomys aquilo,38.99,103.19,,,,,,,,4,,2,,,55857.79
Rodentia,Muridae,Notomys,cervinus,Notomys cervinus,34.79,100.8,41.54,2.95,,,32.62,,183.07,,,,,,353845.53
Rodentia,Muridae,Notomys,fuscus,Notomys fuscus,39.28,120.81,34.99,3.07,,,30.0,,81.36,5,2,2,,,205961.5
Rodentia,Muridae,Notomys,longicaudatus,Notomys longicaudatus,100.0,138.19,,,,,,,,,,,,,
Rodentia,Muridae,Notomys,macrotis,Notomys macrotis,89.99,117.99,,,,,,,,,,,,,
Rodentia,Muridae,Notomys,mitchellii,Notomys mitchellii,42.8,113.31,35.97,3.28,,,30.2,,78.91,,,,,,613230.56
Rodentia,Muridae,Notomys,mordax,Notomys mordax,89.99,,,,,,,,,,,,,,
Chiroptera,Pteropodidae,Notopteris,macdonaldi,Notopteris macdonaldi,68.17,,,0.99,,,,,,,1,,,,19355.8
Notoryctemorphia,Notoryctidae,Notoryctes,typhlops,Notoryctes typhlops,55.0,134.59,,1.0,,18.0,,,,2,2,2,,,1779880.27
Chiroptera,Vespertilionidae,Nyctalus,lasiopterus,Nyctalus lasiopterus,45.98,,,1.82,,,59.44,5.6,,1,1,3,,,1629085.6
Chiroptera,Vespertilionidae,Nyctalus,leisleri,Nyctalus leisleri,12.47,,,1.73,1.0,,,,,,1,,,,3415842.22
Chiroptera,Vespertilionidae,Nyctalus,noctula,Nyctalus noctula,28.48,75.0,72.24,1.33,1.0,144.0,47.89,5.57,415.81,1,1,3,,,8204371.69
Carnivora,Canidae,Nyctereutes,procyonoides,Nyctereutes procyonoides,4214.99,447.38,61.84,6.36,,168.0,49.69,87.42,326.63,6,1,2,1.15,12.02,6704451.99
Chiroptera,Nycteridae,Nycteris,arge,Nycteris arge,10.79,,,0.98,,,58.26,4.0,,,1,,,,4579333.7
Chiroptera,Nycteridae,Nycteris,gambiensis,Nycteris gambiensis,7.13,,,,,,,,,,1,,,,558271.78
Chiroptera,Nycteridae,Nycteris,grandis,Nycteris grandis,29.8,75.99,,1.0,,,,,,2,1,3,,,6262590.0
Chiroptera,Nycteridae,Nycteris,hispida,Nycteris hispida,7.98,,91.24,0.99,1.0,,,,,,1,,,,14056670.99
Chiroptera,Nycteridae,Nycteris,javanica,Nycteris javanica,17.78,,,1.0,,,,,,2,1,3,,,132686.33
Chiroptera,Nycteridae,Nycteris,macrotis,Nycteris macrotis,14.49,,78.21,0.99,2.25,,60.41,,,1,1,3,,,9321164.08
Chiroptera,Nycteridae,Nycteris,madagascariensis,Nycteris madagascariensis,17.69,115.0,,,,,,,,1,,3,,,50763.9
Chiroptera,Nycteridae,Nycteris,nana,Nycteris nana,6.98,,107.97,1.0,1.0,,52.5,,,,1,,,,4237572.76
Chiroptera,Nycteridae,Nycteris,thebaica,Nycteris thebaica,9.2,52.65,114.95,1.0,1.5,,60.83,,,1,1,3,,,16847056.25
Chiroptera,Nycteridae,Nycteris,tragata,Nycteris tragata,14.4,,,,,,,,,2,1,3,,,874536.94
Chiroptera,Nycteridae,Nycteris,woodi,Nycteris woodi,7.6,,,,,,,,,,1,,,,665399.76
Primates,Lorisidae,Nycticebus,bengalensis,Nycticebus bengalensis,1137.36,,,,,,,,,,,,,,1941260.0
Primates,Lorisidae,Nycticebus,coucang,Nycticebus coucang,924.55,300.0,191.09,1.12,,318.0,181.21,50.47,660.82,6,1,2,,20.0,1504921.1
Primates,Lorisidae,Nycticebus,pygmaeus,Nycticebus pygmaeus,342.32,,185.42,1.75,,,,19.89,,,,,,,262116.82
Chiroptera,Vespertilionidae,Nycticeinops,schlieffeni,Nycticeinops schlieffeni,5.05,,78.63,2.54,1.0,,,,,1,1,3,,,13760621.45
Chiroptera,Vespertilionidae,Nycticeius,humeralis,Nycticeius humeralis,9.12,,,1.94,1.0,60.0,28.28,1.73,,,1,,,,2889477.8
Chiroptera,Pteropodidae,Nyctimene,aello,Nyctimene aello,85.26,121.55,,0.98,,,,,,,1,,,,390567.59
Chiroptera,Pteropodidae,Nyctimene,albiventer,Nyctimene albiventer,29.95,82.32,,0.98,2.0,,,,,1,1,1,,,527482.57
Chiroptera,Pteropodidae,Nyctimene,cephalotes,Nyctimene cephalotes,44.92,94.7,,0.98,,,,,,,1,,,,251382.79
Chiroptera,Pteropodidae,Nyctimene,certans,Nyctimene certans,43.24,86.36,,,,,,,,,1,,,,122392.34
Chiroptera,Pteropodidae,Nyctimene,cyclotis,Nyctimene cyclotis,48.83,,,,,,,,,,1,,,,259281.47
Chiroptera,Pteropodidae,Nyctimene,draconilla,Nyctimene draconilla,30.15,110.0,,,,,,,,3,1,2,,,78720.86
Chiroptera,Pteropodidae,Nyctimene,major,Nyctimene major,107.06,134.03,,,,,,,,,1,,,,36810.07
Chiroptera,Pteropodidae,Nyctimene,malaitensis,Nyctimene malaitensis,78.39,119.69,,,,,,,,,1,,,,3870.66
Chiroptera,Pteropodidae,Nyctimene,masalai,Nyctimene masalai,53.2,,,,,,,,,,1,,,,7066.71
Chiroptera,Pteropodidae,Nyctimene,rabori,Nyctimene rabori,68.25,,138.16,1.0,1.0,,105.0,,295.82,1,1,1,,30.0,17815.16
Chiroptera,Pteropodidae,Nyctimene,robinsoni,Nyctimene robinsoni,48.83,,,0.99,1.0,,,,,1,1,1,,,351920.41
Chiroptera,Pteropodidae,Nyctimene,vizcaccia,Nyctimene vizcaccia,41.96,93.93,,,,,,,,,1,,,,33659.02
Chiroptera,Molossidae,Nyctinomops,aurispinosus,Nyctinomops aurispinosus,18.43,,,1.0,,,,,,1,1,3,,,12349250.02
Chiroptera,Molossidae,Nyctinomops,femorosaccus,Nyctinomops femorosaccus,15.04,,,0.99,1.0,,,,,1,1,3,,,1257778.48
Chiroptera,Molossidae,Nyctinomops,laticaudatus,Nyctinomops laticaudatus,13.12,,,0.99,1.0,,,4.01,,,1,,,,13392624.04
Chiroptera,Molossidae,Nyctinomops,macrotis,Nyctinomops macrotis,16.38,,,0.99,1.0,,,4.94,,1,1,3,,,18149920.2
Rodentia,Cricetidae,Nyctomys,sumichrasti,Nyctomys sumichrasti,59.99,,33.98,2.0,8.57,62.4,24.85,4.33,,6,1,1,,,635794.61
Chiroptera,Vespertilionidae,Nyctophilus,arnhemensis,Nyctophilus arnhemensis,6.83,,,,,,,,,,1,,,,794833.68
Chiroptera,Vespertilionidae,Nyctophilus,bifax,Nyctophilus bifax,9.89,,,2.0,,,,,,,,,,,1481223.75
Chiroptera,Vespertilionidae,Nyctophilus,gouldi,Nyctophilus gouldi,11.32,,22.94,1.54,,,44.34,1.65,326.81,1,1,3,,,880409.98
Chiroptera,Vespertilionidae,Nyctophilus,microtis,Nyctophilus microtis,7.29,,,,,,,,,,1,,,,284169.97
Lagomorpha,Ochotonidae,Ochotona,rufescens,Ochotona rufescens,250.0,197.49,25.75,6.05,4.0,,19.09,11.4,61.02,,2,,,5999.99,1022901.97
Rodentia,Cricetidae,Ochrotomys,nuttalli,Ochrotomys nuttalli,22.81,92.18,29.1,2.62,,30.0,20.84,2.7,,3,2,2,0.003362546,302.33,1448050.54
Rodentia,Octodontidae,Octodon,bridgesi,Octodon bridgesi,162.25,159.62,,,,,,,,3,1,1,,,102723.41
Rodentia,Octodontidae,Octodon,degus,Octodon degus,203.27,280.0,90.59,5.31,2.0,85.2,31.12,14.19,187.19,7,3,2,,1166.23,64949.08
Rodentia,Octodontidae,Octodon,lunatus,Octodon lunatus,200.55,,,,,,,,,2,,1,,,32534.97
Rodentia,Octodontidae,Octodontomys,gliroides,Octodontomys gliroides,155.77,,104.5,2.04,,88.0,,20.0,,2,2,1,,,396551.36
Rodentia,Octodontidae,Octomys,mimax,Octomys mimax,124.43,,,,,,,,,2,2,1,,,54799.69
Carnivora,Odobenidae,Odobenus,rosmarus,Odobenus rosmarus,1042996.25,2870.18,357.39,1.22,,480.0,591.36,59090.9,2315.02,6,2,2,,1.27,
Artiodactyla,Cervidae,Odocoileus,hemionus,Odocoileus hemionus,84560.57,1516.5,203.49,1.61,,264.0,73.49,3007.49,527.12,2,1,1,2.01,16.0,6310738.18
Artiodactyla,Cervidae,Odocoileus,virginianus,Odocoileus virginianus,75901.25,1513.69,201.39,1.57,,276.0,79.92,2949.99,365.0,4,1,1,1.99,17.32,14446002.22
Rodentia,Cricetidae,Oecomys,bicolor,Oecomys bicolor,40.74,,,3.15,,,,,92.8,2,1,1,,44.46,7578892.12
Rodentia,Cricetidae,Oecomys,cleberi,Oecomys cleberi,73.4,,,,,,,,,,,,,,5781.47
Rodentia,Cricetidae,Onychomys,leucogaster,Onychomys leucogaster,27.92,103.46,31.63,3.84,3.8,60.0,22.82,2.3,107.71,4,2,2,0.02,,3797199.74
Rodentia,Cricetidae,Onychomys,torridus,Onychomys torridus,21.68,94.8,28.37,3.3,2.5,55.2,19.86,2.33,56.02,1,2,3,0.01,158.55,769659.21
Cetacea,Delphinidae,Orcaella,brevirostris,Orcaella brevirostris,189999.99,2500.0,425.83,1.0,,,,,,1,1,3,,37.36,
Cetacea,Delphinidae,Orcinus,orca,Orcinus orca,5628758.66,8652.64,456.25,1.0,,1200.0,415.76,158745.07,4989.76,2,1,3,79244.72,,
Artiodactyla,Bovidae,Oreamnos,americanus,Oreamnos americanus,72105.4,1297.33,181.24,1.4,,230.04,84.86,3080.81,964.59,2,1,1,18.17,,1137827.98
Primates,Atelidae,Oreonax,flavicauda,Oreonax flavicauda,8229.12,550.38,225.0,1.0,,,,,1683.65,4,2,1,,6.46,33168.59
Artiodactyla,Bovidae,Oreotragus,oreotragus,Oreotragus oreotragus,13486.55,824.99,214.0,0.98,,213.96,136.87,1130.0,371.23,4,1,1,,2.62,5375303.33
Monotremata,Ornithorhynchidae,Ornithorhynchus,anatinus,Ornithorhynchus anatinus,1484.25,419.18,12.48,2.0,,264.0,120.97,,742.46,1,3,3,0.07,,547828.42
Rodentia,Geomyidae,Orthogeomys,cavator,Orthogeomys cavator,650.0,,,,,,,,,3,2,1,,,767.26
Rodentia,Geomyidae,Orthogeomys,cuniculus,Orthogeomys cuniculus,499.99,,,,,,,,,3,2,1,,,609.71
Rodentia,Geomyidae,Orthogeomys,dariensis,Orthogeomys dariensis,437.99,,,,,,,,,3,2,1,,,30081.13
Rodentia,Geomyidae,Orthogeomys,grandis,Orthogeomys grandis,499.99,,,,,,,,,3,2,1,,,152714.59
Rodentia,Geomyidae,Orthogeomys,heterodus,Orthogeomys heterodus,615.0,,,,,,,,,3,2,1,,,1199.44
Rodentia,Geomyidae,Orthogeomys,hispidus,Orthogeomys hispidus,499.99,,,1.97,,,,,,3,2,1,,,399397.84
Rodentia,Geomyidae,Orthogeomys,lanius,Orthogeomys lanius,499.99,,,,,,,,,3,2,1,,,197.18
Rodentia,Geomyidae,Orthogeomys,underwoodi,Orthogeomys underwoodi,250.0,,,,,,,,,3,2,1,,,4894.08
Tubulidentata,Orycteropodidae,Orycteropus,afer,Orycteropus afer,56175.2,1254.43,222.05,1.1,1.0,288.0,40.92,1899.68,755.15,1,2,3,,,18035652.33
Lagomorpha,Leporidae,Oryctolagus,cuniculus,Oryctolagus cuniculus,1590.57,400.0,30.45,5.24,4.5,216.0,26.3,39.11,185.61,2,,1,0.04,357.9,2293893.27
Artiodactyla,Bovidae,Oryx,beisa,Oryx beisa,200576.52,,,,,240.0,,,,,,,,1.38,1255430.97
Artiodactyla,Bovidae,Oryx,dammah,Oryx dammah,199798.95,1910.0,248.0,1.0,,245.04,,9706.02,,5,1,1,,,214297.23
Artiodactyla,Bovidae,Oryx,gazella,Oryx gazella,188404.45,1615.0,273.75,1.0,,240.0,,12055.49,841.82,5,1,1,,9.88,4613581.92
Artiodactyla,Bovidae,Oryx,leucoryx,Oryx leucoryx,75788.24,,239.99,1.0,,240.0,58.46,,,5,1,1,,,
Rodentia,Cricetidae,Oryzomys,albigularis,Oryzomys albigularis,60.5,,,3.4,,,,,,,1,,,,307051.75
Rodentia,Cricetidae,Oryzomys,alfaroi,Oryzomys alfaroi,33.3,,,3.59,,,,,,,,,,,846631.39
Rodentia,Cricetidae,Oryzomys,angouya,Oryzomys angouya,120.17,,,,,,,,,,,,,,1166871.44
Rodentia,Cricetidae,Oryzomys,auriventer,Oryzomys auriventer,60.5,,,,,,,,,,,,,,11759.41
Rodentia,Cricetidae,Oryzomys,balneator,Oryzomys balneator,60.5,,,,,,,,,,,,,,48034.34
Rodentia,Cricetidae,Oryzomys,bolivaris,Oryzomys bolivaris,60.5,116.02,,3.23,,,,,,3,1,2,,,333553.36
Rodentia,Cricetidae,Oryzomys,chapmani,Oryzomys chapmani,49.99,,,,,,,,,,,,,,140377.69
Rodentia,Cricetidae,Oryzomys,couesi,Oryzomys couesi,69.29,,,3.63,,,,,,,,,,221.39,1396062.11
Rodentia,Cricetidae,Oryzomys,subflavus,Oryzomys subflavus,49.91,160.0,,4.37,,,28.0,5.89,,2,1,1,,88.57,2458840.81
Rodentia,Cricetidae,Oryzomys,talamancae,Oryzomys talamancae,54.99,,,,,,,,,3,1,2,,,380181.6
Rodentia,Cricetidae,Oryzomys,xanthaeolus,Oryzomys xanthaeolus,79.79,,,,,,,,,,,,,,317397.1
Rodentia,Cricetidae,Oryzomys,yunganus,Oryzomys yunganus,60.5,,,,,,,,,,,,,,5333191.6
Afrosoricida,Tenrecidae,Oryzorictes,hova,Oryzorictes hova,35.74,103.33,,,,,,,,,2,,,,48829.19
Afrosoricida,Tenrecidae,Oryzorictes,tetradactylus,Oryzorictes tetradactylus,35.99,107.5,,,,,,,,,,,,,13130.86
Rodentia,Cricetidae,Osgoodomys,banderanus,Osgoodomys banderanus,49.99,,,1.68,,,,,,,2,,,504.14,180754.44
Carnivora,Otariidae,Otaria,flavescens,Otaria flavescens,193670.53,2112.38,311.55,1.0,,297.6,363.96,12819.99,1860.83,6,2,2,,,
Carnivora,Canidae,Otocyon,megalotis,Otocyon megalotis,4098.12,537.63,67.54,4.0,2.0,165.6,42.46,120.7,420.91,1,1,3,1.13,1.18,5001822.67
Primates,Galagidae,Otolemur,crassicaudatus,Otolemur crassicaudatus,1206.61,307.0,131.04,1.14,,225.6,124.62,46.57,609.86,5,,2,0.06,87.99,4121059.44
Primates,Galagidae,Otolemur,garnettii,Otolemur garnettii,811.17,,132.24,1.02,,204.0,139.2,49.21,592.15,3,,2,0.12,38.0,781284.4
Primates,Galagidae,Otolemur,monteiri,Otolemur monteiri,1577.16,,,2.1,,,,,,,,,,,2353122.58
Chiroptera,Molossidae,Otomops,martiensseni,Otomops martiensseni,34.92,,92.54,0.99,1.0,,,7.99,371.23,2,1,2,,,6798311.47
Rodentia,Muridae,Otomys,angoniensis,Otomys angoniensis,100.64,150.24,,2.86,,,15.9,,59.86,2,1,1,,2630.74,2273967.96
Rodentia,Muridae,Otomys,denti,Otomys denti,120.0,,,1.59,,,,20.0,,,,,,,172854.74
Rodentia,Muridae,Otomys,irroratus,Otomys irroratus,114.45,163.48,40.52,1.65,3.75,,12.96,13.42,113.59,2,2,1,0.001303714,3004.04,788942.43
Rodentia,Muridae,Otomys,laminatus,Otomys laminatus,150.0,,,,,,,,,,,,,,128843.81
Rodentia,Muridae,Otomys,maximus,Otomys maximus,192.0,182.45,,3.7,,,,,,,,,,,525387.84
Chiroptera,Vespertilionidae,Otonycteris,hemprichii,Otonycteris hemprichii,21.98,64.6,,1.38,,,,,,2,1,3,,,2428735.89
Rodentia,Cricetidae,Otonyctomys,hatti,Otonyctomys hatti,36.2,,,,,,,,,,,,,,111895.25
Chiroptera,Pteropodidae,Otopteropus,cartilagonodus,Otopteropus cartilagonodus,16.92,,,0.99,1.5,,,,,,1,,,,36.68
Rodentia,Cricetidae,Ototylomys,phyllotis,Ototylomys phyllotis,86.94,152.54,52.74,2.2,,,67.72,10.19,28.18,3,3,1,,,502791.46
Artiodactyla,Bovidae,Ourebia,ourebi,Ourebia ourebi,17186.09,1160.0,210.5,0.98,,189.96,136.87,2196.14,372.09,3,1,1,,2.43,8258056.75
Artiodactyla,Bovidae,Ovibos,moschatus,Ovibos moschatus,312500.0,,256.26,1.01,,288.0,254.48,10444.11,1262.74,2,1,1,,0.31,1615605.88
Artiodactyla,Bovidae,Ovis,ammon,Ovis ammon,113998.72,1585.0,165.0,1.22,,180.96,76.61,3232.64,555.47,2,1,1,4.59,0.02,10939816.94
Artiodactyla,Bovidae,Ovis,aries,Ovis aries,39097.89,1297.23,152.54,1.19,,230.04,182.5,2376.24,831.62,2,,1,,,
Artiodactyla,Bovidae,Ovis,canadensis,Ovis canadensis,74644.87,1565.5,177.49,1.16,,288.0,130.8,4115.85,761.25,2,1,1,18.94,1.48,2457850.19
Artiodactyla,Bovidae,Ovis,dalli,Ovis dalli,70194.13,1415.02,172.49,1.22,,192.0,121.66,3499.99,748.37,2,1,1,10.15,,1014237.16
Artiodactyla,Bovidae,Ovis,nivicola,Ovis nivicola,90000.0,,,1.0,,,,,841.82,,,,,,1645753.65
Rodentia,Cricetidae,Oxymycterus,akodontius,Oxymycterus akodontius,67.99,,,,,,,,,,1,,,,32016.42
Rodentia,Cricetidae,Oxymycterus,angularis,Oxymycterus angularis,67.99,,,,,,,,,1,,3,,,459009.16
Rodentia,Cricetidae,Oxymycterus,delator,Oxymycterus delator,81.49,,,,,,,,,,,,,,37329.03
Rodentia,Cricetidae,Oxymycterus,hiska,Oxymycterus hiska,67.99,,,,,,,,,1,,3,,,8134.63
Rodentia,Cricetidae,Oxymycterus,hispidus,Oxymycterus hispidus,36.75,,,,,,,,,1,,3,,,890655.72
Rodentia,Cricetidae,Oxymycterus,hucucha,Oxymycterus hucucha,67.99,,,,,,,,,1,,3,,,7184.44
Rodentia,Cricetidae,Oxymycterus,inca,Oxymycterus inca,34.99,,,,,,,,,1,,3,,,463452.89
Rodentia,Cricetidae,Oxymycterus,nasutus,Oxymycterus nasutus,67.99,,,,,,,,,1,,3,,,620356.18
Rodentia,Cricetidae,Oxymycterus,paramensis,Oxymycterus paramensis,41.99,,,,,,,,,1,2,3,,,250661.84
Rodentia,Cricetidae,Oxymycterus,roberti,Oxymycterus roberti,83.71,100.0,,,,,,,,1,,3,,266.61,993777.99
Rodentia,Cricetidae,Oxymycterus,rufus,Oxymycterus rufus,82.01,,,2.51,2.6,31.2,13.94,,90.76,2,2,2,,549.17,
Artiodactyla,Cervidae,Ozotoceros,bezoarticus,Ozotoceros bezoarticus,34620.4,1224.74,220.38,1.0,,,362.93,2100.0,350.76,3,1,1,6.16,,3649669.28
Rodentia,Muridae,Pachyuromys,duprasi,Pachyuromys duprasi,47.5,,20.4,3.49,,52.8,33.62,,55.44,,,,,,1991861.84
Carnivora,Phocidae,Pagophilus,groenlandicus,Pagophilus groenlandicus,132250.0,1721.36,242.9,1.0,,504.0,11.45,10048.2,1862.3,6,2,2,,0.09,
Carnivora,Viverridae,Paguma,larvata,Paguma larvata,4300.0,633.11,,2.16,,216.0,109.13,,,6,1,2,2.88,,5422715.54
Primates,Hominidae,Pan,paniscus,Pan paniscus,35119.95,753.43,235.24,1.01,,576.0,1081.31,1399.53,5465.72,6,2,2,27.93,2.0,412936.11
Primates,Hominidae,Pan,troglodytes,Pan troglodytes,45000.0,796.09,231.49,1.05,,720.0,1260.81,1745.02,3897.96,6,2,2,10.85,1.63,1898947.6
Carnivora,Felidae,Panthera,leo,Panthera leo,158623.93,1835.16,108.74,2.75,2.0,360.0,197.86,1291.71,987.77,1,1,3,55.19,0.11,11237685.34
Carnivora,Felidae,Panthera,onca,Panthera onca,83943.09,1331.62,102.49,1.96,,276.0,156.6,817.3,1184.16,1,1,3,52.55,0.05,10500825.25
Carnivora,Felidae,Panthera,pardus,Panthera pardus,52399.99,1377.71,96.74,2.14,1.0,276.0,123.54,553.39,810.68,1,1,3,18.78,0.07,29348601.36
Carnivora,Felidae,Panthera,tigris,Panthera tigris,161914.66,1824.79,105.19,2.6,1.0,315.6,118.55,1313.5,1522.5,1,1,3,64.89,0.03,2494993.45
Cetacea,Phocoenidae,Phocoena,dioptrica,Phocoena dioptrica,65000.0,,,0.97,,,,,,,,,,,
Cetacea,Phocoenidae,Phocoena,phocoena,Phocoena phocoena,52730.93,1530.07,333.28,0.98,0.87,180.0,258.09,8892.16,1353.82,2,1,3,,0.03,
Cetacea,Phocoenidae,Phocoena,sinus,Phocoena sinus,43121.43,1520.0,,0.97,,,,,,2,1,3,,,
Cetacea,Phocoenidae,Phocoena,spinipinnis,Phocoena spinipinnis,59999.99,,,0.97,,,,,,2,1,3,,,
Cetacea,Phocoenidae,Phocoenoides,dalli,Phocoenoides dalli,106042.53,1966.64,346.74,0.98,0.33,264.0,91.24,,2672.83,2,1,3,,,
Rodentia,Cricetidae,Phodopus,campbelli,Phodopus campbelli,27.06,91.22,20.59,8.47,3.5,21.5,,1.49,46.47,,2,,,20.0,2048011.87
Rodentia,Cricetidae,Phodopus,sungorus,Phodopus sungorus,30.43,79.76,21.0,5.48,3.0,38.4,20.0,2.04,,3,2,2,,59.99,647778.72
Chiroptera,Vespertilionidae,Phoniscus,atrox,Phoniscus atrox,4.81,,,,,,,,,,1,,,,118977.9
Chiroptera,Vespertilionidae,Phoniscus,jagorii,Phoniscus jagorii,4.7,,125.14,1.0,,,83.7,,,,1,,,,134207.3
Chiroptera,Vespertilionidae,Phoniscus,papuensis,Phoniscus papuensis,6.32,,,,,,,,,,1,,,,379532.97
Chiroptera,Phyllostomidae,Phylloderma,stenops,Phylloderma stenops,55.82,,,0.98,,,,,,2,1,2,,,10120814.01
Rodentia,Echimyidae,Phyllomys,blainvillii,Phyllomys blainvillii,243.3,,,,,,,,,,1,,,,167672.41
Rodentia,Echimyidae,Phyllomys,brasiliensis,Phyllomys brasiliensis,312.49,,,,,,,,,,1,,,,148527.87
Rodentia,Echimyidae,Phyllomys,dasythrix,Phyllomys dasythrix,260.0,,,,,,,,,,1,,,,276503.46
Artiodactyla,Bovidae,Pantholops,hodgsonii,Pantholops hodgsonii,32733.12,,212.91,1.0,,,,,,,,,,,1113531.45
Primates,Cercopithecidae,Papio,anubis,Papio anubis,17728.56,,178.96,1.01,,302.4,596.6,947.31,,,,,4.83,10.8,5597000.95
Primates,Cercopithecidae,Papio,cynocephalus,Papio cynocephalus,15822.15,,172.99,1.01,,540.0,450.42,709.88,2560.56,2,,1,14.95,5.86,3953480.36
Primates,Cercopithecidae,Papio,hamadryas,Papio hamadryas,14007.08,675.0,180.0,1.01,,450.0,363.96,890.0,1652.37,2,,1,17.37,2.1,639689.34
Primates,Cercopithecidae,Papio,papio,Papio papio,18026.05,,184.42,1.01,,480.0,,600.38,,,,,,11.07,205349.12
Primates,Cercopithecidae,Papio,ursinus,Papio ursinus,17729.44,,185.92,1.01,,540.0,877.09,599.99,1543.35,2,,1,9.12,2.77,2566298.35
Rodentia,Geomyidae,Pappogeomys,alcorni,Pappogeomys alcorni,150.0,,,,,,,,,3,2,1,,,1519.92
Rodentia,Geomyidae,Pappogeomys,bulleri,Pappogeomys bulleri,150.0,,,0.97,,,,,,3,2,1,,,35746.47
Soricomorpha,Soricidae,Paracrocidura,schoutedeni,Paracrocidura schoutedeni,12.18,75.03,,,,,,,,,,,,,458097.1
Carnivora,Herpestidae,Paracynictis,selousi,Paracynictis selousi,1669.72,427.91,,2.0,,,,,,1,1,3,,,2095494.67
Carnivora,Viverridae,Paradoxurus,hermaphroditus,Paradoxurus hermaphroditus,3200.0,532.26,61.27,3.29,,269.0,,92.07,397.85,6,1,2,4.15,,7074837.93
Carnivora,Viverridae,Paradoxurus,jerdoni,Paradoxurus jerdoni,3530.33,589.08,,3.0,,144.0,,,,6,1,2,,,14283.81
Carnivora,Viverridae,Paradoxurus,zeylonensis,Paradoxurus zeylonensis,2821.3,487.39,,2.5,,,,,,6,1,2,,,5405.27
Erinaceomorpha,Erinaceidae,Paraechinus,aethiopicus,Paraechinus aethiopicus,352.4,181.87,36.7,3.49,1.0,54.0,67.27,8.49,,2,2,3,,,13229917.82
Erinaceomorpha,Erinaceidae,Paraechinus,hypomelas,Paraechinus hypomelas,213.0,207.62,,3.74,1.0,,,,,3,,2,,,2411438.0
Erinaceomorpha,Erinaceidae,Paraechinus,micropus,Paraechinus micropus,171.0,180.0,37.0,4.0,1.0,,45.05,8.49,,2,,3,,,344515.33
Rodentia,Muridae,Parahydromys,asper,Parahydromys asper,526.66,213.59,,,,,,,,2,2,2,,,153393.15
Rodentia,Muridae,Paraleptomys,rufilatus,Paraleptomys rufilatus,54.99,126.78,,,,,,,,,1,,,,700.58
Rodentia,Muridae,Paraleptomys,wilhelmina,Paraleptomys wilhelmina,33.68,118.87,,,,,,,,,1,,,,4717.36
Rodentia,Cricetidae,Paralomys,gerbillus,Paralomys gerbillus,17.4,,,,,,,,,,,,,,13008.5
Rodentia,Muridae,Paramelomys,levipes,Paramelomys levipes,82.81,151.0,,1.52,,,20.0,,,3,,1,,,817.79
Rodentia,Muridae,Paramelomys,lorentzii,Paramelomys lorentzii,150.0,175.0,,1.07,,,20.0,,,3,3,1,,,
Rodentia,Muridae,Paramelomys,mollis,Paramelomys mollis,90.05,145.69,,1.69,,,20.0,,,3,2,1,,,231082.75
Rodentia,Muridae,Paramelomys,moncktoni,Paramelomys moncktoni,80.56,147.48,,2.15,,,20.0,,166.32,3,,1,,,160894.52
Rodentia,Muridae,Paramelomys,platyops,Paramelomys platyops,85.6,128.75,,1.94,,,20.0,,,3,1,1,,,305085.05
Rodentia,Muridae,Paramelomys,rubex,Paramelomys rubex,47.16,115.97,,2.0,,,20.0,,,3,3,1,0.007363214,,182359.8
Dasyuromorphia,Dasyuridae,Paramurexia,rothschildi,Paramurexia rothschildi,53.77,129.55,,3.39,,,,,,1,3,3,,,32993.43
Dasyuromorphia,Dasyuridae,Parantechinus,apicalis,Parantechinus apicalis,71.31,142.5,48.5,7.5,1.0,36.0,112.7,,340.6,2,1,2,,599.99,31495.39
Chiroptera,Pteropodidae,Paranyctimene,raptor,Paranyctimene raptor,24.94,77.67,,0.98,2.0,,,,,1,1,1,,,361367.13
Soricomorpha,Talpidae,Parascalops,breweri,Parascalops breweri,51.11,127.05,35.46,4.49,1.0,60.0,30.24,6.69,314.64,3,2,2,4.15528e-05,900.0,832754.59
Rodentia,Sciuridae,Paraxerus,alexandri,Paraxerus alexandri,50.73,115.65,,0.97,,,,,,,,,,,290513.82
Rodentia,Sciuridae,Paraxerus,boehmi,Paraxerus boehmi,70.24,125.62,,1.06,,,,,,,,,,,1218355.82
Rodentia,Sciuridae,Paraxerus,cepapi,Paraxerus cepapi,222.85,172.74,56.87,2.02,3.0,,38.39,12.75,239.99,5,2,2,0.004512132,353.0,3172101.99
Rodentia,Sciuridae,Paraxerus,cooperi,Paraxerus cooperi,250.0,,,,,,,,,,,,,,101663.98
Rodentia,Sciuridae,Paraxerus,flavovittis,Paraxerus flavovittis,160.0,178.46,,1.22,,,,,,,,,,,780136.46
Rodentia,Sciuridae,Paraxerus,lucifer,Paraxerus lucifer,692.45,243.07,,,,,,,,,,,,,76574.94
Rodentia,Sciuridae,Paraxerus,ochraceus,Paraxerus ochraceus,104.3,160.02,,2.2,,,24.36,,,,1,,,,941616.18
Rodentia,Sciuridae,Paraxerus,palliatus,Paraxerus palliatus,365.37,209.57,62.01,1.6,1.0,,52.5,15.0,,5,2,2,0.02,389.55,1286891.41
Rodentia,Sciuridae,Paraxerus,poensis,Paraxerus poensis,100.0,191.78,55.13,1.5,,,,9.9,105.22,1,1,1,,,1525723.44
Rodentia,Sciuridae,Paraxerus,vexillarius,Paraxerus vexillarius,675.0,,,,,,,,,,,,,,8466.8
Carnivora,Felidae,Pardofelis,marmorata,Pardofelis marmorata,2826.68,516.47,,2.0,,,,84.99,,1,1,3,,,2298300.89
Rodentia,Muridae,Parotomys,brantsii,Parotomys brantsii,129.5,,37.56,2.04,3.0,,,,39.68,,,,,,599972.96
Rodentia,Muridae,Parotomys,littledalei,Parotomys littledalei,126.99,,,2.91,,,,,,,,,,,645782.25
Rodentia,Muridae,Paruromys,dominator,Paruromys dominator,325.31,,,,,,,,,,,,,,170486.35
Artiodactyla,Tayassuidae,Pecari,tajacu,Pecari tajacu,21133.69,889.34,144.88,1.56,2.0,296.4,47.25,618.53,315.68,5,1,1,1.37,7.92,15771441.38
Rodentia,Ctenodactylidae,Pectinator,spekei,Pectinator spekei,169.7,,,1.17,,120.0,,,374.16,3,,1,,,630728.82
Rodentia,Pedetidae,Pedetes,capensis,Pedetes capensis,2549.25,,78.02,0.98,,174.0,45.61,253.49,338.33,3,2,1,,,3979810.48
Chiroptera,Pteropodidae,Penthetor,lucasi,Penthetor lucasi,35.39,,,1.0,,,,,,1,1,1,,,647764.08
Cetacea,Delphinidae,Peponocephala,electra,Peponocephala electra,206000.0,,365.0,,,564.0,,,3458.66,,1,,,,
Peramelemorphia,Peramelidae,Perameles,bougainville,Perameles bougainville,230.8,300.0,12.0,2.0,,,,,136.05,3,2,2,0.07,34.0,89.5
Peramelemorphia,Peramelidae,Perameles,eremiana,Perameles eremiana,499.99,,,2.0,,,,,,2,2,2,,,
Peramelemorphia,Peramelidae,Perameles,gunnii,Perameles gunnii,903.46,323.35,12.5,2.31,3.8,66.0,59.99,0.22,107.64,7,2,2,0.02,351.56,49082.44
Peramelemorphia,Peramelidae,Perameles,nasuta,Perameles nasuta,720.26,,12.24,2.43,,,66.99,0.23,139.04,2,2,2,,89.99,383336.86
Primates,Lorisidae,Perodicticus,potto,Perodicticus potto,1081.81,320.0,193.0,1.09,,312.0,149.15,37.16,561.58,4,1,2,0.11,8.47,4965957.99
Rodentia,Heteromyidae,Perognathus,alticolus,Perognathus alticolus,23.99,75.51,,,,,,,,,,,,,8126.88
Rodentia,Heteromyidae,Perognathus,amplus,Perognathus amplus,11.97,,,,,,,,,,,,,,129256.13
Rodentia,Heteromyidae,Perognathus,fasciatus,Perognathus fasciatus,11.29,69.34,29.8,5.48,1.0,,,,,3,2,1,,225.41,1039601.42
Rodentia,Heteromyidae,Perognathus,flavescens,Perognathus flavescens,9.21,69.29,,4.37,2.0,,,,,2,2,1,0.000329061,,1544925.8
Rodentia,Heteromyidae,Perognathus,flavus,Perognathus flavus,7.97,59.6,26.0,3.94,2.0,60.0,29.83,,,3,2,2,0.001896819,150.0,1564512.87
Rodentia,Heteromyidae,Perognathus,inornatus,Perognathus inornatus,10.16,72.23,,4.0,2.0,,,,,2,2,2,0.000176546,499.99,73899.38
Rodentia,Heteromyidae,Perognathus,longimembris,Perognathus longimembris,8.07,,22.74,4.45,1.0,99.6,18.67,1.25,125.41,1,,1,0.002322898,174.0,518799.79
Rodentia,Heteromyidae,Perognathus,merriami,Perognathus merriami,6.94,58.7,,4.18,,30.0,,,,3,2,2,0.008251478,170.0,695708.88
Rodentia,Heteromyidae,Perognathus,parvus,Perognathus parvus,21.56,81.57,23.5,4.86,2.0,48.0,21.0,1.5,341.37,3,2,2,0.001580096,2738.17,922062.88
Rodentia,Cricetidae,Peromyscus,attwateri,Peromyscus attwateri,27.9,,,3.53,,18.0,,,,5,,2,0.00180695,296.52,454032.48
Rodentia,Cricetidae,Peromyscus,aztecus,Peromyscus aztecus,34.0,112.0,,3.49,,,,,,2,,1,,899.99,
Rodentia,Cricetidae,Peromyscus,boylii,Peromyscus boylii,23.9,,23.3,3.18,,18.0,,2.19,56.67,,,,0.002848598,521.08,2628523.09
Rodentia,Cricetidae,Peromyscus,bullatus,Peromyscus bullatus,40.0,,,,,,,,,,,,,,2913.33
Rodentia,Cricetidae,Peromyscus,californicus,Peromyscus californicus,42.68,116.0,32.95,1.94,4.37,,29.83,4.31,50.0,6,,2,0.001126808,3706.83,158708.41
Rodentia,Cricetidae,Peromyscus,crinitus,Peromyscus crinitus,16.32,82.84,25.33,3.08,2.05,,23.91,2.19,71.19,4,,2,0.003136673,1198.07,929829.3
Rodentia,Cricetidae,Peromyscus,dickeyi,Peromyscus dickeyi,28.6,100.79,,,,,,,,,,,,,0.007247273
Rodentia,Cricetidae,Peromyscus,difficilis,Peromyscus difficilis,27.95,,,3.88,,,25.9,,,,,,,162.09,437500.41
Rodentia,Cricetidae,Peromyscus,eremicus,Peromyscus eremicus,22.73,91.4,27.35,2.52,3.0,,20.88,2.51,54.07,6,2,2,0.002263355,431.41,
Rodentia,Cricetidae,Peromyscus,eva,Peromyscus eva,21.99,,,,,,,,,,,,,,64741.35
Rodentia,Cricetidae,Peromyscus,furvus,Peromyscus furvus,32.99,,,1.94,,,,,,,,,,,22500.45
Rodentia,Cricetidae,Peromyscus,gossypinus,Peromyscus gossypinus,27.68,98.51,23.0,3.7,4.0,15.5,22.33,2.19,49.58,1,2,3,0.00396074,513.28,1151301.69
Rodentia,Cricetidae,Peromyscus,grandis,Peromyscus grandis,71.0,,,2.43,,,,,,,,,,,5437.62
Rodentia,Cricetidae,Peromyscus,gratus,Peromyscus gratus,27.35,,,,,,,,,,,,,,600842.22
Rodentia,Cricetidae,Peromyscus,guatemalensis,Peromyscus guatemalensis,40.0,,,1.94,,,,,,,,,,,19099.86
Rodentia,Cricetidae,Peromyscus,gymnotis,Peromyscus gymnotis,40.0,,,,,,,,,,,,,,40365.9
Rodentia,Cricetidae,Peromyscus,hooperi,Peromyscus hooperi,35.99,,33.5,3.09,,,22.67,2.62,78.23,,,,,,19897.04
Rodentia,Cricetidae,Peromyscus,keeni,Peromyscus keeni,28.25,93.49,,5.99,2.0,,,,,,,,0.003267089,1021.13,174924.33
Rodentia,Cricetidae,Peromyscus,leucopus,Peromyscus leucopus,18.07,94.41,23.17,4.27,4.5,38.0,21.49,1.8,45.15,6,3,2,0.000886749,1444.64,5841433.18
Chiroptera,Mormoopidae,Pteronotus,parnellii,Pteronotus parnellii,19.59,57.0,107.97,0.99,1.0,,,,,1,1,3,,,8414216.78
Chiroptera,Mormoopidae,Pteronotus,personatus,Pteronotus personatus,7.99,45.21,,0.98,,,,,,1,1,3,,,4866973.12
Chiroptera,Mormoopidae,Pteronotus,quadridens,Pteronotus quadridens,5.64,,156.43,1.21,1.0,,,2.14,,1,1,3,,,201573.11
Carnivora,Mustelidae,Pteronura,brasiliensis,Pteronura brasiliensis,26000.0,1137.99,70.0,2.12,,154.0,120.48,204.25,,1,2,3,85.85,,8075624.21
Chiroptera,Pteropodidae,Pteropus,admiralitatum,Pteropus admiralitatum,306.46,179.97,,1.0,,,,,,,1,,,,28281.49
Chiroptera,Pteropodidae,Pteropus,aldabrensis,Pteropus aldabrensis,310.29,,,,,,,,,,1,,,,123.35
Chiroptera,Pteropodidae,Pteropus,alecto,Pteropus alecto,610.13,254.6,,1.0,1.0,,89.17,,,1,1,1,,,1205090.31
Chiroptera,Pteropodidae,Pteropus,anetianus,Pteropus anetianus,397.22,,,0.98,,,,,,,1,,,,10979.84
Chiroptera,Pteropodidae,Pteropus,brunneus,Pteropus brunneus,200.0,117.64,,,,,,,,,1,,,,
Chiroptera,Pteropodidae,Pteropus,caniceps,Pteropus caniceps,525.12,216.67,,,,,,,,,1,,,,24432.1
Rodentia,Cricetidae,Peromyscus,maniculatus,Peromyscus maniculatus,19.98,95.75,26.68,4.76,2.6,,22.49,1.73,48.05,4,2,2,0.002028926,661.87,13001064.75
Rodentia,Cricetidae,Peromyscus,megalops,Peromyscus megalops,66.2,,,2.0,,,21.99,3.89,54.19,,,,,,43655.36
Rodentia,Cricetidae,Peromyscus,mekisturus,Peromyscus mekisturus,59.99,,,,,,,,,,,,,,7871.4
Rodentia,Cricetidae,Peromyscus,melanocarpus,Peromyscus melanocarpus,58.9,125.12,30.39,2.23,,,25.8,4.5,91.44,,,,,,8317.42
Rodentia,Cricetidae,Peromyscus,melanophrys,Peromyscus melanophrys,40.0,,24.7,2.91,,,26.0,,,,,,,,515026.28
Rodentia,Cricetidae,Peromyscus,melanotis,Peromyscus melanotis,39.59,,25.01,3.69,7.5,,,1.66,,,,,0.000513365,2045.14,495038.61
Rodentia,Cricetidae,Peromyscus,melanurus,Peromyscus melanurus,40.0,,,2.75,,,,,,,,,,,5191.19
Rodentia,Cricetidae,Peromyscus,merriami,Peromyscus merriami,40.0,,,3.4,,,,,,,,,,,198360.36
Rodentia,Cricetidae,Peromyscus,mexicanus,Peromyscus mexicanus,42.58,124.92,30.19,2.56,7.4,,31.22,4.34,53.04,2,1,1,,,424193.41
Rodentia,Cricetidae,Peromyscus,ochraventer,Peromyscus ochraventer,40.0,,,4.86,,,,,,,,,,,12708.86
Rodentia,Cricetidae,Peromyscus,pectoralis,Peromyscus pectoralis,38.99,,23.0,3.88,1.0,,,,,1,2,1,0.002436912,,835343.34
Rodentia,Cricetidae,Peromyscus,perfulvus,Peromyscus perfulvus,40.0,,43.24,2.79,,,24.85,2.73,,,2,,,840.23,66891.6
Rodentia,Cricetidae,Peromyscus,polionotus,Peromyscus polionotus,14.27,,23.8,3.59,2.0,,24.24,1.54,29.98,,,,0.003254633,889.0,377395.17
Rodentia,Cricetidae,Peromyscus,polius,Peromyscus polius,40.0,,,,,,,,,,,,,,34323.83
Rodentia,Cricetidae,Peromyscus,sejugis,Peromyscus sejugis,21.5,98.7,,,,,,,,,,,,,13.64
Rodentia,Cricetidae,Peromyscus,simulus,Peromyscus simulus,40.0,99.2,,,,,,,,,,,,,17160.55
Rodentia,Cricetidae,Peromyscus,spicilegus,Peromyscus spicilegus,35.99,102.69,,,,,,,,,,,,,126047.27
Rodentia,Cricetidae,Peromyscus,stirtoni,Peromyscus stirtoni,29.19,101.79,,2.38,,,,,,,,,,,26436.82
Rodentia,Cricetidae,Peromyscus,truei,Peromyscus truei,27.0,,32.37,3.49,3.0,,32.28,2.31,42.46,2,,2,0.009130385,1419.62,2131499.23
Rodentia,Cricetidae,Peromyscus,winkelmanni,Peromyscus winkelmanni,40.0,,,,,,,,,,,,,,2463.17
Rodentia,Cricetidae,Peromyscus,yucatanicus,Peromyscus yucatanicus,27.13,100.69,30.8,3.0,,,,2.5,49.35,,,,,,130695.7
Rodentia,Cricetidae,Peromyscus,zarhynchus,Peromyscus zarhynchus,40.0,140.0,,1.94,,,,,,,,,,,4752.79
Chiroptera,Emballonuridae,Peropteryx,kappleri,Peropteryx kappleri,9.85,,137.96,1.0,2.02,,79.82,1.09,,1,1,3,,,4378235.63
Chiroptera,Emballonuridae,Peropteryx,macrotis,Peropteryx macrotis,5.68,,129.27,0.99,,,,,,1,1,3,,,12187438.94
Chiroptera,Emballonuridae,Peropteryx,trinitatis,Peropteryx trinitatis,4.19,,,,,,,,,,,,,,37561.11
Peramelemorphia,Peramelidae,Peroryctes,broadbenti,Peroryctes broadbenti,4800.0,515.25,12.0,1.76,,,,,,3,1,2,,,28581.77
Peramelemorphia,Peramelidae,Peroryctes,raffrayana,Peroryctes raffrayana,905.63,346.48,,1.27,,39.6,,,,1,1,1,,,215767.6
Rodentia,Sciuridae,Petaurillus,kinlochii,Petaurillus kinlochii,30.93,88.35,,,,,,,,,,,,,8094.4
Rodentia,Sciuridae,Petaurista,alborufus,Petaurista alborufus,1501.95,410.0,,,,,,,,,,,,,1222600.38
Rodentia,Sciuridae,Petaurista,elegans,Petaurista elegans,1040.0,398.02,,1.0,,,,,,5,1,2,,,1683514.8
Rodentia,Sciuridae,Petaurista,magnificus,Petaurista magnificus,1475.49,,,0.97,,,,,,,,,,,49308.69
Rodentia,Sciuridae,Petaurista,petaurista,Petaurista petaurista,1533.84,411.99,45.0,1.0,,192.0,68.43,56.29,,5,1,2,,,3024585.74
Rodentia,Sciuridae,Petaurista,philippensis,Petaurista philippensis,1675.83,,,,,,,,,,,,,,3127906.69
Diprotodontia,Pseudocheiridae,Petauroides,volans,Petauroides volans,1257.17,,,1.0,1.0,180.0,228.41,0.27,733.29,2,1,1,0.01,69.0,733564.17
Diprotodontia,Petauridae,Petaurus,abidi,Petaurus abidi,278.0,255.89,,1.02,,,,,,5,1,2,,,114.2
Diprotodontia,Petauridae,Petaurus,australis,Petaurus australis,567.15,,,1.24,1.0,192.0,148.07,,822.0,3,1,2,0.36,14.0,346584.36
Diprotodontia,Petauridae,Petaurus,biacensis,Petaurus biacensis,90.98,145.52,,1.45,,,,,,5,1,2,,,2550.53
Diprotodontia,Petauridae,Petaurus,breviceps,Petaurus breviceps,120.76,156.51,16.68,1.82,1.3,168.0,118.65,0.18,320.03,5,1,2,0.01,432.14,2337517.22
Diprotodontia,Petauridae,Petaurus,gracilis,Petaurus gracilis,360.63,,,1.75,,,,,,4,1,2,,12.0,8721.42
Diprotodontia,Petauridae,Petaurus,norfolcensis,Petaurus norfolcensis,230.0,,,1.64,,144.0,120.48,,,3,1,2,0.02,122.0,624212.74
Rodentia,Sciuridae,Petinomys,fuscocapillus,Petinomys fuscocapillus,794.5,,,2.0,,,,,,,,,,,49209.63
Rodentia,Sciuridae,Petinomys,genibarbis,Petinomys genibarbis,108.81,177.99,,1.07,,,,,,4,,2,,,490763.81
Rodentia,Sciuridae,Petinomys,sagitta,Petinomys sagitta,49.99,,,,,,,,,,,,,,126776.2
Rodentia,Sciuridae,Petinomys,setosus,Petinomys setosus,43.85,118.64,,1.5,,,,,,4,,2,,,304861.34
Rodentia,Sciuridae,Petinomys,vordermanni,Petinomys vordermanni,36.87,166.99,,2.0,,,,,,4,,2,,,108682.35
Macroscelidea,Macroscelididae,Petrodromus,tetradactylus,Petrodromus tetradactylus,201.0,192.11,,1.0,2.0,,,30.95,,6,2,2,0.00980236,186.01,3981194.83
Diprotodontia,Macropodidae,Petrogale,assimilis,Petrogale assimilis,4618.88,,30.99,1.0,,156.0,294.19,,595.25,,1,,0.09,76.64,209697.55
Diprotodontia,Macropodidae,Petrogale,brachyotis,Petrogale brachyotis,4012.01,,,1.0,,,,,,,1,,,,476435.12
Diprotodontia,Macropodidae,Petrogale,burbidgei,Petrogale burbidgei,1258.0,,,1.0,,,,,,,1,,,,30601.39
Diprotodontia,Macropodidae,Petrogale,concinna,Petrogale concinna,1398.2,,31.46,1.0,1.0,204.0,191.15,,498.88,,1,,,,166175.37
Diprotodontia,Macropodidae,Petrogale,godmani,Petrogale godmani,4750.0,,,,,,,,,,1,,,,53365.92
Diprotodontia,Macropodidae,Petrogale,inornata,Petrogale inornata,4555.52,,30.99,1.0,1.7,,286.18,,612.26,,1,,,,85550.06
Diprotodontia,Macropodidae,Petrogale,lateralis,Petrogale lateralis,4567.88,,,1.0,,144.0,,,,,1,,,275.0,299435.81
Diprotodontia,Macropodidae,Petrogale,penicillata,Petrogale penicillata,6931.6,,30.99,1.0,,172.8,290.0,,573.77,,1,,,300.0,171742.35
Diprotodontia,Macropodidae,Petrogale,persephone,Petrogale persephone,5585.63,1000.0,32.0,1.0,,,329.06,,774.4,1,1,1,,5.99,5496.97
Diprotodontia,Macropodidae,Petrogale,rothschildi,Petrogale rothschildi,4546.31,,,,,,,,,,1,,,,148697.32
Diprotodontia,Macropodidae,Petrogale,xanthopus,Petrogale xanthopus,8499.99,,33.16,1.02,,144.0,342.05,0.48,581.78,3,1,1,,15.0,173888.42
Rodentia,Petromuridae,Petromus,typicus,Petromus typicus,224.0,,,1.5,1.0,,,,,3,1,1,,,427688.37
Rodentia,Nesomyidae,Petromyscus,collinus,Petromyscus collinus,20.0,,,2.46,1.0,,31.5,2.1,,,,,,,573003.86
Rodentia,Nesomyidae,Petromyscus,monticularis,Petromyscus monticularis,20.72,,,,,,,,,,,,,,50605.31
Diprotodontia,Pseudocheiridae,Petropseudes,dahli,Petropseudes dahli,1877.03,,,1.0,,,,,,1,1,1,,18.0,319548.62
Artiodactyla,Suidae,Phacochoerus,aethiopicus,Phacochoerus aethiopicus,75607.52,,165.4,3.2,1.5,225.6,106.45,691.95,631.12,4,1,1,1.35,7.61,851932.22
Artiodactyla,Suidae,Phacochoerus,africanus,Phacochoerus africanus,82499.99,1355.54,172.49,,,180.0,,,,1,,1,1.55,,11093470.88
Rodentia,Cricetidae,Phaenomys,ferrugineus,Phaenomys ferrugineus,93.8,,,,,,,,,,1,,,,53.88
Diprotodontia,Phalangeridae,Phalanger,carmelitae,Phalanger carmelitae,1820.88,407.87,,1.01,,,,,,5,1,2,,,181857.62
Diprotodontia,Phalangeridae,Phalanger,gymnotis,Phalanger gymnotis,2597.89,453.72,12.99,1.01,,144.0,270.0,,,4,3,2,,,260036.85
Diprotodontia,Phalangeridae,Phalanger,intercastellanus,Phalanger intercastellanus,1747.5,384.35,,2.02,,,,,,4,1,1,,,84657.38
Diprotodontia,Phalangeridae,Phalanger,lullulae,Phalanger lullulae,1632.5,372.27,,1.75,,,,,,2,2,1,,,887.01
Diprotodontia,Phalangeridae,Phalanger,matanim,Phalanger matanim,1442.38,399.77,,1.02,,,,,,2,2,1,,,556.3
Diprotodontia,Phalangeridae,Phalanger,orientalis,Phalanger orientalis,2487.5,433.83,,1.71,,48.0,,,,2,2,1,,,260829.66
Diprotodontia,Phalangeridae,Phalanger,ornatus,Phalanger ornatus,1787.5,,,,,,,,,1,1,1,,,22430.66
Diprotodontia,Phalangeridae,Phalanger,rothschildi,Phalanger rothschildi,1365.0,,,,,,,,,1,1,1,,,2726.69
Diprotodontia,Phalangeridae,Phalanger,sericeus,Phalanger sericeus,2003.0,412.36,,1.02,,,,,,2,1,1,,,182383.64
Diprotodontia,Phalangeridae,Phalanger,vestitus,Phalanger vestitus,1850.0,424.9,,1.01,,,,,,3,1,1,,,81554.54
Primates,Cheirogaleidae,Phaner,furcifer,Phaner furcifer,409.87,261.24,174.46,1.01,,144.0,,,,3,1,2,0.02,500.24,6525.13
Dasyuromorphia,Dasyuridae,Phascogale,calura,Phascogale calura,43.03,108.0,29.49,7.5,1.0,36.0,89.99,,374.16,3,2,2,0.03,,74127.1
Dasyuromorphia,Dasyuridae,Phascogale,tapoatafa,Phascogale tapoatafa,192.65,,28.15,6.79,1.0,60.0,149.57,,372.69,,1,,,111.0,1068122.23
Diprotodontia,Phascolarctidae,Phascolarctos,cinereus,Phascolarctos cinereus,6528.74,,34.29,1.01,1.0,240.0,347.53,0.36,834.72,2,1,1,0.01,163.01,1013715.85
Dasyuromorphia,Dasyuridae,Phascolosorex,dorsalis,Phascolosorex dorsalis,123.03,163.73,,3.39,,,,,,2,1,2,,,51363.46
Dasyuromorphia,Dasyuridae,Phascomurexia,naso,Phascomurexia naso,52.62,122.28,,3.68,1.5,,,,374.16,1,3,3,,150.0,142979.93
Rodentia,Cricetidae,Phenacomys,intermedius,Phenacomys intermedius,25.2,107.67,22.42,4.66,3.0,,30.93,2.19,40.02,4,,1,,549.17,524177.15
Rodentia,Cricetidae,Phenacomys,ungava,Phenacomys ungava,27.0,,22.29,4.8,,,17.86,2.39,31.74,,,,,,5061713.46
Didelphimorphia,Didelphidae,Philander,andersoni,Philander andersoni,324.99,,,,,,,,,,2,,,,
Didelphimorphia,Didelphidae,Philander,opossum,Philander opossum,425.81,265.6,,4.75,3.0,42.0,79.77,0.2,220.25,5,2,2,0.003071815,58.77,
Artiodactyla,Bovidae,Philantomba,maxwellii,Philantomba maxwellii,8557.69,845.23,205.0,1.0,,147.0,60.48,827.49,344.87,7,1,2,,5.97,1214155.52
Artiodactyla,Bovidae,Philantomba,monticola,Philantomba monticola,4896.05,692.3,205.0,0.98,,144.0,27.28,709.41,351.59,3,1,2,,35.98,6552145.69
Chiroptera,Vespertilionidae,Philetor,brachypterus,Philetor brachypterus,12.0,,,,,,,,,,1,,,,747045.55
Rodentia,Muridae,Phloeomys,cumingi,Phloeomys cumingi,1842.46,382.49,,1.0,,,,,,,1,,,,30046.13
Rodentia,Muridae,Phloeomys,pallidus,Phloeomys pallidus,1744.14,382.49,,,,,,,,,1,,,,70334.12
Carnivora,Phocidae,Phoca,largha,Phoca largha,98879.18,1634.87,287.4,1.0,,426.13,27.84,7100.0,1497.64,6,2,2,,,
Carnivora,Phocidae,Phoca,vitulina,Phoca vitulina,87316.66,1611.75,288.95,1.0,,480.0,30.74,10213.75,1526.85,1,2,3,,5.68,
Carnivora,Otariidae,Phocarctos,hookeri,Phocarctos hookeri,273499.99,2018.97,365.0,1.0,,,252.01,,2030.0,7,2,2,,,
Rodentia,Echimyidae,Phyllomys,lamarum,Phyllomys lamarum,215.19,,,,,,,,,,1,,,,92612.71
Rodentia,Echimyidae,Phyllomys,nigrispinus,Phyllomys nigrispinus,224.3,213.5,,,,,,,,,1,,,,
Rodentia,Echimyidae,Phyllomys,thomasi,Phyllomys thomasi,502.14,281.29,,,,,,,,,2,,,,343.03
Rodentia,Echimyidae,Phyllomys,unicolor,Phyllomys unicolor,439.0,,,,,,,,,,,,,,
Chiroptera,Phyllostomidae,Phyllonycteris,aphylla,Phyllonycteris aphylla,14.15,70.0,,0.99,,,,,,3,1,2,,,11081.39
Chiroptera,Phyllostomidae,Phyllostomus,discolor,Phyllostomus discolor,36.7,,107.97,0.99,,,,7.29,,3,1,2,,,12188897.67
Chiroptera,Phyllostomidae,Phyllostomus,elongatus,Phyllostomus elongatus,41.75,,,0.99,,,,,,2,1,1,,,10958600.41
Chiroptera,Phyllostomidae,Phyllostomus,hastatus,Phyllostomus hastatus,91.44,107.0,123.39,0.99,1.0,120.0,72.82,15.94,,3,1,2,,,12690238.32
Carnivora,Procyonidae,Procyon,pygmaeus,Procyon pygmaeus,2958.03,427.1,,,,,,,,3,1,2,,,490.76
Rodentia,Echimyidae,Proechimys,brevicauda,Proechimys brevicauda,284.99,,,,,,,,,4,1,2,0.004969113,,1197226.52
Rodentia,Echimyidae,Proechimys,canicollis,Proechimys canicollis,312.57,,,,,,,,,,,,,,51317.01
Rodentia,Echimyidae,Proechimys,chrysaeolus,Proechimys chrysaeolus,284.99,,,,,,,,,,,,,,
Rodentia,Echimyidae,Proechimys,cuvieri,Proechimys cuvieri,339.85,,,,,,,,,4,1,2,0.004517324,,2411712.57
Rodentia,Echimyidae,Proechimys,decumanus,Proechimys decumanus,284.99,,,,,,,,,,,,,,74964.95
Rodentia,Echimyidae,Proechimys,goeldii,Proechimys goeldii,284.99,,,,,,,,,,,,,,591332.73
Rodentia,Echimyidae,Proechimys,guairae,Proechimys guairae,349.28,,62.99,2.79,4.4,,10.21,25.45,73.21,2,1,1,0.006001134,389.74,201471.68
Rodentia,Echimyidae,Proechimys,guyannensis,Proechimys guyannensis,314.03,220.16,63.41,2.16,,57.6,28.0,24.7,,3,,1,0.001047581,938.91,3070982.77
Rodentia,Echimyidae,Proechimys,hoplomyoides,Proechimys hoplomyoides,284.99,,,,,,,,,,,,,,
Rodentia,Echimyidae,Proechimys,longicaudatus,Proechimys longicaudatus,205.0,,,,,,,,,3,,2,0.002439947,261.53,1870505.85
Rodentia,Echimyidae,Proechimys,magdalenae,Proechimys magdalenae,284.99,,,,,,,,,,,,,,
Rodentia,Echimyidae,Proechimys,mincae,Proechimys mincae,284.99,,,,,,,,,,,,,,383.45
Rodentia,Echimyidae,Proechimys,oconnelli,Proechimys oconnelli,284.99,,,,,,,,,,,,,,22909.05
Rodentia,Echimyidae,Proechimys,poliopus,Proechimys poliopus,284.99,,,,,,,,,,,,,,55323.21
Rodentia,Echimyidae,Proechimys,quadruplicatus,Proechimys quadruplicatus,284.99,,,,,,,,,,,,,,242986.11
Rodentia,Echimyidae,Proechimys,roberti,Proechimys roberti,284.99,,,,,,,,,,,,,,
Rodentia,Echimyidae,Proechimys,semispinosus,Proechimys semispinosus,353.32,229.31,65.65,2.84,4.68,31.0,41.2,26.22,113.38,4,1,2,0.001730355,754.53,211449.22
Rodentia,Echimyidae,Proechimys,simonsi,Proechimys simonsi,284.99,,,,,,,,,4,1,2,0.00365992,305.11,1159850.76
Rodentia,Echimyidae,Proechimys,steerei,Proechimys steerei,284.99,,,,,,,,,4,1,2,,,1303980.52
Rodentia,Echimyidae,Proechimys,urichi,Proechimys urichi,284.99,,,,,,,,,,,,,,
Carnivora,Felidae,Profelis,aurata,Profelis aurata,11277.17,797.61,81.34,2.25,,,119.32,211.24,650.61,1,1,3,,,4948244.43
Primates,Lemuridae,Prolemur,simus,Prolemur simus,2030.41,370.0,140.0,1.0,1.0,144.0,,,,4,2,2,0.62,,4564.82
Rodentia,Cricetidae,Prometheomys,schaposchnikowi,Prometheomys schaposchnikowi,75.0,,,3.4,2.0,,21.0,,,,,,,,74444.0
Chiroptera,Molossidae,Promops,centralis,Promops centralis,29.8,,,0.99,1.0,,41.99,2.44,,,1,,,,4740669.41
Chiroptera,Molossidae,Promops,nasutus,Promops nasutus,15.5,,,,,,,3.57,,1,1,3,,,8264473.62
Lagomorpha,Leporidae,Pronolagus,crassicaudatus,Pronolagus crassicaudatus,2415.27,510.0,,1.5,,,,,,2,1,1,,,172093.94
Lagomorpha,Leporidae,Pronolagus,randensis,Pronolagus randensis,2376.47,459.99,,1.05,,,,,,2,,1,,,680369.23
Lagomorpha,Leporidae,Pronolagus,rupestris,Pronolagus rupestris,2249.99,438.44,,2.0,,,,,,2,,1,,,1388367.94
Primates,Indriidae,Propithecus,coquereli,Propithecus coquereli,4189.27,,140.99,1.0,,,180.96,102.45,,,,,,,7668.04
Primates,Indriidae,Propithecus,diadema,Propithecus diadema,6568.99,501.74,152.08,1.01,,,256.27,134.99,1683.65,3,2,1,0.21,5.65,39817.06
Primates,Indriidae,Propithecus,edwardsi,Propithecus edwardsi,6573.27,,,,,,,,,,,,,,12906.49
Primates,Indriidae,Propithecus,tattersalli,Propithecus tattersalli,3531.39,475.0,,,,,152.13,97.47,,4,2,1,0.06,65.0,563.17
Primates,Indriidae,Propithecus,verreauxi,Propithecus verreauxi,3588.26,472.49,149.77,1.02,1.0,247.2,177.83,102.65,943.94,3,1,1,0.03,150.0,65373.06
Chiroptera,Phyllostomidae,Phyllostomus,latifolius,Phyllostomus latifolius,134.0,,,,,,,,,,1,,,,1693847.51
Rodentia,Cricetidae,Phyllotis,amicus,Phyllotis amicus,20.19,,,,,,,,,,,,,,93686.6
Rodentia,Cricetidae,Phyllotis,andium,Phyllotis andium,53.0,,,,,,,,,,,,,,112900.23
Rodentia,Cricetidae,Phyllotis,bonariensis,Phyllotis bonariensis,42.5,,,,,,,,,,,,,,3123.42
Rodentia,Cricetidae,Phyllotis,caprinus,Phyllotis caprinus,50.8,,,,,,,,,,,,,,77627.4
Chiroptera,Pteropodidae,Ptenochirus,jagori,Ptenochirus jagori,79.18,,125.14,1.0,2.0,96.0,89.99,17.4,251.71,1,1,1,,,248720.14
Chiroptera,Pteropodidae,Ptenochirus,minor,Ptenochirus minor,47.02,,,,,,,,,,1,,,,103200.29
Chiroptera,Pteropodidae,Pteralopex,acrodonta,Pteralopex acrodonta,257.53,186.79,,,,,,,,,1,,,,440.14
Chiroptera,Pteropodidae,Pteralopex,anceps,Pteralopex anceps,574.75,262.31,,1.0,,,,,,,1,,,,7318.84
Chiroptera,Pteropodidae,Pteralopex,atrata,Pteralopex atrata,490.8,207.44,,,,,,,,,1,,,,9345.46
Chiroptera,Pteropodidae,Pteralopex,pulchra,Pteralopex pulchra,291.15,,,,,,,,,,1,,,,728.08
Rodentia,Sciuridae,Pteromys,volans,Pteromys volans,143.09,160.02,28.18,2.5,1.5,45.6,,,,3,1,2,0.05,,13883153.56
Rodentia,Sciuridae,Pteromyscus,pulverulentus,Pteromyscus pulverulentus,251.3,229.0,,1.28,,,,,,,1,,,,238644.25
Chiroptera,Mormoopidae,Pteronotus,davyi,Pteronotus davyi,9.52,,,0.99,1.0,,,1.15,,1,1,3,,,2748221.32
Chiroptera,Mormoopidae,Pteronotus,gymnonotus,Pteronotus gymnonotus,13.6,,,0.98,,,,,,1,1,3,,,3390492.62
Chiroptera,Pteropodidae,Pteropus,chrysoproctus,Pteropus chrysoproctus,730.19,253.59,,,,,,,,,1,,,,29871.72
Chiroptera,Pteropodidae,Pteropus,conspicillatus,Pteropus conspicillatus,760.71,,,1.0,,,139.51,,755.15,3,1,1,,,384685.67
Chiroptera,Pteropodidae,Pteropus,dasymallus,Pteropus dasymallus,491.86,,,1.0,,372.0,,,,3,1,2,,,3178.37
Chiroptera,Pteropodidae,Pteropus,fundatus,Pteropus fundatus,210.67,147.36,,,,,,,,,1,,,,325.78
Chiroptera,Pteropodidae,Pteropus,giganteus,Pteropus giganteus,824.85,,166.59,0.99,1.0,376.8,152.08,90.32,395.29,1,1,1,,,3550847.86
Chiroptera,Pteropodidae,Pteropus,gilliardorum,Pteropus gilliardorum,406.94,159.02,,,,,,,,,1,,,,749.41
Chiroptera,Vespertilionidae,Rhogeessa,minutilla,Rhogeessa minutilla,3.75,,,,,,,,,,1,,,,943337.3
Chiroptera,Vespertilionidae,Rhogeessa,parvula,Rhogeessa parvula,4.37,,,1.98,,,,,,1,1,3,,,449611.68
Chiroptera,Vespertilionidae,Rhogeessa,tumida,Rhogeessa tumida,4.58,,,1.4,,,,,,1,1,3,,,781796.28
Macroscelidea,Macroscelididae,Rhynchocyon,chrysopygus,Rhynchocyon chrysopygus,535.2,273.44,42.27,1.22,,48.0,14.0,80.0,,1,1,3,0.02,120.9,6122.78
Macroscelidea,Macroscelididae,Rhynchocyon,cirnei,Rhynchocyon cirnei,424.92,,,1.93,4.5,,,,,1,,3,,,1862288.18
Macroscelidea,Macroscelididae,Rhynchocyon,petersi,Rhynchocyon petersi,423.99,,,1.93,,,,,,,,,,,72695.75
Carnivora,Herpestidae,Rhynchogale,melleri,Rhynchogale melleri,2240.33,459.59,,2.0,,,,,,6,1,2,,,2352914.33
Paucituberculata,Caenolestidae,Rhyncholestes,raphanurus,Rhyncholestes raphanurus,21.94,113.27,,,,,,,,6,2,2,,,14638.53
Rodentia,Muridae,Rhynchomys,isarogensis,Rhynchomys isarogensis,122.29,187.0,,,,,,,,1,,3,,332.33,5.28
Chiroptera,Emballonuridae,Rhynchonycteris,naso,Rhynchonycteris naso,4.14,42.94,,0.99,2.0,,70.86,0.98,,1,1,3,,,11358190.42
Lagomorpha,Leporidae,Romerolagus,diazi,Romerolagus diazi,465.58,297.48,39.26,2.1,,,28.71,25.86,180.18,2,2,1,,30.67,820.7
Chiroptera,Pteropodidae,Rousettus,aegyptiacus,Rousettus aegyptiacus,134.0,167.37,123.39,1.07,2.0,274.8,105.0,19.13,315.68,3,1,1,,,6076089.81
Chiroptera,Pteropodidae,Rousettus,amplexicaudatus,Rousettus amplexicaudatus,74.37,107.63,101.38,0.99,2.0,,86.16,12.0,258.65,1,1,1,,,2568005.12
Soricomorpha,Soricidae,Sorex,minutus,Sorex minutus,4.32,57.11,23.81,6.04,1.5,24.0,23.5,0.22,353.38,5,1,2,0.001079653,849.99,15353848.14
Soricomorpha,Soricidae,Sorex,mirabilis,Sorex mirabilis,15.0,,,,,,,,340.29,2,,3,,,382085.68
Soricomorpha,Soricidae,Sorex,monticolus,Sorex monticolus,6.92,,,5.74,3.0,16.0,20.88,,,2,1,2,0.001737053,1200.0,4492367.53
Soricomorpha,Soricidae,Sorex,nanus,Sorex nanus,2.57,52.0,,6.49,,,,,,,,,,,1000480.43
Soricomorpha,Soricidae,Sorex,oreopolus,Sorex oreopolus,7.0,,,,,,,,,,,,,393.12,91703.13
Soricomorpha,Soricidae,Sorex,ornatus,Sorex ornatus,5.31,49.99,,4.99,1.0,17.0,,0.5,,,,,,11100.0,194623.52
Soricomorpha,Soricidae,Sorex,pacificus,Sorex pacificus,10.56,70.2,,4.19,,,,,,3,,2,,,58327.78
Rodentia,Cricetidae,Phyllotis,darwini,Phyllotis darwini,50.82,,33.21,4.02,,,,,56.79,3,,2,,3622.81,130933.12
Rodentia,Cricetidae,Phyllotis,definitus,Phyllotis definitus,89.0,,,,,,,,,,,,,,3705.21
Rodentia,Cricetidae,Phyllotis,haggardi,Phyllotis haggardi,42.5,,,,,,,,,,,,,,28320.27
Rodentia,Cricetidae,Phyllotis,magister,Phyllotis magister,68.49,,,,,,,,,3,1,2,,,64146.09
Rodentia,Cricetidae,Phyllotis,osgoodi,Phyllotis osgoodi,45.1,,,,,,,,,,,,,,5828.69
Rodentia,Cricetidae,Phyllotis,osilae,Phyllotis osilae,43.64,,,4.25,,,,,,3,,2,,384.42,198550.51
Rodentia,Cricetidae,Phyllotis,wolffsohni,Phyllotis wolffsohni,42.5,,,,,,,,,,,,,,71594.56
Rodentia,Cricetidae,Phyllotis,xanthopygus,Phyllotis xanthopygus,52.43,121.2,,,,,,,,3,,2,,,2178152.82
Cetacea,Physeteridae,Physeter,catodon,Physeter catodon,14540959.82,12175.38,472.99,0.99,0.25,924.0,395.41,903214.26,3935.04,3,1,2,,,
Primates,Cercopithecidae,Piliocolobus,badius,Piliocolobus badius,8430.4,574.45,151.41,1.0,0.5,,783.93,,1473.2,3,1,2,0.42,130.65,590235.33
Cetacea,Delphinidae,Pseudorca,crassidens,Pseudorca crassidens,1360000.0,,462.0,0.97,,264.0,547.5,,3721.66,2,1,3,,,
Artiodactyla,Bovidae,Pseudoryx,nghetinhensis,Pseudoryx nghetinhensis,97842.2,1750.0,,,,,,,755.15,2,,1,,,11820.15
Rodentia,Cricetidae,Pseudoryzomys,simplex,Pseudoryzomys simplex,45.2,129.99,,,,,,,,,1,,,1505.81,478695.74
Chiroptera,Pteropodidae,Pteropus,howensis,Pteropus howensis,232.92,184.64,,0.98,,,,34.56,,,1,,,,3.16
Chiroptera,Pteropodidae,Pteropus,hypomelanus,Pteropus hypomelanus,435.61,204.9,,1.0,1.0,,94.86,,377.57,1,1,1,,,492950.06
Primates,Cercopithecidae,Piliocolobus,kirkii,Piliocolobus kirkii,7158.29,574.45,165.0,1.01,,,,,,4,1,1,0.42,,1573.03
Primates,Cercopithecidae,Piliocolobus,pennantii,Piliocolobus pennantii,10896.0,,,1.02,,,,,,,,,,,34938.83
Primates,Cercopithecidae,Piliocolobus,preussi,Piliocolobus preussi,8865.71,579.65,195.0,1.01,,,,,,4,2,1,0.39,,62033.7
Primates,Cercopithecidae,Piliocolobus,rufomitratus,Piliocolobus rufomitratus,8030.75,560.0,195.0,1.01,,,,,,3,1,1,0.05,186.44,26952.75
Chiroptera,Vespertilionidae,Pipistrellus,abramus,Pipistrellus abramus,5.87,,,2.1,,,,1.1,,,,,,,2948954.07
Chiroptera,Vespertilionidae,Pipistrellus,angulatus,Pipistrellus angulatus,3.35,,,,,,,,,,,,,,245803.03
Chiroptera,Vespertilionidae,Pipistrellus,ceylonicus,Pipistrellus ceylonicus,8.05,,52.32,1.98,1.0,,27.5,1.26,280.56,1,1,3,,,4109017.25
Chiroptera,Vespertilionidae,Pipistrellus,collinus,Pipistrellus collinus,6.75,,,,,,,,,,,,,,176698.26
Chiroptera,Vespertilionidae,Pipistrellus,coromandra,Pipistrellus coromandra,4.59,,,1.4,,,,,,,1,,,,3731668.19
Chiroptera,Vespertilionidae,Pipistrellus,hesperus,Pipistrellus hesperus,3.56,,,1.86,1.0,72.99,,,,,1,,,,2664124.97
Chiroptera,Vespertilionidae,Pipistrellus,javanicus,Pipistrellus javanicus,4.92,,71.48,2.29,,,,0.98,,,1,,,,4504060.92
Chiroptera,Vespertilionidae,Pipistrellus,kuhlii,Pipistrellus kuhlii,6.07,45.99,,1.21,,,60.41,,,,1,,,,4765557.66
Chiroptera,Vespertilionidae,Pipistrellus,nanulus,Pipistrellus nanulus,2.51,,,1.96,,,,,,,1,,,,2374608.18
Chiroptera,Vespertilionidae,Pipistrellus,nathusii,Pipistrellus nathusii,7.44,,,1.73,1.0,96.0,,,105.22,,1,,,,5149391.84
Chiroptera,Vespertilionidae,Pipistrellus,pipistrellus,Pipistrellus pipistrellus,5.3,39.98,44.0,1.37,1.0,200.4,33.44,1.28,248.48,1,1,3,,,9195388.69
Chiroptera,Vespertilionidae,Pipistrellus,rueppellii,Pipistrellus rueppellii,7.07,45.0,,1.96,,,,,,1,1,3,,,14956062.08
Chiroptera,Vespertilionidae,Pipistrellus,rusticus,Pipistrellus rusticus,4.57,,80.4,1.96,1.0,,,,,1,1,3,,,4313990.7
Chiroptera,Vespertilionidae,Pipistrellus,stenopterus,Pipistrellus stenopterus,15.67,,,0.98,,,,,,1,1,3,,,653273.55
Chiroptera,Vespertilionidae,Pipistrellus,subflavus,Pipistrellus subflavus,5.74,,45.71,1.96,1.0,180.0,31.21,1.26,245.53,1,1,3,,,4297155.48
Chiroptera,Vespertilionidae,Pipistrellus,tenuis,Pipistrellus tenuis,3.48,,61.27,1.92,3.0,,44.8,0.53,53.57,1,1,3,,,7367449.16
Primates,Pitheciidae,Pithecia,aequatorialis,Pithecia aequatorialis,2375.91,,,,,178.8,,,,3,1,1,,,113679.06
Primates,Pitheciidae,Pithecia,albicans,Pithecia albicans,2800.07,394.27,,,,,,,,,,,,9.39,80794.37
Primates,Pitheciidae,Pithecia,irrorata,Pithecia irrorata,2308.17,399.39,,,,,,,,,,,,11.3,1135691.52
Primates,Pitheciidae,Pithecia,monachus,Pithecia monachus,2109.55,411.8,,1.02,,295.2,,119.85,,4,1,2,,8.0,2272018.67
Primates,Pitheciidae,Pithecia,pithecia,Pithecia pithecia,1667.19,346.44,161.13,1.01,,248.4,113.15,,1089.37,2,1,1,0.04,4.19,1037797.75
Rodentia,Capromyidae,Plagiodontia,aedium,Plagiodontia aedium,1268.86,300.0,136.5,1.14,,118.8,,105.76,,3,1,1,,,75198.74
Dasyuromorphia,Dasyuridae,Planigale,gilesi,Planigale gilesi,9.34,,15.74,5.23,2.0,60.0,83.52,0.0097,272.11,,1,,,739.99,975072.84
Dasyuromorphia,Dasyuridae,Planigale,ingrami,Planigale ingrami,6.27,,,7.48,2.0,15.6,89.74,,,2,1,3,,,1080525.04
Dasyuromorphia,Dasyuridae,Planigale,maculata,Planigale maculata,12.0,,19.74,7.64,2.0,48.0,70.72,,308.79,,1,,,,1262767.92
Dasyuromorphia,Dasyuridae,Planigale,novaeguineae,Planigale novaeguineae,14.9,77.64,,,,,,,,,1,,,,5648.74
Dasyuromorphia,Dasyuridae,Planigale,tenuirostris,Planigale tenuirostris,6.27,,19.0,5.99,2.0,36.0,94.46,,272.11,,1,,,,1261840.98
Cetacea,Platanistidae,Platanista,gangetica,Platanista gangetica,93481.96,,304.16,0.97,,336.0,339.47,,,2,1,3,,,
Cetacea,Platanistidae,Platanista,minor,Platanista minor,75990.24,,304.16,1.0,,336.0,339.47,7000.0,,2,1,3,,,
Chiroptera,Phyllostomidae,Platyrrhinus,aurarius,Platyrrhinus aurarius,35.12,,,,,,,,,,1,,,,434351.66
Chiroptera,Phyllostomidae,Platyrrhinus,brachycephalus,Platyrrhinus brachycephalus,14.26,,,0.98,,,,,,,1,,,,6905773.42
Chiroptera,Phyllostomidae,Platyrrhinus,dorsalis,Platyrrhinus dorsalis,26.0,,,0.99,,,,,,,1,,,,2202496.45
Chiroptera,Phyllostomidae,Platyrrhinus,helleri,Platyrrhinus helleri,13.44,,,0.99,2.0,,,,,1,1,1,,,10885924.75
Chiroptera,Phyllostomidae,Platyrrhinus,infuscus,Platyrrhinus infuscus,50.76,,,0.98,,,,,,,1,,,,2812367.88
Chiroptera,Phyllostomidae,Platyrrhinus,lineatus,Platyrrhinus lineatus,24.34,,107.97,0.99,2.0,122.4,,8.3,,2,1,2,,,6717965.67
Chiroptera,Phyllostomidae,Platyrrhinus,umbratus,Platyrrhinus umbratus,25.17,,,,,,,,,,1,,,,1151725.92
Chiroptera,Phyllostomidae,Platyrrhinus,vittatus,Platyrrhinus vittatus,37.01,81.99,,0.98,,,,,,1,1,1,,,2096484.1
Chiroptera,Vespertilionidae,Plecotus,auritus,Plecotus auritus,8.19,,65.12,1.22,1.0,360.0,42.09,2.09,338.33,1,1,3,,,12452922.57
Chiroptera,Vespertilionidae,Plecotus,austriacus,Plecotus austriacus,6.75,41.0,,,,180.0,,,,,1,,,,8090041.6
Rodentia,Cricetidae,Podomys,floridanus,Podomys floridanus,30.74,103.18,,2.6,,88.0,24.81,2.39,40.36,4,2,2,0.002788764,,69082.12
Rodentia,Cricetidae,Podoxymys,roraimae,Podoxymys roraimae,33.79,,,,,,,,,,,,,,1239.18
Carnivora,Mustelidae,Poecilogale,albinucha,Poecilogale albinucha,308.16,304.09,32.55,2.23,1.5,62.4,76.56,4.0,914.79,1,1,3,,,6524644.39
Lagomorpha,Leporidae,Poelagus,marjorita,Poelagus marjorita,2509.7,470.0,34.99,1.19,,,,,,,,,,,1928031.05
Rodentia,Muridae,Pogonomelomys,mayeri,Pogonomelomys mayeri,111.97,144.56,,2.15,,,,,,,1,,,,3091.92
Rodentia,Muridae,Pogonomys,championi,Pogonomys championi,50.45,121.9,,2.15,,,,,,2,3,1,,,315.18
Rodentia,Muridae,Pogonomys,loriae,Pogonomys loriae,95.39,136.12,,2.68,,,,,,3,3,1,,,242498.11
Rodentia,Muridae,Pogonomys,macrourus,Pogonomys macrourus,46.98,115.97,,2.81,,29.0,,,,3,3,1,,,431652.31
Rodentia,Muridae,Pogonomys,sylvestris,Pogonomys sylvestris,41.67,108.11,,2.64,,,,,,2,3,1,,,128123.99
Carnivora,Viverridae,Poiana,richardsonii,Poiana richardsonii,570.08,378.86,,2.23,,64.0,,,,6,1,2,,1.0,2191921.08
Primates,Hominidae,Pongo,abelii,Pongo abelii,39696.12,,,,,,,,,,,,,,16756.21
Primates,Hominidae,Pongo,pygmaeus,Pongo pygmaeus,53408.29,890.0,259.42,1.07,,720.0,1088.8,1644.2,3318.62,5,2,2,3.88,2.0,245264.03
Cetacea,Iniidae,Pontoporia,blainvillei,Pontoporia blainvillei,40499.99,,326.89,1.0,,192.0,316.09,,980.44,2,1,3,,,
Artiodactyla,Suidae,Potamochoerus,larvatus,Potamochoerus larvatus,69063.79,,121.73,2.73,,,,,,7,1,2,4.47,0.4,5892226.64
Artiodactyla,Suidae,Potamochoerus,porcus,Potamochoerus porcus,70000.31,1369.3,120.0,3.0,,240.0,,750.0,1113.7,5,1,2,,0.23,5033216.84
Afrosoricida,Tenrecidae,Potamogale,velox,Potamogale velox,670.99,320.0,,2.5,2.0,,,,,2,3,3,,,4646234.16
Diprotodontia,Potoroidae,Potorous,gilbertii,Potorous gilbertii,1569.46,349.99,,1.0,,,208.67,,,2,,1,,,7753.72
Diprotodontia,Potoroidae,Potorous,longipes,Potorous longipes,1835.06,359.99,38.0,1.0,,120.0,161.0,,855.56,3,1,1,0.29,40.0,7279.9
Diprotodontia,Potoroidae,Potorous,platyops,Potorous platyops,499.99,,,,,,,,,,,,,,
Diprotodontia,Potoroidae,Potorous,tridactylus,Potorous tridactylus,1054.67,,33.55,1.0,2.0,144.0,167.33,0.31,413.84,,,,,21.44,125855.03
Carnivora,Procyonidae,Potos,flavus,Potos flavus,2441.81,509.54,116.8,1.11,1.0,348.0,109.13,171.84,858.41,4,2,2,0.22,34.21,12770952.51
Rodentia,Muridae,Praomys,daltoni,Praomys daltoni,34.99,,27.64,5.44,2.0,,,1.5,140.0,,,,,1500.0,1593643.84
Rodentia,Muridae,Praomys,delectorum,Praomys delectorum,35.99,,,3.88,,,,,,,,,,,267884.96
Rodentia,Muridae,Praomys,derooi,Praomys derooi,32.0,,,3.75,,,,,,,,,,,301232.65
Rodentia,Muridae,Praomys,hartwigi,Praomys hartwigi,38.86,115.0,,3.49,,,,,,4,,2,,,38315.64
Rodentia,Muridae,Praomys,jacksoni,Praomys jacksoni,39.01,,35.49,3.67,,,30.0,,74.2,,,,,,3922075.04
Rodentia,Muridae,Praomys,lukolelae,Praomys lukolelae,42.2,,,,,,,,,,1,,,,1546.35
Rodentia,Muridae,Praomys,morio,Praomys morio,41.73,115.0,35.99,3.28,,,30.77,2.68,79.71,4,,2,,,4792.43
Rodentia,Muridae,Praomys,tullbergi,Praomys tullbergi,37.1,101.58,23.9,3.36,4.0,62.4,24.5,2.7,57.07,,1,,0.001625591,1739.53,1062893.48
Primates,Cercopithecidae,Presbytis,comata,Presbytis comata,6550.07,510.0,,1.01,,,,,,3,1,1,0.13,25.68,42000.55
Primates,Cercopithecidae,Presbytis,femoralis,Presbytis femoralis,7026.91,515.0,,,,,,,,,,,0.07,,154945.76
Primates,Cercopithecidae,Presbytis,frontata,Presbytis frontata,6096.6,510.0,,,,,,,,,,,,,203400.02
Primates,Cercopithecidae,Presbytis,hosei,Presbytis hosei,6277.78,,,,,,,,,,,,0.2,4.42,196668.5
Primates,Cercopithecidae,Presbytis,melalophos,Presbytis melalophos,6439.12,504.99,,1.01,,192.0,,,,1,,1,0.12,59.34,130402.58
Primates,Cercopithecidae,Presbytis,potenziani,Presbytis potenziani,6449.53,510.0,,1.02,,,,,,,,,0.12,14.8,6044.85
Primates,Cercopithecidae,Presbytis,rubicunda,Presbytis rubicunda,6348.53,499.99,,1.01,,,,,,1,,1,0.5,19.27,674127.71
Primates,Cercopithecidae,Presbytis,siamensis,Presbytis siamensis,5895.06,510.0,,,,,,,,,,,,,87550.36
Primates,Cercopithecidae,Presbytis,thomasi,Presbytis thomasi,6689.99,,,,,,,,,,,,0.09,27.0,49763.07
Cingulata,Dasypodidae,Priodontes,maximus,Priodontes maximus,40641.89,874.99,124.24,1.5,,180.0,34.8,113.0,327.59,2,2,3,3.19,0.35,10006526.45
Carnivora,Felidae,Prionailurus,bengalensis,Prionailurus bengalensis,2780.97,683.23,70.18,2.5,,180.0,24.85,83.0,855.31,1,1,3,1.87,,10201747.8
Carnivora,Felidae,Prionailurus,planiceps,Prionailurus planiceps,3533.76,467.4,56.0,,,,,,,2,1,2,,,1100389.34
Carnivora,Felidae,Prionailurus,rubiginosus,Prionailurus rubiginosus,1418.75,405.99,,2.23,,,,,,1,1,3,,,1372527.48
Carnivora,Felidae,Prionailurus,viverrinus,Prionailurus viverrinus,8826.46,777.67,71.43,2.0,,120.0,135.96,170.0,,1,1,3,,,3546617.17
Carnivora,Viverridae,Prionodon,linsang,Prionodon linsang,684.83,399.17,,2.3,,128.4,,40.0,,6,1,2,,,1202013.54
Carnivora,Viverridae,Prionodon,pardicolor,Prionodon pardicolor,1142.68,353.19,,2.0,,,,,,6,1,2,,,1096040.96
Rodentia,Nesomyidae,Prionomys,batesi,Prionomys batesi,12.5,,,,,,,,,,,,,,13174.7
Artiodactyla,Bovidae,Procapra,gutturosa,Procapra gutturosa,28274.27,1243.28,189.94,1.41,,84.0,38.97,2900.0,893.06,1,1,1,,,322170.9
Artiodactyla,Bovidae,Procapra,picticaudata,Procapra picticaudata,23197.67,980.0,,1.0,,,,,,,,,,,1936510.55
Artiodactyla,Bovidae,Procapra,przewalskii,Procapra przewalskii,27499.99,,,,,,,,,,,,,,40688.43
Hyracoidea,Procaviidae,Procavia,capensis,Procavia capensis,2952.48,467.37,231.24,2.5,1.0,168.0,90.99,203.49,487.07,5,2,1,0.002638607,2734.51,24125352.41
Primates,Cercopithecidae,Procolobus,verus,Procolobus verus,3977.86,459.99,167.84,1.02,,,,,,1,,1,0.17,18.6,130901.22
Carnivora,Procyonidae,Procyon,cancrivorus,Procyon cancrivorus,6931.72,602.86,69.35,2.62,,168.0,111.36,70.0,631.37,6,2,2,,5.74,12829315.4
Carnivora,Procyonidae,Procyon,lotor,Procyon lotor,6373.72,484.68,65.0,3.06,1.0,252.0,104.16,82.46,561.28,6,2,2,4.62,3.29,11703644.72
Carnivora,Hyaenidae,Proteles,cristata,Proteles cristata,8139.39,697.91,90.62,2.64,,300.0,125.73,275.0,631.37,1,1,3,1.51,0.81,6435462.88
Rodentia,Muridae,Protochromys,fellowsi,Protochromys fellowsi,78.99,142.75,,2.68,,,20.0,,,3,,1,,,1684.66
Rodentia,Sciuridae,Protoxerus,aubinnii,Protoxerus aubinnii,427.94,265.0,,,,,,,,,,,,,310389.66
Rodentia,Sciuridae,Protoxerus,stangeri,Protoxerus stangeri,630.43,291.36,,1.47,,61.2,,,,2,1,1,,,3688592.61
Artiodactyla,Cervidae,Przewalskium,albirostris,Przewalskium albirostris,161681.9,,263.41,1.0,,216.0,,,,,,,,,1061382.86
Rodentia,Muridae,Psammomys,obesus,Psammomys obesus,102.15,,24.8,3.49,,,24.18,6.2,63.38,,,,,69.97,1735287.94
Dasyuromorphia,Dasyuridae,Pseudantechinus,bilarni,Pseudantechinus bilarni,23.05,96.36,38.98,4.75,1.0,36.0,111.36,,353.81,,1,,,,69385.0
Dasyuromorphia,Dasyuridae,Pseudantechinus,macdonnellensis,Pseudantechinus macdonnellensis,36.88,,44.72,5.88,1.0,36.0,97.72,0.01,355.43,,1,,,,881507.53
Dasyuromorphia,Dasyuridae,Pseudantechinus,ningbing,Pseudantechinus ningbing,20.74,,46.71,4.0,,24.0,111.68,,348.62,,1,,,,167787.21
Dasyuromorphia,Dasyuridae,Pseudantechinus,woolleyae,Pseudantechinus woolleyae,43.23,,,5.99,,48.0,,,340.14,,1,,,,356927.91
Diprotodontia,Pseudocheiridae,Pseudocheirus,peregrinus,Pseudocheirus peregrinus,895.22,,,1.89,1.5,96.0,197.14,0.29,375.27,2,1,1,0.00931273,654.82,1440312.81
Diprotodontia,Pseudocheiridae,Pseudochirops,albertisii,Pseudochirops albertisii,784.85,325.29,,1.02,,,,,,3,2,1,,,22493.05
Diprotodontia,Pseudocheiridae,Pseudochirops,archeri,Pseudochirops archeri,1145.92,,,1.03,,,,,,1,1,1,,150.0,13596.8
Diprotodontia,Pseudocheiridae,Pseudochirops,corinnae,Pseudochirops corinnae,1123.0,333.96,,1.02,,,,,,2,1,1,,,209842.04
Diprotodontia,Pseudocheiridae,Pseudochirops,coronatus,Pseudochirops coronatus,1395.85,339.07,,,,,,,,2,1,1,,,97.0
Diprotodontia,Pseudocheiridae,Pseudochirops,cupreus,Pseudochirops cupreus,1764.08,378.9,,1.01,,,,,,2,2,1,,,205225.01
Diprotodontia,Pseudocheiridae,Pseudochirulus,canescens,Pseudochirulus canescens,300.0,223.15,,2.57,,,,,,2,1,1,,,101962.23
Diprotodontia,Pseudocheiridae,Pseudochirulus,caroli,Pseudochirulus caroli,456.02,310.0,,,,,,,,2,1,1,,,38148.52
Diprotodontia,Pseudocheiridae,Pseudochirulus,cinereus,Pseudochirulus cinereus,977.48,,,2.0,,,,,,1,1,1,,146.0,9764.16
Diprotodontia,Pseudocheiridae,Pseudochirulus,forbesi,Pseudochirulus forbesi,639.16,265.18,,1.26,,,,,,2,1,1,,,41306.37
Diprotodontia,Pseudocheiridae,Pseudochirulus,herbertensis,Pseudochirulus herbertensis,1098.34,,,1.89,1.05,,159.09,0.17,544.23,,1,,,899.99,10352.35
Diprotodontia,Pseudocheiridae,Pseudochirulus,mayeri,Pseudochirulus mayeri,151.75,198.81,,1.26,,,,,,3,1,1,,,71728.11
Diprotodontia,Pseudocheiridae,Pseudochirulus,schlegeli,Pseudochirulus schlegeli,255.44,216.22,,,,,,,,2,1,1,,,74.93
Rodentia,Muridae,Pseudohydromys,ellermani,Pseudohydromys ellermani,21.4,90.66,,,,,,,,3,2,2,,,49257.1
Rodentia,Muridae,Pseudohydromys,fuscus,Pseudohydromys fuscus,18.74,89.72,,,,,,,,3,1,2,,,3155.41
Rodentia,Muridae,Pseudohydromys,murinus,Pseudohydromys murinus,16.79,89.43,,0.97,,,,,,3,1,2,,,2880.34
Rodentia,Muridae,Pseudohydromys,occidentalis,Pseudohydromys occidentalis,21.9,101.0,,,,,,,,2,1,2,,,934.02
Artiodactyla,Bovidae,Pseudois,nayaur,Pseudois nayaur,52334.57,1299.99,159.74,1.22,,288.0,,,420.91,2,1,1,,2.49,3101839.68
Artiodactyla,Bovidae,Pseudois,schaeferi,Pseudois schaeferi,29249.99,,,,,,,,,,1,,,,61143.76
Rodentia,Muridae,Pseudomys,albocinereus,Pseudomys albocinereus,30.5,89.22,29.75,3.89,,,29.58,,77.34,,,,,,241382.45
Rodentia,Muridae,Pseudomys,apodemoides,Pseudomys apodemoides,23.78,83.39,44.49,4.9,3.0,,34.99,,,,,,,,42383.45
Rodentia,Muridae,Pseudomys,australis,Pseudomys australis,52.97,121.8,31.35,3.0,,67.2,25.9,4.47,183.07,,,,,,191946.34
Rodentia,Muridae,Pseudomys,bolami,Pseudomys bolami,15.5,,,,,,,,,,,,,,639367.12
Rodentia,Muridae,Pseudomys,chapmani,Pseudomys chapmani,10.95,,,,,,,,,,,,0.05,,244137.11
Rodentia,Muridae,Pseudomys,delicatulus,Pseudomys delicatulus,8.56,67.88,29.89,3.19,,,27.0,,,2,2,1,,,1709436.95
Rodentia,Muridae,Pseudomys,desertor,Pseudomys desertor,37.09,88.26,28.96,3.0,,,24.49,,79.32,,,,,,1317772.95
Rodentia,Muridae,Pseudomys,fieldi,Pseudomys fieldi,42.35,105.74,29.49,3.49,,,28.9,,,2,,1,,,45.74
Rodentia,Muridae,Pseudomys,fumeus,Pseudomys fumeus,68.75,113.02,,,,,,,,,,,,,36320.16
Rodentia,Muridae,Pseudomys,gouldii,Pseudomys gouldii,49.99,108.76,,,,,,,,,,,,,
Rodentia,Muridae,Pseudomys,gracilicaudatus,Pseudomys gracilicaudatus,79.53,109.83,27.0,2.91,,,25.66,4.26,,,,,,,273612.83
Rodentia,Muridae,Pseudomys,hermannsburgensis,Pseudomys hermannsburgensis,13.38,81.75,31.5,2.0,,,30.0,,91.53,,,,,,3421131.92
Rodentia,Muridae,Pseudomys,higginsi,Pseudomys higginsi,63.16,128.84,32.16,2.62,2.0,,27.0,5.33,274.61,3,1,2,0.002011653,520.0,42390.86
Rodentia,Muridae,Pseudomys,johnsoni,Pseudomys johnsoni,12.0,,,,,,,,,,,,,,14173.68
Rodentia,Muridae,Pseudomys,laborifex,Pseudomys laborifex,12.0,,,,,,,,,,,,,,140283.24
Rodentia,Muridae,Pseudomys,nanus,Pseudomys nanus,70.38,101.0,23.99,3.0,,,25.0,,101.7,,,,,,982168.22
Rodentia,Muridae,Pseudomys,novaehollandiae,Pseudomys novaehollandiae,16.8,82.55,31.48,4.43,4.0,,25.2,1.84,122.04,,,,,,137359.77
Rodentia,Muridae,Pseudomys,occidentalis,Pseudomys occidentalis,34.0,102.46,,3.0,,,,,,3,1,1,,,62370.27
Rodentia,Muridae,Pseudomys,oralis,Pseudomys oralis,95.0,160.0,,,,,,,,,,,,,139910.82
Rodentia,Muridae,Pseudomys,pilligaensis,Pseudomys pilligaensis,10.72,,,,,,,,,,,,,,4765.35
Rodentia,Muridae,Pseudomys,shortridgei,Pseudomys shortridgei,72.06,137.59,,3.0,1.0,,,,324.83,,,,,,45747.71
Chiroptera,Pteropodidae,Pteropus,leucopterus,Pteropus leucopterus,343.81,,,,,,,,,,1,,,,107982.23
Chiroptera,Pteropodidae,Pteropus,livingstonii,Pteropus livingstonii,734.27,340.0,152.08,1.0,,,151.22,137.43,,,1,,,,639.47
Chiroptera,Pteropodidae,Pteropus,lombocensis,Pteropus lombocensis,256.15,,,,,,,,,,1,,,,65052.84
Chiroptera,Pteropodidae,Pteropus,lylei,Pteropus lylei,319.75,237.49,,,,,,,,1,1,1,,,111952.43
Chiroptera,Pteropodidae,Pteropus,macrotis,Pteropus macrotis,365.99,211.17,,1.0,,,350.78,,,,1,,,,361950.13
Chiroptera,Pteropodidae,Pteropus,mahaganus,Pteropus mahaganus,297.28,189.92,,,,,,,,,1,,,,11364.47
Chiroptera,Pteropodidae,Pteropus,mariannus,Pteropus mariannus,458.58,217.5,,,,,,,,3,1,1,,,1030.33
Chiroptera,Pteropodidae,Pteropus,melanopogon,Pteropus melanopogon,874.94,285.02,,,,,,,,,1,,,,30972.95
Chiroptera,Pteropodidae,Pteropus,neohibernicus,Pteropus neohibernicus,1017.37,279.07,,1.0,,,,,,,1,,,,455283.09
Chiroptera,Pteropodidae,Pteropus,niger,Pteropus niger,474.43,,,1.0,,,,,,,1,,,,1882.16
Chiroptera,Pteropodidae,Pteropus,nitendiensis,Pteropus nitendiensis,275.56,175.48,,,,,,,,,1,,,,515.2
Chiroptera,Pteropodidae,Pteropus,ocularis,Pteropus ocularis,228.76,202.87,,,,,,,,,1,,,,26128.32
Chiroptera,Pteropodidae,Pteropus,ornatus,Pteropus ornatus,336.25,183.18,187.72,0.98,1.0,,,,755.15,,1,,,,18308.58
Chiroptera,Pteropodidae,Pteropus,personatus,Pteropus personatus,130.84,136.38,,,,,,,,,1,,,,25383.48
Chiroptera,Pteropodidae,Pteropus,pohlei,Pteropus pohlei,352.75,197.33,,,,,,,,,1,,,,5156.49
Chiroptera,Pteropodidae,Pteropus,poliocephalus,Pteropus poliocephalus,702.78,272.59,187.72,1.0,1.0,,120.0,70.0,536.12,2,1,1,,,547129.94
Chiroptera,Pteropodidae,Pteropus,pumilus,Pteropus pumilus,184.05,,,,2.0,,,,,1,1,1,,,232023.94
Chiroptera,Pteropodidae,Pteropus,rayneri,Pteropus rayneri,661.28,255.53,,0.99,,,181.36,68.45,,,1,,,,26002.69
Chiroptera,Pteropodidae,Pteropus,rodricensis,Pteropus rodricensis,256.17,,154.24,1.0,1.0,360.0,149.74,45.0,755.15,1,1,1,,,111.5
Chiroptera,Pteropodidae,Pteropus,samoensis,Pteropus samoensis,309.99,,,,,,143.2,,,2,1,1,,,19596.0
Chiroptera,Pteropodidae,Pteropus,scapulatus,Pteropus scapulatus,380.35,,,1.0,,,133.76,,566.36,2,1,1,,,3331529.09
Chiroptera,Pteropodidae,Pteropus,seychellensis,Pteropus seychellensis,492.2,,156.43,1.0,1.0,,,,,,1,,,,706.03
Chiroptera,Pteropodidae,Pteropus,tokudae,Pteropus tokudae,153.7,145.5,,1.0,,,,,,,1,,,,
Chiroptera,Pteropodidae,Pteropus,tonganus,Pteropus tonganus,561.51,177.32,167.29,1.0,,,143.2,94.16,,1,1,1,,,56956.39
Chiroptera,Pteropodidae,Pteropus,vampyrus,Pteropus vampyrus,1027.54,,,0.99,1.0,,104.69,,,2,1,1,,,2034681.18
Chiroptera,Pteropodidae,Pteropus,vetulus,Pteropus vetulus,151.54,135.99,,,,,,,,,1,,,,16470.95
Chiroptera,Pteropodidae,Pteropus,voeltzkowi,Pteropus voeltzkowi,542.4,,152.08,1.0,1.0,,143.2,,,,1,,,,914.27
Chiroptera,Pteropodidae,Pteropus,woodfordi,Pteropus woodfordi,122.67,141.52,,,,,,,,,1,,,,13791.81
Scandentia,Ptilocercidae,Ptilocercus,lowii,Ptilocercus lowii,42.5,120.0,,,,32.4,,,,3,1,2,,,593574.87
Artiodactyla,Cervidae,Pudu,mephistophiles,Pudu mephistophiles,9599.96,,,1.0,,120.0,,400.0,,,,,,,244304.21
Artiodactyla,Cervidae,Pudu,puda,Pudu puda,9642.62,,210.0,1.22,,150.0,54.75,780.0,229.14,4,1,1,0.17,,223036.92
Carnivora,Felidae,Puma,concolor,Puma concolor,53954.05,1396.33,92.3,2.76,0.75,240.0,48.46,409.87,1034.61,1,1,3,129.89,0.02,22350859.07
Carnivora,Felidae,Puma,yagouaroundi,Puma yagouaroundi,6875.0,701.35,75.01,2.5,2.0,127.83,,,1052.28,3,1,2,52.35,0.58,15093388.56
Rodentia,Cricetidae,Punomys,lemminus,Punomys lemminus,84.8,,,1.94,,,,,,,1,,,,14988.79
Carnivora,Phocidae,Pusa,caspica,Pusa caspica,62326.2,1405.5,334.58,1.0,,600.0,31.32,4182.6,2199.16,2,2,3,,1.47,
Carnivora,Phocidae,Pusa,hispida,Pusa hispida,70963.6,1287.15,270.0,1.0,,552.0,45.23,4500.0,2251.64,6,2,2,,0.95,
Artiodactyla,Cervidae,Rusa,unicolor,Rusa unicolor,177522.9,2040.0,246.0,1.0,,317.04,,10270.0,620.76,3,,1,,4.89,7050571.04
Rodentia,Spalacidae,Rhizomys,sumatrensis,Rhizomys sumatrensis,2500.0,,21.99,4.0,,,69.25,,,,,,,,1503754.2
Rodentia,Cricetidae,Rhipidomys,macconnelli,Rhipidomys macconnelli,41.59,,,,,,,,,,1,,,,191016.91
Rodentia,Cricetidae,Rhipidomys,mastacalis,Rhipidomys mastacalis,100.0,,,3.8,3.5,,,,92.8,4,1,2,,101.19,
Rodentia,Cricetidae,Rhipidomys,nitela,Rhipidomys nitela,89.0,,,,,,,,,,1,,,,1487334.96
Carnivora,Phocidae,Pusa,sibirica,Pusa sibirica,89499.99,1272.95,277.63,1.0,,672.0,66.11,3050.0,2276.14,1,2,3,,1.58,
Primates,Cercopithecidae,Pygathrix,nemaeus,Pygathrix nemaeus,9411.1,623.37,182.88,1.01,,300.0,,191.94,,2,,1,,,150210.65
Primates,Cercopithecidae,Pygathrix,nigripes,Pygathrix nigripes,10333.32,609.99,,1.0,,,,,,2,,1,,,129519.56
Rodentia,Dipodidae,Pygeretmus,pumilio,Pygeretmus pumilio,52.24,,27.5,3.35,1.5,,,,,2,2,1,0.002441076,,3381878.34
Chiroptera,Phyllostomidae,Pygoderma,bilabiatum,Pygoderma bilabiatum,18.5,,,0.98,1.0,,,,,2,1,1,,,3070130.45
Rodentia,Cricetidae,Rhipidomys,wetzeli,Rhipidomys wetzeli,89.0,,,,,,,,,,1,,,,205046.83
Rodentia,Spalacidae,Rhizomys,pruinosus,Rhizomys pruinosus,2450.0,,,3.0,,,120.75,,,,,,,,1160203.0
Chiroptera,Pteropodidae,Rousettus,celebensis,Rousettus celebensis,63.07,104.5,,1.0,,,,,,,1,,,,173659.28
Chiroptera,Pteropodidae,Rousettus,lanosus,Rousettus lanosus,104.78,,,,,,,,,,1,,,,846954.61
Chiroptera,Pteropodidae,Rousettus,leschenaultii,Rousettus leschenaultii,84.88,,121.66,1.01,2.0,,52.34,12.0,322.24,3,1,2,,,5152928.23
Chiroptera,Pteropodidae,Rousettus,madagascariensis,Rousettus madagascariensis,65.72,129.99,126.88,1.22,,,,,,2,1,1,,,243394.84
Chiroptera,Pteropodidae,Rousettus,obliviosus,Rousettus obliviosus,45.32,,,0.98,,,,,,,1,,,,1677.4
Chiroptera,Pteropodidae,Rousettus,spinalatus,Rousettus spinalatus,92.32,,,1.0,,,,,,,1,,,,38709.46
Artiodactyla,Cervidae,Rucervus,duvaucelii,Rucervus duvaucelii,171223.86,1500.0,245.0,1.0,,,,,827.69,2,2,1,14.11,11.24,255737.11
Artiodactyla,Cervidae,Rucervus,eldii,Rucervus eldii,95471.61,1650.0,240.19,1.01,,232.8,220.26,4674.98,531.64,3,1,1,,,119941.73
Artiodactyla,Cervidae,Rucervus,schomburgki,Rucervus schomburgki,107626.42,,,,,,,,,,,,,,
Artiodactyla,Bovidae,Rupicapra,pyrenaica,Rupicapra pyrenaica,29999.99,,,,,,,,,,,,,,13561.93
Artiodactyla,Bovidae,Rupicapra,rupicapra,Rupicapra rupicapra,33266.35,,178.32,1.0,,264.0,76.04,2250.0,642.64,2,1,1,2.65,,742756.93
Artiodactyla,Cervidae,Rusa,alfredi,Rusa alfredi,46475.04,,243.33,,,,,,,,,,,,24504.78
Artiodactyla,Cervidae,Rusa,marianna,Rusa marianna,49457.61,1255.0,,,,,,,,,,,,,220497.9
Artiodactyla,Cervidae,Rusa,timorensis,Rusa timorensis,66375.5,1634.99,250.29,1.0,,,227.47,,666.44,2,,1,,,132249.02
Rodentia,Cricetidae,Rhipidomys,ochrogaster,Rhipidomys ochrogaster,89.0,,,,,,,,,,1,,,,1231828.6
Rodentia,Cricetidae,Rhipidomys,venezuelae,Rhipidomys venezuelae,89.99,,,,,,,,,,1,,,,218910.02
Rodentia,Cricetidae,Rhipidomys,venustus,Rhipidomys venustus,89.0,,,,,,,,,,1,,,,26254.03
Soricomorpha,Soricidae,Ruwenzorisorex,suncoides,Ruwenzorisorex suncoides,18.2,,,,,,,,,,,,,,8823.5
Chiroptera,Emballonuridae,Saccolaimus,flaviventris,Saccolaimus flaviventris,45.25,,,,2.0,,,,,,1,,,,5655577.55
Chiroptera,Emballonuridae,Saccolaimus,peli,Saccolaimus peli,53.35,,,1.0,,,,,,,1,,,,3800009.52
Chiroptera,Emballonuridae,Saccolaimus,saccolaimus,Saccolaimus saccolaimus,43.0,,,1.0,,,,,,1,1,3,,,4032279.02
Chiroptera,Emballonuridae,Saccopteryx,bilineata,Saccopteryx bilineata,8.08,,,0.99,1.0,,59.99,3.49,,1,1,3,,,12018838.16
Chiroptera,Emballonuridae,Saccopteryx,canescens,Saccopteryx canescens,3.41,,,1.0,,,,,,1,1,3,,,5307719.51
Rodentia,Nesomyidae,Saccostomus,campestris,Saccostomus campestris,50.33,117.31,20.84,6.75,,33.6,28.97,2.59,50.56,3,,2,,22.06,4378642.71
Rodentia,Nesomyidae,Saccostomus,mearnsi,Saccostomus mearnsi,64.91,,,5.75,,,,,,3,,2,0.001303656,3611.61,497929.52
Primates,Cebidae,Saguinus,bicolor,Saguinus bicolor,465.0,239.99,158.16,2.0,,,,,,4,1,2,,,65246.44
Primates,Cebidae,Saguinus,fuscicollis,Saguinus fuscicollis,393.99,,148.0,1.83,,294.0,90.1,39.18,406.61,5,1,2,0.2,19.49,1978748.26
Artiodactyla,Cervidae,Rangifer,tarandus,Rangifer tarandus,109088.5,2224.35,222.5,2.0,,242.4,136.87,5490.62,758.71,3,,1,2771.22,2.55,18376464.07
Artiodactyla,Bovidae,Raphicerus,campestris,Raphicerus campestris,11661.53,824.99,210.0,0.98,,168.0,49.89,916.51,233.81,5,1,1,0.43,1.27,4930075.62
Artiodactyla,Bovidae,Raphicerus,melanotis,Raphicerus melanotis,10503.14,,,,,168.0,,,,2,1,1,,10.5,243785.08
Artiodactyla,Bovidae,Raphicerus,sharpei,Raphicerus sharpei,9396.9,679.99,212.91,1.0,,168.0,,,,3,1,1,,0.51,2548307.11
Rodentia,Muridae,Rattus,annandalei,Rattus annandalei,197.49,,,,,,,,,,,,,,61557.6
Rodentia,Muridae,Rattus,argentiventer,Rattus argentiventer,165.37,193.81,21.4,9.85,,,,,54.42,5,,2,,,195050.18
Rodentia,Muridae,Rattus,baluensis,Rattus baluensis,107.5,190.0,,,,,,,,4,,2,,,158.06
Rodentia,Muridae,Rattus,colletti,Rattus colletti,146.48,,,,,,,,,,,,,,79228.17
Rodentia,Muridae,Rattus,elaphinus,Rattus elaphinus,131.35,,,,,,,,,,,,,,2894.95
Rodentia,Muridae,Rattus,everetti,Rattus everetti,253.53,190.0,,,,,,,,5,,2,0.005001891,153.38,239437.44
Rodentia,Muridae,Rattus,exulans,Rattus exulans,50.63,119.9,21.34,3.7,3.9,,28.0,2.43,57.41,4,,2,0.000935769,7154.76,1877248.56
Rodentia,Muridae,Rattus,feliceus,Rattus feliceus,306.0,,,,,,,,,,,,,,50.4
Rodentia,Muridae,Rattus,fuscipes,Rattus fuscipes,124.58,159.25,22.95,4.58,3.3,41.0,25.38,4.24,59.31,3,2,2,,1069.81,451237.89
Rodentia,Muridae,Rattus,jobiensis,Rattus jobiensis,380.0,211.3,,,,,,,,,,,,,4824.46
Rodentia,Muridae,Rattus,leucopus,Rattus leucopus,200.89,189.68,,3.45,,,,,102.07,4,2,2,,,362571.26
Rodentia,Muridae,Rattus,losea,Rattus losea,104.63,,,,,,,,,,,,,,367079.25
Rodentia,Muridae,Rattus,lutreolus,Rattus lutreolus,106.0,160.65,24.81,4.45,2.4,29.0,25.0,4.94,56.96,4,2,2,,566.83,336333.3
Rodentia,Muridae,Rattus,mordax,Rattus mordax,230.0,173.45,,2.47,,,,,,2,,1,,,97464.01
Rodentia,Muridae,Rattus,morotaiensis,Rattus morotaiensis,148.25,,,,,,,,,,,,,,2299.31
Rodentia,Muridae,Rattus,niobe,Rattus niobe,45.07,115.43,,2.15,,,,,,3,2,2,0.001058952,,
Rodentia,Muridae,Rattus,nitidus,Rattus nitidus,100.02,182.58,,3.09,,,,,,,,,,,1192450.82
Rodentia,Muridae,Rattus,norvegicus,Rattus norvegicus,282.89,,21.74,8.99,3.5,,25.37,5.8,55.23,1,2,1,0.002927936,,
Rodentia,Muridae,Rattus,novaeguineae,Rattus novaeguineae,133.0,177.68,,5.37,,,,,,,1,,,,29467.48
Rodentia,Muridae,Rattus,omichlodes,Rattus omichlodes,70.02,132.48,,,,,,,,,,,,,
Rodentia,Muridae,Rattus,praetor,Rattus praetor,194.43,195.7,,4.37,,,,,,,1,,,,288915.89
Rodentia,Muridae,Rattus,rattus,Rattus rattus,142.68,201.99,23.45,5.88,3.75,50.4,28.0,4.53,115.29,5,2,2,0.00231795,2640.54,
Rodentia,Muridae,Rattus,richardsoni,Rattus richardsoni,64.29,124.81,,2.15,,,,,,3,,2,,,4489.98
Rodentia,Muridae,Rattus,sordidus,Rattus sordidus,157.5,159.67,21.89,5.99,,,,3.0,51.28,,,,,,467956.71
Rodentia,Muridae,Rattus,steini,Rattus steini,151.17,171.01,,3.65,,,,,,4,,2,,,238700.38
Rodentia,Muridae,Rattus,tanezumi,Rattus tanezumi,140.84,,,,,,,,,,,,,,
Rodentia,Muridae,Rattus,tiomanicus,Rattus tiomanicus,119.29,190.0,21.99,3.87,,,,4.1,,4,1,2,,4912.07,1516498.44
Rodentia,Muridae,Rattus,tunneyi,Rattus tunneyi,169.29,151.64,22.29,5.34,,,,,158.16,,,,,,689460.95
Rodentia,Muridae,Rattus,vandeuseni,Rattus vandeuseni,67.24,135.21,,2.15,,,,,,3,1,2,,,170.49
Rodentia,Muridae,Rattus,verecundus,Rattus verecundus,97.02,142.51,23.72,2.15,,,19.5,,,3,2,2,0.001058952,,246219.16
Rodentia,Muridae,Rattus,villosissimus,Rattus villosissimus,221.76,186.64,,,,,,,,,,,,2967.34,1853722.51
Rodentia,Sciuridae,Ratufa,affinis,Ratufa affinis,1155.82,343.99,,,,,,,,4,2,2,,23.03,1344098.02
Rodentia,Sciuridae,Ratufa,bicolor,Ratufa bicolor,1609.08,319.47,31.5,1.5,,121.0,68.2,77.0,,4,2,2,,9.74,2430223.67
Rodentia,Sciuridae,Ratufa,indica,Ratufa indica,1060.0,,83.64,,,,,,,4,2,2,,,388205.93
Rodentia,Sciuridae,Ratufa,macroura,Ratufa macroura,1326.24,,28.0,3.49,1.5,,62.99,,742.46,4,2,2,,,117108.35
Artiodactyla,Bovidae,Redunca,arundinum,Redunca arundinum,58059.24,1505.0,220.52,0.98,,201.0,,4500.0,,2,1,1,,0.65,5149998.73
Artiodactyla,Bovidae,Redunca,fulvorufula,Redunca fulvorufula,29352.66,1230.0,222.99,,,147.96,82.12,2719.09,326.81,1,1,1,0.07,7.77,1134766.5
Artiodactyla,Bovidae,Redunca,redunca,Redunca redunca,43288.95,1150.0,228.12,1.0,,216.0,,,,1,1,1,,1.03,6462304.59
Rodentia,Cricetidae,Reithrodon,auritus,Reithrodon auritus,79.73,142.5,,3.4,,66.0,,,68.97,2,2,1,,61.11,1534977.74
Rodentia,Cricetidae,Reithrodontomys,brevirostris,Reithrodontomys brevirostris,12.9,72.28,,3.4,,,,,,,2,,,,20739.72
Rodentia,Cricetidae,Reithrodontomys,burti,Reithrodontomys burti,20.0,,,,,,,,,,2,,,,90816.12
Rodentia,Cricetidae,Reithrodontomys,chrysopsis,Reithrodontomys chrysopsis,19.0,,,3.4,,,,,,,2,,,380.91,53949.66
Rodentia,Cricetidae,Reithrodontomys,creper,Reithrodontomys creper,22.8,89.73,,2.21,,,,,,,2,,,,21120.56
Rodentia,Cricetidae,Reithrodontomys,darienensis,Reithrodontomys darienensis,12.99,,,3.88,,,,,,,2,,,,48257.72
Rodentia,Cricetidae,Reithrodontomys,fulvescens,Reithrodontomys fulvescens,11.55,66.99,,3.76,,,14.44,1.11,,3,2,2,0.001343843,639.1,2462274.78
Rodentia,Cricetidae,Reithrodontomys,gracilis,Reithrodontomys gracilis,12.47,72.79,,3.11,,,,,,,2,,,,326863.25
Rodentia,Cricetidae,Reithrodontomys,hirsutus,Reithrodontomys hirsutus,20.0,,,3.88,,,,,,,2,,,,8359.01
Rodentia,Cricetidae,Reithrodontomys,humulis,Reithrodontomys humulis,8.25,65.0,21.26,2.99,,26.89,20.92,1.07,44.65,3,2,2,0.003188291,326.97,1299569.88
Rodentia,Cricetidae,Reithrodontomys,megalotis,Reithrodontomys megalotis,10.72,69.62,23.5,4.18,4.5,18.0,20.0,1.36,87.5,,2,,0.001008937,1152.39,5125874.07
Rodentia,Cricetidae,Reithrodontomys,mexicanus,Reithrodontomys mexicanus,15.71,,,2.91,,,,,,,2,,,,603566.32
Rodentia,Cricetidae,Reithrodontomys,microdon,Reithrodontomys microdon,20.0,,,,,,,,,,2,,,,138081.97
Rodentia,Cricetidae,Reithrodontomys,montanus,Reithrodontomys montanus,10.9,,21.0,3.94,,,14.0,0.99,61.87,3,2,2,0.002290248,300.58,1850597.56
Rodentia,Cricetidae,Reithrodontomys,raviventris,Reithrodontomys raviventris,10.95,70.91,22.5,3.88,1.5,31.0,,,,2,2,1,0.001664605,,32.04
Rodentia,Cricetidae,Reithrodontomys,spectabilis,Reithrodontomys spectabilis,20.19,87.83,,,,,,,,,2,,,,490.76
Rodentia,Cricetidae,Reithrodontomys,sumichrasti,Reithrodontomys sumichrasti,19.0,,,3.49,,,,,,,2,,,,408113.58
Rodentia,Cricetidae,Reithrodontomys,tenuirostris,Reithrodontomys tenuirostris,20.0,87.73,,,,,,,,,2,,,,21302.1
Rodentia,Muridae,Rhabdomys,pumilio,Rhabdomys pumilio,40.73,108.81,25.44,5.28,7.0,34.8,14.0,2.5,61.87,3,,2,,1827.85,
Rodentia,Cricetidae,Rhagomys,rufescens,Rhagomys rufescens,21.2,,,,,,,,,,1,,,,32243.17
Rodentia,Sciuridae,Rheithrosciurus,macrotis,Rheithrosciurus macrotis,1353.27,406.5,,,,,,,,,1,,,,580501.1
Rodentia,Cricetidae,Rheomys,mexicanus,Rheomys mexicanus,40.0,,,,,,,,,2,2,3,,,14942.63
Rodentia,Cricetidae,Rheomys,raptor,Rheomys raptor,38.0,,,0.97,,,,,,,2,,,,1835.2
Rodentia,Cricetidae,Rheomys,thomasi,Rheomys thomasi,40.0,,,0.97,,,,,,2,2,3,,,25340.02
Perissodactyla,Rhinocerotidae,Rhinoceros,sondaicus,Rhinoceros sondaicus,1750000.0,3099.99,486.66,1.0,,480.0,509.21,,,2,1,1,,0.1,50679.79
Perissodactyla,Rhinocerotidae,Rhinoceros,unicornis,Rhinoceros unicornis,1843655.8,3743.39,478.99,1.41,,588.0,339.47,61326.59,2069.22,3,2,1,4.23,3.33,24776.82
Chiroptera,Rhinolophidae,Rhinolophus,acuminatus,Rhinolophus acuminatus,12.1,,,1.0,,,,,,1,1,3,,,486496.76
Chiroptera,Rhinolophidae,Rhinolophus,affinis,Rhinolophus affinis,13.7,,,0.99,2.0,,,,,1,1,3,,,5563218.26
Chiroptera,Rhinolophidae,Rhinolophus,alcyone,Rhinolophus alcyone,18.62,,,0.98,,,,,,,1,,,,2901061.64
Chiroptera,Rhinolophidae,Rhinolophus,arcuatus,Rhinolophus arcuatus,8.98,,,,,,,,,1,1,3,,,326282.65
Chiroptera,Rhinolophidae,Rhinolophus,blasii,Rhinolophus blasii,10.29,,91.24,,,,,,,1,1,3,,,2904720.18
Chiroptera,Rhinolophidae,Rhinolophus,bocharicus,Rhinolophus bocharicus,15.05,,,,,,,,,,,,,,149108.19
Chiroptera,Rhinolophidae,Rhinolophus,capensis,Rhinolophus capensis,12.87,,107.97,0.99,1.0,,60.41,,396.23,,1,,,,213936.79
Chiroptera,Rhinolophidae,Rhinolophus,coelophyllus,Rhinolophus coelophyllus,7.07,,,,,,,,,1,1,3,,,833679.42
Chiroptera,Rhinolophidae,Rhinolophus,cornutus,Rhinolophus cornutus,7.27,,,1.0,,,41.85,2.57,,1,1,3,,,365187.97
Chiroptera,Rhinolophidae,Rhinolophus,darlingi,Rhinolophus darlingi,8.94,,,1.96,,,,,,,1,,,,6947234.73
Chiroptera,Rhinolophidae,Rhinolophus,denti,Rhinolophus denti,6.3,,,,,,,,,,1,,,,1723915.59
Chiroptera,Rhinolophidae,Rhinolophus,eloquens,Rhinolophus eloquens,19.15,,,,,,,,,1,1,3,,,560935.75
Chiroptera,Rhinolophidae,Rhinolophus,euryale,Rhinolophus euryale,9.25,,92.54,1.0,1.0,,105.72,3.89,845.83,,1,,,,2321112.24
Chiroptera,Rhinolophidae,Rhinolophus,euryotis,Rhinolophus euryotis,14.3,,,,,,,,,1,1,3,,,440225.16
Chiroptera,Rhinolophidae,Rhinolophus,ferrumequinum,Rhinolophus ferrumequinum,22.59,,91.24,0.98,1.0,360.0,45.87,5.64,827.69,1,1,3,,,6797743.37
Chiroptera,Rhinolophidae,Rhinolophus,fumigatus,Rhinolophus fumigatus,13.09,,92.54,0.99,1.0,,60.41,,,1,1,3,,,11664438.1
Chiroptera,Rhinolophidae,Rhinolophus,hildebrandtii,Rhinolophus hildebrandtii,25.99,,92.54,0.99,1.0,,,,,1,1,3,,,4302227.38
Chiroptera,Rhinolophidae,Rhinolophus,hilli,Rhinolophus hilli,13.6,60.86,,,,,,,,,,,,,5351.09
Chiroptera,Rhinolophidae,Rhinolophus,hipposideros,Rhinolophus hipposideros,4.57,38.99,75.51,1.0,1.0,252.0,33.2,2.1,447.26,1,1,3,,,4202573.83
Chiroptera,Rhinolophidae,Rhinolophus,inops,Rhinolophus inops,13.65,,,,,,,,,1,1,3,,,119027.88
Chiroptera,Rhinolophidae,Rhinolophus,keyensis,Rhinolophus keyensis,6.26,,,1.0,,,,,,,1,,,,70406.34
Chiroptera,Rhinolophidae,Rhinolophus,landeri,Rhinolophus landeri,9.39,,119.61,0.99,,,60.41,,,1,1,3,,,12933273.28
Chiroptera,Rhinolophidae,Rhinolophus,lepidus,Rhinolophus lepidus,5.46,,,1.0,,,,,,1,1,3,,,3486146.34
Chiroptera,Rhinolophidae,Rhinolophus,luctus,Rhinolophus luctus,34.07,,,0.99,,,,,,1,1,3,,,6885843.77
Chiroptera,Rhinolophidae,Rhinolophus,macrotis,Rhinolophus macrotis,6.18,,,0.98,,,,,,1,1,3,,,1278790.8
Chiroptera,Rhinolophidae,Rhinolophus,malayanus,Rhinolophus malayanus,6.73,,,,,,,,,1,1,3,,,974834.21
Chiroptera,Rhinolophidae,Rhinolophus,marshalli,Rhinolophus marshalli,5.02,,,,,,,,,1,1,3,,,704109.29
Chiroptera,Rhinolophidae,Rhinolophus,megaphyllus,Rhinolophus megaphyllus,10.17,,125.14,1.0,1.0,,57.22,,,1,1,3,,,700183.75
Chiroptera,Rhinolophidae,Rhinolophus,mehelyi,Rhinolophus mehelyi,14.03,,,,,,,,,1,1,3,,,2078525.97
Chiroptera,Rhinolophidae,Rhinolophus,paradoxolophus,Rhinolophus paradoxolophus,8.17,,,,,,,,,1,1,3,,,267165.44
Chiroptera,Rhinolophidae,Rhinolophus,pearsonii,Rhinolophus pearsonii,11.55,,,,,,,,,1,1,3,,,3427752.3
Chiroptera,Rhinolophidae,Rhinolophus,philippinensis,Rhinolophus philippinensis,10.91,,,,,,,,,1,1,3,,,391836.76
Chiroptera,Rhinolophidae,Rhinolophus,pusillus,Rhinolophus pusillus,5.15,,,1.0,,,,,,1,1,3,,,459599.24
Chiroptera,Rhinolophidae,Rhinolophus,robinsoni,Rhinolophus robinsoni,8.54,,,,,,,,,1,1,3,,,46677.33
Chiroptera,Rhinolophidae,Rhinolophus,rouxii,Rhinolophus rouxii,12.25,,123.54,0.99,1.0,60.0,59.42,2.86,451.11,1,1,3,,,599516.17
Chiroptera,Rhinolophidae,Rhinolophus,sedulus,Rhinolophus sedulus,8.74,,,,,,,,,1,1,3,,,868927.45
Chiroptera,Rhinolophidae,Rhinolophus,shameli,Rhinolophus shameli,9.61,,,,,,,,,1,1,3,,,662383.5
Chiroptera,Rhinolophidae,Rhinolophus,simulator,Rhinolophus simulator,8.13,,91.24,0.99,,,,,,1,1,3,,,2950797.63
Chiroptera,Rhinolophidae,Rhinolophus,stheno,Rhinolophus stheno,7.92,,,0.98,,,,,,1,1,3,,,1443792.75
Chiroptera,Rhinolophidae,Rhinolophus,swinnyi,Rhinolophus swinnyi,7.07,,91.24,0.98,,,,,,,1,,,,2562195.54
Chiroptera,Rhinolophidae,Rhinolophus,thomasi,Rhinolophus thomasi,8.26,,,,,,,,,1,1,3,,,571234.4
Chiroptera,Rhinolophidae,Rhinolophus,trifoliatus,Rhinolophus trifoliatus,15.16,,,,,,,,,1,1,3,,,1830416.86
Chiroptera,Rhinolophidae,Rhinolophus,virgo,Rhinolophus virgo,6.06,,,,,,,,,1,1,3,,,240685.23
Chiroptera,Rhinolophidae,Rhinolophus,yunanensis,Rhinolophus yunanensis,19.33,,,,,,,,,1,1,3,,,883933.76
Chiroptera,Hipposideridae,Rhinonicteris,aurantia,Rhinonicteris aurantia,8.99,49.99,148.4,1.0,1.0,,59.99,2.52,451.11,1,1,3,,,888542.65
Chiroptera,Phyllostomidae,Rhinophylla,fischerae,Rhinophylla fischerae,9.6,,,0.98,,,,,,1,1,1,,,3691801.39
Chiroptera,Phyllostomidae,Rhinophylla,pumilio,Rhinophylla pumilio,9.58,,,0.98,,,,,,1,1,1,,,8340002.26
Primates,Cercopithecidae,Rhinopithecus,avunculus,Rhinopithecus avunculus,9086.19,569.91,200.0,1.0,,,,,,,2,,,,29614.99
Primates,Cercopithecidae,Rhinopithecus,bieti,Rhinopithecus bieti,11000.54,718.26,170.0,,,,,424.72,755.15,5,,2,20.4,2.5,23060.04
Primates,Cercopithecidae,Rhinopithecus,brelichi,Rhinopithecus brelichi,12267.15,707.14,200.0,1.0,,,,,,2,2,1,7.41,16.92,34391.58
Primates,Cercopithecidae,Rhinopithecus,roxellana,Rhinopithecus roxellana,13456.8,647.1,199.34,1.0,,,,,,2,2,1,24.28,4.6,311105.7
Chiroptera,Rhinopomatidae,Rhinopoma,hardwickii,Rhinopoma hardwickii,13.1,59.8,98.28,0.99,1.0,,52.04,2.5,320.04,1,1,3,,,16925604.79
Chiroptera,Rhinopomatidae,Rhinopoma,microphyllum,Rhinopoma microphyllum,28.02,61.82,114.87,1.0,1.0,,31.3,4.99,648.9,1,1,3,,,14416988.96
Chiroptera,Rhinopomatidae,Rhinopoma,muscatellum,Rhinopoma muscatellum,9.13,,,,,,,,,1,1,3,,,801219.76
Rodentia,Sciuridae,Rhinosciurus,laticaudatus,Rhinosciurus laticaudatus,230.3,210.16,,1.39,,,,,,3,,2,,9.56,880578.73
Rodentia,Cricetidae,Rhipidomys,austrinus,Rhipidomys austrinus,89.0,,,,,,,,,,1,,,,175757.5
Rodentia,Cricetidae,Rhipidomys,caucensis,Rhipidomys caucensis,89.0,,,,,,,,,,1,,,,
Rodentia,Cricetidae,Rhipidomys,couesi,Rhipidomys couesi,89.0,,,,,,,,,,1,,,,
Rodentia,Cricetidae,Rhipidomys,fulviventer,Rhipidomys fulviventer,89.0,,,,,,,,,,1,,,,43102.02
Rodentia,Cricetidae,Rhipidomys,latimanus,Rhipidomys latimanus,57.5,,,,,,,,,4,1,2,,,96039.74
Primates,Cebidae,Saguinus,geoffroyi,Saguinus geoffroyi,492.5,,,1.97,,,,47.84,,4,1,2,0.16,5.13,76159.09
Primates,Cebidae,Saguinus,imperator,Saguinus imperator,407.91,,,,,242.4,,46.55,,2,1,2,0.22,18.39,191381.63
Primates,Cebidae,Saguinus,inustus,Saguinus inustus,803.0,,,,,,,,,,1,,,,266932.81
Primates,Cebidae,Saguinus,labiatus,Saguinus labiatus,508.46,,144.16,1.84,,,,40.67,,,1,,0.19,14.08,253794.53
Primates,Cebidae,Saguinus,leucopus,Saguinus leucopus,456.68,239.99,142.5,2.0,,,,43.76,,5,1,2,,10.57,38875.35
Primates,Cebidae,Saguinus,midas,Saguinus midas,540.56,264.21,138.24,2.02,,184.8,69.6,39.78,841.82,4,1,2,0.05,10.98,1524401.32
Primates,Cebidae,Saguinus,mystax,Saguinus mystax,555.87,,148.28,1.93,,,,46.65,556.85,5,1,2,0.21,30.98,557860.63
Primates,Cebidae,Saguinus,nigricollis,Saguinus nigricollis,450.0,,,1.82,,182.4,82.53,43.58,,,1,,0.25,13.33,63703.04
Primates,Cebidae,Saguinus,oedipus,Saguinus oedipus,462.04,239.99,166.49,1.9,,277.2,49.85,41.0,680.38,4,1,2,0.06,45.52,51020.84
Primates,Cebidae,Saguinus,tripartitus,Saguinus tripartitus,385.05,,,,,,,,,,1,,,,12544.34
Artiodactyla,Bovidae,Saiga,tatarica,Saiga tatarica,37734.01,1160.0,148.49,1.5,,144.0,83.64,3326.46,332.65,2,2,1,,0.75,2926916.31
Primates,Cebidae,Saimiri,boliviensis,Saimiri boliviensis,799.45,309.99,157.79,1.02,,,,,,,,,,28.7,1686507.84
Rodentia,Spalacidae,Spalax,leucodon,Spalax leucodon,188.67,,29.18,3.24,1.0,54.0,57.74,4.99,,4,1,2,,,714434.38
Rodentia,Spalacidae,Spalax,microphthalmus,Spalax microphthalmus,470.0,,,2.91,1.0,,,,,,,,,,732950.44
Carnivora,Canidae,Speothos,venaticus,Speothos venaticus,6324.54,624.73,67.78,3.8,,124.0,127.3,157.5,344.87,1,1,3,,,9703966.13
Rodentia,Sciuridae,Spermophilus,adocetus,Spermophilus adocetus,155.52,177.47,,,,,,,,2,2,1,,,31030.21
Rodentia,Sciuridae,Spermophilus,annulatus,Spermophilus annulatus,499.99,221.13,,3.88,,,,,,3,3,2,,,50385.66
Rodentia,Sciuridae,Spermophilus,armatus,Spermophilus armatus,306.48,219.5,24.5,5.4,1.0,60.0,21.43,,420.91,3,2,2,,4544.01,176342.04
Rodentia,Sciuridae,Spermophilus,atricapillus,Spermophilus atricapillus,550.99,244.66,,,,,,,,,,,,,12535.95
Rodentia,Sciuridae,Spermophilus,beecheyi,Spermophilus beecheyi,597.82,,28.37,6.71,1.0,60.0,52.6,9.29,365.0,,1,,0.000293039,1100.45,459262.56
Rodentia,Sciuridae,Spermophilus,beldingi,Spermophilus beldingi,272.53,236.4,26.19,5.71,1.0,,24.5,6.86,420.91,5,2,2,,2378.64,337927.66
Soricomorpha,Soricidae,Sorex,preblei,Sorex preblei,3.14,53.0,,,,,,,,,1,,,,670513.97
Soricomorpha,Soricidae,Sorex,roboratus,Sorex roboratus,12.99,73.67,,7.52,,,,,,1,,3,,,7591420.4
Soricomorpha,Soricidae,Sorex,samniticus,Sorex samniticus,8.24,,,,,,,,,,,,,,57915.64
Soricomorpha,Soricidae,Sorex,saussurei,Sorex saussurei,4.65,,,,,,,,,,,,,,464865.07
Soricomorpha,Soricidae,Sorex,sclateri,Sorex sclateri,7.0,,,,,,,,,,,,,,333.03
Soricomorpha,Soricidae,Sorex,sonomae,Sorex sonomae,8.3,,,,,,,,,,,,,,142851.4
Soricomorpha,Soricidae,Sorex,stizodon,Sorex stizodon,7.0,,,,,,,,,,,,,,336.17
Soricomorpha,Soricidae,Sorex,tenellus,Sorex tenellus,3.8,52.0,,,,,,,,,,,,,65627.48
Soricomorpha,Soricidae,Sorex,trowbridgii,Sorex trowbridgii,5.02,63.99,,3.91,2.0,18.0,,,,3,1,2,,,377970.17
Soricomorpha,Soricidae,Sorex,tundrensis,Sorex tundrensis,7.65,68.19,,8.7,,,,,,2,,2,,,16024867.98
Soricomorpha,Soricidae,Sorex,unguiculatus,Sorex unguiculatus,14.11,75.49,28.0,5.24,1.32,18.0,,,278.27,1,2,3,8.51806e-05,3093.28,788677.6
Soricomorpha,Soricidae,Sorex,vagrans,Sorex vagrans,5.99,64.51,20.13,5.84,1.5,25.0,21.83,0.41,417.36,3,,2,0.002073312,1759.54,1257392.2
Rodentia,Sciuridae,Spermophilus,brunneus,Spermophilus brunneus,300.0,180.95,24.5,7.5,1.0,,,,,8,2,2,,,1287.06
Rodentia,Sciuridae,Spermophilus,citellus,Spermophilus citellus,395.97,198.5,27.74,6.48,1.25,,,,293.89,3,2,2,,,486400.47
Rodentia,Sciuridae,Spermophilus,columbianus,Spermophilus columbianus,470.94,295.97,24.09,3.54,1.0,,32.19,9.58,625.91,4,2,1,0.001090594,2894.51,531930.5
Rodentia,Sciuridae,Spermophilus,elegans,Spermophilus elegans,324.45,,22.97,5.75,,,33.2,5.97,,1,2,1,0.00191853,2834.47,272232.06
Primates,Cebidae,Saimiri,oerstedii,Saimiri oerstedii,714.18,282.22,161.0,1.01,,,362.93,,,2,1,2,0.1,128.8,6892.87
Primates,Cebidae,Saimiri,sciureus,Saimiri sciureus,749.47,322.0,164.09,1.0,,324.0,177.41,107.5,1399.88,3,1,2,0.68,36.09,3166418.25
Primates,Cebidae,Saimiri,ustus,Saimiri ustus,886.47,309.99,,1.02,,,238.64,,,,1,,,,1699438.17
Primates,Cebidae,Saimiri,vanzolinii,Saimiri vanzolinii,783.77,,,1.02,,,,,,,,,,,7011.35
Carnivora,Eupleridae,Salanoia,concolor,Salanoia concolor,711.49,296.21,,,,57.6,,,,3,1,2,,,41471.69
Dasyuromorphia,Dasyuridae,Sarcophilus,harrisii,Sarcophilus harrisii,8202.25,557.86,21.0,2.88,1.0,98.4,243.33,0.02,777.31,1,1,3,,5.9,63567.96
Chiroptera,Molossidae,Sauromys,petrophilus,Sauromys petrophilus,14.25,,,,,,,,,,1,,,,1573107.22
Soricomorpha,Talpidae,Scalopus,aquaticus,Scalopus aquaticus,87.15,125.21,41.99,3.89,1.0,74.4,30.18,5.35,336.03,4,2,2,0.005706842,950.0,3462331.15
Soricomorpha,Talpidae,Scapanus,latimanus,Scapanus latimanus,62.46,142.31,40.0,3.49,1.0,36.0,,,,1,1,3,,4999.99,327590.08
Soricomorpha,Talpidae,Scapanus,orarius,Scapanus orarius,62.13,123.44,40.0,3.24,1.0,36.0,,,327.62,3,2,2,0.001058952,4999.99,351196.84
Rodentia,Cricetidae,Scapteromys,tumidus,Scapteromys tumidus,146.0,,,3.63,,,,,,1,2,3,,,333590.16
Rodentia,Sciuridae,Sciurillus,pusillus,Sciurillus pusillus,34.91,111.58,,1.94,,,,,,1,1,1,,,840125.78
Rodentia,Sciuridae,Sciurus,aberti,Sciurus aberti,622.95,269.29,40.98,3.2,1.25,,69.73,12.0,385.83,6,2,2,0.05,114.0,357095.32
Rodentia,Sciuridae,Sciurus,aestuans,Sciurus aestuans,177.34,171.48,,,,,,,,3,2,2,,,7070707.36
Rodentia,Sciuridae,Sciurus,alleni,Sciurus alleni,465.14,233.91,,3.0,,,,,,3,2,2,,,49149.19
Rodentia,Sciuridae,Sciurus,arizonensis,Sciurus arizonensis,646.99,263.19,,3.09,1.0,,,,,3,2,1,,,39352.69
Rodentia,Sciuridae,Sciurus,aureogaster,Sciurus aureogaster,455.57,251.25,,1.94,,,,,,3,2,1,0.01,221.14,623903.21
Rodentia,Sciuridae,Sciurus,carolinensis,Sciurus carolinensis,545.4,253.48,44.79,2.98,2.0,288.0,69.47,15.17,337.88,7,2,2,0.008569038,690.0,4081069.29
Rodentia,Sciuridae,Sciurus,colliaei,Sciurus colliaei,498.0,253.14,,2.66,,,,,,2,2,1,,,81663.79
Rodentia,Sciuridae,Sciurus,deppei,Sciurus deppei,249.5,200.49,,2.91,,,,,,3,2,1,0.01,94.11,698811.25
Rodentia,Sciuridae,Sciurus,gilvigularis,Sciurus gilvigularis,803.0,,,,,,,,,,2,,,,1263707.24
Rodentia,Sciuridae,Sciurus,granatensis,Sciurus granatensis,318.44,221.71,,1.9,2.5,,,9.5,,6,2,2,0.007784702,77.94,843476.46
Rodentia,Sciuridae,Sciurus,griseus,Sciurus griseus,703.85,293.12,43.49,2.65,1.0,,,,330.37,4,2,1,0.008025903,239.99,373639.12
Rodentia,Sciuridae,Sciurus,ignitus,Sciurus ignitus,190.0,,,,,,,,,3,2,2,,,1594152.72
Rodentia,Sciuridae,Sciurus,igniventris,Sciurus igniventris,700.0,,,,,,,,,2,2,1,,,2245835.89
Rodentia,Sciuridae,Sciurus,lis,Sciurus lis,264.3,,,,,,,,,,2,,0.13,,283013.81
Rodentia,Sciuridae,Sciurus,nayaritensis,Sciurus nayaritensis,697.0,282.15,,2.43,,,,,,4,2,1,,,250172.16
Rodentia,Sciuridae,Sciurus,oculatus,Sciurus oculatus,649.98,267.2,,,,,,,,,2,,,,102332.94
Rodentia,Sciuridae,Sciurus,pucheranii,Sciurus pucheranii,803.0,,,,,,,,,,2,,,,116015.31
Rodentia,Sciuridae,Sciurus,pyrrhinus,Sciurus pyrrhinus,482.0,,,,,,,,,,2,,,,63480.04
Rodentia,Sciuridae,Sciurus,richmondi,Sciurus richmondi,237.51,194.4,,2.59,,,,,,,2,,,,27219.65
Rodentia,Sciuridae,Sciurus,sanborni,Sciurus sanborni,136.0,,,,,,,,,,2,,,,104684.03
Rodentia,Sciuridae,Sciurus,spadiceus,Sciurus spadiceus,403.32,,,,,,,,,2,2,1,,76.71,2693893.11
Rodentia,Sciuridae,Sciurus,stramineus,Sciurus stramineus,433.3,,,,,,,,,,2,,,,142389.13
Rodentia,Sciuridae,Sciurus,variegatoides,Sciurus variegatoides,485.0,262.6,,4.99,,,,,,4,2,2,,,396517.47
Rodentia,Sciuridae,Sciurus,vulgaris,Sciurus vulgaris,333.0,213.17,38.0,4.5,2.0,144.0,64.51,8.83,360.85,5,2,2,0.05,59.7,17785005.74
Rodentia,Sciuridae,Sciurus,yucatanensis,Sciurus yucatanensis,225.0,236.86,,3.0,,,,,,1,2,1,,,222990.16
Chiroptera,Phyllostomidae,Scleronycteris,ega,Scleronycteris ega,49.54,,,,,,,,,,1,,,,243503.95
Rodentia,Cricetidae,Scolomys,melanops,Scolomys melanops,26.5,,,,,,,,,,,,,,11901.21
Rodentia,Cricetidae,Scolomys,ucayalensis,Scolomys ucayalensis,26.5,,,,,,,,,,,,,,2596.26
Chiroptera,Vespertilionidae,Scoteanax,rueppellii,Scoteanax rueppellii,26.41,,,1.0,,,,,,,1,,,,343840.65
Rodentia,Cricetidae,Scotinomys,teguina,Scotinomys teguina,11.59,,31.2,2.46,,,21.0,1.11,38.97,2,1,2,,,175099.23
Rodentia,Cricetidae,Scotinomys,xerampelinus,Scotinomys xerampelinus,15.07,,33.53,3.08,,,24.5,1.11,59.23,,,,,,5990.23
Chiroptera,Vespertilionidae,Scotoecus,albigula,Scotoecus albigula,10.08,,,,,,,,,,,,,,4681953.48
Chiroptera,Vespertilionidae,Scotoecus,albofuscus,Scotoecus albofuscus,4.5,,,,,,,,,,1,,,,5509425.96
Chiroptera,Vespertilionidae,Scotoecus,hindei,Scotoecus hindei,10.41,,,,,,,,,,,,,,7284863.48
Chiroptera,Vespertilionidae,Scotoecus,hirundo,Scotoecus hirundo,8.45,,,1.96,,,,,,,1,,,,4186029.4
Chiroptera,Vespertilionidae,Scotomanes,ornatus,Scotomanes ornatus,22.24,,,,,,,,,,1,,,,1811538.78
Chiroptera,Pteropodidae,Scotonycteris,ophiodon,Scotonycteris ophiodon,69.42,,,0.98,,,,3.7,,,1,,,,342183.78
Chiroptera,Pteropodidae,Scotonycteris,zenkeri,Scotonycteris zenkeri,21.3,,,0.99,,,,,,,1,,,,928860.2
Chiroptera,Vespertilionidae,Scotophilus,borbonicus,Scotophilus borbonicus,19.02,,185.3,2.0,1.0,,,,,,1,,,,2553.73
Chiroptera,Vespertilionidae,Scotophilus,dinganii,Scotophilus dinganii,25.12,,,2.2,,,,,,1,1,3,,,14455527.27
Chiroptera,Vespertilionidae,Scotophilus,heathii,Scotophilus heathii,36.13,,112.7,1.92,1.0,,19.17,5.49,192.91,1,1,3,,,5702540.76
Chiroptera,Vespertilionidae,Scotophilus,kuhlii,Scotophilus kuhlii,20.31,,110.0,1.5,1.0,,38.35,6.5,242.64,1,1,3,,,
Chiroptera,Vespertilionidae,Scotophilus,leucogaster,Scotophilus leucogaster,20.24,,228.12,1.38,,,,,,1,1,3,,,19600115.28
Chiroptera,Vespertilionidae,Scotophilus,nigrita,Scotophilus nigrita,27.34,,,1.5,,,,,,1,1,3,,,19728406.47
Chiroptera,Vespertilionidae,Scotophilus,nux,Scotophilus nux,30.0,,,,,,,,,,1,,,,3395971.56
Chiroptera,Vespertilionidae,Scotophilus,viridis,Scotophilus viridis,19.81,,,2.0,,,,,,1,1,3,,,11311741.69
Chiroptera,Vespertilionidae,Scotorepens,balstoni,Scotorepens balstoni,11.92,,212.91,1.41,,,44.58,2.39,,,1,,,,4828168.66
Chiroptera,Vespertilionidae,Scotorepens,greyii,Scotorepens greyii,10.0,,,,,,,,,,1,,,,3304194.08
Chiroptera,Vespertilionidae,Scotorepens,orion,Scotorepens orion,11.83,,,,,,,,,,,,,,223272.93
Chiroptera,Vespertilionidae,Scotorepens,sanborni,Scotorepens sanborni,8.13,,,,,,,,,,1,,,,962885.89
Chiroptera,Vespertilionidae,Scotozous,dormeri,Scotozous dormeri,6.79,,,1.08,,,,1.7,,,1,,,,2966423.23
Soricomorpha,Soricidae,Scutisorex,somereni,Scutisorex somereni,91.49,,,1.85,,,,,,,,,,,252190.81
Rodentia,Muridae,Sekeetamys,calurus,Sekeetamys calurus,56.61,,,2.9,,64.8,,,,,,,,,303182.73
Rodentia,Gliridae,Selevinia,betpakdalaensis,Selevinia betpakdalaensis,17.12,84.99,,6.9,,,,,,1,2,3,,,164721.4
Primates,Cercopithecidae,Semnopithecus,entellus,Semnopithecus entellus,12679.29,595.0,197.7,1.02,,300.0,402.1,499.83,1497.64,2,,1,1.3,17.28,1516357.53
Primates,Cercopithecidae,Semnopithecus,hypoleucos,Semnopithecus hypoleucos,10026.65,655.0,,,,,,,,,,,,,25713.57
Afrosoricida,Tenrecidae,Setifer,setosus,Setifer setosus,263.22,185.0,57.63,3.24,1.5,126.0,25.22,24.7,216.55,2,1,2,,,261594.46
Diprotodontia,Macropodidae,Setonix,brachyurus,Setonix brachyurus,3027.67,,27.89,1.0,1.4,144.0,308.24,0.36,442.19,2,1,1,,580.0,44560.4
Rodentia,Dipodidae,Sicista,betulina,Sicista betulina,8.92,,31.5,5.29,1.0,48.0,31.21,,377.57,,,,,,7681696.02
Rodentia,Dipodidae,Sicista,napaea,Sicista napaea,10.0,,20.0,3.49,1.0,,,,,3,,2,,,236088.44
Rodentia,Dipodidae,Sicista,subtilis,Sicista subtilis,11.75,,,,1.0,,,,,,,,,,3679354.65
Rodentia,Cricetidae,Sigmodon,alleni,Sigmodon alleni,174.09,170.03,36.5,,,,,,,,,,,,177949.85
Rodentia,Cricetidae,Sigmodon,alstoni,Sigmodon alstoni,55.7,,,5.18,5.0,,,,62.39,3,1,1,,157.54,727598.31
Rodentia,Cricetidae,Sigmodon,arizonae,Sigmodon arizonae,198.0,,,,,,,,,,,,,,348392.27
Rodentia,Cricetidae,Sigmodon,fulviventer,Sigmodon fulviventer,195.94,180.35,36.5,7.5,,,,,,,1,,,1293.22,549411.81
Rodentia,Cricetidae,Sigmodon,hispidus,Sigmodon hispidus,110.65,167.5,27.0,5.44,2.0,62.4,15.29,6.6,50.19,5,,2,0.002399307,1750.0,
Rodentia,Cricetidae,Sigmodon,inopinatus,Sigmodon inopinatus,140.5,,,,,,,,,,,,,,20681.64
Rodentia,Cricetidae,Sigmodon,leucotis,Sigmodon leucotis,131.78,157.25,34.99,,,,,,,,1,,,,283910.83
Rodentia,Cricetidae,Sigmodon,mascotensis,Sigmodon mascotensis,120.0,,,,,,,,,,,,,,253914.51
Rodentia,Cricetidae,Sigmodon,ochrognathus,Sigmodon ochrognathus,122.0,151.14,34.59,3.0,,,15.0,5.55,51.02,,,,0.001664175,,418072.23
Primates,Cercopithecidae,Simias,concolor,Simias concolor,7393.9,499.99,,1.02,,,,,,3,2,1,0.1,10.9,6044.85
Dasyuromorphia,Dasyuridae,Sminthopsis,aitkeni,Sminthopsis aitkeni,22.5,,,,,,,,,,1,,,,4407.63
Dasyuromorphia,Dasyuridae,Sminthopsis,archeri,Sminthopsis archeri,16.0,92.42,,8.15,,,,,,2,1,3,,,24146.82
Dasyuromorphia,Dasyuridae,Sminthopsis,butleri,Sminthopsis butleri,25.0,,,,,,,,,,1,,,,15927.83
Dasyuromorphia,Dasyuridae,Sminthopsis,crassicaudata,Sminthopsis crassicaudata,15.98,,16.0,6.52,2.0,51.6,70.0,0.01,148.31,2,1,3,,49.99,4827312.09
Dasyuromorphia,Dasyuridae,Sminthopsis,dolichura,Sminthopsis dolichura,14.39,,,7.2,,38.04,,,289.12,,1,,,,481144.97
Dasyuromorphia,Dasyuridae,Sminthopsis,douglasi,Sminthopsis douglasi,54.99,95.0,,6.78,,,,,,1,1,3,,,24392.06
Dasyuromorphia,Dasyuridae,Sminthopsis,gilberti,Sminthopsis gilberti,19.5,,,,,,,,,,1,,,,114805.08
Dasyuromorphia,Dasyuridae,Sminthopsis,granulipes,Sminthopsis granulipes,25.0,,,,,,,,,,1,,,,76315.75
Dasyuromorphia,Dasyuridae,Sminthopsis,griseoventer,Sminthopsis griseoventer,17.5,,,,,,,,,,1,,,,205150.91
Dasyuromorphia,Dasyuridae,Sminthopsis,hirtipes,Sminthopsis hirtipes,15.0,,,,,,,,,,1,,,,1251750.63
Dasyuromorphia,Dasyuridae,Sminthopsis,leucopus,Sminthopsis leucopus,23.36,,17.32,8.4,1.0,30.0,84.51,,360.05,,1,,0.008904945,617.99,105026.36
Dasyuromorphia,Dasyuridae,Sminthopsis,longicaudata,Sminthopsis longicaudata,18.0,95.0,14.21,4.24,,60.0,,,,2,1,3,,,1117003.29
Dasyuromorphia,Dasyuridae,Sminthopsis,macroura,Sminthopsis macroura,23.56,,11.72,7.0,2.0,58.8,79.5,0.01,145.8,,1,,,,4742720.54
Dasyuromorphia,Dasyuridae,Sminthopsis,murina,Sminthopsis murina,17.0,,12.5,8.0,2.0,24.0,70.63,,181.51,,1,,,599.99,845917.54
Dasyuromorphia,Dasyuridae,Sminthopsis,ooldea,Sminthopsis ooldea,12.19,,20.87,7.24,,36.0,69.8,,324.38,,1,,,,1509038.07
Dasyuromorphia,Dasyuridae,Sminthopsis,psammophila,Sminthopsis psammophila,33.5,105.0,,5.49,,60.0,,,,2,1,3,,,61813.87
Dasyuromorphia,Dasyuridae,Sminthopsis,virginiae,Sminthopsis virginiae,35.24,110.07,16.31,4.11,,24.0,89.49,,230.31,2,1,3,,,381450.2
Dasyuromorphia,Dasyuridae,Sminthopsis,youngsoni,Sminthopsis youngsoni,11.14,,,5.49,,,,,,,1,,,,1301460.1
Soricomorpha,Solenodontidae,Solenodon,cubanus,Solenodon cubanus,824.62,349.85,,1.5,3.0,78.0,,,,2,3,3,,,49168.47
Soricomorpha,Solenodontidae,Solenodon,paradoxus,Solenodon paradoxus,899.99,306.0,64.8,1.64,2.0,136.0,74.71,89.99,827.69,2,3,3,,,74512.66
Rodentia,Muridae,Solomys,ponceleti,Solomys ponceleti,1000.0,270.0,,,,,,,,1,,1,,,11862.56
Rodentia,Muridae,Solomys,salebrosus,Solomys salebrosus,397.0,,,,,,,,,,,,,,11862.56
Soricomorpha,Soricidae,Sorex,alaskanus,Sorex alaskanus,14.0,,,,,,,,,,2,,,,507.45
Soricomorpha,Soricidae,Sorex,alpinus,Sorex alpinus,8.04,67.5,,5.95,,15.6,,,,,,,,,411029.75
Soricomorpha,Soricidae,Sorex,araneus,Sorex araneus,9.18,72.78,21.5,6.56,2.0,24.0,21.43,0.42,312.9,5,2,2,0.000446055,1859.01,14302732.12
Soricomorpha,Soricidae,Sorex,arcticus,Sorex arcticus,8.19,75.06,17.0,6.69,1.9,18.0,,,330.9,1,,3,0.004174389,502.74,4525078.0
Soricomorpha,Soricidae,Sorex,arizonae,Sorex arizonae,2.7,57.98,,,1.0,,,,,,,,,,56446.9
Soricomorpha,Soricidae,Sorex,bairdi,Sorex bairdi,8.33,,,,,,,,,,,,,,35561.66
Soricomorpha,Soricidae,Sorex,bendirii,Sorex bendirii,15.76,85.99,,,,,,,,1,3,3,,,207366.9
Soricomorpha,Soricidae,Sorex,caecutiens,Sorex caecutiens,6.3,66.12,,7.24,3.0,24.0,,,,3,1,2,0.000203282,1643.9,18629008.69
Soricomorpha,Soricidae,Sorex,cinereus,Sorex cinereus,4.2,57.2,18.11,6.49,,23.0,19.88,0.28,147.56,2,,3,0.004044228,1111.97,10567246.11
Soricomorpha,Soricidae,Sorex,coronatus,Sorex coronatus,9.32,72.99,23.99,4.94,2.75,13.5,29.8,0.59,278.42,1,1,3,0.0003073,1345.01,872337.52
Soricomorpha,Soricidae,Sorex,daphaenodon,Sorex daphaenodon,8.1,71.28,,5.99,,,,,,2,,2,,,12592627.74
Soricomorpha,Soricidae,Sorex,dispar,Sorex dispar,4.99,63.09,,4.18,,,,,,1,2,3,,,308261.81
Soricomorpha,Soricidae,Sorex,emarginatus,Sorex emarginatus,7.0,,,,,,,,,,,,,,86118.88
Soricomorpha,Soricidae,Sorex,fumeus,Sorex fumeus,7.83,72.07,21.0,5.49,2.0,15.5,,,304.16,3,1,2,,3383.55,1556941.63
Soricomorpha,Soricidae,Sorex,gaspensis,Sorex gaspensis,3.35,55.3,,5.33,,,,,,1,2,3,,,34573.08
Soricomorpha,Soricidae,Sorex,gracillimus,Sorex gracillimus,4.4,53.5,,4.58,,,,,,1,,3,0.000316461,,717756.02
Soricomorpha,Soricidae,Sorex,granarius,Sorex granarius,6.39,63.1,,4.89,,,,,,,,,,,70026.27
Soricomorpha,Soricidae,Sorex,hoyi,Sorex hoyi,3.37,53.99,,5.84,1.0,,,,,1,1,3,,52.0,6973125.22
Soricomorpha,Soricidae,Sorex,isodon,Sorex isodon,12.23,74.87,18.0,7.09,,,21.87,0.9,,1,,3,,567.57,11394085.18
Soricomorpha,Soricidae,Sorex,jacksoni,Sorex jacksoni,6.01,63.64,,,,,,,,,,,,,4909.61
Soricomorpha,Soricidae,Sorex,longirostris,Sorex longirostris,3.29,51.14,,3.99,2.0,,,,120.7,2,1,2,,61.11,1647418.16
Soricomorpha,Soricidae,Sorex,lyelli,Sorex lyelli,4.99,,,,,,,,,,,,,,44679.75
Soricomorpha,Soricidae,Sorex,macrodon,Sorex macrodon,8.61,,,,,,,,,,,,,,8910.55
Soricomorpha,Soricidae,Sorex,merriami,Sorex merriami,5.99,60.01,,5.99,,,,,,1,2,3,,,1794633.1
Soricomorpha,Soricidae,Sorex,milleri,Sorex milleri,4.07,,,,,,,,,,,,,,93352.12
Soricomorpha,Soricidae,Sorex,minutissimus,Sorex minutissimus,2.46,52.04,,8.99,,,,,,1,,3,,,17707282.04
Soricomorpha,Soricidae,Sorex,palustris,Sorex palustris,13.07,74.87,21.0,5.46,2.5,18.0,,,121.18,4,2,2,0.002320105,,6203279.83
Soricomorpha,Soricidae,Sorex,ventralis,Sorex ventralis,7.0,,,,,,,,,,,,,,145246.48
Soricomorpha,Soricidae,Sorex,veraepacis,Sorex veraepacis,7.5,,,,,,,,,,,,,,12425.24
Soricomorpha,Soricidae,Soriculus,nigrescens,Soriculus nigrescens,14.58,98.49,,4.89,,,,,,1,2,3,,,310621.93
Cetacea,Delphinidae,Sotalia,fluviatilis,Sotalia fluviatilis,42833.44,,310.25,0.97,,,,,,2,1,3,,,
Cetacea,Delphinidae,Sousa,chinensis,Sousa chinensis,279999.99,,,1.0,,,166.12,,,,1,,,,
Cetacea,Delphinidae,Sousa,teuszii,Sousa teuszii,99999.99,,,,,,,,,,1,,,,
Rodentia,Octodontidae,Spalacopus,cyanus,Spalacopus cyanus,100.86,132.78,80.3,3.14,,72.0,59.66,8.89,,2,2,1,7.86164e-05,4500.0,76659.01
Rodentia,Spalacidae,Spalax,ehrenbergi,Spalax ehrenbergi,164.35,,,,,,,,,,1,,,,504281.3
Artiodactyla,Bovidae,Aepyceros,melampus,Aepyceros melampus,52591.69,1420.0,196.74,0.98,,213.0,150.0,5238.4,498.97,2,1,1,1.97,13.36,3926868.66
Diprotodontia,Potoroidae,Aepyprymnus,rufescens,Aepyprymnus rufescens,2810.31,,22.8,1.03,3.0,96.0,163.07,,345.41,,,,,40.0,641274.9
Rodentia,Sciuridae,Aeromys,tephromelas,Aeromys tephromelas,1187.0,378.86,,1.07,,,,,,,,,,,283378.84
Rodentia,Sciuridae,Aeromys,thomasi,Aeromys thomasi,1430.19,340.5,,,,,,,,,,,,,122621.55
Chiroptera,Pteropodidae,Aethalops,alecto,Aethalops alecto,15.0,,,0.99,,,,,,,1,,,,110914.61
Rodentia,Sciuridae,Spermophilus,franklinii,Spermophilus franklinii,457.64,245.61,28.0,8.69,1.0,,29.11,8.99,329.87,,,,0.13,442.88,1657927.29
Rodentia,Sciuridae,Spermophilus,fulvus,Spermophilus fulvus,778.38,,30.41,5.99,1.0,,,,,,,,,423.39,2147696.03
Rodentia,Sciuridae,Spermophilus,lateralis,Spermophilus lateralis,175.1,214.38,28.42,5.18,1.0,,41.99,6.09,420.91,4,,2,,,1705582.39
Rodentia,Sciuridae,Spermophilus,madrensis,Spermophilus madrensis,207.12,171.48,,4.34,,,,,,,,,,,48758.56
Rodentia,Sciuridae,Spermophilus,mexicanus,Spermophilus mexicanus,177.49,193.4,,5.91,,,,4.31,,5,2,2,,,718436.33
Rodentia,Sciuridae,Spermophilus,mohavensis,Spermophilus mohavensis,213.18,156.53,24.31,6.5,,,31.81,4.5,,2,2,1,0.01,301.99,18167.56
Rodentia,Sciuridae,Spermophilus,mollis,Spermophilus mollis,165.4,,,7.97,,,40.79,3.86,,,,,0.000957999,2179.42,364932.53
Rodentia,Sciuridae,Spermophilus,parryii,Spermophilus parryii,747.09,278.92,25.16,6.5,1.0,,28.0,11.0,420.91,,,,0.02,,3944909.1
Rodentia,Sciuridae,Spermophilus,perotensis,Spermophilus perotensis,140.0,179.0,,6.07,,,,,,,,,,,3089.88
Rodentia,Sciuridae,Spermophilus,pygmaeus,Spermophilus pygmaeus,173.46,,26.48,7.08,1.0,,15.59,,,,,,,1107.21,1831060.38
Rodentia,Sciuridae,Spermophilus,relictus,Spermophilus relictus,599.99,,,4.89,,,,,,,,,,244.94,171697.01
Rodentia,Sciuridae,Spermophilus,richardsonii,Spermophilus richardsonii,325.1,210.97,22.8,7.59,1.0,,29.33,6.24,340.29,3,1,1,0.00402332,374.69,899734.88
Rodentia,Sciuridae,Spermophilus,spilosoma,Spermophilus spilosoma,106.64,145.5,,6.94,2.0,,47.64,,371.23,6,2,2,0.009534137,124.53,1716956.0
Rodentia,Sciuridae,Spermophilus,suslicus,Spermophilus suslicus,252.0,,22.44,5.49,1.0,,31.5,,,,,,,,873419.7
Rodentia,Sciuridae,Spermophilus,tereticaudus,Spermophilus tereticaudus,147.57,154.53,27.57,6.32,1.0,,34.8,3.84,324.83,4,2,2,0.01,1456.02,315363.67
Rodentia,Sciuridae,Spermophilus,townsendii,Spermophilus townsendii,207.29,173.15,22.05,8.49,1.0,,32.55,3.7,413.84,5,2,2,,759.22,11270.71
Rodentia,Sciuridae,Spermophilus,tridecemlineatus,Spermophilus tridecemlineatus,174.91,137.5,27.5,8.08,1.0,,27.81,3.0,264.16,5,2,2,0.01,386.61,3681287.81
Rodentia,Sciuridae,Spermophilus,undulatus,Spermophilus undulatus,742.91,,25.33,7.77,1.0,,54.07,10.8,,,,,0.02,292.3,2431243.43
Rodentia,Sciuridae,Spermophilus,variegatus,Spermophilus variegatus,714.58,273.5,30.0,4.93,1.25,,52.38,7.8,420.91,6,2,2,0.03,136.99,2421559.89
Rodentia,Sciuridae,Spermophilus,washingtoni,Spermophilus washingtoni,215.09,166.0,,7.88,1.0,,,,,7,2,2,,18500.0,17288.55
Chiroptera,Pteropodidae,Sphaerias,blanfordi,Sphaerias blanfordi,28.88,,,,,,,,,,1,,,,444062.24
Chiroptera,Phyllostomidae,Sphaeronycteris,toxophyllum,Sphaeronycteris toxophyllum,16.06,,,,,,,,,1,1,1,,,4763066.63
Rodentia,Erethizontidae,Sphiggurus,insidiosus,Sphiggurus insidiosus,998.32,,,0.97,,,,,,3,1,2,,26.3,1080607.65
Rodentia,Erethizontidae,Sphiggurus,melanurus,Sphiggurus melanurus,1900.0,398.8,,,,,,,,,,,,,287506.93
Artiodactyla,Bovidae,Addax,nasomaculatus,Addax nasomaculatus,96077.36,,262.74,1.0,,308.04,,5633.76,,5,1,1,,,1168708.88
Rodentia,Cricetidae,Aepeomys,lugens,Aepeomys lugens,37.0,,,,,,,,,,1,,,,83652.35
Rodentia,Muridae,Aethomys,chrysophilus,Aethomys chrysophilus,80.85,141.52,26.17,3.09,,,24.88,4.43,96.05,,,,,66.18,5508479.37
Rodentia,Muridae,Aethomys,hindei,Aethomys hindei,140.65,,24.66,2.05,,,,,59.11,,,,0.000609998,2191.47,2209180.32
Rodentia,Muridae,Aethomys,ineptus,Aethomys ineptus,133.16,142.0,,,,,,,,,,,,,
Rodentia,Muridae,Aethomys,kaiseri,Aethomys kaiseri,89.99,,27.0,3.0,,,26.0,6.09,,,,,,,2751633.59
Carnivora,Ursidae,Ailuropoda,melanoleuca,Ailuropoda melanoleuca,117999.99,1345.98,134.99,1.62,,360.0,178.98,104.39,2413.02,3,1,1,3.55,0.18,36206.89
Diprotodontia,Phalangeridae,Ailurops,ursinus,Ailurops ursinus,10000.0,,,,,,,,,1,1,1,,,175900.06
Carnivora,Ailuridae,Ailurus,fulgens,Ailurus fulgens,5170.08,582.32,131.5,1.7,1.0,168.0,136.87,104.04,604.05,3,1,1,1.43,,1075406.59
Rodentia,Cricetidae,Akodon,aerosus,Akodon aerosus,59.99,,,,,,,,,,,,,,160799.5
Diprotodontia,Phalangeridae,Spilocuscus,maculatus,Spilocuscus maculatus,4060.46,457.96,12.99,1.26,,132.0,240.75,,221.76,3,1,1,,,782259.13
Diprotodontia,Phalangeridae,Spilocuscus,rufoniger,Spilocuscus rufoniger,5999.99,,,1.02,,,,,,,,,,,113157.49
Carnivora,Mephitidae,Spilogale,putorius,Spilogale putorius,566.49,299.49,32.99,5.07,,120.0,55.68,12.29,196.96,6,1,2,0.29,4.7,2957350.08
Carnivora,Mephitidae,Spilogale,pygmaea,Spilogale pygmaea,365.0,,47.22,4.0,,,,6.9,,6,1,2,,,95598.41
Rodentia,Nesomyidae,Steatomys,krebsii,Steatomys krebsii,20.67,,,4.62,,,,,,,,,,,1170401.63
Rodentia,Nesomyidae,Steatomys,opimus,Steatomys opimus,40.0,116.15,,,,,,1.55,,1,2,3,,,
Rodentia,Nesomyidae,Steatomys,parvus,Steatomys parvus,4.99,,,,,,,,,,,,,,1086781.25
Rodentia,Nesomyidae,Steatomys,pratensis,Steatomys pratensis,30.58,,,3.96,,,,1.55,,,,,,27.57,
Cetacea,Delphinidae,Stenella,attenuata,Stenella attenuata,65733.59,2135.0,345.19,0.99,,552.0,340.66,10000.0,2773.1,2,1,3,,,
Cetacea,Delphinidae,Stenella,coeruleoalba,Stenella coeruleoalba,142102.96,2300.84,386.05,1.75,,600.0,456.25,11300.0,3724.6,2,1,3,,0.21,
Cetacea,Delphinidae,Stenella,frontalis,Stenella frontalis,109999.99,2130.0,,,,,,,,,1,,,,
Cetacea,Delphinidae,Stenella,longirostris,Stenella longirostris,50500.0,2130.0,322.41,0.97,,,465.88,,2458.56,2,1,3,,,
Cetacea,Delphinidae,Steno,bredanensis,Steno bredanensis,130000.0,2439.99,,,,384.0,,,,,1,,,,
Rodentia,Muridae,Stenocephalemys,albocaudata,Stenocephalemys albocaudata,144.0,,,,,,,,,,,,,,64708.89
Rodentia,Muridae,Stenocephalemys,griseicauda,Stenocephalemys griseicauda,85.75,,,,,,,,,,,,,,117886.45
Rodentia,Muridae,Stenocephalemys,ruppi,Stenocephalemys ruppi,48.99,,,,,,,,,,,,,,10289.98
Chiroptera,Phyllostomidae,Stenoderma,rufum,Stenoderma rufum,21.1,61.87,,0.99,,,,7.0,,1,1,1,,,8961.11
Rodentia,Muridae,Stochomys,longicaudatus,Stochomys longicaudatus,70.95,,,2.38,,,,,,,2,,,83.26,2229944.82
Chiroptera,Phyllostomidae,Sturnira,aratathomasi,Sturnira aratathomasi,49.67,89.27,,0.99,,,,13.6,,1,1,1,,,450907.36
Chiroptera,Phyllostomidae,Sturnira,bidens,Sturnira bidens,18.05,,,0.99,2.0,,,,,1,1,1,,,381210.45
Chiroptera,Phyllostomidae,Sturnira,bogotensis,Sturnira bogotensis,19.94,,,0.98,,,,,,1,1,1,,,707990.74
Chiroptera,Phyllostomidae,Sturnira,erythromos,Sturnira erythromos,15.53,,,0.99,,,,,,1,1,1,,,3121221.48
Chiroptera,Phyllostomidae,Sturnira,lilium,Sturnira lilium,20.19,65.96,107.97,0.99,2.0,,,5.25,,3,1,2,,,15518876.5
Chiroptera,Phyllostomidae,Sturnira,ludovici,Sturnira ludovici,21.0,,,0.99,2.0,,,,,1,1,1,,,2756672.83
Chiroptera,Phyllostomidae,Sturnira,mordax,Sturnira mordax,11.79,,,0.98,,,,,,1,1,1,,,36057.38
Chiroptera,Phyllostomidae,Sturnira,oporaphilum,Sturnira oporaphilum,21.99,,,,,,,,,,,,,,791859.53
Chiroptera,Phyllostomidae,Sturnira,tildae,Sturnira tildae,24.39,,,0.98,,,,2.62,,1,1,1,,,11144679.0
Chiroptera,Pteropodidae,Styloctenium,wallacei,Styloctenium wallacei,172.42,164.5,,,,,,,,,1,,,,113590.54
Rodentia,Dipodidae,Stylodipus,telum,Stylodipus telum,59.99,,,3.49,1.0,,,,,3,2,1,0.00350188,,2127863.71
Soricomorpha,Soricidae,Suncus,etruscus,Suncus etruscus,2.26,,27.5,4.0,3.4,32.4,20.0,0.2,,,,,,,5424319.83
Soricomorpha,Soricidae,Suncus,infinitesimus,Suncus infinitesimus,4.4,,,,,,,,,1,1,3,,,3258419.73
Soricomorpha,Soricidae,Suncus,lixus,Suncus lixus,8.0,,,2.99,,,,,,1,,3,,,
Soricomorpha,Soricidae,Suncus,madagascariensis,Suncus madagascariensis,2.47,,,,,,,,,,,,,,593924.91
Soricomorpha,Soricidae,Suncus,malayanus,Suncus malayanus,4.99,,,,,,,,,,,,,,70847.37
Soricomorpha,Soricidae,Suncus,megalura,Suncus megalura,5.38,,,1.89,,,,,,,2,,,977.0,9171688.85
Soricomorpha,Soricidae,Suncus,murinus,Suncus murinus,43.76,126.36,30.19,3.1,9.8,30.0,19.16,2.44,32.44,,,,,,6024903.61
Soricomorpha,Soricidae,Suncus,remyi,Suncus remyi,4.03,,,,,,,,,,,,,,75819.4
Soricomorpha,Soricidae,Suncus,varilla,Suncus varilla,4.99,,,3.49,,,,,253.75,1,2,3,,,2735848.6
Rodentia,Muridae,Sundamys,infraluteus,Sundamys infraluteus,418.5,,,,,,,,,,,,,,139160.38
Chiroptera,Molossidae,Tadarida,fulminans,Tadarida fulminans,33.89,,104.29,1.0,2.0,,,,,1,1,3,,,1162426.19
Chiroptera,Molossidae,Tadarida,kuboriensis,Tadarida kuboriensis,26.8,,,,,,,,,,,,,,182715.75
Artiodactyla,Bovidae,Tragelaphus,scriptus,Tragelaphus scriptus,43250.39,1247.1,182.5,1.0,,156.0,,3027.79,431.61,4,2,1,0.02,1.52,13167565.73
Artiodactyla,Bovidae,Tragelaphus,spekii,Tragelaphus spekii,75554.25,1520.84,241.15,1.0,,258.0,,4000.0,619.06,2,2,1,,1.66,5256068.76
Artiodactyla,Bovidae,Tragelaphus,strepsiceros,Tragelaphus strepsiceros,206056.41,2199.99,220.94,1.0,,276.0,182.5,15366.57,665.38,2,1,1,835.1,1.06,6476879.55
Artiodactyla,Tragulidae,Tragulus,javanicus,Tragulus javanicus,1889.93,514.29,158.55,0.98,,144.0,21.0,,157.32,3,,1,,,
Artiodactyla,Tragulidae,Tragulus,napu,Tragulus napu,5273.67,562.36,154.24,0.96,1.0,195.96,84.86,372.99,156.25,3,,1,,,1593229.34
Carnivora,Ursidae,Tremarctos,ornatus,Tremarctos ornatus,123176.97,1766.58,215.0,1.44,,437.0,173.44,320.0,,5,1,2,,,409517.73
Chiroptera,Hipposideridae,Triaenops,furculus,Triaenops furculus,5.56,67.5,,,,,,,,1,1,3,,,133107.81
Chiroptera,Hipposideridae,Triaenops,persicus,Triaenops persicus,13.18,,,,,,,,,1,1,3,,,6093243.08
Chiroptera,Hipposideridae,Triaenops,rufus,Triaenops rufus,9.1,87.49,,,,,,,,1,,3,,,241046.33
Sirenia,Trichechidae,Trichechus,inunguis,Trichechus inunguis,418001.19,2751.93,372.74,1.0,,360.0,516.18,,1520.78,3,1,1,,,
Sirenia,Trichechidae,Trichechus,manatus,Trichechus manatus,467324.83,3494.78,334.58,1.22,,360.0,266.74,29636.99,1887.88,6,1,2,,,
Sirenia,Trichechidae,Trichechus,senegalensis,Trichechus senegalensis,454000.0,3499.99,380.2,1.0,,,,,,5,1,2,,,
Diprotodontia,Phalangeridae,Trichosurus,arnhemensis,Trichosurus arnhemensis,1540.74,,,1.01,1.8,,181.46,,,2,1,1,,,495415.72
Diprotodontia,Phalangeridae,Trichosurus,caninus,Trichosurus caninus,3115.06,,16.2,1.02,1.0,204.0,241.95,,1095.0,1,1,1,0.02,100.0,187766.76
Diprotodontia,Phalangeridae,Trichosurus,vulpecula,Trichosurus vulpecula,2685.39,472.78,17.5,1.02,1.5,176.4,191.59,0.2,420.91,1,1,1,0.03,124.0,2305316.93
Rodentia,Hystricidae,Trichys,fasciculata,Trichys fasciculata,1750.0,414.99,,,,121.2,,,,,2,,,,823588.66
Rodentia,Echimyidae,Trinomys,albispinus,Trinomys albispinus,284.99,,,,,,,,,,,,,,60927.75
Perissodactyla,Tapiridae,Tapirus,pinchaque,Tapirus pinchaque,156923.4,,393.99,1.0,,,339.47,4720.0,1113.7,4,1,1,6.38,0.27,178168.26
Perissodactyla,Tapiridae,Tapirus,terrestris,Tapirus terrestris,169496.64,2004.97,395.41,1.0,,420.0,277.49,4507.91,862.17,5,1,2,,0.85,13663839.27
Diprotodontia,Tarsipedidae,Tarsipes,rostratus,Tarsipes rostratus,9.66,77.34,61.27,2.93,3.0,24.0,89.74,0.0043,177.2,1,2,1,0.000814137,29699.99,211836.34
Primates,Tarsiidae,Tarsius,bancanus,Tarsius bancanus,114.39,106.59,125.84,1.0,,144.0,78.55,23.93,658.68,3,1,2,0.01,62.24,848019.79
Primates,Tarsiidae,Tarsius,dentatus,Tarsius dentatus,110.42,117.5,,1.01,,,,,,,,,0.003855591,129.0,5028.57
Primates,Tarsiidae,Tarsius,pelengensis,Tarsius pelengensis,165.0,,,1.02,,,,,,,,,,,2364.95
Rodentia,Erethizontidae,Sphiggurus,mexicanus,Sphiggurus mexicanus,2000.0,,,0.98,,,,,,2,1,1,,,741576.19
Rodentia,Erethizontidae,Sphiggurus,spinosus,Sphiggurus spinosus,750.78,,,,,,,,,,1,,,,1192308.04
Rodentia,Erethizontidae,Sphiggurus,vestitus,Sphiggurus vestitus,736.0,,,,,,,,,,1,,,,5697.25
Rodentia,Erethizontidae,Sphiggurus,villosus,Sphiggurus villosus,1750.01,,,1.0,,,,,,,1,,,,
Rodentia,Muridae,Acomys,cahirinus,Acomys cahirinus,41.16,,38.54,2.43,7.6,60.0,14.0,5.49,51.9,,,,0.000880412,2366.22,
Rodentia,Muridae,Acomys,kempi,Acomys kempi,21.99,,,,,,,,,,,,,,358017.73
Rodentia,Muridae,Acomys,louisae,Acomys louisae,20.19,,,,,,,,,,,,,,320804.61
Rodentia,Muridae,Acomys,minous,Acomys minous,62.5,,,,,,,,,,,,,,8190.7
Rodentia,Muridae,Acomys,percivali,Acomys percivali,21.99,,,,,,,,,,,,,,686807.37
Rodentia,Muridae,Acomys,russatus,Acomys russatus,42.35,111.08,,2.5,,,,,,,,,0.000488186,3487.07,800320.84
Rodentia,Muridae,Acomys,spinosissimus,Acomys spinosissimus,26.5,,,2.71,,,,,,,,,,204.07,2826979.35
Rodentia,Muridae,Acomys,subspinosus,Acomys subspinosus,21.92,,,,,,,,,,,,,3543.88,126595.8
Rodentia,Muridae,Acomys,wilsoni,Acomys wilsoni,18.5,79.76,,2.29,7.9,,,3.49,,,,,,,1322637.93
Rodentia,Octodontidae,Aconaemys,fuscus,Aconaemys fuscus,129.95,,,3.23,,,,,,2,2,1,,,
Rodentia,Octodontidae,Aconaemys,sagei,Aconaemys sagei,96.49,,,,,,,,,,2,,,,10262.34
Diprotodontia,Acrobatidae,Acrobates,pygmaeus,Acrobates pygmaeus,13.84,,,2.8,2.0,86.4,97.5,0.01,272.11,3,,2,0.005959065,899.99,1691398.78
Rodentia,Muridae,Sundamys,muelleri,Sundamys muelleri,356.48,239.0,,,,24.0,,,,,,,,,854971.22
Rodentia,Sciuridae,Sundasciurus,brookei,Sundasciurus brookei,114.05,186.14,,,,,,,,,,,,,157725.81
Rodentia,Sciuridae,Sundasciurus,hippurus,Sundasciurus hippurus,357.79,227.98,,,,,,,,5,1,2,,177.15,1193705.93
Rodentia,Sciuridae,Sundasciurus,lowii,Sundasciurus lowii,84.99,137.56,,2.46,,,,,,5,2,2,,,1322864.62
Rodentia,Sciuridae,Sundasciurus,samarensis,Sundasciurus samarensis,225.0,210.0,,,,,,,,,,,,,19683.01
Rodentia,Sciuridae,Sundasciurus,tenuis,Sundasciurus tenuis,74.87,168.37,,3.11,,,,,,5,1,2,,141.72,1174126.61
Soricomorpha,Soricidae,Surdisorex,norae,Surdisorex norae,23.57,95.99,,1.41,,,,,,,,,,,5920.86
Soricomorpha,Soricidae,Surdisorex,polulus,Surdisorex polulus,8.99,,,1.49,,,,,,,,,,,1579.95
Carnivora,Herpestidae,Suricata,suricatta,Suricata suricatta,729.99,285.71,77.0,3.86,1.0,150.0,55.68,30.5,377.37,1,1,3,11.76,,1720747.74
Artiodactyla,Suidae,Sus,barbatus,Sus barbatus,135805.95,1349.99,114.63,6.59,1.0,,105.85,,362.5,6,1,2,,,970249.8
Artiodactyla,Suidae,Sus,cebifrons,Sus cebifrons,190792.3,1349.99,125.14,4.58,1.0,,105.85,,283.18,6,,2,,,27761.56
Artiodactyla,Suidae,Sus,celebensis,Sus celebensis,53813.21,,126.0,3.24,,,,,,5,,2,,,173576.36
Artiodactyla,Suidae,Sus,philippensis,Sus philippensis,190792.3,1349.99,125.14,6.24,1.0,,105.85,,283.18,6,,2,,,237934.97
Artiodactyla,Suidae,Sus,salvanius,Sus salvanius,7974.13,599.66,110.5,3.66,,144.0,,,,4,1,2,0.15,,25728.78
Artiodactyla,Suidae,Sus,scrofa,Sus scrofa,84471.54,1349.99,115.2,4.52,1.5,252.0,97.88,807.77,350.76,5,,2,1.18,3.54,25951693.02
Artiodactyla,Suidae,Sus,verrucosus,Sus verrucosus,89406.23,1250.0,121.66,5.47,,168.0,,,,3,,2,,,97964.63
Chiroptera,Pteropodidae,Syconycteris,australis,Syconycteris australis,17.6,67.38,,1.0,2.0,,89.99,,,2,1,1,,,813131.41
Chiroptera,Pteropodidae,Syconycteris,carolinae,Syconycteris carolinae,39.67,,,,,,,,,1,1,1,,,20131.34
Chiroptera,Pteropodidae,Syconycteris,hobbit,Syconycteris hobbit,20.06,68.87,,0.98,,,,,,1,1,1,,,97642.01
Artiodactyla,Bovidae,Sylvicapra,grimmia,Sylvicapra grimmia,15639.15,960.71,174.89,0.98,2.0,171.96,60.83,1581.45,293.14,4,1,1,,2.42,14120906.18
Lagomorpha,Leporidae,Sylvilagus,aquaticus,Sylvilagus aquaticus,2133.34,457.55,37.24,3.0,2.94,,20.88,55.7,154.71,2,1,1,0.01,82.44,884825.38
Lagomorpha,Leporidae,Sylvilagus,audubonii,Sylvilagus audubonii,880.88,325.24,28.0,3.0,,,24.5,34.36,90.7,2,1,1,0.03,290.0,3671590.57
Lagomorpha,Leporidae,Sylvilagus,bachmani,Sylvilagus bachmani,714.53,303.78,27.0,3.35,4.5,,16.27,27.25,,3,2,1,0.0022227,568.0,417293.45
Lagomorpha,Leporidae,Sylvilagus,brasiliensis,Sylvilagus brasiliensis,986.74,363.29,42.5,1.9,4.7,,26.3,,99.18,1,1,1,,3.54,10234916.71
Lagomorpha,Leporidae,Sylvilagus,cunicularius,Sylvilagus cunicularius,2489.54,435.98,30.0,3.71,,,,,,2,1,1,,,329697.97
Lagomorpha,Leporidae,Sylvilagus,floridanus,Sylvilagus floridanus,1207.19,371.0,27.0,4.62,4.81,108.0,22.78,34.15,106.05,2,1,1,0.01,680.83,7216258.28
Lagomorpha,Leporidae,Sylvilagus,graysoni,Sylvilagus graysoni,964.01,428.6,,,,,,,,,1,,,,417.37
Lagomorpha,Leporidae,Sylvilagus,insonus,Sylvilagus insonus,2999.98,392.49,,,,,,,,,1,,,,5755.87
Lagomorpha,Leporidae,Sylvilagus,nuttallii,Sylvilagus nuttallii,801.54,324.46,28.24,4.79,3.5,,31.26,,102.04,1,2,1,,86.25,2068232.49
Lagomorpha,Leporidae,Sylvilagus,palustris,Sylvilagus palustris,1355.23,401.8,33.46,2.96,6.0,,,,180.0,2,1,1,0.03,,360038.77
Lagomorpha,Leporidae,Sylvilagus,transitionalis,Sylvilagus transitionalis,813.51,362.99,28.0,4.41,,,15.95,,,3,1,1,0.004289748,,73236.48
Soricomorpha,Soricidae,Sylvisorex,johnstoni,Sylvisorex johnstoni,3.19,53.07,,,,,,,,,,,,,1900856.05
Soricomorpha,Soricidae,Sylvisorex,konganensis,Sylvisorex konganensis,5.15,,,,,,,,,,,,,,
Soricomorpha,Soricidae,Sylvisorex,lunaris,Sylvisorex lunaris,18.78,,,2.69,,,,,,,,,,840.59,116023.14
Soricomorpha,Soricidae,Sylvisorex,ollula,Sylvisorex ollula,16.59,83.54,,,,,,,,,,,,,646814.06
Soricomorpha,Soricidae,Sylvisorex,vulcanorum,Sylvisorex vulcanorum,3.49,,,,,,,,,,,,,,4435.24
Primates,Hylobatidae,Symphalangus,syndactylus,Symphalangus syndactylus,10839.0,824.99,230.66,1.02,,456.0,635.38,517.0,3788.23,4,,2,0.22,4.99,113063.05
Rodentia,Cricetidae,Synaptomys,borealis,Synaptomys borealis,21.3,,,4.27,,,,,,,,,,,6756964.88
Rodentia,Cricetidae,Synaptomys,cooperi,Synaptomys cooperi,28.01,105.5,23.3,3.09,2.75,30.0,20.41,3.15,,4,,1,0.000847162,1144.96,3222697.98
Artiodactyla,Bovidae,Syncerus,caffer,Syncerus caffer,592665.98,2525.86,337.49,1.08,1.0,354.0,319.37,39843.11,1683.65,1,1,1,63.73,5.84,11706834.65
Monotremata,Tachyglossidae,Tachyglossus,aculeatus,Tachyglossus aculeatus,4499.97,375.0,17.72,1.0,,600.0,170.08,0.37,556.85,1,2,3,0.44,,7829490.16
Rodentia,Spalacidae,Tachyoryctes,macrocephalus,Tachyoryctes macrocephalus,621.88,209.0,,1.0,,,,,,2,2,1,,6299.99,11453.57
Rodentia,Spalacidae,Tachyoryctes,splendens,Tachyoryctes splendens,227.13,197.65,39.01,1.41,2.0,,35.07,15.0,137.21,,,,7.80443e-05,3385.42,396020.93
Chiroptera,Molossidae,Tadarida,aegyptiaca,Tadarida aegyptiaca,17.63,75.0,85.52,0.99,1.0,,60.41,3.0,298.14,1,1,3,,,12943262.93
Chiroptera,Molossidae,Tadarida,australis,Tadarida australis,36.4,,,1.0,1.0,,,4.53,,,1,,,,5602874.26
Chiroptera,Molossidae,Tadarida,brasiliensis,Tadarida brasiliensis,12.61,41.49,89.99,1.11,1.0,180.0,54.24,3.19,400.26,1,1,3,,,13978029.11
Chiroptera,Molossidae,Tadarida,teniotis,Tadarida teniotis,28.07,84.0,,0.98,,,,,,1,1,3,,,4732754.69
Soricomorpha,Talpidae,Talpa,caeca,Talpa caeca,71.08,120.0,,,,,,,,1,2,3,,4999.99,101761.83
Soricomorpha,Talpidae,Talpa,europaea,Talpa europaea,87.53,129.99,30.41,3.89,1.0,84.0,32.49,3.24,335.48,1,2,3,0.002281811,925.63,7114720.32
Soricomorpha,Talpidae,Talpa,occidentalis,Talpa occidentalis,49.47,,,,,,,,371.03,1,2,3,,,279204.96
Soricomorpha,Talpidae,Talpa,romana,Talpa romana,92.5,145.45,,,,,,,,1,2,3,0.002738746,1157.05,88832.74
Soricomorpha,Talpidae,Talpa,stankovici,Talpa stankovici,71.12,,,,,,,,,1,2,3,,4999.99,32002.56
Pilosa,Myrmecophagidae,Tamandua,mexicana,Tamandua mexicana,4178.51,,163.24,,1.0,114.0,,,,1,3,3,0.22,4.84,1290178.01
Pilosa,Myrmecophagidae,Tamandua,tetradactyla,Tamandua tetradactyla,4800.0,559.33,160.0,1.0,1.0,108.0,,,,1,2,3,2.72,5.31,12531429.9
Rodentia,Sciuridae,Tamias,alpinus,Tamias alpinus,36.54,104.65,,4.5,,,,,,1,2,1,,,8880.39
Rodentia,Sciuridae,Tamias,amoenus,Tamias amoenus,50.63,118.06,30.46,4.99,1.0,62.0,41.99,2.62,350.01,7,2,2,0.008434861,152.81,1102083.78
Rodentia,Sciuridae,Tamias,bulleri,Tamias bulleri,100.0,135.85,,2.43,,,,,,,1,,,,9834.59
Rodentia,Sciuridae,Tamias,canipes,Tamias canipes,70.2,131.4,,3.88,1.0,,,,,5,2,2,,,18973.09
Rodentia,Sciuridae,Tamias,cinereicollis,Tamias cinereicollis,61.59,128.0,30.19,4.89,1.0,,42.67,,,6,2,2,,499.99,74328.35
Rodentia,Sciuridae,Tamias,dorsalis,Tamias dorsalis,63.66,125.38,29.49,4.99,1.0,,30.0,,,5,1,1,0.01,,633707.83
Rodentia,Sciuridae,Tamias,durangae,Tamias durangae,84.99,133.91,,2.38,,,,,,,,,,,48090.07
Rodentia,Sciuridae,Tamias,merriami,Tamias merriami,74.77,133.95,33.37,4.5,,,,,,5,,2,,,91618.34
Rodentia,Sciuridae,Tamias,minimus,Tamias minimus,42.87,111.56,29.19,4.95,1.0,75.96,37.71,2.27,347.05,4,3,2,0.01,221.91,5236816.0
Rodentia,Sciuridae,Tamias,obscurus,Tamias obscurus,72.99,128.11,,3.49,,,,,,3,3,1,,,18069.88
Rodentia,Sciuridae,Tamias,ochrogenys,Tamias ochrogenys,91.69,151.04,,,,,,,,3,,2,,,9548.52
Rodentia,Sciuridae,Tamias,palmeri,Tamias palmeri,60.74,125.02,33.21,3.93,1.0,,81.85,3.29,,5,1,2,,,2237.62
Rodentia,Sciuridae,Tamias,panamintinus,Tamias panamintinus,51.73,115.99,36.23,4.04,1.0,,81.85,5.1,,6,2,2,,,37448.25
Rodentia,Sciuridae,Tamias,quadrimaculatus,Tamias quadrimaculatus,83.62,140.12,31.65,5.93,1.0,,,,,5,2,2,0.005589918,52.0,25579.83
Rodentia,Sciuridae,Tamias,quadrivittatus,Tamias quadrivittatus,57.49,122.41,31.7,3.92,1.0,,45.32,2.5,327.4,5,2,2,0.02,,297454.17
Rodentia,Sciuridae,Tamias,ruficaudus,Tamias ruficaudus,60.06,124.26,,4.85,1.0,96.0,,,,4,2,2,,,147756.79
Rodentia,Sciuridae,Tamias,rufus,Tamias rufus,53.6,,32.85,,1.0,,45.24,,324.83,3,2,1,0.007408495,,142587.25
Rodentia,Sciuridae,Tamias,senex,Tamias senex,89.35,145.45,,4.37,,,,,,2,2,2,0.01,,99452.58
Rodentia,Sciuridae,Tamias,sibiricus,Tamias sibiricus,94.16,148.7,34.98,5.01,1.0,,29.69,,352.43,,,,0.001508451,,13733700.42
Rodentia,Sciuridae,Tamias,siskiyou,Tamias siskiyou,75.0,145.27,,,,,,,,,,,,,22545.56
Rodentia,Sciuridae,Tamias,sonomae,Tamias sonomae,75.0,133.63,,4.0,1.0,,21.0,,,2,2,1,,,45834.06
Rodentia,Sciuridae,Tamias,speciosus,Tamias speciosus,60.83,124.69,,4.14,1.0,,,,,5,2,2,0.01,76.48,67913.09
Rodentia,Sciuridae,Tamias,townsendii,Tamias townsendii,79.12,139.23,28.0,3.75,1.0,84.0,41.76,3.52,,8,3,2,0.0072278,260.0,151998.14
Rodentia,Sciuridae,Tamias,umbrinus,Tamias umbrinus,51.75,123.66,,6.8,,,,,,,,,0.02,253.71,295809.41
Rodentia,Sciuridae,Tamiasciurus,douglasii,Tamiasciurus douglasii,225.0,190.96,38.98,5.49,2.0,,,4.99,140.3,5,2,2,0.003531743,44.28,491601.94
Rodentia,Sciuridae,Tamiasciurus,hudsonicus,Tamiasciurus hudsonicus,200.24,188.42,34.25,3.93,1.75,144.0,67.22,6.89,357.81,5,1,2,0.007743219,174.35,10315248.73
Rodentia,Sciuridae,Tamiops,maritimus,Tamiops maritimus,66.77,132.31,,2.59,,,,,,,,,,,822488.85
Rodentia,Sciuridae,Tamiops,mcclellandii,Tamiops mcclellandii,45.84,104.61,,2.38,,,,,,,1,,,,718076.76
Chiroptera,Emballonuridae,Taphozous,georgianus,Taphozous georgianus,30.52,,106.86,1.0,1.0,60.0,35.46,4.22,278.27,1,1,3,,,1876764.47
Chiroptera,Emballonuridae,Taphozous,hildegardeae,Taphozous hildegardeae,29.37,,,1.0,1.0,,,,,1,1,3,,,43393.84
Chiroptera,Emballonuridae,Taphozous,hilli,Taphozous hilli,21.99,,,,,,,,,,1,,,,1716282.96
Chiroptera,Emballonuridae,Taphozous,kapalgensis,Taphozous kapalgensis,26.45,,,,,,,,,,1,,,,59481.74
Chiroptera,Emballonuridae,Taphozous,longimanus,Taphozous longimanus,25.11,,107.22,0.99,2.0,,22.13,5.52,169.16,1,1,3,,,4343701.3
Chiroptera,Emballonuridae,Taphozous,mauritianus,Taphozous mauritianus,27.97,84.99,42.89,1.0,1.0,,,,,1,1,3,,,15027580.58
Chiroptera,Emballonuridae,Taphozous,melanopogon,Taphozous melanopogon,25.99,,122.5,0.99,1.0,,46.67,5.8,374.39,,1,,,,7234034.08
Chiroptera,Emballonuridae,Taphozous,nudiventris,Taphozous nudiventris,32.49,85.99,100.11,1.0,1.0,,52.01,8.91,421.91,,1,,,,10699734.93
Chiroptera,Emballonuridae,Taphozous,perforatus,Taphozous perforatus,24.43,72.49,91.24,0.99,2.0,,,,,,1,,,,9616598.6
Chiroptera,Emballonuridae,Taphozous,theobaldi,Taphozous theobaldi,36.83,,,,,,,,,,1,,,,710057.72
Perissodactyla,Tapiridae,Tapirus,bairdii,Tapirus bairdii,293781.59,2199.99,396.24,1.0,,,362.93,,710.47,4,1,1,1.15,0.34,188831.76
Perissodactyla,Tapiridae,Tapirus,indicus,Tapirus indicus,311209.19,2224.85,396.5,1.0,0.5,360.0,211.71,6848.35,1132.72,3,1,1,9.4,0.11,794777.96
Primates,Tarsiidae,Tarsius,sangirensis,Tarsius sangirensis,165.0,,,1.02,,,,,,,,,,,560.08
Primates,Tarsiidae,Tarsius,syrichta,Tarsius syrichta,115.91,117.74,177.99,1.01,,180.0,82.49,25.6,,1,,1,0.007129928,,121292.03
Rodentia,Muridae,Abditomys,latidens,Abditomys latidens,268.09,224.0,,,,,,,,,,,,,356.58
Rodentia,Muridae,Abeomelomys,sevia,Abeomelomys sevia,54.88,127.29,,1.0,,,,,,,2,,,,53261.73
Rodentia,Cricetidae,Abrawayaomys,ruschii,Abrawayaomys ruschii,62.99,,,,,,,,,,,,,,126137.48
Rodentia,Abrocomidae,Abrocoma,bennettii,Abrocoma bennettii,250.5,,,4.86,,27.6,,,,,3,,,143.85,54615.98
Rodentia,Abrocomidae,Abrocoma,boliviensis,Abrocoma boliviensis,158.0,,,,,,,,,,,,,,5773.97
Rodentia,Abrocomidae,Abrocoma,cinerea,Abrocoma cinerea,193.64,,109.49,2.19,,,,13.26,,,3,,,,381391.02
Rodentia,Cricetidae,Abrothrix,andinus,Abrothrix andinus,24.91,,,,,,,,,,2,,,,722551.83
Rodentia,Cricetidae,Abrothrix,illuteus,Abrothrix illuteus,47.79,,,,,,,,,,,,,,35359.55
Rodentia,Cricetidae,Abrothrix,jelskii,Abrothrix jelskii,34.5,,,,,,,,,3,1,2,,,506394.71
Rodentia,Cricetidae,Abrothrix,lanosus,Abrothrix lanosus,27.83,,,,,,,,,,,,,,43016.67
Rodentia,Cricetidae,Abrothrix,longipilis,Abrothrix longipilis,38.86,,,3.7,,,,3.29,51.73,7,3,2,,2777.2,423823.71
Rodentia,Cricetidae,Abrothrix,olivaceus,Abrothrix olivaceus,24.52,96.69,,5.34,2.0,12.0,,,170.38,7,3,2,0.000448137,3211.81,915499.44
Rodentia,Cricetidae,Abrothrix,sanborni,Abrothrix sanborni,24.7,,,,,,,,,6,,2,,,18335.19
Chiroptera,Pteropodidae,Acerodon,celebensis,Acerodon celebensis,384.84,201.25,,0.98,,,,,,,1,,,,173613.3
Chiroptera,Pteropodidae,Acerodon,jubatus,Acerodon jubatus,1087.04,,,1.0,1.0,,,,,2,1,1,,,261660.73
Chiroptera,Pteropodidae,Acerodon,mackloti,Acerodon mackloti,467.93,,,0.98,,,,,,1,1,1,,,74770.92
Carnivora,Felidae,Acinonyx,jubatus,Acinonyx jubatus,50577.92,1480.43,92.24,3.28,,228.0,91.42,441.66,741.97,1,1,3,88.27,0.01,10586306.53
Rodentia,Cricetidae,Akodon,affinis,Akodon affinis,24.89,,,,,,,,,4,1,2,,,55129.8
Rodentia,Cricetidae,Akodon,albiventer,Akodon albiventer,25.95,,,,,,,,,1,1,3,,,425856.2
Rodentia,Cricetidae,Akodon,azarae,Akodon azarae,25.27,,23.0,4.59,1.25,,14.44,,61.87,4,2,2,,7679.65,1071237.32
Rodentia,Cricetidae,Akodon,bogotensis,Akodon bogotensis,12.99,,,,,,,,,,,,,,117248.52
Rodentia,Cricetidae,Akodon,boliviensis,Akodon boliviensis,27.5,,,4.86,,,,,,3,1,2,,,530195.66
Rodentia,Cricetidae,Akodon,budini,Akodon budini,26.9,,,,,,,,,,,,,,20316.47
Rodentia,Cricetidae,Akodon,cursor,Akodon cursor,39.84,,,,,,,,,4,1,2,,442.88,1450284.06
Rodentia,Cricetidae,Akodon,dayi,Akodon dayi,32.49,,,,,,,,,,,,,,290923.1
Rodentia,Cricetidae,Akodon,dolores,Akodon dolores,50.49,,,3.89,,,,2.94,,,,,,,72177.75
Rodentia,Cricetidae,Akodon,fumeus,Akodon fumeus,22.69,,,,,,,,,,,,,,176335.16
Rodentia,Cricetidae,Akodon,iniscatus,Akodon iniscatus,28.7,,,,,,,,,,,,,,395416.66
Rodentia,Cricetidae,Akodon,juninensis,Akodon juninensis,38.99,,,,,,,,,,,,,,164823.93
Rodentia,Cricetidae,Akodon,kofordi,Akodon kofordi,29.49,,,,,,,,,,,,,,21268.55
Rodentia,Cricetidae,Akodon,latebricola,Akodon latebricola,38.99,,,,,,,,,,,,,,62437.75
Rodentia,Cricetidae,Akodon,lindberghi,Akodon lindberghi,26.4,,,,,,,,,,,,,,2400.72
Rodentia,Cricetidae,Akodon,lutescens,Akodon lutescens,20.69,97.0,,,,,,,,,,,,,318909.65
Rodentia,Cricetidae,Akodon,mimus,Akodon mimus,23.99,,,,,,,,,,,,,,76741.65
Rodentia,Cricetidae,Akodon,molinae,Akodon molinae,32.99,,23.0,3.77,,,26.0,2.94,28.07,,1,,,,139180.17
Rodentia,Cricetidae,Akodon,mollis,Akodon mollis,30.39,,,,,,,,,,,,,,96269.64
Rodentia,Cricetidae,Akodon,neocenus,Akodon neocenus,42.39,,,,,,,,,,,,,,74279.32
Rodentia,Cricetidae,Akodon,orophilus,Akodon orophilus,38.99,,,,,,,,,,,,,,73051.28
Rodentia,Cricetidae,Akodon,sanctipaulensis,Akodon sanctipaulensis,27.1,88.25,,,,,,,,,,,,,79134.33
Rodentia,Cricetidae,Akodon,serrensis,Akodon serrensis,28.3,95.97,,,,,,,,,,,,,51047.49
Rodentia,Cricetidae,Akodon,siberiae,Akodon siberiae,34.6,,,,,,,,,,,,,,32319.18
Rodentia,Cricetidae,Akodon,simulator,Akodon simulator,42.5,,,,,,,,,,,,,,160100.28
Rodentia,Cricetidae,Akodon,spegazzinii,Akodon spegazzinii,28.6,98.99,,,,,,,,,,,,,83477.58
Rodentia,Cricetidae,Akodon,subfuscus,Akodon subfuscus,30.39,,,,,,,,,,,,,,353423.95
Rodentia,Cricetidae,Akodon,surdus,Akodon surdus,38.99,,,,,,,,,,,,,,17420.46
Rodentia,Cricetidae,Akodon,sylvanus,Akodon sylvanus,38.99,,,,,,,,,,,,,,48393.63
Rodentia,Cricetidae,Akodon,toba,Akodon toba,51.2,,,,,,,,,,,,,,402084.39
Rodentia,Cricetidae,Akodon,torques,Akodon torques,38.99,,,,,,,,,,,,,,41379.72
Rodentia,Cricetidae,Akodon,varius,Akodon varius,40.0,,,,,,,,,1,2,3,,,245945.15
Artiodactyla,Bovidae,Alcelaphus,buselaphus,Alcelaphus buselaphus,160937.86,1974.99,242.66,1.0,,240.0,188.73,12500.0,827.69,2,1,1,2.73,3.65,4706770.4
Artiodactyla,Bovidae,Alcelaphus,caama,Alcelaphus caama,176115.97,,,,,183.96,,,,,,,,3.18,873624.18
Artiodactyla,Bovidae,Alcelaphus,lichtensteinii,Alcelaphus lichtensteinii,168695.66,,237.0,0.98,,,,15000.0,596.29,3,1,1,4.41,1.71,2264335.8
Artiodactyla,Cervidae,Alces,alces,Alces alces,461900.76,2930.47,235.0,1.25,1.7,324.0,98.85,12999.99,668.2,1,1,1,71.75,0.4,
Artiodactyla,Cervidae,Alces,americanus,Alces americanus,541460.44,2097.16,245.0,1.0,,300.0,182.5,13499.99,631.37,2,,1,,,
Chiroptera,Pteropodidae,Alionycteris,paucidentata,Alionycteris paucidentata,16.24,63.8,,,,,,,,,1,,,,168.3
Rodentia,Dipodidae,Allactaga,elater,Allactaga elater,59.0,,,4.47,2.0,,32.31,,105.22,,,,,,4512224.2
Rodentia,Dipodidae,Allactaga,euphratica,Allactaga euphratica,232.0,,,4.99,,50.4,,,,,,,,,
Rodentia,Dipodidae,Allactaga,tetradactyla,Allactaga tetradactyla,52.0,,,,,,,,,,,,,,336436.37
Primates,Cercopithecidae,Allenopithecus,nigroviridis,Allenopithecus nigroviridis,4749.96,459.99,,1.01,,276.0,106.15,240.71,,,,,,,609031.19
Primates,Cheirogaleidae,Allocebus,trichotis,Allocebus trichotis,78.09,133.99,,1.0,1.0,,,,,4,1,2,,,42488.06
Primates,Atelidae,Alouatta,belzebul,Alouatta belzebul,6157.91,550.38,,,,,,,,,1,,,17.0,1899561.77
Primates,Atelidae,Alouatta,caraya,Alouatta caraya,5576.96,558.16,185.92,1.01,,243.6,323.16,260.6,1276.72,3,,1,,80.0,1534736.35
Primates,Atelidae,Alouatta,guariba,Alouatta guariba,5188.33,514.53,,,,,,,,4,1,1,0.03,89.09,825479.22
Primates,Atelidae,Alouatta,palliata,Alouatta palliata,6576.99,576.35,185.42,1.02,,300.0,495.6,318.29,1578.42,2,1,1,0.19,58.99,559554.92
Primates,Atelidae,Alouatta,pigra,Alouatta pigra,7172.06,566.94,185.92,1.01,,240.0,,480.0,,2,1,1,0.3,8.53,91384.8
Primates,Atelidae,Alouatta,sara,Alouatta sara,6611.04,,,,,,,,,,,,,,526742.28
Primates,Atelidae,Alouatta,seniculus,Alouatta seniculus,6398.31,560.21,189.9,1.42,,300.0,370.04,293.42,1690.22,6,1,2,0.1,44.49,2516845.21
Rodentia,Cricetidae,Alticola,argentatus,Alticola argentatus,37.69,107.18,,4.57,3.0,,,,,2,,1,,,1225347.54
Rodentia,Cricetidae,Alticola,roylei,Alticola roylei,37.0,,,5.44,10.0,,,,,,,,,,22396.36
Rodentia,Cricetidae,Alticola,stoliczkanus,Alticola stoliczkanus,30.14,108.4,,7.77,,,,,,,1,,,,2546208.78
Rodentia,Cricetidae,Alticola,strelzowi,Alticola strelzowi,49.99,116.65,20.85,6.9,2.25,,17.0,3.0,,,1,,,,586631.11
Afrosoricida,Chrysochloridae,Amblysomus,hottentotus,Amblysomus hottentotus,62.6,121.49,,1.86,2.0,12.0,,4.5,,2,2,2,0.000334208,1000.0,256161.76
Chiroptera,Phyllostomidae,Ametrida,centurio,Ametrida centurio,10.61,,,0.98,,,,,,1,1,1,,,4577247.97
Rodentia,Muridae,Ammodillus,imbellis,Ammodillus imbellis,49.99,95.49,,,,,,,,,,,,,226420.62
Artiodactyla,Bovidae,Ammodorcas,clarkei,Ammodorcas clarkei,28049.81,1509.96,200.0,1.0,,36.0,,,,,1,,,0.73,287056.65
Rodentia,Sciuridae,Ammospermophilus,harrisii,Ammospermophilus harrisii,126.57,159.17,29.19,6.32,1.0,,48.63,3.59,198.57,4,,1,,24.97,270261.06
Rodentia,Sciuridae,Ammospermophilus,interpres,Ammospermophilus interpres,112.53,151.34,,9.36,1.25,,,,,4,2,2,,,313517.36
Rodentia,Sciuridae,Ammospermophilus,leucurus,Ammospermophilus leucurus,103.92,151.14,29.38,8.0,1.25,69.6,64.51,2.9,377.37,5,2,2,0.04,14.49,990897.69
Rodentia,Sciuridae,Ammospermophilus,nelsoni,Ammospermophilus nelsoni,160.42,168.38,26.0,8.9,1.0,66.0,29.83,4.87,377.57,5,2,2,0.03,,4125.09
Artiodactyla,Bovidae,Ammotragus,lervia,Ammotragus lervia,94202.22,1449.99,156.24,1.22,,252.0,121.66,4500.0,507.09,2,1,1,7.06,,1447450.84
Scandentia,Tupaiidae,Anathana,ellioti,Anathana ellioti,160.0,,,4.84,,,,,,,,,,,1373476.69
Rodentia,Cricetidae,Andalgalomys,olrogi,Andalgalomys olrogi,32.9,96.24,,,,,,,,,1,,,,592.92
Rodentia,Cricetidae,Andalgalomys,pearsoni,Andalgalomys pearsoni,25.4,101.64,,,,,,,,,1,,,,62301.94
Rodentia,Cricetidae,Andinomys,edax,Andinomys edax,69.75,,,2.91,,,,,,,1,,,,332581.78
Rodentia,Muridae,Anisomys,imitator,Anisomys imitator,510.5,263.83,,,,,,,,3,2,1,,,243507.61
Rodentia,Anomaluridae,Anomalurus,beecrofti,Anomalurus beecrofti,479.07,,,0.98,,,,,,,1,,,,4958782.98
Rodentia,Anomaluridae,Anomalurus,derbianus,Anomalurus derbianus,665.84,356.94,,1.0,2.0,,,,,1,1,1,0.04,50.43,7480085.38
Rodentia,Anomaluridae,Anomalurus,pelii,Anomalurus pelii,1769.99,,,2.5,2.0,,,,,,,,,,340631.0
Rodentia,Anomaluridae,Anomalurus,pusillus,Anomalurus pusillus,250.0,196.56,,,,,,,,,1,,,6.22,1979711.36
Rodentia,Cricetidae,Anotomys,leander,Anotomys leander,66.39,,,0.97,,,,,,,1,,,,29663.44
Chiroptera,Phyllostomidae,Anoura,caudifer,Anoura caudifer,10.81,58.32,107.97,0.99,,,,2.14,,3,1,2,,,8755498.43
Chiroptera,Phyllostomidae,Anoura,cultrata,Anoura cultrata,17.39,,,1.22,,,,3.65,,3,1,2,,,1873138.72
Chiroptera,Phyllostomidae,Anoura,geoffroyi,Anoura geoffroyi,15.15,,125.14,0.99,1.0,120.0,62.5,4.99,,3,1,2,,,8631465.89
Chiroptera,Phyllostomidae,Anoura,latidens,Anoura latidens,15.06,,,,,,,,,3,1,2,,,450082.95
Soricomorpha,Soricidae,Anourosorex,squamipes,Anourosorex squamipes,20.0,94.76,,2.82,,,,,,,2,,,190.0,1216617.62
Dasyuromorphia,Dasyuridae,Antechinomys,laniger,Antechinomys laniger,25.57,,11.74,5.99,1.5,39.6,91.24,,393.87,,1,,,,2523957.06
Dasyuromorphia,Dasyuridae,Antechinus,agilis,Antechinus agilis,22.13,,27.0,10.0,,,89.99,,374.16,,,,,711.0,155967.12
Dasyuromorphia,Dasyuridae,Antechinus,bellus,Antechinus bellus,38.73,114.62,30.0,10.08,1.0,27.6,95.0,,396.83,,1,,,160.0,118056.85
Dasyuromorphia,Dasyuridae,Antechinus,flavipes,Antechinus flavipes,44.33,,28.0,8.54,1.0,42.0,89.74,,334.58,,1,,,688.83,953346.0
Dasyuromorphia,Dasyuridae,Antechinus,godmani,Antechinus godmani,75.74,,,4.58,1.0,,111.68,,374.16,,1,,,5.3,3443.22
Dasyuromorphia,Dasyuridae,Antechinus,leo,Antechinus leo,70.09,,30.99,8.19,1.0,24.0,76.78,,396.83,,1,,,162.0,5555.28
Dasyuromorphia,Dasyuridae,Antechinus,minimus,Antechinus minimus,52.56,,29.27,7.19,1.0,24.0,99.1,0.03,361.77,,1,,,1400.0,109624.69
Dasyuromorphia,Dasyuridae,Antechinus,stuartii,Antechinus stuartii,29.01,,28.15,6.89,1.0,36.0,89.74,0.01,329.99,3,2,2,0.008782702,328.78,173022.67
Dasyuromorphia,Dasyuridae,Antechinus,swainsonii,Antechinus swainsonii,58.69,,29.69,8.24,1.0,24.0,105.66,,319.37,2,2,2,,974.49,319669.55
Artiodactyla,Bovidae,Antidorcas,marsupialis,Antidorcas marsupialis,33571.24,1055.0,169.49,1.0,,240.0,57.45,3841.48,331.73,2,1,1,,10.69,1066805.09
Artiodactyla,Antilocapridae,Antilocapra,americana,Antilocapra americana,47450.01,1310.0,247.99,1.93,1.0,144.0,87.54,3454.7,534.68,2,1,1,8.05,0.82,2009745.94
Artiodactyla,Bovidae,Antilope,cervicapra,Antilope cervicapra,36301.1,1250.0,166.59,1.22,2.0,243.0,59.5,3386.14,700.04,5,1,1,0.62,4.25,1248646.6
Chiroptera,Vespertilionidae,Antrozous,pallidus,Antrozous pallidus,22.24,,59.01,1.78,,109.2,61.1,3.09,,2,1,3,,,4228781.56
Carnivora,Mustelidae,Aonyx,capensis,Aonyx capensis,19322.22,815.2,62.99,2.62,,132.0,,,371.23,6,2,2,99.74,0.35,14162350.57
Carnivora,Mustelidae,Aonyx,cinerea,Aonyx cinerea,3527.59,516.47,63.31,1.47,,121.0,79.54,56.01,,2,2,3,,,3673360.97
Primates,Aotidae,Aotus,azarae,Aotus azarae,929.57,,,1.0,,,229.69,,,2,1,2,,15.94,663508.32
Primates,Aotidae,Aotus,hershkovitzi,Aotus hershkovitzi,800.0,,,,,,,,,2,1,2,,,5811.51
Primates,Aotidae,Aotus,lemurinus,Aotus lemurinus,865.96,305.0,132.23,1.01,,216.0,74.57,97.47,755.15,4,1,2,,35.43,321845.55
Primates,Aotidae,Aotus,miconax,Aotus miconax,800.0,,,,,,,,,2,1,2,,,70306.69
Primates,Aotidae,Aotus,nancymaae,Aotus nancymaae,791.03,,,1.02,,,,,,2,1,2,,28.16,157985.99
Primates,Aotidae,Aotus,nigriceps,Aotus nigriceps,1057.0,357.99,,,,,,,,2,1,2,,38.0,1674555.55
Primates,Aotidae,Aotus,trivirgatus,Aotus trivirgatus,912.4,357.99,133.47,1.06,,303.6,76.21,96.49,736.6,3,1,2,0.02,24.37,590942.02
Primates,Aotidae,Aotus,vociferans,Aotus vociferans,872.99,,,1.02,,,,,,2,1,1,,23.51,1226115.0
Rodentia,Aplodontiidae,Aplodontia,rufa,Aplodontia rufa,806.21,306.95,30.0,2.46,1.0,120.0,58.4,23.12,827.69,2,1,1,0.001352133,778.39,245595.72
Rodentia,Muridae,Apodemus,agrarius,Apodemus agrarius,21.11,,19.89,5.64,3.5,48.0,,1.8,76.04,,,,,1098.35,11086859.77
Rodentia,Muridae,Apodemus,flavicollis,Apodemus flavicollis,31.6,103.12,24.5,4.94,3.0,48.0,,2.3,43.27,,,,0.001253831,1770.0,5559055.33
Rodentia,Muridae,Apodemus,mystacinus,Apodemus mystacinus,43.84,,23.0,3.88,2.0,,,3.0,,,,,,,801977.78
Rodentia,Muridae,Apodemus,semotus,Apodemus semotus,25.77,91.25,,3.56,,,,,,,,,,,36065.98
Rodentia,Muridae,Apodemus,speciosus,Apodemus speciosus,43.75,,,4.47,,,,,,,,,,,361275.18
Rodentia,Muridae,Apodemus,sylvaticus,Apodemus sylvaticus,21.9,87.51,23.68,5.16,3.75,52.8,19.36,1.5,57.93,4,2,2,0.007114139,780.0,5043250.55
Rodentia,Muridae,Apodemus,uralensis,Apodemus uralensis,18.26,,,5.72,,,,,,,,,,,7273479.78
Rodentia,Muridae,Apodemus,witherbyi,Apodemus witherbyi,20.66,,,,,,,,,,,,,,1430457.53
Rodentia,Muridae,Apomys,abrae,Apomys abrae,34.88,109.5,,,,,,,,,2,,,,39988.41
Rodentia,Muridae,Apomys,datae,Apomys datae,34.88,109.5,,,,,,,,,2,,,,11324.99
Rodentia,Muridae,Apomys,hylocetes,Apomys hylocetes,34.88,109.5,,,,,,,,,2,,,,17394.58
Rodentia,Muridae,Apomys,insignis,Apomys insignis,34.88,109.5,,,,,,,,,2,,,,95605.19
Rodentia,Muridae,Apomys,littoralis,Apomys littoralis,30.95,109.5,,,,,,,,,2,,,,106985.31
Rodentia,Muridae,Apomys,microdon,Apomys microdon,34.98,109.5,,,,,,,,4,2,2,,,26990.03
Rodentia,Muridae,Apomys,musculus,Apomys musculus,21.2,109.5,,,,,,,,4,2,2,0.002683942,1124.83,115585.39
Rodentia,Muridae,Apomys,sacobianus,Apomys sacobianus,34.88,109.5,,,,,,,,,2,,,,341.33
Chiroptera,Pteropodidae,Aproteles,bulmerae,Aproteles bulmerae,623.91,245.47,,1.0,1.0,,,,,2,1,1,,,66662.67
Rodentia,Cricetidae,Arborimus,albipes,Arborimus albipes,23.0,103.72,,2.73,,,,,,3,2,1,,,77783.68
Rodentia,Cricetidae,Arborimus,longicaudus,Arborimus longicaudus,22.39,103.72,28.11,2.91,,,30.49,2.49,,1,2,1,,,54116.11
Rodentia,Cricetidae,Arborimus,pomo,Arborimus pomo,32.49,99.06,32.33,2.0,,,35.29,2.39,,1,2,1,,,22031.98
Rodentia,Muridae,Archboldomys,luzonensis,Archboldomys luzonensis,35.34,70.0,,,,,,,,1,,3,,575.19,328.3
Carnivora,Viverridae,Arctictis,binturong,Arctictis binturong,12999.99,785.15,92.24,2.5,,272.4,117.57,317.35,1034.61,3,1,1,,,2913838.88
Primates,Lorisidae,Arctocebus,aureus,Arctocebus aureus,234.16,,,,,,,,,,,,,,878239.93
Primates,Lorisidae,Arctocebus,calabarensis,Arctocebus calabarensis,258.01,239.99,133.74,1.01,,156.0,109.26,31.82,298.91,3,,2,,6.2,185093.8
Carnivora,Otariidae,Arctocephalus,australis,Arctocephalus australis,67979.43,1647.58,246.38,1.0,,252.0,365.0,4449.71,1729.33,6,2,2,,,
Carnivora,Otariidae,Arctocephalus,forsteri,Arctocephalus forsteri,101249.99,1701.17,242.47,1.0,,180.0,323.72,3700.0,2668.42,6,2,2,,,
Carnivora,Otariidae,Arctocephalus,galapagoensis,Arctocephalus galapagoensis,39448.04,1352.21,215.94,1.0,,264.0,821.25,3499.99,1683.65,6,2,2,,,
Carnivora,Otariidae,Arctocephalus,gazella,Arctocephalus gazella,96599.99,1568.56,294.69,1.0,,276.0,116.28,5794.63,1691.66,1,2,3,,22.0,
Carnivora,Otariidae,Arctocephalus,philippii,Arctocephalus philippii,94999.99,1694.94,,1.0,,,,,,6,2,2,,,
Carnivora,Otariidae,Arctocephalus,pusillus,Arctocephalus pusillus,178500.0,1899.33,357.99,1.0,,252.0,356.3,5750.0,1698.17,1,2,3,,,
Carnivora,Otariidae,Arctocephalus,townsendi,Arctocephalus townsendi,101063.71,1704.41,,1.0,,288.0,328.13,,,1,2,3,,,
Carnivora,Otariidae,Arctocephalus,tropicalis,Arctocephalus tropicalis,92222.55,1620.16,241.69,1.4,,276.0,304.16,4347.41,1538.68,6,2,2,,,
Carnivora,Viverridae,Arctogalidia,trivirgata,Arctogalidia trivirgata,2323.79,526.9,45.95,2.79,,190.0,49.41,,841.82,6,1,2,,,2766097.4
Carnivora,Mustelidae,Arctonyx,collaris,Arctonyx collaris,8166.52,690.22,42.89,3.0,,167.0,165.64,58.0,,6,1,2,,,4519063.86
Chiroptera,Phyllostomidae,Ardops,nichollsi,Ardops nichollsi,19.23,,,0.99,2.0,,,2.52,,1,1,1,,,4493.21
Chiroptera,Vespertilionidae,Arielulus,circumdatus,Arielulus circumdatus,10.4,,,,,,,,,,1,,,,484035.06
Chiroptera,Phyllostomidae,Artibeus,amplus,Artibeus amplus,61.04,,,,,,,,,1,1,1,,,704691.93
Chiroptera,Phyllostomidae,Artibeus,aztecus,Artibeus aztecus,20.81,,,0.99,2.0,,,,,1,1,1,,,572771.69
Chiroptera,Phyllostomidae,Artibeus,cinereus,Artibeus cinereus,12.7,,,0.99,,,,,,1,1,1,,,1835095.13
Chiroptera,Phyllostomidae,Artibeus,concolor,Artibeus concolor,19.65,,,,,,,,,1,1,1,,,6473389.12
Chiroptera,Phyllostomidae,Artibeus,fimbriatus,Artibeus fimbriatus,63.89,,,,,,,,,1,1,1,,,1195211.14
Chiroptera,Phyllostomidae,Artibeus,glaucus,Artibeus glaucus,12.31,,,,,,,,,1,1,1,,,10710294.79
Chiroptera,Phyllostomidae,Artibeus,gnomus,Artibeus gnomus,10.06,,,,,,,,,,,,,,8185856.09
Chiroptera,Phyllostomidae,Artibeus,hirsutus,Artibeus hirsutus,40.42,,,0.98,,,,,,1,1,1,,,299330.97
Chiroptera,Phyllostomidae,Artibeus,jamaicensis,Artibeus jamaicensis,43.63,78.3,138.7,1.0,2.0,120.0,,10.57,333.22,4,1,2,,,14327574.52
Chiroptera,Phyllostomidae,Artibeus,lituratus,Artibeus lituratus,59.3,95.35,106.45,1.0,2.0,,,8.9,,1,1,1,,,14275189.62
Chiroptera,Phyllostomidae,Artibeus,obscurus,Artibeus obscurus,35.91,,,0.98,,,,,,1,1,1,,,11220757.02
Chiroptera,Phyllostomidae,Artibeus,phaeotis,Artibeus phaeotis,11.69,55.5,,0.99,2.0,,,2.52,,3,1,2,,,1156701.32
Chiroptera,Phyllostomidae,Artibeus,toltecus,Artibeus toltecus,15.47,,,0.99,2.0,,,,,1,1,1,,,1039041.68
Chiroptera,Phyllostomidae,Artibeus,watsoni,Artibeus watsoni,11.2,,,1.0,,,,,,,,,,,415964.09
Rodentia,Muridae,Arvicanthis,abyssinicus,Arvicanthis abyssinicus,73.34,,,,,,,,,,,,,10983.58,284170.39
Rodentia,Muridae,Arvicanthis,blicki,Arvicanthis blicki,128.0,,,,,,,,,,,,,,25420.47
Rodentia,Muridae,Arvicanthis,niloticus,Arvicanthis niloticus,95.8,,21.99,4.86,3.5,,21.0,4.25,51.89,,,,,7309.52,9758465.39
Rodentia,Cricetidae,Arvicola,amphibius,Arvicola amphibius,120.0,193.57,21.24,4.76,3.5,60.0,14.0,5.29,48.43,,,,,57067.85,18177352.0
Rodentia,Cricetidae,Arvicola,sapidus,Arvicola sapidus,219.99,,,3.21,,42.0,,,,,,,,,1001465.45
Chiroptera,Hipposideridae,Asellia,tridens,Asellia tridens,12.94,56.0,66.1,,,,,,,1,1,3,,,13554119.99
Chiroptera,Hipposideridae,Aselliscus,stoliczkanus,Aselliscus stoliczkanus,6.09,,,,,,,,,1,1,3,,,1399537.9
Chiroptera,Hipposideridae,Aselliscus,tricuspidatus,Aselliscus tricuspidatus,4.08,,,0.99,,,,,,1,1,3,,,300956.24
Erinaceomorpha,Erinaceidae,Atelerix,albiventris,Atelerix albiventris,293.44,159.29,35.99,3.98,1.0,,59.27,8.0,116.45,5,1,2,,,11091420.66
Primates,Tarsiidae,Tarsius,tarsier,Tarsius tarsier,168.04,120.21,181.69,1.0,,144.0,67.61,23.99,596.29,3,,2,0.02,200.0,170743.47
Cetacea,Ziphiidae,Tasmacetus,shepherdi,Tasmacetus shepherdi,2500000.0,,,,,,,,,1,1,3,,,
Rodentia,Muridae,Tatera,indica,Tatera indica,138.28,,25.25,4.99,3.75,84.0,29.77,3.0,84.35,4,,2,0.001368298,,4186319.43
Rodentia,Muridae,Taterillus,arenarius,Taterillus arenarius,47.0,,,,,,,,,,,,,,446587.97
Rodentia,Muridae,Taterillus,emini,Taterillus emini,52.0,,,3.76,,,,,,,,,,,1861661.04
Rodentia,Muridae,Taterillus,gracilis,Taterillus gracilis,49.9,,28.11,4.0,,,,,84.71,,,,,467.68,886034.69
Rodentia,Muridae,Taterillus,pygargus,Taterillus pygargus,60.19,,26.34,4.47,,,20.92,,80.19,1,,1,0.000415138,3000.0,135754.05
Artiodactyla,Bovidae,Taurotragus,derbianus,Taurotragus derbianus,646024.25,2522.02,,,,194.04,,,755.15,1,1,1,,0.74,937936.53
Artiodactyla,Bovidae,Taurotragus,oryx,Taurotragus oryx,562592.69,2656.78,271.0,1.0,,300.0,128.68,30889.05,672.49,3,1,1,195.15,1.64,5405307.84
Carnivora,Mustelidae,Taxidea,taxus,Taxidea taxus,7842.15,558.35,43.8,2.76,,312.0,41.99,93.49,365.0,1,1,3,3.44,1.94,8860573.16
Artiodactyla,Tayassuidae,Tayassu,pecari,Tayassu pecari,31798.71,1110.0,158.0,2.0,,252.0,13.64,1000.0,684.67,6,1,2,40.97,1.59,13839052.97
Afrosoricida,Tenrecidae,Tenrec,ecaudatus,Tenrec ecaudatus,887.59,327.5,60.24,16.89,1.0,75.6,21.87,24.24,206.92,3,1,2,,,248061.27
Artiodactyla,Bovidae,Tetracerus,quadricornis,Tetracerus quadricornis,19282.12,1000.0,207.31,1.65,,129.96,,1040.0,,5,,1,,,1865786.32
Rodentia,Muridae,Thallomys,nigricauda,Thallomys nigricauda,124.49,,,,,,,,,,,,,,1358553.77
Rodentia,Muridae,Thallomys,paedulcus,Thallomys paedulcus,77.7,,26.34,3.2,,42.0,29.49,2.65,91.83,,,,,34.0,3341504.12
Rodentia,Cricetidae,Thalpomys,cerradensis,Thalpomys cerradensis,23.99,,,,,,,,,,,,,,359016.48
Rodentia,Cricetidae,Thalpomys,lasiotis,Thalpomys lasiotis,23.99,,,,,,,,,,,,,,75615.35
Rodentia,Muridae,Thamnomys,kempi,Thamnomys kempi,75.0,,,,,,,,,,,,,,68852.98
Rodentia,Muridae,Thamnomys,venustus,Thamnomys venustus,61.88,,,1.33,,,,,,,,,,,99705.53
Rodentia,Cricetidae,Thaptomys,nigrita,Thaptomys nigrita,19.9,,,,,,,,,,1,,,,722887.31
Primates,Cercopithecidae,Theropithecus,gelada,Theropithecus gelada,15964.11,620.0,178.64,1.01,,336.0,494.95,464.92,1894.11,2,,1,1.16,51.42,153882.5
Rodentia,Cricetidae,Thomasomys,aureus,Thomasomys aureus,87.99,,,,,,,,,1,1,1,,,414682.33
Rodentia,Cricetidae,Thomasomys,baeops,Thomasomys baeops,77.0,,,,,,,,,,,,,,49972.03
Rodentia,Cricetidae,Thomasomys,bombycinus,Thomasomys bombycinus,114.5,,,,,,,,,,,,,,6928.01
Rodentia,Cricetidae,Thomasomys,cinereiventer,Thomasomys cinereiventer,77.0,,,,,,,,,,,,,,
Rodentia,Cricetidae,Thomasomys,cinereus,Thomasomys cinereus,77.0,,,,,,,,,,,,,,
Rodentia,Cricetidae,Thomasomys,daphne,Thomasomys daphne,77.0,,,,,,,,,,,,,,110024.36
Rodentia,Cricetidae,Thomasomys,eleusis,Thomasomys eleusis,77.0,,,,,,,,,,,,,,
Rodentia,Cricetidae,Thomasomys,gracilis,Thomasomys gracilis,77.0,,,,,,,,,,,,,,
Rodentia,Cricetidae,Thomasomys,hylophilus,Thomasomys hylophilus,77.0,,,,,,,,,,1,,,,34302.85
Rodentia,Cricetidae,Thomasomys,incanus,Thomasomys incanus,77.0,,,,,,,,,,,,,,57159.77
Rodentia,Cricetidae,Thomasomys,ischyrus,Thomasomys ischyrus,77.0,,,,,,,,,,,,,,44262.39
Rodentia,Cricetidae,Thomasomys,kalinowskii,Thomasomys kalinowskii,77.0,,,,,,,,,,,,,,40500.76
Rodentia,Cricetidae,Thomasomys,ladewi,Thomasomys ladewi,77.0,,,,,,,,,,,,,,3831.33
Rodentia,Cricetidae,Thomasomys,laniger,Thomasomys laniger,35.74,111.66,,,,,,,,,,,,,76001.8
Rodentia,Cricetidae,Thomasomys,monochromos,Thomasomys monochromos,77.0,,,,,,,,,,,,,,
Rodentia,Cricetidae,Thomasomys,niveipes,Thomasomys niveipes,54.09,120.63,,,,,,,,,,,,,8507.47
Rodentia,Cricetidae,Thomasomys,notatus,Thomasomys notatus,77.0,,,,,,,,,,,,,,25007.61
Rodentia,Cricetidae,Thomasomys,oreas,Thomasomys oreas,77.0,,,,,,,,,,,,,,4357.67
Rodentia,Cricetidae,Thomasomys,paramorum,Thomasomys paramorum,77.0,,,,,,,,,,,,,,28336.34
Rodentia,Cricetidae,Thomasomys,pyrrhonotus,Thomasomys pyrrhonotus,77.0,,,,,,,,,,,,,,22177.36
Rodentia,Cricetidae,Thomasomys,rhoadsi,Thomasomys rhoadsi,77.0,,,,,,,,,,,,,,29270.61
Rodentia,Cricetidae,Thomasomys,rosalinda,Thomasomys rosalinda,77.0,,,,,,,,,,,,,,18091.25
Rodentia,Cricetidae,Thomasomys,silvestris,Thomasomys silvestris,77.0,106.3,,,,,,,,,,,,,58234.91
Rodentia,Cricetidae,Thomasomys,taczanowskii,Thomasomys taczanowskii,77.0,,,,,,,,,,,,,,19972.08
Rodentia,Cricetidae,Thomasomys,vestitus,Thomasomys vestitus,76.5,,,,,,,,,,,,,,72313.5
Rodentia,Geomyidae,Thomomys,bottae,Thomomys bottae,122.7,156.56,23.87,4.61,2.0,54.0,35.73,3.2,201.38,4,2,1,9.89232e-05,5250.0,1976663.3
Rodentia,Geomyidae,Thomomys,bulbivorus,Thomomys bulbivorus,359.9,199.44,,4.99,1.0,,41.45,6.12,,3,2,1,,,6147.08
Rodentia,Geomyidae,Thomomys,mazama,Thomomys mazama,93.07,144.99,,3.79,,,,,,3,2,1,9.05052e-05,3578.84,80946.15
Rodentia,Geomyidae,Thomomys,monticola,Thomomys monticola,80.99,,,3.49,1.0,60.0,,,393.5,3,2,1,5.73596e-05,2814.0,52761.97
Rodentia,Geomyidae,Thomomys,talpoides,Thomomys talpoides,104.64,152.04,19.0,4.86,1.0,45.0,33.12,3.15,231.94,3,2,1,,2196.71,2619475.72
Rodentia,Geomyidae,Thomomys,townsendii,Thomomys townsendii,263.35,183.92,,6.15,2.0,,,,,3,2,1,,,121622.14
Rodentia,Geomyidae,Thomomys,umbrinus,Thomomys umbrinus,125.56,,,2.2,,,,,,3,2,1,,,471470.91
Chiroptera,Pteropodidae,Thoopterus,nigrescens,Thoopterus nigrescens,66.12,104.48,,0.98,,,,,,,1,,,,87948.88
Rodentia,Echimyidae,Thrichomys,apereoides,Thrichomys apereoides,297.53,,96.44,3.2,,,34.16,21.09,126.3,,,,,,
Rodentia,Thryonomyidae,Thryonomys,gregorianus,Thryonomys gregorianus,2707.14,,91.24,2.91,2.0,,,,,,1,,,,7278562.16
Rodentia,Thryonomyidae,Thryonomys,swinderianus,Thryonomys swinderianus,3750.85,,125.76,3.88,2.0,51.6,25.17,118.89,175.38,2,1,1,,,13000746.74
Dasyuromorphia,Thylacinidae,Thylacinus,cynocephalus,Thylacinus cynocephalus,29999.99,,,3.0,,156.0,,,,,,,,,
Didelphimorphia,Didelphidae,Thylamys,elegans,Thylamys elegans,28.9,120.71,,10.6,2.0,,,,,3,3,2,0.000705614,703.01,
Didelphimorphia,Didelphidae,Thylamys,macrurus,Thylamys macrurus,34.43,127.27,,,,,,,,,,,,,223583.71
Didelphimorphia,Didelphidae,Thylamys,pallidior,Thylamys pallidior,15.34,85.87,,,,,,,,,2,,,,341665.68
Didelphimorphia,Didelphidae,Thylamys,pusillus,Thylamys pusillus,28.21,94.3,,,,,,,,,,,,,
Didelphimorphia,Didelphidae,Thylamys,velutinus,Thylamys velutinus,20.69,49.99,,,,,,,,2,,3,0.02,54.99,639611.93
Diprotodontia,Macropodidae,Thylogale,billardierii,Thylogale billardierii,5865.86,,30.73,1.0,1.0,120.0,289.17,0.4,418.85,,1,,,250.0,66496.92
Diprotodontia,Macropodidae,Thylogale,browni,Thylogale browni,5478.0,550.88,,1.02,,,,,,,1,,,,194749.1
Diprotodontia,Macropodidae,Thylogale,stigmatica,Thylogale stigmatica,4511.47,565.12,29.0,1.0,,,250.0,,386.63,3,1,1,0.02,313.68,223751.05
Diprotodontia,Macropodidae,Thylogale,thetis,Thylogale thetis,5399.95,,,1.0,,108.0,209.4,,627.19,,1,,0.1,359.99,156196.97
Chiroptera,Thyropteridae,Thyroptera,discifera,Thyroptera discifera,3.13,,,,,,,,,,1,,,,6234471.86
Chiroptera,Thyropteridae,Thyroptera,tricolor,Thyroptera tricolor,4.52,,154.24,0.98,2.0,,,1.09,,1,1,3,,,9815698.72
Didelphimorphia,Didelphidae,Tlacuatzin,canescens,Tlacuatzin canescens,47.73,,,8.49,,,,,,,2,,,305.11,476499.55
Rodentia,Muridae,Tokudaia,osimensis,Tokudaia osimensis,84.65,,,,,,,,,,,,,,710.54
Cingulata,Dasypodidae,Tolypeutes,matacus,Tolypeutes matacus,1303.47,,125.14,1.0,,,71.79,113.0,330.37,3,2,2,,7.0,1839317.09
Cingulata,Dasypodidae,Tolypeutes,tricinctus,Tolypeutes tricinctus,1465.72,300.0,,0.93,1.0,,,,,2,2,2,,,1893159.84
Chiroptera,Phyllostomidae,Tonatia,bidens,Tonatia bidens,27.7,,,0.98,,,,,,3,1,2,,,3493484.02
Chiroptera,Phyllostomidae,Trachops,cirrhosus,Trachops cirrhosus,36.9,,,0.98,,,,,,2,1,3,,,12679671.21
Primates,Cercopithecidae,Trachypithecus,auratus,Trachypithecus auratus,9719.6,,,,,,,,,,,,0.03,41.99,136882.26
Primates,Cercopithecidae,Trachypithecus,cristatus,Trachypithecus cristatus,7176.81,,,1.01,,373.2,362.93,,,,,,0.12,36.63,827350.53
Primates,Cercopithecidae,Trachypithecus,francoisi,Trachypithecus francoisi,8139.93,599.99,,,,,391.76,454.56,,1,,1,,,313031.71
Primates,Cercopithecidae,Trachypithecus,geei,Trachypithecus geei,8356.0,605.0,,1.02,,,,,,,,,2.22,2.6,10913.89
Primates,Cercopithecidae,Trachypithecus,johnii,Trachypithecus johnii,10595.08,553.17,,1.02,,,,,,1,,1,0.08,71.0,15101.08
Primates,Cercopithecidae,Trachypithecus,obscurus,Trachypithecus obscurus,7247.88,549.99,146.63,1.01,,300.0,362.93,339.18,,1,,1,0.18,57.0,209688.4
Primates,Cercopithecidae,Trachypithecus,phayrei,Trachypithecus phayrei,7681.72,,180.61,1.0,,,305.87,,,,,,0.17,0.6,1313008.67
Primates,Cercopithecidae,Trachypithecus,pileatus,Trachypithecus pileatus,11219.93,575.0,,,,,,,,,,,0.22,81.49,453900.78
Primates,Cercopithecidae,Trachypithecus,vetulus,Trachypithecus vetulus,7205.08,584.99,204.72,1.01,,276.0,245.78,359.99,1113.7,2,,1,0.02,144.65,52878.45
Artiodactyla,Bovidae,Tragelaphus,angasii,Tragelaphus angasii,87616.76,1935.86,219.99,1.0,,192.0,212.91,5541.58,645.51,4,1,1,1.63,126.94,274074.58
Artiodactyla,Bovidae,Tragelaphus,buxtoni,Tragelaphus buxtoni,215000.75,2249.44,,1.0,,132.0,,,755.15,1,1,1,,80.5,41913.3
Artiodactyla,Bovidae,Tragelaphus,eurycerus,Tragelaphus eurycerus,270998.37,2274.99,284.99,1.0,,233.0,,19944.92,887.46,4,1,1,,0.4,2564432.61
Artiodactyla,Bovidae,Tragelaphus,imberbis,Tragelaphus imberbis,94320.39,1675.0,222.0,1.0,,227.0,,5891.21,666.44,3,1,1,,0.35,1907499.42
Rodentia,Echimyidae,Trinomys,dimidiatus,Trinomys dimidiatus,167.6,197.69,,2.0,,,,,,,,,,,63705.5
Rodentia,Echimyidae,Trinomys,iheringi,Trinomys iheringi,220.39,197.54,,0.97,,,,,,,,,0.01,362.78,
Rodentia,Echimyidae,Trinomys,myosuros,Trinomys myosuros,284.99,,,,,,,,,,,,,,
Rodentia,Echimyidae,Trinomys,setosus,Trinomys setosus,284.99,,,,,,,,,,,,,,86849.07
Chiroptera,Phyllostomidae,Trinycteris,nicefori,Trinycteris nicefori,8.25,,,1.0,,,,,,2,1,2,,,3834710.43
Rodentia,Cricetidae,Tscherskia,triton,Tscherskia triton,25.0,,,4.24,,,29.23,5.25,,,,,,,2200630.09
Scandentia,Tupaiidae,Tupaia,belangeri,Tupaia belangeri,200.0,,,,,120.0,,,,,,,,,2798268.56
Scandentia,Tupaiidae,Tupaia,dorsalis,Tupaia dorsalis,168.05,185.0,,,,,,,,4,,2,,,486839.84
Scandentia,Tupaiidae,Tupaia,glis,Tupaia glis,132.43,185.0,45.99,2.22,2.5,149.0,34.27,12.6,122.77,4,2,2,0.008142403,406.3,752165.74
Scandentia,Tupaiidae,Tupaia,gracilis,Tupaia gracilis,111.95,185.0,,,,,,,,4,,2,,,502657.27
Scandentia,Tupaiidae,Tupaia,longipes,Tupaia longipes,168.05,185.0,,1.5,,144.0,,,,5,2,2,,,714870.49
Scandentia,Tupaiidae,Tupaia,minor,Tupaia minor,70.0,185.0,,1.93,,,,,,4,,2,,,1286356.26
Scandentia,Tupaiidae,Tupaia,montana,Tupaia montana,168.05,185.0,48.99,2.01,,,27.84,11.0,,4,1,2,,,62408.01
Scandentia,Tupaiidae,Tupaia,nicobarica,Tupaia nicobarica,170.25,,,0.96,,,,,,,,,,,1115.8
Scandentia,Tupaiidae,Tupaia,palawanensis,Tupaia palawanensis,168.05,185.0,,,,,,,,4,,2,,,11882.47
Scandentia,Tupaiidae,Tupaia,picta,Tupaia picta,168.05,185.0,,,,,,,,4,,2,,,130848.12
Scandentia,Tupaiidae,Tupaia,splendidula,Tupaia splendidula,168.05,185.0,,,,,,,,4,,2,,,170822.4
Scandentia,Tupaiidae,Tupaia,tana,Tupaia tana,182.33,185.0,,2.51,,,54.56,,,4,,2,,,1167155.84
Cetacea,Delphinidae,Tursiops,truncatus,Tursiops truncatus,281040.55,3257.91,365.0,0.98,,552.0,544.4,24369.6,3354.8,2,1,3,52.77,0.2,
Rodentia,Cricetidae,Tylomys,bullaris,Tylomys bullaris,280.0,,,,,,,,,,,,,,1184.64
Rodentia,Cricetidae,Tylomys,mirae,Tylomys mirae,183.6,,,,,,,,,1,1,3,,,108833.01
Rodentia,Cricetidae,Tylomys,nudicaudus,Tylomys nudicaudus,181.65,,39.51,2.47,5.53,64.8,26.29,19.9,102.04,,1,,,,480905.77
Rodentia,Cricetidae,Tylomys,tumbalensis,Tylomys tumbalensis,280.0,,,,,,,,,,,,,,208.64
Chiroptera,Vespertilionidae,Tylonycteris,pachypus,Tylonycteris pachypus,4.1,,90.88,1.92,1.0,,58.46,0.6,,1,1,3,,,4251795.63
Chiroptera,Vespertilionidae,Tylonycteris,robustula,Tylonycteris robustula,7.98,,90.88,2.0,1.0,,,1.25,140.97,1,1,3,,,2491915.89
Rodentia,Octodontidae,Tympanoctomys,barrerae,Tympanoctomys barrerae,86.02,128.53,,,,,,4.0,,1,2,1,,,6195.04
Carnivora,Felidae,Uncia,uncia,Uncia uncia,32500.0,1146.57,100.95,2.12,,216.0,101.42,442.6,841.82,1,1,3,22.72,0.07,2744453.48
Rodentia,Muridae,Uranomys,ruddi,Uranomys ruddi,35.48,92.95,,4.07,,,,,,,,,,189.55,2843093.77
Carnivora,Canidae,Urocyon,cinereoargenteus,Urocyon cinereoargenteus,3833.71,601.7,61.48,3.71,,180.0,63.79,103.68,350.76,6,1,2,1.83,2.41,9010481.09
Carnivora,Canidae,Urocyon,littoralis,Urocyon littoralis,1923.0,471.23,53.7,2.17,,96.0,,100.0,361.52,6,1,2,0.42,7.0,511.92
Chiroptera,Phyllostomidae,Uroderma,bilobatum,Uroderma bilobatum,16.28,,130.88,0.99,2.0,,40.58,,,3,1,2,,,12877448.68
Chiroptera,Phyllostomidae,Uroderma,magnirostrum,Uroderma magnirostrum,17.3,,,0.98,,,,,,1,1,1,,,10432701.36
Scandentia,Tupaiidae,Urogale,everetti,Urogale everetti,300.79,195.0,55.49,1.69,,138.0,30.24,19.97,,4,,2,,,96031.85
Rodentia,Muridae,Uromys,anak,Uromys anak,745.38,310.32,,4.3,,,,,,3,2,1,,,187554.86
Rodentia,Muridae,Uromys,caudimaculatus,Uromys caudimaculatus,644.42,283.01,38.85,1.46,,,40.0,20.0,184.63,6,2,2,,,563894.1
Rodentia,Muridae,Uromys,hadrourus,Uromys hadrourus,149.11,134.99,,3.0,,,18.6,,,1,,1,,,6687.39
Rodentia,Muridae,Uromys,imperator,Uromys imperator,1000.0,,,,,,,,,,,,,,5496.09
Rodentia,Muridae,Uromys,neobritannicus,Uromys neobritannicus,612.49,,,,,,,,,,,,,,
Rodentia,Muridae,Uromys,rex,Uromys rex,419.99,260.03,,,,,,,,,,,,,5496.09
Soricomorpha,Talpidae,Uropsilus,soricipes,Uropsilus soricipes,16.0,72.69,,,,,,,,1,1,3,,,240300.08
Soricomorpha,Talpidae,Urotrichus,talpoides,Urotrichus talpoides,18.2,89.99,36.05,3.49,1.25,42.0,27.79,,371.23,2,2,2,0.001791593,4999.99,284142.56
Carnivora,Ursidae,Ursus,americanus,Ursus americanus,110500.0,1380.87,213.95,2.39,,384.0,167.99,293.99,1448.45,1,1,1,31.25,0.72,9650153.48
Carnivora,Ursidae,Ursus,arctos,Ursus arctos,196287.5,1484.07,227.56,2.24,,600.0,182.5,499.99,1327.95,6,1,2,310.81,0.02,23972321.42
Carnivora,Ursidae,Ursus,maritimus,Ursus maritimus,371703.81,1992.55,64.66,1.66,,458.4,205.17,670.48,1850.26,3,1,2,77270.47,0.007048404,
Carnivora,Ursidae,Ursus,thibetanus,Ursus thibetanus,99714.19,1505.7,199.92,1.5,,422.0,82.01,357.5,1015.0,3,1,1,0.7,,5348705.49
Chiroptera,Phyllostomidae,Vampyressa,bidens,Vampyressa bidens,11.91,,,0.98,,,,0.61,,,1,,,,6977521.45
Chiroptera,Phyllostomidae,Vampyressa,brocki,Vampyressa brocki,48.0,,,,,,,,,,1,,,,813032.62
Chiroptera,Phyllostomidae,Vampyressa,melissa,Vampyressa melissa,16.58,,,0.98,,,,,,,1,,,,521452.78
Chiroptera,Phyllostomidae,Vampyressa,nymphaea,Vampyressa nymphaea,69.0,,,0.99,,,,,,,1,,,,118464.26
Chiroptera,Phyllostomidae,Vampyressa,pusilla,Vampyressa pusilla,8.77,53.0,,0.98,2.0,,,3.81,,1,1,1,,,
Chiroptera,Phyllostomidae,Vampyressa,thyone,Vampyressa thyone,7.17,,,,,,,1.02,,,,,,,
Chiroptera,Phyllostomidae,Vampyrodes,caraccioli,Vampyrodes caraccioli,35.89,,,0.98,2.0,,,,,1,1,1,,,8377468.83
Chiroptera,Phyllostomidae,Vampyrum,spectrum,Vampyrum spectrum,171.61,,,1.0,,78.0,,,,2,1,2,,,5565902.37
Primates,Lemuridae,Varecia,rubra,Varecia rubra,3872.6,,,,,,,,,,,,,,6367.02
Primates,Lemuridae,Varecia,variegata,Varecia variegata,3849.99,547.35,102.5,2.16,,384.0,90.73,93.69,701.52,4,2,1,1.39,27.83,60508.59
Chiroptera,Vespertilionidae,Vespadelus,darlingtoni,Vespadelus darlingtoni,6.06,,,,,,,,,1,1,3,,,495283.96
Chiroptera,Vespertilionidae,Vespadelus,douglasorum,Vespadelus douglasorum,4.99,,,,,,,,,,1,,,,88721.66
Chiroptera,Vespertilionidae,Vespadelus,pumilus,Vespadelus pumilus,5.4,,,1.21,1.0,,46.6,0.83,420.91,1,1,3,,,179988.93
Chiroptera,Vespertilionidae,Vespadelus,regulus,Vespadelus regulus,5.05,,92.54,1.0,1.0,,60.41,,,1,1,3,,,1078384.63
Chiroptera,Vespertilionidae,Vespadelus,vulturnus,Vespadelus vulturnus,3.77,,,1.0,1.0,,,,,1,1,3,,,1456169.83
Chiroptera,Vespertilionidae,Vespertilio,murinus,Vespertilio murinus,15.42,,52.14,1.5,1.0,144.0,94.29,,371.23,1,1,3,,,11582955.4
Chiroptera,Vespertilionidae,Vespertilio,sinensis,Vespertilio sinensis,24.3,,52.14,2.0,,,34.99,2.16,,1,1,3,,,738710.66
Artiodactyla,Camelidae,Vicugna,vicugna,Vicugna vicugna,47499.61,1575.0,345.45,1.0,1.0,297.6,309.89,6082.92,941.19,1,1,1,0.12,3.1,817999.23
Carnivora,Viverridae,Viverra,civettina,Viverra civettina,12061.27,843.04,,,,,,,,6,1,2,,,14075.26
Carnivora,Viverridae,Viverra,tangalunga,Viverra tangalunga,7349.99,655.78,,1.92,,144.0,,,,6,1,2,,,1304276.8
Carnivora,Viverridae,Viverra,zibetha,Viverra zibetha,9148.77,816.76,80.3,2.89,,240.0,,,,6,1,2,9.36,,4064204.47
Carnivora,Viverridae,Viverricula,indica,Viverricula indica,2918.88,539.19,,3.74,,126.0,,,,6,3,2,,,8147745.62
Diprotodontia,Vombatidae,Vombatus,ursinus,Vombatus ursinus,26000.0,986.78,30.0,1.0,,313.2,447.45,0.49,755.15,3,2,1,0.08,25.92,308388.6
Carnivora,Mustelidae,Vormela,peregusna,Vormela peregusna,594.13,319.52,60.83,5.07,,107.0,,,,1,1,3,,,8883616.47
Carnivora,Canidae,Vulpes,bengalensis,Vulpes bengalensis,2514.4,521.66,52.33,3.49,,120.0,,58.49,,6,1,2,,,3182952.32
Carnivora,Canidae,Vulpes,cana,Vulpes cana,988.5,425.92,57.35,2.0,,120.0,44.74,29.0,380.55,6,1,2,1.17,1.25,2162391.85
Carnivora,Canidae,Vulpes,chama,Vulpes chama,2919.8,532.2,52.59,2.5,,120.0,,,311.36,6,1,2,,,2079866.13
Carnivora,Canidae,Vulpes,corsac,Vulpes corsac,2615.33,578.27,54.99,5.62,,,54.56,63.12,1024.89,6,1,2,,,6378396.4
Carnivora,Canidae,Vulpes,ferrilata,Vulpes ferrilata,5543.74,600.05,54.23,3.49,,,55.68,89.99,420.91,1,1,3,,,2339623.06
Carnivora,Canidae,Vulpes,lagopus,Vulpes lagopus,3584.37,564.81,52.99,7.65,,180.0,49.5,69.17,293.89,1,1,3,14.1,0.1,16988732.37
Carnivora,Canidae,Vulpes,macrotis,Vulpes macrotis,4499.97,,,4.5,,240.0,,,,,,,8.1,0.19,1790499.14
Carnivora,Canidae,Vulpes,pallida,Vulpes pallida,2800.01,429.21,,4.0,,120.0,,,,6,1,2,,6.11,4166246.1
Carnivora,Canidae,Vulpes,rueppellii,Vulpes rueppellii,3249.97,458.63,,2.12,,,,,,1,1,3,29.93,,11669070.9
Carnivora,Canidae,Vulpes,velox,Vulpes velox,2088.0,503.79,53.7,4.25,,240.0,47.08,39.94,470.29,1,1,3,4.59,0.41,671658.66
Carnivora,Canidae,Vulpes,vulpes,Vulpes vulpes,4820.36,627.12,52.5,4.59,,180.0,50.71,100.49,321.07,1,1,3,3.5,1.1,63034304.34
Carnivora,Canidae,Vulpes,zerda,Vulpes zerda,1317.13,374.23,51.0,2.36,,175.0,65.56,28.04,294.06,6,1,2,,,6960271.02
Diprotodontia,Macropodidae,Wallabia,bicolor,Wallabia bicolor,14999.95,,35.88,1.04,1.4,180.0,447.45,0.6,490.72,2,1,1,0.11,32.0,872414.78
Rodentia,Cricetidae,Wiedomys,pyrrhorhinos,Wiedomys pyrrhorhinos,46.7,,,3.8,,,,,,2,2,2,,,552523.41
Rodentia,Cricetidae,Wilfredomys,oenax,Wilfredomys oenax,46.8,,,,,,,,,,1,,,,348515.42
Diprotodontia,Phalangeridae,Wyulda,squamicaudata,Wyulda squamicaudata,1799.21,,,1.01,1.0,72.0,240.97,,834.72,1,2,1,,345.0,39625.83
Rodentia,Cricetidae,Xenomys,nelsoni,Xenomys nelsoni,129.99,,,1.6,,,,4.99,,,2,,,,28727.89
Rodentia,Muridae,Xenuromys,barbatus,Xenuromys barbatus,975.3,304.67,,,,,,,,4,1,2,,,32191.27
Rodentia,Muridae,Xeromys,myoides,Xeromys myoides,45.2,113.03,,2.0,,,,,,1,2,3,,,54426.5
Rodentia,Sciuridae,Xerus,erythropus,Xerus erythropus,602.23,312.04,,3.45,,72.0,50.21,,210.45,,1,,0.09,,7830117.89
Rodentia,Sciuridae,Xerus,inauris,Xerus inauris,572.6,247.0,47.29,2.06,1.0,156.0,51.85,20.0,347.8,4,2,1,,,1481484.56
Rodentia,Sciuridae,Xerus,princeps,Xerus princeps,624.9,,45.5,2.0,,,,,,3,3,1,,,333016.54
Rodentia,Sciuridae,Xerus,rutilus,Xerus rutilus,316.96,221.83,,1.94,,,,,,4,1,2,0.03,798.09,1869962.36
Cingulata,Dasypodidae,Zaedyus,pichiy,Zaedyus pichiy,1444.76,297.5,61.27,2.0,,108.0,41.88,105.0,303.29,3,,2,,,899460.99
Monotremata,Tachyglossidae,Zaglossus,bruijni,Zaglossus bruijni,8951.71,675.0,10.0,1.0,,372.0,90.73,,,1,1,3,,1.6,25654.49
Carnivora,Otariidae,Zalophus,californianus,Zalophus californianus,137194.86,2018.97,349.99,1.41,,360.0,319.01,6347.89,2023.55,6,2,2,,0.5,
Rodentia,Dipodidae,Zapus,hudsonius,Zapus hudsonius,18.43,85.89,18.24,5.36,2.0,60.0,25.0,0.78,61.87,3,2,2,0.00185499,882.0,8541120.18
Rodentia,Dipodidae,Zapus,princeps,Zapus princeps,27.2,94.06,18.11,5.04,1.0,,29.04,,,3,,2,0.001944219,292.3,3361363.77
Rodentia,Dipodidae,Zapus,trinotatus,Zapus trinotatus,27.45,97.7,21.37,5.47,1.0,,30.18,0.8,,3,,2,,,162680.18
Rodentia,Muridae,Zelotomys,hildegardeae,Zelotomys hildegardeae,55.22,,,5.75,,,,,,,,,,61.11,3217960.29
Rodentia,Muridae,Zelotomys,woosnami,Zelotomys woosnami,54.1,,30.99,4.99,,,15.9,,,,,,,,557092.73
Rodentia,Anomaluridae,Zenkerella,insignis,Zenkerella insignis,200.0,,,,,,,,,,2,,,,171070.54
Cetacea,Ziphiidae,Ziphius,cavirostris,Ziphius cavirostris,4774999.99,,,1.0,,432.0,,,,1,1,3,,,
Rodentia,Cricetidae,Zygodontomys,brevicauda,Zygodontomys brevicauda,52.22,,25.39,4.23,5.5,,18.5,3.54,42.69,3,1,2,,1029.29,2460355.58
Rodentia,Cricetidae,Zygodontomys,brunneus,Zygodontomys brunneus,75.59,,,,,,,,,,,,,,91161.44
Rodentia,Geomyidae,Zygogeomys,trichopus,Zygogeomys trichopus,473.54,225.0,,,,,,,,4,2,1,,,1706.58
Rodentia,Muridae,Zyzomys,argurus,Zyzomys argurus,40.42,107.83,25.0,2.76,,,34.99,,155.06,,,,0.001039588,535.51,886980.7
Rodentia,Muridae,Zyzomys,maini,Zyzomys maini,93.99,,,,,,,,,,,,,,51093.3
Rodentia,Muridae,Zyzomys,palatilis,Zyzomys palatilis,123.0,,,,,,,,,,,,,,4667.41
Rodentia,Muridae,Zyzomys,pedunculatus,Zyzomys pedunculatus,100.0,126.79,,,,,,,,,,,,,233915.99
Rodentia,Muridae,Zyzomys,woodwardi,Zyzomys woodwardi,95.02,146.07,,2.23,,,34.99,,155.06,,,,,,70724.82
