N;trait_mean;trait_var;age_MY;tsID;age_MY_min;age_MY_max
20;0.389749375;0.165754516;0;668;NA;NA
24;0.372829057;0.161654042;0,00315;668;NA;NA
36;0.374360349;0.154574967;0,03105;668;NA;NA
15;0.454352382;0.165505208;0,0498;668;NA;NA
9;0.463237001;0.168755548;0,0576;668;NA;NA
10;0.457298108;0.201691723;0,075;668;NA;NA
13;0.459540661;0.151015595;0,0996;668;NA;NA
7;0.476785562;0.152745126;0,1026;668;NA;NA
30;0.458494241;0.157851462;0,1092;668;NA;NA
16;0.478210798;0.155591661;0,1188;668;NA;NA
21;0.463309686;0.17868347;0,12405;668;NA;NA
23;0.457916068;0.168192691;0,12495;668;NA;NA
15;0.486910836;0.205191735;0,1656;668;NA;NA
8;0.47377807;0.167659653;0,18765;668;NA;NA
20;0.307066417;0.166596168;0;667;NA;NA
24;0.296981764;0.181776102;0,00315;667;NA;NA
36;0.294682077;0.158191994;0,03105;667;NA;NA
15;0.385370257;0.201179295;0,0498;667;NA;NA
9;0.394144347;0.131884704;0,0576;667;NA;NA
10;0.372800794;0.197957189;0,075;667;NA;NA
13;0.376838545;0.219631576;0,0996;667;NA;NA
7;0.356377663;0.246964133;0,1026;667;NA;NA
30;0.358630895;0.18982442;0,1092;667;NA;NA
16;0.378901954;0.227904446;0,1188;667;NA;NA
21;0.365842491;0.184478947;0,12405;667;NA;NA
23;0.36479576;0.181678746;0,12495;667;NA;NA
15;0.381847233;0.1799484;0,1656;667;NA;NA
8;0.364298989;0.175508453;0,18765;667;NA;NA
13;1.5291;0.128881;0;346;NA;NA
13;1.2733;0.02241009;0,88376;346;NA;NA
14;1.2413;0.01352569;1,00016;346;NA;NA
8;1.3023;0.026033823;1,13936;346;NA;NA
8;1.2093;0.03041536;1,34896;346;NA;NA
21;1.2151;0.040824203;1,51176;346;NA;NA
10;1.1453;0.015989603;1,69776;346;NA;NA
12;1.1512;0.019881;1,88376;346;NA;NA
29;1.1948;0.01827904;2,18616;346;NA;NA
10;1.1802;0.01252161;2,69776;346;NA;NA
33;1.1628;0.014556423;2,88376;346;NA;NA
6;0.9186;0.013521038;3,09296;346;NA;NA
15;1.0058;0.006623518;3,41856;346;NA;NA
7;1.0233;0.016736597;3,62776;346;NA;NA
10;0.99419;0.003725271;4,25576;346;NA;NA
9;1.0291;0.013855644;4,62776;346;NA;NA
9;1.0378;0.014209832;4,81376;346;NA;NA
10;0.90698;0.008653651;5,23256;346;NA;NA
34;0.96512;0.014905968;5,37216;346;NA;NA
9;0.95058;0.004468254;5,60456;346;NA;NA
22;0.93023;0.018662292;5,79056;346;NA;NA
67;0.98256;0.010352045;5,88376;346;NA;NA
7;0.78488;0.02155024;9,34896;346;NA;NA
13;1.8907;0.10214416;0;345;NA;NA
13;1.6946;0.02692881;0,8988;345;NA;NA
14;1.7119;0.02835856;1,0368;345;NA;NA
8;1.7464;0.02692881;1,152;345;NA;NA
8;1.611;0.016040223;1,3824;345;NA;NA
21;1.5563;0.045390303;1,5208;345;NA;NA
10;1.4957;0.02461761;1,682;345;NA;NA
12;1.4957;0.01605289;1,8664;345;NA;NA
29;1.5733;0.041209;2,212;345;NA;NA
10;1.5387;0.023731403;2,6496;345;NA;NA
33;1.4925;0.02241009;2,8572;345;NA;NA
6;1.2276;0.02692881;3,1796;345;NA;NA
15;1.3081;0.01134225;3,4332;345;NA;NA
7;1.285;0.02461761;3,6404;345;NA;NA
10;1.1927;0.004977303;4,2628;345;NA;NA
9;1.2099;0.012287723;4,6312;345;NA;NA
9;1.2703;0.020736;4,8388;345;NA;NA
10;1.0888;0.01044484;5,1844;345;NA;NA
34;1.2068;0.025074723;5,4148;345;NA;NA
9;1.175;0.00438244;5,6452;345;NA;NA
22;1.1001;0.026927169;5,7832;345;NA;NA
67;1.1836;0.013935803;5,9448;345;NA;NA
7;0.93212;0.01909924;9,3316;345;NA;NA
13;0.36923;0.016477573;0;344;NA;NA
13;0.4125;0.012334324;0,82936;344;NA;NA
14;0.47308;0.00724201;0,96776;344;NA;NA
8;0.44712;0.00384648;1,08296;344;NA;NA
8;0.39808;0.016108686;1,38256;344;NA;NA
21;0.34038;0.013313698;1,54376;344;NA;NA
10;0.33173;0.010193931;1,70496;344;NA;NA
12;0.33462;0.017606636;1,84336;344;NA;NA
29;0.38077;0.013987793;2,21216;344;NA;NA
10;0.37788;0.008521136;2,62656;344;NA;NA
33;0.33462;0.00384648;2,83416;344;NA;NA
6;0.29712;0.00384648;3,08736;344;NA;NA
15;0.27115;0.00774048;3,41016;344;NA;NA
7;0.23077;0.004994956;3,61736;344;NA;NA
10;0.19038;0.00384648;4,23976;344;NA;NA
9;0.17596;0.003004136;4,56216;344;NA;NA
9;0.21923;0.007488306;4,79256;344;NA;NA
10;0.1875;0.000832034;5,18416;344;NA;NA
34;0.22788;0.004994956;5,39176;344;NA;NA
9;0.21923;0.001749331;5,55296;344;NA;NA
22;0.16154;0.009618902;5,76016;344;NA;NA
67;0.20481;0.003164063;5,89856;344;NA;NA
7;0.15;0.00187186;9,30856;344;NA;NA
13;0.74149;0.058716559;0;343;NA;NA
13;0.54196;0.007490037;0,85264;343;NA;NA
14;0.55631;0.027992636;0,99064;343;NA;NA
8;0.5591;0.023820836;1,15224;343;NA;NA
8;0.45512;0.028969742;1,38264;343;NA;NA
21;0.62523;0.012983463;1,52064;343;NA;NA
10;0.63378;0.007240308;1,70504;343;NA;NA
12;0.47216;0.019573409;1,84344;343;NA;NA
29;0.54983;0.016849338;2,21184;343;NA;NA
10;0.61304;0.018759411;2,64984;343;NA;NA
33;0.6187;0.020361863;2,83424;343;NA;NA
6;0.52911;0.028454629;3,13344;343;NA;NA
15;0.50877;0.015368561;3,38704;343;NA;NA
7;0.49996;0.008225583;3,66344;343;NA;NA
10;0.45346;0.013291784;4,26264;343;NA;NA
9;0.5023;0.036223606;4,60824;343;NA;NA
9;0.60314;0.006275808;4,81584;343;NA;NA
10;0.51636;0.018756672;5,23024;343;NA;NA
34;0.57973;0.005616004;5,39184;343;NA;NA
9;0.49593;0.013301009;5,64504;343;NA;NA
22;0.47567;0.013983063;5,76024;343;NA;NA
67;0.46115;0.006364848;5,92184;343;NA;NA
7;0.38129;0.063224588;9,35464;343;NA;NA
12;1.5454;0.14760964;0;342;NA;NA
13;1.3061;0.07789681;0,80452;342;NA;NA
12;1.2542;0.155433063;0,91972;342;NA;NA
8;1.5016;0.074720223;1,08052;342;NA;NA
7;1.2108;0.038278923;1,33332;342;NA;NA
21;1.4842;0.08958049;1,44812;342;NA;NA
10;1.4265;0.06558721;1,63212;342;NA;NA
11;1.4149;0.036614823;1,77012;342;NA;NA
28;1.4492;0.09394225;2,13812;342;NA;NA
10;1.4374;0.09480241;2,59772;342;NA;NA
33;1.4891;0.053661723;2,80452;342;NA;NA
6;1.4803;0.008751602;3,05732;342;NA;NA
14;1.414;0.026422503;3,31052;342;NA;NA
6;1.2901;0.093917732;3,56332;342;NA;NA
10;1.4423;0.09928801;4,18372;342;NA;NA
9;1.4939;0.055013703;4,55172;342;NA;NA
9;1.5571;0.10297681;4,75852;342;NA;NA
10;1.2892;0.028815063;5,10332;342;NA;NA
32;1.4474;0.055672403;5,33332;342;NA;NA
6;1.43;0.006724;5,54012;342;NA;NA
21;1.3378;0.062675123;5,67812;342;NA;NA
62;1.3435;0.048466023;5,83892;342;NA;NA
7;1.2293;0.081996323;9,21852;342;NA;NA
9;0.92794;0.012889061;0;341;NA;NA
12;0.93075;0.028249206;0,1836;341;NA;NA
8;1.0399;0.007186801;0,298;341;NA;NA
7;0.97373;0.030222084;0,5272;341;NA;NA
14;0.99092;0.005163141;0,6648;341;NA;NA
8;1.0052;0.006246531;0,8484;341;NA;NA
9;1.0167;0.035978502;1,0088;341;NA;NA
25;1.0481;0.033295301;1,3524;341;NA;NA
8;1.0997;0.011612218;1,8108;341;NA;NA
28;1.0192;0.004562327;1,9716;341;NA;NA
6;0.99609;0.00330395;2,2696;341;NA;NA
11;0.99597;0.00819025;2,5904;341;NA;NA
9;0.90947;0.018630885;3,4156;341;NA;NA
8;0.94936;0.014572111;4,3556;341;NA;NA
20;1.0125;0.00185761;4,5848;341;NA;NA
9;0.95204;0.044009746;4,9056;341;NA;NA
44;0.95774;0.004560976;5,0432;341;NA;NA
30;8.2;0.509796;0;467;NA;NA
30;7.77;0.529984;0,005317;467;NA;NA
26;7.77;0.264196;0,00995;467;NA;NA
37;7.89;0.654481;0,015182;467;NA;NA
41;7.44;0.552049;0,019318;467;NA;NA
34;7.85;0.431649;0,025551;467;NA;NA
74;7.65;0.395641;0,030541;467;NA;NA
55;7.69;0.328329;0,03403;467;NA;NA
15;8;0.571536;0,036631;467;NA;NA
23;8.09;0.446224;0,038052;467;NA;NA
50;7.7;0.418609;0,041008;467;NA;NA
48;8;0.339889;0,050629;467;NA;NA
28;7.86;0.275625;0,055246;467;NA;NA
34;7.94;0.239121;0,060289;467;NA;NA
39;7.85;0.2916;0,065312;467;NA;NA
23;8;0.363609;0,070119;467;NA;NA
26;7.96;0.278784;0,075075;467;NA;NA
56;8.02;0.417316;0,08115;467;NA;NA
29;8.07;0.351649;0,086454;467;NA;NA
75;8.23;0.556516;0,092006;467;NA;NA
76;8.67;0.410881;0,093445;467;NA;NA
83;8.45;0.5184;0,096659;467;NA;NA
1;8.7;0;0,099377;467;NA;NA
51;8.37;0.5184;0,101306;467;NA;NA
39;8.56;0.568516;0,106969;467;NA;NA
56;8.41;0.427716;0,107667;467;NA;NA
30;8.83;0.558009;0;466;NA;NA
33;8.76;0.439569;0,005317;466;NA;NA
30;8.87;0.463761;0,00995;466;NA;NA
36;9.06;0.511225;0,015182;466;NA;NA
55;8.58;0.580644;0,019318;466;NA;NA
40;8.75;0.808201;0,025551;466;NA;NA
75;8.56;0.600625;0,030541;466;NA;NA
52;8.77;0.494209;0,03403;466;NA;NA
22;9.18;0.251001;0,036631;466;NA;NA
28;9.18;0.595984;0,038052;466;NA;NA
54;8.94;0.393129;0,041008;466;NA;NA
45;9.2;0.345744;0,050629;466;NA;NA
35;9.14;0.419904;0,055246;466;NA;NA
37;9.05;0.440896;0,060289;466;NA;NA
41;9.1;0.290521;0,065312;466;NA;NA
25;9.2;0.499849;0,070119;466;NA;NA
30;9.13;0.5329;0,075075;466;NA;NA
58;9.31;0.568516;0,08115;466;NA;NA
32;9.75;0.515524;0,086454;466;NA;NA
84;9.63;0.644809;0,092006;466;NA;NA
82;10.02;0.715716;0,093445;466;NA;NA
89;9.8;0.685584;0,096659;466;NA;NA
95;9.62;0.535824;0,099377;466;NA;NA
57;9.67;0.511225;0,101306;466;NA;NA
45;9.8;0.481636;0,106969;466;NA;NA
64;9.84;0.515524;0,107667;466;NA;NA
49;5.18;0.403225;0;465;NA;NA
42;4.81;0.889249;0,005317;465;NA;NA
37;4.43;1.308736;0,00995;465;NA;NA
54;4.72;0.393129;0,015182;465;NA;NA
63;4.19;0.996004;0,019318;465;NA;NA
56;4.18;0.731025;0,025551;465;NA;NA
88;4.14;1.016064;0,030541;465;NA;NA
63;4.71;0.627264;0,03403;465;NA;NA
31;4.65;0.769129;0,036631;465;NA;NA
49;4.92;0.702244;0,038052;465;NA;NA
65;4.71;0.804609;0,041008;465;NA;NA
69;4.42;0.6889;0,050629;465;NA;NA
41;4.56;0.552049;0,055246;465;NA;NA
49;4.59;0.996004;0,060289;465;NA;NA
65;4.82;0.746496;0,065312;465;NA;NA
37;4.89;0.266256;0,070119;465;NA;NA
42;4.98;0.267289;0,075075;465;NA;NA
62;4.73;0.465124;0,08115;465;NA;NA
52;4.96;0.234256;0,086454;465;NA;NA
101;5.35;0.388129;0,092006;465;NA;NA
79;5.56;0.327184;0,093445;465;NA;NA
97;5.27;0.261121;0,096659;465;NA;NA
109;5.24;0.257049;0,099377;465;NA;NA
82;5.13;0.216225;0,101306;465;NA;NA
43;5.16;0.329476;0,106969;465;NA;NA
72;5;0.337561;0,107667;465;NA;NA
49;45.11;152.053561;0;464;NA;NA
42;42.39;65.9344;0,005317;464;NA;NA
35;40.08;46.635241;0,00995;464;NA;NA
48;47.72;98.069409;0,015182;464;NA;NA
54;38.64;127.170729;0,019318;464;NA;NA
41;42.69;63.632529;0,025551;464;NA;NA
78;42.21;96.196864;0,030541;464;NA;NA
48;47.18;104.673361;0,03403;464;NA;NA
19;44.83;245.517561;0,036631;464;NA;NA
27;52.2;270.240721;0,038052;464;NA;NA
52;48.8;152.250921;0,041008;464;NA;NA
46;50.71;156.475081;0,050629;464;NA;NA
31;48.04;132.296004;0,055246;464;NA;NA
29;50.99;140.351409;0,060289;464;NA;NA
41;48.12;140.801956;0,065312;464;NA;NA
26;52.28;89.094721;0,070119;464;NA;NA
27;45.51;103.693489;0,075075;464;NA;NA
47;45.78;206.640625;0,08115;464;NA;NA
36;45.11;69.0561;0,086454;464;NA;NA
68;51.51;151.585344;0,092006;464;NA;NA
62;50.45;212.110096;0,093445;464;NA;NA
67;48.6;134.861769;0,096659;464;NA;NA
74;54.14;125.821089;0,099377;464;NA;NA
58;45.42;133.726096;0,101306;464;NA;NA
30;53.23;280.830564;0,106969;464;NA;NA
48;47.49;131.951169;0,107667;464;NA;NA
61;0.79;0.203401;0;463;NA;NA
60;0.63;0.236196;0,005317;463;NA;NA
50;0.06;0.0576;0,00995;463;NA;NA
75;0.65;0.877969;0,015182;463;NA;NA
85;0.06;0.127449;0,019318;463;NA;NA
72;0.14;0.206116;0,025551;463;NA;NA
107;0.07;0.118336;0,030541;463;NA;NA
74;0.3;0.2116;0,03403;463;NA;NA
37;0.46;0.255025;0,036631;463;NA;NA
53;1.17;0.3364;0,038052;463;NA;NA
70;0.81;0.269361;0,041008;463;NA;NA
80;0.77;0.201601;0,050629;463;NA;NA
51;0.45;0.253009;0,055246;463;NA;NA
57;0.88;0.109561;0,060289;463;NA;NA
76;0.92;0.073441;0,065312;463;NA;NA
45;1.09;0.082944;0,070119;463;NA;NA
51;1.12;0.185761;0,075075;463;NA;NA
73;0.95;0.080089;0,08115;463;NA;NA
60;1.12;0.443556;0,086454;463;NA;NA
107;1.24;0.261121;0,092006;463;NA;NA
97;2.79;0.249001;0,093445;463;NA;NA
108;1.31;0.404496;0,096659;463;NA;NA
116;1.22;0.3969;0,099377;463;NA;NA
83;1.4;0.511225;0,101306;463;NA;NA
52;1.15;0.172225;0,106969;463;NA;NA
85;1.01;0.131044;0,107667;463;NA;NA
200;1.2515;0.029947487;0;428;NA;NA
200;1.255;0.032437186;0,0700000000000001;428;NA;NA
200;1.2285;0.029887186;0,14;428;NA;NA
200;1.1965;0.025867085;0,21;428;NA;NA
200;1.2505;0.043416834;0,28;428;NA;NA
200;1.1725;0.061903266;0,43;428;NA;NA
200;1.162;0.043171859;0,42;428;NA;NA
270;1.191111111;0.05248575;0,46;428;NA;NA
261;1.20651341;0.069380489;0,49;428;NA;NA
278;1.172302158;0.094428616;0,53;428;NA;NA
284;1.129225352;0.109072189;0,57;428;NA;NA
287;1.099651568;0.092692186;0,61;428;NA;NA
292;1.174657534;0.118324625;0,64;428;NA;NA
200;0.9595;0.05006005;0,67;428;NA;NA
200;0.968;0.038367839;0,71;428;NA;NA
200;1.079;0.039355779;0,74;428;NA;NA
200;0.9225;0.031601759;0,78;428;NA;NA
200;0.95;0.030452261;0,81;428;NA;NA
200;0.988;0.035433166;0,84;428;NA;NA
200;0.9785;0.029535427;0,87;428;NA;NA
200;1.063;0.043046231;0,9;428;NA;NA
200;1.168;0.047513568;0,93;428;NA;NA
200;1.175;0.041683417;0,97;428;NA;NA
200;1.1675;0.043209799;1;428;NA;NA
200;1.2125;0.051752513;1,04;428;NA;NA
200;1.2005;0.052612814;1,1;428;NA;NA
200;1.146;0.056667337;1,15;428;NA;NA
200;1.2525;0.055069095;1,2;428;NA;NA
200;1.159;0.050672362;1,25;428;NA;NA
200;1.198;0.072759799;1,31;428;NA;NA
200;1.174;0.066054271;1,35;428;NA;NA
200;1.2205;0.079125377;1,39;428;NA;NA
200;1.119;0.068682412;1,42;428;NA;NA
200;1.198;0.082910553;1,46;428;NA;NA
200;1.184;0.09280804;1,49;428;NA;NA
200;1.1835;0.080078141;1,52;428;NA;NA
200;1.1905;0.085185678;1,55;428;NA;NA
200;1.178;0.085141709;1,58;428;NA;NA
200;1.162;0.070307538;1,62;428;NA;NA
200;1.197;0.114061307;1,65;428;NA;NA
200;1.2245;0.129999749;1,69;428;NA;NA
200;1.1105;0.112401759;1,72;428;NA;NA
200;1.0745;0.113869095;1,76;428;NA;NA
200;1.417;0.246342714;1,8;428;NA;NA
200;1.4365;0.101525377;1,83;428;NA;NA
200;2.1695;0.072281156;0;427;NA;NA
200;2.2005;0.073316332;0,0700000000000001;427;NA;NA
200;2.1355;0.082301256;0,14;427;NA;NA
200;2.14;0.085326633;0,21;427;NA;NA
200;2.2565;0.139153518;0,28;427;NA;NA
200;2.5245;0.392009799;0,43;427;NA;NA
200;2.7265;0.599947487;0,42;427;NA;NA
270;2.667407407;0.992093625;0,46;427;NA;NA
261;2.675478927;0.999627174;0,49;427;NA;NA
278;2.674460432;1.307973535;0,53;427;NA;NA
284;2.458802817;1.061300328;0,57;427;NA;NA
287;2.636933798;1.584505251;0,61;427;NA;NA
292;2.662328767;1.398026173;0,64;427;NA;NA
200;1.792;0.225262312;0,67;427;NA;NA
200;1.976;0.326255276;0,71;427;NA;NA
200;2.0285;0.097022864;0,74;427;NA;NA
200;1.7985;0.127284171;0,78;427;NA;NA
200;1.8635;0.094490201;0,81;427;NA;NA
200;2.006;0.118657286;0,84;427;NA;NA
200;1.8085;0.068017839;0,87;427;NA;NA
200;2.0135;0.165193719;0,9;427;NA;NA
200;2.7475;0.609943467;0,93;427;NA;NA
200;3.1175;0.483360553;0,97;427;NA;NA
200;2.9665;0.555706281;1;427;NA;NA
200;3.073;0.564392965;1,04;427;NA;NA
200;2.779;0.730813065;1,1;427;NA;NA
200;2.665;0.680376884;1,15;427;NA;NA
200;2.806;0.619561809;1,2;427;NA;NA
200;2.6455;0.502592714;1,25;427;NA;NA
200;2.8345;0.933728392;1,31;427;NA;NA
200;2.984;0.255421106;1,35;427;NA;NA
200;3.0115;0.34484196;1,39;427;NA;NA
200;2.8825;0.270998744;1,42;427;NA;NA
200;3.1705;0.405406784;1,46;427;NA;NA
200;2.727;0.768011055;1,49;427;NA;NA
200;2.999;0.268642211;1,52;427;NA;NA
200;2.9575;0.514214824;1,55;427;NA;NA
200;2.605;1.145;1,58;427;NA;NA
200;2.4415;0.837716332;1,62;427;NA;NA
200;2.6295;1.421085176;1,65;427;NA;NA
200;2.564;1.672667337;1,69;427;NA;NA
200;2.3165;1.210128392;1,72;427;NA;NA
200;2.311;1.515958794;1,76;427;NA;NA
200;3.3945;2.262632915;1,8;427;NA;NA
200;3.6175;0.586978643;1,83;427;NA;NA
20;1.2625;0.032482895;0;434;NA;NA
26;1.403076923;0.056382154;0,349999999999998;434;NA;NA
39;1.494102564;0.113745884;0,66;434;NA;NA
27;1.346296296;0.093154986;0,969999999999999;434;NA;NA
29;1.478275862;0.060821921;1,32;434;NA;NA
30;1.411333333;0.08268092;1,62;434;NA;NA
36;1.289166667;0.057379286;2,02;434;NA;NA
24;1.334166667;0.072964493;2,43;434;NA;NA
36;1.348333333;0.05642;2,78;434;NA;NA
4;1.58;0.026933333;3,1;434;NA;NA
20;3.093;0.113558947;0;433;NA;NA
26;3.177692308;0.115674462;0,349999999999998;433;NA;NA
39;3.202307692;0.145423482;0,66;433;NA;NA
27;2.967037037;0.174552422;0,969999999999999;433;NA;NA
29;3.269310345;0.142199507;1,32;433;NA;NA
30;3.096666667;0.232505747;1,62;433;NA;NA
36;2.946388889;0.104360873;2,02;433;NA;NA
24;2.812083333;0.082234601;2,43;433;NA;NA
36;2.645;0.136797143;2,78;433;NA;NA
4;2.8125;0.041491667;3,1;433;NA;NA
20;2.4815;0.142497632;0;432;NA;NA
26;2.308461538;0.118893538;0,349999999999998;432;NA;NA
39;2.215897436;0.171945884;0,66;432;NA;NA
27;2.264074074;0.119209687;0,969999999999999;432;NA;NA
29;2.237241379;0.052592118;1,32;432;NA;NA
30;2.237;0.102497586;1,62;432;NA;NA
36;2.348055556;0.188793254;2,02;432;NA;NA
24;2.169583333;0.150291123;2,43;432;NA;NA
36;1.998333333;0.107528571;2,78;432;NA;NA
4;1.785;0.010833333;3,1;432;NA;NA
89;0.65752809;0.02691882;0;431;NA;NA
80;0.62575;0.033401962;1,42;431;NA;NA
80;1.019875;0.035175934;3,16;431;NA;NA
74;1.185675676;0.046830359;3,51;431;NA;NA
57;1.222807018;0.086081266;3,82;431;NA;NA
73;1.124383562;0.04662774;4,13;431;NA;NA
71;1.105633803;0.03940495;4,48;431;NA;NA
70;1.139285714;0.038458903;4,78;431;NA;NA
64;1.08328125;0.042123983;5,18;431;NA;NA
76;0.938421053;0.03356814;5,59;431;NA;NA
46;1.046521739;0.040227633;5,94;431;NA;NA
89;2.611011236;0.181527375;0;430;NA;NA
80;2.11025;0.107313861;1,42;430;NA;NA
80;3.072375;0.141868972;3,16;430;NA;NA
74;3.208513514;0.191489541;3,51;430;NA;NA
57;3.271578947;0.315506391;3,82;430;NA;NA
73;3.024520548;0.148166781;4,13;430;NA;NA
71;2.997042254;0.108549698;4,48;430;NA;NA
70;3.011571429;0.134216335;4,78;430;NA;NA
64;2.96921875;0.259220015;5,18;430;NA;NA
76;2.6375;0.134883;5,59;430;NA;NA
46;2.69673913;0.11596913;5,94;430;NA;NA
89;4.112696629;0.635733555;0;429;NA;NA
80;3.611625;1.100963149;1,42;429;NA;NA
80;3.073;0.206193418;3,16;429;NA;NA
74;2.756756757;0.160509885;3,51;429;NA;NA
57;2.760350877;0.285849875;3,82;429;NA;NA
73;2.741643836;0.130075038;4,13;429;NA;NA
71;2.763521127;0.153780282;4,48;429;NA;NA
70;2.691571429;0.151769959;4,78;429;NA;NA
64;2.76796875;0.088095809;5,18;429;NA;NA
76;2.857236842;0.134993596;5,59;429;NA;NA
46;2.633043478;0.164252754;5,94;429;NA;NA
60;0.42027;0.006067536;0;390;NA;NA
60;0.40983;0.001428924;0,0015264;390;NA;NA
60;0.41967;0.001700686;0,0055968;390;NA;NA
60;0.42024;0.006064458;0,0091584;390;NA;NA
60;0.40978;0.001428924;0,0134832;390;NA;NA
60;0.42021;0.006247397;0,0162816;390;NA;NA
60;0.4202;0.005890302;0,0185712;390;NA;NA
60;0.42947;0.006247397;0,0208608;390;NA;NA
60;0.40975;0.001428924;0,0244224;390;NA;NA
60;0.42076;0.006247397;0,0272208;390;NA;NA
60;0.42017;0.001516884;0,0290016;390;NA;NA
60;0.39001;0.001428924;0,0340896;390;NA;NA
60;0.40043;0.001607471;0,0379056;390;NA;NA
60;0.39926;0.006067536;0,0422304;390;NA;NA
60;0.39983;0.00142743;0,0450288;390;NA;NA
60;0.40968;0.001516884;0,0478272;390;NA;NA
60;0.41024;0.001516884;0,0511344;390;NA;NA
60;0.39864;0.001518424;0,0544416;390;NA;NA
60;0.39051;0.006429885;0,058512;390;NA;NA
60;0.38992;0.001343591;0,0613104;390;NA;NA
60;0.3905;0.006067536;0,0628368;390;NA;NA
60;0.4102;0.006067536;0,0643632;390;NA;NA
60;0.39918;0.001516884;0,0666528;390;NA;NA
60;0.38005;0.001516884;0,067416;390;NA;NA
60;0.36961;0.001607471;0,0691968;390;NA;NA
60;0.35974;0.001700686;0,0745392;390;NA;NA
60;0.37944;0.006247397;0,077592;390;NA;NA
60;0.38985;0.001428924;0,08268;390;NA;NA
60;0.37999;0.005890302;0,0842064;390;NA;NA
60;0.38984;0.005715695;0,0847152;390;NA;NA
60;0.36955;0.001518424;0,0862416;390;NA;NA
60;0.39042;0.005715695;0,0882768;390;NA;NA
60;0.3794;0.006247397;0,0892944;390;NA;NA
60;0.37939;0.005890302;0,0905664;390;NA;NA
60;0.37881;0.001516884;0,091584;390;NA;NA
60;0.38981;0.006429885;0,0956544;390;NA;NA
60;0.3811;0.001516884;0,0994704;390;NA;NA
60;0.36022;0.001605887;0,1032864;390;NA;NA
60;0.39034;0.001607471;0,1104096;390;NA;NA
60;0.37988;0.001516884;0,1188048;390;NA;NA
60;0.39958;0.001516884;0,1231296;390;NA;NA
60;0.37927;0.001516884;0,128472;390;NA;NA
60;0.36882;0.001607471;0,13356;390;NA;NA
60;0.38097;0.006426716;0,1391568;390;NA;NA
60;0.39022;0.001428924;0,1465344;390;NA;NA
60;0.38906;0.006615;0,1483152;390;NA;NA
60;0.40007;0.001700686;0,1495872;390;NA;NA
60;0.38034;0.001428924;0,153912;390;NA;NA
60;0.39019;0.001605887;0,1569648;390;NA;NA
60;0.37917;0.006067536;0,159;390;NA;NA
60;1.1806;0.006092188;0;388;NA;NA
60;1.1395;0.006341459;0,00223802;388;NA;NA
60;1.1702;0.006595728;0,006613475;388;NA;NA
60;1.1492;0.006627863;0,010259687;388;NA;NA
60;1.1911;0.006887755;0,014157362;388;NA;NA
60;1.1702;0.006595728;0,016646845;388;NA;NA
60;1.1702;0.005847915;0,018935157;388;NA;NA
60;1.1798;0.006092188;0,021952712;388;NA;NA
60;1.1694;0.006092188;0,025121145;388;NA;NA
60;1.1903;0.006092188;0,02766092;388;NA;NA
60;1.1589;0.005847915;0,029421161;388;NA;NA
60;1.1605;0.005847915;0,034425273;388;NA;NA
60;1.1718;0.006595728;0,039353946;388;NA;NA
60;1.15;0.006123074;0,042597817;388;NA;NA
60;1.179;0.006595728;0,045062154;388;NA;NA
60;1.1605;0.00560864;0,04868322;388;NA;NA
60;1.171;0.006595728;0,051298434;388;NA;NA
60;1.1782;0.006341459;0,054693184;388;NA;NA
60;1.1895;0.005847915;0,058867468;388;NA;NA
60;1.1895;0.006092188;0,06231251;388;NA;NA
60;1.1992;0.01424469;0,0633938;388;NA;NA
60;1.221;0.00560864;0,064399652;388;NA;NA
60;1.1992;0.005847915;0,067266329;388;NA;NA
60;1.2;0.006123074;0,068020718;388;NA;NA
60;1.1774;0.006092188;0,069730666;388;NA;NA
60;1.1702;0.00560864;0,07478507;388;NA;NA
60;1.1992;0.005847915;0,077274553;388;NA;NA
60;1.2008;0.006627863;0,083033054;388;NA;NA
60;1.1782;0.010396293;0,084365807;388;NA;NA
60;1.1895;0.001705578;0,085044757;388;NA;NA
60;1.171;0.006887755;0,086729559;388;NA;NA
60;1.2008;0.006123074;0,087282777;388;NA;NA
60;1.179;0.006341459;0,088967579;388;NA;NA
60;1.1903;0.006627863;0,091582793;388;NA;NA
60;1.1694;0.006341459;0,091758817;388;NA;NA
60;1.221;0.006092188;0,095203859;388;NA;NA
60;1.179;0.00560864;0,099000949;388;NA;NA
60;1.1887;0.024864796;0,103150087;388;NA;NA
60;1.1911;0.005374362;0,110467658;388;NA;NA
60;1.1798;0.006341459;0,117483473;388;NA;NA
60;1.1903;0.006092188;0,123166535;388;NA;NA
60;1.2016;0.007152645;0,127718014;388;NA;NA
60;1.1895;0.00560864;0,132043176;388;NA;NA
60;1.1903;0.006123074;0,137424482;388;NA;NA
60;1.1613;0.006092188;0,146502293;388;NA;NA
60;1.1984;0.00560864;0,148136802;388;NA;NA
60;1.1879;0.006627863;0,149771311;388;NA;NA
60;1.1992;0.013869846;0,153543255;388;NA;NA
60;1.1605;0.006595728;0,156535663;388;NA;NA
60;1.1911;0.006092188;0,159;388;NA;NA
60;1.64;0.025555016;0;387;NA;NA
60;1.58;0.038346561;0,0015264;387;NA;NA
60;1.73;0.098836982;0,0055968;387;NA;NA
60;1.66;0.038346561;0,0091584;387;NA;NA
60;1.68;0.080292951;0,0134832;387;NA;NA
60;1.7;0.07751774;0,0162816;387;NA;NA
60;1.67;0.056226572;0,0185712;387;NA;NA
60;1.71;0.07179571;0,0208608;387;NA;NA
60;1.63;0.056226572;0,0244224;387;NA;NA
60;1.64;0.040385087;0,0272208;387;NA;NA
60;1.66;0.063873425;0,0290016;387;NA;NA
60;1.59;0.03842399;0,0340896;387;NA;NA
60;1.68;0.03842399;0,0379056;387;NA;NA
60;1.67;0.071901643;0,0422304;387;NA;NA
60;1.66;0.056226572;0,0450288;387;NA;NA
60;1.61;0.023938815;0,0478272;387;NA;NA
60;1.66;0.07751774;0,0511344;387;NA;NA
60;1.61;0.053816483;0,0544416;387;NA;NA
60;1.75;0.119305914;0,058512;387;NA;NA
60;1.66;0.07179571;0,0613104;387;NA;NA
60;1.63;0.049067094;0,0628368;387;NA;NA
60;1.71;0.083230945;0,0643632;387;NA;NA
60;1.64;0.061205123;0,0666528;387;NA;NA
60;1.69;0.119169448;0,067416;387;NA;NA
60;1.6;0.056226572;0,0691968;387;NA;NA
60;1.58;0.056226572;0,0745392;387;NA;NA
60;1.7;0.10209375;0,077592;387;NA;NA
60;1.69;0.053816483;0,08268;387;NA;NA
60;1.66;0.056226572;0,0842064;387;NA;NA
60;1.7;0.053816483;0,0847152;387;NA;NA
60;1.59;0.030720364;0,0862416;387;NA;NA
60;1.73;0.260512117;0,0882768;387;NA;NA
60;1.6;0.074683296;0,0892944;387;NA;NA
60;1.63;0.056226572;0,0905664;387;NA;NA
60;1.66;0.095633004;0,091584;387;NA;NA
60;1.66;0.053816483;0,0956544;387;NA;NA
60;1.57;0.042476403;0,0994704;387;NA;NA
60;1.54;0.051459184;0,1032864;387;NA;NA
60;1.59;0.036436224;0,1104096;387;NA;NA
60;1.58;0.058689452;0,1188048;387;NA;NA
60;1.64;0.053816483;0,1231296;387;NA;NA
60;1.59;0.077407747;0,128472;387;NA;NA
60;1.55;0.038346561;0,13356;387;NA;NA
60;1.58;0.053816483;0,1391568;387;NA;NA
60;1.65;0.080292951;0,1465344;387;NA;NA
60;1.63;0.056226572;0,1483152;387;NA;NA
60;1.6;0.053816483;0,1495872;387;NA;NA
60;1.59;0.051459184;0,153912;387;NA;NA
60;1.58;0.051459184;0,1569648;387;NA;NA
60;1.59;0.056226572;0,159;387;NA;NA
60;1.4813;0.077627811;0;386;NA;NA
60;1.4716;0.096367698;0,001928503;386;NA;NA
60;1.5132;0.10437936;0,00659751;386;NA;NA
60;1.4298;0.05199849;0,009693265;386;NA;NA
60;1.4009;0.104251718;0,014336898;386;NA;NA
60;1.5098;0.092481817;0,017052027;386;NA;NA
60;1.4329;0.100333546;0,01938653;386;NA;NA
60;1.4392;0.125807932;0,02210166;386;NA;NA
60;1.3815;0.077627811;0,024816789;386;NA;NA
60;1.5417;0.096245054;0,027151293;386;NA;NA
60;1.4487;0.104251718;0,029460421;386;NA;NA
60;1.4711;0.096367698;0,034129429;386;NA;NA
60;1.4421;0.070740681;0,039153687;386;NA;NA
60;1.3716;0.074251913;0,042274816;386;NA;NA
60;1.3587;0.04110303;0,044989946;386;NA;NA
60;1.474;0.054922272;0,048085701;386;NA;NA
60;1.3906;0.05792602;0,051587456;386;NA;NA
60;1.3906;0.074251913;0,055063837;386;NA;NA
60;1.336;0.096245054;0,059732844;386;NA;NA
60;1.2302;0.05199849;0,061661347;386;NA;NA
60;1.3423;0.096245054;0,062828599;386;NA;NA
60;1.3615;0.100333546;0,064376476;386;NA;NA
60;1.3807;0.05199849;0,067091605;386;NA;NA
60;1.2525;0.054922272;0,068258857;386;NA;NA
60;1.2717;0.077627811;0,069426109;386;NA;NA
60;1.2908;0.05792602;0,074450367;386;NA;NA
60;1.1882;0.05792602;0,078332748;386;NA;NA
60;1.39;0.100333546;0,083382381;386;NA;NA
60;1.2875;0.077627811;0,084143632;386;NA;NA
60;1.3163;0.074144263;0,085310884;386;NA;NA
60;1.3932;0.074144263;0,086478136;386;NA;NA
60;1.3771;0.100333546;0,088026013;386;NA;NA
60;1.1816;0.092361672;0,089573891;386;NA;NA
60;1.2777;0.077737961;0,091147143;386;NA;NA
60;1.2905;0.067417066;0,091908395;386;NA;NA
60;1.2712;0.092481817;0,095790776;386;NA;NA
60;1.3256;0.081303975;0,099673157;386;NA;NA
60;1.191;0.077627811;0,103149537;386;NA;NA
60;1.2517;0.054922272;0,110914299;386;NA;NA
60;1.2901;0.051908411;0,118273061;386;NA;NA
60;1.3412;0.070740681;0,12370332;386;NA;NA
60;1.2578;0.061009736;0,128752952;386;NA;NA
60;1.2706;0.100333546;0,133396585;386;NA;NA
60;1.2769;0.077737961;0,138826843;386;NA;NA
60;1.2479;0.077627811;0,146591605;386;NA;NA
60;1.3055;0.077627811;0,148926109;386;NA;NA
60;1.2767;0.036060014;0,150473987;386;NA;NA
60;1.2894;0.05792602;0,154736993;386;NA;NA
60;1.2605;0.074144263;0,157071497;386;NA;NA
60;1.2477;0.054829693;0,159;386;NA;NA
60;3.5795;0.382532018;0;385;NA;NA
60;3.6142;0.537436224;0,002689377;385;NA;NA
60;3.6199;0.504353759;0,006534935;385;NA;NA
60;3.469;0.328152371;0,009626462;385;NA;NA
60;3.4399;0.341183465;0,015005217;385;NA;NA
60;3.6427;0.488206581;0,016563547;385;NA;NA
60;3.4107;0.44160385;0,01962994;385;NA;NA
60;3.399;0.554665803;0,022721467;385;NA;NA
60;3.341;0.302416532;0,025033829;385;NA;NA
60;3.6714;0.504353759;0,02694404;385;NA;NA
60;3.4974;0.589030196;0,030035567;385;NA;NA
60;3.7523;0.426244898;0,034258141;385;NA;NA
60;3.6014;0.368486464;0,038882864;385;NA;NA
60;3.4796;0.642988494;0,041974391;385;NA;NA
60;3.4099;0.30219924;0,045442934;385;NA;NA
60;3.6359;0.426244898;0,048509327;385;NA;NA
60;3.4503;0.32792602;0,051198704;385;NA;NA
60;3.5081;0.47259375;0,054667246;385;NA;NA
60;3.3746;0.44160385;0,060071135;385;NA;NA
60;3.1891;1.587859056;0,061981347;385;NA;NA
60;3.4615;0.209800239;0,063137528;385;NA;NA
60;3.3339;0.472322105;0,064293709;385;NA;NA
60;3.4846;0.265783046;0,06660607;385;NA;NA
60;3.328;0.32792602;0,068918432;385;NA;NA
60;3.4207;0.441341264;0,069697597;385;NA;NA
60;3.5771;0.456700333;0,074297186;385;NA;NA
60;3.1596;0.368726403;0,077388713;385;NA;NA
60;3.5768;0.441341264;0,082767468;385;NA;NA
60;3.4492;0.411411235;0,083923648;385;NA;NA
60;3.4086;0.341183465;0,084702814;385;NA;NA
60;3.7332;0.341183465;0,08623601;385;NA;NA
60;3.5766;0.441341264;0,088171356;385;NA;NA
60;3.1534;0.52076364;0,088925387;385;NA;NA
60;3.3678;0.504634462;0,090081568;385;NA;NA
60;3.362;0.472322105;0,091639899;385;NA;NA
60;3.3039;0.472322105;0,095485457;385;NA;NA
60;3.5009;0.368486464;0,098953999;385;NA;NA
60;3.2863;0.456700333;0,102799557;385;NA;NA
60;3.2106;0.397089273;0,110490673;385;NA;NA
60;3.3669;0.411664762;0,117804774;385;NA;NA
60;3.3899;0.44160385;0,123208663;385;NA;NA
60;3.3434;0.426244898;0,128210402;385;NA;NA
60;3.4186;0.554371512;0,132835125;385;NA;NA
60;3.3489;0.396840275;0,137836864;385;NA;NA
60;3.2211;0.52076364;0,146684161;385;NA;NA
60;3.4065;0.504353759;0,148217357;385;NA;NA
60;3.2615;0.289942667;0,149775688;385;NA;NA
60;3.4063;0.341414346;0,154375277;385;NA;NA
60;3.2381;0.426502954;0,155933607;385;NA;NA
60;3.2786;0.456967448;0,159;385;NA;NA
60;0.48191;0.001535411;0;384;NA;NA
60;0.4767;0.001644121;0,002336388;384;NA;NA
60;0.48226;0.001533862;0,006883552;384;NA;NA
60;0.4913;0.001588514;0,009496287;384;NA;NA
60;0.48157;0.001533862;0,014947859;384;NA;NA
60;0.48991;0.001590089;0,017158635;384;NA;NA
60;0.4847;0.001428924;0,019520145;384;NA;NA
60;0.48017;0.001535411;0,021856533;384;NA;NA
60;0.484;0.001535411;0,024871228;384;NA;NA
60;0.46557;0.001535411;0,02735835;384;NA;NA
60;0.4687;0.001481689;0,029996208;384;NA;NA
60;0.47461;0.001428924;0,034543372;384;NA;NA
60;0.47217;0.001533862;0,039944699;384;NA;NA
60;0.48122;0.001588514;0,042155475;384;NA;NA
60;0.47391;0.001588514;0,045672618;384;NA;NA
60;0.47426;0.001644121;0,048737557;384;NA;NA
60;0.48017;0.001644121;0,051727129;384;NA;NA
60;0.49304;0.001644121;0,054666456;384;NA;NA
60;0.46904;0.001644121;0,059891926;384;NA;NA
60;0.47878;0.001645724;0,062479539;384;NA;NA
60;0.47704;0.001533862;0,064037131;384;NA;NA
60;0.48017;0.001588514;0,064765682;384;NA;NA
60;0.4753;0.001644121;0,067880866;384;NA;NA
60;0.48052;0.001588514;0,068207458;384;NA;NA
60;0.4767;0.001481689;0,06976505;384;NA;NA
60;0.46835;0.00175655;0,074839785;384;NA;NA
60;0.48226;0.001588514;0,078532786;384;NA;NA
60;0.47183;0.001644121;0,082477011;384;NA;NA
60;0.46696;0.001700686;0,084813399;384;NA;NA
60;0.48191;0.001481689;0,085818297;384;NA;NA
60;0.47704;0.001644121;0,086622215;384;NA;NA
60;0.45617;0.001644121;0,088757624;384;NA;NA
60;0.47217;0.001481689;0,089737399;384;NA;NA
60;0.49026;0.005926756;0,090340338;384;NA;NA
60;0.45826;0.001481689;0,09179744;384;NA;NA
60;0.45687;0.001588514;0,095641176;384;NA;NA
60;0.47113;0.001590089;0,099711013;384;NA;NA
60;0.47148;0.001480168;0,103152789;384;NA;NA
60;0.48365;0.001699056;0,110714647;384;NA;NA
60;0.46939;0.001535411;0,118879444;384;NA;NA
60;0.47217;0.001586939;0,12345173;384;NA;NA
60;0.47948;0.001758206;0,128375731;384;NA;NA
60;0.47043;0.001535411;0,133827303;384;NA;NA
60;0.47113;0.001590089;0,139178385;384;NA;NA
60;0.47983;0.001535411;0,146363407;384;NA;NA
60;0.47252;0.001535411;0,147971243;384;NA;NA
60;0.4593;0.001758206;0,150784958;384;NA;NA
60;0.46904;0.001590089;0,154528204;384;NA;NA
60;0.46974;0.001588514;0,157191183;384;NA;NA
60;0.48226;0.001758206;0,159;384;NA;NA
60;1.1335;0.006123074;0;383;NA;NA
60;1.1329;0.006123074;0,001153628;383;NA;NA
60;1.1409;0.005938932;0,005391956;383;NA;NA
60;1.1366;0.006310027;0,009630284;383;NA;NA
60;1.1372;0.006123074;0,013868612;383;NA;NA
60;1.1463;0.006154037;0,015799685;383;NA;NA
60;1.1451;0.006123074;0,01810694;383;NA;NA
60;1.1732;0.005579082;0,021944006;383;NA;NA
60;1.1329;0.006310027;0,024652524;383;NA;NA
60;1.1421;0.005757601;0,026182334;383;NA;NA
60;1.1506;0.006123074;0,028890852;383;NA;NA
60;1.1555;0.006310027;0,033505363;383;NA;NA
60;1.1494;0.006531693;0,039273502;383;NA;NA
60;1.1537;0.006341459;0,041580757;383;NA;NA
60;1.1341;0.001673092;0,04504164;383;NA;NA
60;1.1701;0.013963088;0,048126341;383;NA;NA
60;1.147;0.005969427;0,050433596;383;NA;NA
60;1.1457;0.006123074;0,054295741;383;NA;NA
60;1.1377;0.006531693;0,059637539;383;NA;NA
60;1.1659;0.016294617;0,061593691;383;NA;NA
60;1.1921;0.006310027;0,062371136;383;NA;NA
60;1.1512;0.006692368;0,064678391;383;NA;NA
60;1.1756;0.000765306;0,067386909;383;NA;NA
60;1.1598;0.001889838;0,068540536;383;NA;NA
60;1.1543;0.00637297;0,069694164;383;NA;NA
60;1.1713;0.006154037;0,074684858;383;NA;NA
60;1.1604;0.006123074;0,076992114;383;NA;NA
60;1.1939;0.006123074;0,082785331;383;NA;NA
60;1.1683;0.006499792;0,083537697;383;NA;NA
60;1.1585;0.001484733;0,085870032;383;NA;NA
60;1.1701;0.005757601;0,087023659;383;NA;NA
60;1.1835;0.006123074;0,087776025;383;NA;NA
60;1.1738;0.006154037;0,088929653;383;NA;NA
60;1.1793;0.005969427;0,090083281;383;NA;NA
60;1.1524;0.005579082;0,091236909;383;NA;NA
60;1.1677;0.005579082;0,094722871;383;NA;NA
60;1.1774;0.006310027;0,099713565;383;NA;NA
60;1.1652;0.006154037;0,103951893;383;NA;NA
60;1.1732;0.005969427;0,110497476;383;NA;NA
60;1.1841;0.006154037;0,118974132;383;NA;NA
60;1.1701;0.006692368;0,123212461;383;NA;NA
60;1.1634;0.006310027;0,128980599;383;NA;NA
60;1.1793;0.006123074;0,133971293;383;NA;NA
60;1.1793;0.006123074;0,138610883;383;NA;NA
60;1.1738;0.006123074;0,146310095;383;NA;NA
60;1.1848;0.005969427;0,148216088;383;NA;NA
60;1.1726;0.006341459;0,150147161;383;NA;NA
60;1.1707;0.006341459;0,154009306;383;NA;NA
60;1.1488;0.005938932;0,156692744;383;NA;NA
60;1.1713;0.006310027;0,159;383;NA;NA
60;1.4904;0.025491878;0;382;NA;NA
60;1.4301;0.022139564;0,002675238;382;NA;NA
60;1.4699;0.026382913;0,006915238;382;NA;NA
60;1.4986;0.027224008;0,009969048;382;NA;NA
60;1.4507;0.025491878;0,01496619;382;NA;NA
60;1.4603;0.022970468;0,016884286;382;NA;NA
60;1.4507;0.014197561;0,020341905;382;NA;NA
60;1.489;0.055479384;0,02226;382;NA;NA
60;1.4096;0.012332518;0,024581905;382;NA;NA
60;1.4014;0.01415051;0,027257143;382;NA;NA
60;1.4301;0.035910077;0,02955381;382;NA;NA
60;1.4808;0.027224008;0,034172381;382;NA;NA
60;1.4205;0.024678194;0,038790952;382;NA;NA
60;1.4781;0.023816678;0,042627143;382;NA;NA
60;1.4795;0.025491878;0,045302381;382;NA;NA
60;1.4767;0.023816678;0,048381429;382;NA;NA
60;1.5301;0.077737961;0,051839048;382;NA;NA
60;1.4781;0.023816678;0,054539524;382;NA;NA
60;1.5205;0.054275862;0,06029381;382;NA;NA
60;1.5014;0.040147178;0,062590476;382;NA;NA
60;1.4795;0.02461615;0,063751429;382;NA;NA
60;1.4795;0.039046231;0,06413;382;NA;NA
60;1.4685;0.040147178;0,067587619;382;NA;NA
60;1.4479;0.02461615;0,068748571;382;NA;NA
60;1.5096;0.041183192;0,069505714;382;NA;NA
60;1.5479;0.035910077;0,07566381;382;NA;NA
60;1.4877;0.035910077;0,077960476;382;NA;NA
60;1.4808;0.056790244;0,083714762;382;NA;NA
60;1.4699;0.024678194;0,084875714;382;NA;NA
60;1.4603;0.01290966;0,085632857;382;NA;NA
60;1.4603;0.022139564;0,087172381;382;NA;NA
60;1.4466;0.02461615;0,088333333;382;NA;NA
60;1.5082;0.040147178;0,089872857;382;NA;NA
60;1.489;0.024678194;0,09063;382;NA;NA
60;1.5;0.039046231;0,092169524;382;NA;NA
60;1.4425;0.013545957;0,095627143;382;NA;NA
60;1.511;0.055479384;0,099841905;382;NA;NA
60;1.4904;0.052903582;0,104081905;382;NA;NA
60;1.4534;0.023816678;0,111375714;382;NA;NA
60;1.4685;0.039046231;0,118669524;382;NA;NA
60;1.4753;0.035910077;0,123262857;382;NA;NA
60;1.4781;0.025491878;0,12866381;382;NA;NA
60;1.4986;0.036890254;0,134796667;382;NA;NA
60;1.5;0.037960589;0,138254286;382;NA;NA
60;1.4986;0.023816678;0,14746619;382;NA;NA
60;1.4616;0.025491878;0,149005714;382;NA;NA
60;1.511;0.023816678;0,150545238;382;NA;NA
60;1.4973;0.015497449;0,154381429;382;NA;NA
60;1.5;0.022970468;0,156299524;382;NA;NA
60;1.4877;0.041183192;0,159;382;NA;NA
60;2.6921;0.223783163;0;381;NA;NA
60;2.5661;0.148778009;0,002574595;381;NA;NA
60;2.8528;0.300030612;0,007048892;381;NA;NA
60;2.8244;0.229616241;0,010473353;381;NA;NA
60;2.689;0.17915051;0,014922654;381;NA;NA
60;2.8685;0.18984375;0,017772206;381;NA;NA
60;2.7299;0.17915051;0,019946864;381;NA;NA
60;2.8213;0.293143482;0,023096368;381;NA;NA
60;2.8591;0.184373529;0,025421003;381;NA;NA
60;2.7709;0.260512117;0,028020594;381;NA;NA
60;2.6921;0.163611867;0,029495362;381;NA;NA
60;2.7866;0.229616241;0,034544568;381;NA;NA
60;2.8528;0.189671595;0,039968716;381;NA;NA
60;2.7614;0.260512117;0,042943248;381;NA;NA
60;2.6197;0.229616241;0,045867788;381;NA;NA
60;2.7772;0.158693878;0,049092281;381;NA;NA
60;2.6827;0.300030612;0,051291935;381;NA;NA
60;2.7551;0.184543263;0,055191322;381;NA;NA
60;2.6732;0.357061224;0,060090552;381;NA;NA
60;2.7583;0.212160077;0,062465178;381;NA;NA
60;2.8024;0.320724021;0,063290049;381;NA;NA
60;2.7079;0.267006911;0,065489703;381;NA;NA
60;2.7457;0.342338648;0,067439396;381;NA;NA
60;2.7488;0.218025133;0,068214274;381;NA;NA
60;2.7866;0.395099477;0,070538909;381;NA;NA
60;2.7646;0.364419448;0,07511319;381;NA;NA
60;2.8433;0.300030612;0,079012577;381;NA;NA
60;2.6669;0.217840639;0,08306194;381;NA;NA
60;2.6512;0.306778777;0,084961641;381;NA;NA
60;2.8307;0.334979214;0,086286433;381;NA;NA
60;2.7772;0.279818136;0,087761201;381;NA;NA
60;2.626;0.25409729;0,087611225;381;NA;NA
60;2.5724;0.178983275;0,088711052;381;NA;NA
60;2.7898;0.273168406;0,091210659;381;NA;NA
60;2.7173;0.266802738;0,091910549;381;NA;NA
60;2.648;0.174002538;0,096059896;381;NA;NA
60;2.6638;0.349544357;0,099909291;381;NA;NA
60;2.6386;0.235716199;0,104083635;381;NA;NA
60;2.7803;0.247959184;0,111132526;381;NA;NA
60;2.6827;0.217840639;0,119831159;381;NA;NA
60;2.8622;0.25409729;0,124205471;381;NA;NA
60;2.7236;0.25409729;0,129054708;381;NA;NA
60;2.6543;0.223783163;0,133978934;381;NA;NA
60;2.6606;0.184543263;0,138178274;381;NA;NA
60;2.8118;0.260310444;0,147526804;381;NA;NA
60;2.6008;0.184373529;0,148851596;381;NA;NA
60;2.6386;0.247959184;0,150801289;381;NA;NA
60;2.6701;0.212160077;0,154275743;381;NA;NA
60;2.6417;0.286547832;0,156925326;381;NA;NA
60;2.8087;0.206374987;0,159;381;NA;NA
60;5.5717;0.771476403;0;389;NA;NA
60;5.4067;0.644891295;0,002400286;389;NA;NA
60;5.9147;0.771129321;0,005609089;389;NA;NA
60;5.7625;0.665040439;0,009929604;389;NA;NA
60;5.5976;0.728021814;0,014250119;389;NA;NA
60;5.8834;0.771129321;0,016802002;389;NA;NA
60;5.6422;0.706600739;0,020010806;389;NA;NA
60;5.8772;0.861797324;0,02182997;389;NA;NA
60;5.9217;0.685826778;0,024103925;389;NA;NA
60;5.9409;0.624739692;0,026403146;389;NA;NA
60;5.7505;0.459107182;0,029965676;389;NA;NA
60;5.8713;0.7935;0,03415986;389;NA;NA
60;6.0429;0.566501497;0,038303512;389;NA;NA
60;5.7319;0.862164241;0,041916574;389;NA;NA
60;5.5288;0.861797324;0,044721119;389;NA;NA
60;5.8655;0.529354592;0,048409979;389;NA;NA
60;5.5608;0.72768465;0,051265056;389;NA;NA
60;5.6371;0.56679899;0,055080248;389;NA;NA
60;5.6881;0.83883896;0,058516447;389;NA;NA
60;5.777;0.706268573;0,061169395;389;NA;NA
60;5.8533;0.771129321;0,063064357;389;NA;NA
60;5.6502;0.909020655;0,065085651;389;NA;NA
60;5.7709;0.957890293;0,066955347;389;NA;NA
60;5.7201;0.476132237;0,067763865;389;NA;NA
60;5.8155;1.191479175;0,070012554;389;NA;NA
60;5.9235;1.246894562;0,074206738;389;NA;NA
60;5.8856;0.933295541;0,077314476;389;NA;NA
60;5.6572;0.83883896;0,083201494;389;NA;NA
60;5.6699;1.191047832;0,084338471;389;NA;NA
60;5.8668;0.885437474;0,085778643;389;NA;NA
60;5.8478;1.274405287;0,086966153;389;NA;NA
60;5.7653;0.706600739;0,088153663;389;NA;NA
60;5.4606;0.95750354;0,089846496;389;NA;NA
60;5.7146;0.885437474;0,091261402;389;NA;NA
60;5.9242;0.909020655;0,091918322;389;NA;NA
60;5.8037;0.585698498;0,095834578;389;NA;NA
60;5.6515;1.218811264;0,100155093;389;NA;NA
60;5.6452;0.95750354;0,102858573;389;NA;NA
60;5.7471;0.861797324;0,110893215;389;NA;NA
60;5.7346;0.72768465;0,118220404;389;NA;NA
60;6.065;0.7935;0,123450501;389;NA;NA
60;5.6779;0.885437474;0,128276339;389;NA;NA
60;5.659;0.749420593;0,134062291;389;NA;NA
60;5.6656;0.749420593;0,139443985;389;NA;NA
60;5.8436;0.885437474;0,146695376;389;NA;NA
60;5.5199;1.605837503;0,148767202;389;NA;NA
60;5.7168;0.567394211;0,150586366;389;NA;NA
60;5.7106;0.771129321;0,15445209;389;NA;NA
60;5.6281;0.885437474;0,156422851;389;NA;NA
60;5.8504;0.7935;0,159;389;NA;NA
158;13.37753165;0.152151193;0;421;NA;NA
98;13.56734694;0.296500105;1e-06;421;NA;NA
47;13.48297872;0.202095282;2e-06;421;NA;NA
86;13.40465116;0.155154583;3e-06;421;NA;NA
77;13.3974026;0.241177375;4e-06;421;NA;NA
125;13.6266;0.186610323;5e-06;421;NA;NA
71;13.68873239;0.234371227;6e-06;421;NA;NA
86;13.69302326;0.158715458;7e-06;421;NA;NA
49;13.63367347;0.243686224;8e-06;421;NA;NA
88;13.6125;0.139037356;9e-06;421;NA;NA
136;13.49080882;0.232377859;1e-05;421;NA;NA
129;13.60503876;0.147220506;1,1e-05;421;NA;NA
94;13.67234043;0.126968657;1,2e-05;421;NA;NA
175;13.70914286;0.194168801;1,3e-05;421;NA;NA
105;13.6547619;0.246515568;1,4e-05;421;NA;NA
124;13.68024194;0.172838152;1,5e-05;421;NA;NA
64;13.56796875;0.140187872;1,6e-05;421;NA;NA
62;13.48790323;0.155302089;1,7e-05;421;NA;NA
173;13.66445087;0.145080656;1,8e-05;421;NA;NA
98;13.48673469;0.193378919;1,9e-05;421;NA;NA
122;13.57827869;0.153470566;2e-05;421;NA;NA
37;13.58513514;0.272897898;2,1e-05;421;NA;NA
165;13.51878788;0.405650961;2,2e-05;421;NA;NA
13;13.51923077;0.413974359;2,3e-05;421;NA;NA
82;13.51219512;0.184911171;2,4e-05;421;NA;NA
25;13.68;0.283125;2,5e-05;421;NA;NA
158;23.59968354;0.429888434;0;420;NA;NA
98;23.23979592;0.315616453;1e-06;420;NA;NA
47;23.40425532;0.25693802;2e-06;420;NA;NA
86;23.31976744;0.346545828;3e-06;420;NA;NA
77;23.38961039;0.339627478;4e-06;420;NA;NA
123;23.27235772;0.365787019;5e-06;420;NA;NA
71;23.35915493;0.501307847;6e-06;420;NA;NA
86;23.40116279;0.504822161;7e-06;420;NA;NA
49;23.14285714;0.40625;8e-06;420;NA;NA
88;23.37215909;0.354876894;9e-06;420;NA;NA
136;23.41176471;0.325490196;1e-05;420;NA;NA
129;23.46124031;0.49848595;1,1e-05;420;NA;NA
94;23.34574468;0.419497827;1,2e-05;420;NA;NA
175;23.21514286;0.444323974;1,3e-05;420;NA;NA
105;22.95238095;0.497710623;1,4e-05;420;NA;NA
124;23.22741935;0.33761605;1,5e-05;420;NA;NA
64;23.29375;0.346309524;1,6e-05;420;NA;NA
62;23.25322581;0.41039926;1,7e-05;420;NA;NA
173;23.4150289;0.433610028;1,8e-05;420;NA;NA
98;23.34336735;0.456991637;1,9e-05;420;NA;NA
122;23.27377049;0.38310798;2e-05;420;NA;NA
37;23.15945946;0.496921922;2,1e-05;420;NA;NA
165;23.18666667;0.366894309;2,2e-05;420;NA;NA
13;23.29230769;0.124102564;2,3e-05;420;NA;NA
82;23.18780488;0.505281542;2,4e-05;420;NA;NA
25;23.124;0.307733333;2,5e-05;420;NA;NA
8;59.38275;280.6148754;0;293;NA;NA
11;56.14318182;201.2172004;0,296;293;NA;NA
15;56.4442;170.6115805;0,518;293;NA;NA
18;55.72944444;280.9591831;0,748;293;NA;NA
14;65.31207143;357.1415093;1,21;293;NA;NA
11;59.58;157.8757006;1,68;293;NA;NA
13;92.98469231;868.9839097;2,14;293;NA;NA
14;65.064;1327.567304;2,6;293;NA;NA
11;75.09845455;1092.33496;3,07;293;NA;NA
10;90.3702;2970.739465;3,52;293;NA;NA
13;66.52130769;525.9244516;3,97;293;NA;NA
7;61.85914286;398.7480235;4,42;293;NA;NA
10;88.9636;1279.960698;4,9;293;NA;NA
9;107.254;1426.401304;5,37;293;NA;NA
10;103.3794;2222.557839;5,83;293;NA;NA
14;84.65535714;455.915793;6,31;293;NA;NA
7;2.162771429;0.381076632;0;292;NA;NA
17;3.476041176;1.80366802;0,299858807;292;NA;NA
19;3.409678947;1.190325945;0,519181807;292;NA;NA
13;4.187546154;1.558815184;0,754603223;292;NA;NA
13;3.116553846;0.934509143;1,20574215;292;NA;NA
11;2.717236364;0.843151055;1,679427279;292;NA;NA
11;3.679845455;1.339605325;2,136106115;292;NA;NA
19;3.998678947;0.8928383;2,59214587;292;NA;NA
13;4.290453846;1.042309464;3,070764606;292;NA;NA
6;2.2679;0.552055176;3,529520918;292;NA;NA
9;4.062811111;0.607377404;3,978934272;292;NA;NA
7;4.470114286;2.054498035;4,902179406;292;NA;NA
9;3.485711111;0.929188909;5,365641872;292;NA;NA
11;4.390781818;1.69308524;5,822057082;292;NA;NA
11;4.799454545;1.159884021;6,31;292;NA;NA
6;1.048553333;0.002544389;0;291;NA;NA
19;1.190985789;0.006995857;0,316;291;NA;NA
20;1.19565;0.005684509;0,531;291;NA;NA
16;1.20443125;0.004924456;0,774;291;NA;NA
17;1.142564706;0.00398013;1,22;291;NA;NA
17;1.128067647;0.004604703;1,69;291;NA;NA
13;1.125284615;0.004521325;2,15;291;NA;NA
21;1.155591429;0.008067851;2,61;291;NA;NA
15;1.185153333;0.0065005;3,08;291;NA;NA
11;1.180999091;0.015712166;3,53;291;NA;NA
13;1.175246154;0.003155904;3,98;291;NA;NA
12;1.199816667;0.008297392;4,92;291;NA;NA
10;1.19091;0.002847199;5,38;291;NA;NA
12;1.139525;0.003594988;5,83;291;NA;NA
10;1.162;0.003930178;6,31;291;NA;NA
7;0.781075714;0.014130041;0;290;NA;NA
14;0.751555;0.025832596;0,304;290;NA;NA
14;0.723284;0.035721491;0,538;290;NA;NA
18;0.738516111;0.02229073;0,752;290;NA;NA
16;0.705579375;0.021266196;1,23;290;NA;NA
21;0.634389048;0.037897205;1,67;290;NA;NA
12;0.722788333;0.010819683;2,14;290;NA;NA
21;0.699979524;0.020750794;2,61;290;NA;NA
16;0.626663125;0.021904658;3,07;290;NA;NA
8;0.74623875;0.014212738;3,53;290;NA;NA
13;0.718123077;0.009797583;3,98;290;NA;NA
8;0.65285375;0.03023967;4,45;290;NA;NA
11;0.693633636;0.011636442;4,9;290;NA;NA
7;0.668784286;0.020309902;5,36;290;NA;NA
11;0.679220909;0.04597063;5,85;290;NA;NA
12;0.691913333;0.016897492;6,31;290;NA;NA
9;37.68922222;63.84157944;0;289;NA;NA
8;41.9885;136.1939363;0,153;289;NA;NA
14;50.78071429;257.4870968;0,681;289;NA;NA
13;49.08223077;160.7025037;0,995;289;NA;NA
21;84.65657143;563.0222431;1,16;289;NA;NA
19;72.11547368;316.4738624;1,31;289;NA;NA
18;77.66733333;455.7266782;2,56;289;NA;NA
17;56.83282353;292.61071;2,7;289;NA;NA
20;55.31565;535.4343728;3,02;289;NA;NA
10;51.4085;174.8109841;3,19;289;NA;NA
21;64.80814286;900.1225749;3,64;289;NA;NA
21;74.6512381;559.252117;3,81;289;NA;NA
16;59.147875;824.0726207;3,96;289;NA;NA
17;47.27611765;737.309169;4,23;289;NA;NA
16;46.330875;747.6711275;4,38;289;NA;NA
22;66.35118182;1678.252506;4,54;289;NA;NA
19;64.08005263;1408.057146;4,69;289;NA;NA
22;57.31922727;720.2010177;4,94;289;NA;NA
20;60.7681;1180.799753;5,16;289;NA;NA
15;63.545;376.15239;5,97;289;NA;NA
19;63.04036842;518.2617944;6,27;289;NA;NA
19;57.49605263;900.6082751;6,71;289;NA;NA
16;60.49970588;445.241927;7,07;289;NA;NA
22;63.60427273;853.7784822;7,44;289;NA;NA
24;84.03495833;830.4279944;7,77;289;NA;NA
23;71.55286957;620.5682058;8,08;289;NA;NA
19;67.61647368;548.0763676;8,47;289;NA;NA
15;76.99206667;576.1841758;8,94;289;NA;NA
18;80.11788889;284.6193332;9,26;289;NA;NA
16;1.1583875;0.002754257;0;288;NA;NA
14;1.136535714;0.005102696;0,148904238;288;NA;NA
17;1.171529412;0.003317692;0,683;288;NA;NA
18;1.138566667;0.003916508;0,994;288;NA;NA
22;1.137424091;0.008041515;1,16;288;NA;NA
17;1.165847059;0.003450014;1,31;288;NA;NA
16;1.14645;0.003549451;2,56;288;NA;NA
16;1.179175;0.00436507;2,7;288;NA;NA
20;1.15357;0.00582291;3,01;288;NA;NA
10;1.1683;0.005135764;3,18;288;NA;NA
17;1.197517647;0.005607442;3,64;288;NA;NA
15;1.165046667;0.002950267;3,81;288;NA;NA
15;1.152146667;0.003957986;3,95;288;NA;NA
16;1.17287;0.006915084;4,23;288;NA;NA
17;1.165594118;0.003014638;4,37;288;NA;NA
19;1.165468421;0.003970376;4,54;288;NA;NA
19;1.171131579;0.00778552;4,68;288;NA;NA
22;1.138011364;0.011043335;4,938480616;288;NA;NA
17;1.141176471;0.004895301;5,159348686;288;NA;NA
11;1.142279091;0.003807692;5,967592504;288;NA;NA
14;1.146692143;0.004731602;6,264970065;288;NA;NA
20;1.18795;0.004147002;6,708297496;288;NA;NA
16;1.17571875;0.006490036;7,056071665;288;NA;NA
16;1.18259375;0.006245671;7,44268336;288;NA;NA
19;1.175295263;0.007898103;7,754957361;288;NA;NA
19;1.210405263;0.006650702;8,070074379;288;NA;NA
19;1.175194737;0.003299904;8,457081414;288;NA;NA
18;1.176166667;0.002568033;8,941543034;288;NA;NA
18;1.169266667;0.002915307;9,26;288;NA;NA
16;0.841985;0.007852943;0;287;NA;NA
15;0.767287333;0.019221978;0,148;287;NA;NA
16;0.771805;0.025582641;0,682;287;NA;NA
14;0.813878571;0.008233274;0,997;287;NA;NA
21;0.810046667;0.016150854;1,14;287;NA;NA
13;0.79363;0.022440369;1,31;287;NA;NA
16;0.68163;0.020874763;2,53;287;NA;NA
17;0.714097647;0.020149334;2,69;287;NA;NA
17;0.637907059;0.022413642;3;287;NA;NA
12;0.719968333;0.035428893;3,15;287;NA;NA
21;0.666708571;0.020280177;3,62;287;NA;NA
20;0.6698935;0.017153278;3,77;287;NA;NA
17;0.609238235;0.022219691;3,93;287;NA;NA
17;0.612201765;0.023334814;4,19;287;NA;NA
21;0.679242857;0.031731641;4,36;287;NA;NA
20;0.6333215;0.021338439;4,5;287;NA;NA
19;0.579108947;0.035682812;4,67;287;NA;NA
23;0.626942609;0.032645449;4,93;287;NA;NA
18;0.628625;0.017036031;5,13;287;NA;NA
18;0.61102;0.022723345;5,96;287;NA;NA
17;0.629527059;0.010699796;6,23;287;NA;NA
21;0.667590476;0.026082;6,68;287;NA;NA
15;0.683718;0.010900335;7,05;287;NA;NA
19;0.670199474;0.026725635;7,43;287;NA;NA
23;0.74611913;0.018687801;7,75;287;NA;NA
21;0.705289524;0.022619756;8,07;287;NA;NA
22;0.744176818;0.009330142;8,46;287;NA;NA
22;0.736655455;0.01512313;8,94;287;NA;NA
25;0.7174704;0.022495067;9,26;287;NA;NA
6;63.181;306.9179848;0;286;NA;NA
6;77.165;378.0346896;0,219;286;NA;NA
6;75.06433333;351.4878843;0,456;286;NA;NA
9;76.98733333;350.5927335;0,698;286;NA;NA
13;94.876;395.2907407;0,997;286;NA;NA
9;77.61733333;631.4434658;1,24;286;NA;NA
9;101.7134444;798.906966;1,49;286;NA;NA
12;100.1274167;637.2994806;1,95;286;NA;NA
11;95.09363636;262.6303799;2,42;286;NA;NA
9;99.931;774.996842;2,88;286;NA;NA
21;110.8791429;532.7213301;3,38;286;NA;NA
6;1.03834;0.01746856;0;285;NA;NA
6;1.182616667;0.000866774;1,02;285;NA;NA
10;1.040434;0.005390573;1,69;285;NA;NA
14;1.148357143;0.002929058;2;285;NA;NA
10;1.18435;0.009605949;2,23;285;NA;NA
9;1.174013333;0.009719321;2,47;285;NA;NA
10;1.098757;0.007053242;2,91;285;NA;NA
11;1.111604545;0.005853835;3,38;285;NA;NA
9;1.09263;0.004079633;3,83;285;NA;NA
22;1.124133182;0.009664947;4,31;285;NA;NA
124;1.326048387;0.003937916;0;426;NA;NA
106;1.321509434;0.004051033;0,00583;426;NA;NA
115;1.304695652;0.005465477;0,0113;426;NA;NA
112;1.321696429;0.004956556;0,01658;426;NA;NA
72;1.32875;0.004036444;0,02185;426;NA;NA
80;1.336125;0.005953149;0,02829;426;NA;NA
74;1.342567568;0.004745372;0,03558;426;NA;NA
91;1.344285714;0.00612254;0,04288;426;NA;NA
80;1.352875;0.005218212;0,05039;426;NA;NA
94;1.344787234;0.004904793;0,0579;426;NA;NA
138;1.339057971;0.004912245;0,0644;426;NA;NA
83;1.338313253;0.004762974;0,06967;426;NA;NA
82;1.325365854;0.004684432;0,07494;426;NA;NA
55;1.334181818;0.006121077;0,08022;426;NA;NA
70;1.343714286;0.005655569;0,09029;426;NA;NA
105;1.33047619;0.004531502;0,10036;426;NA;NA
99;1.336565657;0.004710534;0,10905;426;NA;NA
77;1.337532468;0.006089884;0,11719;426;NA;NA
97;1.339175258;0.004730563;0,12533;426;NA;NA
69;1.358695652;0.005658568;0,13347;426;NA;NA
72;1.346111111;0.004810016;0,1416;426;NA;NA
83;1.328433735;0.003820688;0,14951;426;NA;NA
91;1.346263736;0.006076996;0,15645;426;NA;NA
55;1.343818182;0.0064833;0,16339;426;NA;NA
56;1.396071429;0.005522468;0,17014;426;NA;NA
53;1.366603774;0.00519209;0,17592;426;NA;NA
90;1.338888889;0.002845943;0,18171;426;NA;NA
93;1.339139785;0.004557948;0,1875;426;NA;NA
76;1.360526316;0.004269053;0,19232;426;NA;NA
83;1.370843373;0.004868792;0,19927;426;NA;NA
74;1.373243243;0.00545783;0,20547;426;NA;NA
88;1.361477273;0.003208137;0,21135;426;NA;NA
71;1.366901408;0.002753119;0,21619;426;NA;NA
110;1.360818182;0.003433269;0,22153;426;NA;NA
61;1.436229508;0.006557213;0,22892;426;NA;NA
60;1.459333333;0.010728362;0,2363;426;NA;NA
59;1.458813559;0.004134775;0,24368;426;NA;NA
120;1.42525;0.005398256;0,25046;426;NA;NA
138;1.371594203;0.003509849;0,25599;426;NA;NA
57;1.384035088;0.004942356;0,26152;426;NA;NA
58;1.385;0.003200877;0,26768;426;NA;NA
70;1.405428571;0.00547735;0,27381;426;NA;NA
92;1.42923913;0.00593458;0,28037;426;NA;NA
3;1.503333333;0.007033333;0,28752;426;NA;NA
4;1.4275;0.005891667;0,29508;426;NA;NA
64;1.41125;0.005690476;0,30264;426;NA;NA
60;1.454833333;0.005784718;0,30988;426;NA;NA
100;1.4502;0.004604;0,31669;426;NA;NA
62;1.463870968;0.005765098;0,32301;426;NA;NA
120;1.44875;0.004584139;0,32795;426;NA;NA
62;1.457741935;0.007017768;0,33289;426;NA;NA
86;1.460465116;0.005185663;0,33783;426;NA;NA
65;1.484615385;0.00696899;0,3434;426;NA;NA
112;1.474464286;0.005657368;0,34938;426;NA;NA
65;1.423692308;0.006598654;0,35576;426;NA;NA
128;1.463515625;0.004285968;0,36149;426;NA;NA
83;1.440722892;0.005916544;0,36892;426;NA;NA
119;1.462184874;0.004025694;0,37589;426;NA;NA
69;1.494927536;0.004534186;0,38286;426;NA;NA
87;1.467816092;0.004887036;0,38969;426;NA;NA
110;1.472272727;0.005056255;0,39498;426;NA;NA
120;1.450416667;0.004804027;0,39991;426;NA;NA
182;1.452747253;0.004176941;0,40555;426;NA;NA
153;1.471568627;0.006456734;0,41254;426;NA;NA
75;1.441066667;0.00584209;0,41954;426;NA;NA
137;1.44620438;0.00564137;0,42513;426;NA;NA
93;1.486344086;0.004379967;0,43019;426;NA;NA
128;1.4703125;0.005088091;0,43524;426;NA;NA
125;1.44952;0.005541703;0,43996;426;NA;NA
91;1.45956044;0.00515536;0,44502;426;NA;NA
93;1.468924731;0.00818144;0,45091;426;NA;NA
88;1.461363636;0.006094671;0,45683;426;NA;NA
100;1.4661;0.006886657;0,46274;426;NA;NA
87;1.502528736;0.009723764;0,46863;426;NA;NA
71;1.424929577;0.006171066;0,47457;426;NA;NA
124;89226.2276;495929823.2;0;425;NA;NA
106;92806.85966;436790720.5;0,00583;425;NA;NA
115;88411.55847;628659613.5;0,0113;425;NA;NA
112;82082.4731;686733702.6;0,01658;425;NA;NA
72;85442.45911;805935756.3;0,02185;425;NA;NA
80;85054.91913;1350686839;0,02829;425;NA;NA
74;81964.852;669508445.2;0,03558;425;NA;NA
91;79227.82076;890024310.8;0,04288;425;NA;NA
80;87650.04364;995055157.1;0,05039;425;NA;NA
94;94592.38333;825667357.5;0,0579;425;NA;NA
138;96886.25913;712850869.8;0,0644;425;NA;NA
83;99087.28704;541387961.4;0,06967;425;NA;NA
82;93050.52014;1019756640;0,07494;425;NA;NA
55;98038.58443;861683471.4;0,08022;425;NA;NA
70;93161.89348;711842469.2;0,09029;425;NA;NA
105;77058.25614;413724404.9;0,10036;425;NA;NA
99;90907.51065;537775015.1;0,10905;425;NA;NA
77;96787.00253;587024521.2;0,11719;425;NA;NA
97;96288.90494;578105616.1;0,12533;425;NA;NA
69;95387.74308;795561641.4;0,13347;425;NA;NA
72;76663.4491;549948894.6;0,1416;425;NA;NA
83;76053.65064;610007177.6;0,14951;425;NA;NA
91;91605.19429;649762593;0,15645;425;NA;NA
55;81980.32005;977702183.5;0,16339;425;NA;NA
56;85665.47372;712088963.8;0,17014;425;NA;NA
53;55272.51529;513007596.1;0,17592;425;NA;NA
90;64643.35693;243554541.1;0,18171;425;NA;NA
93;66979.05667;305895627.7;0,1875;425;NA;NA
76;67288.70689;318552674.6;0,19232;425;NA;NA
83;62594.78186;235775402.2;0,19927;425;NA;NA
74;61656.48787;317816207;0,20547;425;NA;NA
88;60719.99983;209598576.9;0,21135;425;NA;NA
71;59521.9761;243917926.5;0,21619;425;NA;NA
110;62725.14804;306029541.2;0,22153;425;NA;NA
61;49934.32017;229071801.4;0,22892;425;NA;NA
60;44700.68848;173853895.9;0,2363;425;NA;NA
59;47079.30598;200736741.6;0,24368;425;NA;NA
120;51299.15955;167284899.9;0,25046;425;NA;NA
138;57733.73705;139073432.8;0,25599;425;NA;NA
57;62141.80587;242015895.5;0,26152;425;NA;NA
58;51679.60794;292336873.6;0,26768;425;NA;NA
70;52737.77448;144783837.8;0,27381;425;NA;NA
92;47262.99014;110606067.9;0,28037;425;NA;NA
3;66397.19239;1653948328;0,28752;425;NA;NA
4;68266.13159;324617215.1;0,29508;425;NA;NA
64;59228.80897;221140395.3;0,30264;425;NA;NA
60;47714.55688;191697871.4;0,30988;425;NA;NA
100;52034.19434;201771363.2;0,31669;425;NA;NA
62;44715.85812;178626962;0,32301;425;NA;NA
120;52138.55896;198950723.4;0,32795;425;NA;NA
62;46987.47637;201244281.9;0,33289;425;NA;NA
86;45906.01693;95456197.29;0,33783;425;NA;NA
65;39786.04755;81340744.67;0,3434;425;NA;NA
112;42222.03042;127617075.6;0,34938;425;NA;NA
65;47675.69824;131718079.1;0,35576;425;NA;NA
128;49799.84093;116249332.3;0,36149;425;NA;NA
83;43457.56454;131949186.2;0,36892;425;NA;NA
119;44658.532;113084917;0,37589;425;NA;NA
69;46779.94756;155959934.5;0,38286;425;NA;NA
87;46034.38174;136142201;0,38969;425;NA;NA
110;43714.56166;141418738.5;0,39498;425;NA;NA
120;47992.87903;230429387;0,39991;425;NA;NA
182;46722.71782;136449461.8;0,40555;425;NA;NA
153;42829.74782;123926779.1;0,41254;425;NA;NA
75;44690.00977;122689544;0,41954;425;NA;NA
137;45007.36004;100010723.8;0,42513;425;NA;NA
93;46276.07264;154071670.3;0,43019;425;NA;NA
128;55475.48618;156086934.3;0,43524;425;NA;NA
125;55022.76211;198734136.4;0,43996;425;NA;NA
91;58507.68802;186113591.1;0,44502;425;NA;NA
93;48409.22064;131146775.8;0,45091;425;NA;NA
88;47709.11865;151298586.7;0,45683;425;NA;NA
100;46986.15015;157854165.9;0,46274;425;NA;NA
87;51735.2859;123123163;0,46863;425;NA;NA
71;50313.02232;155450451.9;0,47457;425;NA;NA
88;1.459431818;0.009115765;0;424;NA;NA
61;1.435737705;0.009724863;0,00583;424;NA;NA
98;1.454183673;0.009181286;0,0113;424;NA;NA
100;1.4479;0.007790495;0,01658;424;NA;NA
64;1.48859375;0.011932912;0,02185;424;NA;NA
64;1.50796875;0.009273586;0,02829;424;NA;NA
57;1.548596491;0.008305138;0,03558;424;NA;NA
65;1.571076923;0.013825385;0,04288;424;NA;NA
85;1.564705882;0.011901401;0,05039;424;NA;NA
77;1.541428571;0.01545188;0,0579;424;NA;NA
107;1.435794393;0.005828372;0,0644;424;NA;NA
65;1.449076923;0.00742101;0,06967;424;NA;NA
65;1.466;0.0098275;0,07494;424;NA;NA
17;1.564117647;0.006750735;0,08022;424;NA;NA
49;1.57244898;0.012560544;0,09029;424;NA;NA
46;1.570217391;0.010735507;0,10036;424;NA;NA
38;1.507631579;0.010261807;0,10905;424;NA;NA
102;1.457156863;0.009258173;0,11719;424;NA;NA
108;1.473425926;0.006357312;0,12533;424;NA;NA
75;1.478;0.009740541;0,13347;424;NA;NA
65;1.477076923;0.00828351;0,1416;424;NA;NA
93;1.487311828;0.00784813;0,14951;424;NA;NA
80;1.451375;0.007206946;0,15645;424;NA;NA
115;1.452956522;0.007443814;0,16339;424;NA;NA
113;1.437168142;0.007425838;0,17014;424;NA;NA
56;1.435357143;0.007647143;0,17592;424;NA;NA
95;1.443157895;0.00860056;0,18171;424;NA;NA
106;1.457924528;0.008595651;0,1875;424;NA;NA
95;1.473368421;0.007977895;0,19232;424;NA;NA
112;1.466696429;0.007824123;0,19927;424;NA;NA
84;1.3975;0.00805994;0,20547;424;NA;NA
93;1.406344086;0.007908228;0,21135;424;NA;NA
79;1.428860759;0.006769198;0,21619;424;NA;NA
73;1.40890411;0.005857116;0,22153;424;NA;NA
99;1.407777778;0.006003175;0,22892;424;NA;NA
99;1.420505051;0.006431375;0,2363;424;NA;NA
75;1.4384;0.005546054;0,24368;424;NA;NA
124;1.436935484;0.006019801;0,25046;424;NA;NA
104;1.425961538;0.006305863;0,25599;424;NA;NA
80;1.4025;0.006791139;0,26152;424;NA;NA
85;1.406352941;0.006454398;0,26768;424;NA;NA
75;1.408666667;0.006314414;0,27381;424;NA;NA
78;1.436923077;0.007629371;0,28037;424;NA;NA
51;1.421960784;0.008456078;0,28752;424;NA;NA
124;1.427822581;0.005609041;0,29508;424;NA;NA
51;1.481960784;0.011272078;0,30264;424;NA;NA
68;1.479117647;0.009330553;0,30988;424;NA;NA
61;1.459836066;0.008384973;0,31669;424;NA;NA
76;1.491710526;0.006827702;0,32301;424;NA;NA
55;1.450363636;0.007725791;0,32795;424;NA;NA
56;1.419107143;0.006124643;0,33289;424;NA;NA
86;1.44255814;0.007463967;0,33783;424;NA;NA
57;1.436666667;0.007179762;0,3434;424;NA;NA
68;1.437647059;0.009421247;0,34938;424;NA;NA
57;1.430701754;0.008024499;0,35576;424;NA;NA
66;1.465606061;0.009181935;0,36149;424;NA;NA
63;1.405714286;0.00674424;0,36892;424;NA;NA
42;1.438095238;0.008118235;0,37589;424;NA;NA
139;1.436402878;0.006410155;0,38286;424;NA;NA
77;1.422337662;0.011110253;0,38969;424;NA;NA
98;1.474387755;0.00772591;0,39498;424;NA;NA
64;1.4728125;0.010912599;0,39991;424;NA;NA
60;1.467;0.007163729;0,40555;424;NA;NA
123;1.447398374;0.006591537;0,41254;424;NA;NA
19;1.487894737;0.006850877;0,41954;424;NA;NA
95;1.486947368;0.00907037;0,42513;424;NA;NA
98;1.476632653;0.011595761;0,43019;424;NA;NA
116;1.489224138;0.011647219;0,43524;424;NA;NA
111;1.538198198;0.012182179;0,43996;424;NA;NA
99;1.494242424;0.011675696;0,44502;424;NA;NA
120;1.479583333;0.009483018;0,45091;424;NA;NA
78;1.503717949;0.012366517;0,45683;424;NA;NA
87;1.49908046;0.015741005;0,46274;424;NA;NA
92;1.51076087;0.014222492;0,46863;424;NA;NA
92;1.501195652;0.010542511;0,47457;424;NA;NA
88;107508.0968;1306617367;0;423;NA;NA
61;102868.141;491302934.9;0,00583;423;NA;NA
98;91143.64653;617321032.1;0,0113;423;NA;NA
100;91917.018;746048184.1;0,01658;423;NA;NA
64;103460.9963;830875931.3;0,02185;423;NA;NA
64;103441.3538;1343243676;0,02829;423;NA;NA
57;109583.28;675069783.3;0,03558;423;NA;NA
65;109621.8609;894637652;0,04288;423;NA;NA
85;116244.9487;657633339.1;0,05039;423;NA;NA
77;100375.9153;590929315.3;0,0579;423;NA;NA
107;113386.8886;1016657933;0,0644;423;NA;NA
65;112905.8252;1001349655;0,06967;423;NA;NA
65;99526.86831;943148675.9;0,07494;423;NA;NA
17;94659.45882;803293844.8;0,08022;423;NA;NA
49;100391.6645;323008125.1;0,09029;423;NA;NA
46;104539.8678;530205691.6;0,10036;423;NA;NA
38;94124.38737;666333504;0,10905;423;NA;NA
102;86132.60471;310500071.8;0,11719;423;NA;NA
108;91542.24;386380492.1;0,12533;423;NA;NA
75;84160.5552;491876830.1;0,13347;423;NA;NA
65;80983.8;441566940.2;0,1416;423;NA;NA
93;90988.04903;508060089;0,14951;423;NA;NA
80;92695.3875;422049663.9;0,15645;423;NA;NA
115;95475.41843;747287338.8;0,16339;423;NA;NA
113;101735.8853;568039176.5;0,17014;423;NA;NA
56;104935.1529;1333722828;0,17592;423;NA;NA
95;98103.78947;545355568.4;0,18171;423;NA;NA
106;94135.63245;497121962.5;0,1875;423;NA;NA
95;94852.63705;760746437.4;0,19232;423;NA;NA
112;98325.14786;747912110.2;0,19927;423;NA;NA
84;106029.54;951255617.8;0,20547;423;NA;NA
93;102395.0787;833473763.3;0,21135;423;NA;NA
79;96469.07241;620908477.6;0,21619;423;NA;NA
73;100151.3737;706751974.4;0,22153;423;NA;NA
99;104310;947926350.8;0,22892;423;NA;NA
99;105538.2545;1264614974;0,2363;423;NA;NA
75;97607.592;817219683.9;0,24368;423;NA;NA
124;103965.8255;994389371.6;0,25046;423;NA;NA
104;106678.7135;1087554338;0,25599;423;NA;NA
80;117930.5325;1256782415;0,26152;423;NA;NA
85;117493.416;1292294252;0,26768;423;NA;NA
75;107949.5856;940873057.7;0,27381;423;NA;NA
78;108007.2277;847113567.7;0,28037;423;NA;NA
51;126540.6141;987801068.2;0,28752;423;NA;NA
124;109923.0097;564704558.8;0,29508;423;NA;NA
51;94114.12235;927096606.9;0,30264;423;NA;NA
68;108651.3988;935324646.8;0,30988;423;NA;NA
61;104933.5082;1904581306;0,31669;423;NA;NA
76;92206.47789;1130987154;0,32301;423;NA;NA
55;95586.65673;982983296.5;0,32795;423;NA;NA
56;103081.2943;764120475.7;0,33289;423;NA;NA
86;99807.59721;1096479342;0,33783;423;NA;NA
57;103916.9179;1370728255;0,3434;423;NA;NA
68;112696.5865;1649192462;0,34938;423;NA;NA
57;119361.6568;1607236621;0,35576;423;NA;NA
66;97468.23273;1304114362;0,36149;423;NA;NA
63;118847.3657;1506558606;0,36892;423;NA;NA
42;96602.06571;1173812767;0,37589;423;NA;NA
139;111915.0311;914692019.9;0,38286;423;NA;NA
77;108124.5226;902167365.4;0,38969;423;NA;NA
98;108278.4196;989214972;0,39498;423;NA;NA
64;96116.67563;1358156718;0,39991;423;NA;NA
60;98523.27;1008824477;0,40555;423;NA;NA
123;99276.41854;874782203.9;0,41254;423;NA;NA
19;108895.7179;748228855.8;0,41954;423;NA;NA
95;108219.4787;772956894.9;0,42513;423;NA;NA
98;133881.4286;1708350039;0,43019;423;NA;NA
116;135593.9162;1693195017;0,43524;423;NA;NA
111;117728.9611;1072595907;0,43996;423;NA;NA
99;104801.9236;1103236064;0,44502;423;NA;NA
120;127215.954;1516290611;0,45091;423;NA;NA
78;107384.3169;1375840459;0,45683;423;NA;NA
87;113015.8924;1186685884;0,46274;423;NA;NA
92;116790.167;1948893460;0,46863;423;NA;NA
92;95388.10043;865370073.6;0,47457;423;NA;NA
24;1.07030303;0.087293388;0;210;NA;NA
12;1.140909091;0.087293388;0,0231;210;NA;NA
30;0.808181818;0.087293388;0,0267;210;NA;NA
28;1.316969697;0.087293388;0,0374;210;NA;NA
62;1.049090909;0.087293388;0,04;210;NA;NA
31;1.192272727;0.087293388;0,0472;210;NA;NA
16;0.923787879;0.087293388;0,0507;210;NA;NA
16;1.182272727;0.087293388;0,0534;210;NA;NA
16;1.114242424;0.087293388;0,0614;210;NA;NA
15;1.180757576;0.087293388;0,0641;210;NA;NA
16;1.201363636;0.087293388;0,0694;210;NA;NA
16;0.987272727;0.087293388;0,0801;210;NA;NA
16;0.94530303;0.087293388;0,0907;210;NA;NA
12;1.098181818;0.087293388;0,0925;210;NA;NA
15;1.059545455;0.087293388;0,103;210;NA;NA
12;1.042575758;0.087293388;0,109;210;NA;NA
11;1.227878788;0.087293388;0,117;210;NA;NA
26;1.732121212;0.087293388;0,119;210;NA;NA
13;1.145757576;0.087293388;0,122;210;NA;NA
26;1.103030303;0.087293388;0,127;210;NA;NA
12;1.351666667;0.087293388;0,13;210;NA;NA
39;1.12969697;0.087293388;0,133;210;NA;NA
13;1.361818182;0.087293388;0,137;210;NA;NA
18;1.047121212;0.087293388;0,142;210;NA;NA
30;1.033181818;0.087293388;0,145;210;NA;NA
17;1.232727273;0.087293388;0,147;210;NA;NA
21;1.164393939;0.087293388;0,15;210;NA;NA
42;1.172575758;0.087293388;0,157;210;NA;NA
31;1.158333333;0.087293388;0,16;210;NA;NA
28;0.940909091;0.087293388;0,163;210;NA;NA
34;1.293030303;0.087293388;0,165;210;NA;NA
13;1.067878788;0.087293388;0,168;210;NA;NA
17;1.228484848;0.087293388;0,173;210;NA;NA
14;1.160757576;0.087293388;0,18;210;NA;NA
14;0.999393939;0.087293388;0,182;210;NA;NA
22;1.291818182;0.087293388;0,188;210;NA;NA
12;1.190757576;0.087293388;0,193;210;NA;NA
14;0.815606061;0.087293388;0,194;210;NA;NA
16;0.980606061;0.087293388;0,206;210;NA;NA
13;1.01530303;0.087293388;0,216;210;NA;NA
14;1.021818182;0.087293388;0,219;210;NA;NA
15;1.710757576;0.087293388;0,23;210;NA;NA
29;1.724848485;0.087293388;0,238;210;NA;NA
31;1.499242424;0.087293388;0,245;210;NA;NA
15;1.132727273;0.087293388;0,247;210;NA;NA
60;1.713484848;0.087293388;0,25;210;NA;NA
24;0.537878788;0.005718568;0;209;NA;NA
12;0.491818182;0.005718568;0,0231;209;NA;NA
30;0.377424242;0.005718568;0,0267;209;NA;NA
28;0.502575758;0.005718568;0,0374;209;NA;NA
62;0.470151515;0.005718568;0,04;209;NA;NA
31;0.538333333;0.005718568;0,0472;209;NA;NA
16;0.467575758;0.005718568;0,0507;209;NA;NA
16;0.461969697;0.005718568;0,0534;209;NA;NA
16;0.480606061;0.005718568;0,0614;209;NA;NA
15;0.552575758;0.005718568;0,0641;209;NA;NA
16;0.522121212;0.005718568;0,0694;209;NA;NA
16;0.494393939;0.005718568;0,0801;209;NA;NA
16;0.44030303;0.005718568;0,0907;209;NA;NA
12;0.441818182;0.005718568;0,0925;209;NA;NA
15;0.410757576;0.005718568;0,103;209;NA;NA
12;0.42030303;0.005718568;0,109;209;NA;NA
11;0.525151515;0.005718568;0,117;209;NA;NA
26;0.604393939;0.005718568;0,119;209;NA;NA
13;0.524242424;0.005718568;0,122;209;NA;NA
26;0.478333333;0.005718568;0,127;209;NA;NA
12;0.607424242;0.005718568;0,13;209;NA;NA
39;0.486212121;0.005718568;0,133;209;NA;NA
13;0.518787879;0.005718568;0,137;209;NA;NA
18;0.494242424;0.005718568;0,142;209;NA;NA
30;0.517121212;0.005718568;0,145;209;NA;NA
17;0.518333333;0.005718568;0,147;209;NA;NA
21;0.480454545;0.005718568;0,15;209;NA;NA
42;0.461666667;0.005718568;0,157;209;NA;NA
31;0.465757576;0.005718568;0,16;209;NA;NA
28;0.436212121;0.005718568;0,163;209;NA;NA
34;0.525151515;0.005718568;0,165;209;NA;NA
13;0.462424242;0.005718568;0,168;209;NA;NA
17;0.507575758;0.005718568;0,173;209;NA;NA
14;0.496363636;0.005718568;0,18;209;NA;NA
14;0.456818182;0.005718568;0,182;209;NA;NA
22;0.505757576;0.005718568;0,188;209;NA;NA
12;0.461969697;0.005718568;0,193;209;NA;NA
14;0.433484848;0.005718568;0,194;209;NA;NA
16;0.43530303;0.005718568;0,206;209;NA;NA
13;0.436363636;0.005718568;0,216;209;NA;NA
14;0.460454545;0.005718568;0,219;209;NA;NA
15;0.602878788;0.005718568;0,23;209;NA;NA
29;0.606363636;0.005718568;0,238;209;NA;NA
31;0.553484848;0.005718568;0,245;209;NA;NA
15;0.488030303;0.005718568;0,247;209;NA;NA
60;0.602575758;0.005718568;0,25;209;NA;NA
24;0.375151515;0.0047422;0;208;NA;NA
12;0.353333333;0.0047422;0,0231;208;NA;NA
30;0.285606061;0.0047422;0,0267;208;NA;NA
28;0.400454545;0.0047422;0,0374;208;NA;NA
62;0.376212121;0.0047422;0,04;208;NA;NA
31;0.421969697;0.0047422;0,0472;208;NA;NA
16;0.366969697;0.0047422;0,0507;208;NA;NA
16;0.37;0.0047422;0,0534;208;NA;NA
16;0.382727273;0.0047422;0,0614;208;NA;NA
15;0.467121212;0.0047422;0,0641;208;NA;NA
16;0.423181818;0.0047422;0,0694;208;NA;NA
16;0.385909091;0.0047422;0,0801;208;NA;NA
16;0.34969697;0.0047422;0,0907;208;NA;NA
12;0.365606061;0.0047422;0,0925;208;NA;NA
15;0.353484848;0.0047422;0,103;208;NA;NA
12;0.352272727;0.0047422;0,109;208;NA;NA
11;0.421969697;0.0047422;0,117;208;NA;NA
26;0.51030303;0.0047422;0,119;208;NA;NA
13;0.431212121;0.0047422;0,122;208;NA;NA
26;0.394090909;0.0047422;0,127;208;NA;NA
12;0.482878788;0.0047422;0,13;208;NA;NA
39;0.417272727;0.0047422;0,133;208;NA;NA
13;0.435909091;0.0047422;0,137;208;NA;NA
18;0.403181818;0.0047422;0,142;208;NA;NA
30;0.424848485;0.0047422;0,145;208;NA;NA
17;0.432727273;0.0047422;0,147;208;NA;NA
21;0.416969697;0.0047422;0,15;208;NA;NA
42;0.408787879;0.0047422;0,157;208;NA;NA
31;0.411212121;0.0047422;0,16;208;NA;NA
28;0.369848485;0.0047422;0,163;208;NA;NA
34;0.43469697;0.0047422;0,165;208;NA;NA
13;0.391363636;0.0047422;0,168;208;NA;NA
17;0.427424242;0.0047422;0,173;208;NA;NA
14;0.393333333;0.0047422;0,18;208;NA;NA
14;0.384545455;0.0047422;0,182;208;NA;NA
22;0.432272727;0.0047422;0,188;208;NA;NA
12;0.394242424;0.0047422;0,193;208;NA;NA
14;0.347424242;0.0047422;0,194;208;NA;NA
16;0.337272727;0.0047422;0,206;208;NA;NA
13;0.363030303;0.0047422;0,216;208;NA;NA
14;0.370757576;0.0047422;0,219;208;NA;NA
15;0.525;0.0047422;0,23;208;NA;NA
29;0.506212121;0.0047422;0,238;208;NA;NA
31;0.464848485;0.0047422;0,245;208;NA;NA
15;0.403484848;0.0047422;0,247;208;NA;NA
60;0.491363636;0.0047422;0,25;208;NA;NA
24;0.215909091;0.003083615;0;207;NA;NA
12;0.218333333;0.003083615;0,0231;207;NA;NA
30;0.201363636;0.003083615;0,0267;207;NA;NA
28;0.23969697;0.003083615;0,0374;207;NA;NA
62;0.243181818;0.003083615;0,04;207;NA;NA
31;0.283181818;0.003083615;0,0472;207;NA;NA
16;0.229848485;0.003083615;0,0507;207;NA;NA
16;0.238333333;0.003083615;0,0534;207;NA;NA
16;0.242424242;0.003083615;0,0614;207;NA;NA
15;0.315909091;0.003083615;0,0641;207;NA;NA
16;0.303181818;0.003083615;0,0694;207;NA;NA
16;0.262424242;0.003083615;0,0801;207;NA;NA
16;0.274848485;0.003083615;0,0907;207;NA;NA
12;0.248787879;0.003083615;0,0925;207;NA;NA
15;0.256515152;0.003083615;0,103;207;NA;NA
12;0.240454545;0.003083615;0,109;207;NA;NA
11;0.303636364;0.003083615;0,117;207;NA;NA
26;0.343939394;0.003083615;0,119;207;NA;NA
13;0.318787879;0.003083615;0,122;207;NA;NA
26;0.307272727;0.003083615;0,127;207;NA;NA
12;0.33530303;0.003083615;0,13;207;NA;NA
39;0.302575758;0.003083615;0,133;207;NA;NA
13;0.315151515;0.003083615;0,137;207;NA;NA
18;0.310151515;0.003083615;0,142;207;NA;NA
30;0.333484848;0.003083615;0,145;207;NA;NA
17;0.315151515;0.003083615;0,147;207;NA;NA
21;0.310454545;0.003083615;0,15;207;NA;NA
42;0.319090909;0.003083615;0,157;207;NA;NA
31;0.319090909;0.003083615;0,16;207;NA;NA
28;0.284848485;0.003083615;0,163;207;NA;NA
34;0.314545455;0.003083615;0,165;207;NA;NA
13;0.283636364;0.003083615;0,168;207;NA;NA
17;0.315757576;0.003083615;0,173;207;NA;NA
14;0.292121212;0.003083615;0,18;207;NA;NA
14;0.285757576;0.003083615;0,182;207;NA;NA
22;0.319545455;0.003083615;0,188;207;NA;NA
12;0.310151515;0.003083615;0,193;207;NA;NA
14;0.270909091;0.003083615;0,194;207;NA;NA
16;0.279545455;0.003083615;0,206;207;NA;NA
13;0.28969697;0.003083615;0,216;207;NA;NA
14;0.305757576;0.003083615;0,219;207;NA;NA
15;0.39469697;0.003083615;0,23;207;NA;NA
29;0.395909091;0.003083615;0,238;207;NA;NA
31;0.347575758;0.003083615;0,245;207;NA;NA
15;0.313939394;0.003083615;0,247;207;NA;NA
60;0.382272727;0.003083615;0,25;207;NA;NA
24;0.200606061;0.002481851;0;206;NA;NA
12;0.206515152;0.002481851;0,0231;206;NA;NA
30;0.183181818;0.002481851;0,0267;206;NA;NA
28;0.228636364;0.002481851;0,0374;206;NA;NA
62;0.219090909;0.002481851;0,04;206;NA;NA
31;0.267424242;0.002481851;0,0472;206;NA;NA
16;0.230151515;0.002481851;0,0507;206;NA;NA
16;0.214393939;0.002481851;0,0534;206;NA;NA
16;0.233636364;0.002481851;0,0614;206;NA;NA
15;0.289393939;0.002481851;0,0641;206;NA;NA
16;0.292272727;0.002481851;0,0694;206;NA;NA
16;0.248181818;0.002481851;0,0801;206;NA;NA
16;0.223030303;0.002481851;0,0907;206;NA;NA
12;0.238484848;0.002481851;0,0925;206;NA;NA
15;0.228939394;0.002481851;0,103;206;NA;NA
12;0.242424242;0.002481851;0,109;206;NA;NA
11;0.263484848;0.002481851;0,117;206;NA;NA
26;0.322727273;0.002481851;0,119;206;NA;NA
13;0.298181818;0.002481851;0,122;206;NA;NA
26;0.284393939;0.002481851;0,127;206;NA;NA
12;0.316363636;0.002481851;0,13;206;NA;NA
39;0.27969697;0.002481851;0,133;206;NA;NA
13;0.285606061;0.002481851;0,137;206;NA;NA
18;0.278939394;0.002481851;0,142;206;NA;NA
30;0.293181818;0.002481851;0,145;206;NA;NA
17;0.295;0.002481851;0,147;206;NA;NA
21;0.292424242;0.002481851;0,15;206;NA;NA
42;0.276060606;0.002481851;0,157;206;NA;NA
31;0.288484848;0.002481851;0,16;206;NA;NA
28;0.265;0.002481851;0,163;206;NA;NA
34;0.300757576;0.002481851;0,165;206;NA;NA
13;0.272727273;0.002481851;0,168;206;NA;NA
17;0.313484848;0.002481851;0,173;206;NA;NA
14;0.281363636;0.002481851;0,18;206;NA;NA
14;0.260757576;0.002481851;0,182;206;NA;NA
22;0.290151515;0.002481851;0,188;206;NA;NA
12;0.287121212;0.002481851;0,193;206;NA;NA
14;0.246818182;0.002481851;0,194;206;NA;NA
16;0.254090909;0.002481851;0,206;206;NA;NA
13;0.262272727;0.002481851;0,216;206;NA;NA
14;0.260454545;0.002481851;0,219;206;NA;NA
15;0.32530303;0.002481851;0,23;206;NA;NA
29;0.356666667;0.002481851;0,238;206;NA;NA
31;0.325151515;0.002481851;0,245;206;NA;NA
15;0.288939394;0.002481851;0,247;206;NA;NA
60;0.345606061;0.002481851;0,25;206;NA;NA
24;0.127272727;0.001464802;0;205;NA;NA
12;0.138030303;0.001464802;0,0231;205;NA;NA
30;0.087121212;0.001464802;0,0267;205;NA;NA
28;0.128181818;0.001464802;0,0374;205;NA;NA
62;0.11969697;0.001464802;0,04;205;NA;NA
31;0.175;0.001464802;0,0472;205;NA;NA
16;0.146060606;0.001464802;0,0507;205;NA;NA
16;0.143484848;0.001464802;0,0534;205;NA;NA
16;0.168333333;0.001464802;0,0614;205;NA;NA
15;0.149242424;0.001464802;0,0641;205;NA;NA
16;0.153484848;0.001464802;0,0694;205;NA;NA
16;0.136363636;0.001464802;0,0801;205;NA;NA
16;0.127878788;0.001464802;0,0907;205;NA;NA
12;0.126060606;0.001464802;0,0925;205;NA;NA
15;0.13469697;0.001464802;0,103;205;NA;NA
12;0.117272727;0.001464802;0,109;205;NA;NA
11;0.146666667;0.001464802;0,117;205;NA;NA
26;0.171818182;0.001464802;0,119;205;NA;NA
13;0.162878788;0.001464802;0,122;205;NA;NA
26;0.166666667;0.001464802;0,127;205;NA;NA
12;0.194848485;0.001464802;0,13;205;NA;NA
39;0.156666667;0.001464802;0,133;205;NA;NA
13;0.142727273;0.001464802;0,137;205;NA;NA
18;0.138787879;0.001464802;0,142;205;NA;NA
30;0.16469697;0.001464802;0,145;205;NA;NA
17;0.123484848;0.001464802;0,147;205;NA;NA
21;0.138333333;0.001464802;0,15;205;NA;NA
42;0.133333333;0.001464802;0,157;205;NA;NA
31;0.134393939;0.001464802;0,16;205;NA;NA
28;0.138030303;0.001464802;0,163;205;NA;NA
34;0.171060606;0.001464802;0,165;205;NA;NA
13;0.136969697;0.001464802;0,168;205;NA;NA
17;0.156818182;0.001464802;0,173;205;NA;NA
14;0.125606061;0.001464802;0,18;205;NA;NA
14;0.121363636;0.001464802;0,182;205;NA;NA
22;0.108939394;0.001464802;0,188;205;NA;NA
12;0.130606061;0.001464802;0,193;205;NA;NA
14;0.131363636;0.001464802;0,194;205;NA;NA
16;0.109090909;0.001464802;0,206;205;NA;NA
13;0.113030303;0.001464802;0,216;205;NA;NA
14;0.121060606;0.001464802;0,219;205;NA;NA
15;0.178030303;0.001464802;0,23;205;NA;NA
29;0.13969697;0.001464802;0,238;205;NA;NA
31;0.122272727;0.001464802;0,245;205;NA;NA
15;0.153030303;0.001464802;0,247;205;NA;NA
60;0.152121212;0.001464802;0,25;205;NA;NA
24;0.289090909;0.002770587;0;204;NA;NA
12;0.275909091;0.002770587;0,0231;204;NA;NA
30;0.245757576;0.002770587;0,0267;204;NA;NA
28;0.308484848;0.002770587;0,0374;204;NA;NA
62;0.302575758;0.002770587;0,04;204;NA;NA
31;0.35;0.002770587;0,0472;204;NA;NA
16;0.302424242;0.002770587;0,0507;204;NA;NA
16;0.303484848;0.002770587;0,0534;204;NA;NA
16;0.327727273;0.002770587;0,0614;204;NA;NA
15;0.433787879;0.002770587;0,0641;204;NA;NA
16;0.401969697;0.002770587;0,0694;204;NA;NA
16;0.364242424;0.002770587;0,0801;204;NA;NA
16;0.305909091;0.002770587;0,0907;204;NA;NA
12;0.340909091;0.002770587;0,0925;204;NA;NA
15;0.315606061;0.002770587;0,103;204;NA;NA
12;0.328939394;0.002770587;0,109;204;NA;NA
11;0.35469697;0.002770587;0,117;204;NA;NA
26;0.466969697;0.002770587;0,119;204;NA;NA
13;0.370606061;0.002770587;0,122;204;NA;NA
26;0.342727273;0.002770587;0,127;204;NA;NA
12;0.450151515;0.002770587;0,13;204;NA;NA
39;0.37469697;0.002770587;0,133;204;NA;NA
13;0.403333333;0.002770587;0,137;204;NA;NA
18;0.352727273;0.002770587;0,142;204;NA;NA
30;0.353333333;0.002770587;0,145;204;NA;NA
17;0.393939394;0.002770587;0,147;204;NA;NA
21;0.374393939;0.002770587;0,15;204;NA;NA
42;0.374848485;0.002770587;0,157;204;NA;NA
31;0.365909091;0.002770587;0,16;204;NA;NA
28;0.338939394;0.002770587;0,163;204;NA;NA
34;0.413484848;0.002770587;0,165;204;NA;NA
13;0.353787879;0.002770587;0,168;204;NA;NA
17;0.426969697;0.002770587;0,173;204;NA;NA
14;0.374393939;0.002770587;0,18;204;NA;NA
14;0.349545455;0.002770587;0,182;204;NA;NA
22;0.386060606;0.002770587;0,188;204;NA;NA
12;0.355454545;0.002770587;0,193;204;NA;NA
14;0.305;0.002770587;0,194;204;NA;NA
16;0.314848485;0.002770587;0,206;204;NA;NA
13;0.347878788;0.002770587;0,216;204;NA;NA
14;0.359242424;0.002770587;0,219;204;NA;NA
15;0.487878788;0.002770587;0,23;204;NA;NA
29;0.500606061;0.002770587;0,238;204;NA;NA
31;0.453636364;0.002770587;0,245;204;NA;NA
15;0.407727273;0.002770587;0,247;204;NA;NA
60;0.478181818;0.002770587;0,25;204;NA;NA
24;0.068787879;9.28595e-05;0;203;NA;NA
12;0.061060606;9.28595e-05;0,0231;203;NA;NA
30;0.052272727;9.28595e-05;0,0267;203;NA;NA
28;0.059242424;9.28595e-05;0,0374;203;NA;NA
62;0.056818182;9.28595e-05;0,04;203;NA;NA
31;0.064545455;9.28595e-05;0,0472;203;NA;NA
16;0.062121212;9.28595e-05;0,0507;203;NA;NA
16;0.058181818;9.28595e-05;0,0534;203;NA;NA
16;0.064545455;9.28595e-05;0,0614;203;NA;NA
15;0.092424242;9.28595e-05;0,0641;203;NA;NA
16;0.074848485;9.28595e-05;0,0694;203;NA;NA
16;0.06530303;9.28595e-05;0,0801;203;NA;NA
16;0.053030303;9.28595e-05;0,0907;203;NA;NA
12;0.06;9.28595e-05;0,0925;203;NA;NA
15;0.058030303;9.28595e-05;0,103;203;NA;NA
12;0.058787879;9.28595e-05;0,109;203;NA;NA
11;0.069545455;9.28595e-05;0,117;203;NA;NA
26;0.065151515;9.28595e-05;0,119;203;NA;NA
13;0.06;9.28595e-05;0,122;203;NA;NA
26;0.056818182;9.28595e-05;0,127;203;NA;NA
12;0.057424242;9.28595e-05;0,13;203;NA;NA
39;0.058939394;9.28595e-05;0,133;203;NA;NA
13;0.06530303;9.28595e-05;0,137;203;NA;NA
18;0.05969697;9.28595e-05;0,142;203;NA;NA
30;0.058333333;9.28595e-05;0,145;203;NA;NA
17;0.052878788;9.28595e-05;0,147;203;NA;NA
21;0.051969697;9.28595e-05;0,15;203;NA;NA
42;0.053333333;9.28595e-05;0,157;203;NA;NA
31;0.054848485;9.28595e-05;0,16;203;NA;NA
28;0.053787879;9.28595e-05;0,163;203;NA;NA
34;0.056363636;9.28595e-05;0,165;203;NA;NA
13;0.056515152;9.28595e-05;0,168;203;NA;NA
17;0.064242424;9.28595e-05;0,173;203;NA;NA
14;0.060606061;9.28595e-05;0,18;203;NA;NA
14;0.062727273;9.28595e-05;0,182;203;NA;NA
22;0.058181818;9.28595e-05;0,188;203;NA;NA
12;0.05030303;9.28595e-05;0,193;203;NA;NA
14;0.056060606;9.28595e-05;0,194;203;NA;NA
16;0.05;9.28595e-05;0,206;203;NA;NA
13;0.058333333;9.28595e-05;0,216;203;NA;NA
14;0.055909091;9.28595e-05;0,219;203;NA;NA
15;0.056818182;9.28595e-05;0,23;203;NA;NA
29;0.060909091;9.28595e-05;0,238;203;NA;NA
31;0.061060606;9.28595e-05;0,245;203;NA;NA
15;0.060151515;9.28595e-05;0,247;203;NA;NA
60;0.06;9.28595e-05;0,25;203;NA;NA
24;0.178181818;0.00109;0;202;NA;NA
12;0.149393939;0.00109;0,0231;202;NA;NA
30;0.123484848;0.00109;0,0267;202;NA;NA
28;0.153333333;0.00109;0,0374;202;NA;NA
62;0.153787879;0.00109;0,04;202;NA;NA
31;0.169242424;0.00109;0,0472;202;NA;NA
16;0.156060606;0.00109;0,0507;202;NA;NA
16;0.150606061;0.00109;0,0534;202;NA;NA
16;0.14969697;0.00109;0,0614;202;NA;NA
15;0.182272727;0.00109;0,0641;202;NA;NA
16;0.153484848;0.00109;0,0694;202;NA;NA
16;0.161060606;0.00109;0,0801;202;NA;NA
16;0.12969697;0.00109;0,0907;202;NA;NA
12;0.129393939;0.00109;0,0925;202;NA;NA
15;0.11969697;0.00109;0,103;202;NA;NA
12;0.142878788;0.00109;0,109;202;NA;NA
11;0.155606061;0.00109;0,117;202;NA;NA
26;0.172272727;0.00109;0,119;202;NA;NA
13;0.153333333;0.00109;0,122;202;NA;NA
26;0.144545455;0.00109;0,127;202;NA;NA
12;0.182424242;0.00109;0,13;202;NA;NA
39;0.153484848;0.00109;0,133;202;NA;NA
13;0.150909091;0.00109;0,137;202;NA;NA
18;0.143484848;0.00109;0,142;202;NA;NA
30;0.147272727;0.00109;0,145;202;NA;NA
17;0.143333333;0.00109;0,147;202;NA;NA
21;0.148333333;0.00109;0,15;202;NA;NA
42;0.136969697;0.00109;0,157;202;NA;NA
31;0.141666667;0.00109;0,16;202;NA;NA
28;0.142272727;0.00109;0,163;202;NA;NA
34;0.161363636;0.00109;0,165;202;NA;NA
13;0.132878788;0.00109;0,168;202;NA;NA
17;0.168484848;0.00109;0,173;202;NA;NA
14;0.152121212;0.00109;0,18;202;NA;NA
14;0.140757576;0.00109;0,182;202;NA;NA
22;0.140151515;0.00109;0,188;202;NA;NA
12;0.130757576;0.00109;0,193;202;NA;NA
14;0.127424242;0.00109;0,194;202;NA;NA
16;0.127424242;0.00109;0,206;202;NA;NA
13;0.135606061;0.00109;0,216;202;NA;NA
14;0.161818182;0.00109;0,219;202;NA;NA
15;0.196969697;0.00109;0,23;202;NA;NA
29;0.198333333;0.00109;0,238;202;NA;NA
31;0.170757576;0.00109;0,245;202;NA;NA
15;0.152575758;0.00109;0,247;202;NA;NA
60;0.189545455;0.00109;0,25;202;NA;NA
15;14.5;0.6241;0;93;NA;NA
14;15.9;0.5041;0,0062;93;NA;NA
20;15.4;0.5929;0,0074;93;NA;NA
20;14.8;0.25;0,0097;93;NA;NA
20;15.2;0.5041;0,0132;93;NA;NA
12;15.4;0.7225;0,015;93;NA;NA
17;15.5;1;0,0175;93;NA;NA
14;14.8;0.9604;0,02157;93;NA;NA
12;13.9;0.4225;0,0231;93;NA;NA
14;13.8;0.4225;0,0275;93;NA;NA
13;13.2;0.7744;0,03384;93;NA;NA
30;13.4;0.3025;0,03782;93;NA;NA
30;14.2;0.6724;0,03825;93;NA;NA
30;13.3;0.4489;0,03884;93;NA;NA
30;12.9;0.4624;0,0398;93;NA;NA
15;15.3;1.2321;0;92;NA;NA
14;16.2;0.8464;0,0062;92;NA;NA
20;15.8;1.2544;0,0074;92;NA;NA
20;15.7;0.2304;0,0097;92;NA;NA
20;16;0.6724;0,0132;92;NA;NA
12;15.9;0.5184;0,015;92;NA;NA
17;15.8;0.6724;0,0175;92;NA;NA
14;15.6;0.9216;0,02157;92;NA;NA
12;14.4;0.5041;0,0231;92;NA;NA
14;14.5;0.4489;0,0275;92;NA;NA
13;14;0.8649;0,03384;92;NA;NA
30;13.9;0.8649;0,03782;92;NA;NA
30;14.6;1.21;0,03825;92;NA;NA
30;14.1;0.2809;0,03884;92;NA;NA
30;13.6;0.7396;0,0398;92;NA;NA
15;8.4;0.36;0;91;NA;NA
14;9.58;0.4356;0,0062;91;NA;NA
20;8.64;0.5329;0,0074;91;NA;NA
20;8.69;0.1849;0,0097;91;NA;NA
20;8.7;0.8649;0,0132;91;NA;NA
12;7.82;0.16;0,015;91;NA;NA
17;7.73;0.4225;0,0175;91;NA;NA
14;7.58;0.5476;0,02157;91;NA;NA
12;6.94;0.4624;0,0231;91;NA;NA
14;6.83;0.3249;0,0275;91;NA;NA
13;6.8;0.3136;0,03384;91;NA;NA
30;6.68;0.16;0,03782;91;NA;NA
30;7.03;0.2601;0,03825;91;NA;NA
30;6.96;0.4225;0,03884;91;NA;NA
30;7.22;0.2704;0,0398;91;NA;NA
15;17.6;3.6864;0;90;NA;NA
14;19.9;1.4884;0,0062;90;NA;NA
20;19.3;0.36;0,0074;90;NA;NA
20;19;1.1449;0,0097;90;NA;NA
20;19.7;1.9321;0,0132;90;NA;NA
12;19.8;1.21;0,015;90;NA;NA
17;23.2;3.1684;0,0175;90;NA;NA
14;21.5;1.7689;0,02157;90;NA;NA
12;19.9;1.1025;0,0231;90;NA;NA
14;20.2;0.7396;0,0275;90;NA;NA
13;18.7;0.5476;0,03384;90;NA;NA
30;18.6;0.8836;0,03782;90;NA;NA
30;19.2;0.9604;0,03825;90;NA;NA
30;18.8;0.6889;0,03884;90;NA;NA
30;17.8;1.2544;0,0398;90;NA;NA
15;2.43;0.3025;0;89;NA;NA
14;2.73;0.1764;0,0062;89;NA;NA
20;2.64;0.0729;0,0074;89;NA;NA
20;2.88;0.01;0,0097;89;NA;NA
20;2.68;0.1089;0,0132;89;NA;NA
12;2.35;0.0361;0,015;89;NA;NA
17;1.97;0.0576;0,0175;89;NA;NA
14;1.92;0.0484;0,02157;89;NA;NA
12;1.87;0.0676;0,0231;89;NA;NA
14;1.89;0.0169;0,0275;89;NA;NA
13;1.83;0.0256;0,03384;89;NA;NA
30;1.82;0.0064;0,03782;89;NA;NA
30;1.85;0.01;0,03825;89;NA;NA
30;1.83;0.0169;0,03884;89;NA;NA
30;2.06;0.0169;0,0398;89;NA;NA
15;10.2;0.81;0;88;NA;NA
14;10.7;0.7056;0,0062;88;NA;NA
20;10.9;0.8649;0,0074;88;NA;NA
20;10.7;0.6889;0,0097;88;NA;NA
20;10.8;0.36;0,0132;88;NA;NA
12;11.4;0.2916;0,015;88;NA;NA
17;13.3;0.9604;0,0175;88;NA;NA
14;13.2;1.0609;0,02157;88;NA;NA
12;12.8;0.5329;0,0231;88;NA;NA
14;12.9;0.4225;0,0275;88;NA;NA
13;12.4;0.2809;0,03384;88;NA;NA
30;12.3;0.2025;0,03782;88;NA;NA
30;13;0.25;0,03825;88;NA;NA
30;12.4;0.2809;0,03884;88;NA;NA
30;9.95;0.3721;0,0398;88;NA;NA
15;1.88;0.0361;0;87;NA;NA
14;1.87;0.0324;0,0062;87;NA;NA
20;1.92;0.01;0,0074;87;NA;NA
20;1.88;0.0441;0,0097;87;NA;NA
20;1.87;0.0225;0,0132;87;NA;NA
12;1.96;0.0144;0,015;87;NA;NA
17;2.65;0.0324;0,0175;87;NA;NA
14;2.68;0.0529;0,02157;87;NA;NA
12;2.66;0.0256;0,0231;87;NA;NA
14;2.64;0.0196;0,0275;87;NA;NA
13;2.63;0.0361;0,03384;87;NA;NA
30;2.57;0.0225;0,03782;87;NA;NA
30;2.5;0.0289;0,03825;87;NA;NA
30;2.66;0.0576;0,03884;87;NA;NA
30;1.78;0.0361;0,0398;87;NA;NA
15;1.44;0.0196;0;86;NA;NA
14;1.43;0.0441;0,0062;86;NA;NA
20;1.54;0.0016;0,0074;86;NA;NA
20;1.48;0.0484;0,0097;86;NA;NA
20;1.45;0.0225;0,0132;86;NA;NA
12;1.42;0.0049;0,015;86;NA;NA
17;1.16;0.0324;0,0175;86;NA;NA
14;1.14;0.0196;0,02157;86;NA;NA
12;1.1;0.0064;0,0231;86;NA;NA
14;1.08;0.01;0,0275;86;NA;NA
13;0.97;0.0049;0,03384;86;NA;NA
30;0.92;0.0064;0,03782;86;NA;NA
30;1.1;0.0081;0,03825;86;NA;NA
30;1;0.0064;0,03884;86;NA;NA
30;1.09;0.0169;0,0398;86;NA;NA
15;27;3.1329;0;85;NA;NA
14;28.4;1.7956;0,0062;85;NA;NA
20;28;0.8464;0,0074;85;NA;NA
20;27.9;0.5625;0,0097;85;NA;NA
20;28.2;0.7744;0,0132;85;NA;NA
12;27.7;0.7056;0,015;85;NA;NA
17;28.3;0.8464;0,0175;85;NA;NA
14;26.5;1.0609;0,02157;85;NA;NA
12;25.3;1.1025;0,0231;85;NA;NA
14;25.5;0.6889;0,0275;85;NA;NA
13;24.1;0.5625;0,03384;85;NA;NA
30;23.6;0.5329;0,03782;85;NA;NA
30;24;0.7225;0,03825;85;NA;NA
30;23.8;0.6724;0,03884;85;NA;NA
30;23.9;1.2769;0,0398;85;NA;NA
10;27.96;0.896809;0;666;NA;NA
6;28.83;1.46773225;0,0062;666;NA;NA
15;29;1.290496;0,0074;666;NA;NA
15;28.18;0.896809;0,009601;666;NA;NA
15;28.66;1.658944;0,0132;666;NA;NA
6;25.97;0.96924025;0,0175;666;NA;NA
6;21.53;0.633616;0,02157;666;NA;NA
7;20.71;1.290496;0,03384;666;NA;NA
11;20.74;0.826281;0,03782;666;NA;NA
8;21.27;0.970225;0,03786;666;NA;NA
25;20.98;1.046529;0,03825;666;NA;NA
6;47.58;2.778889;0;665;NA;NA
15;49.76;4.995225;0,0074;665;NA;NA
15;48.86;5.517801;0,009601;665;NA;NA
9;49.49;3.8809;0,0132;665;NA;NA
9;51.65;4.995225;0,0175;665;NA;NA
6;51.53;1.658944;0,02157;665;NA;NA
9;42.68;0.69472225;0,03384;665;NA;NA
20;42.41;3.305124;0,03782;665;NA;NA
20;42.41;4.995225;0,03825;665;NA;NA
20;41.66;3.444736;0,03884;665;NA;NA
10;5.6;0.2666667;0;566;NA;NA
11;5.454545;0.2727273;0,1;566;NA;NA
46;5.26087;0.2415459;0,15;566;NA;NA
14;5.428571;0.4175824;0,25;566;NA;NA
35;5.457143;0.2554622;0,3;566;NA;NA
13;5.538462;0.2692308;0,375;566;NA;NA
10;5.8;0.1777778;0,45;566;NA;NA
21;5.666667;0.3333333;0,5;566;NA;NA
31;5.806452;0.7612903;0,55;566;NA;NA
6;6.666667;1.0666667;0,6;566;NA;NA
21;6.761905;0.7904762;0,65;566;NA;NA
14;7.285714;0.5274725;0,7;566;NA;NA
7;7.285714;0.5714286;0,75;566;NA;NA
6;6.5;1.1;0,825;566;NA;NA
13;6.769231;0.525641;0,9;566;NA;NA
8;6.5;0.2857143;0,95;566;NA;NA
6;6.833333;0.1666667;1,05;566;NA;NA
6;7;0.4;1,225;566;NA;NA
5;7.4;0.3;1,45;566;NA;NA
14;6.857143;0.2857143;1,725;566;NA;NA
27;6.925926;0.3019943;1,9;566;NA;NA
26;6.846154;0.3753846;1,95;566;NA;NA
3;0.146;0.001849;0;595;NA;NA
14;0.171;0.001089;0,027;595;NA;NA
14;0.167;0.000676;0,0405;595;NA;NA
2;0.164;0.001849;0,081;595;NA;NA
4;0.218;0.000676;0,0945;595;NA;NA
1;0.198;0.001849;0,108;595;NA;NA
24;0.164;0.002601;0,135;595;NA;NA
10;0.166;0.001225;0,189;595;NA;NA
3;0.173;0.001849;0,216;595;NA;NA
4;0.148;0.000625;0,243;595;NA;NA
2;0.19;0.001849;0,27;595;NA;NA
11;0.18;0.002916;0,297;595;NA;NA
1;0.198;0.001849;0,3105;595;NA;NA
33;0.177;0.002025;0,3375;595;NA;NA
39;0.194;0.001764;0,3915;595;NA;NA
6;0.173;0.001225;0,459;595;NA;NA
1;0.137;0.001849;0,4725;595;NA;NA
27;0.192;0.002601;0,486;595;NA;NA
36;0.173;0.002025;0,54;595;NA;NA
3;0.181;0.001849;0,594;595;NA;NA
58;0.156;0.002116;0,621;595;NA;NA
66;0.166;0.002916;0,648;595;NA;NA
1;0.182;0.001849;0,783;595;NA;NA
3;0.157;0.001849;0,7965;595;NA;NA
6;0.189;9e-04;0,864;595;NA;NA
13;0.149;0.001089;0,891;595;NA;NA
1;0.255;0.001849;0,918;595;NA;NA
2;0.165;0.001849;0,945;595;NA;NA
4;0.153;0.002304;1,0125;595;NA;NA
1;0.167;0.001849;1,0665;595;NA;NA
1;0.206;0.001849;1,1205;595;NA;NA
11;0.171;0.000961;1,215;595;NA;NA
3;0.209;0.001849;1,2825;595;NA;NA
3;0.179;0.001849;1,3095;595;NA;NA
2;0.168;0.001849;1,35;595;NA;NA
20;0.195;0.001764;1,431;595;NA;NA
5;0.201;4.9e-05;1,4715;595;NA;NA
10;0.19;0.001089;1,5525;595;NA;NA
2;0.217;0.001849;1,593;595;NA;NA
1;0.137;0.001849;1,944;595;NA;NA
3;-0.236;0.002704;0;594;NA;NA
4;-0.313;9e-04;0,026666667;594;NA;NA
8;-0.289;0.006561;0,04;594;NA;NA
8;-0.297;0.002704;0,133333333;594;NA;NA
3;-0.264;0.002704;0,186666667;594;NA;NA
4;-0.255;0.000576;0,293333333;594;NA;NA
12;-0.299;0.005041;0,333333333;594;NA;NA
17;-0.287;0.002209;0,386666667;594;NA;NA
10;-0.261;0.000729;0,48;594;NA;NA
13;-0.283;0.005329;0,533333333;594;NA;NA
11;-0.291;0.002025;0,613333333;594;NA;NA
9;-0.277;0.001156;0,64;594;NA;NA
3;-0.283;0.002704;0,88;594;NA;NA
3;-0.242;0.002704;1;594;NA;NA
2;-0.279;0.002704;1,2;594;NA;NA
2;-0.175;0.002704;1,333333333;594;NA;NA
3;-0.289;0.002704;1,413333333;594;NA;NA
2;-0.303;0.002704;1,453333333;594;NA;NA
3;1.23;0.001444;0;593;NA;NA
14;1.29;0.002601;0,027;593;NA;NA
14;1.31;0.002704;0,0405;593;NA;NA
2;1.28;0.001444;0,081;593;NA;NA
4;1.27;0.000196;0,0945;593;NA;NA
1;1.36;0.001444;0,108;593;NA;NA
24;1.31;0.001444;0,135;593;NA;NA
10;1.33;0.001521;0,189;593;NA;NA
3;1.33;0.001444;0,216;593;NA;NA
4;1.33;9e-04;0,243;593;NA;NA
2;1.32;0.001444;0,27;593;NA;NA
11;1.28;0.001089;0,297;593;NA;NA
1;1.36;0.001444;0,3105;593;NA;NA
33;1.32;0.001225;0,3375;593;NA;NA
39;1.35;0.001849;0,3915;593;NA;NA
6;1.36;9e-04;0,459;593;NA;NA
1;1.36;0.001444;0,4725;593;NA;NA
27;1.37;0.0016;0,486;593;NA;NA
36;1.36;9e-04;0,54;593;NA;NA
3;1.39;0.001444;0,594;593;NA;NA
58;1.39;0.002025;0,621;593;NA;NA
66;1.4;0.001444;0,648;593;NA;NA
1;1.44;0.001444;0,783;593;NA;NA
3;1.42;0.001444;0,7965;593;NA;NA
6;1.45;0.001089;0,864;593;NA;NA
13;1.44;0.000676;0,891;593;NA;NA
1;1.39;0.001444;0,918;593;NA;NA
2;1.46;0.001444;0,945;593;NA;NA
4;1.44;0.001225;1,0125;593;NA;NA
1;1.36;0.001444;1,0665;593;NA;NA
1;1.46;0.001444;1,1205;593;NA;NA
11;1.44;0.001225;1,215;593;NA;NA
3;1.49;0.001444;1,2825;593;NA;NA
3;1.45;0.001444;1,3095;593;NA;NA
2;1.45;0.001444;1,35;593;NA;NA
20;1.47;0.000784;1,431;593;NA;NA
5;1.48;0.001024;1,4715;593;NA;NA
10;1.45;0.001936;1,5525;593;NA;NA
2;1.47;0.001444;1,593;593;NA;NA
1;1.53;0.001444;1,944;593;NA;NA
3;1.22;0.003481;0;592;NA;NA
4;1.23;0.0081;0,026666667;592;NA;NA
8;1.23;0.005929;0,04;592;NA;NA
8;1.24;0.0081;0,133333333;592;NA;NA
3;1.29;0.003481;0,186666667;592;NA;NA
4;1.33;0.002601;0,293333333;592;NA;NA
12;1.26;0.001764;0,333333333;592;NA;NA
17;1.3;0.002025;0,386666667;592;NA;NA
10;1.31;0.001936;0,48;592;NA;NA
13;1.33;0.005776;0,533333333;592;NA;NA
11;1.33;0.0025;0,613333333;592;NA;NA
9;1.36;0.002601;0,64;592;NA;NA
3;1.38;0.003481;0,88;592;NA;NA
3;1.42;0.003481;1;592;NA;NA
2;1.47;0.003481;1,2;592;NA;NA
2;1.48;0.003481;1,333333333;592;NA;NA
3;1.38;0.003481;1,413333333;592;NA;NA
2;1.41;0.003481;1,453333333;592;NA;NA
3;1.09;0.002916;0;591;NA;NA
14;1.12;0.002704;0,027;591;NA;NA
14;1.14;0.003025;0,0405;591;NA;NA
2;1.12;0.002916;0,081;591;NA;NA
4;1.06;0.000324;0,0945;591;NA;NA
1;1.16;0.002916;0,108;591;NA;NA
24;1.14;0.002704;0,135;591;NA;NA
10;1.16;0.001936;0,189;591;NA;NA
3;1.15;0.002916;0,216;591;NA;NA
4;1.19;0.000225;0,243;591;NA;NA
2;1.13;0.002916;0,27;591;NA;NA
11;1.1;0.004624;0,297;591;NA;NA
1;1.16;0.002916;0,3105;591;NA;NA
33;1.14;0.003721;0,3375;591;NA;NA
39;1.15;0.003025;0,3915;591;NA;NA
6;1.18;0.002116;0,459;591;NA;NA
1;1.22;0.002916;0,4725;591;NA;NA
27;1.18;0.002916;0,486;591;NA;NA
36;1.19;0.002209;0,54;591;NA;NA
3;1.21;0.002916;0,594;591;NA;NA
58;1.23;0.003721;0,621;591;NA;NA
66;1.24;0.003481;0,648;591;NA;NA
1;1.25;0.002916;0,783;591;NA;NA
3;1.26;0.002916;0,7965;591;NA;NA
6;1.26;0.002401;0,864;591;NA;NA
13;1.29;0.001296;0,891;591;NA;NA
1;1.13;0.002916;0,918;591;NA;NA
2;1.29;0.002809;0,945;591;NA;NA
4;1.29;0.002304;1,0125;591;NA;NA
1;1.19;0.002916;1,0665;591;NA;NA
1;1.25;0.002916;1,1205;591;NA;NA
11;1.27;0.001444;1,215;591;NA;NA
3;1.28;0.002916;1,2825;591;NA;NA
3;1.27;0.002916;1,3095;591;NA;NA
2;1.28;0.002916;1,35;591;NA;NA
20;1.28;0.002304;1,431;591;NA;NA
5;1.28;0.001521;1,4715;591;NA;NA
10;1.26;0.002116;1,5525;591;NA;NA
2;1.25;0.002916;1,593;591;NA;NA
1;1.41;0.002916;1,944;591;NA;NA
3;1.46;0.004356;0;590;NA;NA
4;1.54;0.003969;0,026666667;590;NA;NA
8;1.52;0.006561;0,04;590;NA;NA
8;1.54;0.009216;0,133333333;590;NA;NA
3;1.55;0.004356;0,186666667;590;NA;NA
4;1.58;0.005041;0,293333333;590;NA;NA
12;1.56;0.007225;0,333333333;590;NA;NA
17;1.59;0.004225;0,386666667;590;NA;NA
10;1.57;0.003721;0,48;590;NA;NA
13;1.61;0.0025;0,533333333;590;NA;NA
11;1.62;0.002704;0,613333333;590;NA;NA
9;1.64;0.002116;0,64;590;NA;NA
3;1.66;0.004356;0,88;590;NA;NA
3;1.66;0.004356;1;590;NA;NA
2;1.75;0.004356;1,2;590;NA;NA
2;1.66;0.004356;1,333333333;590;NA;NA
3;1.67;0.004356;1,413333333;590;NA;NA
2;1.71;0.004356;1,453333333;590;NA;NA
15;19.27;0.058081;0;444;NA;NA
20;18.76;0.047961;1e-06;444;NA;NA
18;18.58;0.064516;8e-06;444;NA;NA
31;17.89;0.45796;9e-06;444;NA;NA
16;18.66;0.036864;0;443;NA;NA
27;17.88;0.034225;1e-06;443;NA;NA
20;17.68;0.027225;8e-06;443;NA;NA
23;17.64;0.0225;9e-06;443;NA;NA
15;1.368639426;0.004758852;0;380;NA;NA
20;1.398716881;0.003048316;0,05;380;NA;NA
20;1.446918983;0.011072664;0,06;380;NA;NA
16;1.401182974;0.011745007;0,08;380;NA;NA
18;1.413423029;0.020885503;0,1;380;NA;NA
18;1.504077397;0.074755556;0,12;380;NA;NA
27;1.423108334;0.015677166;0,18;380;NA;NA
24;1.396244692;0.033084992;0,22;380;NA;NA
31;1.386294361;0.00484375;0,25;380;NA;NA
23;1.439835128;0.015627457;0,3;380;NA;NA
21;1.410986974;0.017989292;0,32;380;NA;NA
23;1.427916036;0.013226829;0,4;380;NA;NA
25;1.435084525;0.023951247;0,45;380;NA;NA
25;1.874874376;0.052928225;0,48;380;NA;NA
20;1.840549633;0.051599899;0,5;380;NA;NA
23;1.834180185;0.076064878;0,51;380;NA;NA
8;1.771556762;0.077837938;0,52;380;NA;NA
23;1.791759469;0.061397222;0,54;380;NA;NA
25;1.778336449;0.073046019;0,56;380;NA;NA
17;1.811562097;0.096042121;0,6;380;NA;NA
15;1.745715531;0.05281288;0,65;380;NA;NA
27;1.827769907;0.036918043;0,69;380;NA;NA
13;1.738710248;0.049187518;0,7;380;NA;NA
19;1.756132292;0.109724049;0,75;380;NA;NA
24;1.859418118;0.079715841;0,79;380;NA;NA
26;1.842135677;0.062753509;0,81;380;NA;NA
27;1.834180185;0.050227623;0,84;380;NA;NA
29;1.768149604;0.057088609;0,87;380;NA;NA
20;1.731655545;0.060208317;0,9;380;NA;NA
22;1.791759469;0.062577778;0,93;380;NA;NA
17;1.91102289;0.021427821;0,98;380;NA;NA
19;1.764730797;0.103006544;1,02;380;NA;NA
27;1.785070481;0.055411355;1,05;380;NA;NA
19;1.953027617;0.067433228;1,08;380;NA;NA
37;1.835776355;0.08470502;1,11;380;NA;NA
20;0.39877612;0.044142156;0;370;NA;NA
26;0.405465108;0.014155556;0,05;370;NA;NA
23;0.3074847;0.011950151;0,06;370;NA;NA
19;0.285178942;0.022728249;0,08;370;NA;NA
22;0.285178942;0.011952061;0,1;370;NA;NA
21;0.343589704;0.026407122;0,12;370;NA;NA
31;0.300104592;0.006803841;0,18;370;NA;NA
29;0.300104592;0.013382167;0,22;370;NA;NA
35;0.300104592;0.012002743;0,25;370;NA;NA
26;0.300104592;0.008217284;0,3;370;NA;NA
30;0.31481074;0.013442378;0,32;370;NA;NA
30;0.277631737;0.010761019;0,4;370;NA;NA
37;0.277631737;0.008494031;0,45;370;NA;NA
33;0.300104592;0.026146502;0,48;370;NA;NA
26;0.270027137;0.007332906;0,5;370;NA;NA
37;0.3074847;0.019224157;0,51;370;NA;NA
12;0.254642218;0.006929872;0,52;370;NA;NA
30;0.31481074;0.036826682;0,54;370;NA;NA
35;0.322083499;0.011486557;0,56;370;NA;NA
25;0.336472237;0.025829082;0,6;370;NA;NA
27;0.300104592;0.022533333;0,65;370;NA;NA
32;0.322083499;0.019424491;0,69;370;NA;NA
29;0.31481074;0.025973147;0,7;370;NA;NA
27;0.3074847;0.017882245;0,75;370;NA;NA
35;0.3074847;0.04180093;0,79;370;NA;NA
32;0.300104592;0.022;0,81;370;NA;NA
31;0.277631737;0.018;0,84;370;NA;NA
34;0.3074847;0.015;0,87;370;NA;NA
33;0.300104592;0.023;0,9;370;NA;NA
29;0.300104592;0.013;0,93;370;NA;NA
27;0.31481074;0.042;0,98;370;NA;NA
27;0.262364264;0.013;1,02;370;NA;NA
33;0.246860078;0.015;1,05;370;NA;NA
34;0.285178942;0.012;1,08;370;NA;NA
45;0.262364264;0.019;1,11;370;NA;NA
20;6.102558595;0.018786942;0;369;NA;NA
26;6.12249281;0.043724704;0,05;369;NA;NA
23;6.137727054;0.025776815;0,06;369;NA;NA
19;6.118097198;0.027270857;0,08;369;NA;NA
22;6.109247583;0.048828049;0,1;369;NA;NA
21;6.188264123;0.028054425;0,12;369;NA;NA
31;6.200509174;0.033887776;0,18;369;NA;NA
29;6.177944114;0.033164933;0,22;369;NA;NA
35;6.148468296;0.029123521;0,25;369;NA;NA
26;6.184148891;0.032699926;0,3;369;NA;NA
30;6.28785856;0.023320573;0,32;369;NA;NA
30;6.173786104;0.024083333;0,4;369;NA;NA
37;6.206575927;0.032942898;0,45;369;NA;NA
33;6.371611847;0.02953101;0,48;369;NA;NA
26;6.380122537;0.052451882;0,5;369;NA;NA
37;6.354370041;0.033107236;0,51;369;NA;NA
12;6.244166901;0.031057706;0,52;369;NA;NA
30;6.311734809;0.029574013;0,54;369;NA;NA
35;6.300785795;0.027224644;0,56;369;NA;NA
25;6.324358962;0.047022135;0,6;369;NA;NA
27;6.349138991;0.02034094;0,65;369;NA;NA
32;6.37502482;0.027156012;0,69;369;NA;NA
29;6.320768294;0.028076348;0,7;369;NA;NA
27;6.342121419;0.055706581;0,75;369;NA;NA
35;6.380122537;0.039417983;0,79;369;NA;NA
32;6.306275287;0.025932122;0,81;369;NA;NA
31;6.309918278;0.045624826;0,84;369;NA;NA
34;6.333279628;0.057238216;0,87;369;NA;NA
33;6.34738921;0.042951285;0,9;369;NA;NA
29;6.401917197;0.033191258;0,93;369;NA;NA
27;6.327936784;0.015229688;0,98;369;NA;NA
27;6.380122537;0.028296093;1,02;369;NA;NA
33;6.329720906;0.033596519;1,05;369;NA;NA
34;6.354370041;0.037515433;1,08;369;NA;NA
45;6.300785795;0.043784193;1,11;369;NA;NA
15;2.533696814;0.015882464;0;368;NA;NA
20;2.463853241;0.032;0,05;368;NA;NA
20;2.561095788;0.005772126;0,06;368;NA;NA
16;2.555675721;0.015431503;0,08;368;NA;NA
18;2.498973907;0.013234856;0,1;368;NA;NA
18;2.59450816;0.034947441;0,12;368;NA;NA
27;2.550226116;0.025026189;0,18;368;NA;NA
24;2.548663616;0.027127331;0,22;368;NA;NA
31;2.53449015;0.02123046;0,25;368;NA;NA
23;2.613739522;0.026120302;0,3;368;NA;NA
21;2.63905733;0.015471429;0,32;368;NA;NA
23;2.558002205;0.024342991;0,4;368;NA;NA
25;2.589266665;0.016288811;0,45;368;NA;NA
25;2.777576264;0.030321032;0,48;368;NA;NA
20;2.721295428;0.035457064;0,5;368;NA;NA
23;2.812410216;0.041823084;0,51;368;NA;NA
8;2.772588722;0.0300125;0,52;368;NA;NA
23;2.742129515;0.01848629;0,54;368;NA;NA
25;2.742129515;0.020093793;0,56;368;NA;NA
17;2.72719902;0.037696319;0,6;368;NA;NA
15;2.681021529;0.02206793;0,65;368;NA;NA
27;2.712706013;0.029721948;0,69;368;NA;NA
13;2.671386217;0.026268391;0,7;368;NA;NA
19;2.711377991;0.031213342;0,75;368;NA;NA
24;2.761906874;0.02491092;0,79;368;NA;NA
26;2.753023567;0.023330453;0,81;368;NA;NA
27;2.712706013;0.033395581;0,84;368;NA;NA
29;2.730463796;0.044365949;0,87;368;NA;NA
20;2.724579503;0.039765654;0,9;368;NA;NA
22;2.761274962;0.034889185;0,93;368;NA;NA
17;2.735016649;0.015813914;0,98;368;NA;NA
19;2.762538386;0.030055527;1,02;368;NA;NA
27;2.729811693;0.014889649;1,05;368;NA;NA
19;2.788708104;0.03323;1,08;368;NA;NA
37;2.72392355;0.048190027;1,11;368;NA;NA
20;27.8;88.2;0;367;NA;NA
26;31;93.86;0,05;367;NA;NA
23;34.7;101.43;0,06;367;NA;NA
19;29.6;61.56;0,08;367;NA;NA
22;31.9;43.12;0,1;367;NA;NA
21;32.8;41.16;0,12;367;NA;NA
31;30;79.36;0,18;367;NA;NA
29;29.5;35.09;0,22;367;NA;NA
35;31.1;50.4;0,25;367;NA;NA
26;35.2;66.56;0,3;367;NA;NA
30;40.6;86.7;0,32;367;NA;NA
30;32.8;58.8;0,4;367;NA;NA
37;38.5;83.25;0,45;367;NA;NA
33;43.8;47.52;0,48;367;NA;NA
26;40.4;75.14;0,5;367;NA;NA
37;45.3;72.52;0,51;367;NA;NA
12;39.6;48;0,52;367;NA;NA
30;39;50.7;0,54;367;NA;NA
35;39.7;68.6;0,56;367;NA;NA
25;39.9;100;0,6;367;NA;NA
27;35.3;60.75;0,65;367;NA;NA
32;39.8;62.72;0,69;367;NA;NA
29;33.7;56.84;0,7;367;NA;NA
27;39;108;0,75;367;NA;NA
35;39.6;89.6;0,79;367;NA;NA
32;36.5;72;0,81;367;NA;NA
31;36.6;60.76;0,84;367;NA;NA
34;38.6;136;0,87;367;NA;NA
33;33.5;55.77;0,9;367;NA;NA
29;38.7;93.96;0,93;367;NA;NA
27;35.6;32.67;0,98;367;NA;NA
27;31.8;38.88;1,02;367;NA;NA
33;36;55.77;1,05;367;NA;NA
34;38.9;87.04;1,08;367;NA;NA
45;36.4;101.25;1,11;367;NA;NA
23;1.439835128;0.01;0;366;NA;NA
32;1.909542505;0.055;0,02;366;NA;NA
18;2.006870849;0.106;0,04;366;NA;NA
23;1.888583654;0.08;0,06;366;NA;NA
29;1.89009537;0.064;0,1;366;NA;NA
18;1.913977102;0.051;0,12;366;NA;NA
20;1.757857918;0.069;0,14;366;NA;NA
17;1.89761986;0.107;0,17;366;NA;NA
19;1.884034745;0.128;0,18;366;NA;NA
19;1.818076778;0.061;0,19;366;NA;NA
24;1.826160896;0.095;0,2;366;NA;NA
26;0.300104592;0.016;0;365;NA;NA
32;0.31481074;0.013;0,02;365;NA;NA
18;0.350656872;0.077;0,04;365;NA;NA
26;0.364643114;0.078;0,06;365;NA;NA
37;0.343589704;0.027;0,1;365;NA;NA
22;0.285178942;0.019;0,12;365;NA;NA
24;0.364643114;0.021;0,14;365;NA;NA
25;0.336472237;0.017;0,17;365;NA;NA
23;0.246860078;0.031;0,18;365;NA;NA
31;0.292669614;0.02;0,19;365;NA;NA
28;0.285178942;0.016;0,2;365;NA;NA
26;6.22059017;0.031;0;364;NA;NA
32;6.249975242;0.035;0,02;364;NA;NA
18;6.343880434;0.089;0,04;364;NA;NA
26;6.261491684;0.025;0,06;364;NA;NA
37;6.315358002;0.036;0,1;364;NA;NA
22;6.263398263;0.021;0,12;364;NA;NA
24;6.230481448;0.038;0,14;364;NA;NA
25;6.380122537;0.042;0,17;364;NA;NA
23;6.336825731;0.043;0,18;364;NA;NA
31;6.318968114;0.034;0,19;364;NA;NA
28;6.336825731;0.032;0,2;364;NA;NA
23;2.601207105;0.019;0;363;NA;NA
32;2.760642651;0.025;0,05;363;NA;NA
18;2.874693945;0.063;0,06;363;NA;NA
23;2.745345986;0.049;0,08;363;NA;NA
29;2.774461967;0.035;0,1;363;NA;NA
18;2.79971739;0.028;0,12;363;NA;NA
20;2.708050201;0.033;0,18;363;NA;NA
17;2.833213344;0.065;0,22;363;NA;NA
19;2.836150204;0.046;0,25;363;NA;NA
19;2.738902665;0.029;0,3;363;NA;NA
24;2.780680892;0.034;0,32;363;NA;NA
26;36.6;43.94;0;379;NA;NA
32;39.6;72;0,02;379;NA;NA
18;44.8;141.12;0,04;379;NA;NA
26;46.1;283.14;0,06;379;NA;NA
37;44.8;163.17;0,1;379;NA;NA
22;42.5;71.28;0,12;379;NA;NA
24;39;96;0,14;379;NA;NA
25;45.9;156.25;0,17;379;NA;NA
23;45.6;221.03;0,18;379;NA;NA
31;41;79.36;0,19;379;NA;NA
28;40.8;135.52;0,2;379;NA;NA
25;6.234410726;0.021915609;0;378;NA;NA
9;6.131226489;0.018225;9e-04;378;NA;NA
22;6.259581464;0.035808342;0,0026;378;NA;NA
24;6.240275845;0.027928821;0,0043;378;NA;NA
27;6.165417854;0.027895408;0,0061;378;NA;NA
26;6.210600077;0.021139336;0,0078;378;NA;NA
33;6.253828812;0.018463646;0,0087;378;NA;NA
31;6.336825731;0.031463701;0,0104;378;NA;NA
20;6.244166901;0.034533698;0,0122;378;NA;NA
30;6.302618976;0.029770962;0,0139;378;NA;NA
14;6.34738921;0.030840784;0,0157;378;NA;NA
30;6.293419279;0.037002744;0,0174;378;NA;NA
29;6.284134161;0.035298125;0,0191;378;NA;NA
28;6.284134161;0.03371742;0,0209;378;NA;NA
29;6.329720906;0.036858043;0,0217;378;NA;NA
27;6.37502482;0.031973509;0,0235;378;NA;NA
29;6.419994928;0.028653381;0,0357;378;NA;NA
24;2.577941516;0.002338441;0;377;NA;NA
8;2.525728644;0.00373248;9e-04;377;NA;NA
20;2.663749942;0.041034855;0,0026;377;NA;NA
22;2.609334228;0.028600652;0,0043;377;NA;NA
18;2.520917087;0.025693748;0,0061;377;NA;NA
24;2.608598122;0.021876579;0,0078;377;NA;NA
29;2.621765833;0.012881224;0,0087;377;NA;NA
22;2.723267167;0.057704819;0,0104;377;NA;NA
17;2.816007343;0.04608234;0,0122;377;NA;NA
25;2.739548868;0.03042185;0,0139;377;NA;NA
14;2.807593831;0.023577668;0,0157;377;NA;NA
21;2.77570885;0.037695286;0,0174;377;NA;NA
22;2.749831735;0.040373722;0,0191;377;NA;NA
20;2.785011242;0.039506173;0,0209;377;NA;NA
28;2.800325477;0.049263403;0,0217;377;NA;NA
20;2.836150204;0.027306267;0,0235;377;NA;NA
23;2.799108932;0.030672926;0,0357;377;NA;NA
25;36.6;49;0;376;NA;NA
9;34.2;43.56;9e-04;376;NA;NA
22;39.7;97.02;0,0026;376;NA;NA
24;35.8;69.36;0,0043;376;NA;NA
27;38.8;78.03;0,0061;376;NA;NA
26;39.6;43.94;0,0078;376;NA;NA
33;38.4;55.77;0,0087;376;NA;NA
31;40;124;0,0104;376;NA;NA
20;38.3;51.2;0,0122;376;NA;NA
30;37.3;50.7;0,0139;376;NA;NA
14;40.9;61.74;0,0157;376;NA;NA
30;39.4;97.2;0,0174;376;NA;NA
29;39.3;93.96;0,0191;376;NA;NA
28;39.3;80.92;0,0209;376;NA;NA
29;40.3;93.96;0,0217;376;NA;NA
27;40.5;69.12;0,0235;376;NA;NA
29;41;56.84;0,0357;376;NA;NA
21;1.435084525;0.017;0;375;NA;NA
27;1.474763009;0.049;0,011;375;NA;NA
26;1.423108334;0.041;0,017;375;NA;NA
23;1.40854497;0.027;0,034;375;NA;NA
16;1.477048724;0.041;0,046;375;NA;NA
17;1.750937475;0.07;0,063;375;NA;NA
24;1.871802177;0.037;0,074;375;NA;NA
6;1.845300236;0.047;0,08;375;NA;NA
22;1.736951233;0.084;0,109;375;NA;NA
20;1.62924054;0.056;0,143;375;NA;NA
24;1.728109442;0.082;0,16;375;NA;NA
22;1.720979287;0.077;0,166;375;NA;NA
22;1.791759469;0.082;0,189;375;NA;NA
14;1.768149604;0.04;0,2;375;NA;NA
27;1.780024213;0.07;0,211;375;NA;NA
22;1.736951233;0.054;0,234;375;NA;NA
19;1.587192303;0.083;0,251;375;NA;NA
22;1.919859472;0.061;0,263;375;NA;NA
16;1.715598108;0.099;0,28;375;NA;NA
26;0.292669614;0.01;0;374;NA;NA
29;0.246860078;0.009;0,011;374;NA;NA
29;0.285178942;0.006;0,017;374;NA;NA
24;0.292669614;0.015;0,034;374;NA;NA
23;0.300104592;0.021;0,046;374;NA;NA
19;0.292669614;0.016;0,063;374;NA;NA
25;0.277631737;0.017;0,074;374;NA;NA
10;0.270027137;0.004;0,08;374;NA;NA
27;0.300104592;0.013;0,109;374;NA;NA
30;0.292669614;0.012;0,143;374;NA;NA
26;0.277631737;0.03;0,16;374;NA;NA
26;0.246860078;0.018;0,166;374;NA;NA
28;0.300104592;0.014;0,189;374;NA;NA
21;0.277631737;0.009;0,2;374;NA;NA
33;0.371563556;0.033;0,211;374;NA;NA
25;0.285178942;0.013;0,234;374;NA;NA
26;0.3074847;0.016;0,251;374;NA;NA
29;0.300104592;0.029;0,263;374;NA;NA
22;0.246860078;0.004;0,28;374;NA;NA
26;6.148468296;0.044;0;373;NA;NA
29;6.21860012;0.031;0,011;373;NA;NA
29;6.17586727;0.038;0,017;373;NA;NA
24;6.188264123;0.054;0,034;373;NA;NA
23;6.22059017;0.053;0,046;373;NA;NA
19;6.226536669;0.034;0,063;373;NA;NA
25;6.309918278;0.048;0,074;373;NA;NA
10;6.419994928;0.036;0,08;373;NA;NA
27;6.018593214;0.057;0,109;373;NA;NA
30;6.188264123;0.051;0,143;373;NA;NA
26;6.234410726;0.015;0,16;373;NA;NA
26;6.270988432;0.06;0,166;373;NA;NA
28;6.226536669;0.035;0,189;373;NA;NA
21;6.317164687;0.025;0,2;373;NA;NA
33;6.336825731;0.027;0,211;373;NA;NA
25;6.380122537;0.029;0,234;373;NA;NA
26;6.159095388;0.043;0,251;373;NA;NA
29;6.357842267;0.033;0,263;373;NA;NA
22;6.29710932;0.044;0,28;373;NA;NA
21;2.57261223;0.024;0;372;NA;NA
27;2.646174797;0.033;0,011;372;NA;NA
26;2.610069793;0.028;0,017;372;NA;NA
23;2.557227311;0.028;0,034;372;NA;NA
16;2.525728644;0.033;0,046;372;NA;NA
17;2.740840024;0.025;0,063;372;NA;NA
24;2.721295428;0.019;0,074;372;NA;NA
6;2.708050201;0.023;0,08;372;NA;NA
22;2.660259537;0.034;0,109;372;NA;NA
20;2.646174797;0.026;0,143;372;NA;NA
24;2.674148649;0.042;0,16;372;NA;NA
22;2.681021529;0.03;0,166;372;NA;NA
22;2.708050201;0.044;0,189;372;NA;NA
14;2.701361213;0.02;0,2;372;NA;NA
27;2.714694744;0.022;0,211;372;NA;NA
22;2.694627181;0.019;0,234;372;NA;NA
19;2.58021683;0.024;0,251;372;NA;NA
22;2.791165108;0.03;0,263;372;NA;NA
16;2.694627181;0.048;0,28;372;NA;NA
26;34.1;54.67;0;371;NA;NA
29;33.9;67;0,011;371;NA;NA
29;35.7;78.95;0,017;371;NA;NA
24;34.6;69.36;0,034;371;NA;NA
23;35;48.36;0,046;371;NA;NA
19;36.6;62.25;0,063;371;NA;NA
25;40.6;79.21;0,074;371;NA;NA
10;46.3;51.53;0,08;371;NA;NA
27;37.3;68.26;0,109;371;NA;NA
30;33.2;67.5;0,143;371;NA;NA
26;34.3;75.14;0,16;371;NA;NA
26;32.7;83.31;0,166;371;NA;NA
28;36;49.53;0,189;371;NA;NA
21;36.8;54.43;0,2;371;NA;NA
33;36.3;34.33;0,211;371;NA;NA
25;36.4;64;0,234;371;NA;NA
26;31.7;52.43;0,251;371;NA;NA
29;37.1;66.12;0,263;371;NA;NA
22;36.6;49.5;0,28;371;NA;NA
18;129.7;404.4168;0;577;NA;NA
41;120.1;175.6809;0,08974362;577;NA;NA
13;123.8;99.7477;0,129129744;577;NA;NA
15;123;106.134;0,218657322;577;NA;NA
27;118.1;78.03;0,261383789;577;NA;NA
41;118.6;118.49;0,280763693;577;NA;NA
15;110.6;60;0,29652241;577;NA;NA
16;124.1;106.5024;0,317687669;577;NA;NA
25;126;163.84;0,347650203;577;NA;NA
25;128.8;112.36;0,369664938;577;NA;NA
28;128.6;281.3692;0,380989128;577;NA;NA
26;133.5;148.5146;0,419468145;577;NA;NA
26;128.6;132.7976;0,449207465;577;NA;NA
25;126.2;121;0,468105018;577;NA;NA
25;131.2;268.96;0,48348944;577;NA;NA
22;132.7;146.4408;0,625397476;577;NA;NA
20;131.3;125;0,656519032;577;NA;NA
25;138.8;153.76;0,663228577;577;NA;NA
25;145.6;283.9225;0,684285815;577;NA;NA
29;150.9;227.36;0,783467385;577;NA;NA
25;154.6;148.84;0,794345183;577;NA;NA
23;158.9;283.3623;0,814452165;577;NA;NA
25;168.8;299.29;0,842370171;577;NA;NA
25;177.4;265.69;0,861145325;577;NA;NA
10;166;275.625;0,890092784;577;NA;NA
23;150.4;236.9943;0,902871129;577;NA;NA
30;170.2;570.288;0,961802701;577;NA;NA
22;165.2;183.7462;0,993125834;577;NA;NA
30;1.41;0.13068;0;574;NA;NA
11;1.34;0.034496;0,025967376;574;NA;NA
3;1.1;0.03;0,098320996;574;NA;NA
4;1.35;0.1156;0,127874386;574;NA;NA
30;1.46;0.18723;0,16971121;574;NA;NA
23;2.14;0.5175;0,189452125;574;NA;NA
29;1.34;0.176436;0,204108394;574;NA;NA
17;1.5;0.103428;0,225410384;574;NA;NA
5;1.18;0.0405;0,247970155;574;NA;NA
25;1.27;0.0484;0,253759516;574;NA;NA
25;1.38;0.0576;0,264267784;574;NA;NA
10;1.37;0.05329;0,278790246;574;NA;NA
25;1.36;0.0324;0,290565216;574;NA;NA
25;1.38;0.087025;0,293669526;574;NA;NA
25;1.32;14.0625;0,311920729;574;NA;NA
25;1.46;0.140625;0,327094383;574;NA;NA
25;1.42;0.046225;0,356558569;574;NA;NA
25;1.75;0.1369;0,374720567;574;NA;NA
25;1.44;0.030625;0,389885301;574;NA;NA
25;1.69;0.1764;0,530890562;574;NA;NA
25;1.78;0.126025;0,567366207;574;NA;NA
25;1.51;0.1764;0,589533479;574;NA;NA
25;2.02;0.216225;0,687506578;574;NA;NA
25;2.2;0.216225;0,700289557;574;NA;NA
25;1.89;0.207025;0,717889568;574;NA;NA
25;2.08;0.207025;0,745453702;574;NA;NA
25;1.54;0.112225;0,763892234;574;NA;NA
25;2.42;0.180625;0,804694288;574;NA;NA
25;2.12;0.216225;0,863738624;574;NA;NA
25;2.02;0.119025;0,895575644;574;NA;NA
30;0.72;0.01323;0;573;NA;NA
11;0.74;0.014256;0,025967376;573;NA;NA
3;0.58;0.000432;0,098320996;573;NA;NA
4;0.6;0.026896;0,127874386;573;NA;NA
30;0.57;0.02187;0,16971121;573;NA;NA
23;0.71;0.018032;0,189452125;573;NA;NA
29;0.61;0.015341;0,204108394;573;NA;NA
17;0.74;0.025857;0,225410384;573;NA;NA
5;0.56;0.00288;0,247970155;573;NA;NA
25;0.6;0.0144;0,253759516;573;NA;NA
25;0.67;0.018225;0,264267784;573;NA;NA
10;0.76;0.00484;0,278790246;573;NA;NA
25;0.66;0.0144;0,290565216;573;NA;NA
25;0.72;0.027225;0,293669526;573;NA;NA
25;0.67;0.027225;0,311920729;573;NA;NA
25;0.71;0.024025;0,327094383;573;NA;NA
25;0.72;0.0169;0,356558569;573;NA;NA
25;0.86;0.018225;0,374720567;573;NA;NA
25;0.74;0.0225;0,389885301;573;NA;NA
25;0.77;0.0289;0,530890562;573;NA;NA
25;0.81;0.021025;0,567366207;573;NA;NA
25;0.7;0.0289;0,589533479;573;NA;NA
25;0.77;0.0289;0,687506578;573;NA;NA
25;0.77;0.024025;0,700289557;573;NA;NA
25;0.76;0.009025;0,717889568;573;NA;NA
25;0.82;0.0324;0,745453702;573;NA;NA
25;0.68;0.018225;0,763892234;573;NA;NA
25;0.86;0.0144;0,804694288;573;NA;NA
25;0.87;0.021025;0,863738624;573;NA;NA
25;0.76;0.0121;0,895575644;573;NA;NA
18;26.7;20.2248;0;572;NA;NA
39;27.1;18.0336;0,08974362;572;NA;NA
12;27.1;6.5712;0,129129744;572;NA;NA
15;25;21.2415;0,218657322;572;NA;NA
27;24.1;17.28;0,261383789;572;NA;NA
36;25.5;12.96;0,280763693;572;NA;NA
13;23.5;14.0608;0,29652241;572;NA;NA
15;25.3;37.446;0,317687669;572;NA;NA
23;25;18.2183;0,347650203;572;NA;NA
25;28.4;44.89;0,369664938;572;NA;NA
26;25.4;17.4824;0,380989128;572;NA;NA
24;27.3;23.5224;0,419468145;572;NA;NA
24;26.9;23.0496;0,449207465;572;NA;NA
25;28;14.44;0,468105018;572;NA;NA
21;28.8;24.4944;0,48348944;572;NA;NA
20;27.8;19.208;0,625397476;572;NA;NA
19;30.5;19;0,656519032;572;NA;NA
24;29.6;51.8616;0,663228577;572;NA;NA
25;32;20.7025;0,684285815;572;NA;NA
29;32.8;26.1725;0,783467385;572;NA;NA
24;35.2;35.1384;0,794345183;572;NA;NA
21;35.2;25.41;0,814452165;572;NA;NA
25;35.2;27.5625;0,842370171;572;NA;NA
25;35;22.5625;0,861145325;572;NA;NA
10;38.5;77.284;0,890092784;572;NA;NA
22;31.6;36.6102;0,902871129;572;NA;NA
30;36.7;39.675;0,961802701;572;NA;NA
22;34.5;33.2838;0,993125834;572;NA;NA
18;11.3;2.205;0;571;NA;NA
35;11.1;2.1875;0,08974362;571;NA;NA
11;11.2;0.7436;0,129129744;571;NA;NA
14;10.8;1.5246;0,218657322;571;NA;NA
24;9.1;1.3824;0,261383789;571;NA;NA
36;10.6;1.7424;0,280763693;571;NA;NA
12;8.9;2.2188;0,29652241;571;NA;NA
15;9.2;2.2815;0,317687669;571;NA;NA
23;8.3;1.3248;0,347650203;571;NA;NA
23;9.6;1.5548;0,369664938;571;NA;NA
25;9.8;3.4225;0,380989128;571;NA;NA
21;10.6;1.7661;0,419468145;571;NA;NA
25;11.2;2.4025;0,449207465;571;NA;NA
24;11;1.3824;0,468105018;571;NA;NA
20;11.6;2.048;0,48348944;571;NA;NA
20;11.8;1.25;0,625397476;571;NA;NA
18;12.3;1.4112;0,656519032;571;NA;NA
23;12.7;3.1487;0,663228577;571;NA;NA
25;12;2.4025;0,684285815;571;NA;NA
29;12.7;2.61;0,783467385;571;NA;NA
23;13.7;1.2167;0,794345183;571;NA;NA
20;12.6;4.232;0,814452165;571;NA;NA
25;13.4;2.56;0,842370171;571;NA;NA
25;13.3;1.21;0,861145325;571;NA;NA
10;13.5;1.6;0,890092784;571;NA;NA
20;12.8;1.352;0,902871129;571;NA;NA
30;12.7;2.883;0,961802701;571;NA;NA
22;14;2.8512;0,993125834;571;NA;NA
19;82.1;158.6899;0;570;NA;NA
41;73.8;107.6004;0,08974362;570;NA;NA
13;73.1;64.0692;0,129129744;570;NA;NA
15;72.3;63.0375;0,218657322;570;NA;NA
28;72.9;96.8688;0,261383789;570;NA;NA
41;71.5;75.8336;0,280763693;570;NA;NA
15;68.7;108.5415;0,29652241;570;NA;NA
16;79.7;146.8944;0,317687669;570;NA;NA
25;82.6;122.1025;0,347650203;570;NA;NA
26;85;88.0256;0,369664938;570;NA;NA
28;81.8;102.1468;0,380989128;570;NA;NA
26;85.6;97.8536;0,419468145;570;NA;NA
26;84.4;106.0904;0,449207465;570;NA;NA
25;82.2;108.16;0,468105018;570;NA;NA
25;82.4;133.4025;0,48348944;570;NA;NA
23;78.7;138.0575;0,625397476;570;NA;NA
20;84.8;84.872;0,656519032;570;NA;NA
25;87.2;136.89;0,663228577;570;NA;NA
25;92.2;104.04;0,684285815;570;NA;NA
29;97.8;119.5061;0,783467385;570;NA;NA
25;97.6;106.09;0,794345183;570;NA;NA
21;100;76.6101;0,814452165;570;NA;NA
25;109.4;146.41;0,842370171;570;NA;NA
25;118.4;171.61;0,861145325;570;NA;NA
10;108;180.625;0,890092784;570;NA;NA
23;96.3;130.2812;0,902871129;570;NA;NA
30;107.5;204.363;0,961802701;570;NA;NA
22;106.6;110.3872;0,993125834;570;NA;NA
18;37;121.68;0;569;NA;NA
41;32;26.24;0,08974362;569;NA;NA
12;31;34.68;0,129129744;569;NA;NA
15;35;48.6;0,218657322;569;NA;NA
27;35;38.88;0,261383789;569;NA;NA
40;35;67.6;0,280763693;569;NA;NA
15;34;9.6;0,29652241;569;NA;NA
15;39;66.15;0,317687669;569;NA;NA
25;37;49;0,347650203;569;NA;NA
25;38;36;0,369664938;569;NA;NA
27;37;60.75;0,380989128;569;NA;NA
26;40;50.96;0,419468145;569;NA;NA
26;40;26;0,449207465;569;NA;NA
25;37;64;0,468105018;569;NA;NA
24;40;61.44;0,48348944;569;NA;NA
21;51;60.69;0,625397476;569;NA;NA
20;47;45;0,656519032;569;NA;NA
22;51;63.58;0,663228577;569;NA;NA
24;52;47.04;0,684285815;569;NA;NA
28;54;28;0,783467385;569;NA;NA
23;54;51.75;0,794345183;569;NA;NA
22;54;79.42;0,814452165;569;NA;NA
25;53;25;0,842370171;569;NA;NA
25;51;25;0,861145325;569;NA;NA
10;51;122.5;0,890092784;569;NA;NA
21;50;35.49;0,902871129;569;NA;NA
30;53;67.5;0,961802701;569;NA;NA
22;49;49.5;0,993125834;569;NA;NA
19;76.9;141.6051;0;568;NA;NA
41;67.8;63.0416;0,08974362;568;NA;NA
13;70.4;62.92;0,129129744;568;NA;NA
15;69;25.35;0,218657322;568;NA;NA
27;67;61.5627;0,261383789;568;NA;NA
40;66.4;73.984;0,280763693;568;NA;NA
15;66;60.6015;0,29652241;568;NA;NA
16;71.9;79.5664;0,317687669;568;NA;NA
25;74;51.84;0,347650203;568;NA;NA
26;75.8;70.785;0,369664938;568;NA;NA
28;75.2;90.72;0,380989128;568;NA;NA
26;79.2;60.8634;0,419468145;568;NA;NA
26;75.6;74.2586;0,449207465;568;NA;NA
25;73.6;111.3025;0,468105018;568;NA;NA
25;74.8;152.5225;0,48348944;568;NA;NA
23;72.6;83.9063;0,625397476;568;NA;NA
20;78.8;59.858;0,656519032;568;NA;NA
25;80.4;84.64;0,663228577;568;NA;NA
25;87.8;104.04;0,684285815;568;NA;NA
29;90.8;106.9056;0,783467385;568;NA;NA
24;93.8;101.8464;0,794345183;568;NA;NA
22;95.2;126.72;0,814452165;568;NA;NA
25;102.6;122.1025;0,842370171;568;NA;NA
25;111;161.29;0,861145325;568;NA;NA
10;97.5;78.4;0,890092784;568;NA;NA
22;91.8;119.4358;0,902871129;568;NA;NA
30;100.8;146.523;0,961802701;568;NA;NA
22;99.5;111.375;0,993125834;568;NA;NA
4;181;686.44;0;567;NA;NA
4;223;1552.36;0,078390676;567;NA;NA
4;211;134.56;0,099613514;567;NA;NA
15;260;1591.35;0,125868475;567;NA;NA
20;352;1729.8;0,215612096;567;NA;NA
68;281;2785.28;0,387252264;567;NA;NA
22;275;1862.08;0,406632169;567;NA;NA
4;221;529;0,495533414;567;NA;NA
10;219;1299.6;0,609357915;567;NA;NA
18;190;1393.92;0,751265952;567;NA;NA
14;205;987.84;0,203890654;567;NA;NA
6;278;423.36;0,887654095;567;NA;NA
27;284;1728;0,909335861;567;NA;NA
10;264;672.4;0,940320641;567;NA;NA
4;194;207.36;0;576;NA;NA
4;200;201.64;0,078390676;576;NA;NA
4;234;625;0,099613514;576;NA;NA
17;249;1632.68;0,125868475;576;NA;NA
20;317;1344.8;0,215612096;576;NA;NA
67;276;2659.23;0,387252264;576;NA;NA
21;268;1119.09;0,406632169;576;NA;NA
5;226;551.25;0,495533414;576;NA;NA
11;248;1235.96;0,609357915;576;NA;NA
18;205;1270.08;0,751265952;576;NA;NA
13;224;499.72;0,203890654;576;NA;NA
6;268;77.76;0,887654095;576;NA;NA
27;274;1140.75;0,909335861;576;NA;NA
10;249;302.5;0,940320641;576;NA;NA
4;99;207.36;0;575;NA;NA
4;106;121;0,078390676;575;NA;NA
4;113;25;0,099613514;575;NA;NA
15;137;540;0,125868475;575;NA;NA
20;175;768.8;0,215612096;575;NA;NA
68;140;786.08;0,387252264;575;NA;NA
22;139;528.22;0,406632169;575;NA;NA
5;113;405;0,495533414;575;NA;NA
10;113;250;0,609357915;575;NA;NA
18;105;380.88;0,751265952;575;NA;NA
14;110;487.34;0,203890654;575;NA;NA
6;130;464.64;0,887654095;575;NA;NA
27;128;522.72;0,909335861;575;NA;NA
10;135;260.1;0,940320641;575;NA;NA
51;3.23;0.0121;0;442;NA;NA
61;3.28;0.0121;0,21;442;NA;NA
12;3.43;0.0196;0,39;442;NA;NA
137;3.47;0.0196;0,41;442;NA;NA
104;3.49;0.0196;0,44;442;NA;NA
101;3.43;0.0289;0,54;442;NA;NA
10;3.59;0.0324;0,57;442;NA;NA
22;3.49;0.0225;0,57;442;NA;NA
9;3.62;0.04;0,6;442;NA;NA
51;1.4;0.0049;0;441;NA;NA
61;1.41;0.0064;0,21;441;NA;NA
12;1.43;0.0064;0,39;441;NA;NA
137;1.47;0.0064;0,41;441;NA;NA
104;1.49;0.0064;0,44;441;NA;NA
101;1.49;0.0081;0,54;441;NA;NA
10;1.53;0.01;0,57;441;NA;NA
22;1.54;0.0049;0,57;441;NA;NA
9;1.51;0.0064;0,6;441;NA;NA
13;0.90825856;0.00526795;0;411;NA;NA
10;0.932164081;0.007502015;0,0029;411;NA;NA
22;0.90016135;0.00785313;0,0058;411;NA;NA
20;0.887891257;0.005365713;0,0087;411;NA;NA
36;0.891998039;0.008129535;0,0116;411;NA;NA
32;0.879626748;0.00497581;0,0145;411;NA;NA
24;0.862889955;0.003489469;0,0174;411;NA;NA
13;2.26;0.0081;0;410;NA;NA
9;2.31;0.01932;0,0029;410;NA;NA
26;2.29;0.0361;0,0058;410;NA;NA
22;2.23;0.0185;0,0087;410;NA;NA
39;2.21;0.0169;0,0116;410;NA;NA
36;2.19;0.0225;0,0145;410;NA;NA
30;2.22;0.01254;0,0174;410;NA;NA
10;0.364643114;0.005116223;0;409;NA;NA
13;0.371563556;0.002330559;0,0029;409;NA;NA
7;0.357674444;0.008264463;0,0058;409;NA;NA
21;0.357674444;0.004601203;0,0087;409;NA;NA
11;0.31481074;0.001176941;0,0116;409;NA;NA
16;0.322083499;0.001531191;0,0145;409;NA;NA
14;2.62;0.0144;0;408;NA;NA
12;2.49;0.011025;0,0058;408;NA;NA
13;2.52;0.0225;0,0087;408;NA;NA
28;2.48;0.0196;0,0116;408;NA;NA
23;2.54;0.0196;0,0145;408;NA;NA
16;2.48;0.020164;0,0174;408;NA;NA
16;2.61;0.0225;0;407;NA;NA
12;2.45;0.025281;0,0058;407;NA;NA
12;2.53;0.043681;0,0087;407;NA;NA
35;2.43;0.043264;0,0116;407;NA;NA
25;2.52;0.025281;0,0145;407;NA;NA
16;2.54;0.019881;0,0174;407;NA;NA
5;0.985816795;0.005294191;0;406;NA;NA
13;0.955511445;0.004175148;0,0029;406;NA;NA
12;0.920282753;0.003962477;0,0058;406;NA;NA
8;0.959350221;0.004192687;0,0087;406;NA;NA
20;0.932164081;0.004426964;0,0116;406;NA;NA
11;0.887891257;0.00286203;0,0145;406;NA;NA
18;0.932164081;0.003487507;0,0174;406;NA;NA
33;1.42;0.0144;0;405;NA;NA
14;1.36;0.0196;0,0029;405;NA;NA
39;1.35;0.0169;0,0058;405;NA;NA
36;1.35;0.02403;0,0087;405;NA;NA
80;1.36;0.01416;0,0116;405;NA;NA
62;1.35;0.01416;0,0145;405;NA;NA
54;1.36;0.01664;0,0174;405;NA;NA
40;1.0079;5.29e-05;0;565;NA;NA
25;1.0114;1e-04;2,535;565;NA;NA
21;1.0169;4.26e-05;7,009;565;NA;NA
30;1.0228;0.000279075;7,551;565;NA;NA
40;1.0259;5.06e-05;8,176;565;NA;NA
50;1.0427;0.000392;8,832;565;NA;NA
20;1.0969;0.000973;9,301;565;NA;NA
24;1.1121;0.00106134;9,5622;565;NA;NA
15;1.0933;0.000942084;9,6471;565;NA;NA
42;1.097;0.001060526;9,9919;565;NA;NA
79;1.1173;0.000687498;10,5648;565;NA;NA
33;3.612172727;0.00880234;0;422;NA;NA
6;3.6015;0.001357648;0,045333339;422;NA;NA
22;3.593254545;0.006969572;0,090666678;422;NA;NA
15;3.55368;0.010604206;0,136000017;422;NA;NA
9;3.6;0.009230383;0,224000028;422;NA;NA
7;3.531542857;0.006380026;0,269333367;422;NA;NA
40;3.53973;0.005273912;0,309333372;422;NA;NA
31;3.560390323;0.009708728;0,354666711;422;NA;NA
13;3.520069231;0.006203782;0,397333383;422;NA;NA
44;3.513893182;0.00771975;0,440000055;422;NA;NA
37;3.56222973;0.004655392;0,485333394;422;NA;NA
7;3.6009;0.017280593;0,5333334;422;NA;NA
61;3.611734426;0.013794488;0,576000072;422;NA;NA
32;3.6736125;0.007394502;0,618666744;422;NA;NA
7;1.463114286;0.006910415;0;563;NA;NA
8;1.6391625;0.009194494;0,015611786;563;NA;NA
7;1.601371429;0.009253572;0,110062602;563;NA;NA
6;1.537883333;0.00829639;0,268806492;563;NA;NA
14;1.634978571;0.008529234;0,313141007;563;NA;NA
22;1.709040909;0.012308813;0,36855054;563;NA;NA
14;1.761535714;0.007103621;0,461592611;563;NA;NA
13;1.789753846;0.004222344;0,517342529;563;NA;NA
19;1.658052632;0.01150065;0,594185575;563;NA;NA
20;1.703005;0.013267238;0,624357747;563;NA;NA
15;1.74434375;0.005814447;0,865197216;563;NA;NA
6;1.81825;0.003860783;0,990390054;563;NA;NA
10;1.88889;0.010779499;1,192586263;563;NA;NA
9;1.899788889;0.008728231;1,282903685;563;NA;NA
15;1.88596;0.007868015;1,408688294;563;NA;NA
14;1.9829;0.00916432;1,76;563;NA;NA
9;2.053377778;0.008317147;0;562;NA;NA
11;2.067;0.00679048;0,023675915;562;NA;NA
6;2.097083333;0.00566699;0,042009998;562;NA;NA
15;2.190073333;0.013098129;0,135269508;562;NA;NA
9;2.370077778;0.006775372;0,190503159;562;NA;NA
6;2.139616667;0.004684606;0,271188085;562;NA;NA
12;2.255591667;0.004120217;0,29669469;562;NA;NA
28;2.364942857;0.013221915;0,338587181;562;NA;NA
32;2.351446875;0.01659387;0,392215469;562;NA;NA
16;2.2506625;0.008258927;0,459632994;562;NA;NA
27;2.287811111;0.015570333;0,487280106;562;NA;NA
28;2.222703571;0.016313837;0,540621032;562;NA;NA
34;2.228297059;0.017436707;0,620793133;562;NA;NA
34;2.167117647;0.018042185;0,647689282;562;NA;NA
17;2.416429412;0.009457227;0,89044344;562;NA;NA
8;2.4838625;0.00823232;0,944881022;562;NA;NA
8;2.4846125;0.008027404;1,00999353;562;NA;NA
13;2.493807692;0.008097842;1,213960955;562;NA;NA
10;2.50754;0.014767472;1,308070856;562;NA;NA
17;2.506711765;0.009611106;1,349981975;562;NA;NA
26;2.469034615;0.013516904;1,429579003;562;NA;NA
25;2.382072;0.015233785;1,55;562;NA;NA
25;9.44;1.24;0;419;NA;NA
316;9.17;0.54;1e-06;419;NA;NA
933;9.23;0.65;2e-06;419;NA;NA
367;9.35;0.77;3e-06;419;NA;NA
290;9.74;0.7;4e-06;419;NA;NA
288;9.78;0.69;5e-06;419;NA;NA
270;9.81;0.66;6e-06;419;NA;NA
338;9.75;0.63;7e-06;419;NA;NA
293;9.8;0.592;8e-06;419;NA;NA
508;9.71;0.6;9e-06;419;NA;NA
747;9.67;0.704;1e-05;419;NA;NA
498;9.63;0.707;1,1e-05;419;NA;NA
272;9.5;0.701;1,2e-05;419;NA;NA
788;9.32;0.594;1,3e-05;419;NA;NA
735;9.31;0.581;1,4e-05;419;NA;NA
553;9.3;0.602;1,5e-05;419;NA;NA
410;9.28;0.607;1,6e-05;419;NA;NA
510;9.23;0.7;1,7e-05;419;NA;NA
558;9.2;0.591;1,8e-05;419;NA;NA
460;9.2;0.567;1,9e-05;419;NA;NA
397;9.22;0.558;2e-05;419;NA;NA
170;9.13;0.579;2,1e-05;419;NA;NA
97;9.17;0.6;2,2e-05;419;NA;NA
47;9.16;0.477;2,3e-05;419;NA;NA
101;9.13;0.682;2,4e-05;419;NA;NA
93;9.16;0.674;2,5e-05;419;NA;NA
128;9.05;0.665;2,6e-05;419;NA;NA
222;9.02;0.644;2,7e-05;419;NA;NA
210;9.1;0.734;2,8e-05;419;NA;NA
168;9.15;0.769;2,9e-05;419;NA;NA
73;9.24;0.877;3e-05;419;NA;NA
141;8.68;0.487;3,1e-05;419;NA;NA
136;8.6;0.476;3,2e-05;419;NA;NA
143;8.67;0.496;3,3e-05;419;NA;NA
113;8.67;0.434;3,4e-05;419;NA;NA
236;8.51;0.456;3,5e-05;419;NA;NA
136;8.5;0.443;3,6e-05;419;NA;NA
229;8.54;0.483;3,7e-05;419;NA;NA
121;8.61;0.537;3,8e-05;419;NA;NA
31;10.73;0.96;0;418;NA;NA
318;10.56;0.45;1e-06;418;NA;NA
933;10.64;0.54;2e-06;418;NA;NA
367;10.73;0.67;3e-06;418;NA;NA
290;11.04;0.64;4e-06;418;NA;NA
288;11.07;0.63;5e-06;418;NA;NA
270;11.11;0.605;6e-06;418;NA;NA
338;11.04;0.565;7e-06;418;NA;NA
293;11.06;0.533;8e-06;418;NA;NA
508;11.03;0.52;9e-06;418;NA;NA
747;10.93;0.542;1e-05;418;NA;NA
498;10.91;0.519;1,1e-05;418;NA;NA
272;10.92;0.602;1,2e-05;418;NA;NA
787;10.94;0.593;1,3e-05;418;NA;NA
734;10.93;0.583;1,4e-05;418;NA;NA
552;10.93;0.608;1,5e-05;418;NA;NA
409;10.91;0.599;1,6e-05;418;NA;NA
509;10.85;0.617;1,7e-05;418;NA;NA
558;10.83;0.605;1,8e-05;418;NA;NA
460;10.83;0.6;1,9e-05;418;NA;NA
397;10.85;0.603;2e-05;418;NA;NA
170;10.76;0.655;2,1e-05;418;NA;NA
97;10.83;0.71;2,2e-05;418;NA;NA
47;10.8;0.498;2,3e-05;418;NA;NA
101;10.85;0.689;2,4e-05;418;NA;NA
93;10.9;0.678;2,5e-05;418;NA;NA
128;10.84;0.705;2,6e-05;418;NA;NA
222;10.75;0.737;2,7e-05;418;NA;NA
210;10.8;0.795;2,8e-05;418;NA;NA
168;10.88;0.805;2,9e-05;418;NA;NA
73;10.99;0.909;3e-05;418;NA;NA
141;10.35;0.648;3,1e-05;418;NA;NA
136;10.33;0.634;3,2e-05;418;NA;NA
143;10.34;0.577;3,3e-05;418;NA;NA
113;10.34;0.486;3,4e-05;418;NA;NA
236;10.28;0.529;3,5e-05;418;NA;NA
136;10.37;0.511;3,6e-05;418;NA;NA
229;10.45;0.604;3,7e-05;418;NA;NA
121;10.52;0.652;3,8e-05;418;NA;NA
10;8.94;0.25;0;417;NA;NA
87;8.96;0.32;1e-06;417;NA;NA
236;9.06;0.33;2e-06;417;NA;NA
143;9.14;0.31;3e-06;417;NA;NA
166;9.35;0.2;4e-06;417;NA;NA
215;9.26;0.24;5e-06;417;NA;NA
187;9.31;0.201;6e-06;417;NA;NA
239;9.23;0.239;7e-06;417;NA;NA
213;9.25;0.222;8e-06;417;NA;NA
364;9.16;0.262;9e-06;417;NA;NA
350;9.1;0.29;1e-05;417;NA;NA
213;9.07;0.296;1,1e-05;417;NA;NA
90;9.22;0.248;1,2e-05;417;NA;NA
156;9.14;0.243;1,3e-05;417;NA;NA
133;9.14;0.238;1,4e-05;417;NA;NA
114;9.14;0.187;1,5e-05;417;NA;NA
96;9.14;0.193;1,6e-05;417;NA;NA
112;9.07;0.255;1,7e-05;417;NA;NA
136;9.01;0.256;1,8e-05;417;NA;NA
146;9.09;0.278;1,9e-05;417;NA;NA
135;9.1;0.291;2e-05;417;NA;NA
104;9.12;0.273;2,1e-05;417;NA;NA
89;9.15;0.251;2,2e-05;417;NA;NA
50;9.19;0.259;2,3e-05;417;NA;NA
44;9.1;0.33;2,4e-05;417;NA;NA
31;9.02;0.388;2,5e-05;417;NA;NA
39;8.97;0.321;2,6e-05;417;NA;NA
47;8.91;0.4;2,7e-05;417;NA;NA
113;9.01;0.358;2,8e-05;417;NA;NA
110;9.01;0.367;2,9e-05;417;NA;NA
71;9.09;0.348;3e-05;417;NA;NA
75;9.02;0.378;3,1e-05;417;NA;NA
70;9.03;0.373;3,2e-05;417;NA;NA
87;9.11;0.393;3,3e-05;417;NA;NA
75;9.11;0.419;3,4e-05;417;NA;NA
200;9.08;0.36;3,5e-05;417;NA;NA
156;9.14;0.37;3,6e-05;417;NA;NA
221;9.1;0.402;3,7e-05;417;NA;NA
127;9.19;0.448;3,8e-05;417;NA;NA
15;14.35;0.33;0;416;NA;NA
89;14.13;0.57;1e-06;416;NA;NA
236;14.41;0.6;2e-06;416;NA;NA
143;14.55;0.56;3e-06;416;NA;NA
166;14.52;0.55;4e-06;416;NA;NA
215;14.48;0.63;5e-06;416;NA;NA
187;14.61;0.527;6e-06;416;NA;NA
239;14.44;0.634;7e-06;416;NA;NA
213;14.45;0.65;8e-06;416;NA;NA
364;14.36;0.619;9e-06;416;NA;NA
350;14.26;0.638;1e-05;416;NA;NA
213;14.24;0.645;1,1e-05;416;NA;NA
90;14.4;0.582;1,2e-05;416;NA;NA
156;14.2;0.743;1,3e-05;416;NA;NA
133;14.19;0.784;1,4e-05;416;NA;NA
115;14.27;0.71;1,5e-05;416;NA;NA
96;14.28;0.789;1,6e-05;416;NA;NA
112;13.93;1.22;1,7e-05;416;NA;NA
136;13.75;0.99;1,8e-05;416;NA;NA
146;13.85;0.984;1,9e-05;416;NA;NA
135;13.84;1.036;2e-05;416;NA;NA
104;13.87;1;2,1e-05;416;NA;NA
89;13.86;1.076;2,2e-05;416;NA;NA
50;13.84;1.217;2,3e-05;416;NA;NA
44;13.69;1.103;2,4e-05;416;NA;NA
31;13.43;1.066;2,5e-05;416;NA;NA
39;13.36;0.695;2,6e-05;416;NA;NA
47;13.31;0.659;2,7e-05;416;NA;NA
113;13.39;0.705;2,8e-05;416;NA;NA
110;13.4;0.703;2,9e-05;416;NA;NA
71;13.51;0.605;3e-05;416;NA;NA
75;13.13;0.558;3,1e-05;416;NA;NA
70;13.12;0.583;3,2e-05;416;NA;NA
88;13.2;0.659;3,3e-05;416;NA;NA
76;13.21;0.682;3,4e-05;416;NA;NA
200;13.33;0.494;3,5e-05;416;NA;NA
156;13.33;0.552;3,6e-05;416;NA;NA
221;13.36;0.607;3,7e-05;416;NA;NA
127;13.42;0.519;3,8e-05;416;NA;NA
10;0.63;0.0014;0;340;NA;NA
34;0.646764706;0.002127768;0,1632;340;NA;NA
52;0.658846154;0.002398643;0,334016;340;NA;NA
54;0.69;0.002445283;0,553792;340;NA;NA
61;0.728360656;0.002043934;0,885632;340;NA;NA
60;0.7075;0.002297034;1,107584;340;NA;NA
72;0.673333333;0.002912676;1,325184;340;NA;NA
54;0.679444444;0.001941195;1,435072;340;NA;NA
65;0.674769231;0.001578462;1,651584;340;NA;NA
60;0.7005;0.002862458;1,763648;340;NA;NA
56;0.673928571;0.00264974;2,2032;340;NA;NA
59;0.695084746;0.00295301;2,419712;340;NA;NA
10;88.5;133.6111111;0;330;NA;NA
34;90.14705882;99.2201426;0,1632;330;NA;NA
52;85.48076923;108.0976621;0,334016;330;NA;NA
53;83.30188679;83.59941945;0,553792;330;NA;NA
60;83.5;82.45762712;0,885632;330;NA;NA
60;81.16666667;135.9039548;1,107584;330;NA;NA
73;85.95890411;111.5677321;1,325184;330;NA;NA
53;86.13207547;71.77068215;1,435072;330;NA;NA
64;87.890625;102.2259425;1,651584;330;NA;NA
60;83.33333333;115.819209;1,763648;330;NA;NA
56;82.76785714;80.83603896;2,2032;330;NA;NA
59;86.86440678;74.91233197;2,419712;330;NA;NA
9;31.33333333;6;0;329;NA;NA
34;34.35294118;9.326203209;0,1632;329;NA;NA
52;32.11538462;9.319758673;0,334016;329;NA;NA
53;33.05660377;8.708272859;0,553792;329;NA;NA
60;33.93333333;12.74124294;0,885632;329;NA;NA
61;32.59016393;10.31256831;1,107584;329;NA;NA
72;33.5;16.42253521;1,325184;329;NA;NA
57;34.1754386;15.75438596;1,435072;329;NA;NA
64;35.96875;10.34821429;1,651584;329;NA;NA
60;34.46666667;14.96497175;1,763648;329;NA;NA
56;33.39285714;10.60649351;2,2032;329;NA;NA
59;36.03389831;18.4126242;2,419712;329;NA;NA
10;1.195;0.001361111;0;328;NA;NA
34;1.210294118;0.004057487;0,1632;328;NA;NA
52;1.1875;0.004105392;0,334016;328;NA;NA
53;1.196226415;0.004697025;0,553792;328;NA;NA
61;1.243442623;0.008706284;0,885632;328;NA;NA
61;1.221666667;0.005539548;1,107584;328;NA;NA
72;1.225694444;0.006126272;1,325184;328;NA;NA
54;1.20462963;0.006817785;1,435072;328;NA;NA
65;1.223846154;0.006024038;1,651584;328;NA;NA
60;1.291666667;0.021539548;1,763648;328;NA;NA
56;1.314285714;0.013701299;2,2032;328;NA;NA
59;1.363559322;0.02188194;2,419712;328;NA;NA
10;101;115.5555556;0;327;NA;NA
34;105.1470588;53.76559715;0,1632;327;NA;NA
52;102.0192308;99.27413273;0,334016;327;NA;NA
53;99.61538462;88.08446456;0,553792;327;NA;NA
61;96.80327869;60.86065574;0,885632;327;NA;NA
61;95.49180328;148.0874317;1,107584;327;NA;NA
72;99.85915493;109.2655936;1,325184;327;NA;NA
54;102.7777778;72.32704403;1,435072;327;NA;NA
65;103;136.5625;1,651584;327;NA;NA
60;94.66666667;149.8870056;1,763648;327;NA;NA
56;89.82142857;89.05844156;2,2032;327;NA;NA
59;92.62711864;145.1344243;2,419712;327;NA;NA
10;121.5;150.2777778;0;326;NA;NA
34;125.1470588;137.0989305;0,1632;326;NA;NA
52;117.5;139.7058824;0,334016;326;NA;NA
53;117.1698113;96.6436865;0,553792;326;NA;NA
61;117.9508197;122.8142077;0,885632;326;NA;NA
60;115.4166667;156.1793785;1,107584;326;NA;NA
72;119.9305556;155.2767997;1,325184;326;NA;NA
55;120.0909091;132.8619529;1,435072;326;NA;NA
65;124.3076923;124.9038462;1,651584;326;NA;NA
59;118.9830508;165.327294;1,763648;326;NA;NA
56;121.6964286;96.61525974;2,2032;326;NA;NA
58;123.1896552;105.8756806;2,419712;326;NA;NA
10;65.4;35.6;0;325;NA;NA
34;69.79411765;46.53208556;0,1632;325;NA;NA
52;68.82692308;41.79298643;0,334016;325;NA;NA
53;70.52830189;45.90783745;0,553792;325;NA;NA
60;72.25;34.86864407;0,885632;325;NA;NA
60;68.95;48.04830508;1,107584;325;NA;NA
72;69.91666667;37.68309859;1,325184;325;NA;NA
54;71.88888889;38.02515723;1,435072;325;NA;NA
63;71.28571429;53.91705069;1,651584;325;NA;NA
60;68;47.79661017;1,763648;325;NA;NA
56;62.46428571;27.52597403;2,2032;325;NA;NA
59;65.94915254;38.01461134;2,419712;325;NA;NA
8;27.5;4.18135985;0;324;NA;NA
25;27.75;7.059052543;0,1632;324;NA;NA
37;27.667;8.090111737;0,334016;324;NA;NA
39;26.583;6.367996668;0,553792;324;NA;NA
44;26.833;7.95704368;0,885632;324;NA;NA
31;26.833;6.178252551;1,107584;324;NA;NA
40;26.917;7.233676072;1,325184;324;NA;NA
22;27.667;6.716877863;1,435072;324;NA;NA
24;24.75;6.247396918;1,651584;324;NA;NA
48;24.417;6.272039775;1,763648;324;NA;NA
33;24.917;5.388304873;2,2032;324;NA;NA
35;24.5;9.88267356;2,419712;324;NA;NA
10;13.9;0.988888889;0;323;NA;NA
35;14.34285714;0.820168067;0,1632;323;NA;NA
51;14.88235294;1.705882353;0,334016;323;NA;NA
50;14.84;1.075918367;0,553792;323;NA;NA
57;14.31578947;1.362781955;0,885632;323;NA;NA
55;13.74545455;1.934006734;1,107584;323;NA;NA
74;13.52702703;5.293780081;1,325184;323;NA;NA
53;14.39622642;2.166908563;1,435072;323;NA;NA
57;14.56140351;2.536340852;1,651584;323;NA;NA
51;13.98039216;1.979607843;1,763648;323;NA;NA
51;14.07843137;1.87372549;2,2032;323;NA;NA
51;13.74509804;2.23372549;2,419712;323;NA;NA
20;0.6645;0.002015526;0;339;NA;NA
38;0.641842105;0.00236138;0,284731885;339;NA;NA
38;0.643421053;0.002028521;0,451968365;339;NA;NA
34;0.652058824;0.001653209;0,906306285;339;NA;NA
16;0.5775;0.00258;1,041337965;339;NA;NA
12;0.5925;0.002311364;1,226102125;339;NA;NA
30;0.626129032;0.003704516;1,341212525;339;NA;NA
33;0.606363636;0.001955114;1,451100525;339;NA;NA
22;0.608181818;0.001472727;1,566102125;339;NA;NA
30;0.676;0.002217931;1,818735725;339;NA;NA
8;0.66375;0.000883929;2,043625325;339;NA;NA
21;0.658571429;0.002292857;2,498518125;339;NA;NA
20;73.75;60.19736842;0;338;NA;NA
38;75.65789474;78.60953058;0,284731885;338;NA;NA
38;72.36842105;59.10384068;0,451968365;338;NA;NA
34;80.58823529;48.12834225;0,906306285;338;NA;NA
16;80.3125;74.89583333;1,041337965;338;NA;NA
13;90.38461538;85.25641026;1,226102125;338;NA;NA
30;92.5;61.63793103;1,341212525;338;NA;NA
34;86.76470588;43.76114082;1,451100525;338;NA;NA
24;83.33333333;49.27536232;1,566102125;338;NA;NA
30;92.5;61.63793103;1,818735725;338;NA;NA
8;88.75;241.0714286;2,043625325;338;NA;NA
21;87.5;206.6176471;2,498518125;338;NA;NA
20;33.6;12.88421053;0;337;NA;NA
38;33.05263158;7.72688478;0,284731885;337;NA;NA
38;31.73684211;4.79374111;0,451968365;337;NA;NA
34;35.76470588;12.79144385;0,906306285;337;NA;NA
16;35;6.4;1,041337965;337;NA;NA
12;35.33333333;5.333333333;1,226102125;337;NA;NA
30;34.6;9.144827586;1,341212525;337;NA;NA
33;36.12121212;6.984848485;1,451100525;337;NA;NA
22;35.5;5.652173913;1,566102125;337;NA;NA
30;36.53333333;5.774712644;1,818735725;337;NA;NA
8;34.75;18.21428571;2,043625325;337;NA;NA
21;34.57142857;10.45714286;2,498518125;337;NA;NA
20;1.1875;0.008388158;0;336;NA;NA
38;1.185526316;0.004447013;0,284731885;336;NA;NA
38;1.226315789;0.004559033;0,451968365;336;NA;NA
34;1.202941176;0.003475936;0,906306285;336;NA;NA
16;1.15625;0.004958333;1,041337965;336;NA;NA
13;1.219230769;0.001745562;1,226102125;336;NA;NA
30;1.193333333;0.004609195;1,341212525;336;NA;NA
34;1.163235294;0.003077094;1,451100525;336;NA;NA
23;1.191304348;0.003102767;1,566102125;336;NA;NA
30;1.195;0.002301724;1,818735725;336;NA;NA
8;1.13125;0.004241071;2,043625325;336;NA;NA
21;1.166666667;0.003583333;2,498518125;336;NA;NA
20;89.25;45.46052632;0;335;NA;NA
38;90.13157895;89.84708393;0,284731885;335;NA;NA
38;90.13157895;89.84708393;0,451968365;335;NA;NA
34;94.70588235;60.51693405;0,906306285;335;NA;NA
16;98.4375;92.39583333;1,041337965;335;NA;NA
13;101.9230769;64.74358974;1,226102125;335;NA;NA
30;99.33333333;51.26436782;1,341212525;335;NA;NA
34;104.7058824;39.30481283;1,451100525;335;NA;NA
24;98.125;40.89673913;1,566102125;335;NA;NA
30;106.3333333;60.22988506;1,818735725;335;NA;NA
8;105;185.7142857;2,043625325;335;NA;NA
21;102.3809524;89.04761905;2,498518125;335;NA;NA
20;107.5;80.26315789;0;334;NA;NA
38;109.2105263;104.7652916;0,284731885;334;NA;NA
38;104.8684211;92.54978663;0,451968365;334;NA;NA
34;116.6176471;90.48573975;0,906306285;334;NA;NA
16;115;84.375;1,041337965;334;NA;NA
13;126.5384615;105.7692308;1,226102125;334;NA;NA
30;120.6451613;81.23655914;1,341212525;334;NA;NA
33;123.6363636;51.98863636;1,451100525;334;NA;NA
22;120.4545455;61.68831169;1,566102125;334;NA;NA
30;129.5;85.0862069;1,818735725;334;NA;NA
8;123.125;349.5535714;2,043625325;334;NA;NA
21;123.3333333;210.8333333;2,498518125;334;NA;NA
19;60.94736842;24.05263158;0;333;NA;NA
38;59.28947368;40.10312945;0,284731885;333;NA;NA
38;56.05263158;29.24039829;0,451968365;333;NA;NA
34;63.61764706;33.69786096;0,906306285;333;NA;NA
16;58.5;31.2;1,041337965;333;NA;NA
13;61.15384615;44.30769231;1,226102125;333;NA;NA
30;63.2;40.30344828;1,341212525;333;NA;NA
34;64.94117647;23.39037433;1,451100525;333;NA;NA
23;61.43478261;20.34782609;1,566102125;333;NA;NA
30;73.4;61.28275862;1,818735725;333;NA;NA
8;73.5;82.28571429;2,043625325;333;NA;NA
21;69;30.6;2,498518125;333;NA;NA
19;44.387;20.32118154;0;332;NA;NA
37;41.15;18.13;0,284731885;332;NA;NA
32;37.973;12.31700125;0,451968365;332;NA;NA
29;30.125;5.351925239;0,906306285;332;NA;NA
16;30.502;18.18413265;1,041337965;332;NA;NA
13;28.199;9.958929417;1,226102125;332;NA;NA
36;29.386;10.53929847;1,341212525;332;NA;NA
23;27.518;7.543769198;1,451100525;332;NA;NA
25;27.209;8.207055654;1,566102125;332;NA;NA
20;28.586;6.202479436;1,818735725;332;NA;NA
8;27.718;8.292420346;2,043625325;332;NA;NA
17;26.481;7.957824084;2,498518125;332;NA;NA
18;17.16666667;1.676470588;0;331;NA;NA
36;14;7.6;0,284731885;331;NA;NA
31;13.70967742;8.746236559;0,451968365;331;NA;NA
33;16.72727273;2.017045455;0,906306285;331;NA;NA
15;14.4;1.828571429;1,041337965;331;NA;NA
16;14.25;1.266666667;1,226102125;331;NA;NA
31;15.19354839;2.027956989;1,341212525;331;NA;NA
33;15.54545455;1.380681818;1,451100525;331;NA;NA
26;15.07692308;1.273846154;1,566102125;331;NA;NA
30;14.86666667;2.533333333;1,818735725;331;NA;NA
8;15.75;1.9375;2,043625325;331;NA;NA
20;15.4;2.74;2,498518125;331;NA;NA
60;-3.442019376;0.047851563;0;394;NA;NA
60;-3.244193633;0.042077581;0,0899999999999999;394;NA;NA
60;-3.324236341;0.049382716;0,16;394;NA;NA
60;-3.218875825;0.075625;0,289999999999999;394;NA;NA
60;-3.244193633;0.111111111;0,32;394;NA;NA
60;-3.194183212;0.085663296;0,34;394;NA;NA
60;-3.352407217;0.066122449;0,359999999999999;394;NA;NA
60;-3.194183212;1.049375372;0,369999999999999;394;NA;NA
60;-3.244193633;0.12886259;0,529999999999999;394;NA;NA
60;-3.194183212;0.071980964;0,539999999999999;394;NA;NA
60;-3.170085661;0.081632653;0,549999999999999;394;NA;NA
60;-3.123565645;0.087293388;0,57;394;NA;NA
60;-3.146555163;0.091400757;0,6;394;NA;NA
60;-3.244193633;0.094674556;0,609999999999999;394;NA;NA
60;-3.296837366;0.105186267;0,629999999999999;394;NA;NA
60;-3.411247718;0.091827365;0,65;394;NA;NA
60;-3.352407217;0.09877551;0,66;394;NA;NA
60;-3.218875825;0.09;0,68;394;NA;NA
60;-3.270169119;0.099722992;0,69;394;NA;NA
60;-3.296837366;0.088385683;0,699999999999999;394;NA;NA
60;-3.324236341;0.093364198;0,709999999999999;394;NA;NA
60;-3.218875825;0.075625;0,715;394;NA;NA
60;-3.194183212;0.071980964;0,720000000000001;394;NA;NA
60;-3.270169119;0.083795014;0,73;394;NA;NA
60;-3.218875825;0.09;0,74;394;NA;NA
60;-3.244193633;0.12886259;0,75;394;NA;NA
60;-3.244193633;0.111111111;0,76;394;NA;NA
60;-3.123565645;0.074380165;0,77;394;NA;NA
60;-3.146555163;0.106003245;0,779999999999999;394;NA;NA
60;-2.937463365;0.08009968;0,789999999999999;394;NA;NA
60;-3.244193633;0.079552926;0,799999999999999;394;NA;NA
60;-2.937463365;0.14239943;1;394;NA;NA
60;-2.975929646;0.153787005;1,01;394;NA;NA
60;-3.101092789;0.142716049;1,02;394;NA;NA
60;-2.937463365;0.14239943;1,04;394;NA;NA
60;-3.123565645;0.116219008;1,05;394;NA;NA
60;-3.079113882;0.13657845;1,06;394;NA;NA
60;-3.170085661;0.111111111;1,07;394;NA;NA
60;-3.146555163;0.106003245;1,09;394;NA;NA
60;-3.079113882;0.153119093;1,1;394;NA;NA
60;-3.218875825;0.09;1,11;394;NA;NA
60;-3.036554268;0.09765625;1,12;394;NA;NA
60;-2.918771232;0.123799726;1,14;394;NA;NA
60;-3.015934981;0.166597251;1,15;394;NA;NA
60;-3.123565645;0.167355372;1,17;394;NA;NA
60;-3.146555163;0.175229854;1,18;394;NA;NA
60;-2.95651156;0.106878698;1,19;394;NA;NA
60;-2.995732274;0.1156;1,2;394;NA;NA
60;-2.830217835;0.151967825;1,42;394;NA;NA
60;-2.937463365;0.102883588;1,43;394;NA;NA
60;-2.900422094;0.16;1,44;394;NA;NA
60;-2.937463365;0.156995372;1,48;394;NA;NA
60;-2.882403588;0.140625;1,49;394;NA;NA
60;-2.937463365;0.115343539;1,51;394;NA;NA
60;-2.764620553;0.145124717;1,52;394;NA;NA
60;-2.995732274;0.1024;1,53;394;NA;NA
60;-2.975929646;0.169550173;1,54;394;NA;NA
60;-2.918771232;0.137174211;1,55;394;NA;NA
60;-2.975929646;0.098423683;1,56;394;NA;NA
60;-2.882403588;0.12755102;1,58;394;NA;NA
60;-2.864704011;0.111111111;1,6;394;NA;NA
60;-2.830217835;0.139040506;1,61;394;NA;NA
60;-2.900422094;0.132231405;1,62;394;NA;NA
60;-2.813410717;0.134444444;1,63;394;NA;NA
60;-3.036554268;0.140625;1,65;394;NA;NA
60;-2.864704011;0.177285319;1,66;394;NA;NA
60;-2.847312268;0.15725327;1,67;394;NA;NA
60;-2.847312268;0.15725327;1,68;394;NA;NA
60;-2.780620894;0.137617066;1,7;394;NA;NA
60;-2.688247574;0.124567474;1,75;394;NA;NA
60;-2.780620894;0.189646202;1,79;394;NA;NA
60;-2.748872196;0.129150391;1,8;394;NA;NA
60;-2.718100537;0.132231405;1,83;394;NA;NA
60;-2.764620553;0.145124717;1,86;394;NA;NA
60;-2.796881415;0.118516528;1,88;394;NA;NA
60;-2.796881415;0.107497984;1,91;394;NA;NA
60;-2.688247574;0.146193772;1,97;394;NA;NA
60;-2.375155786;0.12591051;1,99;394;NA;NA
60;-2.407945609;0.10382716;2,02;394;NA;NA
60;-2.733368009;0.060591716;2,05;394;NA;NA
60;-2.396895772;0.123656563;2,08;394;NA;NA
60;-2.453407983;0.138453218;2,11;394;NA;NA
60;-2.538307427;0.153981734;2,13;394;NA;NA
60;-2.292634762;0.113322223;2,16;394;NA;NA
60;-2.385966702;0.161743856;2,26;394;NA;NA
60;-2.244316185;0.299394802;2,3;394;NA;NA
60;-2.3227878;0.08756768;2,32;394;NA;NA
60;-1.980501594;0.097090947;2,35;394;NA;NA
60;-2.207274913;0.152809917;2,4;394;NA;NA
60;-2.095570924;0.127966158;2,43;394;NA;NA
60;-2.071473372;0.12755102;2,46;394;NA;NA
60;-2.3227878;0.166597251;2,48;394;NA;NA
60;-2.253794929;0.245260771;2,51;394;NA;NA
60;-2.032557956;0.097954665;2,53;394;NA;NA
60;-2.207274913;0.119338843;2,56;394;NA;NA
60;-2.375155786;0.11839519;2,6;394;NA;NA
60;-2.244316185;0.156995372;2,61;394;NA;NA
60;-2.244316185;0.188323247;2,67;394;NA;NA
60;-2.087473713;0.093912591;2,69;394;NA;NA
60;-2.087473713;0.21130333;2,78;394;NA;NA
60;-2.002480501;0.308641975;2,83;394;NA;NA
60;-1.924148657;0.112638394;2,86;394;NA;NA
60;-2.087473713;0.143665453;2,89;394;NA;NA
60;-2.216407397;0.202087366;2,92;394;NA;NA
60;-2.353878387;0.186260388;2,94;394;NA;NA
60;-2.120263536;0.111111111;2,98;394;NA;NA
60;-2.137070655;0.165469693;3;394;NA;NA
60;-2.111964733;0.150877672;3,02;394;NA;NA
60;-2.207274913;0.597107438;3,05;394;NA;NA
60;-2.419118909;0.15465219;3,08;394;NA;NA
60;-2.26336438;0.067400148;3,11;394;NA;NA
60;-2.353878387;0.12066482;3,14;394;NA;NA
60;-2.244316185;0.279102884;3,19;394;NA;NA
60;-2.244316185;0.164560342;3,21;394;NA;NA
60;1.215;0.003136;0;393;NA;NA
60;1.223;0.004761;0,0899999999999999;393;NA;NA
60;1.231;0.002704;0,16;393;NA;NA
60;1.235;0.002209;0,289999999999999;393;NA;NA
60;1.247;0.0025;0,32;393;NA;NA
60;1.245;0.003364;0,34;393;NA;NA
60;1.249;0.003481;0,359999999999999;393;NA;NA
60;1.23;0.003136;0,369999999999999;393;NA;NA
60;1.231;0.003136;0,529999999999999;393;NA;NA
60;1.241;0.003481;0,539999999999999;393;NA;NA
60;1.23;0.003481;0,549999999999999;393;NA;NA
60;1.232;0.002704;0,57;393;NA;NA
60;1.235;0.002704;0,6;393;NA;NA
60;1.235;0.002704;0,609999999999999;393;NA;NA
60;1.221;0.0025;0,629999999999999;393;NA;NA
60;1.228;0.003844;0,65;393;NA;NA
60;1.229;0.002116;0,66;393;NA;NA
60;1.276;0.002304;0,68;393;NA;NA
60;1.242;0.003721;0,69;393;NA;NA
60;1.24;0.002809;0,699999999999999;393;NA;NA
60;1.243;0.002809;0,709999999999999;393;NA;NA
60;1.23;0.003364;0,715;393;NA;NA
60;1.239;0.003481;0,720000000000001;393;NA;NA
60;1.237;0.003249;0,73;393;NA;NA
60;1.243;0.002809;0,74;393;NA;NA
60;1.248;0.001681;0,75;393;NA;NA
60;1.231;0.002916;0,76;393;NA;NA
60;1.251;0.003025;0,77;393;NA;NA
60;1.224;0.002116;0,779999999999999;393;NA;NA
60;1.218;0.007056;0,789999999999999;393;NA;NA
60;1.232;0.002916;0,799999999999999;393;NA;NA
60;1.244;0.002601;1;393;NA;NA
60;1.252;0.002025;1,01;393;NA;NA
60;1.238;0.003364;1,02;393;NA;NA
60;1.246;0.003364;1,04;393;NA;NA
60;1.23;0.0036;1,05;393;NA;NA
60;1.236;0.001936;1,06;393;NA;NA
60;1.253;0.003136;1,07;393;NA;NA
60;1.241;0.002916;1,09;393;NA;NA
60;1.236;0.004356;1,1;393;NA;NA
60;1.252;0.002809;1,11;393;NA;NA
60;1.244;0.003025;1,12;393;NA;NA
60;1.251;0.003025;1,14;393;NA;NA
60;1.238;0.003481;1,15;393;NA;NA
60;1.235;0.002401;1,17;393;NA;NA
60;1.242;0.0049;1,18;393;NA;NA
60;1.239;0.006724;1,19;393;NA;NA
60;1.255;0.002704;1,2;393;NA;NA
60;1.246;0.004356;1,42;393;NA;NA
60;1.232;0.002809;1,43;393;NA;NA
60;1.251;0.005329;1,44;393;NA;NA
60;1.24;0.0049;1,48;393;NA;NA
60;1.256;0.004761;1,49;393;NA;NA
60;1.257;0.004225;1,51;393;NA;NA
60;1.252;0.003844;1,52;393;NA;NA
60;1.246;0.004225;1,53;393;NA;NA
60;1.238;0.002601;1,54;393;NA;NA
60;1.24;0.003844;1,55;393;NA;NA
60;1.244;0.003721;1,56;393;NA;NA
60;1.247;0.002401;1,58;393;NA;NA
60;1.242;0.004624;1,61;393;NA;NA
60;1.233;0.002401;1,62;393;NA;NA
60;1.231;0.004096;1,63;393;NA;NA
60;1.236;0.003481;1,65;393;NA;NA
60;1.246;0.004356;1,66;393;NA;NA
60;1.254;0.004624;1,67;393;NA;NA
60;1.244;0.005041;1,68;393;NA;NA
60;1.256;0.004489;1,7;393;NA;NA
60;1.227;0.0036;1,75;393;NA;NA
60;1.265;0.004225;1,79;393;NA;NA
60;1.252;0.0036;1,8;393;NA;NA
60;1.232;0.002704;1,83;393;NA;NA
60;1.239;0.003136;1,86;393;NA;NA
60;1.259;0.003844;1,88;393;NA;NA
60;1.254;0.003249;1,91;393;NA;NA
60;1.245;0.002704;1,97;393;NA;NA
60;1.25;0.005476;1,99;393;NA;NA
60;1.256;0.005476;2,02;393;NA;NA
60;1.255;0.003844;2,05;393;NA;NA
60;1.259;0.003721;2,08;393;NA;NA
60;1.264;0.005929;2,11;393;NA;NA
60;1.247;0.0025;2,13;393;NA;NA
60;1.237;0.004096;2,16;393;NA;NA
60;1.259;0.004624;2,26;393;NA;NA
60;1.265;0.0049;2,3;393;NA;NA
60;1.265;0.005041;2,32;393;NA;NA
60;1.258;0.004489;2,35;393;NA;NA
60;1.261;0.003844;2,4;393;NA;NA
60;1.288;0.003025;2,43;393;NA;NA
60;1.257;0.001521;2,46;393;NA;NA
60;1.269;0.0036;2,48;393;NA;NA
60;1.26;0.004489;2,51;393;NA;NA
60;1.25;0.004624;2,53;393;NA;NA
60;1.283;0.004761;2,56;393;NA;NA
60;1.284;0.0064;2,6;393;NA;NA
60;1.255;0.003721;2,61;393;NA;NA
60;1.265;0.004096;2,67;393;NA;NA
60;1.268;0.003969;2,69;393;NA;NA
60;1.274;0.009216;2,78;393;NA;NA
60;1.227;0.0049;2,83;393;NA;NA
60;1.236;0.001024;2,86;393;NA;NA
60;1.265;0.001521;2,89;393;NA;NA
60;1.267;0.0049;2,92;393;NA;NA
60;1.252;0.002809;2,94;393;NA;NA
60;1.239;0.003721;2,98;393;NA;NA
60;1.231;0.001936;3,02;393;NA;NA
60;1.261;0.003025;3,08;393;NA;NA
60;1.282;0.004761;3,11;393;NA;NA
60;1.277;0.0025;3,14;393;NA;NA
60;1.256;0.0064;3,19;393;NA;NA
60;1.272;0.003364;3,21;393;NA;NA
60;-1.496109227;0.009646046;0;392;NA;NA
60;-1.398366942;0.011949057;0,0899999999999999;392;NA;NA
60;-1.431291727;0.012762382;0,16;392;NA;NA
60;-1.390302383;0.017564233;0,289999999999999;392;NA;NA
60;-1.386294361;0.024336;0,32;392;NA;NA
60;-1.370421012;0.02008804;0,34;392;NA;NA
60;-1.427116356;0.01265625;0,359999999999999;392;NA;NA
60;-1.402423743;0.090488466;0,369999999999999;392;NA;NA
60;-1.398366942;0.022439312;0,529999999999999;392;NA;NA
60;-1.358679194;0.017502157;0,539999999999999;392;NA;NA
60;-1.362577835;0.025650024;0,549999999999999;392;NA;NA
60;-1.335601247;0.019792103;0,57;392;NA;NA
60;-1.350927217;0.020408163;0,6;392;NA;NA
60;-1.402423743;0.022622116;0,609999999999999;392;NA;NA
60;-1.418817553;0.020917287;0,629999999999999;392;NA;NA
60;-1.474033275;0.023359585;0,65;392;NA;NA
60;-1.452434164;0.026371539;0,66;392;NA;NA
60;-1.366491734;0.04;0,68;392;NA;NA
60;-1.406497068;0.022807164;0,69;392;NA;NA
60;-1.410587054;0.019416823;0,699999999999999;392;NA;NA
60;-1.427116356;0.023767361;0,709999999999999;392;NA;NA
60;-1.386294361;0.021904;0,715;392;NA;NA
60;-1.37436579;0.020247153;0,720000000000001;392;NA;NA
60;-1.427116356;0.020069444;0,73;392;NA;NA
60;-1.386294361;0.020736;0,74;392;NA;NA
60;-1.394326533;0.028681061;0,75;392;NA;NA
60;-1.402423743;0.026439289;0,76;392;NA;NA
60;-1.331806176;0.018595041;0,77;392;NA;NA
60;-1.347073648;0.027352071;0,779999999999999;392;NA;NA
60;-1.258781041;0.027387919;0,789999999999999;392;NA;NA
60;-1.394326533;0.016649324;0,799999999999999;392;NA;NA
60;-1.248273063;0.034102636;1;392;NA;NA
60;-1.26940061;0.036929623;1,01;392;NA;NA
60;-1.32425897;0.031219967;1,02;392;NA;NA
60;-1.248273063;0.035401668;1,04;392;NA;NA
60;-1.331806176;0.027777778;1,05;392;NA;NA
60;-1.305636458;0.028812244;1,06;392;NA;NA
60;-1.362577835;0.026916504;1,07;392;NA;NA
60;-1.347073648;0.026094675;1,09;392;NA;NA
60;-1.316768298;0.036213522;1,1;392;NA;NA
60;-1.37436579;0.020247153;1,11;392;NA;NA
60;-1.298283484;0.023668639;1,12;392;NA;NA
60;-1.231001477;0.031713267;1,14;392;NA;NA
60;-1.287354413;0.035496744;1,15;392;NA;NA
60;-1.339410775;0.039391644;1,17;392;NA;NA
60;-1.354795694;0.043807463;1,18;392;NA;NA
60;-1.244794799;0.027777778;1,19;392;NA;NA
60;-1.265848208;0.03143705;1,2;392;NA;NA
60;-1.187443502;0.04;1,42;392;NA;NA
60;-1.255266099;0.026051093;1,43;392;NA;NA
60;-1.220779923;0.037334099;1,44;392;NA;NA
60;-1.248273063;0.038072576;1,48;392;NA;NA
60;-1.21402314;0.036832976;1,49;392;NA;NA
60;-1.22758267;0.023587928;1,51;392;NA;NA
60;-1.164752091;0.034557857;1,52;392;NA;NA
60;-1.262308381;0.026420607;1,53;392;NA;NA
60;-1.26940061;0.038310052;1,54;392;NA;NA
60;-1.234432012;0.035722299;1,55;392;NA;NA
60;-1.258781041;0.026234874;1,56;392;NA;NA
60;-1.203972804;0.033611111;1,58;392;NA;NA
60;-1.244794799;0.027777778;1,6;392;NA;NA
60;-1.197328262;0.038167186;1,61;392;NA;NA
60;-1.22758267;0.032720241;1,62;392;NA;NA
60;-1.194022473;0.036641288;1,63;392;NA;NA
60;-1.294627173;0.03329959;1,65;392;NA;NA
60;-1.21402314;0.046435171;1,66;392;NA;NA
60;-1.180907531;0.038196692;1,67;392;NA;NA
60;-1.184170177;0.035926353;1,68;392;NA;NA
60;-1.164752091;0.032215648;1,7;392;NA;NA
60;-1.123930097;0.030759763;1,75;392;NA;NA
60;-1.152013065;0.042310928;1,79;392;NA;NA
60;-1.142564176;0.026572066;1,8;392;NA;NA
60;-1.142564176;0.027603895;1,83;392;NA;NA
60;-1.158362293;0.032952655;1,86;392;NA;NA
60;-1.15518264;0.025195263;1,88;392;NA;NA
60;-1.164752091;0.022692719;1,91;392;NA;NA
60;-1.123930097;0.031848521;1,97;392;NA;NA
60;-0.957112726;0.032287598;1,99;392;NA;NA
60;-0.96233467;0.019249746;2,02;392;NA;NA
60;-1.123930097;0.015914793;2,05;392;NA;NA
60;-0.96233467;0.031687728;2,08;392;NA;NA
60;-0.994252273;0.028991965;2,11;392;NA;NA
60;-1.041287222;0.030848494;2,13;392;NA;NA
60;-0.916290732;0.02480625;2,16;392;NA;NA
60;-0.964955904;0.038750078;2,26;392;NA;NA
60;-0.908818717;0.07450326;2,3;392;NA;NA
60;-0.916290732;0.02030625;2,32;392;NA;NA
60;-0.755022584;0.021552739;2,35;392;NA;NA
60;-0.869884359;0.034654621;2,4;392;NA;NA
60;-0.805196684;0.030449079;2,43;392;NA;NA
60;-0.805196684;0.034477926;2,46;392;NA;NA
60;-0.926341068;0.041838843;2,48;392;NA;NA
60;-0.903868212;0.065941168;2,51;392;NA;NA
60;-0.78745786;0.022997223;2,53;392;NA;NA
60;-0.850971266;0.025360749;2,56;392;NA;NA
60;-0.94160854;0.030401052;2,6;392;NA;NA
60;-0.894040123;0.03922143;2,61;392;NA;NA
60;-0.894040123;0.043190799;2,67;392;NA;NA
60;-0.802962047;0.020408163;2,69;392;NA;NA
60;-0.807436327;0.071190854;2,78;392;NA;NA
60;-0.794073099;0.085284674;2,83;392;NA;NA
60;-0.736054682;0.037695965;2,86;392;NA;NA
60;-0.807436327;0.029037383;2,89;392;NA;NA
60;-0.8603831;0.045269353;2,92;392;NA;NA
60;-0.944175935;0.047746182;2,94;392;NA;NA
60;-0.830113036;0.03283078;2,98;392;NA;NA
60;-0.802962047;0.031887755;3;392;NA;NA
60;-0.834710745;0.043003674;3,02;392;NA;NA
60;-0.970219074;0.201196037;3,05;392;NA;NA
60;-0.964955904;0.039790302;3,08;392;NA;NA
60;-0.877070019;0.02150171;3,11;392;NA;NA
60;-0.926341068;0.031246812;3,14;392;NA;NA
60;-0.88673193;0.056579319;3,19;392;NA;NA
60;-0.879476759;0.037160691;3,21;392;NA;NA
60;-1.687399454;0.011687363;0;391;NA;NA
60;-1.5945493;0.011745007;0,0899999999999999;391;NA;NA
60;-1.63475572;0.0139119;0,16;391;NA;NA
60;-1.604450371;0.020816316;0,289999999999999;391;NA;NA
60;-1.609437912;0.0256;0,32;391;NA;NA
60;-1.5847453;0.022867341;0,34;391;NA;NA
60;-1.650259907;0.01312934;0,359999999999999;391;NA;NA
60;-1.604450371;0.107819113;0,369999999999999;391;NA;NA
60;-1.599487582;0.02668856;0,529999999999999;391;NA;NA
60;-1.575036486;0.017013233;0,539999999999999;391;NA;NA
60;-1.565421027;0.020879559;0,549999999999999;391;NA;NA
60;-1.537117251;0.019469984;0,57;391;NA;NA
60;-1.560647748;0.021791383;0,6;391;NA;NA
60;-1.604450371;0.022276676;0,609999999999999;391;NA;NA
60;-1.62455155;0.021670231;0,629999999999999;391;NA;NA
60;-1.682008605;0.019539831;0,65;391;NA;NA
60;-1.655481851;0.02634248;0,66;391;NA;NA
60;-1.614450454;0.018408626;0,68;391;NA;NA
60;-1.62455155;0.0202015;0,69;391;NA;NA
60;-1.62455155;0.018784303;0,699999999999999;391;NA;NA
60;-1.64506509;0.021047545;0,709999999999999;391;NA;NA
60;-1.5945493;0.021839889;0,715;391;NA;NA
60;-1.5847453;0.020011898;0,720000000000001;391;NA;NA
60;-1.63989712;0.020831119;0,73;391;NA;NA
60;-1.599487582;0.023551613;0,74;391;NA;NA
60;-1.614450454;0.027499306;0,75;391;NA;NA
60;-1.609437912;0.027225;0,76;391;NA;NA
60;-1.555897146;0.016374295;0,77;391;NA;NA
60;-1.551169004;0.025720897;0,779999999999999;391;NA;NA
60;-1.448169765;0.031942055;0,789999999999999;391;NA;NA
60;-1.609437912;0.021025;0,799999999999999;391;NA;NA
60;-1.465337568;0.037949064;1;391;NA;NA
60;-1.491654877;0.038241975;1,01;391;NA;NA
60;-1.537117251;0.034613304;1,02;391;NA;NA
60;-1.465337568;0.037949064;1,04;391;NA;NA
60;-1.537117251;0.025008112;1,05;391;NA;NA
60;-1.514127733;0.029834711;1,06;391;NA;NA
60;-1.589635285;0.024605921;1,07;391;NA;NA
60;-1.565421027;0.02804423;1,09;391;NA;NA
60;-1.523260216;0.040737312;1,1;391;NA;NA
60;-1.599487582;0.017865896;1,11;391;NA;NA
60;-1.518683549;0.027021955;1,12;391;NA;NA
60;-1.456716825;0.0294719;1,14;391;NA;NA
60;-1.496109227;0.038584184;1,15;391;NA;NA
60;-1.546463113;0.038881174;1,17;391;NA;NA
60;-1.570217199;0.042737611;1,18;391;NA;NA
60;-1.461017907;0.028258769;1,19;391;NA;NA
60;-1.496109227;0.030313297;1,2;391;NA;NA
60;-1.406497068;0.036801333;1,42;391;NA;NA
60;-1.461017907;0.026828181;1,43;391;NA;NA
60;-1.435484605;0.037356119;1,44;391;NA;NA
60;-1.461017907;0.037622622;1,48;391;NA;NA
60;-1.435484605;0.038997952;1,49;391;NA;NA
60;-1.456716825;0.025216895;1,51;391;NA;NA
60;-1.386294361;0.038416;1,52;391;NA;NA
60;-1.482805262;0.022433969;1,53;391;NA;NA
60;-1.47840965;0.037242228;1,54;391;NA;NA
60;-1.452434164;0.036982249;1,55;391;NA;NA
60;-1.47840965;0.024930748;1,56;391;NA;NA
60;-1.422958345;0.031834851;1,58;391;NA;NA
60;-1.354795694;0.029084791;1,6;391;NA;NA
60;-1.410587054;0.037103601;1,61;391;NA;NA
60;-1.439695138;0.031405224;1,62;391;NA;NA
60;-1.398366942;0.036207773;1,63;391;NA;NA
60;-1.500583508;0.030585775;1,65;391;NA;NA
60;-1.435484605;0.044135301;1,66;391;NA;NA
60;-1.410587054;0.035541521;1,67;391;NA;NA
60;-1.402423743;0.039675458;1,68;391;NA;NA
60;-1.390302383;0.034128482;1,7;391;NA;NA
60;-1.32425897;0.031219967;1,75;391;NA;NA
60;-1.38230234;0.041285059;1,79;391;NA;NA
60;-1.362577835;0.030899048;1,8;391;NA;NA
60;-1.347073648;0.029955621;1,83;391;NA;NA
60;-1.370421012;0.034239568;1,86;391;NA;NA
60;-1.386294361;0.0256;1,88;391;NA;NA
60;-1.390302383;0.0298221;1,91;391;NA;NA
60;-1.343234872;0.035246106;1,97;391;NA;NA
60;-1.171182982;0.036222685;1,99;391;NA;NA
60;-1.184170177;0.029999146;2,02;391;NA;NA
60;-1.358679194;0.014549804;2,05;391;NA;NA
60;-1.194022473;0.035388687;2,08;391;NA;NA
60;-1.22758267;0.032720241;2,11;391;NA;NA
60;-1.262308381;0.03777048;2,13;391;NA;NA
60;-1.127011763;0.030949931;2,16;391;NA;NA
60;-1.187443502;0.048255845;2,26;391;NA;NA
60;-1.142564176;0.084993269;2,3;391;NA;NA
60;-1.145703896;0.025720897;2,32;391;NA;NA
60;-0.978166136;0.030811453;2,35;391;NA;NA
60;-1.099612789;0.042934827;2,4;391;NA;NA
60;-1.052683357;0.033628624;2,43;391;NA;NA
60;-1.032824548;0.036485292;2,46;391;NA;NA
60;-1.164752091;0.040772929;2,48;391;NA;NA
60;-1.130102956;0.070891123;2,51;391;NA;NA
60;-1.005121946;0.035541521;2,53;391;NA;NA
60;-1.093624747;0.036498106;2,56;391;NA;NA
60;-1.187443502;0.04;2,6;391;NA;NA
60;-1.111697528;0.046572001;2,61;391;NA;NA
60;-1.123930097;0.053254438;2,67;391;NA;NA
60;-1.030019497;0.026394872;2,69;391;NA;NA
60;-1.038458366;0.08302212;2,78;391;NA;NA
60;-0.994252273;0.09660336;2,83;391;NA;NA
60;-0.944175935;0.04020592;2,86;391;NA;NA
60;-1.038458366;0.03689872;2,89;391;NA;NA
60;-1.096614286;0.049087454;2,92;391;NA;NA
60;-1.164752091;0.054744001;2,94;391;NA;NA
60;-1.041287222;0.036024685;2,98;391;NA;NA
60;-1.078809661;0.041185121;3;391;NA;NA
60;-1.038458366;0.046091481;3,02;391;NA;NA
60;-1.152013065;0.177145089;3,05;391;NA;NA
60;-1.200645014;0.034613304;3,08;391;NA;NA
60;-1.127011763;0.021042905;3,11;391;NA;NA
60;-1.167962367;0.0279567;3,14;391;NA;NA
60;-1.10262031;0.073486718;3,19;391;NA;NA
60;-1.114741671;0.049533388;3,21;391;NA;NA
1;5.410028159;0;0;404;NA;NA
5;5.573736156;0.000191308;2,72;404;NA;NA
5;5.564927523;0.002846989;7,73;404;NA;NA
4;5.560703679;0.000583758;9,46;404;NA;NA
5;5.625566;0.001044619;11,58;404;NA;NA
2;5.686859561;0.000497296;13,22;404;NA;NA
1;5.498838957;0;19,39;404;NA;NA
7;5.547052582;0.001057077;20,79;404;NA;NA
2;5.745587591;0.001659348;22,71;404;NA;NA
2;5.698355362;0.001807289;24,5;404;NA;NA
18;5.522716049;0.000570978;0;402;NA;NA
10;5.509447809;0.000325286;3,68246;402;NA;NA
1;5.553278264;0;6,14351;402;NA;NA
8;5.537459871;0.002635904;6,78156;402;NA;NA
12;5.572123451;0.00023765;8,87801;402;NA;NA
6;5.585419687;0.000131842;13,877568;402;NA;NA
4;5.576957783;0.0023521;15,61146;402;NA;NA
2;5.590315844;7.04e-05;17,723955;402;NA;NA
4;5.597310583;0.000154891;19,364568;402;NA;NA
4;5.120360578;0.006361406;0;401;NA;NA
3;5.047023689;0.003638957;3,68246;401;NA;NA
3;5.058967649;0.000493041;6,14351;401;NA;NA
2;5.172904912;0.021093896;6,78156;401;NA;NA
2;5.123710885;0.002100499;8,87801;401;NA;NA
7;5.102793335;0.002166662;13,877568;401;NA;NA
2;5.158050494;2.19e-06;17,723955;401;NA;NA
12;5.152460205;0.005966994;19,364568;401;NA;NA
1;5.221417097;0;26,942546;401;NA;NA
1;5.121802679;0;28,858129;401;NA;NA
2;5.244407409;0.000889507;30,648906;401;NA;NA
2;5.307778371;0.000291018;32,449138;401;NA;NA
1;5.198532583;0;34,430906;401;NA;NA
1;5.294783346;0;35,660056;401;NA;NA
1;5.318928766;0;36,667607;401;NA;NA
3;5.36222957;0.000154506;37,559807;401;NA;NA
1;5.215238278;0;38,898107;401;NA;NA
1;5.262612278;0;39,347181;401;NA;NA
7;5.36570899;0.001323983;0;400;NA;NA
3;5.358337317;0.000398421;2,46105;400;NA;NA
16;5.416022763;0.000593002;3,0991;400;NA;NA
32;5.434468784;0.001182111;5,19555;400;NA;NA
2;5.496908942;0.001236163;10,195108;400;NA;NA
7;5.476104785;0.000685227;14,041495;400;NA;NA
11;5.440822213;0.00292835;15,682108;400;NA;NA
3;5.420723087;0.001315126;23,260086;400;NA;NA
1;5.620833108;0;25,175669;400;NA;NA
1;5.601027753;0;26,966446;400;NA;NA
4;5.246406392;0.000123995;0;399;NA;NA
5;5.236613981;0.000526039;1,64;399;NA;NA
7;5.184173054;0.000845409;7,81;399;NA;NA
7;5.157560714;0.000942731;9,21;399;NA;NA
6;5.138714145;0.000211302;11,13;399;NA;NA
4;5.155860543;0.000486985;12,92;399;NA;NA
5;5.158487912;0.001138198;14,72;399;NA;NA
5;5.172184729;0.001314041;16,7;399;NA;NA
8;5.164060764;0.000706834;17,93;399;NA;NA
7;5.154033709;0.001073239;18,94;399;NA;NA
4;5.184380196;0.000307923;19,83;399;NA;NA
2;5.229809182;0.000300515;21,17;399;NA;NA
2;5.190792984;0.000229061;21,62;399;NA;NA
3;5.3683;0.003;0;398;NA;NA
12;5.3796;0.001;3,68;398;NA;NA
2;5.4397;1e-04;6,15;398;NA;NA
3;5.4546;0.0029;6,78;398;NA;NA
3;5.4347;0.0017;8,88;398;NA;NA
4;5.4551;0.0011;13,88;398;NA;NA
3;5.4498;3e-04;15,61;398;NA;NA
5;5.4925;8e-04;17,73;398;NA;NA
8;5.4713;0.0011;19,37;398;NA;NA
8;5.651724746;0.001183537;0;397;NA;NA
8;5.658333642;0.001563306;3,68;397;NA;NA
10;5.711453447;0.001472229;6,15;397;NA;NA
6;5.715502159;0.002252354;6,78;397;NA;NA
8;5.703417435;0.001430963;8,88;397;NA;NA
19;5.67777096;0.00102925;13,88;397;NA;NA
19;5.655004077;0.00089146;15,61;397;NA;NA
6;5.789325131;0.001188149;19,37;397;NA;NA
1;5.672064;0;25,54;397;NA;NA
1;5.672758823;0;26,94;397;NA;NA
1;5.732535;0;28,86;397;NA;NA
4;5.727121183;0.000310372;30,65;397;NA;NA
1;5.636907499;0;32,45;397;NA;NA
3;5.719945288;0.001479489;34,43;397;NA;NA
4;5.388730724;0.000369155;0;396;NA;NA
1;5.377386617;0;0,63805;396;NA;NA
3;5.42980315;0.000294855;2,7345;396;NA;NA
6;5.419053021;0.002202903;7,734058;396;NA;NA
6;5.423660984;0.001469392;9,46795;396;NA;NA
13;5.411115104;0.00062247;11,580445;396;NA;NA
15;5.42474574;0.000416285;13,221058;396;NA;NA
5;5.38391635;0.000423959;19,397805;396;NA;NA
1;5.491750389;0;22,714619;396;NA;NA
3;5.514592229;0.000305453;26,305628;396;NA;NA
1;5.641436446;0;0;395;NA;NA
1;5.601250289;0;2,24;395;NA;NA
5;5.685059399;0.00053028;3,13;395;NA;NA
2;5.64464898;0.001003328;4,47;395;NA;NA
6;5.636847665;0.000446341;4,92;395;NA;NA
5;5.610521329;0.000814345;5,37;395;NA;NA
2;5.517358811;2.25e-08;0;403;NA;NA
2;5.519745768;2.8e-05;1,92;403;NA;NA
8;5.500861027;0.002633765;3,71;403;NA;NA
1;5.378184146;0;5,51;403;NA;NA
6;5.512611956;0.000910807;7,49;403;NA;NA
3;5.481460093;3.58e-05;8,72;403;NA;NA
6;5.456605089;0.000726402;9,73;403;NA;NA
3;0.189;0.007921;0;561;NA;NA
4;0.186;0.004624;0,07664705;561;NA;NA
8;0.227;0.004624;0,17439357;561;NA;NA
17;0.21;0.002209;0,30012918;561;NA;NA
6;0.2;0.002809;0,880149275;561;NA;NA
10;0.2;0.003721;1,005023683;561;NA;NA
3;0.128;0.001089;1,20310033;561;NA;NA
4;0.217;0.007225;1,379646907;561;NA;NA
6;0.22;0.006561;1,569111526;561;NA;NA
10;0.215;0.014884;1,693985934;561;NA;NA
2;0.264;0.043681;2,016936989;561;NA;NA
4;0.217;0.015376;2,085833214;561;NA;NA
2;0.38;0.001764;2,417396297;561;NA;NA
5;0.196;0.008836;2,490598536;561;NA;NA
3;0.25;0.024025;2,604707909;561;NA;NA
6;0.205;0.003364;2,736902541;561;NA;NA
3;0.229;0.020449;2,854456725;561;NA;NA
3;0.345;0.011236;2,949619635;561;NA;NA
5;0.387;0.007569;2,977178125;561;NA;NA
2;0.235;1.6e-05;3,093440505;561;NA;NA
6;0.29;0.012321;3,263528061;561;NA;NA
4;0.28;0.001296;3,547724989;561;NA;NA
4;0.303;0.002601;3,819003875;561;NA;NA
9;0.299;0.006724;4,553179274;561;NA;NA
2;0.233;0.0081;5,054829912;561;NA;NA
7;0.265;0.011236;5,399311038;561;NA;NA
3;0.315;0.003364;6;561;NA;NA
34;0.527;0.010404;0;560;NA;NA
51;0.531;0.005476;0,07664705;560;NA;NA
50;0.494;0.004761;0,17439357;560;NA;NA
50;0.505;0.006889;0,30012918;560;NA;NA
40;0.614;0.008649;0,880149275;560;NA;NA
55;0.644;0.020164;1,005023683;560;NA;NA
33;0.557;0.026244;1,20310033;560;NA;NA
50;0.739;0.021316;1,379646907;560;NA;NA
42;0.701;0.039204;1,569111526;560;NA;NA
56;0.656;0.023104;1,693985934;560;NA;NA
54;0.742;0.0576;2,016936989;560;NA;NA
30;0.585;0.027889;2,085833214;560;NA;NA
19;0.84;0.073441;2,305439931;560;NA;NA
20;0.847;0.053824;2,417396297;560;NA;NA
18;0.647;0.085849;2,490598536;560;NA;NA
21;0.564;0.0484;2,604707909;560;NA;NA
32;0.606;0.058564;2,736902541;560;NA;NA
45;0.71;0.114244;2,854456725;560;NA;NA
16;0.707;0.044521;2,949619635;560;NA;NA
25;0.636;0.049284;2,977178125;560;NA;NA
33;0.791;0.105625;3,093440505;560;NA;NA
22;0.672;0.046656;3,153724702;560;NA;NA
33;0.605;0.0676;3,263528061;560;NA;NA
19;0.779;0.082369;3,547724989;560;NA;NA
35;0.771;0.032041;3,819003875;560;NA;NA
19;0.803;0.0961;4,17855605;560;NA;NA
32;0.761;0.092416;4,553179274;560;NA;NA
16;0.742;0.110224;5,054829912;560;NA;NA
12;0.885;0.173056;5,399311038;560;NA;NA
11;1.005;0.056644;5,96339888;560;NA;NA
18;0.776;0.057121;6;560;NA;NA
3;0.153;0.000441;0;559;NA;NA
8;0.125;0.000784;0,30012918;559;NA;NA
4;0.1;0.000841;0,880149275;559;NA;NA
5;0.136;0.001936;1,005023683;559;NA;NA
3;0.097;0.000196;1,20310033;559;NA;NA
3;0.114;8.1e-05;1,379646907;559;NA;NA
2;0.135;0.000441;1,569111526;559;NA;NA
8;0.109;0.000576;1,693985934;559;NA;NA
5;0.189;0.026244;2,016936989;559;NA;NA
4;0.179;0.025921;2,085833214;559;NA;NA
2;0.289;0.076176;2,305439931;559;NA;NA
2;0.132;0.000324;2,417396297;559;NA;NA
2;0.164;0.000441;2,490598536;559;NA;NA
4;0.139;0.001156;2,604707909;559;NA;NA
2;0.319;0.023409;2,736902541;559;NA;NA
7;0.146;0.009801;2,854456725;559;NA;NA
2;0.41;0.001764;2,949619635;559;NA;NA
3;0.163;0.012544;3,093440505;559;NA;NA
4;0.359;0.0324;3,263528061;559;NA;NA
2;0.112;4e-04;3,547724989;559;NA;NA
5;0.285;0.017161;3,819003875;559;NA;NA
5;0.331;0.005184;4,17855605;559;NA;NA
7;0.294;0.013689;4,553179274;559;NA;NA
2;0.332;0.002809;5,054829912;559;NA;NA
2;0.254;0.001369;5,399311038;559;NA;NA
3;0.382;0.001024;5,96339888;559;NA;NA
30;0.322;0.001849;0;558;NA;NA
40;0.349;0.002025;0,07664705;558;NA;NA
48;0.323;0.001444;0,17439357;558;NA;NA
45;0.381;0.001369;0,30012918;558;NA;NA
34;0.351;0.001849;0,880149275;558;NA;NA
38;0.341;0.001764;1,005023683;558;NA;NA
28;0.298;0.001369;1,20310033;558;NA;NA
40;0.292;0.001849;1,379646907;558;NA;NA
36;0.284;0.000841;1,569111526;558;NA;NA
42;0.271;0.000576;1,693985934;558;NA;NA
35;0.254;0.001156;2,016936989;558;NA;NA
17;0.264;9e-04;2,085833214;558;NA;NA
15;0.265;0.000676;2,305439931;558;NA;NA
15;0.278;0.000324;2,417396297;558;NA;NA
16;0.32;0.000676;2,490598536;558;NA;NA
17;0.299;0.005625;2,604707909;558;NA;NA
25;0.253;0.002704;2,736902541;558;NA;NA
32;0.252;0.003249;2,854456725;558;NA;NA
13;0.244;0.000676;2,949619635;558;NA;NA
15;0.256;0.000961;2,977178125;558;NA;NA
25;0.219;0.000441;3,093440505;558;NA;NA
18;0.227;0.001089;3,153724702;558;NA;NA
28;0.223;0.000676;3,263528061;558;NA;NA
15;0.218;0.000529;3,547724989;558;NA;NA
29;0.206;0.000625;3,819003875;558;NA;NA
14;0.205;0.000484;4,17855605;558;NA;NA
21;0.208;0.000625;4,553179274;558;NA;NA
14;0.206;0.000729;5,054829912;558;NA;NA
7;0.199;0.000676;5,399311038;558;NA;NA
6;0.188;0.000576;5,96339888;558;NA;NA
10;0.198;0.000625;6;558;NA;NA
9;1.993025;0.009894445;0;557;NA;NA
20;2.01046;0.012128572;0,8225;557;NA;NA
33;1.965419;0.012508171;0,856;557;NA;NA
15;1.993031;0.026262672;0,879;557;NA;NA
14;1.982692;0.006345434;0,9125;557;NA;NA
30;1.957145;0.012259426;1,396;557;NA;NA
21;1.898839;0.009817285;1,458;557;NA;NA
58;1.887386;0.016385868;1,52;557;NA;NA
16;1.91073;0.01197744;1,614;557;NA;NA
17;1.855854;0.041984336;1,707;557;NA;NA
9;2.510381;0.05791479;0;546;NA;NA
19;2.278819;0.005921481;0,8225;546;NA;NA
33;2.321976;0.006620393;0,856;546;NA;NA
15;2.264665;0.005084957;0,879;546;NA;NA
14;2.404825;0.007517336;0,9125;546;NA;NA
30;2.38256;0.015863245;1,396;546;NA;NA
21;2.353066;0.009607661;1,458;546;NA;NA
56;2.402784;0.008876917;1,52;546;NA;NA
14;2.30911;0.050313877;1,614;546;NA;NA
17;2.390245;0.015044489;1,707;546;NA;NA
9;3.089942;0.02447287;0;533;NA;NA
19;3.013297;0.002811906;0,8225;533;NA;NA
33;3.00219;0.003920564;0,856;533;NA;NA
15;3.009666;0.00507392;0,879;533;NA;NA
14;3.072094;0.001649193;0,9125;533;NA;NA
30;3.011049;0.004262224;1,396;533;NA;NA
19;2.986848;0.002923927;1,458;533;NA;NA
58;3.01282;0.003394886;1,52;533;NA;NA
16;3.012594;0.004539694;1,614;533;NA;NA
17;2.991818;0.006718986;1,707;533;NA;NA
9;1.0332478;0.213653;0;522;NA;NA
20;0.6759597;0.01381609;0,8225;522;NA;NA
33;0.7841074;0.06351813;0,856;522;NA;NA
15;0.4942881;0.05634359;0,879;522;NA;NA
14;1.0939256;0.04593426;0,9125;522;NA;NA
30;1.0564885;0.05110125;1,396;522;NA;NA
21;1.1462008;0.02546778;1,458;522;NA;NA
58;1.1321681;0.02926663;1,52;522;NA;NA
16;1.253715;0.01969717;1,614;522;NA;NA
17;1.2357236;0.02784428;1,707;522;NA;NA
9;1.872173;0.080148019;0;518;NA;NA
19;1.584565;0.011985026;0,8225;518;NA;NA
33;1.599979;0.017852191;0,856;518;NA;NA
15;1.529676;0.021627519;0,879;518;NA;NA
14;1.624529;0.009094458;0,9125;518;NA;NA
30;1.577337;0.0115345;1,396;518;NA;NA
21;1.60156;0.005505843;1,458;518;NA;NA
57;1.601918;0.014975278;1,52;518;NA;NA
14;1.632385;0.006994185;1,614;518;NA;NA
17;1.612361;0.016926773;1,707;518;NA;NA
9;2.630342;0.016039022;0;517;NA;NA
20;2.593924;0.002828193;0,8225;517;NA;NA
33;2.623778;0.008984349;0,856;517;NA;NA
15;2.526075;0.004513099;0,879;517;NA;NA
13;2.637831;0.005951642;0,9125;517;NA;NA
30;2.698377;0.007130708;1,396;517;NA;NA
21;2.694617;0.004419793;1,458;517;NA;NA
57;2.704373;0.005737448;1,52;517;NA;NA
16;2.726668;0.00853253;1,614;517;NA;NA
17;2.732431;0.008268233;1,707;517;NA;NA
9;3.321274;0.001300019;0;516;NA;NA
20;3.33501;0.001748139;0,8225;516;NA;NA
33;3.323978;0.003228109;0,856;516;NA;NA
15;3.36205;0.004590743;0,879;516;NA;NA
13;3.333099;0.002121817;0,9125;516;NA;NA
30;3.273333;0.003222005;1,396;516;NA;NA
21;3.246449;0.001499782;1,458;516;NA;NA
57;3.245787;0.002757513;1,52;516;NA;NA
16;3.278986;0.003072824;1,614;516;NA;NA
17;3.271932;0.002405578;1,707;516;NA;NA
9;2.24976;0.026296503;0;515;NA;NA
20;2.182232;0.006290743;0,8225;515;NA;NA
33;2.190462;0.010911922;0,856;515;NA;NA
15;2.13902;0.006790034;0,879;515;NA;NA
14;2.310906;0.010448671;0,9125;515;NA;NA
30;2.326912;0.008666145;1,396;515;NA;NA
21;2.330671;0.00350261;1,458;515;NA;NA
58;2.323864;0.004300948;1,52;515;NA;NA
14;2.324646;0.005444572;1,614;515;NA;NA
17;2.308083;0.00500306;1,707;515;NA;NA
34;0.182294;0.000634195;0;514;NA;NA
17;0.2038565;0.002601082;0,42;514;NA;NA
18;0.1663622;0.000366645;1,186;514;NA;NA
31;0.1821188;0.000346616;1,209;514;NA;NA
46;0.178861;0.000527617;1,231;514;NA;NA
37;0.1811171;0.000349099;1,254;514;NA;NA
28;0.1737782;0.000466182;1,276;514;NA;NA
18;0.1805086;0.000952349;1,299;514;NA;NA
8;0.1953344;0.001802478;1,3325;514;NA;NA
42;0.1768992;0.00075723;1,816;514;NA;NA
11;0.1913379;0.001686225;1,909;514;NA;NA
33;0.1835496;0.000530221;2,003;514;NA;NA
12;0.1957361;0.000774811;2,065;514;NA;NA
8;0.1634436;0.00029027;2,127;514;NA;NA
8;0.1948504;0.000239966;4,585;514;NA;NA
32;3.541169;0.00094919;0;556;NA;NA
17;3.577478;0.004197801;0,42;556;NA;NA
17;3.544212;0.001321377;1,186;556;NA;NA
32;3.536053;0.000914236;1,209;556;NA;NA
52;3.568121;0.002108017;1,231;556;NA;NA
36;3.557648;0.001592202;1,254;556;NA;NA
26;3.528099;0.00158414;1,276;556;NA;NA
18;3.538196;0.001800778;1,299;556;NA;NA
8;3.531757;0.001380592;1,3325;556;NA;NA
42;3.517062;0.001940726;1,816;556;NA;NA
11;3.541732;0.00159945;1,909;556;NA;NA
32;3.545233;0.002218407;2,003;556;NA;NA
12;3.562133;0.00353459;2,065;556;NA;NA
6;3.5256;0.003571643;2,127;556;NA;NA
8;3.555972;0.001316909;4,585;556;NA;NA
25;2.403064;0.00850625;0;555;NA;NA
13;2.577782;0.119956148;0,42;555;NA;NA
16;2.453225;0.003591072;1,186;555;NA;NA
27;2.487076;0.004947955;1,209;555;NA;NA
40;2.441934;0.010966719;1,231;555;NA;NA
30;2.417665;0.008865506;1,254;555;NA;NA
26;2.383361;0.00884574;1,276;555;NA;NA
14;2.400863;0.010106327;1,299;555;NA;NA
7;2.446874;0.004197263;1,3325;555;NA;NA
32;2.45598;0.006943865;1,816;555;NA;NA
9;2.553661;0.016387155;1,909;555;NA;NA
24;2.466955;0.002803403;2,003;555;NA;NA
9;2.472616;0.007554737;2,065;555;NA;NA
5;2.448736;0.000216294;2,127;555;NA;NA
8;2.352542;0.00148137;4,585;555;NA;NA
31;2.19215;0.010997237;0;554;NA;NA
13;2.171481;0.121410047;0,42;554;NA;NA
14;2.209898;0.0129038;1,186;554;NA;NA
30;2.270893;0.005388916;1,209;554;NA;NA
42;2.158238;0.013670307;1,231;554;NA;NA
34;2.187667;0.010675427;1,254;554;NA;NA
24;2.171447;0.007711827;1,276;554;NA;NA
15;2.229358;0.030230593;1,299;554;NA;NA
6;2.277761;0.021980147;1,3325;554;NA;NA
40;2.250498;0.009429463;1,816;554;NA;NA
10;2.223948;0.016456983;1,909;554;NA;NA
26;2.273859;0.008436519;2,003;554;NA;NA
9;2.23863;0.009924987;2,065;554;NA;NA
8;2.217275;0.014222561;2,127;554;NA;NA
8;2.024481;0.003126062;4,585;554;NA;NA
32;0.4499414;0.04814946;0;553;NA;NA
16;0.5197173;0.44471682;0,42;553;NA;NA
16;0.4705503;0.05780501;1,186;553;NA;NA
28;0.4975292;0.0524467;1,209;553;NA;NA
42;0.5237007;0.03128193;1,231;553;NA;NA
34;0.4819495;0.06108879;1,254;553;NA;NA
28;0.4572955;0.05926166;1,276;553;NA;NA
15;0.5721436;0.07879366;1,299;553;NA;NA
6;0.5071968;0.1608234;1,3325;553;NA;NA
39;0.3287464;0.05622564;1,816;553;NA;NA
10;0.6911938;0.08669131;1,909;553;NA;NA
29;0.5493942;0.02540359;2,003;553;NA;NA
11;0.5999483;0.04302233;2,065;553;NA;NA
7;0.5625353;0.06235176;2,127;553;NA;NA
8;0.4252006;0.05018573;4,585;553;NA;NA
23;2.528007;0.0182197;0;552;NA;NA
13;2.640744;0.19460478;0,42;552;NA;NA
13;2.450765;0.01686755;1,186;552;NA;NA
30;2.491251;0.06793502;1,209;552;NA;NA
40;2.532004;0.03824377;1,231;552;NA;NA
31;2.551445;0.04155143;1,254;552;NA;NA
29;2.502484;0.05787868;1,276;552;NA;NA
17;2.502275;0.04513818;1,299;552;NA;NA
7;2.501788;0.04627693;1,3325;552;NA;NA
35;2.455008;0.06839056;1,816;552;NA;NA
9;2.4595;0.03887019;1,909;552;NA;NA
28;2.456489;0.03877272;2,003;552;NA;NA
9;2.520021;0.03490845;2,065;552;NA;NA
6;2.445676;0.03424038;2,127;552;NA;NA
7;2.25823;0.01389004;4,585;552;NA;NA
34;2.716081;0.005973277;0;551;NA;NA
17;2.76638;0.015396162;0,42;551;NA;NA
18;2.750974;0.010822642;1,186;551;NA;NA
32;2.727125;0.003619485;1,209;551;NA;NA
49;2.781556;0.003438796;1,231;551;NA;NA
37;2.75343;0.004752645;1,254;551;NA;NA
30;2.746241;0.002139254;1,276;551;NA;NA
18;2.740049;0.006172955;1,299;551;NA;NA
8;2.720653;0.012320544;1,3325;551;NA;NA
43;2.728251;0.00882691;1,816;551;NA;NA
11;2.640685;0.019125483;1,909;551;NA;NA
33;2.755548;0.003903845;2,003;551;NA;NA
12;2.818545;0.00529441;2,065;551;NA;NA
8;2.766911;0.006849465;2,127;551;NA;NA
8;2.755587;0.004087925;4,585;551;NA;NA
34;1.786493;0.020529381;0;550;NA;NA
17;1.900857;0.053600127;0,42;550;NA;NA
18;1.699668;0.012130985;1,186;550;NA;NA
31;1.786918;0.010862747;1,209;550;NA;NA
46;1.768267;0.014941345;1,231;550;NA;NA
37;1.782488;0.011011851;1,254;550;NA;NA
28;1.739617;0.015566386;1,276;550;NA;NA
18;1.777566;0.024400416;1,299;550;NA;NA
8;1.859583;0.048167299;1,3325;550;NA;NA
42;1.755726;0.023650198;1,816;550;NA;NA
11;1.836927;0.038926446;1,909;550;NA;NA
33;1.793751;0.01569919;2,003;550;NA;NA
12;1.855261;0.02203456;2,065;550;NA;NA
8;1.664013;0.009649139;2,127;550;NA;NA
8;1.859143;0.006904641;4,585;550;NA;NA
35;2.555166;0.006301961;0;549;NA;NA
12;2.494967;0.000660223;0,067;549;NA;NA
12;2.469692;0.002668106;0,134;549;NA;NA
16;2.494151;0.002390502;2,142;549;NA;NA
23;2.537258;0.001191918;2,908;549;NA;NA
11;2.503171;0.001081067;2,931;549;NA;NA
12;2.549297;0.005919366;2,953;549;NA;NA
32;2.510815;0.002216849;2,976;549;NA;NA
10;2.504664;0.001903166;2,998;549;NA;NA
7;2.514065;0.00039677;3,032;549;NA;NA
30;2.525723;0.002750734;5,787;549;NA;NA
18;2.511168;0.002359135;6,047;549;NA;NA
30;2.516398;0.002664209;6,307;549;NA;NA
86;2.519978;0.002214571;7,952;549;NA;NA
35;4.621214;0.00453778;0;548;NA;NA
12;4.568892;0.004236825;0,067;548;NA;NA
12;4.568701;0.004597885;0,134;548;NA;NA
16;4.577034;0.001903188;2,142;548;NA;NA
23;4.649266;0.002474592;2,908;548;NA;NA
11;4.623682;0.000866295;2,931;548;NA;NA
12;4.671742;0.00314733;2,953;548;NA;NA
32;4.632625;0.002140996;2,976;548;NA;NA
10;4.609337;0.002934683;2,998;548;NA;NA
7;4.573594;0.000894133;3,032;548;NA;NA
30;4.638655;0.002212923;5,787;548;NA;NA
18;4.60788;0.003056246;6,047;548;NA;NA
30;4.623779;0.001451022;6,307;548;NA;NA
86;4.604393;0.002393595;7,952;548;NA;NA
35;3.368623;0.010194384;0;547;NA;NA
12;3.310957;0.010329833;0,067;547;NA;NA
12;3.29829;0.008035233;0,134;547;NA;NA
16;3.339538;0.003329566;2,142;547;NA;NA
23;3.428424;0.004379814;2,908;547;NA;NA
11;3.410979;0.001687285;2,931;547;NA;NA
12;3.477442;0.005360521;2,953;547;NA;NA
32;3.420809;0.003117706;2,976;547;NA;NA
10;3.386589;0.002658105;2,998;547;NA;NA
7;3.342941;0.00462292;3,032;547;NA;NA
30;3.414541;0.003212108;5,787;547;NA;NA
18;3.394952;0.003388099;6,047;547;NA;NA
30;3.395368;0.001702518;6,307;547;NA;NA
86;3.379408;0.006006696;7,952;547;NA;NA
34;1.568611;0.11778888;0;545;NA;NA
12;1.409741;0.11059852;0,067;545;NA;NA
11;1.509694;0.0744099;0,134;545;NA;NA
16;1.996181;0.06283127;2,142;545;NA;NA
23;1.943403;0.12926133;2,908;545;NA;NA
11;1.969406;0.10993555;2,931;545;NA;NA
12;1.992707;0.09649932;2,953;545;NA;NA
32;1.938924;0.06928755;2,976;545;NA;NA
10;2.057863;0.0203389;2,998;545;NA;NA
7;1.683694;0.05216548;3,032;545;NA;NA
30;1.985648;0.04752258;5,787;545;NA;NA
18;1.884528;0.04222635;6,047;545;NA;NA
30;1.941136;0.0346024;6,307;545;NA;NA
86;1.904138;0.05146859;7,952;545;NA;NA
34;2.211245;0.03181575;0;544;NA;NA
11;2.40265;0.02504671;0,067;544;NA;NA
11;2.302655;0.01942557;0,134;544;NA;NA
16;2.518269;0.03749118;2,142;544;NA;NA
23;2.298556;0.01751124;2,908;544;NA;NA
11;2.417182;0.01162172;2,931;544;NA;NA
12;2.444146;0.04175335;2,953;544;NA;NA
32;2.326812;0.03151305;2,976;544;NA;NA
10;2.424174;0.03964861;2,998;544;NA;NA
7;2.445352;0.06961585;3,032;544;NA;NA
30;2.330874;0.04922929;5,787;544;NA;NA
16;2.232405;0.02668655;6,047;544;NA;NA
30;2.32525;0.03295723;6,307;544;NA;NA
86;2.448835;0.06135551;7,952;544;NA;NA
35;3.121823;0.00499118;0;543;NA;NA
12;3.0562;0.004644312;0,067;543;NA;NA
12;3.012294;0.009177911;0,134;543;NA;NA
16;3.056792;0.002173117;2,142;543;NA;NA
23;3.031967;0.002330346;2,908;543;NA;NA
11;3.021749;0.001966284;2,931;543;NA;NA
12;3.050535;0.004006404;2,953;543;NA;NA
32;3.011868;0.003485891;2,976;543;NA;NA
10;3.011276;0.0040691;2,998;543;NA;NA
7;3.043951;0.001338359;3,032;543;NA;NA
30;3.014276;0.002594002;5,787;543;NA;NA
18;2.951761;0.005976148;6,047;543;NA;NA
30;2.995212;0.004509326;6,307;543;NA;NA
86;2.966236;0.00299705;7,952;543;NA;NA
34;3.169533;0.004875756;0;542;NA;NA
12;3.102343;0.0040876;0,067;542;NA;NA
12;3.073603;0.004823462;0,134;542;NA;NA
16;3.123764;0.001695039;2,142;542;NA;NA
23;3.107906;0.001611351;2,908;542;NA;NA
11;3.092387;0.001580838;2,931;542;NA;NA
11;3.123814;0.00382835;2,953;542;NA;NA
32;3.102035;0.002083998;2,976;542;NA;NA
10;3.10546;0.003051142;2,998;542;NA;NA
7;3.106465;0.001574008;3,032;542;NA;NA
30;3.096373;0.003052143;5,787;542;NA;NA
18;3.04477;0.004967364;6,047;542;NA;NA
30;3.084104;0.003313248;6,307;542;NA;NA
86;3.069305;0.002940523;7,952;542;NA;NA
31;3.684029;0.009141005;0;541;NA;NA
10;3.508286;0.020074939;0,067;541;NA;NA
12;3.580263;0.014923631;0,134;541;NA;NA
16;3.663932;0.004293332;2,142;541;NA;NA
23;3.73205;0.007547617;2,908;541;NA;NA
11;3.756247;0.003933721;2,931;541;NA;NA
11;3.782547;0.003576838;2,953;541;NA;NA
32;3.720936;0.002816622;2,976;541;NA;NA
10;3.685665;0.001571236;2,998;541;NA;NA
7;3.629587;0.0054667;3,032;541;NA;NA
30;3.739896;0.003575402;5,787;541;NA;NA
18;3.670452;0.004965153;6,047;541;NA;NA
30;3.697212;0.003344005;6,307;541;NA;NA
86;3.70192;0.003424411;7,952;541;NA;NA
35;3.864038;0.004309928;0;540;NA;NA
11;3.783243;0.008941133;0,067;540;NA;NA
12;3.75904;0.00668487;0,134;540;NA;NA
16;3.861234;0.004475189;2,142;540;NA;NA
23;3.916041;0.008045543;2,908;540;NA;NA
11;3.908591;0.00560831;2,931;540;NA;NA
12;3.974716;0.003979882;2,953;540;NA;NA
32;3.916657;0.003349851;2,976;540;NA;NA
10;3.901523;0.003232101;2,998;540;NA;NA
7;3.80482;0.008136927;3,032;540;NA;NA
30;3.90756;0.004449743;5,787;540;NA;NA
18;3.877159;0.003253458;6,047;540;NA;NA
30;3.906825;0.004055003;6,307;540;NA;NA
86;3.88323;0.003983034;7,952;540;NA;NA
42;89.7105;131.4339201;0;513;NA;NA
51;89.3357;177.5690742;0,080234577;513;NA;NA
81;93.3303;118.9373862;0,15576449;513;NA;NA
64;86.1156;101.6393169;0,227501495;513;NA;NA
69;94.7648;155.7573527;0,304599629;513;NA;NA
60;88.5025;68.21334375;0,413755124;513;NA;NA
50;92.2121;62.12996567;0,489175626;513;NA;NA
59;89.7471;90.11471786;0,562517323;513;NA;NA
49;99.0609;60.87064672;0,633670805;513;NA;NA
67;105.335;76.2189574;0,709966593;513;NA;NA
51;106.29;118.8450812;0,790638813;513;NA;NA
47;103.73;143.0994377;0,857780566;513;NA;NA
41;105.159;98.63223656;0,926235248;513;NA;NA
58;106.59;88.60197899;1,007089819;513;NA;NA
54;107.735;133.9537499;1,087834979;513;NA;NA
40;105.744;108.6307788;1,155159083;513;NA;NA
73;107.649;115.8854145;1,229959591;513;NA;NA
41;105.374;114.6105501;1,309574173;513;NA;NA
64;107.089;173.8092462;1,384338211;513;NA;NA
34;104.053;184.0091054;1,445097667;513;NA;NA
38;108.048;172.7906002;1,526827525;513;NA;NA
41;108.718;245.6414661;1,60122686;513;NA;NA
59;114.897;194.9169536;1,677486178;513;NA;NA
74;117.277;219.0255143;1,752469037;513;NA;NA
50;112.627;192.6203794;1,825081329;513;NA;NA
75;118.902;241.0752551;1,907540591;513;NA;NA
70;113.303;195.6765488;1,986024596;513;NA;NA
36;109.412;228.6421724;2,052692235;513;NA;NA
47;114.166;243.8002166;2,122313965;513;NA;NA
42;115.977;266.749201;2,203277947;513;NA;NA
60;119.401;231.1444556;2,272425564;513;NA;NA
75;118.36;221.9194914;2,34004143;513;NA;NA
40;123.59;181.8848423;2,422172461;513;NA;NA
75;134.424;289.0056797;2,5;513;NA;NA
25;93.696;59.27428676;0;512;NA;NA
25;95.41;112.4844222;0,0379;512;NA;NA
5;92.431;11.07846503;0,0733000000000001;512;NA;NA
19;91.765;58.42524235;0,1113;512;NA;NA
13;89.221;76.1588838;0,1476;512;NA;NA
25;91.136;37.9229748;0,1855;512;NA;NA
20;89.263;139.6938776;0,2244;512;NA;NA
25;100.8;145.3500885;0,2656;512;NA;NA
18;96.213;109.2407904;0,3028;512;NA;NA
25;90.35;132.3380248;0,3401;512;NA;NA
26;93.707;138.6711939;0,3753;512;NA;NA
25;100.89;51.00218822;0,4149;512;NA;NA
23;93.682;162.7637724;0,4531;512;NA;NA
25;98.352;71.8169773;0,528;512;NA;NA
16;94.467;88.5327374;0,5679;512;NA;NA
25;94.505;42.81565624;0,6058;512;NA;NA
20;91.525;114.7107247;0,6439;512;NA;NA
12;94.221;104.5022574;0,7578;512;NA;NA
17;91.61;157.6138609;0,7967;512;NA;NA
12;86.786;133.5238776;0,833;512;NA;NA
25;92.659;225.3445195;0,8708;512;NA;NA
20;85.79;136.1301658;0,9099;512;NA;NA
32;89.449;112.2858163;0,9495;512;NA;NA
25;89.789;146.4902661;0,9866;512;NA;NA
22;92.677;82.19494729;1,0254;512;NA;NA
25;95.833;86.91281139;1,0615;512;NA;NA
25;98.486;72.38016061;1,1021;512;NA;NA
25;91.751;133.3376864;1,1358;512;NA;NA
25;93.801;113.3790348;1,1764;512;NA;NA
15;89.82;58.5698498;1,2533;512;NA;NA
15;91.836;101.4198989;1,2895;512;NA;NA
19;92.41;71.62504549;1,3284;512;NA;NA
15;90.812;62.1619898;1,4882;512;NA;NA
25;91.085;84.52738442;1,5939;512;NA;NA
14;89.782;75.77842566;1,6902;512;NA;NA
19;89.619;77.42189524;1,7865;512;NA;NA
59;87.475;62.14124395;1,8429;512;NA;NA
14;83.487;100.3507881;1,8925;512;NA;NA
68;80.412;49.72156601;2,1163;512;NA;NA
48;84.373;44.04422636;2,2227;512;NA;NA
59;85.418;33.41364926;2,3911;512;NA;NA
81;84.386;50.13506976;2,5569;512;NA;NA
51;82.178;0.411626991;2,6734;512;NA;NA
32;77.121;20.6895127;2,83901;512;NA;NA
29;75.684;16.05826876;2,94744;512;NA;NA
20;74.917;23.59767284;3,04979;512;NA;NA
11;80.591;54.39445667;3,20237;512;NA;NA
18;78.382;30.02729605;3,31182;512;NA;NA
8;78.029;26.30344856;3,66657;512;NA;NA
40;12.36;5.102040816;0;509;NA;NA
36;14.961;2.53394419;0,751666667;509;NA;NA
38;11.543;2.375;1,731666667;509;NA;NA
51;10.804;4.779258642;2,413333333;509;NA;NA
35;10.004;2.369251116;2,739166667;509;NA;NA
24;8.7845;3.998334027;3,0825;509;NA;NA
41;9.5649;5.380833794;3,419166667;509;NA;NA
23;10.605;2.300323438;3,610166667;509;NA;NA
17;8.9458;1.593086214;3,807666667;509;NA;NA
14;12.988;6.940233236;4,928666667;509;NA;NA
35;10.711;11.42449016;5,337357843;509;NA;NA
10;11.152;3.324169623;5,399946078;509;NA;NA
32;10.732;2.899625156;5,457122549;509;NA;NA
18;10.353;1.801996149;5,514269608;509;NA;NA
15;10.573;2.023875478;5,571019608;509;NA;NA
9;11.194;4.723636511;5,690387255;509;NA;NA
7;12.955;4.548833819;5,726750891;509;NA;NA
10;12.595;8.340535194;5,757172379;509;NA;NA
9;12.335;4.461578509;5,790924445;509;NA;NA
14;10.717;1.786990024;6,537924445;509;NA;NA
19;10.758;1.286417118;7,206495874;509;NA;NA
40;168.81;871.7461474;0;507;NA;NA
36;197.29;699.5485214;0,751666667;507;NA;NA
38;157.63;655.4208663;1,731666667;507;NA;NA
51;146.44;878.5634827;2,413333333;507;NA;NA
35;137.29;1038.225446;2,739166667;507;NA;NA
24;136.27;466.9056122;3,0825;507;NA;NA
41;137.29;1335.191906;3,419166667;507;NA;NA
23;146.44;749.679899;3,610166667;507;NA;NA
47;127.12;1024.301723;3,807666667;507;NA;NA
14;168.81;415.2901786;4,928666667;507;NA;NA
35;137.29;850.1785714;5,337357843;507;NA;NA
10;140.34;325.9477822;5,399946078;507;NA;NA
31;130.17;352.5757757;5,457122549;507;NA;NA
18;131.19;310.0812292;5,514269608;507;NA;NA
15;139.32;403.8508694;5,571019608;507;NA;NA
9;138.31;155.0406146;5,690387255;507;NA;NA
7;137.29;207.6450893;5,726750891;507;NA;NA
10;138.31;325.6565624;5,757172379;507;NA;NA
9;156.61;5817.175161;5,790924445;507;NA;NA
14;131.19;498.4439687;6,537924445;507;NA;NA
19;148.47;511.0415647;7,206495874;507;NA;NA
38;82.918;399.0470079;0;505;NA;NA
36;82.798;139.7702999;0,751666667;505;NA;NA
38;79.722;91.92716199;1,731666667;505;NA;NA
31;76.859;70.08253827;2,413333333;505;NA;NA
35;77.866;56.46510796;2,739166667;505;NA;NA
24;72.979;37.16402124;3,0825;505;NA;NA
40;72.869;131.739369;3,419166667;505;NA;NA
23;79.567;48.47668048;3,610166667;505;NA;NA
17;70.005;16.5006604;3,807666667;505;NA;NA
14;78.798;195.1377779;4,928666667;505;NA;NA
35;73.958;186.342987;5,337357843;505;NA;NA
10;73.745;126.1518176;5,399946078;505;NA;NA
32;74.855;215.0907309;5,457122549;505;NA;NA
18;76.676;93.66335329;5,514269608;505;NA;NA
15;70.162;59.75535194;5,571019608;505;NA;NA
9;80.713;369.0515434;5,690387255;505;NA;NA
7;89.85;358.4706195;5,726750891;505;NA;NA
10;78.662;128.0069665;5,757172379;505;NA;NA
9;72.556;434.4672314;5,790924445;505;NA;NA
14;72.53;76.22777788;6,537924445;505;NA;NA
19;73.732;28.20396085;7,206495874;505;NA;NA
8;0.90619;0.016943374;0;500;NA;NA
6;0.96608;0.01288346;0,238636364;500;NA;NA
8;0.84417;0.020332403;0,528409091;500;NA;NA
46;0.8496;0.023138979;0,688636364;500;NA;NA
6;1.1269;0.013267977;1,114772727;500;NA;NA
9;0.84575;0.012579869;1,201704545;500;NA;NA
36;1.07531;0.025510472;1,298863636;500;NA;NA
14;0.98159;0.010893629;1,418181818;500;NA;NA
11;0.87227;0.009385371;1,471022727;500;NA;NA
10;0.88541;0.014772176;1,508522727;500;NA;NA
10;1.00637;0.004445125;1,929545455;500;NA;NA
8;1.01627;0.011542084;2,048863636;500;NA;NA
7;0.98533;0.014010441;2,178409091;500;NA;NA
8;1.00744;0.006383805;2,186931818;500;NA;NA
8;1.0021;0.009660768;2,215909091;500;NA;NA
7;1.08166;0.038246096;2,809090909;500;NA;NA
8;1.0104;0.0045898;2,959090909;500;NA;NA
8;1.19803;0.0078355;3;500;NA;NA
51;5.594;1.896129;0;499;NA;NA
100;5.424;1.301881;3,69;499;NA;NA
100;6.763;3.031081;4,19;499;NA;NA
205;7.389;1.857769;5,2;499;NA;NA
204;7.229;2.480625;5,89;499;NA;NA
203;6.837;2.238016;6,91;499;NA;NA
200;7.204;2.842596;8,24;499;NA;NA
205;5.976;1.493284;10,21;499;NA;NA
205;6.073;1.430416;10,42;499;NA;NA
205;6.257;1.461681;11,34;499;NA;NA
205;6.273;1.550025;13,02;499;NA;NA
205;6.418;1.256641;13,5;499;NA;NA
202;6.189;2.286144;14,7;499;NA;NA
206;5.887;2.010724;15,99;499;NA;NA
208;5.794;2.155024;16,2;499;NA;NA
205;5.253;0.685584;17,51;499;NA;NA
206;6.188;1.056784;17,61;499;NA;NA
205;6.837;3.3489;18;499;NA;NA
51;23.255;31.158724;0;498;NA;NA
100;23.79;39.100009;3,69;498;NA;NA
100;28.88;65.626201;4,19;498;NA;NA
205;33.62;21.762225;5,2;498;NA;NA
204;30.696;57.942544;5,89;498;NA;NA
203;28.236;72.846225;6,91;498;NA;NA
200;29.85;79.174404;8,24;498;NA;NA
205;23.293;34.3396;10,21;498;NA;NA
205;24.088;38.526849;10,42;498;NA;NA
205;25.62;36.699364;11,34;498;NA;NA
205;23.883;27.815076;13,02;498;NA;NA
205;27.985;27.520516;13,5;498;NA;NA
202;24.619;53.406864;14,7;498;NA;NA
206;22.403;38.950081;15,99;498;NA;NA
208;22.163;30.074256;16,2;498;NA;NA
205;23.483;14.130081;17,51;498;NA;NA
206;24.519;16.621929;17,61;498;NA;NA
205;26.629;23.561316;18;498;NA;NA
201;6.676;1.868689;0;497;NA;NA
206;7.618;1.929321;2,35;497;NA;NA
207;7.772;4.264225;3,16;497;NA;NA
200;7.786;1.784896;3,34;497;NA;NA
204;8.162;1.5376;3,84;497;NA;NA
203;7.681;2.524921;4,04;497;NA;NA
203;8.612;2.512225;4,74;497;NA;NA
200;7.971;1.982464;5,19;497;NA;NA
205;7.563;2.117025;5,2;497;NA;NA
205;7.793;4.260096;5,46;497;NA;NA
206;6.883;2.3104;6,07;497;NA;NA
204;8.216;4.264225;7,21;497;NA;NA
201;8.778;4.571044;7,72;497;NA;NA
208;7.269;1.510441;9,27;497;NA;NA
202;8.05;1.907161;9,56;497;NA;NA
211;5.615;1.7424;10,02;497;NA;NA
208;6.375;2.265025;10,81;497;NA;NA
205;7.455;4.575321;11,94;497;NA;NA
207;6.357;1.946025;12,76;497;NA;NA
52;5.615;1.7424;13,07;497;NA;NA
172;6.437;3.258025;13,29;497;NA;NA
200;6.616;2.653641;13,33;497;NA;NA
200;6.471;1.567504;13,37;497;NA;NA
161;6.789;1.806336;13,46;497;NA;NA
200;6.871;2.079364;13,56;497;NA;NA
200;6.172;2.365444;14,09;497;NA;NA
200;6.407;0.925444;14,39;497;NA;NA
207;6.17;1.656369;14,72;497;NA;NA
207;6.087;2.088025;14,98;497;NA;NA
201;29.174;60.171049;0;496;NA;NA
206;29.966;23.367556;2,35;496;NA;NA
207;30.565;38.638656;3,16;496;NA;NA
200;35.175;23.222761;3,34;496;NA;NA
204;34.647;23.824161;3,84;496;NA;NA
203;30.749;37.540129;4,04;496;NA;NA
203;34.374;25.2004;4,74;496;NA;NA
200;34.475;57.668836;5,19;496;NA;NA
205;25.385;27.994681;5,2;496;NA;NA
205;28.741;111.070521;5,46;496;NA;NA
206;25.175;60.855601;6,07;496;NA;NA
204;28.436;42.627841;7,21;496;NA;NA
201;30.294;67.5684;7,72;496;NA;NA
208;27.524;11.035684;9,27;496;NA;NA
202;28.139;20.3401;9,56;496;NA;NA
211;23.096;45.495025;10,02;496;NA;NA
208;27.582;41.0881;10,81;496;NA;NA
205;30.371;75.238276;11,94;496;NA;NA
207;25.372;51.609856;12,76;496;NA;NA
52;23.096;45.495025;13,07;496;NA;NA
172;25.087;61.873956;13,29;496;NA;NA
200;26.795;74.684164;13,33;496;NA;NA
200;26.725;52.012944;13,37;496;NA;NA
161;24.683;30.118144;13,46;496;NA;NA
200;26.855;47.155689;13,56;496;NA;NA
200;23.435;33.327529;14,09;496;NA;NA
200;21.825;10.857025;14,39;496;NA;NA
207;20.966;17.514225;14,72;496;NA;NA
207;22.053;22.448644;14,98;496;NA;NA
202;5.94;3.111696;0;495;NA;NA
201;5.787;2.152089;0,17;495;NA;NA
200;5.568;1.687401;0,24;495;NA;NA
202;5.442;1.098304;0,86;495;NA;NA
202;5.137;0.919681;1,22;495;NA;NA
32;5.613;0.781456;1,33;495;NA;NA
200;5.715;0.898704;1,57;495;NA;NA
202;5.827;1;1,6;495;NA;NA
202;6.215;1.170724;1,7;495;NA;NA
201;6.05;1.194649;1,73;495;NA;NA
202;5.957;1.677025;1,8;495;NA;NA
170;5.55;1.136356;1,83;495;NA;NA
202;24.04;70.190884;0;494;NA;NA
201;23.617;56.175025;0,17;494;NA;NA
200;21.53;45.576001;0,24;494;NA;NA
202;22;30.769209;0,86;494;NA;NA
202;20.614;23.872996;1,22;494;NA;NA
32;21.063;23.609881;1,33;494;NA;NA
200;22.085;25.725184;1,57;494;NA;NA
202;21.574;21.104836;1,6;494;NA;NA
202;22.535;23.396569;1,7;494;NA;NA
201;22.189;23.270976;1,73;494;NA;NA
202;21.99;21.696964;1,8;494;NA;NA
170;19.735;13.860729;1,83;494;NA;NA
18;1.010078;0.007103;0;493;NA;NA
11;1.021334;0.013152;0,896023;493;NA;NA
7;1.106553;0.003891;2,771154768;493;NA;NA
8;1.097749;0.006657;3,015524677;493;NA;NA
11;1.010743;0.010108;3,258265453;493;NA;NA
17;1.052529;0.008794;3,54336368;493;NA;NA
7;0.983563;0.01007;3,949017729;493;NA;NA
7;1.076079;0.00274;4,277287973;493;NA;NA
12;1.059428;0.003633;4,521657882;493;NA;NA
19;1.03139;0.00608;6,312889315;493;NA;NA
14;1.070526;0.007873;6,516530906;493;NA;NA
6;1.060117;0.006544;8,471490177;493;NA;NA
11;1.206467;0.010639;8,707714423;493;NA;NA
13;1.188258;0.016863;9,611883086;493;NA;NA
10;1.249484;0.008112;10,2;493;NA;NA
27;151.29;813.5274;0;492;NA;NA
17;149.1162;1892.962;0,896023;492;NA;NA
6;126.0083;180.7478;1,344034499;492;NA;NA
6;147.3383;837.0963;2,321514135;492;NA;NA
7;130.0486;340.6872;2,771154768;492;NA;NA
14;146.9371;1275.182;3,015524677;492;NA;NA
17;165.3858;1808.376;3,258265453;492;NA;NA
26;162.6942;1102.567;3,54336368;492;NA;NA
14;153.2975;2430.569;3,949017729;492;NA;NA
12;139.6727;1930.751;3,99137518;492;NA;NA
13;168.6454;2393.698;4,277287973;492;NA;NA
27;155.2637;1967.929;6,312889315;492;NA;NA
17;159.8053;1546.523;6,516530906;492;NA;NA
14;142.4207;942.3021;8,471490177;492;NA;NA
14;150.3107;944.6724;8,707714423;492;NA;NA
18;141.9233;1312.006;9,611883086;492;NA;NA
21;141.1676;1051.495;10,2;492;NA;NA
27;4.361782;0.016892;0;491;NA;NA
18;4.341343;0.030837;0,896023;491;NA;NA
7;4.32624;0.018307;1,344034499;491;NA;NA
6;4.358028;0.023825;2,321514135;491;NA;NA
7;4.329825;0.012139;2,771154768;491;NA;NA
14;4.389042;0.012701;3,015524677;491;NA;NA
15;4.406935;0.024455;3,258265453;491;NA;NA
24;4.202842;0.024902;3,54336368;491;NA;NA
14;4.37041;0.031647;3,949017729;491;NA;NA
11;4.361935;0.043225;3,99137518;491;NA;NA
13;4.459368;0.043978;4,277287973;491;NA;NA
27;4.415643;0.02878;6,312889315;491;NA;NA
16;4.448815;0.033597;6,516530906;491;NA;NA
9;4.383406;0.015099;8,471490177;491;NA;NA
14;4.498034;0.018758;8,707714423;491;NA;NA
18;4.434556;0.032178;9,611883086;491;NA;NA
20;4.440305;0.03406;10,2;491;NA;NA
24;5.12;0.405759199;0;356;NA;NA
33;5.09;0.908733226;0,290000000000006;356;NA;NA
31;5.12;0.999566034;0,590000000000003;356;NA;NA
22;5.28;0.596914487;0,890000000000001;356;NA;NA
28;5.04;0.927628007;1,19;356;NA;NA
29;4.89;0.547874438;1,49000000000001;356;NA;NA
24;4.73;0.593912359;2,19;356;NA;NA
20;4.35;0.248440246;2,47;356;NA;NA
26;5.02;1.021115406;2,7;356;NA;NA
16;4.4;0.440047181;3,01;356;NA;NA
27;4.61;0.636772959;3,43000000000001;356;NA;NA
12;4.28;0.260884288;3,61;356;NA;NA
21;4.23;0.714963862;4,07000000000001;356;NA;NA
9;4.88;0.290067614;4,53;356;NA;NA
13;4.4;0.179838419;5,10000000000001;356;NA;NA
17;4.64;0.468135298;5,49000000000001;356;NA;NA
50;1.029;6.3e-05;0;354;NA;NA
50;1.028;8.13e-05;0,290000000000006;354;NA;NA
50;1.028;7.81e-05;0,590000000000003;354;NA;NA
40;1.028;8.46e-05;0,890000000000001;354;NA;NA
50;1.031;8.13e-05;1,19;354;NA;NA
50;1.027;4.95e-05;1,49000000000001;354;NA;NA
46;1.027;0.000118814;2,19;354;NA;NA
50;1.021;5.74e-05;2,47;354;NA;NA
45;1.027;0.000173629;2,7;354;NA;NA
47;1.024;8.92e-05;3,01;354;NA;NA
50;1.025;0.00010946;3,43000000000001;354;NA;NA
28;1.027;0.000197085;3,61;354;NA;NA
50;1.027;0.000133278;4,07000000000001;354;NA;NA
26;1.037;0.000264376;4,53;354;NA;NA
32;1.032;0.000133278;5,10000000000001;354;NA;NA
50;1.032;0.000246284;5,49000000000001;354;NA;NA
50;13.6;9.414700255;0;353;NA;NA
50;13.9;10.94451531;0,290000000000006;353;NA;NA
50;14.5;10.95645369;0,590000000000003;353;NA;NA
40;12.9;6.278136714;0,890000000000001;353;NA;NA
50;13.3;7.448618414;1,19;353;NA;NA
50;13.3;12.78218711;1,49000000000001;353;NA;NA
46;14.4;14.44926684;2,19;353;NA;NA
50;13.6;3.195546777;2,47;353;NA;NA
45;14;11.6670606;2,7;353;NA;NA
47;14.5;13.00478108;3,01;353;NA;NA
50;14;13.84829563;3,43000000000001;353;NA;NA
28;13.7;6.135614067;3,61;353;NA;NA
50;12.7;11.26913591;4,07000000000001;353;NA;NA
26;16.6;5.778367347;4,53;353;NA;NA
32;15.8;9.324148272;5,10000000000001;353;NA;NA
50;16.5;8.122917534;5,49000000000001;353;NA;NA
50;-0.912398317;0.025163901;0;352;NA;NA
50;-0.932470928;0.028659828;0,290000000000006;352;NA;NA
50;-0.880296372;0.022276999;0,590000000000003;352;NA;NA
40;-0.889940957;0.028647549;0,890000000000001;352;NA;NA
50;-0.840626828;0.030663952;1,19;352;NA;NA
50;-0.843458573;0.035693259;1,49000000000001;352;NA;NA
46;-0.622931058;0.040303349;2,19;352;NA;NA
50;-0.566549773;0.034884192;2,47;352;NA;NA
45;-0.539448031;0.042053589;2,7;352;NA;NA
47;-0.52126324;0.030501487;3,01;352;NA;NA
50;-0.477261907;0.061448823;3,43000000000001;352;NA;NA
28;-0.524485159;0.033941709;3,61;352;NA;NA
50;-0.470900031;0.032573648;4,07000000000001;352;NA;NA
26;-0.3880919;0.026674327;4,53;352;NA;NA
32;-0.378832914;0.021001414;5,10000000000001;352;NA;NA
50;-0.325203963;0.02521131;5,49000000000001;352;NA;NA
50;0.101;0.0245;0;351;NA;NA
50;0.124;0.0245;0,290000000000006;351;NA;NA
50;0.118;0.0245;0,590000000000003;351;NA;NA
40;0.109;0.0245;0,890000000000001;351;NA;NA
50;0.115;0.0245;1,19;351;NA;NA
50;0.136;0.0245;1,49000000000001;351;NA;NA
46;0.142;0.0245;2,19;351;NA;NA
50;0.143;0.0245;2,47;351;NA;NA
45;0.116;0.0245;2,7;351;NA;NA
47;0.16;0.0245;3,01;351;NA;NA
50;0.232;0.0245;3,43000000000001;351;NA;NA
28;0.188;0.0245;3,61;351;NA;NA
50;0.18;0.0245;4,07000000000001;351;NA;NA
26;0.508;0.0245;4,53;351;NA;NA
32;0.428;0.0245;5,10000000000001;351;NA;NA
50;0.403;0.0245;5,49000000000001;351;NA;NA
31;5.52;0.213383422;0;350;NA;NA
40;5.28;0.292167399;0,0870000000000033;350;NA;NA
62;4.74;0.192515143;0,149000000000001;350;NA;NA
46;4.87;0.221148808;0,224000000000004;350;NA;NA
33;4.86;0.269607383;0,299999999999997;350;NA;NA
36;5.05;0.225962697;0,376999999999995;350;NA;NA
31;5.6;0.57527046;0,447000000000003;350;NA;NA
25;5.12;0.375631198;0,534999999999997;350;NA;NA
38;4.88;0.46147838;0,613;350;NA;NA
30;5.48;0.450937812;0,688999999999993;350;NA;NA
36;5.31;0.447192443;0,766999999999996;350;NA;NA
31;5.33;0.596282666;0,843000000000004;350;NA;NA
27;5.44;0.430702589;0,918999999999997;350;NA;NA
37;5.33;0.490628418;0,983999999999995;350;NA;NA
22;5.15;0.344171047;1,07599999999999;350;NA;NA
24;5.14;0.701114119;1,154;350;NA;NA
21;5.21;0.793935186;1,214;350;NA;NA
32;5.07;0.354516368;1,306;350;NA;NA
24;5.1;0.278535959;1,387;350;NA;NA
8;4.71;0.577702811;1,46599999999999;350;NA;NA
20;5.07;0.471526981;1,533;350;NA;NA
22;4.52;0.310901187;1,617;350;NA;NA
19;4.6;0.327001101;1,693;350;NA;NA
41;4.73;0.373012418;1,79899999999999;350;NA;NA
23;4.56;0.198324949;1,904;350;NA;NA
25;4.95;0.561352627;2,003;350;NA;NA
28;4.63;0.538647394;2,11199999999999;350;NA;NA
29;4.9;0.376580449;2,226;350;NA;NA
21;4.77;0.552828246;2,441;350;NA;NA
23;4.6;0.652389169;2,532;350;NA;NA
19;4.6;0.327304688;2,75;350;NA;NA
34;4.56;0.187753375;2,822;350;NA;NA
38;4.46;0.594664993;2,86;350;NA;NA
36;4.67;0.563564446;2,967;350;NA;NA
32;4.62;0.313987693;3,08;350;NA;NA
46;4.6;0.474426495;3,19199999999999;350;NA;NA
40;4.64;0.443526553;3,289;350;NA;NA
30;4.45;0.356439062;3,399;350;NA;NA
24;4.41;0.318519141;3,788;350;NA;NA
41;3.95;0.486710668;3,839;350;NA;NA
36;4.16;0.69254665;3,928;350;NA;NA
13;3.91;0.479016881;4,056;350;NA;NA
64;3.93;0.36533369;4,102;350;NA;NA
21;4.3;0.403836953;4,149;350;NA;NA
45;4.25;0.486919994;4,218;350;NA;NA
14;4.36;0.885481024;4,252;350;NA;NA
35;4.24;0.906659114;4,44199999999999;350;NA;NA
12;4.25;0.58324858;4,44799999999999;350;NA;NA
45;1.035;6.47e-05;0;349;NA;NA
45;1.041;0.000116231;0,0870000000000033;349;NA;NA
70;1.042;0.000163994;0,149000000000001;349;NA;NA
50;1.034;6.02e-05;0,224000000000004;349;NA;NA
45;1.036;0.000216589;0,299999999999997;349;NA;NA
44;1.035;0.000117284;0,376999999999995;349;NA;NA
50;1.03;9.49e-05;0,447000000000003;349;NA;NA
30;1.034;0.000134495;0,534999999999997;349;NA;NA
45;1.038;6.47e-05;0,613;349;NA;NA
50;1.032;0.000129145;0,688999999999993;349;NA;NA
50;1.041;0.000154916;0,766999999999996;349;NA;NA
42;1.034;0.000179328;0,843000000000004;349;NA;NA
50;1.026;7.19e-05;0,918999999999997;349;NA;NA
50;1.027;9.49e-05;0,983999999999995;349;NA;NA
50;1.027;0.000137475;1,07599999999999;349;NA;NA
50;1.023;4.7e-05;1,154;349;NA;NA
50;1.023;4.7e-05;1,214;349;NA;NA
50;1.023;5.47e-05;1,306;349;NA;NA
50;1.022;3.33e-05;1,387;349;NA;NA
25;1.027;6.87e-05;1,46599999999999;349;NA;NA
50;1.022;5.21e-05;1,533;349;NA;NA
50;1.018;3.76e-05;1,617;349;NA;NA
55;1.024;0.000112245;1,693;349;NA;NA
86;1.023;8.51e-05;1,79899999999999;349;NA;NA
33;1.021;6.03e-05;1,904;349;NA;NA
50;1.019;4.95e-05;2,003;349;NA;NA
50;1.021;6.59e-05;2,11199999999999;349;NA;NA
50;1.018;3.99e-05;2,226;349;NA;NA
52;1.028;0.000113838;2,441;349;NA;NA
50;1.022;4.45e-05;2,532;349;NA;NA
50;1.023;0.000102041;2,75;349;NA;NA
50;1.024;9.14e-05;2,822;349;NA;NA
68;1.023;0.000110631;2,86;349;NA;NA
76;1.027;0.000100154;2,967;349;NA;NA
50;1.024;8.8e-05;3,08;349;NA;NA
69;1.026;9.09e-05;3,19199999999999;349;NA;NA
53;1.025;0.000141274;3,289;349;NA;NA
41;1.026;0.000119774;3,399;349;NA;NA
49;1.021;8.96e-05;3,788;349;NA;NA
50;1.018;0.000102041;3,839;349;NA;NA
60;1.021;6.25e-05;3,928;349;NA;NA
21;1.017;1.87e-05;4,056;349;NA;NA
77;1.023;8.42e-05;4,102;349;NA;NA
25;1.018;6.46e-05;4,149;349;NA;NA
76;1.022;7.52e-05;4,218;349;NA;NA
30;1.022;8.25e-05;4,252;349;NA;NA
60;1.022;6.56e-05;4,44199999999999;349;NA;NA
23;1.026;0.000245231;4,44799999999999;349;NA;NA
45;14.8;5.05;0;348;NA;NA
45;14.1;4.444897959;0,0870000000000033;348;NA;NA
70;12.7;1.966331086;0,149000000000001;348;NA;NA
50;12.9;1.96;0,224000000000004;348;NA;NA
45;12.7;3.197959509;0,299999999999997;348;NA;NA
44;12.9;2.589653009;0,376999999999995;348;NA;NA
50;14.8;9.86;0,447000000000003;348;NA;NA
30;13;4.087767467;0,534999999999997;348;NA;NA
45;12.4;2.29;0,613;348;NA;NA
50;14;4.93877551;0,688999999999993;348;NA;NA
50;12.8;3.112257913;0,766999999999996;348;NA;NA
42;13;4.520215015;0,843000000000004;348;NA;NA
50;14.4;9.41;0,918999999999997;348;NA;NA
50;14.7;5.61;0,983999999999995;348;NA;NA
50;14.7;8.122917534;1,07599999999999;348;NA;NA
50;15.3;9.41;1,154;348;NA;NA
50;15.4;11.1;1,214;348;NA;NA
50;14.1;4.31;1,306;348;NA;NA
50;15.4;8.69;1,387;348;NA;NA
25;14.6;12.7;1,46599999999999;348;NA;NA
50;14.3;10.3;1,533;348;NA;NA
50;13.6;3.55;1,617;348;NA;NA
55;13.7;6.293287953;1,693;348;NA;NA
86;13.6;9.06;1,79899999999999;348;NA;NA
33;14;5.92;1,904;348;NA;NA
50;14.6;8.54;2,003;348;NA;NA
50;15.4;6.2;2,11199999999999;348;NA;NA
50;14.9;3.47;2,226;348;NA;NA
52;14.3;14.38826843;2,441;348;NA;NA
50;15.3;15.5;2,532;348;NA;NA
50;15.5;22.19955227;2,75;348;NA;NA
50;14.4;6.43;2,822;348;NA;NA
68;14.7;7.780792378;2,86;348;NA;NA
76;15.1;8.179436693;2,967;348;NA;NA
50;15.5;9.86;3,08;348;NA;NA
69;15;27.9;3,19199999999999;348;NA;NA
53;13.7;5.116798469;3,289;348;NA;NA
41;13.8;0.13748757;3,399;348;NA;NA
49;14.9;5.05;3,788;348;NA;NA
50;15;11.43932541;3,839;348;NA;NA
60;14.4;19.1;3,928;348;NA;NA
21;13.8;0.235;4,056;348;NA;NA
77;15;26.6;4,102;348;NA;NA
25;14;0.0292;4,149;348;NA;NA
76;15.3;7.88;4,218;348;NA;NA
30;16.8;25.9;4,252;348;NA;NA
60;13.9;40;4,44199999999999;348;NA;NA
23;15.2;2.904410077;4,44799999999999;348;NA;NA
45;-1.036;0.027752727;0;347;NA;NA
45;-1.058;0.037469611;0,0870000000000033;347;NA;NA
70;-1.14;0.023760493;0,149000000000001;347;NA;NA
50;-1.126;0.042027654;0,224000000000004;347;NA;NA
45;-0.907;0.033750609;0,299999999999997;347;NA;NA
44;-0.873;0.045790158;0,376999999999995;347;NA;NA
50;-0.842;0.037543896;0,447000000000003;347;NA;NA
30;-0.98;0.026834424;0,534999999999997;347;NA;NA
45;-0.984;0.020341594;0,613;347;NA;NA
50;-0.873;0.037370742;0,688999999999993;347;NA;NA
50;-0.948;0.026116749;0,766999999999996;347;NA;NA
42;-0.983;0.037553824;0,843000000000004;347;NA;NA
50;-0.831;0.028069245;0,918999999999997;347;NA;NA
50;-0.762;0.027975632;0,983999999999995;347;NA;NA
50;-0.685;0.035131152;1,07599999999999;347;NA;NA
50;-0.64;0.023438406;1,154;347;NA;NA
50;-0.602;0.031562538;1,214;347;NA;NA
50;-0.785;0.029489678;1,306;347;NA;NA
50;-0.659;0.024580479;1,387;347;NA;NA
25;-0.664;0.023826066;1,46599999999999;347;NA;NA
50;-0.678;0.042175023;1,533;347;NA;NA
50;-0.612;0.035195172;1,617;347;NA;NA
55;-0.589;0.030606554;1,693;347;NA;NA
86;-0.648;0.055193065;1,79899999999999;347;NA;NA
33;-0.563;0.034572295;1,904;347;NA;NA
50;-0.533;0.056172796;2,003;347;NA;NA
50;-0.475;0.037478649;2,11199999999999;347;NA;NA
50;-0.511;0.033425799;2,226;347;NA;NA
52;-0.513;0.043425389;2,441;347;NA;NA
50;-0.441;0.032931515;2,532;347;NA;NA
50;-0.451;0.044878075;2,75;347;NA;NA
50;-0.535;0.031739845;2,822;347;NA;NA
68;-0.455;0.045232275;2,86;347;NA;NA
76;-0.484;0.029554009;2,967;347;NA;NA
50;-0.429;0.022625085;3,08;347;NA;NA
69;-0.429;0.031520536;3,19199999999999;347;NA;NA
53;-0.39;0.023194836;3,289;347;NA;NA
41;-0.392;0.017793046;3,399;347;NA;NA
49;-0.412;0.029462335;3,788;347;NA;NA
50;-0.44;0.017059062;3,839;347;NA;NA
60;-0.341;0.022600523;3,928;347;NA;NA
21;-0.376;0.02208688;4,056;347;NA;NA
77;-0.381;0.021415406;4,102;347;NA;NA
25;-0.381;0.032788753;4,149;347;NA;NA
76;-0.369;0.020805725;4,218;347;NA;NA
30;-0.199;0.027204051;4,252;347;NA;NA
60;-0.424;0.020644676;4,44199999999999;347;NA;NA
23;-0.38;0.036771282;4,44799999999999;347;NA;NA
45;0.108;0.018704725;0;355;NA;NA
45;0.087;0.01488742;0,0870000000000033;355;NA;NA
70;0.088;0.015696474;0,149000000000001;355;NA;NA
50;0.079;0.017301796;0,224000000000004;355;NA;NA
45;0.091;0.018667297;0,299999999999997;355;NA;NA
44;0.082;0.008567521;0,376999999999995;355;NA;NA
50;0.114;0.025669618;0,447000000000003;355;NA;NA
30;0.105;0.027842181;0,534999999999997;355;NA;NA
45;0.084;0.01586339;0,613;355;NA;NA
50;0.127;0.026602771;0,688999999999993;355;NA;NA
50;0.086;0.013578847;0,766999999999996;355;NA;NA
42;0.091;0.01284001;0,843000000000004;355;NA;NA
50;0.123;0.021127709;0,918999999999997;355;NA;NA
50;0.099;0.02540442;0,983999999999995;355;NA;NA
50;0.113;0.035942088;1,07599999999999;355;NA;NA
50;0.125;0.025912958;1,154;355;NA;NA
50;0.139;0.019583821;1,214;355;NA;NA
50;0.135;0.025554145;1,306;355;NA;NA
50;0.167;0.021475224;1,387;355;NA;NA
25;0.198;0.037184039;1,46599999999999;355;NA;NA
50;0.157;0.034533529;1,533;355;NA;NA
50;0.165;0.01848886;1,617;355;NA;NA
55;0.185;0.031451434;1,693;355;NA;NA
86;0.165;0.026691899;1,79899999999999;355;NA;NA
33;0.127;0.044729583;1,904;355;NA;NA
50;0.139;0.017093628;2,003;355;NA;NA
50;0.125;0.021729743;2,11199999999999;355;NA;NA
50;0.113;0.015861986;2,226;355;NA;NA
52;0.152;0.047503029;2,441;355;NA;NA
50;0.16;0.026956998;2,532;355;NA;NA
50;0.187;0.039314369;2,75;355;NA;NA
50;0.123;0.020772627;2,822;355;NA;NA
68;0.119;0.020090872;2,86;355;NA;NA
76;0.154;0.024207005;2,967;355;NA;NA
50;0.142;0.020679139;3,08;355;NA;NA
69;0.122;0.020799881;3,19199999999999;355;NA;NA
53;0.112;0.024059395;3,289;355;NA;NA
41;0.101;0.01638327;3,399;355;NA;NA
49;0.183;0.027484903;3,788;355;NA;NA
50;0.182;0.017673918;3,839;355;NA;NA
60;0.17;0.025039592;3,928;355;NA;NA
21;0.187;0.03306217;4,056;355;NA;NA
77;0.21;0.025359829;4,102;355;NA;NA
25;0.232;0.032547105;4,149;355;NA;NA
76;0.259;0.02125785;4,218;355;NA;NA
30;0.295;0.024621167;4,252;355;NA;NA
60;0.174;0.035224387;4,44199999999999;355;NA;NA
23;0.188;0.033336974;4,44799999999999;355;NA;NA
55;122;400;0;488;NA;NA
72;121;441;0,594632842;488;NA;NA
28;128;529;0,914758163;488;NA;NA
58;121;625;2,100664898;488;NA;NA
30;134;400;2,274225396;488;NA;NA
76;130;729;2,52626519;488;NA;NA
31;128;484;2,877110554;488;NA;NA
74;145;841;3,127446484;488;NA;NA
67;155;729;3,355144101;488;NA;NA
52;153;1444;3,753286309;488;NA;NA
40;152;1369;3,940332236;488;NA;NA
31;164;784;4,537764701;488;NA;NA
89;164;841;4,70596978;488;NA;NA
56;174;784;0;487;NA;NA
72;179;900;0,59463284;487;NA;NA
28;194;2401;0,91475816;487;NA;NA
58;182;1156;2,1006649;487;NA;NA
30;196;784;2,2742254;487;NA;NA
76;190;1521;2,52626519;487;NA;NA
31;186;1089;2,87711055;487;NA;NA
73;211;1444;3,12744648;487;NA;NA
67;225;1681;3,3551441;487;NA;NA
52;222;2704;3,75328631;487;NA;NA
40;222;2500;3,94033224;487;NA;NA
32;237;2025;4,5377647;487;NA;NA
89;232;1444;4,70596978;487;NA;NA
33;30.1;16;0;486;NA;NA
50;25.9;15.21;0,594632842;486;NA;NA
19;25.8;9;0,914758163;486;NA;NA
40;24.2;10.24;2,100664898;486;NA;NA
28;20.9;6.76;2,274225396;486;NA;NA
58;20.9;10.24;2,52626519;486;NA;NA
21;22;14.44;2,877110554;486;NA;NA
43;20.1;13.69;3,127446484;486;NA;NA
51;18.3;9.61;3,355144101;486;NA;NA
38;19.5;22.09;3,753286309;486;NA;NA
32;19;21.16;3,940332236;486;NA;NA
30;17.1;12.25;4,537764701;486;NA;NA
58;16.5;9.61;4,70596978;486;NA;NA
28;2.97;0.0484;0;485;NA;NA
16;3.02;0.0256;0,016677966;485;NA;NA
24;2.99;0.0256;0,020569492;485;NA;NA
11;3;0.0225;0,038915254;485;NA;NA
18;3.09;0.0225;0,063932203;485;NA;NA
5;2.89;0.0144;0,097288136;485;NA;NA
14;3.14;0.0196;0,125084746;485;NA;NA
5;3.09;0.0196;0,138983051;485;NA;NA
11;3.1;0.0169;0,155661017;485;NA;NA
14;2.99;0.0225;0,164;485;NA;NA
28;1.33;0.0121;0;484;NA;NA
16;1.37;0.0081;0,016677966;484;NA;NA
24;1.35;0.0144;0,020569492;484;NA;NA
11;1.33;0.0169;0,038915254;484;NA;NA
18;1.32;0.0169;0,063932203;484;NA;NA
5;1.3;0.0121;0,097288136;484;NA;NA
14;1.43;0.01;0,125084746;484;NA;NA
5;1.36;0.0144;0,138983051;484;NA;NA
10;1.38;0.0049;0,155661017;484;NA;NA
14;1.32;0.01;0,164;484;NA;NA
28;1.42;0.01;0;483;NA;NA
16;1.46;0.01;0,016677966;483;NA;NA
24;1.44;0.0121;0,020569492;483;NA;NA
11;1.42;0.0169;0,038915254;483;NA;NA
18;1.49;0.0169;0,063932203;483;NA;NA
5;1.41;0.0121;0,097288136;483;NA;NA
14;1.52;0.01;0,125084746;483;NA;NA
5;1.48;0.0121;0,138983051;483;NA;NA
11;1.47;0.0049;0,155661017;483;NA;NA
14;1.41;0.0121;0,164;483;NA;NA
1;4.4;0;0;447;NA;NA
12;4.3;0.09;0,008;447;NA;NA
30;4.5;8.41;0,019;447;NA;NA
30;4.7;0.09;0,021;447;NA;NA
2;4.5;0.01;0,023;447;NA;NA
8;4.7;0.04;0,026;447;NA;NA
23;4.6;0.04;0,028;447;NA;NA
26;4.8;0.36;0,037;447;NA;NA
1;72;0;0;446;NA;NA
12;71.1;4;0,008;446;NA;NA
30;71.3;4.41;0,019;446;NA;NA
30;71.3;4.84;0,021;446;NA;NA
2;73.4;3.61;0,023;446;NA;NA
8;73;4.41;0,026;446;NA;NA
23;73.5;4.41;0,028;446;NA;NA
26;75.4;9.61;0,037;446;NA;NA
1;3.7;0;0;445;NA;NA
12;3.5;0.16;0,008;445;NA;NA
30;3.8;0.09;0,019;445;NA;NA
30;3.9;0.09;0,021;445;NA;NA
2;3.8;0.01;0,023;445;NA;NA
8;4.1;0.09;0,026;445;NA;NA
23;3.9;0.09;0,028;445;NA;NA
26;4.3;0.49;0,037;445;NA;NA
12;48.6;1.9881;0;440;NA;NA
26;47.11;2.4964;0,011;440;NA;NA
3;49.27;5.0625;0,015;440;NA;NA
33;48.09;3.1684;0,02;440;NA;NA
17;46.64;12.8164;0,029;440;NA;NA
23;45.26;2.1904;0;439;NA;NA
1;42.4;0;0,008;439;NA;NA
47;44.18;2.7225;0,011;439;NA;NA
1;43.2;0;0,013;439;NA;NA
11;44.45;1.7956;0,015;439;NA;NA
3;45.13;2.0736;0,018;439;NA;NA
74;44.4;3.0976;0,02;439;NA;NA
8;44.29;2.89;0,029;439;NA;NA
12;2.71;0.0484;0;438;NA;NA
26;2.41;0.0784;0,011;438;NA;NA
3;2.57;0.0144;0,015;438;NA;NA
33;2.38;0.0729;0,02;438;NA;NA
17;2.84;0.2601;0,029;438;NA;NA
23;3.36;0.09;0;437;NA;NA
1;3;0;0,008;437;NA;NA
47;3.29;0.1089;0,011;437;NA;NA
1;3.6;0;0,013;437;NA;NA
11;3.23;0.0441;0,015;437;NA;NA
3;3.37;0.0441;0,018;437;NA;NA
74;3.23;0.0729;0,02;437;NA;NA
8;3.46;0.0169;0,029;437;NA;NA
12;2.85;0.0289;0;436;NA;NA
26;2.75;0.0625;0,011;436;NA;NA
3;2.6;0.01;0,015;436;NA;NA
33;2.77;0.0441;0,02;436;NA;NA
17;2.85;0.1521;0,029;436;NA;NA
23;4.71;0.1369;0;435;NA;NA
1;5;0;0,008;435;NA;NA
47;4.54;0.0841;0,011;435;NA;NA
1;5.2;0;0,013;435;NA;NA
11;4.6;0.1089;0,015;435;NA;NA
3;5;0.01;0,018;435;NA;NA
74;4.6;0.0576;0,02;435;NA;NA
8;4.51;0.1156;0,029;435;NA;NA
50;30.7;80.36046736;0;362;NA;NA
50;28.7;74.62713769;0,1197115;362;NA;NA
50;37.2;94.99231296;0,2553846;362;NA;NA
50;30;61.3089;0,4987981;362;NA;NA
50;28.6;47.90300944;0,6384615;362;NA;NA
50;29.2;81.41091984;0,7222596;362;NA;NA
50;28.9;98.83541056;0,7581731;362;NA;NA
50;28.5;96.67805625;0,8180288;362;NA;NA
50;31.1;64.38136644;0,8427692;362;NA;NA
50;29.8;35.5216;0,9377404;362;NA;NA
50;29.6;41.25749824;0,9975962;362;NA;NA
50;32.6;51.437584;1,04149;362;NA;NA
50;29;39.601849;1,13726;362;NA;NA
50;23.2;13.60724544;1,197115;362;NA;NA
50;30.6;47.82552336;1,256971;362;NA;NA
50;31.1;48.09838609;1,316827;362;NA;NA
50;29.9;57.22468609;1,384663;362;NA;NA
50;29.4;41.07784464;1,481231;362;NA;NA
50;26.4;43.56;1,596154;362;NA;NA
50;25.3;54.95108641;1,65601;362;NA;NA
50;26.6;64.96037604;1,715865;362;NA;NA
50;25.9;48.54048241;1,775721;362;NA;NA
50;25;68.475625;1,86351;362;NA;NA
50;19.8;63.67082436;1,955288;362;NA;NA
50;21.9;53.50337316;2,015144;362;NA;NA
50;23.3;54.55447321;2,075;362;NA;NA
50;25.3;63.51293025;2,098942;362;NA;NA
50;20.1;41.88937284;2,159596;362;NA;NA
50;24.7;54.54265609;2,238606;362;NA;NA
50;28.3;29.83235161;2,334375;362;NA;NA
50;31.2;112.529664;2,394231;362;NA;NA
50;28.6;62.76125284;2,454087;362;NA;NA
50;29.5;64.85886225;2,478029;362;NA;NA
50;27.8;56.75814244;2,61849;362;NA;NA
50;28;57.1536;2,653606;362;NA;NA
50;31;53.978409;2,773317;362;NA;NA
50;29.8;57.29278864;2,79726;362;NA;NA
50;30.3;48.14555769;2,857115;362;NA;NA
50;30.4;109.998144;2,917769;362;NA;NA
50;30.6;67.25312064;3,032692;362;NA;NA
50;29.9;64.69145761;3,092548;362;NA;NA
50;28;36.578304;3,11649;362;NA;NA
50;30.4;52.34811904;3,152404;362;NA;NA
50;32.5;52.52625625;3,21226;362;NA;NA
50;35.7;67.420521;3,272115;362;NA;NA
50;32.9;69.28398169;3,376663;362;NA;NA
50;41.5;147.8534403;3,556231;362;NA;NA
50;40.1;109.5392492;3,695096;362;NA;NA
50;38.8;138.212941;3,802837;362;NA;NA
50;38.8;81.02880256;3,922548;362;NA;NA
50;38.5;162.3967923;4,102115;362;NA;NA
50;39;69.655716;4,181923;362;NA;NA
50;38.2;94.14432784;4,25375;362;NA;NA
50;38.5;90.43059025;4,36149;362;NA;NA
50;44;109.662784;4,453269;362;NA;NA
50;39.8;90.48194884;4,608894;362;NA;NA
50;43.6;101.4371266;4,728606;362;NA;NA
50;37.1;79.281216;4,824375;362;NA;NA
50;38.3;83.79022369;4,928125;362;NA;NA
50;41.2;78.464164;5,107692;362;NA;NA
50;41.9;155.9051904;5,243365;362;NA;NA
50;38;165.945924;5,486779;362;NA;NA
50;44.6;141.8052272;5,546635;362;NA;NA
50;48.5;210.2935023;5,746154;362;NA;NA
50;39.9;83.48659641;5,865865;362;NA;NA
50;40.9;372.675303;6,244952;362;NA;NA
50;45.4;178.1584258;6,504327;362;NA;NA
50;47.9;181.168908;6,74375;362;NA;NA
50;46.5;149.5606703;7,003125;362;NA;NA
50;57.6;214.0486042;7,2625;362;NA;NA
50;51.3;163.1674117;7,637596;362;NA;NA
50;62.1;335.6040803;8,166322;362;NA;NA
50;61.3;574.4794049;0;361;NA;NA
50;60.3;303.6898729;0,1197115;361;NA;NA
50;79.9;352.5569523;0,2553846;361;NA;NA
50;64.5;287.7603323;0,4987981;361;NA;NA
50;61.8;330.1198286;0,6384615;361;NA;NA
50;66;434.972736;0,7222596;361;NA;NA
50;68.6;458.0969702;0,7581731;361;NA;NA
50;62.6;458.3538446;0,8180288;361;NA;NA
50;69.4;573.267249;0,8427692;361;NA;NA
50;71.8;421.678011;0,9377404;361;NA;NA
50;72.5;366.3396;0,9975962;361;NA;NA
50;76.5;342.731169;1,04149;361;NA;NA
50;69.4;270.5301248;1,13726;361;NA;NA
50;50.7;52.56395001;1,197115;361;NA;NA
50;71.3;195.295035;1,256971;361;NA;NA
50;75;612.5625;1,316827;361;NA;NA
50;73.9;392.245947;1,384663;361;NA;NA
50;65.8;178.4201348;1,481231;361;NA;NA
50;64.4;200.732224;1,596154;361;NA;NA
50;67.9;318.8974493;1,65601;361;NA;NA
50;76;606.341376;1,715865;361;NA;NA
50;74.9;439.824784;1,775721;361;NA;NA
50;80;508.9536;1,86351;361;NA;NA
50;68.3;501.8675258;1,955288;361;NA;NA
50;73.7;498.6780272;2,015144;361;NA;NA
50;70.8;365.421456;2,075;361;NA;NA
50;84.2;391.525369;2,098942;361;NA;NA
50;74.1;715.56785;2,159596;361;NA;NA
50;77.8;720.439281;2,238606;361;NA;NA
50;72.1;367.818698;2,334375;361;NA;NA
50;89;756.305001;2,394231;361;NA;NA
50;68.7;410.7310223;2,454087;361;NA;NA
50;78.7;820.6391502;2,478029;361;NA;NA
50;64.5;181.7238803;2,61849;361;NA;NA
50;69.9;439.7409;2,653606;361;NA;NA
50;67.1;405.2169;2,773317;361;NA;NA
50;69.7;259.2325405;2,79726;361;NA;NA
50;63.4;220.0950274;2,857115;361;NA;NA
50;70.6;621.0961152;2,917769;361;NA;NA
50;72.3;590.1401318;3,032692;361;NA;NA
50;69.2;268.9731202;3,092548;361;NA;NA
50;63.4;143.5827028;3,11649;361;NA;NA
50;70.8;308.2974106;3,152404;361;NA;NA
50;75.8;356.2354256;3,21226;361;NA;NA
50;80.2;544.6715792;3,272115;361;NA;NA
50;74.8;378.224704;3,376663;361;NA;NA
50;84.8;731.7674214;3,556231;361;NA;NA
50;78.6;318.3441008;3,695096;361;NA;NA
50;78.4;438.1821158;3,802837;361;NA;NA
50;78.4;231.3319322;3,922548;361;NA;NA
50;79.5;499.0532603;4,102115;361;NA;NA
50;74.8;401.858153;4,181923;361;NA;NA
50;74.8;327.6679226;4,25375;361;NA;NA
50;74.7;324.0972073;4,36149;361;NA;NA
50;83.1;295.8984829;4,453269;361;NA;NA
50;79.5;506.1825023;4,608894;361;NA;NA
50;85.4;567.7068676;4,728606;361;NA;NA
50;74.7;374.3180173;4,824375;361;NA;NA
50;78.2;317.8946362;4,928125;361;NA;NA
50;71.8;348.494224;5,107692;361;NA;NA
50;88.1;1585.727969;5,243365;361;NA;NA
50;78.4;765.916695;5,486779;361;NA;NA
50;83.4;473.8197028;5,546635;361;NA;NA
50;88.3;593.9358926;5,746154;361;NA;NA
50;77.9;376.2474884;5,865865;361;NA;NA
50;95.6;3837.653821;6,244952;361;NA;NA
50;85.5;916.091289;6,504327;361;NA;NA
50;108.6;1363.381776;6,74375;361;NA;NA
50;87.1;1078.248867;7,003125;361;NA;NA
50;119.9;1159.511463;7,2625;361;NA;NA
50;101.3;1315.179237;7,637596;361;NA;NA
50;121.4;1595.251528;8,166322;361;NA;NA
50;57.6;116.0187494;0;360;NA;NA
50;54.5;53.333809;0,1197115;360;NA;NA
50;56.6;44.60636944;0,2553846;360;NA;NA
50;58.7;75.47439376;0,4987981;360;NA;NA
50;61;49.210225;0,6384615;360;NA;NA
50;61.2;35.24084496;0,7222596;360;NA;NA
50;63.1;37.46296849;0,7581731;360;NA;NA
50;61.5;40.12589025;0,8180288;360;NA;NA
50;59.3;31.73632225;0,8427692;360;NA;NA
50;59.7;31.49229924;0,9377404;360;NA;NA
50;62.1;37.79667441;0,9975962;360;NA;NA
50;61;49.210225;1,04149;360;NA;NA
50;59.3;54.94515625;1,13726;360;NA;NA
50;60.2;32.02201744;1,197115;360;NA;NA
50;61.2;33.802596;1,256971;360;NA;NA
50;60.5;31.65750225;1,316827;360;NA;NA
50;59.7;32.84665344;1,384663;360;NA;NA
50;57.8;25.28681796;1,481231;360;NA;NA
50;60.2;53.94021136;1,596154;360;NA;NA
50;60.8;52.34811904;1,65601;360;NA;NA
50;58.9;36.09366084;1,715865;360;NA;NA
50;59.9;38.80791616;1,775721;360;NA;NA
50;59;54.390625;1,86351;360;NA;NA
50;60.7;35.38584196;1,955288;360;NA;NA
50;61;56.295009;2,015144;360;NA;NA
50;61.7;30.15437569;2,075;360;NA;NA
50;60.3;30.77586576;2,098942;360;NA;NA
50;62.5;22.5625;2,159596;360;NA;NA
50;62.3;38.8129;2,238606;360;NA;NA
50;64.5;41.6025;2,334375;360;NA;NA
50;66.4;38.13309504;2,394231;360;NA;NA
50;65.6;43.0336;2,454087;360;NA;NA
50;68.9;56.40160201;2,478029;360;NA;NA
50;68.5;90.65896225;2,61849;360;NA;NA
50;66.4;53.348416;2,653606;360;NA;NA
50;67;52.359696;2,773317;360;NA;NA
50;68.5;24.324624;2,79726;360;NA;NA
50;70.5;78.907689;2,917769;360;NA;NA
50;5.559141985;0.054756;0;359;NA;NA
50;5.462135452;0.018496;0,119711538;359;NA;NA
50;5.617861412;0.030976;0,255384615;359;NA;NA
50;5.471009374;0.024025;0,498798077;359;NA;NA
50;5.491826113;0.007744;0,638461538;359;NA;NA
50;5.506550305;0.034225;0,722259615;359;NA;NA
50;5.511814541;0.029929;0,758173077;359;NA;NA
50;5.503296947;0.043264;0,818028846;359;NA;NA
50;5.573673789;0.046656;0,842769231;359;NA;NA
50;5.529429088;0.042025;0,937740385;359;NA;NA
50;5.529032183;0.025921;0,997596154;359;NA;NA
50;5.578597109;0.025281;1,041490385;359;NA;NA
50;5.521460918;0.021025;1,137259615;359;NA;NA
50;5.394990254;0.005476;1,197115385;359;NA;NA
50;5.561450566;0.016641;1,256971154;359;NA;NA
50;5.56719881;0.033489;1,316826923;359;NA;NA
50;5.6069044;0.036481;1,384663462;359;NA;NA
50;5.520660598;0.017161;1,481230769;359;NA;NA
50;5.495116943;0.022201;1,596153846;359;NA;NA
50;5.523458921;0.027889;1,656009615;359;NA;NA
50;5.580861261;0.026896;1,715865385;359;NA;NA
50;5.630494679;0.030276;1,775721154;359;NA;NA
50;5.694405313;0.034596;1,863509615;359;NA;NA
50;5.538514672;0.037636;1,955288462;359;NA;NA
50;5.582367853;0.030276;2,015144231;359;NA;NA
50;5.521860838;0.0225;2,075;359;NA;NA
50;5.717027701;0.023716;2,098942308;359;NA;NA
50;5.572154032;0.037249;2,159596154;359;NA;NA
50;5.622210821;0.043681;2,238605769;359;NA;NA
50;5.520660598;0.026569;2,334375;359;NA;NA
50;5.630494679;0.0324;2,394230769;359;NA;NA
50;5.512621969;0.0324;2,454086538;359;NA;NA
50;5.579729826;0.057121;2,478028846;359;NA;NA
50;5.43677411;0.019044;2,618490385;359;NA;NA
50;5.489763831;0.024025;2,653605769;359;NA;NA
50;5.472690753;0.021316;2,773317308;359;NA;NA
50;5.452325179;0.017956;2,797259615;359;NA;NA
50;5.428028973;0.020449;2,857115385;359;NA;NA
50;5.525054453;0.037636;2,917769231;359;NA;NA
50;5.475626382;0.025921;3,032692308;359;NA;NA
50;5.457455588;0.015129;3,092548077;359;NA;NA
50;5.409411414;0.015129;3,116490385;359;NA;NA
50;5.372032404;0.014161;3,152403846;359;NA;NA
50;5.360352757;0.019044;3,212259615;359;NA;NA
50;5.399519247;0.015129;3,272115385;359;NA;NA
50;5.353752073;0.010404;3,376663462;359;NA;NA
50;5.437644432;0.018496;3,556230769;359;NA;NA
50;5.394536224;0.019044;3,695096154;359;NA;NA
50;5.422744945;0.022801;3,802836538;359;NA;NA
50;5.392718042;0.012321;3,922548077;359;NA;NA
50;5.416988896;0.026896;4,102115385;359;NA;NA
50;5.386786015;0.017689;4,181923077;359;NA;NA
50;5.370638028;0.012321;4,25375;359;NA;NA
50;5.371567828;0.017161;4,361490385;359;NA;NA
50;5.441118165;0.011025;4,453269231;359;NA;NA
50;5.422303346;0.024025;4,608894231;359;NA;NA
50;5.493472881;0.020164;4,728605769;359;NA;NA
50;5.420534999;0.021025;4,824375;359;NA;NA
50;5.381278887;0.020449;4,928125;359;NA;NA
50;5.376203905;0.0169;5,107692308;359;NA;NA
50;5.431973751;0.046225;5,243365385;359;NA;NA
50;5.470588587;0.026569;5,486778846;359;NA;NA
50;5.445011746;0.017689;5,546634615;359;NA;NA
50;5.445011746;0.015376;5,746153846;359;NA;NA
50;5.338979348;0.011664;5,865865385;359;NA;NA
50;5.56681662;0.072361;6,244951923;359;NA;NA
50;5.495116943;0.036864;6,504326923;359;NA;NA
50;5.634432397;0.021904;6,74375;359;NA;NA
50;5.513831891;0.025921;7,003125;359;NA;NA
50;5.664348405;0.015876;7,2625;359;NA;NA
50;5.552959585;0.025281;7,637596154;359;NA;NA
50;5.689007189;0.017161;8,166322115;359;NA;NA
50;4.76;0.056644;0;358;NA;NA
50;4.72;0.053490438;0,1197115;358;NA;NA
50;4.75;0.063378063;0,2553846;358;NA;NA
50;4.7;0.08491396;0,4987981;358;NA;NA
50;4.71;0.059985806;0,6384615;358;NA;NA
50;4.62;0.074299856;0,7222596;358;NA;NA
50;4.75;0.092416;0,7581731;358;NA;NA
50;4.68;0.052587662;0,8180288;358;NA;NA
50;4.65;0.077841;0,8427692;358;NA;NA
50;4.48;0.077150618;0,9377404;358;NA;NA
50;4.47;0.07193124;0,9975962;358;NA;NA
50;4.52;0.043230726;1,04149;358;NA;NA
50;4.46;0.103118054;1,13726;358;NA;NA
50;4.56;0.06994967;1,197115;358;NA;NA
50;4.45;0.094279703;1,256971;358;NA;NA
50;4.52;0.102989646;1,316827;358;NA;NA
50;4.47;0.084419303;1,384663;358;NA;NA
50;4.37;0.066476309;1,481231;358;NA;NA
50;4.51;0.04883658;1,596154;358;NA;NA
50;4.41;0.063186877;1,65601;358;NA;NA
50;4.4;0.08690704;1,715865;358;NA;NA
50;4.37;0.09899833;1,775721;358;NA;NA
50;4.36;0.085334094;1,86351;358;NA;NA
50;4.14;0.049979074;1,955288;358;NA;NA
50;4.33;0.04687225;2,015144;358;NA;NA
50;4.37;0.045851657;2,075;358;NA;NA
50;4.27;0.033712632;2,098942;358;NA;NA
50;4.3;0.06220036;2,159596;358;NA;NA
50;4.25;0.071690063;2,238606;358;NA;NA
50;4.31;0.056192703;2,334375;358;NA;NA
50;4.28;0.06594624;2,394231;358;NA;NA
50;4.1;0.05461569;2,454087;358;NA;NA
50;4.19;0.081179406;2,478029;358;NA;NA
50;4.06;0.057379412;2,61849;358;NA;NA
50;4.01;0.074354382;2,653606;358;NA;NA
50;3.94;0.035766374;2,773317;358;NA;NA
50;4.06;0.063362958;2,79726;358;NA;NA
50;3.92;0.06492304;2,857115;358;NA;NA
50;3.96;0.04743684;2,917769;358;NA;NA
50;3.96;0.05458765;3,032692;358;NA;NA
50;3.95;0.03301489;3,092548;358;NA;NA
50;3.9;0.03956121;3,11649;358;NA;NA
50;3.95;0.08088336;3,152404;358;NA;NA
50;3.98;0.058942128;3,21226;358;NA;NA
50;3.91;0.051429168;3,272115;358;NA;NA
50;3.96;0.081293414;3,376663;358;NA;NA
50;4.01;0.05788836;3,556231;358;NA;NA
50;3.89;0.049164193;3,695096;358;NA;NA
50;3.87;0.035959537;3,802837;358;NA;NA
50;3.96;0.036130406;3,922548;358;NA;NA
50;4.01;0.048642303;4,102115;358;NA;NA
50;3.9;0.04435236;4,181923;358;NA;NA
50;3.84;0.058525286;4,25375;358;NA;NA
50;3.9;0.03080025;4,36149;358;NA;NA
50;3.85;0.07683984;4,453269;358;NA;NA
50;3.93;0.045037328;4,608894;358;NA;NA
50;3.8;0.04691556;4,728606;358;NA;NA
50;3.68;0.062620058;4,824375;358;NA;NA
50;3.7;0.07907344;4,928125;358;NA;NA
50;3.64;0.037218126;5,107692;358;NA;NA
50;3.56;0.06210064;5,243365;358;NA;NA
50;3.71;0.029124836;5,486779;358;NA;NA
50;3.59;0.044863476;5,546635;358;NA;NA
50;3.44;0.05633977;5,746154;358;NA;NA
50;3.55;0.05161984;5,865865;358;NA;NA
50;3.57;0.13259794;6,244952;358;NA;NA
50;3.46;0.023177018;6,504327;358;NA;NA
50;3.25;0.038025;6,74375;358;NA;NA
50;3.41;0.061966145;7,003125;358;NA;NA
50;3.27;0.030036356;7,2625;358;NA;NA
50;3.39;0.021248893;7,637596;358;NA;NA
50;3.3;0.07502121;8,166322;358;NA;NA
50;34.5;271.953081;0;357;NA;NA
50;36.1;184.242617;0,1197115;357;NA;NA
50;40;263.7376;0,2553846;357;NA;NA
50;31.8;171.6519226;0,4987981;357;NA;NA
50;24.2;136.62337;0,6384615;357;NA;NA
50;29.6;163.5124838;0,7222596;357;NA;NA
50;24.7;123.543225;0,7581731;357;NA;NA
50;26.1;138.5587952;0,8180288;357;NA;NA
50;33.5;204.6187203;0,8427692;357;NA;NA
50;29.1;155.122043;0,9377404;357;NA;NA
50;25.2;169.7392066;0,9975962;357;NA;NA
50;29.5;392.990976;1,04149;357;NA;NA
50;27;188.128656;1,13726;357;NA;NA
50;22;77.827684;1,197115;357;NA;NA
50;27.8;94.13268484;1,256971;357;NA;NA
50;24.7;146.482609;1,316827;357;NA;NA
50;28.7;170.5244223;1,384663;357;NA;NA
50;31.7;141.3126563;1,481231;357;NA;NA
50;23.6;124.6081038;1,596154;357;NA;NA
50;28.2;113.026666;1,65601;357;NA;NA
50;30.5;288.6091323;1,715865;357;NA;NA
50;33.8;243.8469634;1,775721;357;NA;NA
50;34.8;361.0304006;1,86351;357;NA;NA
50;28.9;105.8511746;1,955288;357;NA;NA
50;28.6;120.6131098;2,015144;357;NA;NA
50;26.2;96.01648144;2,075;357;NA;NA
50;31.3;202.8203223;2,098942;357;NA;NA
50;26.7;112.35788;2,159596;357;NA;NA
50;28.9;337.8391042;2,238606;357;NA;NA
50;23.7;134.861769;2,334375;357;NA;NA
50;26.6;165.0659648;2,394231;357;NA;NA
50;23.7;96.73706025;2,454087;357;NA;NA
50;21.3;157.3945885;2,478029;357;NA;NA
50;37.7;234.2797584;2,61849;357;NA;NA
50;29.8;297.7074176;2,653606;357;NA;NA
50;31.4;211.3592592;2,773317;357;NA;NA
50;32;203.689984;2,79726;357;NA;NA
50;38.1;133.2708625;2,857115;357;NA;NA
50;41.4;267.420609;2,917769;357;NA;NA
50;43;117.418896;3,032692;357;NA;NA
50;43.7;211.7636144;3,092548;357;NA;NA
50;42;96.589584;3,11649;357;NA;NA
50;42.8;116.3291674;3,152404;357;NA;NA
50;40.6;132.015504;3,21226;357;NA;NA
50;47.5;124.6014063;3,272115;357;NA;NA
50;48;142.850304;3,376663;357;NA;NA
50;65.9;318.9403092;3,556231;357;NA;NA
50;56.8;208.1440998;3,695096;357;NA;NA
50;54.4;180.5475942;3,802837;357;NA;NA
50;55.4;308.4168192;3,922548;357;NA;NA
50;50.3;195.5354756;4,102115;357;NA;NA
50;57.4;207.5731748;4,181923;357;NA;NA
50;50.4;158.76;4,25375;357;NA;NA
50;53.5;176.039824;4,36149;357;NA;NA
50;62.2;263.5492496;4,453269;357;NA;NA
50;57.6;339.738624;4,608894;357;NA;NA
50;66.3;255.3060709;4,728606;357;NA;NA
50;60.9;268.3732004;4,824375;357;NA;NA
50;67.7;263.997504;4,928125;357;NA;NA
50;63.9;181.7885924;5,107692;357;NA;NA
50;76.9;159.0524546;5,243365;357;NA;NA
50;58.4;378.1935878;5,486779;357;NA;NA
50;70.7;312.405625;5,546635;357;NA;NA
50;86.7;238.1651428;5,746154;357;NA;NA
50;79.3;114.6077303;5,865865;357;NA;NA
50;65.1;1005.124594;6,244952;357;NA;NA
50;80.1;372.6482768;6,504327;357;NA;NA
50;109.5;607.0064063;6,74375;357;NA;NA
50;86.3;411.2986803;7,003125;357;NA;NA
50;102.7;417.6832313;7,2625;357;NA;NA
50;93.2;451.5455002;7,637596;357;NA;NA
50;126;1008.189504;8,166322;357;NA;NA
49;-2.733368009;0.046390533;0;320;NA;NA
45;-2.995732274;0.0576;0,161;320;NA;NA
52;-2.796881415;0.06879871;0,297;320;NA;NA
47;-2.882403588;0.12755102;0,428;320;NA;NA
47;-2.764620553;0.100781053;0,55;320;NA;NA
51;-2.813410717;0.111111111;0,586;320;NA;NA
45;-2.937463365;0.069775721;0,742;320;NA;NA
54;-2.796881415;0.107497984;0,804;320;NA;NA
50;-2.813410717;0.266944444;1,015;320;NA;NA
42;-2.396895772;0.063881174;1,097;320;NA;NA
45;-2.453407983;0.098566793;1,164;320;NA;NA
13;-2.70306266;0.026954778;1,188;320;NA;NA
47;-2.590267165;0.0784;1,201;320;NA;NA
40;-2.430418465;0.0625;1,212;320;NA;NA
53;-2.501036032;0.133848899;1,223;320;NA;NA
38;-2.44184716;0.05284714;1,233;320;NA;NA
42;-2.513306124;0.049382716;1,244;320;NA;NA
61;-2.396895772;0.088032846;1,255;320;NA;NA
43;-2.453407983;0.091400757;1,271;320;NA;NA
48;-2.488914671;0.05806358;1,276;320;NA;NA
46;-2.465104022;0.093564014;1,281;320;NA;NA
26;-2.353878387;0.080775623;1,287;320;NA;NA
48;-2.189256408;0.103316327;1,311;320;NA;NA
48;-1.944910649;0.086263387;1,325;320;NA;NA
49;-2.128631786;0.124567474;1,329;320;NA;NA
55;-2.063568193;0.167648335;1,335;320;NA;NA
49;-2.244316185;0.135368459;1,34;320;NA;NA
34;-2.111964733;0.126289188;1,346;320;NA;NA
36;-2.189256408;0.140625;1,351;320;NA;NA
47;-1.845160246;0.096178497;1,362;320;NA;NA
44;-2.128631786;0.08650519;1,372;320;NA;NA
57;-1.897119985;0.236844444;1,388;320;NA;NA
47;-1.870802677;0.089222466;1,399;320;NA;NA
43;-1.801809805;0.16;1,41;320;NA;NA
54;-1.826350914;0.108367733;1,42;320;NA;NA
48;-2.171556831;0.148968914;1,432;320;NA;NA
46;-1.917322692;0.120366514;1,455;320;NA;NA
30;-2.137070655;0.060399311;1,479;320;NA;NA
44;-2.040220829;0.076686391;1,5;320;NA;NA
60;-2.017406151;0.07739273;1,522;320;NA;NA
37;-2.145581344;0.12886259;1,532;320;NA;NA
48;-1.973281346;0.067077273;1,554;320;NA;NA
41;-1.714798428;0.118641975;1,575;320;NA;NA
47;-2.009915479;0.076241925;1,586;320;NA;NA
38;-1.924148657;0.054231563;1,607;320;NA;NA
47;-2.154165088;0.096313912;1,628;320;NA;NA
53;-1.826350914;0.120982987;1,65;320;NA;NA
39;-1.845160246;0.196282647;1,66;320;NA;NA
45;-1.789761467;0.160959518;1,682;320;NA;NA
54;-2.087473713;0.189646202;1,697;320;NA;NA
41;-1.995100393;0.0625;1,717;320;NA;NA
39;-2.063568193;0.080352161;1,74;320;NA;NA
73;-1.589635285;0.121131296;1,762;320;NA;NA
48;-1.795767491;0.117905356;1,799;320;NA;NA
43;-1.742969305;0.1296;1,841;320;NA;NA
64;-1.703748592;0.123656563;1,88;320;NA;NA
49;-1.74869998;0.126965253;1,917;320;NA;NA
57;-1.910543005;0.105186267;1,992;320;NA;NA
56;-1.944910649;0.117414054;2,063;320;NA;NA
42;-1.771956842;0.08650519;2,101;320;NA;NA
49;-1.7837913;0.145124717;2,156;320;NA;NA
44;-1.826350914;0.178388179;2,196;320;NA;NA
48;-1.555897146;0.092001527;2,258;320;NA;NA
36;-1.474033275;0.113060392;2,282;320;NA;NA
60;-1.589635285;0.111111111;2,358;320;NA;NA
45;-1.452434164;0.084447366;2,395;320;NA;NA
35;-1.518683549;0.07758387;2,471;320;NA;NA
50;-1.570217199;0.094674556;2,498;320;NA;NA
40;-1.560647748;0.175600907;2,673;320;NA;NA
52;-1.619488248;0.135930007;2,71;320;NA;NA
49;-1.465337568;0.145124717;2,737;320;NA;NA
43;-1.537117251;0.183104381;2,819;320;NA;NA
39;-1.532476871;0.201667524;2,839;320;NA;NA
44;-1.5847453;0.14477097;2,874;320;NA;NA
52;-1.57987911;0.118790649;2,95;320;NA;NA
37;-1.777856564;0.218514758;3,003;320;NA;NA
45;-1.660731207;0.164238227;3,038;320;NA;NA
57;-1.660731207;0.224376731;3,116;320;NA;NA
51;-1.777856564;0.252967333;3,154;320;NA;NA
46;-1.570217199;0.151650333;3,209;320;NA;NA
54;-1.609437912;0.1521;3,216;320;NA;NA
43;-1.731605546;0.20942258;3,243;320;NA;NA
41;-1.671313316;0.25;3,278;320;NA;NA
43;-1.937941979;0.229600694;4,165;320;NA;NA
46;-1.845160246;0.158988944;4,278;320;NA;NA
41;-1.63989712;0.174327771;4,38;320;NA;NA
58;-1.541779264;0.165276443;4,491;320;NA;NA
53;-1.5945493;0.105705064;4,681;320;NA;NA
53;-1.532476871;0.111111111;4,81;320;NA;NA
52;-1.771956842;0.179377163;5,033;320;NA;NA
47;-1.63989712;0.224891062;5,144;320;NA;NA
42;-1.406497068;0.144089963;5,275;320;NA;NA
45;-1.461017907;0.101739001;5,588;320;NA;NA
41;-1.431291727;0.10651074;5,738;320;NA;NA
45;-1.38230234;0.086919255;5,843;320;NA;NA
41;4.339901708;0.288538456;0;319;NA;NA
36;4.403054002;0.219762423;0,07;319;NA;NA
44;4.391976966;0.341241055;0,17;319;NA;NA
7;4.770684624;0.100456765;0,55;319;NA;NA
25;4.692264893;0.53903322;1,14;319;NA;NA
6;4.21508618;0.237602246;1,26;319;NA;NA
18;4.548599834;0.331386019;1,42;319;NA;NA
69;4.691347882;0.623955054;1,6;319;NA;NA
63;4.797442074;0.348996286;1,73;319;NA;NA
167;4.577798989;0.403414282;1,84;319;NA;NA
75;4.623010104;0.241237296;1,95;319;NA;NA
60;4.509760001;0.382247686;1,98;319;NA;NA
154;4.620058798;0.262466937;2,01;319;NA;NA
51;4.729156166;0.385671721;2,03;319;NA;NA
48;4.866764924;0.421150041;2,09;319;NA;NA
76;4.627909673;0.413714288;2,11;319;NA;NA
113;4.325456283;0.219261779;2,14;319;NA;NA
82;4.85903691;0.279938683;2,17;319;NA;NA
74;4.777441407;0.391151271;2,26;319;NA;NA
121;5.495116943;0.308287171;2,29;319;NA;NA
65;5.10291057;0.353464584;2,32;319;NA;NA
19;4.477336814;0.236549587;2,39;319;NA;NA
42;5.171052016;0.416871512;2,54;319;NA;NA
57;5.197391448;0.235289385;2,6;319;NA;NA
52;5.079539273;0.350947492;2,7;319;NA;NA
39;5.150976779;0.34242161;2,94;319;NA;NA
61;4.997212274;0.388095325;3,13;319;NA;NA
45;5.363168339;0.323096885;3,62;319;NA;NA
62;5.330784557;0.317428068;3,85;319;NA;NA
32;4.976043849;0.304819821;0;318;NA;NA
31;4.891851758;0.250751314;0,16;318;NA;NA
122;4.6558633;0.318816956;0,45;318;NA;NA
45;4.614129927;0.421405566;0,75;318;NA;NA
65;4.49088104;0.464598122;0,83;318;NA;NA
40;5.011967739;0.215340487;1,09;318;NA;NA
65;4.911183215;0.341854629;1,1;318;NA;NA
27;4.995860009;0.524105464;1,36;318;NA;NA
61;4.865224091;0.417453479;1,5;318;NA;NA
19;5.255409866;0.509778113;1,7;318;NA;NA
36;4.980176087;0.37668379;1,87;318;NA;NA
14;5.182906515;0.212778741;1,88;318;NA;NA
8;5.595083058;0.186138858;1,9;318;NA;NA
23;5.159055299;0.344312657;1,91;318;NA;NA
20;5.445874931;0.198597501;1,94;318;NA;NA
13;5.500441551;0.21648341;1,96;318;NA;NA
9;5.112590017;0.187899545;1,97;318;NA;NA
34;5.379436418;0.26520838;2;318;NA;NA
47;5.178970609;0.400278992;2,02;318;NA;NA
13;5.05751888;0.187667531;2,04;318;NA;NA
37;5.166498792;0.246305819;2,05;318;NA;NA
21;5.105945474;0.340631405;2,24;318;NA;NA
74;5.279644101;0.380581512;2,43;318;NA;NA
44;5.385412073;0.382787762;2,52;318;NA;NA
45;5.33945931;0.294530165;2,7;318;NA;NA
7;5.401325117;0.568095715;2,89;318;NA;NA
64;5.380818588;0.245873523;3,02;318;NA;NA
51;5.122772794;0.24348755;3,22;318;NA;NA
19;5.216022124;0.363133826;3,5;318;NA;NA
11;5.11559573;0.121200941;3,65;318;NA;NA
17;34.5;123.21;0;482;NA;NA
16;35;106.09;1,2;482;NA;NA
7;27.6;19.36;1,5;482;NA;NA
13;32.2;134.56;1,9;482;NA;NA
7;30.7;22.09;2,24;482;NA;NA
7;32.9;29.16;2,29;482;NA;NA
7;38;320.41;2,33;482;NA;NA
20;31;182.25;2,55;482;NA;NA
13;39.1;275.56;2,57;482;NA;NA
6;21.5;12.25;2,58;482;NA;NA
13;33.4;179.56;2,7;482;NA;NA
6;28.1;148.84;2,9;482;NA;NA
12;27.6;29.16;3,1;482;NA;NA
12;29.6;102.01;3,2;482;NA;NA
11;28.2;102.01;3,4;482;NA;NA
13;28.1;32.49;3,5;482;NA;NA
10;21.1;42.25;3,8;482;NA;NA
11;26.1;108.16;4,1;482;NA;NA
4;25.7;68.89;4,5;482;NA;NA
8;24.1;42.25;5;482;NA;NA
14;21.4;59.29;5,4;482;NA;NA
16;20.5;29.16;6,3;482;NA;NA
25;95.7;114.49;0;481;NA;NA
19;93.5;82.81;1,2;481;NA;NA
16;104;108.16;1,5;481;NA;NA
18;100.6;158.76;1,9;481;NA;NA
7;113.1;146.41;2,24;481;NA;NA
13;116.3;249.64;2,29;481;NA;NA
8;120;432.64;2,33;481;NA;NA
25;121.1;225;2,55;481;NA;NA
17;130.2;334.89;2,57;481;NA;NA
10;105;161.29;2,58;481;NA;NA
19;130.8;156.25;2,7;481;NA;NA
12;131.4;190.44;2,9;481;NA;NA
22;128.7;196;3,1;481;NA;NA
12;135.7;210.25;3,2;481;NA;NA
20;129.4;265.69;3,4;481;NA;NA
15;130.8;259.21;3,5;481;NA;NA
18;117.8;219.04;3,8;481;NA;NA
12;112.5;408.04;4,1;481;NA;NA
8;103.3;108.16;4,5;481;NA;NA
11;109.3;112.36;5;481;NA;NA
17;110.7;86.49;5,4;481;NA;NA
16;114.6;86.49;6,3;481;NA;NA
10;9;13.69;0;480;NA;NA
10;9.4;7.84;1,2;480;NA;NA
6;11.4;16.81;1,5;480;NA;NA
12;9.7;13.69;1,9;480;NA;NA
4;7.7;29.16;2,24;480;NA;NA
10;11.9;9.61;2,29;480;NA;NA
8;9.1;33.64;2,33;480;NA;NA
13;11.2;20.25;2,55;480;NA;NA
11;13.1;51.84;2,57;480;NA;NA
6;8.7;8.41;2,58;480;NA;NA
6;8.8;14.44;2,7;480;NA;NA
4;6.6;43.56;2,9;480;NA;NA
8;6.4;10.89;3,1;480;NA;NA
4;5.8;22.09;3,2;480;NA;NA
5;14.2;38.44;3,4;480;NA;NA
3;9.4;34.81;3,5;480;NA;NA
11;15.7;25;3,8;480;NA;NA
8;15.3;17.64;4,1;480;NA;NA
3;10.2;46.24;4,5;480;NA;NA
4;18.5;2.89;5;480;NA;NA
5;19.8;42.25;5,4;480;NA;NA
4;15;108.16;6,3;480;NA;NA
29;3.9;1.21;0;479;NA;NA
25;4.4;1;1,2;479;NA;NA
27;3.8;1.69;1,5;479;NA;NA
29;4.1;1.44;1,9;479;NA;NA
13;3.4;0.81;2,24;479;NA;NA
24;3.3;1.44;2,29;479;NA;NA
20;3.1;1.69;2,33;479;NA;NA
27;4.4;1;2,55;479;NA;NA
27;3.3;0.81;2,57;479;NA;NA
24;3.8;1.96;2,58;479;NA;NA
24;3.2;0.49;2,7;479;NA;NA
25;4;1.44;2,9;479;NA;NA
27;4;0.81;3,1;479;NA;NA
24;3.8;0.81;3,2;479;NA;NA
26;3.8;1.21;3,4;479;NA;NA
29;3.7;0.81;3,5;479;NA;NA
24;3.4;0.64;3,8;479;NA;NA
23;3.7;1;4,1;479;NA;NA
20;3.9;0.64;4,5;479;NA;NA
22;4.3;1.69;5;479;NA;NA
19;4;0.64;5,4;479;NA;NA
23;4.3;1.44;6,3;479;NA;NA
26;22.2;3.24;0;478;NA;NA
25;23;7.29;1,2;478;NA;NA
28;23.9;3.61;1,5;478;NA;NA
28;24.3;3.24;1,9;478;NA;NA
13;23.1;4;2,24;478;NA;NA
21;23.8;4;2,29;478;NA;NA
20;24.6;5.76;2,33;478;NA;NA
25;25.9;3.24;2,55;478;NA;NA
29;25.5;2.89;2,57;478;NA;NA
24;24.6;3.24;2,58;478;NA;NA
22;25.8;6.76;2,7;478;NA;NA
23;25.5;3.24;2,9;478;NA;NA
18;26.2;2.56;3,1;478;NA;NA
22;25.8;4.84;3,2;478;NA;NA
16;26.8;4.84;3,4;478;NA;NA
19;26.9;7.29;3,5;478;NA;NA
22;26.4;6.25;3,8;478;NA;NA
20;25;1.96;4,1;478;NA;NA
20;26.6;5.76;4,5;478;NA;NA
17;26.5;4.84;5;478;NA;NA
19;25.6;3.61;5,4;478;NA;NA
20;26.6;4;6,3;478;NA;NA
29;14.3;7.84;0;477;NA;NA
25;14.8;10.24;1,2;477;NA;NA
27;16.2;4.84;1,5;477;NA;NA
29;15.9;7.84;1,9;477;NA;NA
13;15.6;11.56;2,24;477;NA;NA
24;17.4;7.29;2,29;477;NA;NA
20;17.9;10.89;2,33;477;NA;NA
30;15.9;6.25;2,55;477;NA;NA
26;15.4;3.61;2,57;477;NA;NA
24;15.5;6.76;2,58;477;NA;NA
24;15.2;3.61;2,7;477;NA;NA
25;16.7;6.25;2,9;477;NA;NA
27;15.1;4.84;3,1;477;NA;NA
24;17.2;5.76;3,2;477;NA;NA
26;16.4;9;3,4;477;NA;NA
29;15.5;3.24;3,5;477;NA;NA
24;16.1;9.61;3,8;477;NA;NA
23;14.3;9.61;4,1;477;NA;NA
20;13.4;4;4,5;477;NA;NA
22;15.5;4.41;5;477;NA;NA
19;16.3;5.76;5,4;477;NA;NA
23;16;4.84;6,3;477;NA;NA
30;11.8;2.89;0;476;NA;NA
25;12;1.96;1,2;476;NA;NA
30;12.4;1.96;1,5;476;NA;NA
30;12.4;4.41;1,9;476;NA;NA
27;13.8;4;2,24;476;NA;NA
24;12.9;3.24;2,29;476;NA;NA
20;13.4;4.84;2,33;476;NA;NA
30;14.6;2.89;2,55;476;NA;NA
26;16.2;4;2,57;476;NA;NA
24;15;5.29;2,58;476;NA;NA
24;17.7;3.61;2,7;476;NA;NA
25;15.9;3.24;2,9;476;NA;NA
27;17.2;3.24;3,1;476;NA;NA
24;16.7;4;3,2;476;NA;NA
26;16.9;5.76;3,4;476;NA;NA
29;17.2;2.89;3,5;476;NA;NA
24;16.6;8.41;3,8;476;NA;NA
24;16.6;5.29;4,1;476;NA;NA
20;15.8;3.61;4,5;476;NA;NA
22;15.7;4.41;5;476;NA;NA
21;15;4;5,4;476;NA;NA
24;15.8;3.61;6,3;476;NA;NA
17;50.1;37.21;0;475;NA;NA
16;54.5;96.04;1,2;475;NA;NA
11;62.9;64;1,5;475;NA;NA
19;65.6;129.96;1,9;475;NA;NA
12;71.4;106.09;2,24;475;NA;NA
15;67.6;92.16;2,29;475;NA;NA
11;72.7;81;2,33;475;NA;NA
20;83;144;2,55;475;NA;NA
16;84.3;98.01;2,57;475;NA;NA
12;79.5;94.09;2,58;475;NA;NA
16;89.1;64;2,7;475;NA;NA
13;96.6;153.76;2,9;475;NA;NA
13;94.6;204.49;3,1;475;NA;NA
19;98.4;64;3,2;475;NA;NA
13;101.4;182.25;3,4;475;NA;NA
15;96.9;144;3,5;475;NA;NA
12;97.3;75.69;3,8;475;NA;NA
16;82;70.56;4,1;475;NA;NA
11;77.5;141.61;4,5;475;NA;NA
11;81;102.01;5;475;NA;NA
15;84.6;30.25;5,4;475;NA;NA
16;88.2;100;6,3;475;NA;NA
30;66.5;18.49;0;474;NA;NA
26;72.5;34.81;1,2;474;NA;NA
30;79.1;56.25;1,5;474;NA;NA
30;77.9;54.76;1,9;474;NA;NA
31;81.4;46.24;2,24;474;NA;NA
30;83;59.29;2,29;474;NA;NA
25;87.8;77.44;2,33;474;NA;NA
30;93.2;57.76;2,55;474;NA;NA
30;96.7;90.25;2,57;474;NA;NA
30;90.4;73.96;2,58;474;NA;NA
30;102;30.25;2,7;474;NA;NA
30;102.3;82.81;2,9;474;NA;NA
31;103.5;86.49;3,1;474;NA;NA
30;110;59.29;3,2;474;NA;NA
30;106.2;68.89;3,4;474;NA;NA
30;103.7;47.61;3,5;474;NA;NA
25;100.3;73.96;3,8;474;NA;NA
25;92.1;90.25;4,1;474;NA;NA
25;87;28.09;4,5;474;NA;NA
25;97.4;33.64;5;474;NA;NA
25;97.6;34.81;5,4;474;NA;NA
25;101.2;67.24;6,3;474;NA;NA
27;24.18518519;19.31054131;0;413;NA;NA
133;28.4887218;19.03964457;0,00055;413;NA;NA
45;25.13333333;7.3;8e-04;413;NA;NA
100;35.77;34.64353535;0,001;413;NA;NA
70;34.71428571;60.32298137;0,0012;413;NA;NA
77;33.96103896;59.74846206;0,0013;413;NA;NA
200;32.625;57.98429648;0,00135;413;NA;NA
100;18.48;3.221818182;0,0016;413;NA;NA
27;12.96296296;5.113960114;0;412;NA;NA
133;15.45112782;6.931305537;0,00055;412;NA;NA
45;14.37777778;2.967676768;8e-04;412;NA;NA
100;21.62;9.328888889;0,001;412;NA;NA
70;20.58571429;16.65196687;0,0012;412;NA;NA
77;22.48051948;14.04237867;0,0013;412;NA;NA
200;20.255;12.55273869;0,00135;412;NA;NA
100;14.11;2.401919192;0,0016;412;NA;NA
200;0.093142471;0.000429588;0;473;NA;NA
200;0.104281731;0.000683847;0,310000000000002;473;NA;NA
200;0.103454525;0.000553935;0,390000000000001;473;NA;NA
200;0.100416099;0.000382966;0,539999999999999;473;NA;NA
200;0.083821503;0.000387732;0,609999999999999;473;NA;NA
200;0.104419846;0.000767314;0,770000000000003;473;NA;NA
200;0.090925332;0.000495329;0,93;473;NA;NA
200;0.097290318;0.000828901;1;473;NA;NA
200;0.107557207;0.000826456;1,21;473;NA;NA
200;0.106964519;0.000609083;1,39;473;NA;NA
200;0.11136206;0.000542328;1,42;473;NA;NA
200;0.103676061;0.000468343;1,46;473;NA;NA
200;0.108594929;0.000614563;1,58;473;NA;NA
200;0.113465442;0.000560228;1,69;473;NA;NA
200;0.118081194;0.000527866;1,75;473;NA;NA
200;0.115712637;0.000619869;1,91;473;NA;NA
200;0.141612874;0.001156937;2,09;473;NA;NA
200;0.115869616;0.000542348;2,45;473;NA;NA
200;0.114187194;0.001300671;2,57;473;NA;NA
200;0.117017605;0.00084208;2,71;473;NA;NA
200;0.128474067;0.001472059;2,76;473;NA;NA
200;0.126909328;0.001040926;2,94;473;NA;NA
200;0.111711636;0.001009144;3,02;473;NA;NA
200;0.116252005;0.001286309;3,19;473;NA;NA
200;0.119429102;0.001400542;3,26;473;NA;NA
200;0.134801736;0.001916812;3,53;473;NA;NA
200;0.130653751;0.001544735;3,54;473;NA;NA
200;0.173920824;0.002652468;4,22;473;NA;NA
200;0.170592227;0.002065984;4,33;473;NA;NA
200;0.166829441;0.002931319;4,59;473;NA;NA
200;0.159537087;0.001658654;4,73;473;NA;NA
200;0.147178807;0.002213688;5,01;473;NA;NA
200;0.162814277;0.002547087;5,14;473;NA;NA
200;0.144329742;0.002789551;5,6;473;NA;NA
200;0.136476831;0.001473257;5,93;473;NA;NA
200;0.153868729;0.00178053;6,1;473;NA;NA
200;0.145421838;0.001428078;6,64;473;NA;NA
200;0.146284657;0.001342771;7,24;473;NA;NA
200;0.154192548;0.001296013;7,42;473;NA;NA
200;0.15487881;0.000779622;7,88;473;NA;NA
200;0.142639715;0.001038343;8,08;473;NA;NA
200;0.126686611;0.000770789;8,57;473;NA;NA
200;0.139192088;0.001235686;8,79;473;NA;NA
200;1.40327676;0.013766281;0;472;NA;NA
200;1.403433321;0.021966878;0,310000000000002;472;NA;NA
200;1.429578187;0.023488418;0,390000000000001;472;NA;NA
200;1.460103655;0.017579668;0,539999999999999;472;NA;NA
200;1.468694327;0.031686647;0,609999999999999;472;NA;NA
200;1.539707149;0.037635746;0,770000000000003;472;NA;NA
200;1.520401027;0.040488458;0,93;472;NA;NA
200;1.600271769;0.058960272;1;472;NA;NA
200;1.610656163;0.055288346;1,21;472;NA;NA
200;1.588717724;0.053681843;1,39;472;NA;NA
200;1.629830132;0.056277857;1,42;472;NA;NA
200;1.650315406;0.050939733;1,46;472;NA;NA
200;1.618012299;0.036995666;1,58;472;NA;NA
200;1.641359455;0.071706678;1,69;472;NA;NA
200;1.660158323;0.050250215;1,75;472;NA;NA
200;1.688766953;0.075451726;1,91;472;NA;NA
200;1.713857124;0.087097555;2,09;472;NA;NA
200;1.697856102;0.062996816;2,45;472;NA;NA
200;1.621369316;0.088821752;2,57;472;NA;NA
200;1.652439815;0.043458865;2,71;472;NA;NA
200;1.68940117;0.058937408;2,76;472;NA;NA
200;1.684021072;0.077552358;2,94;472;NA;NA
200;1.588548946;0.056622237;3,02;472;NA;NA
200;1.693086531;0.09231086;3,19;472;NA;NA
200;1.676927286;0.066984003;3,26;472;NA;NA
200;1.638358373;0.053870243;3,53;472;NA;NA
200;1.648009839;0.071367181;3,54;472;NA;NA
200;1.793740619;0.08638345;4,22;472;NA;NA
200;1.880987085;0.10692438;4,33;472;NA;NA
200;1.77157855;0.095810336;4,59;472;NA;NA
200;1.840434508;0.078917236;4,73;472;NA;NA
200;1.800128022;0.101294471;5,01;472;NA;NA
200;1.797022406;0.070757723;5,14;472;NA;NA
200;1.861423225;0.088046432;5,6;472;NA;NA
200;1.864760197;0.080882431;5,93;472;NA;NA
200;1.895356801;0.104741106;6,1;472;NA;NA
200;1.758971704;0.05616814;6,64;472;NA;NA
200;1.695498389;0.056093792;7,24;472;NA;NA
200;1.806303284;0.083182906;7,42;472;NA;NA
200;1.794351158;0.051458783;7,88;472;NA;NA
200;1.771729583;0.064381322;8,08;472;NA;NA
200;1.762524762;0.0583303;8,57;472;NA;NA
200;1.853106131;0.099805744;8,79;472;NA;NA
200;3.328;0.043433166;0;471;NA;NA
200;3.504;0.054657286;0,310000000000002;471;NA;NA
200;3.351;0.059697487;0,390000000000001;471;NA;NA
200;3.559;0.082129648;0,539999999999999;471;NA;NA
200;3.492;0.118126633;0,609999999999999;471;NA;NA
200;3.691;0.156300503;0,770000000000003;471;NA;NA
200;3.813;0.142342714;0,93;471;NA;NA
200;3.788;0.129302513;1;471;NA;NA
200;4.105;0.157160804;1,21;471;NA;NA
200;4.086;0.142516583;1,39;471;NA;NA
200;4.28;0.16321608;1,42;471;NA;NA
200;3.903;0.151146734;1,46;471;NA;NA
200;4.18405;0.153312661;1,58;471;NA;NA
200;4.196;0.205009045;1,69;471;NA;NA
200;4.028;0.173684422;1,75;471;NA;NA
200;4.265;0.129020101;1,91;471;NA;NA
200;4.403;0.16099598;2,09;471;NA;NA
200;4.364;0.188044221;2,45;471;NA;NA
200;4.303;0.238382915;2,57;471;NA;NA
200;4.411;0.172139698;2,71;471;NA;NA
200;4.396;0.16239598;2,76;471;NA;NA
200;4.48;0.256884422;2,94;471;NA;NA
200;4.347;0.273960804;3,02;471;NA;NA
200;4.393;0.218443216;3,19;471;NA;NA
200;4.381;0.172300503;3,26;471;NA;NA
200;4.521;0.164782915;3,53;471;NA;NA
200;4.513;0.160232161;3,54;471;NA;NA
200;4.801;0.301305528;4,22;471;NA;NA
200;4.426;0.183843216;4,33;471;NA;NA
200;4.543;0.193518593;4,59;471;NA;NA
200;4.504;0.261692462;4,73;471;NA;NA
200;4.569;0.1922;5,01;471;NA;NA
200;4.677;0.280473367;5,14;471;NA;NA
200;4.699;0.183315578;5,6;471;NA;NA
200;4.714;0.249451256;5,93;471;NA;NA
200;4.63;0.227035176;6,1;471;NA;NA
200;4.634;0.210295477;6,64;471;NA;NA
200;4.476;0.148566834;7,24;471;NA;NA
200;4.649;0.15738593;7,42;471;NA;NA
200;4.729;0.170411055;7,88;471;NA;NA
200;4.625;0.163994975;8,08;471;NA;NA
200;4.584;0.153712563;8,57;471;NA;NA
200;4.55;0.159899497;8,79;471;NA;NA
200;1.433651484;0.006702264;0;470;NA;NA
200;1.42804665;0.007610287;0,310000000000002;470;NA;NA
200;1.406864197;0.010023405;0,390000000000001;470;NA;NA
200;1.388867574;0.006924948;0,539999999999999;470;NA;NA
200;1.380774745;0.011508856;0,609999999999999;470;NA;NA
200;1.357953875;0.009668195;0,770000000000003;470;NA;NA
200;1.380620485;0.013694996;0,93;470;NA;NA
200;1.383582936;0.013324057;1;470;NA;NA
200;1.381401356;0.012086436;1,21;470;NA;NA
200;1.390461047;0.012285498;1,39;470;NA;NA
200;1.340271209;0.010646598;1,42;470;NA;NA
200;1.312751224;0.011160358;1,46;470;NA;NA
200;1.355505289;0.008119094;1,58;470;NA;NA
200;1.367978223;0.012725017;1,69;470;NA;NA
200;1.332328181;0.009273938;1,75;470;NA;NA
200;1.314160876;0.013225345;1,91;470;NA;NA
200;1.3265599;0.015262265;2,09;470;NA;NA
200;1.317700306;0.012798856;2,45;470;NA;NA
200;1.390393098;0.016195144;2,57;470;NA;NA
200;1.364601551;0.009236504;2,71;470;NA;NA
200;1.353075014;0.010072381;2,76;470;NA;NA
200;1.368286919;0.014577766;2,94;470;NA;NA
200;1.38664333;0.011783448;3,02;470;NA;NA
200;1.351168248;0.015760829;3,19;470;NA;NA
200;1.382169279;0.012649742;3,26;470;NA;NA
200;1.406490271;0.011543124;3,53;470;NA;NA
200;1.415345064;0.013013097;3,54;470;NA;NA
200;1.336197449;0.015092274;4,22;470;NA;NA
200;1.31539121;0.014153975;4,33;470;NA;NA
200;1.368704556;0.015768383;4,59;470;NA;NA
200;1.316264605;0.016410824;4,73;470;NA;NA
200;1.383497167;0.01497844;5,01;470;NA;NA
200;1.371993739;0.028302848;5,14;470;NA;NA
200;1.399275464;0.017601542;5,6;470;NA;NA
200;1.38329357;0.019454589;5,93;470;NA;NA
200;1.382034963;0.015632851;6,1;470;NA;NA
200;1.421560383;0.021349148;6,64;470;NA;NA
200;1.49244071;0.02481438;7,24;470;NA;NA
200;1.43642001;0.01629776;7,42;470;NA;NA
200;1.451013014;0.015011904;7,88;470;NA;NA
200;1.446982963;0.015159712;8,08;470;NA;NA
200;1.413281055;0.011886424;8,57;470;NA;NA
200;1.370103068;0.022262059;8,79;470;NA;NA
200;2.733567925;0.039636455;0;469;NA;NA
200;2.766120431;0.06591757;0,310000000000002;469;NA;NA
200;2.802586431;0.068244958;0,390000000000001;469;NA;NA
200;2.705802866;0.051230465;0,539999999999999;469;NA;NA
200;2.804666333;0.088368689;0,609999999999999;469;NA;NA
200;2.698259566;0.093304686;0,770000000000003;469;NA;NA
200;2.606603441;0.056765462;0,93;469;NA;NA
200;2.495751475;0.086269726;1;469;NA;NA
200;2.4428146;0.084757891;1,21;469;NA;NA
200;2.551538916;0.054468855;1,39;469;NA;NA
200;2.533810363;0.066420581;1,42;469;NA;NA
200;2.55615779;0.05502129;1,46;469;NA;NA
200;2.508108394;0.050194471;1,58;469;NA;NA
200;2.492027011;0.054347873;1,69;469;NA;NA
200;2.503590426;0.051156368;1,75;469;NA;NA
200;2.481763198;0.06886596;1,91;469;NA;NA
200;2.396345099;0.079174977;2,09;469;NA;NA
200;2.370261194;0.063403079;2,45;469;NA;NA
200;2.371246509;0.080497702;2,57;469;NA;NA
200;2.435660405;0.043844166;2,71;469;NA;NA
200;2.396923609;0.049376865;2,76;469;NA;NA
200;2.386034839;0.074350451;2,94;469;NA;NA
200;2.491456423;0.046456892;3,02;469;NA;NA
200;2.37211127;0.053580449;3,19;469;NA;NA
200;2.353304657;0.060319116;3,26;469;NA;NA
200;2.329595607;0.057594508;3,53;469;NA;NA
200;2.303286389;0.051036849;3,54;469;NA;NA
200;2.370655719;0.040897187;4,22;469;NA;NA
200;2.36115169;0.050366664;4,33;469;NA;NA
200;2.37925087;0.038264416;4,59;469;NA;NA
200;2.360590148;0.049591596;4,73;469;NA;NA
200;2.297987905;0.043143836;5,01;469;NA;NA
200;2.334857422;0.041168502;5,14;469;NA;NA
200;2.242711903;0.032356129;5,6;469;NA;NA
200;2.32043704;0.029561618;5,93;469;NA;NA
200;2.319994828;0.028621821;6,1;469;NA;NA
200;2.356367278;0.036185211;6,64;469;NA;NA
200;2.395572017;0.035978963;7,24;469;NA;NA
200;2.281345986;0.029859473;7,42;469;NA;NA
200;2.350339562;0.025291383;7,88;469;NA;NA
200;2.381203521;0.029613382;8,08;469;NA;NA
200;2.451492895;0.034060401;8,57;469;NA;NA
200;2.368606839;0.033339129;8,79;469;NA;NA
200;1.910243101;0.021143508;0;468;NA;NA
200;1.941593194;0.03595316;0,310000000000002;468;NA;NA
200;1.996587237;0.03254364;0,390000000000001;468;NA;NA
200;1.952613978;0.030816927;0,539999999999999;468;NA;NA
200;2.035760142;0.039150612;0,609999999999999;468;NA;NA
200;1.990794926;0.046068089;0,770000000000003;468;NA;NA
200;1.895352972;0.032629422;0,93;468;NA;NA
200;1.811765489;0.050605415;1;468;NA;NA
200;1.774835897;0.048900143;1,21;468;NA;NA
200;1.841916922;0.033021924;1,39;468;NA;NA
200;1.896767749;0.041039098;1,42;468;NA;NA
200;1.954044441;0.034518878;1,46;468;NA;NA
200;1.85424432;0.027160139;1,58;468;NA;NA
200;1.828115279;0.030675715;1,69;468;NA;NA
200;1.884223584;0.03048713;1,75;468;NA;NA
200;1.897177416;0.046337235;1,91;468;NA;NA
200;1.812639277;0.040597487;2,09;468;NA;NA
200;1.805038547;0.036417754;2,45;468;NA;NA
200;1.711959073;0.039282005;2,57;468;NA;NA
200;1.790025247;0.026544165;2,71;468;NA;NA
200;1.776386027;0.028318582;2,76;468;NA;NA
200;1.749634295;0.038384218;2,94;468;NA;NA
200;1.803006677;0.027800201;3,02;468;NA;NA
200;1.762751021;0.028725716;3,19;468;NA;NA
200;1.708014285;0.030817201;3,26;468;NA;NA
200;1.66123755;0.030278936;3,53;468;NA;NA
200;1.633856869;0.029933658;3,54;468;NA;NA
200;1.783958112;0.032032849;4,22;468;NA;NA
200;1.804898749;0.040145596;4,33;468;NA;NA
200;1.749322542;0.034551916;4,59;468;NA;NA
200;1.80342684;0.034169873;4,73;468;NA;NA
200;1.66955698;0.030556733;5,01;468;NA;NA
200;1.718192104;0.040064046;5,14;468;NA;NA
200;1.612620869;0.026782053;5,6;468;NA;NA
200;1.688468167;0.024302406;5,93;468;NA;NA
200;1.687166803;0.021411661;6,1;468;NA;NA
200;1.671203779;0.03736291;6,64;468;NA;NA
200;1.619173768;0.036335116;7,24;468;NA;NA
200;1.59702574;0.023786275;7,42;468;NA;NA
200;1.625890606;0.013911503;7,88;468;NA;NA
200;1.651777768;0.015224668;8,08;468;NA;NA
200;1.740467897;0.019797714;8,57;468;NA;NA
200;1.741063331;0.027404082;8,79;468;NA;NA
2;35.815;10.35125;0;415;NA;NA
1;90.02;0;1,1;415;NA;NA
1;93.45;0;1,8;415;NA;NA
82;56.07817073;738.3690892;2,2;415;NA;NA
8;72.3575;617.21905;4,1;415;NA;NA
21;59.88142857;852.9237129;4,4;415;NA;NA
4;42.725;4.4825;5,6;415;NA;NA
62;43.99538323;367.0883551;6,6;415;NA;NA
7;62.49571429;760.4003286;7,7;415;NA;NA
3;41.09333333;1265.147433;7,9;415;NA;NA
3;67.86666667;1714.364933;8,6;415;NA;NA
7;69.67857143;1263.052048;9;415;NA;NA
17;57.31823529;750.9247904;9,5;415;NA;NA
2;72.045;182.21405;9,8;415;NA;NA
66;79.1969697;575.7156276;10,8;415;NA;NA
246;62.85243902;345.1464683;12,6;415;NA;NA
2;73.2;64.98;12,9;415;NA;NA
9;59.19555556;459.0166778;13,1;415;NA;NA
1;90.02;0;14,3;415;NA;NA
27;466;34228.33268;0;462;NA;NA
31;438;43407.9484;0,003672316;462;NA;NA
24;460;36466.5696;0,007974173;462;NA;NA
32;490;29079.0728;0,015528652;462;NA;NA
35;497;35182.24588;0,023607748;462;NA;NA
44;460;41375.0579;0,028853914;462;NA;NA
29;471;50137.9956;0,032631154;462;NA;NA
33;517;34824.08243;0,03819209;462;NA;NA
30;455;53172.3;0,046795803;462;NA;NA
31;441;33769.23078;0,049628733;462;NA;NA
33;435;52852.8132;0,052566586;462;NA;NA
30;439;25413.03075;0,057078289;462;NA;NA
37;479;19352.3653;0,064213075;462;NA;NA
31;465;23520.53778;0,068410008;462;NA;NA
39;501;46594.82977;0,074075868;462;NA;NA
35;468;23162.14688;0,078797417;462;NA;NA
33;472;35383.75583;0,083414044;462;NA;NA
31;482;26260.13178;0,08834544;462;NA;NA
36;442;40461.3225;0,092857143;462;NA;NA
26;445;38990.26625;0,097893462;462;NA;NA
37;486;24983.14833;0,102824859;462;NA;NA
21;492;30228.3156;0,109225182;462;NA;NA
56;479;47437.6574;0,113841808;462;NA;NA
29;456;42895.9764;0,118353511;462;NA;NA
24;460;31320.375;0,122235674;462;NA;NA
46;473;60014.1024;0,12559322;462;NA;NA
31;490;35384.21298;0,13;462;NA;NA
45;468;54496.8;0;461;NA;NA
49;500;75295.36;0,004371747;461;NA;NA
41;460;42207.33623;0,008743494;461;NA;NA
35;478;48917.33788;0,013115242;461;NA;NA
36;476;32985.8244;0,017486989;461;NA;NA
33;459;33697.02683;0,023732342;461;NA;NA
36;499;46229.3001;0,029977695;461;NA;NA
30;452;80326.35075;0,033933086;461;NA;NA
35;471;64174.334;0,037784387;461;NA;NA
32;484;40203.1368;0,041739777;461;NA;NA
43;481;70043.9728;0,045695167;461;NA;NA
42;486;49730.0202;0,049546468;461;NA;NA
38;536;60724.02375;0,053501859;461;NA;NA
49;500;59340.96;0,057457249;461;NA;NA
43;500;66497.59188;0,061412639;461;NA;NA
50;497;79361.28;0,065263941;461;NA;NA
48;503;71332.92;0,069219331;461;NA;NA
74;486;47086.24625;0,073174721;461;NA;NA
61;487;60277.71272;0,077026022;461;NA;NA
56;518;83783.9744;0,080981413;461;NA;NA
60;526;67878.7935;0,090037175;461;NA;NA
43;516;84653.9667;0,099197026;461;NA;NA
49;518;52075.24;0,108252788;461;NA;NA
46;508;64739.26035;0,117412639;461;NA;NA
70;530;86683.527;0,125635688;461;NA;NA
38;504;84245.89455;0,134587361;461;NA;NA
41;543;61754.8601;0,14;461;NA;NA
33;373;39563.39063;0;460;NA;NA
53;384;26712.1325;0,005360825;460;NA;NA
40;414;13905.441;0,008556701;460;NA;NA
33;413;12917.72543;0,01185567;460;NA;NA
50;407;17559.38;0,01742268;460;NA;NA
45;424;18653.832;0,022989691;460;NA;NA
38;433;21488.5592;0,026804124;460;NA;NA
29;403;19415.95313;0,029278351;460;NA;NA
30;408;16836.483;0,03185567;460;NA;NA
27;393;11608.38608;0,038350515;460;NA;NA
54;421;14128.05375;0,042371134;460;NA;NA
48;436;25646.5548;0,048969072;460;NA;NA
32;421;19129.68;0,053505155;460;NA;NA
44;427;20700.0684;0,058969072;460;NA;NA
8;404;3566.7458;0,062783505;460;NA;NA
47;441;28085.22718;0,068453608;460;NA;NA
47;397;13928.74258;0,072680412;460;NA;NA
58;371;14635.32705;0,075360825;460;NA;NA
39;397;22585.84478;0,07742268;460;NA;NA
33;395;16914.7968;0,079587629;460;NA;NA
32;384;9275.22;0,085051546;460;NA;NA
28;391;14593.8492;0,091237113;460;NA;NA
47;396;19111.47958;0,096597938;460;NA;NA
41;392;14253.07703;0,099896907;460;NA;NA
65;383;21013.226;0,104948454;460;NA;NA
76;414;24310.3651;0,111546392;460;NA;NA
35;408;19634.27288;0,112783505;460;NA;NA
27;389;22581.8928;0,115463918;460;NA;NA
29;384;22219.2896;0,117525773;460;NA;NA
31;384;32231.94078;0,119484536;460;NA;NA
59;408;28738.0091;0,125051546;460;NA;NA
74;419;22417.11785;0,13;460;NA;NA
1;0.7735044;3.62e-06;0;322;NA;NA
1;0.7750043;1.38e-06;0,01;322;NA;NA
1;0.7760049;1.86e-06;0,02;322;NA;NA
1;0.77601916;1.03e-06;0,05;322;NA;NA
1;0.77777153;1.3e-06;0,06;322;NA;NA
1;0.77578956;1.53e-06;0,08;322;NA;NA
1;0.77915573;9.67e-07;0,09;322;NA;NA
1;0.7766763;1.16e-06;0,1;322;NA;NA
1;0.7770593;2.72e-06;0,12;322;NA;NA
1;0.7757178;1.69e-06;0,16;322;NA;NA
1;0.7805746;1.38e-06;0,17;322;NA;NA
1;0.7759851;2.22e-06;0,2;322;NA;NA
1;0.77413;2.04e-06;0,21;322;NA;NA
1;0.7783643;1.3e-06;0,22;322;NA;NA
1;0.7745186;3.05e-06;0,24;322;NA;NA
1;0.7734073;1.38e-06;0,25;322;NA;NA
1;0.7740458;1.77e-06;0,28;322;NA;NA
1;0.77567136;7.34e-07;0,29;322;NA;NA
1;0.7746937;1.16e-06;0,32;322;NA;NA
1;0.7719061;1.38e-06;0,44;322;NA;NA
1;0.77316034;9.66e-07;0,46;322;NA;NA
1;0.77516395;1.03e-06;0,48;322;NA;NA
1;0.77591705;1.3e-06;0,5;322;NA;NA
1;0.7744363;5.32e-07;0,51;322;NA;NA
1;0.77630746;1.1e-06;0,52;322;NA;NA
1;0.7778241;9.67e-07;0,56;322;NA;NA
1;0.7778526;1.23e-06;0,61;322;NA;NA
1;0.7829668;1.16e-06;0,64;322;NA;NA
1;0.7671149;1.1e-06;0,75;322;NA;NA
1;0.7675016;1.16e-06;0,77;322;NA;NA
1;0.76975214;9.06e-07;0,79;322;NA;NA
1;0.7710361;1.16e-06;0,86;322;NA;NA
1;0.7704272;1.3e-06;0,88;322;NA;NA
1;0.7710615;1.38e-06;0,9;322;NA;NA
1;0.7673376;1.61e-06;0,91;322;NA;NA
1;0.771072;2.22e-06;0,92;322;NA;NA
1;0.77046806;1.53e-06;0,95;322;NA;NA
1;0.77111036;1.03e-06;0,98;322;NA;NA
1;0.7698814;5.8e-07;1,01;322;NA;NA
1;0.76942295;9.05e-07;1,28;322;NA;NA
1;0.77030224;1.69e-06;1,29;322;NA;NA
1;0.7658377;7.89e-07;1,31;322;NA;NA
1;0.76534885;1.69e-06;1,33;322;NA;NA
1;0.76872617;1.38e-06;1,36;322;NA;NA
1;0.7688586;3.75e-06;1,37;322;NA;NA
1;0.7699879;1.61e-06;1,39;322;NA;NA
1;0.7658303;8.46e-07;1,51;322;NA;NA
1;0.7664559;1.95e-06;1,51;322;NA;NA
1;0.7673339;7.97e-06;1,53;322;NA;NA
1;0.7678364;5.07e-06;1,53;322;NA;NA
1;0.76486003;9.09e-06;1,55;322;NA;NA
1;0.7705887;1.03e-06;1,56;322;NA;NA
1;0.76910675;9.68e-07;1,58;322;NA;NA
1;0.7662554;2.83e-06;1,59;322;NA;NA
1;0.7625316;2.23e-06;1,61;322;NA;NA
1;0.76826084;1.38e-06;1,62;322;NA;NA
1;0.7640624;1.31e-06;1,67;322;NA;NA
1;0.76831096;1.31e-06;1,7;322;NA;NA
1;0.7668302;1.53e-06;1,72;322;NA;NA
1;0.76684016;1.16e-06;1,74;322;NA;NA
1;0.7673444;1.61e-06;1,75;322;NA;NA
1;0.76798856;1.69e-06;1,79;322;NA;NA
1;0.7676495;1.1e-06;1,84;322;NA;NA
1;0.76654065;1.3e-06;1,86;322;NA;NA
1;0.7716586;1.69e-06;1,89;322;NA;NA
1;0.7678141;4.39e-06;1,91;322;NA;NA
1;0.7658526;9.06e-07;1,96;322;NA;NA
1;0.76886106;2.22e-06;2,2;322;NA;NA
1;0.7626677;2.04e-06;2,25;322;NA;NA
1;0.7616962;6.44e-06;2,49;322;NA;NA
1;0.767553;2.04e-06;2,51;322;NA;NA
1;0.7661533;1.1e-06;2,66;322;NA;NA
1;0.7694656;1.53e-06;3;322;NA;NA
1;0.7092675;8.34e-06;3;322;NA;NA
1;0.7298494;7.27e-06;0;321;NA;NA
1;0.7332149;2.62e-06;0,01;321;NA;NA
1;0.73023486;3.51e-06;0,02;321;NA;NA
1;0.730001;1.45e-06;0,05;321;NA;NA
1;0.7301371;1.78e-06;0,06;321;NA;NA
1;0.72777957;1.01e-05;0,07;321;NA;NA
1;0.7299045;2.22e-06;0,09;321;NA;NA
1;0.73264873;3.04e-06;0,1;321;NA;NA
1;0.7311655;6.12e-06;0,12;321;NA;NA
1;0.7303209;6.6e-06;0,16;321;NA;NA
1;0.73368645;2.13e-06;0,18;321;NA;NA
1;0.7313351;1.22e-05;0,2;321;NA;NA
1;0.73494816;8.46e-07;0,21;321;NA;NA
1;0.7268681;3.27e-06;0,21;321;NA;NA
1;0.73359054;2.93e-06;0,22;321;NA;NA
1;0.7256392;3.27e-06;0,24;321;NA;NA
1;0.72378284;3.04e-06;0,25;321;NA;NA
1;0.7264108;6.77e-06;0,28;321;NA;NA
1;0.72691697;1.45e-06;0,29;321;NA;NA
1;0.7284268;3.62e-06;0,32;321;NA;NA
1;0.72166044;3.87e-06;0,45;321;NA;NA
1;0.7199297;5.81e-06;0,46;321;NA;NA
1;0.72653335;5.07e-06;0,48;321;NA;NA
1;0.7294014;2.32e-06;0,5;321;NA;NA
1;0.7210794;1.23e-06;0,51;321;NA;NA
1;0.7228281;5.22e-06;0,53;321;NA;NA
1;0.72844726;8.47e-07;0,56;321;NA;NA
1;0.73058945;9.08e-06;0,61;321;NA;NA
1;0.7313512;1.22e-05;0,64;321;NA;NA
1;0.7116455;9.67e-07;0,75;321;NA;NA
1;0.712901;2.04e-06;0,77;321;NA;NA
1;0.7144065;1.31e-06;0,79;321;NA;NA
1;0.7166848;1.95e-06;0,86;321;NA;NA
1;0.71694595;3.16e-06;0,88;321;NA;NA
1;0.71733266;3.27e-06;0,9;321;NA;NA
1;0.7103732;2.13e-06;0,91;321;NA;NA
1;0.71759194;5.51e-06;0,92;321;NA;NA
1;0.71487176;4e-06;0,95;321;NA;NA
1;0.7146435;2.93e-06;0,98;321;NA;NA
1;0.71105206;1.69e-06;1,01;321;NA;NA
1;0.7113379;1.45e-06;1,27;321;NA;NA
1;0.7119703;3.39e-06;1,29;321;NA;NA
1;0.709744;8.47e-07;1,31;321;NA;NA
1;0.7095039;1.86e-06;1,33;321;NA;NA
1;0.7132562;2.94e-06;1,36;321;NA;NA
1;0.71425855;1.11e-05;1,37;321;NA;NA
1;0.7171291;1.1e-06;1,39;321;NA;NA
1;0.7045122;5.22e-06;1,51;321;NA;NA
1;0.713099;2.32e-06;1,51;321;NA;NA
1;0.7111176;7.97e-06;1,53;321;NA;NA
1;0.7117451;5.22e-06;1,54;321;NA;NA
1;0.7071519;1.65e-05;1,55;321;NA;NA
1;0.7189737;6.77e-06;1,56;321;NA;NA
1;0.71662045;1.53e-06;1,58;321;NA;NA
1;0.70618224;1.86e-06;1,59;321;NA;NA
1;0.70233464;2.72e-06;1,61;321;NA;NA
1;0.7086865;1.23e-06;1,62;321;NA;NA
1;0.7012518;1.95e-06;1,67;321;NA;NA
1;0.70935905;4.25e-06;1,71;321;NA;NA
1;0.70501643;1.86e-06;1,72;321;NA;NA
1;0.70987636;3.74e-06;1,74;321;NA;NA
1;0.70739627;1.86e-06;1,75;321;NA;NA
1;0.7112742;1.3e-06;1,79;321;NA;NA
1;0.7131726;1.45e-06;1,84;321;NA;NA
1;0.71094435;1.3e-06;1,86;321;NA;NA
1;0.71245605;2.04e-06;1,89;321;NA;NA
1;0.70923406;1.86e-05;1,91;321;NA;NA
1;0.70913875;3.05e-06;1,96;321;NA;NA
1;0.71550417;1.86e-06;2,2;321;NA;NA
1;0.7029683;1.05e-05;2,25;321;NA;NA
1;0.71095055;7.1e-06;2,49;321;NA;NA
1;0.7221567;8.52e-06;2,51;321;NA;NA
1;0.7062051;1.16e-06;2,67;321;NA;NA
1;0.7092675;8.34e-06;3;321;NA;NA
23;8.43;3.33;0;459;NA;NA
49;8.24;4.37;0,00132609;459;NA;NA
22;8.73;4.56;0,00171286000000001;459;NA;NA
50;8.87;3.53;0,00248641000000002;459;NA;NA
50;8.32;3.62;0,00370199000000002;459;NA;NA
50;7.5;1.67;0,00442029000000002;459;NA;NA
24;8.29;3.24;0,00508333000000002;459;NA;NA
11;8.45;7.97;0,00765735000000001;459;NA;NA
12;9.96;1.38;0,01519474;459;NA;NA
19;9.58;5.37;0,02309601;459;NA;NA
34;9.07;4.99;0,02349108;459;NA;NA
18;8;3.79;0,02388614;459;NA;NA
18;9.08;4.48;0,0242812;459;NA;NA
15;10.3;4.64;0,02687733;459;NA;NA
37;9.01;4.06;0,02766746;459;NA;NA
17;9.24;5.6;0,02845759;459;NA;NA
16;8.81;3.83;0,02975565;459;NA;NA
13;8.92;7.04;0,03065865;459;NA;NA
35;9.1;5.61;0,03326954;459;NA;NA
48;8.01;3.98;0,03404417;459;NA;NA
49;8.83;5.65;0,03476717;459;NA;NA
48;8.51;9.48;0,03636808;459;NA;NA
50;8.87;5.85;0,03703943;459;NA;NA
48;8.39;8.91;0,0378657;459;NA;NA
47;8.76;7.28;0,03858869;459;NA;NA
50;8.41;5.68;0,03928264;459;NA;NA
50;9.49;5.18;0,0402703;459;NA;NA
50;9.59;7.08;0,0409836;459;NA;NA
50;9.77;3.37;0,04169691;459;NA;NA
49;9.73;3.69;0,04257483;459;NA;NA
50;8.25;3.09;0,04411119;459;NA;NA
50;9.7;5.04;0,04493424;459;NA;NA
50;11.21;7.12;0,04641573;459;NA;NA
49;10.5;9.1;0,04737924;459;NA;NA
50;10.21;8.67;0,04806402;459;NA;NA
50;9.39;7.79;0,04869612;459;NA;NA
19;10.21;5.23;0,04932822;459;NA;NA
50;10.37;8.8;0,05011835;459;NA;NA
50;9.35;7.65;0,0508558;459;NA;NA
22;8.3;6.78;0,05132988;459;NA;NA
49;9.09;6.13;0,0519093;459;NA;NA
16;8.47;5.52;0,05269943;459;NA;NA
50;9.65;5.85;0,05433236;459;NA;NA
50;10.56;6.11;0,05512531;459;NA;NA
50;9.6;6.3;0,05623891;459;NA;NA
50;10.44;5.96;0,0578828;459;NA;NA
49;10.38;6.58;0,05851915;459;NA;NA
50;10.22;4.93;0,0593676;459;NA;NA
50;9.66;5.98;0,06048121;459;NA;NA
50;9.63;6;0,06180692;459;NA;NA
50;9.25;7.96;0,06260235;459;NA;NA
50;9.61;7.26;0,06320176;459;NA;NA
50;9.79;7.22;0,06385566;459;NA;NA
48;9.8;6.31;0,06461854;459;NA;NA
19;9;5.78;0,06865091;459;NA;NA
48;9.61;11.85;0,06946828;459;NA;NA
16;8.28;7.43;0,07050362;459;NA;NA
15;8.13;5.34;0,07171146;459;NA;NA
49;8.23;11.54;0,07337223;459;NA;NA
50;8.62;9.95;0,07528464;459;NA;NA
50;9.67;9.26;0,07664346;459;NA;NA
50;9.64;8.45;0,07840489;459;NA;NA
50;8.15;9.59;0,07928936;459;NA;NA
50;9.63;8.28;0,08200173;459;NA;NA
50;9.51;10.57;0,08282724;459;NA;NA
50;10.62;8.85;0,08418343;459;NA;NA
50;8.79;8.61;0,08536272;459;NA;NA
50;8.58;12.06;0,08630615;459;NA;NA
24;10.33;8.75;0,08736301;459;NA;NA
50;11.19;10.87;0,08841987;459;NA;NA
26;11.02;10.53;0,08902379;459;NA;NA
50;7.78;8.21;0,09073489;459;NA;NA
50;8.06;11.29;0,09174142;459;NA;NA
50;8.3;14.24;0,09259697;459;NA;NA
50;7.76;11.76;0,09480272;459;NA;NA
50;9.74;22.6;0,09572273;459;NA;NA
50;11.5;17.72;0,0974004;459;NA;NA
50;9.73;18.1;0,098591;459;NA;NA
50;7.99;8.62;0,10032279;459;NA;NA
50;6.99;5.88;0,10210869;459;NA;NA
50;9.04;8.69;0,10295715;459;NA;NA
50;8.09;8.57;0,10396469;459;NA;NA
50;8.47;9.52;0,10476012;459;NA;NA
50;6.95;4.36;0,10592675;459;NA;NA
50;7.15;6;0,10688127;459;NA;NA
50;8.95;11.6;0,10735853;459;NA;NA
50;10.51;18.17;0,10810093;459;NA;NA
50;9.74;23.94;0,10934241;459;NA;NA
50;10.66;21.64;0,10950513;459;NA;NA
50;8.93;17.86;0,11004754;459;NA;NA
50;8.55;15.6;0,11067729;459;NA;NA
49;8.87;23.41;0,11141201;459;NA;NA
50;9.4;17.01;0,11183185;459;NA;NA
50;9.8;20.43;0,11330128;459;NA;NA
50;9.94;19.14;0,11435088;459;NA;NA
50;10.32;32.14;0,1150856;459;NA;NA
50;9.9;41.64;0,11702735;459;NA;NA
50;10.42;33.73;0,11755215;459;NA;NA
50;10.94;57.3;0,11858156;459;NA;NA
50;13.36;71.42;0,12050313;459;NA;NA
50;10.61;57.49;0,12135088;459;NA;NA
50;11.56;64.56;0,12253773;459;NA;NA
50;10.45;42.2;0,12372458;459;NA;NA
50;9.51;38.24;0,12451581;459;NA;NA
50;13.64;86.02;0,12530704;459;NA;NA
50;12.26;62;0,12621131;459;NA;NA
50;13.98;80.21;0,1280016;459;NA;NA
50;14.99;75.9;0,12943384;459;NA;NA
50;14.35;90.72;0,13419783;459;NA;NA
50;15.33;73.43;0,13580997;459;NA;NA
50;17.99;65.89;0,13891001;459;NA;NA
50;14.86;65.11;0,14083695;459;NA;NA
50;14.6;87.8;0,14362751;459;NA;NA
50;13.95;48.17;0,144804;459;NA;NA
50;10.99;40.64;0,14532688;459;NA;NA
50;11.83;19.83;0,14578441;459;NA;NA
50;15.53;79.7;0,14702626;459;NA;NA
50;14.51;89.91;0,14800666;459;NA;NA
50;16.43;79.65;0,14905243;459;NA;NA
50;10.89;43.11;0,14970604;459;NA;NA
50;14.26;26.47;0,1503505;459;NA;NA
50;12.82;37.55;0,15157465;459;NA;NA
50;13.61;77.09;0,15241609;459;NA;NA
50;16.29;72.46;0,15312467;459;NA;NA
50;14.44;107.28;0,15392182;459;NA;NA
49;16.39;106.54;0,15458612;459;NA;NA
50;15.26;98.22;0,15542756;459;NA;NA
50;15.08;99.03;0,15609185;459;NA;NA
50;12.94;57.81;0,15688228;459;NA;NA
50;12.75;73.86;0,15740639;459;NA;NA
50;10.32;40.03;0,15801784;459;NA;NA
50;10.67;32.48;0,15876033;459;NA;NA
50;10.53;51.38;0,15937178;459;NA;NA
50;10.88;56.7;0,16072572;459;NA;NA
50;16.17;98.14;0,16142453;459;NA;NA
50;11.24;37.14;0,16207966;459;NA;NA
50;14.12;35.12;0,16273479;459;NA;NA
50;13.24;39.83;0,16333793;459;NA;NA
50;14.84;77.08;0,16407031;459;NA;NA
50;13.96;56.38;0,16463036;459;NA;NA
50;16.55;77.22;0,16493193;459;NA;NA
50;14.45;29.69;0,16553507;459;NA;NA
50;15.93;83.35;0,16682751;459;NA;NA
50;14.48;80.93;0,16764605;459;NA;NA
50;15.86;103.34;0,16811994;459;NA;NA
50;15.98;77.85;0,16876616;459;NA;NA
50;12.86;56.8;0,17145831;459;NA;NA
50;13.98;42.55;0,17170995;459;NA;NA
50;16.53;76.13;0,17229711;459;NA;NA
50;12.18;42.01;0,17296815;459;NA;NA
50;13.34;47.36;0,17355531;459;NA;NA
50;16.47;70.15;0,17422635;459;NA;NA
50;14.91;64.66;0,17472963;459;NA;NA
49;16.36;87.09;0,17540067;459;NA;NA
50;13.89;50.73;0,17587456;459;NA;NA
50;16.17;131.5;0,1766931;459;NA;NA
50;16.68;92.5;0,17733932;459;NA;NA
50;15.48;84.38;0,17858867;459;NA;NA
50;16.13;95.13;0,17927797;459;NA;NA
50;16.31;72.55;0,17988111;459;NA;NA
50;15.11;79.77;0,1817336;459;NA;NA
50;16.06;102.03;0,18234506;459;NA;NA
50;22.94;131.99;0,18304387;459;NA;NA
50;14.98;58.93;0,183699;459;NA;NA
50;18.31;110.88;0,18435413;459;NA;NA
50;20.23;90.9;0,18498742;459;NA;NA
50;12.92;52.44;0,18776081;459;NA;NA
50;11.91;77.72;0,18842707;459;NA;NA
50;13.01;44.22;0,18928102;459;NA;NA
50;12.78;33.07;0,19019597;459;NA;NA
50;13.29;43.88;0,19101942;459;NA;NA
50;12.78;36.74;0,19190387;459;NA;NA
50;17.78;84.08;0,19281882;459;NA;NA
50;16.92;79.6;0,19361178;459;NA;NA
50;12.5;34.32;0,19446573;459;NA;NA
50;16.44;55.68;0,19513669;459;NA;NA
50;11.06;34.05;0,19599064;459;NA;NA
50;13.15;48.94;0,19660061;459;NA;NA
50;13.39;52.57;0,19735519;459;NA;NA
50;14.63;76.05;0,1981025;459;NA;NA
50;10.85;39.54;0,19983626;459;NA;NA
50;14.69;77.94;0,20157001;459;NA;NA
50;15.95;96.34;0,202407;459;NA;NA
50;11.8;15.52;0,20327388;459;NA;NA
50;12.19;35.16;0,20414076;459;NA;NA
50;15.69;68.62;0,20509731;459;NA;NA
50;9.69;21.12;0,20599408;459;NA;NA
50;10.94;31.98;0,20691526;459;NA;NA
50;10.84;34.44;0,20783643;459;NA;NA
50;13.73;61.6;0,20869619;459;NA;NA
50;12.21;30.78;0,20960695;459;NA;NA
50;13.08;34.08;0,21013592;459;NA;NA
50;14.77;67.02;0,21085724;459;NA;NA
50;13.82;56.89;0,21157856;459;NA;NA
50;10.58;42.68;0,21229988;459;NA;NA
50;14.14;44.39;0,2130212;459;NA;NA
50;16.45;75.96;0,21374252;459;NA;NA
50;17.38;62.15;0,2143316;459;NA;NA
50;12.63;30.44;0,21516613;459;NA;NA
50;15.06;25.28;0,21570612;459;NA;NA
50;12.26;40.89;0,21644246;459;NA;NA
50;16.4;36.76;0,21712972;459;NA;NA
50;12.36;61.66;0,21786607;459;NA;NA
50;15.22;23.06;0,21878066;459;NA;NA
50;15.42;49.23;0,22060984;459;NA;NA
50;14.26;51.4;0,22152443;459;NA;NA
50;15.2;55.21;0,2230903;459;NA;NA
50;16.45;75.35;0,22387324;459;NA;NA
50;14.8;89.86;0,2247121;459;NA;NA
50;15.87;81.04;0,22549503;459;NA;NA
50;14.63;54.95;0,22638982;459;NA;NA
50;12.04;37.92;0,2272846;459;NA;NA
50;14.18;55.04;0,22807036;459;NA;NA
50;13.76;47.19;0,22856781;459;NA;NA
50;15.8;65.74;0,22945202;459;NA;NA
50;14.55;44.6;0,22984701;459;NA;NA
50;15.97;55.85;0,23092425;459;NA;NA
50;14.7;70.61;0,23145752;459;NA;NA
50;13.56;79.49;0,23197945;459;NA;NA
50;13.7;84.58;0,23243614;459;NA;NA
50;14.91;100.65;0,23295806;459;NA;NA
50;12.49;54.33;0,23344737;459;NA;NA
50;13.29;62.13;0,23390406;459;NA;NA
50;10.59;40.82;0,23523607;459;NA;NA
50;10.82;46.39;0,23586673;459;NA;NA
50;10.91;37.02;0,23657623;459;NA;NA
50;15.9;82.46;0,2372069;459;NA;NA
50;12.62;58.43;0,23783756;459;NA;NA
50;10.34;14.27;0,23836607;459;NA;NA
36;-0.78104;29.01124937;0;311;NA;NA
74;-1.5763;19.71463471;0,069767442;311;NA;NA
94;-5.803;18.94015925;0,151162791;311;NA;NA
33;-5.8069;8.04420777;0,23255814;311;NA;NA
53;-6.6923;19.46154164;0,348837209;311;NA;NA
69;-5.2903;33.39726735;0,465116279;311;NA;NA
45;-9.52;23.21572725;0,604651163;311;NA;NA
33;-9.3531;22.75746284;0,790697674;311;NA;NA
60;-12.792;14.61978733;0,941860465;311;NA;NA
67;-13.062;13.49069574;1,069767442;311;NA;NA
73;-13.507;11.91958351;1,186046512;311;NA;NA
37;-14.393;13.58178396;1,302325581;311;NA;NA
33;-14.135;12.12368596;1,488372093;311;NA;NA
36;3.8653;10.33753729;0;301;NA;NA
74;3.2111;7.234823788;0,069767442;301;NA;NA
96;1.5518;4.421818138;0,151162791;301;NA;NA
33;1.6752;3.22265625;0,23255814;301;NA;NA
54;1.6137;4.147488106;0,348837209;301;NA;NA
69;2.4992;7.951284088;0,465116279;301;NA;NA
45;0.49165;4.384119695;0,604651163;301;NA;NA
33;0.26874;5.825514371;0,790697674;301;NA;NA
60;-0.53984;5.865374622;0,941860465;301;NA;NA
67;-0.90802;4.81953977;1,069767442;301;NA;NA
73;-1.0059;2.816279622;1,186046512;301;NA;NA
37;-1.1718;6.24069253;1,302325581;301;NA;NA
33;-1.5043;4.426157421;1,488372093;301;NA;NA
48;-4.6742;9.940543138;0;300;NA;NA
80;-4.6211;10.17349235;0,069767442;300;NA;NA
99;-7.1455;5.78513056;0,151162791;300;NA;NA
38;-7.4324;5.071045398;0,23255814;300;NA;NA
66;-8.1474;8.817448813;0,348837209;300;NA;NA
75;-7.567;9.581365235;0,465116279;300;NA;NA
50;-10.188;6.371175064;0,604651163;300;NA;NA
41;-9.5557;7.534198678;0,790697674;300;NA;NA
64;-12.129;5.556122449;0,941860465;300;NA;NA
74;-12.345;4.931972095;1,069767442;300;NA;NA
77;-12.395;6.684709821;1,186046512;300;NA;NA
40;-13.039;3.472576531;1,302325581;300;NA;NA
37;-12.838;5.453842474;1,488372093;300;NA;NA
24;0.19167;0.257314566;0;299;NA;NA
33;0.092566;0.06685872;0,069767442;299;NA;NA
42;0.19608;0.245999453;0,151162791;299;NA;NA
9;0.087876;0.055873382;0,23255814;299;NA;NA
46;0.18154;0.209771306;0,348837209;299;NA;NA
49;0.29282;0.142924503;0,465116279;299;NA;NA
39;0.17399;0.095671082;0,604651163;299;NA;NA
27;0.16861;0.054719022;0,790697674;299;NA;NA
53;0.17293;0.129931524;0,941860465;299;NA;NA
57;0.063374;0.139744876;1,069767442;299;NA;NA
45;-0.019496;0.110387435;1,186046512;299;NA;NA
31;0.047696;0.083012571;1,302325581;299;NA;NA
22;-0.053093;0.064185947;1,488372093;299;NA;NA
49;14.929;37.05765625;0;298;NA;NA
81;12.041;23.20191613;0,069767442;298;NA;NA
101;6.9673;24.30568181;0,151162791;298;NA;NA
38;6.701;17.00628038;0,23255814;298;NA;NA
68;6.6956;28.43534105;0,348837209;298;NA;NA
76;9.3122;31.79070588;0,465116279;298;NA;NA
50;2.9244;19.48981791;0,604651163;298;NA;NA
41;4.2267;15.98556896;0,790697674;298;NA;NA
64;0.72282;30.58315718;0,941860465;298;NA;NA
74;-0.59465;21.19438753;1,069767442;298;NA;NA
77;-0.33776;25.88730803;1,186046512;298;NA;NA
39;-1.2176;23.75709794;1,302325581;298;NA;NA
37;-2.1852;14.42364388;1,488372093;298;NA;NA
49;8.1833;7.102225;0;297;NA;NA
81;7.3448;4.291556154;0,069767442;297;NA;NA
101;5.6728;4.562971564;0,151162791;297;NA;NA
38;6.0136;3.443888509;0,23255814;297;NA;NA
68;6.2825;4.797390796;0,348837209;297;NA;NA
76;6.7939;5.360759837;0,465116279;297;NA;NA
50;5.4297;4.530664307;0,604651163;297;NA;NA
41;4.3049;2.519796754;0,790697674;297;NA;NA
64;4.1545;3.65668055;0,941860465;297;NA;NA
74;3.416;5.93877281;1,069767442;297;NA;NA
77;3.7539;4.082340725;1,186046512;297;NA;NA
39;3.9187;4.184948953;1,302325581;297;NA;NA
37;3.0412;4.187179725;1,488372093;297;NA;NA
49;6.9607;19.201611;0;296;NA;NA
81;4.4853;20.2975534;0,069767442;296;NA;NA
101;0.74622;15.64129783;0,151162791;296;NA;NA
38;0.6507;16.64018319;0,23255814;296;NA;NA
68;0.26463;9.595835124;0,348837209;296;NA;NA
76;2.1215;17.72696756;0,465116279;296;NA;NA
50;-2.5487;14.3864122;0,604651163;296;NA;NA
41;-0.71348;8.854722908;0,790697674;296;NA;NA
64;-3.9854;9.914787214;0,941860465;296;NA;NA
74;-4.1656;10.42891539;1,069767442;296;NA;NA
77;-4.6218;13.01143839;1,186046512;296;NA;NA
39;-5.0783;11.97655953;1,302325581;296;NA;NA
37;-5.3971;9.95186205;1,488372093;296;NA;NA
53;57.627;16.58750241;0;295;NA;NA
82;55.724;21.70968464;0,069767442;295;NA;NA
101;51.668;20.22126952;0,151162791;295;NA;NA
39;55.464;14.77770922;0,23255814;295;NA;NA
70;55.656;25.54402332;0,348837209;295;NA;NA
81;56.681;16.23555452;0,465116279;295;NA;NA
51;53.576;20.74331008;0,604651163;295;NA;NA
42;54.759;15.91445609;0,790697674;295;NA;NA
64;55.162;21.66997501;0,941860465;295;NA;NA
74;53.025;11.99150198;1,069767442;295;NA;NA
77;53.041;15.43379874;1,186046512;295;NA;NA
42;54.504;14.77484967;1,302325581;295;NA;NA
38;56.096;14.91654311;1,488372093;295;NA;NA
36;0.94918;0.001405102;0;294;NA;NA
74;0.96114;0.000641315;0,069767442;294;NA;NA
96;0.94967;0.000688776;0,151162791;294;NA;NA
33;0.9459;0.000580424;0,23255814;294;NA;NA
55;0.94951;0.000633131;0,348837209;294;NA;NA
69;0.95312;0.001015717;0,465116279;294;NA;NA
45;0.97425;0.000694515;0,604651163;294;NA;NA
33;0.97478;0.000532725;0,790697674;294;NA;NA
60;0.96513;0.000727519;0,941860465;294;NA;NA
67;0.96456;0.000581657;1,069767442;294;NA;NA
73;0.96536;0.000753013;1,186046512;294;NA;NA
37;0.96548;0.000650779;1,302325581;294;NA;NA
33;0.9747;0.000738178;1,488372093;294;NA;NA
49;0.99294;0.001096083;0;310;NA;NA
81;1.0024;0.000834208;0,069767442;310;NA;NA
101;0.99081;0.000585724;0,151162791;310;NA;NA
38;0.98975;0.000638621;0,23255814;310;NA;NA
69;0.99567;0.000715148;0,348837209;310;NA;NA
76;0.99669;0.000700383;0,465116279;310;NA;NA
50;1.0253;0.000802042;0,604651163;310;NA;NA
41;1.0103;0.000397129;0,790697674;310;NA;NA
64;1.0088;0.000550812;0,941860465;310;NA;NA
74;1.0029;0.000987519;1,069767442;310;NA;NA
77;1.0084;0.000795536;1,186046512;310;NA;NA
39;1.0088;0.000768406;1,302325581;310;NA;NA
37;1.015;0.001208163;1,488372093;310;NA;NA
48;1.1164;0.001069086;0;309;NA;NA
80;1.0983;0.000688515;0,069767442;309;NA;NA
99;1.0731;0.000422701;0,151162791;309;NA;NA
38;1.0718;0.000350191;0,23255814;309;NA;NA
67;1.0886;0.00041875;0,348837209;309;NA;NA
75;1.1005;0.000497888;0,465116279;309;NA;NA
50;1.111;0.000875156;0,604651163;309;NA;NA
41;1.1104;0.000515515;0,790697674;309;NA;NA
64;1.1045;0.000589796;0,941860465;309;NA;NA
74;1.0986;0.000530931;1,069767442;309;NA;NA
77;1.1004;0.000521337;1,186046512;309;NA;NA
40;1.1012;0.000481466;1,302325581;309;NA;NA
37;1.1047;0.000797577;1,488372093;309;NA;NA
25;2.2823;0.570757123;0;308;NA;NA
33;2.605;0.457586714;0,069767442;308;NA;NA
42;2.6925;0.315404765;0,151162791;308;NA;NA
9;2.5186;0.336429592;0,23255814;308;NA;NA
45;2.4931;0.373648532;0,348837209;308;NA;NA
49;2.302;0.3136;0,465116279;308;NA;NA
39;2.6075;0.278066366;0,604651163;308;NA;NA
27;2.3907;0.2028796;0,790697674;308;NA;NA
53;2.3827;0.235675752;0,941860465;308;NA;NA
57;2.6185;0.2052;1,069767442;308;NA;NA
45;2.6103;0.186856011;1,186046512;308;NA;NA
32;2.6022;0.4608;1,302325581;308;NA;NA
23;2.7857;0.50978408;1,488372093;308;NA;NA
24;14.76;0.802929509;0;307;NA;NA
35;14.904;1.476004464;0,069767442;307;NA;NA
42;15.678;0.967633929;0,151162791;307;NA;NA
9;15.664;1.328373855;0,23255814;307;NA;NA
26;15.46;1.457126197;0,348837209;307;NA;NA
37;14.87;0.804424459;0,465116279;307;NA;NA
28;15.507;0.606649052;0,604651163;307;NA;NA
16;15.481;0.965607039;0,790697674;307;NA;NA
28;15.786;1.234200073;0,941860465;307;NA;NA
37;16.002;0.621379633;1,069767442;307;NA;NA
29;16.008;0.668128189;1,186046512;307;NA;NA
24;16.066;1.057885777;1,302325581;307;NA;NA
13;15.512;0.674643183;1,488372093;307;NA;NA
8;1.6552;0.03803732;0;306;NA;NA
8;1.8764;0.27933999;0,069767442;306;NA;NA
13;1.5663;0.12461811;0,151162791;306;NA;NA
8;1.954;0.12413416;0,23255814;306;NA;NA
13;2.5962;0.29759598;0,348837209;306;NA;NA
24;2.506;0.20967664;0,465116279;306;NA;NA
30;2.3208;0.3280235;0,604651163;306;NA;NA
17;2.3995;0.24532069;0,790697674;306;NA;NA
23;2.5899;0.13951128;0,941860465;306;NA;NA
14;2.9013;0.32973994;1,069767442;306;NA;NA
10;2.6454;0.19657185;1,186046512;306;NA;NA
11;2.7294;0.15873691;1,302325581;306;NA;NA
6;3.0407;0.19966993;1,488372093;306;NA;NA
24;33.733;177.1821132;0;305;NA;NA
32;26.611;51.4594773;0,069767442;305;NA;NA
41;26.943;52.55164541;0,151162791;305;NA;NA
9;30.47;166.5877515;0,23255814;305;NA;NA
40;28.483;89.2972954;0,348837209;305;NA;NA
46;28.448;45.62525614;0,465116279;305;NA;NA
34;29.828;58.61585706;0,604651163;305;NA;NA
21;28.354;44.09037901;0,790697674;305;NA;NA
44;29.551;98.2941199;0,941860465;305;NA;NA
52;26.85;61.44043445;1,069767442;305;NA;NA
41;26.639;37.08203249;1,186046512;305;NA;NA
30;26.605;35.44640449;1,302325581;305;NA;NA
21;29.585;46.89709001;1,488372093;305;NA;NA
24;65.965;1846.725837;0;304;NA;NA
33;56.842;2237.874695;0,069767442;304;NA;NA
42;54.737;2488.860175;0,151162791;304;NA;NA
9;49.123;2548.57553;0,23255814;304;NA;NA
46;54.737;3119.461696;0,348837209;304;NA;NA
49;84.912;4085.264187;0,465116279;304;NA;NA
39;70.877;3250.991768;0,604651163;304;NA;NA
27;77.895;2910.729112;0,790697674;304;NA;NA
53;64.561;2717.618941;0,941860465;304;NA;NA
57;54.035;2778.362087;1,069767442;304;NA;NA
45;41.404;974.8282698;1,186046512;304;NA;NA
31;50.526;2288.95301;1,302325581;304;NA;NA
22;38.596;1243.653038;1,488372093;304;NA;NA
24;42.178;778.5041795;0;303;NA;NA
33;34.477;377.3695002;0,069767442;303;NA;NA
42;29.91;224.8493987;0,151162791;303;NA;NA
9;34.763;379.8024277;0,23255814;303;NA;NA
46;27.043;209.7685526;0,348837209;303;NA;NA
49;33.278;422.5227073;0,465116279;303;NA;NA
39;34.271;277.8996085;0,604651163;303;NA;NA
27;32.804;342.1283536;0,790697674;303;NA;NA
53;34.839;671.3927863;0,941860465;303;NA;NA
57;26.417;218.447114;1,069767442;303;NA;NA
45;22.535;172.5031969;1,186046512;303;NA;NA
31;24.234;221.0212385;1,302325581;303;NA;NA
21;24.185;159.8158655;1,488372093;303;NA;NA
36;29.776;143.4861735;0;302;NA;NA
34;26.478;77.36108301;0,069767442;302;NA;NA
41;27.182;50.44182528;0,151162791;302;NA;NA
9;28.928;173.6142363;0,23255814;302;NA;NA
44;28.244;145.565884;0,348837209;302;NA;NA
48;27.038;54.42193669;0,465116279;302;NA;NA
39;29.312;83.59203971;0,604651163;302;NA;NA
26;27.069;59.15847524;0,790697674;302;NA;NA
49;27.779;86.78918686;0,941860465;302;NA;NA
54;28.139;89.37160597;1,069767442;302;NA;NA
44;27.629;49.8867753;1,186046512;302;NA;NA
33;25.727;28.64200021;1,302325581;302;NA;NA
22;29.044;50.05717136;1,488372093;302;NA;NA
11;42.755;42.21;0;702;NA;NA
25;37.006;42.45;0,000128903999999999;702;NA;NA
50;42.56;34.3;0,000257808;702;NA;NA
8;39.336;53.88;0,000515616;702;NA;NA
27;43.637;63.6;0,000773424;702;NA;NA
20;40.532;42.61;0,00128904;702;NA;NA
42;41.834;32.9;0,001417944;702;NA;NA
42;39.465;26.43;0,001546848;702;NA;NA
23;45.86;67.82;0,001869108;702;NA;NA
50;51.477;41.34;0,001998012;702;NA;NA
50;50.652;31.02;0,00225582;702;NA;NA
25;51.255;48.99;0,002384724;702;NA;NA
50;54.608;62.55;0,002513628;702;NA;NA
50;52.387;37.1;0,002771436;702;NA;NA
50;58.573;52.72;0,003029244;702;NA;NA
50;54.886;54.38;0,003287052;702;NA;NA
50;54.675;45.74;0,003480408;702;NA;NA
25;61.979;39.14;0,00354486;702;NA;NA
25;64.34;47.27;0,003609312;702;NA;NA
50;61.047;28.06;0,003738216;702;NA;NA
25;61.45;30.88;0,003802668;702;NA;NA
25;61.292;37.38;0,00386712;702;NA;NA
25;59.49;46.06;0,003931572;702;NA;NA
50;61.579;52.16;0,003996024;702;NA;NA
50;52.063;17.1;0,004253832;702;NA;NA
50;56.721;30.06;0,00451164;702;NA;NA
50;53.698;26.25;0,004769448;702;NA;NA
50;50.196;32.65;0,004962804;702;NA;NA
50;55.888;72.49;0,005220612;702;NA;NA
50;56.747;36.93;0,00547842;702;NA;NA
50;57.848;72.57;0,005736228;702;NA;NA
50;53.019;32.09;0,005994036;702;NA;NA
50;51.615;54.39;0,006251844;702;NA;NA
50;51.893;86.47;0,006509652;702;NA;NA
50;47.959;32.36;0,00676746;702;NA;NA
50;52.479;72.06;0,007025268;702;NA;NA
50;49.718;43.27;0,007283076;702;NA;NA
50;46.216;41.93;0,007540884;702;NA;NA
50;46.71;72.66;0,007798692;702;NA;NA
50;47.126;21.76;0,0080565;702;NA;NA
56;46.98;19.86;0,008185404;702;NA;NA
50;43.872;80.8;0,008443212;702;NA;NA
50;45.985;86.03;0,00870102;702;NA;NA
50;47.034;72.57;0,008958828;702;NA;NA
50;43.424;34.05;0,009216636;702;NA;NA
50;46.201;89.38;0,009474444;702;NA;NA
50;46.232;49.76;0,009732252;702;NA;NA
50;44.195;87.44;0,009796704;702;NA;NA
50;44.165;73.89;0,010054512;702;NA;NA
50;41.311;52.79;0,01031232;702;NA;NA
50;45.908;35.41;0,01063458;702;NA;NA
50;41.727;47.33;0,010892388;702;NA;NA
50;44.705;109.29;0,011150196;702;NA;NA
50;49.487;55.01;0,011408004;702;NA;NA
50;42.236;67.52;0,011665812;702;NA;NA
50;46.139;35.34;0,01192362;702;NA;NA
50;46.837;27.77;0,012116976;702;NA;NA
50;43.224;33.78;0,012374784;702;NA;NA
50;46;57.96;0,012632592;702;NA;NA
50;46.293;60.45;0,0128904;702;NA;NA
50;47.882;74.51;0,013148208;702;NA;NA
50;45.167;41.38;0,013406016;702;NA;NA
50;49.349;77;0,013728276;702;NA;NA
11;57.333;112.42;0;701;NA;NA
25;48.88;112.11;0,000128903999999999;701;NA;NA
50;61.4;134.33;0,000257808;701;NA;NA
8;52.375;143.69;0,000515616;701;NA;NA
27;58.172;229.28;0,000773424;701;NA;NA
20;54.5;115.41;0,00128904;701;NA;NA
42;49.571;108.45;0,001417944;701;NA;NA
42;49.857;95.2;0,001546848;701;NA;NA
23;69.217;381.07;0,001869108;701;NA;NA
50;72.66;169.44;0,001998012;701;NA;NA
50;79.176;151.19;0,00225582;701;NA;NA
25;77.76;204.12;0,002384724;701;NA;NA
50;94.9;280.09;0,002513628;701;NA;NA
50;82.84;255.81;0,002771436;701;NA;NA
50;91.04;284.87;0,003029244;701;NA;NA
50;85.88;256.61;0,003287052;701;NA;NA
50;85.059;216.09;0,003480408;701;NA;NA
25;97.52;248.91;0,00354486;701;NA;NA
25;102.16;253.54;0,003609312;701;NA;NA
50;95.804;166.72;0,003738216;701;NA;NA
25;93.8;184.91;0,003802668;701;NA;NA
25;90.6;251.67;0,00386712;701;NA;NA
25;89.04;266.21;0,003931572;701;NA;NA
50;91.882;276.29;0,003996024;701;NA;NA
50;80.16;187.03;0,004253832;701;NA;NA
50;88.92;184.2;0,00451164;701;NA;NA
50;79.44;118.2;0,004769448;701;NA;NA
50;70.1;110.94;0,004962804;701;NA;NA
50;82.078;219.42;0,005220612;701;NA;NA
50;83.588;165.41;0,00547842;701;NA;NA
50;86.08;257.92;0,005736228;701;NA;NA
50;76.72;146.58;0,005994036;701;NA;NA
50;79.32;235.9;0,006251844;701;NA;NA
50;80.36;249.73;0,006509652;701;NA;NA
50;72.18;109.83;0,00676746;701;NA;NA
50;78.32;277.56;0,007025268;701;NA;NA
50;76.2;150.09;0,007283076;701;NA;NA
50;69.569;154.18;0,007540884;701;NA;NA
50;70.52;225.57;0,007798692;701;NA;NA
50;71.44;108.91;0,0080565;701;NA;NA
56;74.5;96.86;0,008185404;701;NA;NA
50;67.76;265.89;0,008443212;701;NA;NA
50;68.46;339.22;0,00870102;701;NA;NA
50;72.92;267.42;0,008958828;701;NA;NA
50;66.08;123.74;0,009216636;701;NA;NA
50;69.843;255.2;0,009474444;701;NA;NA
50;70.34;180.61;0,009732252;701;NA;NA
50;67.06;327.72;0,009796704;701;NA;NA
50;66.06;215.44;0,010054512;701;NA;NA
50;64.56;210.22;0,01031232;701;NA;NA
50;69.14;112.08;0,01063458;701;NA;NA
50;63.64;152.6;0,010892388;701;NA;NA
50;70.3;358.95;0,011150196;701;NA;NA
50;79.18;222.31;0,011408004;701;NA;NA
50;64.74;232.23;0,011665812;701;NA;NA
50;74.88;129.5;0,01192362;701;NA;NA
50;74.49;194.1;0,012116976;701;NA;NA
50;64.2;115.93;0,012374784;701;NA;NA
50;73.08;226.47;0,012632592;701;NA;NA
50;70.18;251.57;0,0128904;701;NA;NA
50;72.6;264.42;0,013148208;701;NA;NA
50;68.36;164.4;0,013406016;701;NA;NA
50;69.08;199.06;0,013728276;701;NA;NA
11;26.167;18.88;0;700;NA;NA
25;22.28;22.79;0,000128903999999999;700;NA;NA
50;26.08;17.02;0,000257808;700;NA;NA
8;23.375;22.84;0,000515616;700;NA;NA
27;25.31;25.15;0,000773424;700;NA;NA
20;22.65;18.45;0,00128904;700;NA;NA
42;23.31;12.46;0,001417944;700;NA;NA
42;22.69;13.39;0,001546848;700;NA;NA
23;26.304;21.32;0,001869108;700;NA;NA
50;29.48;19.93;0,001998012;700;NA;NA
50;29.333;13.7;0,00225582;700;NA;NA
25;29.08;19.32;0,002384724;700;NA;NA
50;31.32;19.98;0,002513628;700;NA;NA
50;27.18;18.28;0,002771436;700;NA;NA
50;25.9;23.36;0,003029244;700;NA;NA
50;23.02;15.86;0,003287052;700;NA;NA
50;22.353;17.11;0,003480408;700;NA;NA
25;23.12;12.36;0,00354486;700;NA;NA
25;23.24;4.94;0,003609312;700;NA;NA
50;24.314;8.9;0,003738216;700;NA;NA
25;22;11.25;0,003802668;700;NA;NA
25;21.16;9.64;0,00386712;700;NA;NA
25;21.28;10.63;0,003931572;700;NA;NA
50;22.98;12.62;0,003996024;700;NA;NA
50;21.44;8.13;0,004253832;700;NA;NA
50;23;6.08;0,00451164;700;NA;NA
50;22.8;7.92;0,004769448;700;NA;NA
50;22.5;9.85;0,004962804;700;NA;NA
50;25.51;18.38;0,005220612;700;NA;NA
50;24.333;10.59;0,00547842;700;NA;NA
50;25.36;14.44;0,005736228;700;NA;NA
50;23.28;9.14;0,005994036;700;NA;NA
50;21.66;9.41;0,006251844;700;NA;NA
50;21.68;13.45;0,006509652;700;NA;NA
50;19.88;4.92;0,00676746;700;NA;NA
50;20.72;8.16;0,007025268;700;NA;NA
50;20.34;6.27;0,007283076;700;NA;NA
50;19.529;10.06;0,007540884;700;NA;NA
50;18.04;8.81;0,007798692;700;NA;NA
50;19.48;4.7;0,0080565;700;NA;NA
56;20.054;5.29;0,008185404;700;NA;NA
50;19.1;11.85;0,008443212;700;NA;NA
50;19.54;12.25;0,00870102;700;NA;NA
50;19.92;7.91;0,008958828;700;NA;NA
50;18.3;7.48;0,009216636;700;NA;NA
50;18.471;7.38;0,009474444;700;NA;NA
50;19.04;9.3;0,009732252;700;NA;NA
50;18.32;11.4;0,009796704;700;NA;NA
50;18.26;8.12;0,010054512;700;NA;NA
50;16.7;7.44;0,01031232;700;NA;NA
50;18.54;6.42;0,01063458;700;NA;NA
50;17.48;4.79;0,010892388;700;NA;NA
50;18.28;11.76;0,011150196;700;NA;NA
50;19.46;10.54;0,011408004;700;NA;NA
50;17.16;9.81;0,011665812;700;NA;NA
50;18.78;5.6;0,01192362;700;NA;NA
50;19.02;7.14;0,012116976;700;NA;NA
50;17.24;4.15;0,012374784;700;NA;NA
50;18.96;8.4;0,012632592;700;NA;NA
50;19.2;10.98;0,0128904;700;NA;NA
50;17.98;7.12;0,013148208;700;NA;NA
50;17.62;5.75;0,013406016;700;NA;NA
50;18.54;10.5;0,013728276;700;NA;NA
24;-0.020906106;0.639394318;0;455;NA;NA
14;-0.145666615;0.537651571;3,6e-05;455;NA;NA
22;-0.43756351;1.432131114;0,000549;455;NA;NA
65;0.278286717;0.941675208;0,000935;455;NA;NA
18;-0.642084867;0.772058419;0,002988;455;NA;NA
109;-0.234940325;0.823036803;0,003129;455;NA;NA
38;0.362021009;1.1594172;0,003152;455;NA;NA
46;-0.066415971;1.035551054;0,00321;455;NA;NA
22;-0.081857008;1.091843224;0,003322;455;NA;NA
85;-0.071041201;0.89193775;0,003481;455;NA;NA
39;0.062250797;1.015164245;0,0035;455;NA;NA
22;0.447889145;1.575948397;0,003634;455;NA;NA
20;-0.146468408;0.976571098;0,003712;455;NA;NA
98;0.059189881;1.075084398;0,003763;455;NA;NA
62;-0.078994613;1.076060396;0,003778839;455;NA;NA
29;0.383175674;1.269605121;0,003912;455;NA;NA
45;0.250134556;1.348197025;0,003942;455;NA;NA
37;-0.14222906;1.065314751;0,003952;455;NA;NA
42;-0.075472406;0.609433921;0,004151;455;NA;NA
48;0.619192337;1.020652834;0,004756;455;NA;NA
27;-0.318500025;0.895096783;0,005282;455;NA;NA
24;-0.361703757;0.841316232;0;454;NA;NA
14;0.204882939;1.539048391;3,6e-05;454;NA;NA
22;-0.233115031;2.08342767;0,000549;454;NA;NA
65;0.378316025;0.811446015;0,000935;454;NA;NA
18;-0.868652231;1.716662145;0,002988;454;NA;NA
109;0.431334156;0.906372368;0,003129;454;NA;NA
38;0.271006215;1.382376622;0,003152;454;NA;NA
46;0.137663142;1.1413237;0,00321;454;NA;NA
22;-0.360128992;0.590714601;0,003322;454;NA;NA
85;0.178885092;0.810321042;0,003481;454;NA;NA
39;-0.337863128;0.821239673;0,0035;454;NA;NA
22;0.10194071;1.407318474;0,003634;454;NA;NA
20;0.247098416;1.532543692;0,003712;454;NA;NA
98;0.27580822;0.762312688;0,003763;454;NA;NA
62;0.124813008;1.084201129;0,003778839;454;NA;NA
29;0.177418102;1.843553157;0,003912;454;NA;NA
45;0.371467654;1.108839331;0,003942;454;NA;NA
37;-0.127348972;0.739662901;0,003952;454;NA;NA
42;-0.586477331;0.560906528;0,004151;454;NA;NA
48;-0.115987314;0.857529613;0,004756;454;NA;NA
27;0.090643078;0.984982903;0,005282;454;NA;NA
7;3.71;0.018640987;0;453;NA;NA
12;3.59;0.02349905;0,0800000000000001;453;NA;NA
14;3.72;0.021396668;0,21;453;NA;NA
28;3.62;0.014991064;0,66;453;NA;NA
72;3.62;0.034879298;0,73;453;NA;NA
31;3.65;0.07750656;0,75;453;NA;NA
25;3.58;0.03104785;0,9;453;NA;NA
26;3.45;0.061709515;1,05;453;NA;NA
22;3.41;0.078999221;1,14;453;NA;NA
36;3.48;0.028330276;1,24;453;NA;NA
34;3.34;0.024053528;1,34;453;NA;NA
35;3.47;0.033252252;1,48;453;NA;NA
43;3.54;0.067095505;1,58;453;NA;NA
29;3.49;0.02242686;1,76;453;NA;NA
29;3.47;0.04776148;1,87;453;NA;NA
32;3.5;0.023233076;2,08;453;NA;NA
29;3.58;0.06799995;2,31;453;NA;NA
32;3.5;0.06350904;2,74;453;NA;NA
41;3.61;0.039646385;2,85;453;NA;NA
32;3.55;0.048883441;3,05;453;NA;NA
31;3.57;0.035205017;3,13;453;NA;NA
28;3.55;0.029513866;3,23;453;NA;NA
30;3.55;0.01937664;3,33;453;NA;NA
28;3.42;0.026279652;3,44;453;NA;NA
7;539.6;9127.433014;0;452;NA;NA
12;479.03;1936.404821;0,0800000000000001;452;NA;NA
14;507.73;6796.551457;0,21;452;NA;NA
28;431.95;9667.137027;0,66;452;NA;NA
72;429.98;9941.645381;0,73;452;NA;NA
31;429.46;7794.700314;0,75;452;NA;NA
25;450;9448.267685;0,9;452;NA;NA
26;509.89;7647.922266;1,05;452;NA;NA
22;480.52;10278.71546;1,14;452;NA;NA
36;444.9;14949.90399;1,24;452;NA;NA
34;472.66;8601.078564;1,34;452;NA;NA
35;415.88;12164.50173;1,48;452;NA;NA
43;392.74;12660.7504;1,58;452;NA;NA
29;403.64;14210.40421;1,76;452;NA;NA
29;412.19;11616.83019;1,87;452;NA;NA
32;396.16;6796.551457;2,08;452;NA;NA
29;415.18;11318.70443;2,31;452;NA;NA
32;443.14;9720.816274;2,74;452;NA;NA
41;407.98;10907.83893;2,85;452;NA;NA
32;375.17;6568.972821;3,05;452;NA;NA
31;375.11;4174.710544;3,13;452;NA;NA
28;357.25;8093.48531;3,23;452;NA;NA
30;368.69;3323.753104;3,33;452;NA;NA
28;406.53;6038.595431;3,44;452;NA;NA
15;3.92;0.033215062;0;451;NA;NA
26;3.91;0.036921623;0,0499999999999998;451;NA;NA
18;3.87;0.03721041;0,17;451;NA;NA
9;3.68;0.04393216;0,45;451;NA;NA
26;3.76;0.02353156;0,48;451;NA;NA
36;3.73;0.03052009;0,58;451;NA;NA
24;3.69;0.016473723;0,65;451;NA;NA
25;3.7;0.008163122;0,73;451;NA;NA
20;3.73;0.014580563;0,86;451;NA;NA
36;3.82;0.041432603;1;451;NA;NA
41;3.78;0.026912403;1,13;451;NA;NA
28;3.76;0.044584323;1,19;451;NA;NA
36;3.84;0.06091024;1,24;451;NA;NA
16;3.64;0.02193361;1,31;451;NA;NA
37;3.64;0.024948202;1,38;451;NA;NA
17;3.78;0.01766241;1,4;451;NA;NA
8;3.86;0.06056521;1,55;451;NA;NA
8;4.13;0.03489424;1,7;451;NA;NA
12;4.2;0.03404025;1,79;451;NA;NA
15;338.47;1685.513025;0;450;NA;NA
26;326.43;1178.892225;0,0499999999999998;450;NA;NA
18;327.77;1457.330625;0,17;450;NA;NA
9;350.57;1384.956225;0,45;450;NA;NA
26;351.02;2103.1396;0,48;450;NA;NA
36;341.81;1439.064225;0,58;450;NA;NA
24;336.47;2739.999025;0,65;450;NA;NA
25;342.64;2494.0036;0,73;450;NA;NA
20;339.66;2329.0276;0,86;450;NA;NA
36;336.66;1607.609025;1;450;NA;NA
41;345.19;1846.850625;1,13;450;NA;NA
28;331.2;1806.25;1,19;450;NA;NA
36;323;857.9041;1,24;450;NA;NA
16;317.18;1082.081025;1,31;450;NA;NA
37;303.19;565.0129;1,38;450;NA;NA
17;314.22;1457.330625;1,4;450;NA;NA
8;317.46;456.6769;1,55;450;NA;NA
8;316.85;266.505625;1,7;450;NA;NA
12;317.26;498.6289;1,79;450;NA;NA
10;0.628027;0.000296012;0;317;NA;NA
10;0.61887;0.000160174;0,006;317;NA;NA
10;0.630843;0.000354324;0,009;317;NA;NA
10;0.621408;0.000185886;0,012;317;NA;NA
10;0.623643;0.000263591;0,015;317;NA;NA
10;0.608997;0.000160377;0,018;317;NA;NA
10;0.624216;0.000185763;0,021;317;NA;NA
10;0.60828;0.000129;0,024;317;NA;NA
10;0.622201;7.67e-05;0,027;317;NA;NA
10;0.607555;6.59e-05;0,03;317;NA;NA
10;0.582521;0.000129;0,033;317;NA;NA
10;0.601003;0.000318926;0,036;317;NA;NA
10;0.633044;0.000487438;0,0395;317;NA;NA
10;0.613516;0.000185777;0,04;317;NA;NA
10;0.643314;0.000624575;0,0405;317;NA;NA
10;0.643205;0.000858256;0,0415;317;NA;NA
10;0.614126;0.000284799;0,042;317;NA;NA
10;0.633424;0.000138792;0,0425;317;NA;NA
10;0.646373;0.000131481;0,043;317;NA;NA
10;0.703907;0.000341;0,0435;317;NA;NA
10;0.62514;0.000214;0,044;317;NA;NA
10;0.694775;0.000318176;0,0445;317;NA;NA
10;0.566329;0.00017;0,045;317;NA;NA
10;0.570897;0.000329495;0,04525;317;NA;NA
10;0.574819;0.000117235;0,0455;317;NA;NA
10;0.576219;0.000178837;0,0458;317;NA;NA
10;0.3092;0.00028561;0;316;NA;NA
10;0.3138;0.000169;0,003;316;NA;NA
10;0.3108;0.00035721;0,006;316;NA;NA
10;0.3138;0.00053824;0,009;316;NA;NA
5;0.3169;7.11e-05;0,012;316;NA;NA
10;0.3092;0.00044521;0,015;316;NA;NA
6;0.2897;0.00051076;0,018;316;NA;NA
11;0.2965;0.000289;0,021;316;NA;NA
8;0.2827;0.00290521;0,024;316;NA;NA
13;0.3006;0.00045796;0,027;316;NA;NA
8;0.3096;0.00016384;0,03;316;NA;NA
19;0.3077;0.00042025;0,033;316;NA;NA
5;0.3046;4.73e-05;0,038;316;NA;NA
24;0.3045;0.00053361;0,0395;316;NA;NA
8;0.3019;0.00229441;0,04;316;NA;NA
30;0.3051;0.00027889;0,0405;316;NA;NA
26;0.3024;0.000625;0,0415;316;NA;NA
30;0.3056;0.00038809;0,042;316;NA;NA
25;0.2954;0.00035344;0,0425;316;NA;NA
12;0.2962;0.00017689;0,043;316;NA;NA
10;0.3;0.00048841;0,0435;316;NA;NA
7;0.3055;0.00026896;0,0445;316;NA;NA
5;0.2585;0.00016641;0,045;316;NA;NA
9;0.2974;0.00023716;0,04525;316;NA;NA
8;0.3192;0.00038809;0,0455;316;NA;NA
10;0.26;7.62e-05;0;315;NA;NA
10;0.2646;9.47e-05;0,003;315;NA;NA
10;0.2738;0.00030625;0,006;315;NA;NA
10;0.2723;0.00016129;0,009;315;NA;NA
5;0.28;0.00051984;0,012;315;NA;NA
10;0.2631;0.00039204;0,015;315;NA;NA
6;0.2462;0.00019044;0,018;315;NA;NA
11;0.249;0.00075076;0,021;315;NA;NA
8;0.2442;0.00064009;0,024;315;NA;NA
13;0.2556;0.00033856;0,027;315;NA;NA
8;0.2712;0.00033489;0,03;315;NA;NA
19;0.2559;0.00024336;0,033;315;NA;NA
5;0.2462;0.00011881;0,038;315;NA;NA
24;0.2429;0.00071824;0,0395;315;NA;NA
8;0.2423;0.00113569;0,04;315;NA;NA
30;0.2528;0.00063001;0,0405;315;NA;NA
26;0.2497;0.000576;0,0415;315;NA;NA
30;0.2421;0.00058564;0,042;315;NA;NA
25;0.2535;0.00035721;0,0425;315;NA;NA
12;0.2538;0.00027889;0,043;315;NA;NA
10;0.2646;0.00030625;0,0435;315;NA;NA
7;0.2527;0.00054289;0,0445;315;NA;NA
5;0.2;0.00070756;0,045;315;NA;NA
9;0.2564;0.00041616;0,04525;315;NA;NA
8;0.2481;0.00097344;0,0455;315;NA;NA
20;0.49403;0.000211761;0;314;NA;NA
20;0.499254;0.000105288;0,003;314;NA;NA
20;0.501866;0.000263445;0,006;314;NA;NA
20;0.477985;0.000341159;0,009;314;NA;NA
20;0.479478;0.00015625;0,012;314;NA;NA
20;0.470522;0.000428863;0,015;314;NA;NA
20;0.493284;0.000239785;0,018;314;NA;NA
20;0.475746;1.41e-05;0,021;314;NA;NA
20;0.488433;0.000228373;0,024;314;NA;NA
20;0.471642;3.13e-05;0,027;314;NA;NA
20;0.486567;5.57e-05;0,03;314;NA;NA
20;0.476866;0.000113093;0,033;314;NA;NA
20;0.479478;0.000251476;0,036;314;NA;NA
20;0.488433;0.000444451;0,038;314;NA;NA
20;0.504851;0.000125306;0,0395;314;NA;NA
20;0.494776;0.000355059;0,0405;314;NA;NA
20;0.473308;0.000339333;0,0415;314;NA;NA
20;0.478571;0.00078442;0,042;314;NA;NA
20;0.493609;0.000367604;0,0425;314;NA;NA
20;0.498496;1.02e-05;0,0435;314;NA;NA
20;0.50188;9.55e-05;0,044;314;NA;NA
20;0.487218;0.001248774;0,0445;314;NA;NA
20;0.436466;5.94e-05;0,045;314;NA;NA
20;0.448872;0.000131469;0,0455;314;NA;NA
16;0.4962;0.00070756;0;313;NA;NA
30;0.5051;0.00050625;0,021;313;NA;NA
30;0.5103;0.00121104;0,024;313;NA;NA
10;0.5108;0.00046225;0,027;313;NA;NA
30;0.5046;0.000625;0,033;313;NA;NA
25;0.5046;0.00070756;0,036;313;NA;NA
30;0.4908;0.00090601;0,038;313;NA;NA
30;0.4918;0.001444;0,0395;313;NA;NA
25;0.4862;0.00053361;0,04;313;NA;NA
30;0.5149;0.00071289;0,0405;313;NA;NA
20;0.5246;0.00064516;0,0415;313;NA;NA
30;0.5036;0.00107584;0,042;313;NA;NA
30;0.5036;0.000441;0,0425;313;NA;NA
20;0.5085;0.00327184;0,043;313;NA;NA
19;0.5271;0.00139129;0,0435;313;NA;NA
10;0.5246;0.00049729;0,044;313;NA;NA
20;0.5385;0.00054756;0,0445;313;NA;NA
10;0.5092;0.00228484;0,045;313;NA;NA
25;0.4874;0.000784;0,04525;313;NA;NA
25;0.5206;0.00091809;0,0455;313;NA;NA
30;0.4851;0.00175561;0,0458;313;NA;NA
16;0.4952;0.00038416;0;312;NA;NA
30;0.5154;0.00050176;0,021;312;NA;NA
30;0.5046;0.00051076;0,024;312;NA;NA
10;0.5154;0.00048841;0,027;312;NA;NA
30;0.5026;0.00047961;0,033;312;NA;NA
25;0.4997;0.00098596;0,036;312;NA;NA
30;0.5036;0.00058564;0,038;312;NA;NA
30;0.4887;0.00060025;0,0395;312;NA;NA
25;0.4985;0.00047524;0,04;312;NA;NA
30;0.501;0.00053361;0,0405;312;NA;NA
20;0.4954;0.00073984;0,0415;312;NA;NA
30;0.4979;0.00041616;0,042;312;NA;NA
30;0.5005;0.00068121;0,0425;312;NA;NA
20;0.5062;0.00057121;0,043;312;NA;NA
19;0.515;0.00121801;0,0435;312;NA;NA
10;0.5169;0.00090601;0,044;312;NA;NA
20;0.5179;0.00083521;0,0445;312;NA;NA
10;0.5046;0.00056644;0,045;312;NA;NA
25;0.4905;0.00045796;0,04525;312;NA;NA
25;0.4702;0.00051529;0,0455;312;NA;NA
30;0.4903;0.00042025;0,0458;312;NA;NA
1;71.45;0;0;414;NA;NA
7;56.52857143;417.2554476;1,2;414;NA;NA
2;68.76;3.1752;1,4;414;NA;NA
239;67.45393305;368.3607525;1,7;414;NA;NA
63;89.02952381;438.4124336;3,5;414;NA;NA
2;60.305;177.28445;4,5;414;NA;NA
16;60.13625;827.0205317;4,8;414;NA;NA
7;77.40428571;1382.854195;5,3;414;NA;NA
2;85.17;2253.8898;5,7;414;NA;NA
3;42.7;668.8567;6,4;414;NA;NA
6;68.62333333;924.3451467;6,6;414;NA;NA
62;45.20445987;295.6985629;7,7;414;NA;NA
4;42.725;4.4825;8,7;414;NA;NA
15;71.334;1079.299469;9,9;414;NA;NA
7;66.31714286;390.0194905;10,2;414;NA;NA
74;59.10108108;734.9999522;12,1;414;NA;NA
1;100.05;0;12,5;414;NA;NA
1;71.45;0;13,2;414;NA;NA
10;2.72;0.03374569;0;664;NA;NA
6;2.71;0.01485961;5,79999999999999e-05;664;NA;NA
15;2.63;0.028375403;7,97e-05;664;NA;NA
15;2.66;0.01677025;9,88e-05;664;NA;NA
15;2.71;0.025328723;0,0001313;664;NA;NA
6;2.65;0.02752281;0,0001793;664;NA;NA
6;2.57;0.008199302;0,0002183;664;NA;NA
7;2.56;0.015067563;0,0003392;664;NA;NA
11;2.57;0.006880702;0,0003733;664;NA;NA
8;2.64;0.01324801;0,000378;664;NA;NA
25;2.61;0.014244423;0,0003882;664;NA;NA
6;3.03;0.03069504;0;663;NA;NA
15;3.11;0.034058703;7,97999999999999e-06;663;NA;NA
15;3.11;0.037888623;9,89e-06;663;NA;NA
9;3.09;0.03500641;1,291e-05;663;NA;NA
9;3.1;0.04656964;1,797e-05;663;NA;NA
6;3.26;0.03250809;2,184e-05;663;NA;NA
9;3.23;0.03822025;3,381e-05;663;NA;NA
20;3.27;0.02752281;3,725e-05;663;NA;NA
20;3.32;0.031595063;3,793e-05;663;NA;NA
20;3.21;0.065356923;3,881e-05;663;NA;NA
35;0.35434;0.006930508;0;662;NA;NA
37;0.34977;0.00329607;0,0608990147783251;662;NA;NA
28;0.36986;0.003869087;0,125184729064039;662;NA;NA
33;0.39178;0.003643117;0,186083743842365;662;NA;NA
22;0.37032;0.002857242;0,244729064039409;662;NA;NA
11;0.39361;0.003419996;0,306754926108374;662;NA;NA
26;0.36256;0.004762075;0,36878078817734;662;NA;NA
26;0.37397;0.002679697;0,429681034482759;662;NA;NA
17;0.35753;0.003280958;0,460130541871921;662;NA;NA
31;0.36941;0.004283632;0,521028325123153;662;NA;NA
26;0.38447;0.005680881;0,585314039408867;662;NA;NA
24;0.40868;0.007161212;0,645086206896552;662;NA;NA
28;0.36986;0.004731432;0,703731527093596;662;NA;NA
35;0.35982;0.003996991;0,734181034482759;662;NA;NA
28;0.38219;0.006267281;0,765757389162562;662;NA;NA
30;0.3863;0.005349987;0,826656403940887;662;NA;NA
28;0.39406;0.005970266;0,887555418719212;662;NA;NA
29;0.41187;0.004900412;0,977777093596059;662;NA;NA
34;0.41507;0.006728762;1,00822660098522;662;NA;NA
25;0.37443;0.007005246;1,06911330049261;662;NA;NA
26;0.38174;0.005816585;1,09959359605911;662;NA;NA
32;0.36986;0.005116111;1,16387931034483;662;NA;NA
27;0.39132;0.003730905;1,18980295566502;662;NA;NA
31;0.40091;0.008501306;1,2225;662;NA;NA
26;0.36347;0.007601134;1,25519704433498;662;NA;NA
24;0.37854;0.009720187;1,37699507389163;662;NA;NA
35;5.558;0.06395185;0;661;NA;NA
37;5.6237;0.038028511;0,0608990147783251;661;NA;NA
28;5.5288;0.023830063;0,12179802955665;661;NA;NA
33;5.2438;0.040209064;0,179316502463054;661;NA;NA
22;5.3443;0.062809852;0,24246921182266;661;NA;NA
11;5.4393;0.04728159;0,301114532019704;661;NA;NA
26;5.4082;0.084418521;0,365387931034483;661;NA;NA
26;5.2621;0.074229826;0,425178571428571;661;NA;NA
17;5.3589;0.098732924;0,455597290640394;661;NA;NA
31;5.3224;0.068583598;0,517647783251232;661;NA;NA
26;5.2237;0.059154831;0,577419950738916;661;NA;NA
24;5.1726;0.039561856;0,637192118226601;661;NA;NA
28;5.2913;0.065699972;0,696964285714286;661;NA;NA
35;5.2219;0.042645977;0,729667487684729;661;NA;NA
28;5.2329;0.027463323;0,760116995073892;661;NA;NA
30;5.2493;0.083290585;0,819889162561576;661;NA;NA
28;5.2457;0.065699972;0,88304802955665;661;NA;NA
27;5.1927;0.039928367;0,943947044334975;661;NA;NA
29;5.3845;0.062257953;0,972142857142857;661;NA;NA
34;5.2402;0.06010082;1,0048460591133;661;NA;NA
25;5.3753;0.045679893;1,06200123152709;661;NA;NA
26;5.2785;0.082351207;1,09278940886699;661;NA;NA
32;5.2475;0.035833441;1,1543657635468;661;NA;NA
27;5.2274;0.059734102;1,1851539408867;661;NA;NA
31;5.1781;0.06247069;1,2159421182266;661;NA;NA
26;5.2566;0.057426375;1,2467302955665;661;NA;NA
24;5.3005;0.12427047;1,36988300492611;661;NA;NA
31;0.32393;0.001761933;0;660;NA;NA
11;0.29632;0.00280585;0,0597721674876848;660;NA;NA
13;0.3161;0.001715054;0,119544334975369;660;NA;NA
31;0.33589;0.00176011;0,180443349753695;660;NA;NA
28;0.33359;0.004938058;0,303370073891626;660;NA;NA
24;0.32531;0.0049466;0,364270320197044;660;NA;NA
34;0.33405;0.003074045;0,394719827586207;660;NA;NA
31;0.34969;0.003594665;0,456748768472906;660;NA;NA
33;0.32899;0.004085841;0,518774630541872;660;NA;NA
41;0.32301;0.002917836;0,578546798029557;660;NA;NA
28;0.31334;0.003693963;0,638318965517241;660;NA;NA
39;0.35844;0.003140956;0,699217980295566;660;NA;NA
39;0.36626;0.003267795;0,761243842364532;660;NA;NA
28;0.3681;0.004169972;0,819889162561576;660;NA;NA
27;0.39939;0.002443157;0,911237684729064;660;NA;NA
22;0.42883;0.0056117;0,972136699507389;660;NA;NA
30;0.41365;0.004464972;1,03303571428571;660;NA;NA
22;0.40399;0.004999029;1,09054802955665;660;NA;NA
30;0.40491;0.010050469;1,12324507389163;660;NA;NA
31;5.5423;0.058308951;0;659;NA;NA
11;5.5449;0.092640416;0,0620258620689655;659;NA;NA
13;5.5864;0.105976434;0,12179802955665;659;NA;NA
31;5.5334;0.043729874;0,181570197044335;659;NA;NA
28;5.6701;0.047405301;0,305603448275862;659;NA;NA
24;5.543;0.048112617;0,364285714285714;659;NA;NA
34;5.5527;0.05965563;0,395849753694581;659;NA;NA
31;5.5626;0.045379914;0,454495073891626;659;NA;NA
33;5.5948;0.050197016;0,516520935960591;659;NA;NA
41;5.4678;0.064758411;0,577419950738916;659;NA;NA
28;5.5334;0.029553709;0,640572660098522;659;NA;NA
39;5.5841;0.041164095;0,699217980295566;659;NA;NA
39;5.5552;0.055015003;0,760116995073892;659;NA;NA
28;5.593;0.049219695;0,822149014778325;659;NA;NA
27;5.3866;0.069088804;0,910110837438424;659;NA;NA
22;5.2503;0.048510931;0,969704433497537;659;NA;NA
30;5.1825;0.027621319;1,03128078817734;659;NA;NA
22;5.3295;0.057867956;1,08669950738916;659;NA;NA
30;5.2669;0.09046707;1,11748768472906;659;NA;NA
28;0.36375;0.004587744;0;658;NA;NA
23;0.37132;0.002120645;0,061576354679803;658;NA;NA
12;0.37852;0.004027044;0,0929187192118227;658;NA;NA
25;0.38299;0.001820533;0,123152709359606;658;NA;NA
44;0.40423;0.005879942;0,184729064039409;658;NA;NA
47;0.35527;0.011772966;0,244064039408867;658;NA;NA
75;0.37361;0.009117522;0,517241379310345;658;NA;NA
21;0.37306;0.003835215;0,549704433497537;658;NA;NA
18;0.39933;0.004209496;0,607924876847291;658;NA;NA
52;0.34298;0.003478277;0,701970443349754;658;NA;NA
47;0.35611;0.003146826;0,732198275862069;658;NA;NA
45;0.3469;0.003010047;0,761305418719212;658;NA;NA
25;0.37316;0.002943189;0,824002463054187;658;NA;NA
21;0.35848;0.004041578;0,855350985221675;658;NA;NA
16;0.42888;0.006808181;0,944913793103448;658;NA;NA
16;0.38265;0.005369391;1,00761083743842;658;NA;NA
38;0.40527;0.003767465;1,06696428571429;658;NA;NA
25;0.40509;0.004933912;1,12743226600985;658;NA;NA
28;5.298;0.048671799;0;657;NA;NA
23;5.3688;0.092043578;0,0593349753694582;657;NA;NA
12;5.3415;0.027840634;0,0906834975369459;657;NA;NA
25;5.3179;0.052860538;0,122032019704433;657;NA;NA
44;5.2707;0.059138777;0,183608374384236;657;NA;NA
47;5.3396;0.22855822;0,244064039408867;657;NA;NA
75;5.3116;0.134798267;0,516120689655172;657;NA;NA
21;5.323;0.045845519;0,548589901477833;657;NA;NA
18;5.274;0.075357978;0,609045566502463;657;NA;NA
52;5.3285;0.045088024;0,698608374384237;657;NA;NA
47;5.3787;0.060774817;0,732198275862069;657;NA;NA
45;5.2868;0.123828622;0,760184729064039;657;NA;NA
25;5.2323;0.068896012;0,821761083743842;657;NA;NA
21;5.323;0.05015167;0,854230295566502;657;NA;NA
16;5.265;0.054177828;0,941557881773399;657;NA;NA
16;5.3653;0.062617059;1,00425492610837;657;NA;NA
38;5.2997;0.045170207;1,06974753694581;657;NA;NA
25;5.2875;0.065160328;1,12516625615764;657;NA;NA
30;288.62;2997.00075;0;656;NA;NA
30;258.78;2605.872;0,0878310810810812;656;NA;NA
30;231.57;1851.03075;0,334486486486487;656;NA;NA
30;270.36;3915.91875;0,459493243243243;656;NA;NA
30;280.43;8093.41875;0,550682432432433;656;NA;NA
30;344.85;3970.95075;0,628391891891892;656;NA;NA
30;300.65;4446.91875;0,668925675675676;656;NA;NA
30;275.09;3441.123;0,864878378378379;656;NA;NA
30;309.37;6117.552;0,949337162162162;656;NA;NA
30;278.18;2221.38075;1,03041891891892;656;NA;NA
30;338.16;42978.675;1,162175;656;NA;NA
30;261.19;3000;1,25001364864865;656;NA;NA
30;312.75;3000;1,40542027027027;656;NA;NA
30;361.39;7404.123;1,57096081081081;656;NA;NA
30;341.54;4421.388;1,66893243243243;656;NA;NA
30;322.98;3943.38675;1,84459459459459;656;NA;NA
30;274.57;979.83675;1,91894594594595;656;NA;NA
30;301.93;2608.66875;1,99665540540541;656;NA;NA
30;336.13;5520.27675;2,13178378378378;656;NA;NA
30;406.1;11425.05675;0;655;NA;NA
30;350;4919.04075;0,22551914893617;655;NA;NA
30;398.78;5398.86675;0,461672340425532;655;NA;NA
30;385.37;902.55675;0,536140425531915;655;NA;NA
30;400;5896.812;0,693595744680851;655;NA;NA
30;363.41;6425.49675;0,897876595744681;655;NA;NA
30;393.9;5901.01875;1,02122553191489;655;NA;NA
30;380.49;8746.66875;1,17230638297872;655;NA;NA
30;384.15;4919.04075;1,31063829787234;655;NA;NA
30;401.22;8127.948;1,56595361702128;655;NA;NA
30;387.8;5398.86675;1,61276127659574;655;NA;NA
30;413.41;5901.01875;1,81274382978723;655;NA;NA
30;376.83;5901.01875;1,95316978723404;655;NA;NA
30;365.85;4026.36675;2,0871914893617;655;NA;NA
30;376.83;5398.86675;2,25951063829787;655;NA;NA
30;389.02;5901.01875;2,34890212765957;655;NA;NA
30;375.61;6421.107;2,41699574468085;655;NA;NA
30;365.85;4026.36675;2,5510085106383;655;NA;NA
30;364.63;4919.04075;2,68293617021277;655;NA;NA
30;348.78;2187.948;2,82123829787234;655;NA;NA
30;309.76;2854.80075;2,93192765957447;655;NA;NA
30;402.44;4026.36675;3,04470212765957;655;NA;NA
30;402.44;4461.54075;3,21916595744681;655;NA;NA
30;389.02;3613.51875;3,31698723404255;655;NA;NA
30;375.61;5901.01875;3,34251489361702;655;NA;NA
30;423.17;6967.728;3,43616595744681;655;NA;NA
30;342.68;5398.86675;3,61703404255319;655;NA;NA
30;378.05;5896.812;3,72977872340426;655;NA;NA
30;276.83;2854.80075;0;654;NA;NA
30;328.05;4026.36675;0,0291617021276596;654;NA;NA
30;296.34;3613.51875;0,0624936170212766;654;NA;NA
30;285.37;5398.86675;0,0854;654;NA;NA
30;293.9;1886.547;0,116646808510638;654;NA;NA
30;286.59;2854.80075;0,147893617021277;654;NA;NA
30;313.41;1884.16875;0,179140425531915;654;NA;NA
30;319.51;1886.547;0,210387234042553;654;NA;NA
30;276.83;1884.16875;0;653;NA;NA
30;293.9;1884.16875;0,0312468085106383;653;NA;NA
30;304.88;3222.99675;0,0604085106382978;653;NA;NA
30;302.44;2854.80075;0,0874851063829787;653;NA;NA
30;321.95;5398.86675;0,116646808510638;653;NA;NA
30;303.66;1607.472;0,14163829787234;653;NA;NA
30;312.2;2185.38675;0,177055319148936;653;NA;NA
30;289.02;3222.99675;0,210387234042553;653;NA;NA
30;304.88;2854.80075;0,252059574468085;653;NA;NA
30;300;2187.948;0,266625531914894;653;NA;NA
30;351.22;3613.51875;0,297872340425532;653;NA;NA
30;324.39;4029.843;0,327034042553191;653;NA;NA
30;315.85;3613.51875;0,356195744680851;653;NA;NA
30;337.8;4026.36675;0,385363404255319;653;NA;NA
30;326.83;4026.36675;0,418689361702128;653;NA;NA
30;296.34;2511.675;0,487429361702128;653;NA;NA
30;289.02;3613.51875;0,510344680851064;653;NA;NA
30;340.24;5398.86675;0,539506382978723;653;NA;NA
30;308.54;2854.80075;0,635325063829787;653;NA;NA
30;290.24;5398.86675;0;652;NA;NA
30;340.24;12150.46875;0,0312462127659574;652;NA;NA
30;297.56;2511.675;0,060407914893617;652;NA;NA
30;329.27;2854.80075;0,106235574468085;652;NA;NA
30;374.39;3613.51875;0,129147914893617;652;NA;NA
30;318.29;4026.36675;0,164558978723404;652;NA;NA
30;334.15;3222.99675;0,191638553191489;652;NA;NA
30;337.8;2508.93075;0,218718127659574;652;NA;NA
30;334.15;2508.93075;0,24579770212766;652;NA;NA
30;339.02;6425.49675;0,268710042553192;652;NA;NA
30;321.95;2511.675;0,295795574468085;652;NA;NA
30;351.22;4919.04075;0,408272170212766;652;NA;NA
30;363.41;3613.51875;0,435348765957447;652;NA;NA
30;403.66;5398.86675;0;651;NA;NA
30;412.2;6425.49675;0,0124808510638298;651;NA;NA
30;415.85;10041.21075;0,0312468085106383;651;NA;NA
30;370.73;4461.54075;0,0478978723404255;651;NA;NA
30;359.76;10041.21075;0,0583234042553192;651;NA;NA
30;426.83;4461.54075;0,0687191489361702;651;NA;NA
30;348.78;5896.812;0,0874851063829787;651;NA;NA
30;398.78;6972.30075;0,0978808510638298;651;NA;NA
30;390.24;6425.49675;0,127042553191489;651;NA;NA
30;380.49;2857.728;0,145808510638298;651;NA;NA
30;350;6425.49675;0,162459574468085;651;NA;NA
30;351.22;6425.49675;0,174970212765957;651;NA;NA
30;365.85;2854.80075;0,189536170212766;651;NA;NA
30;354.88;2187.948;0,202046808510638;651;NA;NA
30;343.9;3222.99675;0,214527659574468;651;NA;NA
30;345.12;3222.99675;0,233293617021277;651;NA;NA
30;393.9;6425.49675;0,247859574468085;651;NA;NA
30;404.88;3222.99675;0,260370212765958;651;NA;NA
30;364.63;7541.43075;0,279106382978723;651;NA;NA
30;419.51;19676.163;0,289531914893617;651;NA;NA
30;384.15;4919.04075;0,306182978723404;651;NA;NA
30;336.59;2854.80075;0,316608510638298;651;NA;NA
30;415.85;19676.163;0,381187234042553;651;NA;NA
30;363.41;6972.30075;0,389527659574468;651;NA;NA
30;378.05;4919.04075;0,406178723404255;651;NA;NA
30;414.63;8127.948;0,420744680851064;651;NA;NA
30;381.71;6972.30075;0,437425531914894;651;NA;NA
30;401.22;3613.51875;0,451991489361702;651;NA;NA
30;396.34;5398.86675;0,468672340425532;651;NA;NA
30;368.29;2185.38675;0,48323829787234;651;NA;NA
30;282.16;5491.827;0;650;NA;NA
30;309.37;10339.77675;0,0503243243243243;650;NA;NA
30;398;8885.523;0,107317567567567;650;NA;NA
30;335.3;6844.83075;0,181148648648649;650;NA;NA
30;335.53;5585.58075;0,261648648648649;650;NA;NA
30;398.37;10384.38075;0,335432432432433;650;NA;NA
30;391.38;11151.552;0,395831081081081;650;NA;NA
30;325.83;6714.048;0,466256756756757;650;NA;NA
30;271.64;3891.963;0,516581081081081;650;NA;NA
30;368.83;7404.123;0,560189189189189;650;NA;NA
30;368.91;9682.23675;0,607155405405405;650;NA;NA
30;349.06;6186.288;0,654121621621622;650;NA;NA
30;364.92;9521.22675;0,724547297297297;650;NA;NA
30;320.72;5491.827;0,791614864864865;650;NA;NA
30;387.92;11197.872;0,825195945945946;650;NA;NA
30;360.86;3066.363;0,949304054054054;650;NA;NA
30;378.3;7404.123;1,0062972972973;650;NA;NA
30;389.73;6186.288;1,11702027027027;650;NA;NA
30;335.53;7404.123;1,2109527027027;650;NA;NA
30;294.19;4421.388;1,30150337837838;650;NA;NA
30;368.6;9564.03075;1,37529662162162;650;NA;NA
30;391.68;8736.42675;1,43567635135135;650;NA;NA
30;346.05;8890.68675;1,51618581081081;650;NA;NA
30;296.22;3915.91875;1,58997905405405;650;NA;NA
30;312.08;8813.388;1,64029864864865;650;NA;NA
30;310.65;3466.875;1,69396689189189;650;NA;NA
30;367.85;12084.147;1,76441101351351;650;NA;NA
30;363.72;3492.723;1,83820945945946;650;NA;NA
30;333.88;6781.53675;1,91200743243243;650;NA;NA
30;322.6;8736.42675;2,00928378378378;650;NA;NA
30;305.61;8808.24675;2,06966351351351;650;NA;NA
30;317.11;1867.563;2,14346148648649;650;NA;NA
30;244.42;3915.91875;2,24411486486487;650;NA;NA
30;345.75;5491.827;2,36150675675676;650;NA;NA
30;330.27;5491.827;2,43529054054054;650;NA;NA
30;308.92;11105.328;2,50907432432432;650;NA;NA
30;289.15;3466.875;0;649;NA;NA
30;322.15;2976.048;0,0777094594594593;649;NA;NA
30;343.65;3444.33675;0,206074324324324;649;NA;NA
30;329.44;2203.347;0,222959459459459;649;NA;NA
30;331.02;2997.00075;0,236486486486486;649;NA;NA
30;328.24;2583.552;0,26354054054054;649;NA;NA
30;398.37;7404.123;0,398668918918919;649;NA;NA
30;309.97;9564.03075;0,472972972972973;649;NA;NA
30;332.75;3915.91875;0,574378378378378;649;NA;NA
30;321.55;1851.03075;0,638513513513514;649;NA;NA
30;318.77;3463.65075;0,780405405405405;649;NA;NA
30;384.47;8849.41875;0,837871621621622;649;NA;NA
30;367.55;6781.53675;0,966236486486487;649;NA;NA
30;433.48;11994.00075;1,08787094594595;649;NA;NA
30;286.52;4421.388;1,24664797297297;649;NA;NA
30;309.52;5524.347;1,35474594594595;649;NA;NA
30;322.45;5552.88075;1,46285527027027;649;NA;NA
30;335.45;4957.53075;1,58447837837838;649;NA;NA
30;392.66;8093.41875;1,69261891891892;649;NA;NA
30;297.04;727.66875;1,75006621621622;649;NA;NA
30;292.83;3418.66875;1,88181283783784;649;NA;NA
30;315.84;1851.03075;2,00006081081081;649;NA;NA
30;321.62;2997.00075;2,12506756756757;649;NA;NA
30;291.71;1832.22675;2,25002702702703;649;NA;NA
30;307.57;4421.388;2,39868243243243;649;NA;NA
30;299.07;3000;2,5304527027027;649;NA;NA
30;296.44;7404.123;2,66222297297297;649;NA;NA
30;329.22;2586.33675;2,8175472972973;649;NA;NA
30;382.29;4421.388;2,91218918918919;649;NA;NA
30;335.15;3441.123;3,08113513513514;649;NA;NA
30;358.23;8885.523;3,22983783783784;649;NA;NA
30;311.18;7441.875;3,32438513513514;649;NA;NA
30;301.4;6117.552;3,45956081081081;649;NA;NA
30;295.77;4417.74675;3,55756081081081;649;NA;NA
30;291.56;1546.572;3,62855405405405;649;NA;NA
30;301.78;5552.88075;3,75010810810811;649;NA;NA
30;306.21;4957.53075;3,86494594594595;649;NA;NA
30;334.85;9521.22675;3,96635135135135;649;NA;NA
30;286.22;4392.3;0;648;NA;NA
30;359.06;7508.172;0,449156418918919;648;NA;NA
30;294.86;6750;0,728158445945946;648;NA;NA
30;416.41;8054.04675;1,10587466216216;648;NA;NA
30;319.44;7366.467;1,48699628378378;648;NA;NA
30;336.66;26919.06075;1,76940844594595;648;NA;NA
30;335.53;7404.123;1,94634763513514;648;NA;NA
30;381.16;15718.563;2,2900097972973;648;NA;NA
30;331.4;5015.547;2,51798277027027;648;NA;NA
30;381.38;6053.46075;2,70854358108108;648;NA;NA
30;278.78;5524.347;2,86845574324324;648;NA;NA
30;295.99;13719.54675;3,34142871621622;648;NA;NA
30;324.48;3915.91875;3,77358412162162;648;NA;NA
30;310.27;4476.18675;3,86543547297297;648;NA;NA
30;352.14;8132.88675;4,04918547297297;648;NA;NA
30;284.87;8132.88675;4,2499625;648;NA;NA
30;335.08;4366.92675;4,39625304054054;648;NA;NA
30;248.03;6023.667;4,6753070945946;648;NA;NA
30;288.1;5491.827;4,9951597972973;648;NA;NA
30;266.9;3370.8;5,36944222972973;648;NA;NA
30;274.12;5552.88075;5,79819222972973;648;NA;NA
30;249.99;3021.03675;6,0874152027027;648;NA;NA
30;272.76;4392.3;6,27797601351351;648;NA;NA
30;248.63;7404.123;6,46513141891892;648;NA;NA
30;275.85;5011.66875;6,65569222972973;648;NA;NA
30;290.28;2144.61075;7,02995574324324;648;NA;NA
30;233.15;3489.48675;7,3089625;648;NA;NA
30;301.93;4421.388;7,83978006756757;648;NA;NA
30;237.73;4926.72675;7,93848952702703;648;NA;NA
30;249.39;2973.06075;8,03034087837838;648;NA;NA
30;212.4;4926.72675;8,16986790540541;648;NA;NA
30;246.68;5552.88075;8,3502125;648;NA;NA
30;238.26;3967.5;8,73809763513514;648;NA;NA
30;194.14;4366.92675;8,82318547297298;648;NA;NA
30;227.06;9639.16875;9,20085439189189;648;NA;NA
30;267.05;11151.552;9,3267597972973;648;NA;NA
30;222.78;7404.123;9,37779358108108;648;NA;NA
3;0.0356124666666667;2.23252474033333e-05;0;647;NA;NA
5;0.05551172;0.000240355311177;0,62;647;NA;NA
7;0.0516859428571429;7.98323114095238e-05;0,74;647;NA;NA
9;0.0673291444444444;0.000102044746907778;1,06;647;NA;NA
5;0.0694101;7.546709305e-05;2,31;647;NA;NA
5;0.07782612;0.000156773152057;2,51;647;NA;NA
10;0.07830248;0.000140259738110667;3,94;647;NA;NA
3;0.0728581;0.00018842674357;4,36;647;NA;NA
8;0.083652425;0.000143872178256429;4,56;647;NA;NA
2;0.07858895;1.409688405e-06;4,75;647;NA;NA
8;0.096915725;0.000231841013367857;4,97;647;NA;NA
3;0.0754470333333333;0.000317303658653333;5,38;647;NA;NA
4;0.101613425;0.0003311801017225;6,01;647;NA;NA
3;0.107161933333333;0.000362145964213333;6,63;647;NA;NA
3;0.0734036333333333;3.56760462033334e-05;6,72;647;NA;NA
5;0.08877568;9.8156566937e-05;6,83;647;NA;NA
6;0.0896224;0.000276894257636;6,93;647;NA;NA
7;0.110943528571429;0.00133415735699571;7,03;647;NA;NA
3;0.1010046;0.00045646026508;7,25;647;NA;NA
32;3.6453;0.82278792;0;646;NA;NA
34;3.4024;0.30491506;0,125425;646;NA;NA
37;3.5045;0.56799477;0,1551875;646;NA;NA
30;3.7134;0.637291875;0,2168375;646;NA;NA
32;3.6696;0.847602;0,2806125;646;NA;NA
31;4.0049;0.457253177;0,499575;646;NA;NA
31;3.6648;0.821114437;1,0714375;646;NA;NA
35;3.8883;1.012095088;1,26275;646;NA;NA
39;3.4073;0.828479438;1,294625;646;NA;NA
34;3.6502;0.900577125;1,3265;646;NA;NA
33;3.4753;0.58901568;1,3584375;646;NA;NA
22;3.2761;0.159137055;1,636875;646;NA;NA
33;3.1547;0.17537553;1,6688125;646;NA;NA
32;3.3927;1.06171592;1,7006875;646;NA;NA
33;3.4267;0.874089563;1,7304375;646;NA;NA
33;3.3393;0.486753383;1,7644375;646;NA;NA
32;3.4704;0.74957768;1,826125;646;NA;NA
39;3.1741;0.22113351;1,858;646;NA;NA
32;3.3296;0.43505792;1,889875;646;NA;NA
35;3.315;0.43669115;2,0153125;646;NA;NA
35;3.6551;0.69484835;2,0471875;646;NA;NA
29;3.1304;0.23437829;2,519125;646;NA;NA
31;3.1401;0.30752496;2,5829375;646;NA;NA
32;3.4267;0.53045;2,9294375;646;NA;NA
25;3.3198;0.38378025;3,0229375;646;NA;NA
38;3.451;0.890123495;3,054875;646;NA;NA
30;3.315;0.5354688;3,2185625;646;NA;NA
33;3.3538;0.610816883;3,2801875;646;NA;NA
31;3.5725;0.749105778;3,3120625;646;NA;NA
32;3.315;0.55083008;3,3439375;646;NA;NA
28;3.1547;0.2023;3,460875;646;NA;NA
29;3.3393;0.72303989;3,5395625;646;NA;NA
26;3.6356;0.86311784;3,5565625;646;NA;NA
24;3.7279;0.75487254;3,5884375;646;NA;NA
30;3.3976;0.4785507;3,6011875;646;NA;NA
34;3.7134;0.92789536;3,6118125;646;NA;NA
37;3.0915;0.147553133;3,9689375;646;NA;NA
31;3.2275;0.494893998;3,996625;646;NA;NA
28;4.4491;0.58910607;0;645;NA;NA
29;4.4827;0.52539764;0,195695342465753;645;NA;NA
33;4.121;0.394594943;0,264654246575342;645;NA;NA
29;4.386;0.74054516;0,415618630136986;645;NA;NA
32;4.5458;0.67372832;0,430522739726027;645;NA;NA
34;4.4743;0.37556434;0,566577534246575;645;NA;NA
31;4.4533;0.834284478;0,579618630136986;645;NA;NA
31;4.529;0.921909078;0,622495342465753;645;NA;NA
30;4.386;0.6500352;0,773454246575343;645;NA;NA
26;4.079;0.299066625;0,913235068493151;645;NA;NA
32;3.936;0.860672;0,98219397260274;645;NA;NA
35;4.2514;0.69484835;0,993372054794521;645;NA;NA
25;3.8603;0.605284;1,1312898630137;645;NA;NA
28;4.0579;1.04784127;1,27107068493151;645;NA;NA
26;3.7509;0.335233665;1,41087890410959;645;NA;NA
26;3.9234;0.299066625;1,53200219178082;645;NA;NA
27;4.0369;0.60184323;1,63079671232877;645;NA;NA
30;3.8224;0.7068675;1,74074191780822;645;NA;NA
31;4.285;0.615000397;1,7538104109589;645;NA;NA
24;3.4271;0.36932166;1,97372821917808;645;NA;NA
28;3.8224;0.73392508;2,05945424657534;645;NA;NA
29;4.5332;0.862431073;2,1265501369863;645;NA;NA
27;3.7131;0.61889292;2,27564602739726;645;NA;NA
29;3.9444;0.86193104;2,48811178082192;645;NA;NA
29;3.5953;0.970650372;2,55334465753425;645;NA;NA
31;3.4944;0.67170304;2,57011178082192;645;NA;NA
28;3.1621;0.13466383;2,7938104109589;645;NA;NA
30;3.3514;0.372633075;2,86285150684931;645;NA;NA
29;3.2799;0.28308176;2,91490630136986;645;NA;NA
25;3.3893;0.424778063;3,01189260273973;645;NA;NA
30;3.2;0.2339067;3,05463232876712;645;NA;NA
27;4.0327;0.82215675;3,12175561643836;645;NA;NA
30;3.8729;1.050753675;3,23189260273973;645;NA;NA
35;4.0537;0.78016715;3,24668712328767;645;NA;NA
27;4.1294;1.24227675;3,25792;645;NA;NA
31;3.1327;0.17764519;3,41079671232877;645;NA;NA
29;3.2252;0.295536173;3,5206597260274;645;NA;NA
29;3.1706;0.37424384;3,65846794520548;645;NA;NA
37;3.221;0.275245313;3,67353643835616;645;NA;NA
31;3.1537;0.177879938;3,86723506849315;645;NA;NA
28;3.2925;0.37449783;3,93435835616438;645;NA;NA
32;3.3935;0.50924232;4,00531726027397;645;NA;NA
32;68.463;4963.267712;0;644;NA;NA
34;84.934;4000.351906;0,125425;644;NA;NA
37;86.742;5285.903481;0,1551875;644;NA;NA
30;79.511;3087.02208;0,2168375;644;NA;NA
32;47.17;2732.378888;0,2806125;644;NA;NA
31;21.257;1951.644998;0,499575;644;NA;NA
31;38.934;2646.7056;1,0714375;644;NA;NA
35;41.545;2374.10936;1,26275;644;NA;NA
39;37.729;2909.649844;1,294625;644;NA;NA
34;51.589;3294.078066;1,3265;644;NA;NA
33;39.737;1822.987856;1,3584375;644;NA;NA
22;69.065;1718.61981;1,636875;644;NA;NA
33;97.991;2578.8048;1,6688125;644;NA;NA
32;70.873;2732.0832;1,7006875;644;NA;NA
33;71.074;3882.694497;1,7304375;644;NA;NA
33;72.279;2577.929714;1,7644375;644;NA;NA
32;67.458;3627.134792;1,826125;644;NA;NA
39;69.467;2455.29532;1,858;644;NA;NA
32;72.48;3358.392968;1,889875;644;NA;NA
35;53.397;1986.113115;2,0153125;644;NA;NA
35;83.327;3322.070719;2,0471875;644;NA;NA
29;60.227;2265.453385;2,519125;644;NA;NA
31;64.646;2822.24689;2,5829375;644;NA;NA
32;62.637;2852.239392;2,9294375;644;NA;NA
25;71.877;1131.986025;3,0229375;644;NA;NA
38;69.065;3387.393046;3,054875;644;NA;NA
30;74.288;1525.53483;3,2185625;644;NA;NA
33;59.825;2077.557578;3,2801875;644;NA;NA
31;66.856;2476.80025;3,3120625;644;NA;NA
32;62.838;3163.942152;3,3439375;644;NA;NA
28;60.026;2495.709468;3,460875;644;NA;NA
29;51.991;1825.732417;3,5395625;644;NA;NA
26;33.51;2417.172264;3,5565625;644;NA;NA
24;54;1325.80935;3,5884375;644;NA;NA
30;41.344;2451.376808;3,6011875;644;NA;NA
34;62.838;2966.327969;3,6118125;644;NA;NA
37;86.541;2890.406043;3,9689375;644;NA;NA
31;51.79;2942.405494;3,996625;644;NA;NA
28;88.71;94.487932;0;643;NA;NA
29;78.111;86.94467525;0,195695342465753;643;NA;NA
33;86.472;132.7269983;0,264654246575342;643;NA;NA
29;80.518;91.21376525;0,415618630136986;643;NA;NA
32;80.138;100.649672;0,430522739726027;643;NA;NA
34;85.332;87.5302885;0,566577534246575;643;NA;NA
31;84.107;198.9772898;0,579618630136986;643;NA;NA
31;88.288;161.2210877;0,622495342465753;643;NA;NA
30;85.585;96.66075;0,773454246575343;643;NA;NA
26;90.737;83.7259865;0,913235068493151;643;NA;NA
32;89.85;123.370632;0,98219397260274;643;NA;NA
35;87.95;120.82574;0,993372054794521;643;NA;NA
25;91.75;98.45600625;1,1312898630137;643;NA;NA
28;93.144;230.874343;1,27107068493151;643;NA;NA
26;91.75;127.792314;1,41087890410959;643;NA;NA
26;89.512;132.7388465;1,53200219178082;643;NA;NA
27;84.234;289.1499188;1,63079671232877;643;NA;NA
30;93.271;170.78988;1,74074191780822;643;NA;NA
31;87.317;138.2113998;1,7538104109589;643;NA;NA
24;96.015;167.207046;1,97372821917808;643;NA;NA
28;93.566;303.719983;2,05945424657534;643;NA;NA
29;86.345;93.38667725;2,1265501369863;643;NA;NA
27;89.259;137.783187;2,27564602739726;643;NA;NA
29;94.58;137.1250573;2,48811178082192;643;NA;NA
29;91.075;104.69;2,55334465753425;643;NA;NA
31;89.512;215.9757678;2,57011178082192;643;NA;NA
28;97.578;75.953052;2,7938104109589;643;NA;NA
30;94.073;110.70723;2,86285150684931;643;NA;NA
29;94.242;147.989349;2,91490630136986;643;NA;NA
25;92.173;134.8501563;3,01189260273973;643;NA;NA
30;92.933;205.61772;3,05463232876712;643;NA;NA
27;86.599;120.3776708;3,12175561643836;643;NA;NA
30;89.132;133.7529675;3,23189260273973;643;NA;NA
35;88.457;94.941315;3,24668712328767;643;NA;NA
27;88.668;117.9951368;3,25792;643;NA;NA
31;94.242;132.703591;3,41079671232877;643;NA;NA
29;94.706;119.0943653;3,5206597260274;643;NA;NA
29;93.82;107.0727053;3,65846794520548;643;NA;NA
37;89.766;188.813997;3,67353643835616;643;NA;NA
31;93.524;71.66952775;3,86723506849315;643;NA;NA
28;80.392;137.622492;3,93435835616438;643;NA;NA
32;92.933;93.5712;4,00531726027397;643;NA;NA
32;301.48;1280.18;0;642;NA;NA
34;302.7;1159.5904;0,125425;642;NA;NA
37;302.82;1133.540325;0,1551875;642;NA;NA
30;307.45;1132.83075;0,2168375;642;NA;NA
32;294.43;1592.7368;0,2806125;642;NA;NA
31;290.41;949.722975;0,499575;642;NA;NA
31;287.49;867.5071;1,0714375;642;NA;NA
35;288.22;691.530875;1,26275;642;NA;NA
39;276.3;608.4975;1,294625;642;NA;NA
34;290.05;1066.24;1,3265;642;NA;NA
33;273.87;329.5248;1,3584375;642;NA;NA
22;284.82;601.7638;1,636875;642;NA;NA
33;293.09;989.195625;1,6688125;642;NA;NA
32;291.14;915.92;1,7006875;642;NA;NA
33;289.2;705.890625;1,7304375;642;NA;NA
33;288.35;1010.995425;1,7644375;642;NA;NA
32;291.87;684.5;1,826125;642;NA;NA
39;281.65;727.8336;1,858;642;NA;NA
32;282.99;1023.3288;1,889875;642;NA;NA
35;274.11;708.75;2,0153125;642;NA;NA
35;301.12;708.75;2,0471875;642;NA;NA
29;271.8;1009.49;2,519125;642;NA;NA
31;275.69;790.5775;2,5829375;642;NA;NA
32;282.99;776.18;2,9294375;642;NA;NA
25;285.91;637.5625;3,0229375;642;NA;NA
38;283.97;557.4182;3,054875;642;NA;NA
30;289.81;1044.3;3,2185625;642;NA;NA
33;287.86;565.6068;3,2801875;642;NA;NA
31;299.05;1123.4524;3,3120625;642;NA;NA
32;280.19;648;3,3439375;642;NA;NA
28;275.33;614.5783;3,460875;642;NA;NA
29;276.06;510.342725;3,5395625;642;NA;NA
26;278.13;694.9514;3,5565625;642;NA;NA
24;290.9;612.06;3,5884375;642;NA;NA
30;277.15;675.45075;3,6011875;642;NA;NA
34;292.97;670.2624;3,6118125;642;NA;NA
37;285.3;769.3632;3,9689375;642;NA;NA
31;262.07;993.1036;3,996625;642;NA;NA
32;2.8169;2.167362;0;641;NA;NA
34;2.6675;1.42606336;0,125425;641;NA;NA
37;3.0289;1.14480997;0,1551875;641;NA;NA
30;3.0386;2.069550675;0,2168375;641;NA;NA
32;2.4988;3.23800352;0,2806125;641;NA;NA
31;2.9277;4.32456975;0,499575;641;NA;NA
31;2.4217;2.72344176;1,0714375;641;NA;NA
35;3.0867;2.87689115;1,26275;641;NA;NA
39;2.0217;2.89174431;1,294625;641;NA;NA
34;2.5614;3.387587365;1,3265;641;NA;NA
33;1.9687;2.53388553;1,3584375;641;NA;NA
22;2.147;0.88;1,636875;641;NA;NA
33;2.0024;1.916673;1,6688125;641;NA;NA
32;2.2096;2.45710112;1,7006875;641;NA;NA
33;2.3687;2.235092063;1,7304375;641;NA;NA
33;1.9398;3.188714843;1,7644375;641;NA;NA
32;2.3542;1.85782088;1,826125;641;NA;NA
39;1.8964;1.52278464;1,858;641;NA;NA
32;2.1807;1.71199008;1,889875;641;NA;NA
35;2.1133;1.609608088;2,0153125;641;NA;NA
35;2.6578;2.283914588;2,0471875;641;NA;NA
29;2.0313;0.87296525;2,519125;641;NA;NA
31;1.7904;1.65849039;2,5829375;641;NA;NA
32;2.4458;2.58735752;2,9294375;641;NA;NA
25;1.6169;1.30988025;3,0229375;641;NA;NA
38;2.0892;2.573742375;3,054875;641;NA;NA
30;2.0843;2.6355888;3,2185625;641;NA;NA
33;2.4361;1.99378212;3,2801875;641;NA;NA
31;2.7687;1.799763978;3,3120625;641;NA;NA
32;2.147;2.12757192;3,3439375;641;NA;NA
28;1.5542;0.89014492;3,460875;641;NA;NA
29;2.1663;2.22674789;3,5395625;641;NA;NA
26;2.5566;2.75132234;3,5565625;641;NA;NA
24;2.4651;3.17728374;3,5884375;641;NA;NA
30;1.8675;2.031901875;3,6011875;641;NA;NA
34;2.4892;3.439297285;3,6118125;641;NA;NA
37;2.3349;1.022645313;3,9689375;641;NA;NA
31;2.0361;2.33926279;3,996625;641;NA;NA
28;4.9296;0.63;0;640;NA;NA
29;4.8282;0.68955156;0,195695342465753;640;NA;NA
33;4.638;0.54830193;0,264654246575342;640;NA;NA
29;4.8282;0.68955156;0,415618630136986;640;NA;NA
32;4.862;0.80340488;0,430522739726027;640;NA;NA
34;4.8831;0.56491714;0,566577534246575;640;NA;NA
31;4.8746;1.120867698;0,579618630136986;640;NA;NA
31;5.1239;0.658534938;0,622495342465753;640;NA;NA
30;4.6887;0.5655387;0,773454246575343;640;NA;NA
26;4.0803;0.431660385;0,913235068493151;640;NA;NA
32;4.4352;0.74030112;0,98219397260274;640;NA;NA
35;4.638;0.62004635;0,993372054794521;640;NA;NA
25;4.3211;1.071742563;1,1312898630137;640;NA;NA
28;4.4268;0.799708;1,27107068493151;640;NA;NA
26;4.2451;0.47525504;1,41087890410959;640;NA;NA
26;4.2324;0.652766465;1,53200219178082;640;NA;NA
27;4.4817;0.642412687;1,63079671232877;640;NA;NA
30;4.1394;0.6194907;1,74074191780822;640;NA;NA
31;4.5704;0.531991;1,7538104109589;640;NA;NA
24;4.0549;0.49559256;1,97372821917808;640;NA;NA
28;4.2113;0.56101927;2,05945424657534;640;NA;NA
29;4.9972;0.78761216;2,1265501369863;640;NA;NA
27;4.2113;0.6075;2,27564602739726;640;NA;NA
29;4.3169;0.43518125;2,48811178082192;640;NA;NA
29;4.1775;0.465901312;2,55334465753425;640;NA;NA
31;4.2197;0.449754277;2,57011178082192;640;NA;NA
28;3.5563;0.31223808;2,7938104109589;640;NA;NA
30;3.8986;0.466128675;2,86285150684931;640;NA;NA
29;3.9239;0.40585181;2,91490630136986;640;NA;NA
25;3.9662;0.86397025;3,01189260273973;640;NA;NA
30;3.8056;0.348301875;3,05463232876712;640;NA;NA
27;4.2789;0.6075;3,12175561643836;640;NA;NA
30;4.3845;0.857337075;3,23189260273973;640;NA;NA
35;4.4056;0.543816787;3,24668712328767;640;NA;NA
27;4.5366;1.181080508;3,25792;640;NA;NA
31;3.5352;0.40358311;3,41079671232877;640;NA;NA
29;3.7549;0.298470972;3,5206597260274;640;NA;NA
29;3.7211;0.51375269;3,65846794520548;640;NA;NA
37;3.738;0.34957008;3,67353643835616;640;NA;NA
31;3.6535;0.332400678;3,86723506849315;640;NA;NA
28;4.0423;0.57778903;3,93435835616438;640;NA;NA
32;3.9535;0.51450368;4,00531726027397;640;NA;NA
32;4.0145;0.89137952;0;639;NA;NA
34;3.7339;0.42118146;0,125425;639;NA;NA
37;3.7242;0.60810388;0,1551875;639;NA;NA
30;3.9952;0.4568268;0,2168375;639;NA;NA
32;4.2081;0.52592768;0,2806125;639;NA;NA
31;4.5081;0.88958716;0,499575;639;NA;NA
31;4.2081;0.6975;1,0714375;639;NA;NA
35;4.3194;0.597429787;1,26275;639;NA;NA
39;4.0919;0.71604975;1,294625;639;NA;NA
34;4.1839;0.716329765;1,3265;639;NA;NA
33;4.2371;0.584175982;1,3584375;639;NA;NA
22;3.7871;0.16690102;1,636875;639;NA;NA
33;3.7194;0.463785382;1,6688125;639;NA;NA
32;3.9903;0.943938;1,7006875;639;NA;NA
33;3.9226;0.7425;1,7304375;639;NA;NA
33;4.0145;0.52224612;1,7644375;639;NA;NA
32;4.0097;0.79178528;1,826125;639;NA;NA
39;3.8306;0.248664878;1,858;639;NA;NA
32;3.821;0.652082;1,889875;639;NA;NA
35;3.9468;0.491893588;2,0153125;639;NA;NA
35;4.1355;0.472178787;2,0471875;639;NA;NA
29;3.6806;0.245189273;2,519125;639;NA;NA
31;3.7339;0.418215498;2,5829375;639;NA;NA
32;3.9661;0.468512;2,9294375;639;NA;NA
25;3.9952;0.32319225;3,0229375;639;NA;NA
38;4.1065;0.855;3,054875;639;NA;NA
30;3.9468;0.438867075;3,2185625;639;NA;NA
33;3.821;0.463785383;3,2801875;639;NA;NA
31;3.9806;0.766554438;3,3120625;639;NA;NA
32;3.8839;0.67419272;3,3439375;639;NA;NA
28;3.9952;0.27553792;3,460875;639;NA;NA
29;3.9226;0.39089709;3,5395625;639;NA;NA
26;4.2565;1.04833664;3,5565625;639;NA;NA
24;4.1452;0.63063384;3,5884375;639;NA;NA
30;4.1597;0.438867075;3,6011875;639;NA;NA
34;4.3048;0.51773704;3,6118125;639;NA;NA
37;3.4629;0.182077833;3,9689375;639;NA;NA
31;3.8161;0.36763551;3,996625;639;NA;NA
16;0.48037;0.002656372;0;638;NA;NA
40;0.50859;0.012659364;0,784924681764486;638;NA;NA
95;0.52209;0.022354982;2,24072499814681;638;NA;NA
9;0.41043;0.001791829;4,30064837873772;638;NA;NA
19;0.39939;0.004833648;5,08352903509699;638;NA;NA
49;0.43006;0.014462468;5,58374747454037;638;NA;NA
16;0.34172;0.004390388;6,64758699331118;638;NA;NA
39;0.3135;0.005871563;7,23637986698063;638;NA;NA
16;0.36503;0.002916;8,06316921722975;638;NA;NA
47;0.36994;0.007803092;8,84690155084119;638;NA;NA
12;0.37975;0.002823787;10,4243970834786;638;NA;NA
71;0.3638;0.018062578;11,0849201079422;638;NA;NA
21;0.40675;0.004941628;11,6470270943769;638;NA;NA
20;0.35153;0.004706312;12;638;NA;NA
16;0.49132;0.00455625;0;637;NA;NA
40;0.42139;0.009;0,810289083452273;637;NA;NA
95;0.41778;0.01484375;2,28103619523153;637;NA;NA
9;0.40048;0.002376563;4,34477744106731;637;NA;NA
19;0.40305;0.005410547;5,13100079046875;637;NA;NA
49;0.38685;0.020854248;5,6220101984726;637;NA;NA
16;0.44445;0.00390625;6,69137660370902;637;NA;NA
39;0.487;0.008775;7,28151934747517;637;NA;NA
16;0.48958;0.003025;8,09834761932672;637;NA;NA
47;0.39465;0.009712109;8,88913319319278;637;NA;NA
12;0.3773;0.002929688;10,4735557312153;637;NA;NA
71;0.30236;0.024960938;11,1303259614334;637;NA;NA
21;0.31242;0.005545313;11,7120095806714;637;NA;NA
20;0.27994;0.0037785;12;637;NA;NA
16;0.61;0.003025;0;636;NA;NA
40;0.58125;0.015015625;0,83530055869095;636;NA;NA
95;0.56;0.035662109;2,34305612311712;636;NA;NA
9;0.565;0.0036;4,36002354043764;636;NA;NA
19;0.56;0.005017187;5,12407798637747;636;NA;NA
49;0.58;0.011962891;5,58245385395778;636;NA;NA
16;0.54625;0.004225;6,72347085766397;636;NA;NA
39;0.53375;0.010298438;7,3142853536509;636;NA;NA
16;0.59;0.00390625;8,10891712409061;636;NA;NA
47;0.58125;0.01439375;8,87316090330907;636;NA;NA
12;0.55125;0.002479687;10,5023737659809;636;NA;NA
71;0.58875;0.014671484;11,1650402412106;636;NA;NA
21;0.54375;0.005980078;11,7150534156512;636;NA;NA
20;0.5925;0.006125;12;636;NA;NA
16;0.93133;0.003628858;0;635;NA;NA
40;0.89759;0.013950225;0,821043513794738;635;NA;NA
95;0.93855;0.031019866;2,35206895436412;635;NA;NA
9;0.94096;0.002041232;4,34742876616907;635;NA;NA
19;0.92289;0.007969178;5,11923674347459;635;NA;NA
49;0.90482;0.010245488;5,55507679345798;635;NA;NA
16;0.93133;0.00455355;6,7080081507012;635;NA;NA
39;0.94217;0.006240877;7,23841905427569;635;NA;NA
16;0.93133;0.003343152;8,03133744234278;635;NA;NA
47;0.91807;0.011526073;8,84385159286569;635;NA;NA
12;0.91325;0.003413139;10,5033381428676;635;NA;NA
71;0.90843;0.016103056;11,1849298804611;635;NA;NA
21;0.92892;0.003689596;11,6648840623499;635;NA;NA
20;0.91928;0.007430512;12;635;NA;NA
16;0.73742;0.003221698;0;634;NA;NA
40;0.66516;0.014984641;0,803401060384451;634;NA;NA
95;0.66129;0.024701484;2,21689968971481;634;NA;NA
9;0.60065;0.002731108;4,30158047326582;634;NA;NA
19;0.62129;0.006647663;5,15585536021419;634;NA;NA
49;0.56065;0.010791054;5,59308042709008;634;NA;NA
16;0.47161;0.004855302;6,7015823676552;634;NA;NA
39;0.49742;0.010146899;7,27103581264173;634;NA;NA
16;0.64452;0.005221508;8,09471631124502;634;NA;NA
47;0.69742;0.013217946;8,90835654618087;634;NA;NA
12;0.58645;0.003122123;10,4437591315488;634;NA;NA
71;0.60323;0.021545404;11,0745907921626;634;NA;NA
21;0.55935;0.00503549;11,6845841696931;634;NA;NA
20;0.44968;0.007492321;12;634;NA;NA
16;0.55634;0.00349754;0;633;NA;NA
40;0.48169;0.017859076;0,812161435201982;633;NA;NA
95;0.48451;0.03184933;2,2226864999437;633;NA;NA
9;0.46056;0.002789424;4,30671312223988;633;NA;NA
19;0.5169;0.008483061;5,16580761387662;633;NA;NA
49;0.52817;0.019055042;5,69021555552776;633;NA;NA
16;0.56761;0.00286439;6,67935646103612;633;NA;NA
39;0.58873;0.00853102;7,32517858706667;633;NA;NA
16;0.48451;0.003499906;8,0552587792276;633;NA;NA
47;0.44789;0.0093242;8,83891509138904;633;NA;NA
12;0.47042;0.003719232;10,4518284062903;633;NA;NA
71;0.46197;0.01862174;11,0260593246844;633;NA;NA
21;0.47465;0.005041996;11,6715999649707;633;NA;NA
20;0.40704;0.0052488;12;633;NA;NA
30;15.745894;0.844459913;0;632;NA;NA
30;14.548121;2.913761944;0,0173767000000002;632;NA;NA
30;14.808595;1.801241134;0,0404594;632;NA;NA
30;15.039646;2.39074681;0,0662455;632;NA;NA
30;14.453927;3.820904867;0,0905165999999999;632;NA;NA
30;13.281499;1.328181339;0,1498967;632;NA;NA
30;14.060079;2.913128691;0,2503037;632;NA;NA
30;12.799386;1.880404725;0,317795;632;NA;NA
30;13.580807;0.66741874;0,3870425;632;NA;NA
30;11.61683;1.465778751;0,4882653;632;NA;NA
30;12.019348;3.166983278;0,553374;632;NA;NA
30;11.08353;2.043660378;0,5775761;632;NA;NA
30;11.431035;1.801075388;0,6060951;632;NA;NA
30;12.712874;2.962923608;0,6266687;632;NA;NA
30;10.900701;1.647866435;0,6628917;632;NA;NA
30;11.073896;2.127744425;0,6832475;632;NA;NA
30;10.750503;1.68585035;0,7102797;632;NA;NA
30;10.253543;0.766377685;0,7210202;632;NA;NA
30;8.616665;0.871713526;0,7545678;632;NA;NA
30;9.255918;3.014428637;0,783144;632;NA;NA
30;10.1579895;3.59713044;0,8090622;632;NA;NA
30;11.176392;4.171994162;0,8390677;632;NA;NA
30;12.068953;8.091784718;0,9693027;632;NA;NA
30;11.745807;2.717147558;0,9936251;632;NA;NA
30;10.692796;0.871481995;1,0232234;632;NA;NA
30;18.594822;1.361762967;0;631;NA;NA
30;16.949284;2.113098322;0,0696618;631;NA;NA
30;16.92611;1.133637196;0,0959720000000002;631;NA;NA
30;16.511988;2.750970546;0,1401224;631;NA;NA
30;16.135284;2.053494732;0,2188496;631;NA;NA
30;16.009716;1.937786498;0,2450921;631;NA;NA
30;15.1665535;2.2959962;0,279087;631;NA;NA
30;15.143885;2.888510992;0,3004615;631;NA;NA
30;14.466234;1.222899799;0,3181123;631;NA;NA
30;14.194958;1.177298781;0,367293;631;NA;NA
30;12.819348;6.865762468;0,400936;631;NA;NA
30;12.121557;0.740069635;0,415283;631;NA;NA
30;12.320952;0.670448178;0,4680655;631;NA;NA
30;13.199346;1.133992842;0,4900355;631;NA;NA
30;12.376998;1.315937062;0,5207534;631;NA;NA
30;12.531393;1.825892778;0,6129944;631;NA;NA
30;12.498447;0.485503762;0,7347276;631;NA;NA
30;12.9512615;1.048785931;0,9127233;631;NA;NA
30;12.616359;1.133994972;0,9832515;631;NA;NA
30;12.692208;1.176929898;1,0425338;631;NA;NA
30;13.259546;1.719531293;1,102141;631;NA;NA
30;13.066983;1.3633388;1,1826354;631;NA;NA
30;12.838516;1.26785348;1,2137458;631;NA;NA
30;13.437715;1.178029122;1,3622223;631;NA;NA
30;13.512385;0.704406026;1,4330212;631;NA;NA
30;19.13144;1.892421176;0;630;NA;NA
30;17.366808;1.379283476;0,0214173999999998;630;NA;NA
30;17.448162;2.229756738;0,0416564999999998;630;NA;NA
30;15.90179;1.458930611;0,0621635999999999;630;NA;NA
30;15.973103;2.230136036;0,162196;630;NA;NA
30;15.361163;1.58370647;0,2245431;630;NA;NA
30;14.597447;1.082269864;0,2928818;630;NA;NA
30;12.6551075;1.01433803;0,3930061;630;NA;NA
30;12.332613;0.731652705;0,4221521;630;NA;NA
30;13.016881;1.583385581;0,451757;630;NA;NA
30;13.880765;1.301004859;0,5208378;630;NA;NA
30;12.819851;0.648276184;0,5506571;630;NA;NA
30;12.513881;0.946384589;0,5818308;630;NA;NA
30;3.2745028;0.610300939;0;629;NA;NA
30;3.1882753;0.58053321;0,0192636999999998;629;NA;NA
30;2.967098;0.417555313;0,0413538999999998;629;NA;NA
30;2.6204095;0.141497474;0,0594044;629;NA;NA
30;1.8493749;0.172079947;0,0790854999999997;629;NA;NA
30;1.7920002;0.271316704;0,0955871999999998;629;NA;NA
30;2.0917864;0.07823774;0,1214765;629;NA;NA
30;1.7935718;0.180034563;0,1477303;629;NA;NA
30;1.872553;0.141373142;0,2080595;629;NA;NA
30;1.7403744;0.736672195;0,3028228;629;NA;NA
30;0.5657729;0.041009194;0,3735223;629;NA;NA
30;0.80909425;0.134334367;0,4461009;629;NA;NA
30;0.57069474;0.040942212;0,5368125;629;NA;NA
30;0.5727627;0.049249219;0,605422;629;NA;NA
30;0.59354204;0.033522988;0,654809;629;NA;NA
30;0.5852204;0.030155875;0,6987247;629;NA;NA
30;1.0679753;0.171942667;0,7148969;629;NA;NA
30;1.155609;0.156447731;0,7422876;629;NA;NA
30;0.7418593;0.037211737;0,7754731;629;NA;NA
30;0.59809166;0.049157488;0,8057495;629;NA;NA
30;0.7920291;0.10130897;0,8399365;629;NA;NA
30;1.0437548;0.214301268;0,8713438;629;NA;NA
30;1.0832454;0.196850035;0,9015083;629;NA;NA
30;1.1738571;0.334761991;1,0276965;629;NA;NA
30;0.9334723;0.141466518;1,0525432;629;NA;NA
30;0.7704143;0.072934996;1,0828314;629;NA;NA
30;3.846879;0.704758907;0;628;NA;NA
30;3.8664732;0.412228203;0,0232862000000003;628;NA;NA
30;3.349125;0.294973143;0,0472428000000003;628;NA;NA
30;2.7293434;0.141805643;0,1250433;628;NA;NA
30;1.9730325;0.365821506;0,1867982;628;NA;NA
30;1.8479294;0.61458309;0,2842516;628;NA;NA
30;1.4305958;0.308637614;0,3354484;628;NA;NA
30;1.3056334;0.256215763;0,435942;628;NA;NA
30;1.2854501;0.237631583;0,5332645;628;NA;NA
30;1.4781559;0.281618153;0,6961998;628;NA;NA
30;1.0056987;0.192178927;0,7565867;628;NA;NA
30;1.4336139;0.275253425;0,8006472;628;NA;NA
30;1.0289054;0.141876296;0,857909;628;NA;NA
30;1.2171543;0.25009976;0,9245662;628;NA;NA
30;1.2010316;0.181389047;0,9762753;628;NA;NA
30;0.78977597;0.091483776;1,0254373;628;NA;NA
30;0.99564874;0.220187022;1,0728156;628;NA;NA
30;1.103055;0.141911592;1,1263977;628;NA;NA
30;3.7044017;0.422849382;0;627;NA;NA
30;3.5694253;0.650937213;0,0399091999999999;627;NA;NA
30;2.9330158;0.433102718;0,0758839;627;NA;NA
30;2.610288;0.318165601;0,1077571;627;NA;NA
30;2.8362834;0.318544538;0,1374701;627;NA;NA
30;2.646381;0.336249217;0,1788303;627;NA;NA
30;2.2215033;0.221169674;0,2167058;627;NA;NA
30;2.1415875;0.228602368;0,2520769;627;NA;NA
30;2.2021997;0.283998824;0,3000353;627;NA;NA
30;1.3464891;0.062926174;0,332552;627;NA;NA
30;1.2903531;0.041491449;0,3617883;627;NA;NA
30;1.2421213;0.03843921;0,389494;627;NA;NA
30;1.6164149;0.141356373;0,4333511;627;NA;NA
30;1.6850659;0.243637011;0,4766918;627;NA;NA
30;1.4171968;0.079598296;0,5086577;627;NA;NA
30;1.5088882;0.070892258;0,5628433;627;NA;NA
30;1.4909962;0.083887043;0,6137567;627;NA;NA
30;1.9198799;0.24383607;0,6638809;627;NA;NA
30;1.7532867;0.199368322;0,7099116;627;NA;NA
30;1.5941272;0.185559088;0,7652173;627;NA;NA
30;1.3079628;0.048122539;0,8573583;627;NA;NA
30;1.4314055;0.062825072;0,9023353;627;NA;NA
30;1.2877855;0.044745575;0,9607547;627;NA;NA
30;1.3567727;0.04149149;0,9963773;627;NA;NA
30;1.2918587;0.062959943;1,047211;627;NA;NA
30;0.95137304;0.141508067;1,1269103;627;NA;NA
30;1.5763562;0.236092396;1,353352;627;NA;NA
30;3.829862;1.064075391;0;626;NA;NA
30;4.0232882;1.016115207;0,0401351000000001;626;NA;NA
30;3.0217853;0.686126116;0,0683667999999997;626;NA;NA
30;2.9657278;0.793985607;0,0968778000000001;626;NA;NA
30;2.6515386;0.939620617;0,1312389;626;NA;NA
30;2.1398232;0.325728852;0,2113223;626;NA;NA
30;2.3177755;0.220038017;0,2482467;626;NA;NA
30;2.2693033;0.242277969;0,281543;626;NA;NA
30;2.0108678;0.113327365;0,2937528;626;NA;NA
30;1.8689436;0.113071864;0,3205039;626;NA;NA
30;1.2105279;0.227284174;0,3637249;626;NA;NA
30;1.0912075;0.282341537;0,4080118;626;NA;NA
30;0.9872094;0.171720199;0,4586897;626;NA;NA
30;1.1808635;0.27409965;0,494055;626;NA;NA
30;0.92970943;0.123504423;0,5174098;626;NA;NA
30;0.933119;0.257750659;0,6096428;626;NA;NA
30;1.185253;0.250030301;0,7293994;626;NA;NA
30;0.8716643;0.234500581;0,9148216;626;NA;NA
30;0.9780091;0.177808035;0,9786363;626;NA;NA
30;1.1392725;0.152784438;1,0377888;626;NA;NA
30;1.0581818;0.165059091;1,0996428;626;NA;NA
30;1.1483692;0.171531438;1,1745561;626;NA;NA
30;0.8732448;0.097620628;1,2089944;626;NA;NA
30;0.9755658;0.152725062;1,3570765;626;NA;NA
30;1.1985738;0.241979088;1,4322525;626;NA;NA
30;3.9021642;0.428291975;0;625;NA;NA
30;2.7119071;0.262694279;0,0207424999999999;625;NA;NA
30;2.97809;0.282166003;0,0376401;625;NA;NA
30;2.0410156;0.2438257;0,0611069;625;NA;NA
30;2.1935475;0.161007742;0,1561868;625;NA;NA
30;2.0793805;0.087760626;0,2232213;625;NA;NA
30;1.5145817;0.365821627;0,2887911;625;NA;NA
30;1.297043;0.202899977;0,3894005;625;NA;NA
30;0.98350334;0.237768837;0,4161431;625;NA;NA
30;1.27503;0.219923013;0,4471981;625;NA;NA
30;1.4757632;0.262501908;0,51688;625;NA;NA
30;1.1684422;0.288307248;0,5446285;625;NA;NA
30;1.4786249;0.256025981;0,5787007;625;NA;NA
30;19.423513;1.326878218;0;624;NA;NA
30;18.384964;1.998214071;0,0958975;624;NA;NA
30;19.933798;2.601027073;0,1256615;624;NA;NA
30;19.131697;3.511591158;0,1590991;624;NA;NA
30;18.836546;2.26533203;0,192919;624;NA;NA
30;18.986115;2.176102926;0,2352445;624;NA;NA
30;19.167192;2.651667019;0,2694237;624;NA;NA
30;18.180876;2.652087162;0,3013605;624;NA;NA
30;18.817196;1.12358304;0,3944363;624;NA;NA
30;18.55251;6.983102213;0,4310025;624;NA;NA
30;20.235682;1.785911504;0,501719;624;NA;NA
30;20.508802;1.363420534;0,5373295;624;NA;NA
30;20.736881;1.625449055;0,5620122;624;NA;NA
30;20.457485;3.013900851;0,5917587;624;NA;NA
30;20.454348;0.377274808;0,6244373;624;NA;NA
30;19.990084;1.626114637;0,6594913;624;NA;NA
30;20.662228;1.36342287;0,6994876;624;NA;NA
30;20.012962;4.049415684;0,7412107;624;NA;NA
30;19.686172;4.364998991;0,7845387;624;NA;NA
30;20.180052;2.173784589;0,9210813;624;NA;NA
30;19.261654;1.828617926;1,0456652;624;NA;NA
30;18.895641;2.084515126;1,1774742;624;NA;NA
30;16.873585;0.793661829;1,436034;624;NA;NA
30;20.669477;1.883045362;0;623;NA;NA
30;18.834745;7.639403019;0,1172519;623;NA;NA
30;19.31882;6.038190597;0,1899667;623;NA;NA
30;19.72115;2.820451536;0,260982;623;NA;NA
30;18.938747;2.486484306;0,3015985;623;NA;NA
30;19.038446;2.487540914;0,3279897;623;NA;NA
30;19.12534;0.638140553;0,4794183;623;NA;NA
30;18.44112;2.054457822;0,561233;623;NA;NA
30;20.277462;1.31477641;0,6282601;623;NA;NA
30;18.981915;0.925105407;0,6800547;623;NA;NA
30;20.014702;1.561340215;0,7942657;623;NA;NA
30;19.154692;0.812215513;0,9927833;623;NA;NA
30;18.370531;2.359504901;1,2505829;623;NA;NA
30;18.467363;1.457409102;1,3049431;623;NA;NA
30;19.321066;1.362556606;1,3680303;623;NA;NA
30;17.303038;1.938727634;1,4752888;623;NA;NA
30;17.472013;1.048444932;1,6251262;623;NA;NA
30;17.403166;1.090796426;1,6974757;623;NA;NA
30;4.7302704;0.430167556;0;622;NA;NA
30;2.6872723;0.455955405;0,0602514000000003;622;NA;NA
30;2.3125167;0.688045199;0,1071354;622;NA;NA
30;3.422456;0.495927921;0,1311579;622;NA;NA
30;3.9153523;0.30238902;0,1637904;622;NA;NA
30;3.559515;0.537215703;0,1983128;622;NA;NA
30;3.8785915;0.381150656;0,2241902;622;NA;NA
30;3.7062607;0.261530676;0,2668338;622;NA;NA
30;4.1138806;1.146304056;0,3502901;622;NA;NA
30;3.5549572;0.580596452;0,3670976;622;NA;NA
30;4.7032704;2.121402737;0,3842359;622;NA;NA
30;4.3666406;0.078122151;0,4160024;622;NA;NA
30;4.926226;0.580974298;0,4211497;622;NA;NA
30;4.6183662;0.302297854;0,4474094;622;NA;NA
30;4.3595185;0.107487721;0,4997115;622;NA;NA
30;3.7151117;0.232613097;0,560482;622;NA;NA
30;4.935449;1.105369415;0,7271474;622;NA;NA
30;4.7317758;0.737098143;1,0099476;622;NA;NA
30;5.5817914;0.968040713;1,0505954;622;NA;NA
30;3.267364;0.537640458;1,0657294;622;NA;NA
30;3.6354108;0.405393512;1,1162768;622;NA;NA
30;4.1381593;0.720769927;1,1557641;622;NA;NA
30;4.0042024;0.509428499;1,1915236;622;NA;NA
30;3.792877;0.455899766;1,2204688;622;NA;NA
30;3.9229794;0.61042969;1,3768218;622;NA;NA
30;4.6163673;1.073595839;0;621;NA;NA
30;4.290297;1.224851293;0,1074751;621;NA;NA
30;3.7080965;0.337338165;0,1405258;621;NA;NA
30;4.2089562;0.977854779;0,1798453;621;NA;NA
30;3.9404361;0.759590513;0,2210837;621;NA;NA
30;4.205687;0.533358539;0,2631309;621;NA;NA
30;4.0392723;0.786987395;0,3029813;621;NA;NA
30;3.755295;0.556263881;0,3380268;621;NA;NA
30;4.7871413;0.556534949;0,4491019;621;NA;NA
30;3.9457834;0.829434597;0,4848449;621;NA;NA
30;4.9647756;0.99368221;0,523407;621;NA;NA
30;4.9472604;1.405047747;0,5696531;621;NA;NA
30;5.2597303;1.139776593;0,6086869;621;NA;NA
30;4.3636675;0.260574006;0,6381773;621;NA;NA
30;5.0925283;0.556354428;0,6685877;621;NA;NA
30;4.7675476;1.260118503;0,748301;621;NA;NA
30;4.530607;0.692417703;0,7849601;621;NA;NA
30;4.4345355;0.544170307;0,8326293;621;NA;NA
30;4.628717;0.628543732;0,8853657;621;NA;NA
30;4.89758;0.917091607;1,0353875;621;NA;NA
30;4.782117;0.94740555;1,1771147;621;NA;NA
30;4.4860525;0.556173639;1,3201109;621;NA;NA
30;3.7520864;0.499345177;1,61977;621;NA;NA
30;4.287653;0.178063745;0;620;NA;NA
30;4.1724253;0.242202961;0,1222103;620;NA;NA
30;3.6612413;0.864140729;0,191164;620;NA;NA
30;3.6814156;1.112020656;0,2595785;620;NA;NA
30;4.1168923;0.647478359;0,3033724;620;NA;NA
30;3.3796637;0.834917681;0,3607486;620;NA;NA
30;4.116278;0.968663419;0,479873;620;NA;NA
30;3.9638836;0.697734443;0,5622573;620;NA;NA
30;4.4759717;0.516009482;0,6380048;620;NA;NA
30;4.9034076;0.725117306;0,6865533;620;NA;NA
30;4.3902497;0.793038872;0,7968459;620;NA;NA
30;4.294817;0.25790502;0,9954205;620;NA;NA
30;4.2125044;0.609477188;1,2464943;620;NA;NA
30;3.6935077;0.451063082;1,3154328;620;NA;NA
30;4.464411;0.685371386;1,3710208;620;NA;NA
30;3.920229;0.146330731;1,4764818;620;NA;NA
30;3.5691698;0.165058969;1,6284378;620;NA;NA
30;4.0893745;0.334620021;1,6978411;620;NA;NA
30;20.742916;11.75146853;0;619;NA;NA
30;16.798388;3.763848324;0,064254;619;NA;NA
30;15.684803;2.527991881;0,1182265;619;NA;NA
30;19.67953;2.669874301;0,143398;619;NA;NA
30;19.034595;3.064647626;0,1771409;619;NA;NA
30;17.25246;2.170878092;0,2038862;619;NA;NA
30;18.969946;3.597366572;0,246222;619;NA;NA
30;19.514757;17.16299898;0,3506476;619;NA;NA
30;20.70932;27.57856209;0,3684947;619;NA;NA
30;18.431953;7.43979085;0,3870138;619;NA;NA
30;21.22903;10.48766851;0,4282073;619;NA;NA
30;19.622564;5.722675861;0,4482133;619;NA;NA
30;18.39228;1.920793649;0,5021626;619;NA;NA
30;17.569828;2.170334445;0,5629663;619;NA;NA
30;17.641912;2.482208128;0,7323283;619;NA;NA
30;21.845951;8.341962068;1,021724;619;NA;NA
30;23.038908;12.87735378;1,057183;619;NA;NA
30;16.472721;3.763848324;1,0762138;619;NA;NA
30;17.402115;3.37784149;1,122459;619;NA;NA
30;17.34006;7.927355589;1,1630904;619;NA;NA
30;17.512392;1.961096353;1,1929297;619;NA;NA
30;17.713652;2.913548576;1,225484;619;NA;NA
30;18.399519;5.653390715;1,3827738;619;NA;NA
30;18.44323;1.712604082;0;618;NA;NA
30;18.541237;1.541438953;0,0212569;618;NA;NA
30;17.413204;1.583381806;0,0510455000000003;618;NA;NA
30;14.886129;1.081739364;0,1307011;618;NA;NA
30;14.727234;3.531734663;0,1932549;618;NA;NA
30;12.7569275;1.986598634;0,2489222;618;NA;NA
30;13.506915;1.801903523;0,2896681;618;NA;NA
30;11.755123;1.301876436;0,3424047;618;NA;NA
30;11.89368;1.047638226;0,4414579;618;NA;NA
30;12.334393;1.190370464;0,5396386;618;NA;NA
30;12.0457115;0.914990772;0,7001129;618;NA;NA
30;10.678827;0.761526749;0,7611059;618;NA;NA
30;12.501932;1.01485073;0,8084019;618;NA;NA
30;12.008847;0.761747547;0,8596921;618;NA;NA
30;12.5871;1.082532041;0,9316729;618;NA;NA
30;13.771699;1.081475204;0,9857486;618;NA;NA
30;12.69159;1.301876436;1,0347509;618;NA;NA
30;12.568033;1.047898222;1,0831795;618;NA;NA
30;14.273555;0.882455451;1,1314319;618;NA;NA
30;18.356396;4.366089651;0;617;NA;NA
30;16.77069;1.091799292;0,0342080999999999;617;NA;NA
30;14.985409;1.223698352;0,0669038999999998;617;NA;NA
30;15.704686;3.746686724;0,0960421999999999;617;NA;NA
30;17.28464;2.17532706;0,1217446;617;NA;NA
30;15.652455;2.803876572;0,1600027;617;NA;NA
30;14.54337;1.471905195;0,1904856;617;NA;NA
30;14.079105;1.511345679;0,2255396;617;NA;NA
30;13.799056;1.997479076;0,2620941;617;NA;NA
30;12.05986;0.849106961;0,2948249;617;NA;NA
30;12.303171;0.849829547;0,3208806;617;NA;NA
30;12.13118;2.085645763;0,3520701;617;NA;NA
30;13.111353;1.327481883;0,3841286;617;NA;NA
30;13.860701;1.666205946;0,4200981;617;NA;NA
30;12.535761;1.32657874;0,4585879;617;NA;NA
30;12.101567;0.714332613;0,5004733;617;NA;NA
30;11.9897175;4.759782165;0,5453251;617;NA;NA
30;12.830585;0.74008512;0,5881722;617;NA;NA
30;12.212044;1.124134304;0,6299184;617;NA;NA
30;12.775607;0.456361047;0,6807263;617;NA;NA
30;11.958274;0.241403204;0,7127908;617;NA;NA
30;11.369281;0.662276137;0,7668146;617;NA;NA
30;11.980631;0.662701824;0,7999566;617;NA;NA
30;13.0351305;2.176874504;0,8579433;617;NA;NA
30;14.138201;1.627783016;0,8900946;617;NA;NA
30;14.51781;1.291427688;0,9366789;617;NA;NA
30;14.019814;0.377273579;1,0030266;617;NA;NA
30;13.141097;0.713007982;1,1943637;617;NA;NA
30;8.6913395;0.556376507;0;616;NA;NA
30;9.373399;0.253552532;0,1205428;616;NA;NA
30;8.805215;0.463307565;0,1704273;616;NA;NA
30;8.787016;1.014093308;0,2090003;616;NA;NA
30;8.582178;0.244205966;0,2339263;616;NA;NA
30;8.797413;0.112660923;0,3010666;616;NA;NA
30;9.254855;0.463288506;0,3494942;616;NA;NA
30;9.255101;0.642940971;0,370645;616;NA;NA
30;9.609791;0.642985874;0,4029198;616;NA;NA
30;10.254888;0.450643019;0,5520861;616;NA;NA
30;8.811029;0.413945545;0,6693375;616;NA;NA
30;9.139385;0.922289409;0,8422088;616;NA;NA
30;10.307439;1.2939381;1,06094;616;NA;NA
30;5.067948;0.798599063;0;615;NA;NA
30;5.479766;0.690906739;0,1198492;615;NA;NA
30;5.0209284;1.66008691;0,1677501;615;NA;NA
30;5.11318;1.354737701;0,207268;615;NA;NA
30;5.4032917;1.146010929;0,2345405;615;NA;NA
30;5.9207587;1.45333296;0,3013926;615;NA;NA
30;5.6177707;2.430017376;0,3505986;615;NA;NA
30;5.326136;1.379039206;0,3702028;615;NA;NA
30;5.2211685;2.27095406;0,4022288;615;NA;NA
30;5.8606625;1.554991542;0,551789;615;NA;NA
30;5.0877633;1.379039206;0,6698625;615;NA;NA
30;5.9551334;2.117041296;0,8429656;615;NA;NA
30;6.831334;3.085049858;1,0641839;615;NA;NA
30;6.1198997;0.515449905;0;614;NA;NA
30;6.1203637;0.463307156;0,0398132000000002;614;NA;NA
30;6.568177;0.334185736;0,0621151000000002;614;NA;NA
30;7.12785;0.940256612;0,0819057999999999;614;NA;NA
30;6.95123;0.476047561;0,1279766;614;NA;NA
30;7.69776;0.768126039;0,1800768;614;NA;NA
30;7.2690587;0.735736263;0,197584;614;NA;NA
30;6.803235;1.929969718;0,230029;614;NA;NA
30;5.2193427;0.323526273;0,3323795;614;NA;NA
30;7.0567236;0.784659179;0,3792767;614;NA;NA
30;7.3183904;0.784659179;0,4302332;614;NA;NA
30;6.974214;1.955964479;0,499978;614;NA;NA
30;8.774574;0.642893824;0,570522;614;NA;NA
30;8.468042;1.380077504;0,6701192;614;NA;NA
30;7.8909106;0.801187182;0,752354;614;NA;NA
30;8.068864;1.853112098;0,8207464;614;NA;NA
30;9.272517;1.19014572;0,8939025;614;NA;NA
30;9.683818;1.110161464;0,9833972;614;NA;NA
30;9.2926445;1.149776892;1,0208034;614;NA;NA
30;9.181234;0.688579657;1,061884;614;NA;NA
30;2.1420956;0.181524397;0;613;NA;NA
30;1.8705655;0.499364822;0,0405850999999999;613;NA;NA
30;1.8801969;0.090857513;0,0640282999999999;613;NA;NA
30;1.8482178;0.164245151;0,088686;613;NA;NA
30;1.8986986;0.280839583;0,1343529;613;NA;NA
30;2.0427127;0.164245232;0,1800625;613;NA;NA
30;2.0419915;1.660808775;0,2022674;613;NA;NA
30;1.8122724;1.145924861;0,2354698;613;NA;NA
30;1.9874644;0.401789909;0,2811938;613;NA;NA
30;1.0295815;0.31499146;0,3350346;613;NA;NA
30;1.3190922;0.238546868;0,3808108;613;NA;NA
30;1.1615204;0.30334561;0,4325508;613;NA;NA
30;1.4085792;0.428624888;0,5054469;613;NA;NA
30;1.0321616;0.090809231;0,5755908;613;NA;NA
30;1.207594;0.209063662;0,6139133;613;NA;NA
30;1.4030504;0.292178951;0,6756835;613;NA;NA
30;0.953564;0.110598548;0,7556629;613;NA;NA
30;0.90970993;0.110598462;0,825959;613;NA;NA
30;1.0425302;0.164310082;0,8963358;613;NA;NA
30;1.133139;0.280924487;0,9864313;613;NA;NA
30;1.3604543;0.326764973;1,0272446;613;NA;NA
30;1.4319606;0.199632117;1,0655193;613;NA;NA
30;12.672882;0.443454774;0;612;NA;NA
30;12.537418;0.553793454;0,0443956999999999;612;NA;NA
30;12.636021;0.676598373;0,0628711999999996;612;NA;NA
30;12.773838;0.776788399;0,0825738999999999;612;NA;NA
30;12.775603;0.676675696;0,1306477;612;NA;NA
30;13.737063;1.522459854;0,1798144;612;NA;NA
30;13.032829;2.044250832;0,2021048;612;NA;NA
30;12.211495;4.896669717;0,2355063;612;NA;NA
30;12.879185;2.157255938;0,2847157;612;NA;NA
30;10.452359;0.997367734;0,3306772;612;NA;NA
30;11.316031;1.335067013;0,3835564;612;NA;NA
30;11.983722;2.100766158;0,432766;612;NA;NA
30;12.045055;1.077421164;0,5030189;612;NA;NA
30;11.714515;1.07760801;0,5683982;612;NA;NA
30;12.2643795;1.335485319;0,6089962;612;NA;NA
30;12.619212;1.571400138;0,6718107;612;NA;NA
30;11.936736;2.214498158;0,7532659;612;NA;NA
30;11.841303;3.317570816;0,8210762;612;NA;NA
30;12.862422;2.642194983;0,8948877;612;NA;NA
30;13.825376;1.380921116;0,9847322;612;NA;NA
30;14.101055;1.988370729;1,02537;612;NA;NA
30;14.102549;0.742492422;1,0660478;612;NA;NA
34;-250;75.69;0;611;NA;NA
31;-228;73.96;0,1526;611;NA;NA
29;-228;106.09;1,7118;611;NA;NA
30;-322;90.25;2,9661;611;NA;NA
29;-277;151.29;3,54236;611;NA;NA
17;-366;193.21;4,53672;611;NA;NA
40;72.8;2.4336;0;610;NA;NA
40;79.2;3.5721;0,1526;610;NA;NA
22;78.2;4.0401;0,4802;610;NA;NA
37;71.3;5.5225;1,7118;610;NA;NA
11;116.3;40.4496;2,7628;610;NA;NA
40;117.6;4.3681;2,9661;610;NA;NA
38;136.5;15.0544;3,54236;610;NA;NA
38;115.1;11.8336;4,53672;610;NA;NA
30;75.79;7.2361;0;609;NA;NA
33;82.04;7.2361;0,1526;609;NA;NA
19;80.1;3.9204;0,4802;609;NA;NA
23;71.97;10.4976;1,7118;609;NA;NA
28;118.7;10.6276;2,9661;609;NA;NA
37;140.1;17.8084;3,54236;609;NA;NA
31;121.3;16.1604;4,53672;609;NA;NA
40;473;30.25;0;608;NA;NA
40;465;27.04;0,1526;608;NA;NA
22;471;67.24;0,4802;608;NA;NA
37;393;30.25;1,7118;608;NA;NA
11;627;645.16;2,7628;608;NA;NA
39;671;59.29;2,9661;608;NA;NA
39;712;106.09;3,54236;608;NA;NA
40;733;132.25;4,53672;608;NA;NA
40;12.65;0.054756;0;607;NA;NA
40;11.95;0.053824;0,1526;607;NA;NA
22;11.82;0.093636;0,4802;607;NA;NA
40;11.88;0.062001;1,7118;607;NA;NA
11;17;0.6724;2,7628;607;NA;NA
40;17.05;0.1024;2,9661;607;NA;NA
40;16.08;0.136161;3,54236;607;NA;NA
40;18.18;0.110224;4,53672;607;NA;NA
40;6.45;0.0361;0;606;NA;NA
40;6.13;0.04;0,1526;606;NA;NA
22;6.41;0.0484;0,4802;606;NA;NA
40;7.1;0.0484;1,7118;606;NA;NA
9;9.44;0.7225;2,7628;606;NA;NA
39;9.49;0.0676;2,9661;606;NA;NA
40;8.03;0.0676;3,54236;606;NA;NA
39;10.33;0.1024;4,53672;606;NA;NA
30;8.77;0.0841;0;605;NA;NA
39;8.26;0.0361;0,1526;605;NA;NA
19;8.53;0.0676;0,4802;605;NA;NA
30;8.53;0.0841;1,7118;605;NA;NA
32;12.03;0.1024;2,9661;605;NA;NA
37;10.29;0.0729;3,54236;605;NA;NA
31;12.65;0.1156;4,53672;605;NA;NA
41;0.69599;0.001290215;0;604;NA;NA
113;0.73256;0.001529103;0,0999999999999996;604;NA;NA
98;0.71945;0.00149097;0,3;604;NA;NA
36;0.74013;0.000547703;0,5;604;NA;NA
29;0.72061;0.00103868;0,6;604;NA;NA
42;0.71682;0.002249771;0,8;604;NA;NA
19;0.72309;0.000521654;0,85;604;NA;NA
18;0.73372;0.000522502;0,9;604;NA;NA
29;0.73649;0.003184834;1;604;NA;NA
21;0.76315;0.00063525;1,8;604;NA;NA
33;0.71595;0.000678136;2,1;604;NA;NA
23;0.73358;0.000370822;2,8;604;NA;NA
41;0.6111;0.0034926;0;603;NA;NA
56;0.61087;0.002522653;0,0799999999999996;603;NA;NA
113;0.59464;0.006635997;0,0899999999999999;603;NA;NA
98;0.64198;0.003251635;0,3;603;NA;NA
36;0.60862;0.002022246;0,5;603;NA;NA
29;0.59369;0.005492989;0,6;603;NA;NA
42;0.611;0.004165784;0,8;603;NA;NA
19;0.61932;0.001926264;0,85;603;NA;NA
18;0.60484;0.004640383;0,9;603;NA;NA
29;0.63159;0.004234797;1;603;NA;NA
21;0.62162;0.001180447;1,8;603;NA;NA
33;0.58693;0.002025356;2,1;603;NA;NA
23;0.60899;0.00129199;2,8;603;NA;NA
41;0.71237;0.003003287;0;602;NA;NA
56;0.72222;0.002826613;0,0799999999999996;602;NA;NA
113;0.70117;0.005977241;0,0899999999999999;602;NA;NA
98;0.72108;0.003642921;0,3;602;NA;NA
36;0.71556;0.001490118;0,5;602;NA;NA
29;0.70655;0.005671578;0,6;602;NA;NA
42;0.71836;0.003450385;0,8;602;NA;NA
19;0.71221;0.001541618;0,85;602;NA;NA
18;0.71022;0.003058737;0,9;602;NA;NA
29;0.69047;0.002746724;1;602;NA;NA
21;0.71905;0.000711046;1,8;602;NA;NA
33;0.73106;0.00076388;2,1;602;NA;NA
23;0.71447;0.000705465;2,8;602;NA;NA
43;0.73372;0.000642276;0;601;NA;NA
44;0.71886;0.001613771;0,0999999999999996;601;NA;NA
56;0.69366;0.002820526;0,3;601;NA;NA
70;0.71755;0.001895773;0,5;601;NA;NA
34;0.71522;0.000986949;0,6;601;NA;NA
41;0.69672;0.004376448;0,8;601;NA;NA
21;0.68521;0.001182858;0,85;601;NA;NA
18;0.69978;0.000273852;0,9;601;NA;NA
29;0.69993;0.00093682;1;601;NA;NA
21;0.75062;0.000338146;1,8;601;NA;NA
43;0.54136;0.002639101;0;600;NA;NA
51;0.54535;0.001692178;0,0799999999999996;600;NA;NA
44;0.54644;0.001917825;0,0999999999999996;600;NA;NA
56;0.54921;0.010956009;0,3;600;NA;NA
70;0.56301;0.007021445;0,5;600;NA;NA
34;0.55751;0.003410416;0,6;600;NA;NA
41;0.54082;0.010496;0,8;600;NA;NA
21;0.54059;0.002789585;0,85;600;NA;NA
18;0.5248;0.001477904;0,9;600;NA;NA
29;0.51448;0.008330769;1;600;NA;NA
21;0.58478;0.00116284;1,8;600;NA;NA
43;0.67158;0.002309764;0;599;NA;NA
51;0.67748;0.002037983;0,0799999999999996;599;NA;NA
44;0.68209;0.002016891;0,0999999999999996;599;NA;NA
56;0.63556;0.010689889;0,3;599;NA;NA
70;0.66118;0.005750642;0,5;599;NA;NA
34;0.6287;0.002931633;0,6;599;NA;NA
41;0.62757;0.006611827;0,8;599;NA;NA
21;0.63151;0.002036206;0,85;599;NA;NA
18;0.6236;0.00110402;0,9;599;NA;NA
29;0.61876;0.004156492;1;599;NA;NA
21;0.6855;0.00059353;1,8;599;NA;NA
17;0.68157;0.000244295;0;598;NA;NA
90;0.64588;0.001293326;0,2;598;NA;NA
25;0.64924;0.000884;0,4;598;NA;NA
43;0.64792;0.002120844;0,5;598;NA;NA
50;0.63773;0.001238547;0,7;598;NA;NA
24;0.6386;0.000640456;0,75;598;NA;NA
31;0.65506;0.003260181;0,8;598;NA;NA
41;0.65929;0.002242375;0,9;598;NA;NA
41;0.69643;0.001468479;1,7;598;NA;NA
41;0.67633;0.000815257;2;598;NA;NA
17;0.66045;0.000268542;2,7;598;NA;NA
17;0.52073;0.000927201;0;597;NA;NA
90;0.50009;0.002930909;0,2;597;NA;NA
25;0.49239;0.001302068;0,4;597;NA;NA
43;0.49654;0.00841265;0,5;597;NA;NA
50;0.47679;0.004959267;0,7;597;NA;NA
24;0.49937;0.002170656;0,75;597;NA;NA
31;0.5055;0.007936;0,8;597;NA;NA
41;0.49058;0.005499503;0,9;597;NA;NA
41;0.54486;0.002102309;1,7;597;NA;NA
41;0.5343;0.002444762;2;597;NA;NA
17;0.52478;0.000899231;2,7;597;NA;NA
4;160.51;50.1264;0;589;NA;NA
5;152.57;42.1201;0,024499998;589;NA;NA
7;145.1;108.9936;0,036749997;589;NA;NA
8;155.13;49.4209;0,12249999;589;NA;NA
3;144.69;36.8449;0,171499985;589;NA;NA
4;152.11;110.25;0,269499977;589;NA;NA
11;154.82;49.1401;0,306249974;589;NA;NA
14;153.37;32.2624;0,35524997;589;NA;NA
10;159.18;31.6969;0,440999963;589;NA;NA
13;155.01;42.7716;0,489999958;589;NA;NA
13;152.33;37.9456;0,563499952;589;NA;NA
9;159.63;88.36;0,58799995;589;NA;NA
3;154.88;36.8449;0,808499931;589;NA;NA
3;156.4;36.8449;0,918749922;589;NA;NA
2;153.5;36.8449;1,102499906;589;NA;NA
2;145.62;36.8449;1,224999896;589;NA;NA
3;155.67;36.8449;1,29849989;589;NA;NA
1;155.23;36.8449;1,335249887;589;NA;NA
13;0.49;0.002319693;0;588;NA;NA
7;0.51;0.003520313;0,0235454545454545;588;NA;NA
10;0.51;0.006835729;0,0528181818181818;588;NA;NA
6;0.48;0.001001027;0,0547272727272727;588;NA;NA
6;0.59;0.006793414;0,063;588;NA;NA
6;0.55;0.019910487;0,0687272727272727;588;NA;NA
10;0.52;0.010645809;0,0693636363636364;588;NA;NA
23;0.51;0.012499595;0,07;588;NA;NA
6;0.42;0.0015;0;587;NA;NA
6;0.42;0.0021;0,000643564356435644;587;NA;NA
8;0.43;0.0039;0,0566336633663366;587;NA;NA
14;0.39;0.0027;0,0579207920792079;587;NA;NA
14;0.42;0.0032;0,0785148514851485;587;NA;NA
7;0.43;0.0029;0,0810891089108911;587;NA;NA
12;0.4;0.0015;0,0817326732673267;587;NA;NA
9;0.4;0.001;0,0823762376237624;587;NA;NA
12;0.42;0.0027;0,084950495049505;587;NA;NA
28;0.43;0.0031;0,0907425742574257;587;NA;NA
14;0.45;0.0034;0,0913861386138614;587;NA;NA
6;0.42;0.0012;0,0933168316831683;587;NA;NA
12;0.45;0.0079;0,110693069306931;587;NA;NA
14;0.39;0.0032;0,111336633663366;587;NA;NA
10;0.42;0.0075;0,111980198019802;587;NA;NA
11;0.43;0.0081;0,113267326732673;587;NA;NA
7;0.41;0.0029;0,117772277227723;587;NA;NA
6;0.49;0.0135;0,118415841584158;587;NA;NA
10;0.44;0.004;0,119059405940594;587;NA;NA
11;0.42;0.0055;0,121633663366337;587;NA;NA
7;0.43;0.0029;0,123564356435644;587;NA;NA
8;0.44;0.0023;0,124207920792079;587;NA;NA
7;0.42;0.0074;0,126138613861386;587;NA;NA
10;0.34;0.0017;0,126782178217822;587;NA;NA
14;0.41;0.0036;0,127425742574257;587;NA;NA
16;0.41;0.0049;0,128069306930693;587;NA;NA
32;0.43;0.0043;0,128712871287129;587;NA;NA
8;0.42;0.0043;0,129356435643564;587;NA;NA
7;0.44;0.0031;0,13;587;NA;NA
9;2.03;0.0359;0;586;NA;NA
44;1.93;0.0491;0,003;586;NA;NA
24;1.77;0.0434;0,004;586;NA;NA
15;1.93;0.068;0,005;586;NA;NA
27;1.78;0.0687;0,007;586;NA;NA
96;1.82;0.0537;0,01;586;NA;NA
15;1.83;0.0592;0,011;586;NA;NA
6;1.88;0.0273;0,012;586;NA;NA
13;1.77;0.0499;0,013;586;NA;NA
26;1.87;0.0356;0,013;586;NA;NA
14;1.73;0.0079;0,014;586;NA;NA
8;1.73;0.0073;0,018;586;NA;NA
18;1.79;0.0664;0,02;586;NA;NA
23;1.85;0.0316;0,024;586;NA;NA
7;1.67;0.0643;0,033;586;NA;NA
7;1.74;0.0302;0,035;586;NA;NA
8;1.65;0.0289;0,036;586;NA;NA
7;1.48;0.0902;0,037;586;NA;NA
11;1.66;0.0895;0,038;586;NA;NA
13;1.62;0.0478;0,039;586;NA;NA
10;1.02;0.14;0;585;NA;NA
24;0.55;0.007;0,09;585;NA;NA
42;0.63;0.004;0,26;585;NA;NA
24;0.62;0.003;0,41;585;NA;NA
23;0.54;0.004;0,72;585;NA;NA
48;0.67;0.02;1,08;585;NA;NA
18;0.48;0.002;1,16;585;NA;NA
48;0.58;0.01;1,31;585;NA;NA
20;0.54;0.008;1,55;585;NA;NA
25;0.45;0.002;1,88;585;NA;NA
11;0.49;0.004;2,11;585;NA;NA
24;0.56;0.02;2,09;585;NA;NA
13;0.44;0.003;2,27;585;NA;NA
24;0.57;0.002;2,4;585;NA;NA
10;3.77;0.5;0;584;NA;NA
24;2.79;0.03;0,09;584;NA;NA
42;2.95;0.02;0,26;584;NA;NA
24;2.93;0.01;0,41;584;NA;NA
23;2.72;0.02;0,72;584;NA;NA
48;3.02;0.1;1,08;584;NA;NA
18;2.58;0.01;1,16;584;NA;NA
48;2.83;0.06;1,31;584;NA;NA
20;2.73;0.05;1,55;584;NA;NA
25;2.49;0.03;1,88;584;NA;NA
11;2.64;0.11;2,11;584;NA;NA
24;2.76;0.02;2,09;584;NA;NA
13;2.48;0.01;2,27;584;NA;NA
24;2.79;0.03;2,4;584;NA;NA
449;720.29;16274.69;0;16;NA;NA
470;650.34;16939.33;1e-06;16;NA;NA
499;698.66;16366.27;2e-06;16;NA;NA
367;688.8;16867.41;3e-06;16;NA;NA
228;725.83;16453.49;4e-06;16;NA;NA
185;725.95;16637.28;5e-06;16;NA;NA
179;700.84;15554.91;6e-06;16;NA;NA
265;664.83;19193.25;7e-06;16;NA;NA
239;625.1;16534.34;8e-06;16;NA;NA
250;665;15110.24;9e-06;16;NA;NA
217;683.18;14823.64;1e-05;16;NA;NA
126;668.57;23682.74;1,1e-05;16;NA;NA
120;655.58;22389.57;1,2e-05;16;NA;NA
249;645.34;13185.47;1,3e-05;16;NA;NA
183;648.52;21143.42;1,4e-05;16;NA;NA
194;666.08;13641.57;1,5e-05;16;NA;NA
166;650;15025.45;1,6e-05;16;NA;NA
176;646.82;14851.53;1,7e-05;16;NA;NA
201;658.06;14271.72;1,8e-05;16;NA;NA
249;640.04;12165.72;1,9e-05;16;NA;NA
187;655.56;13096.86;2e-05;16;NA;NA
206;671.65;12978.73;2,1e-05;16;NA;NA
346;684.97;14732.32;2,2e-05;16;NA;NA
325;634.22;16494.83;2,3e-05;16;NA;NA
402;654.98;13112.34;2,4e-05;16;NA;NA
230;679.65;9660.14;2,5e-05;16;NA;NA
389;669.32;11838.65;2,6e-05;16;NA;NA
595;643.65;8398.63;2,7e-05;16;NA;NA
546;671.43;9499.79;2,8e-05;16;NA;NA
400;688.58;9271.52;2,9e-05;16;NA;NA
297;675.79;10077.83;3e-05;16;NA;NA
341;676.1;11500.92;3,1e-05;16;NA;NA
278;648.51;6856.34;3,2e-05;16;NA;NA
194;672.16;4738.29;3,3e-05;16;NA;NA
164;710.98;7547.51;3,4e-05;16;NA;NA
241;663.86;10327.96;3,5e-05;16;NA;NA
482;642.78;9484.56;3,6e-05;16;NA;NA
518;648.22;9581.66;3,7e-05;16;NA;NA
497;652.09;8012.65;3,8e-05;16;NA;NA
704;661.08;7517.62;3,9e-05;16;NA;NA
747;675.03;10183.31;4e-05;16;NA;NA
401;677.83;10306.41;4,1e-05;16;NA;NA
330;677.92;9980.56;4,2e-05;16;NA;NA
509;675.86;8187.24;4,3e-05;16;NA;NA
468;700.7;7439.24;4,4e-05;16;NA;NA
599;693.26;7129.02;4,5e-05;16;NA;NA
460;664.96;11620.26;4,6e-05;16;NA;NA
607;694.02;12228.37;4,7e-05;16;NA;NA
527;672.45;9887.06;4,8e-05;16;NA;NA
879;660.68;8004.49;4,9e-05;16;NA;NA
50;2.644626001;0.078824679;0;582;NA;NA
50;2.63759989;0.059880798;0,00103160000000002;582;NA;NA
50;2.886685913;0.131946898;0,00937465000000004;582;NA;NA
50;3.105311434;0.067658959;0,00995145000000003;582;NA;NA
50;3.027708714;0.053846165;0,01052825;582;NA;NA
50;2.961175136;0.08884719;0,01168185;582;NA;NA
50;2.915821863;0.083657962;0,01312385;582;NA;NA
50;3.024710221;0.066121017;0,014692746;582;NA;NA
50;3.240780627;0.072365533;0,014920582;582;NA;NA
50;3.236159192;0.069929422;0,015932866;582;NA;NA
50;3.063317732;0.087474857;0,016437566;582;NA;NA
50;2.919840691;0.103857366;0,017501762;582;NA;NA
50;3.024273652;0.074701676;0,017703642;582;NA;NA
50;3.425755434;0.043850286;0,018208342;582;NA;NA
50;3.223501454;0.109774862;0,019220626;582;NA;NA
50;3.028947488;0.101215941;0,019970466;582;NA;NA
50;2.888357227;0.083960096;0,021000054;582;NA;NA
50;3.039698944;0.087027022;0,022788134;582;NA;NA
50;3.042417149;0.064222702;0,024238786;582;NA;NA
50;2.976563798;0.091246634;0,024596402;582;NA;NA
50;2.933979233;0.128941434;0,025017466;582;NA;NA
48;3.459005866;0.05006243;0,026871878;582;NA;NA
50;2.966586123;0.152410252;0,028172562;582;NA;NA
50;2.699527022;0.071974518;0,030724902;582;NA;NA
50;3.003082533;0.195499985;0,032207278;582;NA;NA
50;2.847977144;0.11525089;0,033228214;582;NA;NA
50;2.8887956;0.091230818;0,0342491500000001;582;NA;NA
50;3.087843691;0.09656273;0,034759618;582;NA;NA
50;2.800852668;0.170748814;0,05182713;582;NA;NA
50;2.713950243;0.046505544;0,05231741;582;NA;NA
50;2.709407381;0.068182097;0,05831613;582;NA;NA
50;3.088541037;0.081251845;0,07481108;582;NA;NA
50;3.128157833;0.079883472;0,07490534;582;NA;NA
50;3.009886992;0.079926624;0,07503102;582;NA;NA
50;2.904471477;0.07185819;0,077626312;582;NA;NA
50;2.928475642;0.070658797;0,078215437;582;NA;NA
50;2.905566452;0.09937676;0,079687464;582;NA;NA
50;3.087011356;0.083487888;0,080438402;582;NA;NA
50;2.92775089;0.064954937;0,08073375;582;NA;NA
50;2.960153873;0.099143358;0,081027527;582;NA;NA
46;2.869879078;0.034435274;0,095911181;582;NA;NA
50;2.97411872;0.050134552;0,09619239;582;NA;NA
43;3.25619906;0.052466206;0,096682542;582;NA;NA
50;3.074210822;0.104344127;0,097171123;582;NA;NA
50;3.34144936;0.1949297;0,097306229;582;NA;NA
50;3.520810225;0.210686976;0,098649434;582;NA;NA
50;3.697208665;0.093702818;0,1047039;582;NA;NA
50;3.780223136;0.029876207;0,105497875;582;NA;NA
50;3.875561788;0.031274094;0,105896;582;NA;NA
50;3.895045589;0.013540765;0,106294125;582;NA;NA
50;3.945930971;0.016381981;0,1064329;582;NA;NA
50;3.924852622;0.086688006;0,106831025;582;NA;NA
50;3.327260226;0.130814588;0,10722915;582;NA;NA
50;3.874198624;0.112045028;0,107627275;582;NA;NA
49;3.92544035;0.143107305;0,1080254;582;NA;NA
50;3.915415206;0.138952731;0,10842125;582;NA;NA
48;3.651494334;0.17572043;0,108819375;582;NA;NA
50;3.937395232;0.235208245;0,109315325;582;NA;NA
50;3.98433668;0.180580196;0,109354;582;NA;NA
50;3.806431043;0.058616735;0,1095087;582;NA;NA
50;3.634556954;0.271546132;0,112430942;582;NA;NA
50;3.701387351;0.137177766;0,112734436;582;NA;NA
50;3.549621332;0.30276205;0,113514345;582;NA;NA
50;3.659554472;0.137708912;0,113817839;582;NA;NA
50;3.538137716;0.064077442;0,114117804;582;NA;NA
50;3.699028108;0.139127985;0,114417769;582;NA;NA
50;3.643374516;0.22302288;0,114721263;582;NA;NA
50;3.789795839;0.182212825;0,115021228;582;NA;NA
50;3.729407648;0.221140997;0,115624687;582;NA;NA
50;3.369860129;0.237023467;0,115924652;582;NA;NA
50;3.577113948;0.245747244;0,117431535;582;NA;NA
50;3.92790506;0.138117161;0,120244148;582;NA;NA
50;3.98992913;0.241672408;0,120879368;582;NA;NA
50;3.905741988;0.110424211;0,121514588;582;NA;NA
50;3.935285807;0.056633289;0,121768676;582;NA;NA
50;3.850099263;0.130081695;0,122086286;582;NA;NA
50;3.82478492;0.177145765;0,123042645;582;NA;NA
50;3.808814863;0.175349526;0,123995475;582;NA;NA
50;3.886007185;0.082453183;0,124313085;582;NA;NA
50;3.832684019;0.153339197;0,124948305;582;NA;NA
50;3.742225756;0.214534911;0,125138871;582;NA;NA
50;3.439891869;0.369532653;0,129648933;582;NA;NA
50;3.674623272;0.205644046;0,130831148;582;NA;NA
50;3.589353323;0.256834791;0,13142402;582;NA;NA
50;3.885339129;0.33047446;0,132013363;582;NA;NA
50;3.121134754;0.230342785;0,133255571;582;NA;NA
50;3.454612747;0.385067917;0,133848443;582;NA;NA
49;3.612211427;0.344573664;0,135948198;582;NA;NA
50;3.538732246;0.237167273;0,137130413;582;NA;NA
50;3.311710803;0.290706461;0,141460496;582;NA;NA
47;3.398665599;0.339043184;0,142692117;582;NA;NA
50;3.218270916;0.174563084;0,142720349;582;NA;NA
50;3.540107055;0.322548933;0,148567902;582;NA;NA
50;3.386766153;0.193074244;0,15418607;582;NA;NA
50;3.422597397;0.121318709;0,154800116;582;NA;NA
50;3.581513471;0.089727219;0,155414162;582;NA;NA
50;3.537195757;0.088341494;0,156028208;582;NA;NA
50;3.498992776;0.119930705;0,156642254;582;NA;NA
50;3.652927597;0.075782835;0,157316293;582;NA;NA
50;3.655543623;0.106630019;0,157930339;582;NA;NA
50;3.650998775;0.134777821;0,158544385;582;NA;NA
50;3.60110993;0.165715659;0,158851408;582;NA;NA
50;3.604156577;0.089947745;0,159158431;582;NA;NA
50;3.553664384;0.118849692;0,159772477;582;NA;NA
50;3.497192517;0.215741365;0,160757068;582;NA;NA
50;3.561415137;0.190138192;0,161180548;582;NA;NA
50;3.597458891;0.173226199;0,161713427;582;NA;NA
50;3.782183858;0.194524111;0,162775656;582;NA;NA
50;3.557753005;0.231552489;0,163305006;582;NA;NA
50;3.934070019;0.201800562;0,163837885;582;NA;NA
50;3.719196866;0.274595156;0,164963636;582;NA;NA
50;3.820327451;0.303424482;0,165496515;582;NA;NA
50;3.895351098;0.36645543;0,166025865;582;NA;NA
50;3.844118677;0.27298599;0,167088094;582;NA;NA
50;3.529157731;0.459333528;0,167620973;582;NA;NA
49;3.75492542;0.384925225;0,168150323;582;NA;NA
50;3.725054065;0.403626271;0,168414998;582;NA;NA
48;3.639611258;0.291804004;0,169417234;582;NA;NA
48;3.404234393;0.314665767;0,170080686;582;NA;NA
50;3.349065885;0.204181627;0,171411119;582;NA;NA
43;3.206562493;0.120119086;0,172074571;582;NA;NA
39;3.068201884;0.092836906;0,172738023;582;NA;NA
50;3.365141971;0.148369068;0,173401475;582;NA;NA
50;3.433367067;0.215750532;0,174064927;582;NA;NA
50;3.323705254;0.09845599;0,175257729;582;NA;NA
50;3.500452538;0.119460835;0,20078176;582;NA;NA
50;3.65020403;0.258533633;0,20410216;582;NA;NA
50;3.424682878;0.264581079;0,20742256;582;NA;NA
50;3.107911993;0.171066191;0,21074296;582;NA;NA
50;3.143800093;0.175341531;0,21738376;582;NA;NA
50;3.138949474;0.239288413;0,21929299;582;NA;NA
50;3.027959607;0.177070875;0,22261339;582;NA;NA
50;3.177234827;0.193341363;0,22593379;582;NA;NA
50;3.884811358;0.130632527;0,23257459;582;NA;NA
50;3.776248642;0.137697142;0,23589499;582;NA;NA
50;3.775390783;0.139430257;0,23921539;582;NA;NA
50;2.914399753;0.206258044;0,24253579;582;NA;NA
50;2.87402944;0.151723598;0,244992886;582;NA;NA
50;2.934990412;0.103872455;0,24682599;582;NA;NA
50;3.116505985;0.223466969;0,24710376;582;NA;NA
50;2.941445187;0.114727969;0,24738153;582;NA;NA
50;3.183610428;0.254047983;0,24793566;582;NA;NA
50;3.307290834;0.252613944;0,24821343;582;NA;NA
50;3.324943919;0.316558003;0,2484912;582;NA;NA
50;3.158587364;0.247603847;0,24862938;582;NA;NA
50;3.379140977;0.60191913;0,24890715;582;NA;NA
50;3.265393614;0.329744765;0,24918351;582;NA;NA
50;3.206496867;0.242425935;0,24946128;582;NA;NA
50;3.887407242;0.253687199;0,25001682;582;NA;NA
50;3.48164644;0.096099977;0,25057095;582;NA;NA
50;3.465756638;0.106080747;0,25192596;582;NA;NA
48;3.148378065;0.140012158;0,2531583;582;NA;NA
49;3.22640405;0.160843118;0,25343184;582;NA;NA
47;3.226000367;0.151744884;0,25370538;582;NA;NA
48;3.278147559;0.153916803;0,25397892;582;NA;NA
47;3.327960506;0.103743312;0,25425387;582;NA;NA
49;3.357901488;0.091081371;0,25480095;582;NA;NA
46;3.225863305;0.123534403;0,25494195;582;NA;NA
49;3.127194393;0.088226467;0,25522395;582;NA;NA
26;3.02596697;0.079823986;0,25606995;582;NA;NA
48;3.329187073;0.066191917;0,25635195;582;NA;NA
47;3.417160553;0.044145047;0,25663395;582;NA;NA
48;3.267804758;0.109259596;0,25733895;582;NA;NA
50;3.338940564;0.097092217;0,25762095;582;NA;NA
49;3.437617553;0.211638151;0,25790295;582;NA;NA
50;3.241179407;0.169236989;0,25818495;582;NA;NA
48;3.219703781;0.224739173;0,25846695;582;NA;NA
48;3.15084592;0.163920754;0,25932705;582;NA;NA
49;3.35963579;0.212341381;0,25960905;582;NA;NA
46;3.175840471;0.110747922;0,25989105;582;NA;NA
47;3.154650015;0.167179048;0,26017305;582;NA;NA
50;3.087780092;0.09070167;0,26073705;582;NA;NA
48;3.004967635;0.088268016;0,26101905;582;NA;NA
50;2.996484911;0.145271427;0,26142795;582;NA;NA
48;3.102824582;0.145946909;0,26170995;582;NA;NA
50;3.141266558;0.130057407;0,26199195;582;NA;NA
50;3.058390548;0.108719157;0,26227395;582;NA;NA
49;3.068755659;0.147001407;0,26255595;582;NA;NA
48;3.116151503;0.190348212;0,26283795;582;NA;NA
49;3.29967716;0.150076176;0,26311995;582;NA;NA
50;3.125789925;0.276426481;0,26370369;582;NA;NA
50;2.8891432;0.08212394;0,26398005;582;NA;NA
50;2.84894208;0.106367031;0,26425641;582;NA;NA
50;3.141176929;0.130804268;0,26453277;582;NA;NA
47;3.099632764;0.129804522;0,26480913;582;NA;NA
50;2.994933834;0.137906616;0,26508549;582;NA;NA
50;3.141023959;0.160915133;0,26536185;582;NA;NA
50;2.965115514;0.08327257;0,26548593;582;NA;NA
49;3.210271786;0.107075898;0,2657637;582;NA;NA
49;3.044874014;0.11220973;0,26604006;582;NA;NA
49;2.926883728;0.087347738;0,26631642;582;NA;NA
49;3.210225823;0.118612193;0,26659278;582;NA;NA
46;3.163946086;0.090811386;0,26686914;582;NA;NA
19;3.143401896;0.117484361;0,2671455;582;NA;NA
45;3.049179706;0.089501804;0,26742186;582;NA;NA
35;3.20584901;0.210751433;0,2678928;582;NA;NA
49;3.244132711;0.2140152;0,2681748;582;NA;NA
49;3.109341618;0.149380143;0,2684568;582;NA;NA
49;3.134568697;0.202398675;0,2687388;582;NA;NA
49;3.235830167;0.139110657;0,2690208;582;NA;NA
50;3.293084977;0.185734187;0,2693028;582;NA;NA
50;3.181079341;0.207626888;0,2695848;582;NA;NA
38;3.242602399;0.2746565;0,26974695;582;NA;NA
50;3.22114312;0.100962514;0,27002895;582;NA;NA
50;3.230279292;0.23601155;0,27031095;582;NA;NA
50;3.231901919;0.187852094;0,27059295;582;NA;NA
50;3.421036239;0.116240478;0,27087495;582;NA;NA
50;3.132337607;0.21453865;0,27115695;582;NA;NA
39;3.145014794;0.217888534;0,27172095;582;NA;NA
50;3.151138447;0.175880972;0,27187605;582;NA;NA
49;2.799032287;0.152680016;0,27215805;582;NA;NA
50;3.57211688;0.261030028;0,27244005;582;NA;NA
50;3.205040947;0.19759957;0,27328605;582;NA;NA
50;3.203683202;0.143676014;0,27356805;582;NA;NA
50;2.964370529;0.136917696;0,27385005;582;NA;NA
43;3.193465121;0.223539595;0,27397695;582;NA;NA
49;3.191225394;0.210980352;0,27425895;582;NA;NA
50;2.959704137;0.148353141;0,27482295;582;NA;NA
50;3.336711051;0.272799729;0,27510495;582;NA;NA
50;3.305602532;0.193314612;0,27538695;582;NA;NA
50;3.201607332;0.164918503;0,27566895;582;NA;NA
50;3.130226572;0.157935094;0,27595095;582;NA;NA
44;3.406312604;0.361806809;0,27609195;582;NA;NA
50;3.258041173;0.125348503;0,27637254;582;NA;NA
50;3.151956723;0.132422971;0,27665313;582;NA;NA
50;3.082789906;0.101301574;0,27693513;582;NA;NA
50;3.139265626;0.164242305;0,27721572;582;NA;NA
49;3.102214719;0.155849934;0,27877518;582;NA;NA
50;3.103193076;0.11299039;0,27905718;582;NA;NA
49;3.041618268;0.183019123;0,27933777;582;NA;NA
50;3.052125614;0.102442407;0,28018095;582;NA;NA
50;3.261017816;0.290577065;0,2805969;582;NA;NA
50;3.023595048;0.134148299;0,2808789;582;NA;NA
50;3.17788041;0.148254885;0,2811609;582;NA;NA
50;3.028648292;0.133013725;0,2814429;582;NA;NA
50;3.114160099;0.158128195;0,2820069;582;NA;NA
50;3.113826667;0.073224351;0,2838828;582;NA;NA
30;3.225877142;0.107100611;0,28418415;582;NA;NA
19;3.101682525;0.122524384;0,28443015;582;NA;NA
50;3.204281587;0.157178232;0,28455315;582;NA;NA
50;3.208621253;0.105505272;0,28467615;582;NA;NA
50;3.282339206;0.152165828;0,28479915;582;NA;NA
44;3.138780027;0.087369347;0,28492215;582;NA;NA
50;3.247229228;0.109909763;0,2851128;582;NA;NA
50;3.367315044;0.174177448;0,2852358;582;NA;NA
48;3.138950245;0.140735331;0,2895408;582;NA;NA
49;3.138257962;0.128476206;0,289722225;582;NA;NA
48;3.31180511;0.176391556;0,289845225;582;NA;NA
48;3.004620936;0.117931688;0,290337225;582;NA;NA
44;3.469813352;0.105559905;0,290460225;582;NA;NA
45;3.047717056;0.125916595;0,2905248;582;NA;NA
50;3.079771679;0.200072088;0,29119664;582;NA;NA
49;3.311832523;0.096384411;0,29205804;582;NA;NA
48;3.249740866;0.125325038;0,29291944;582;NA;NA
35;3.126967031;0.169816125;0,29378084;582;NA;NA
49;3.364871079;0.15641942;0,29464224;582;NA;NA
50;3.193723274;0.134484424;0,29675267;582;NA;NA
50;3.723941643;0.272088254;0,29761407;582;NA;NA
50;3.154530021;0.102955937;0,29847547;582;NA;NA
50;3.773677667;0.429599303;0,29933687;582;NA;NA
50;3.202760137;0.067655397;0,30019827;582;NA;NA
50;3.497539057;0.189744992;0,30105967;582;NA;NA
48;3.746570816;0.334490324;0,30192107;582;NA;NA
50;3.51877653;0.137954656;0,30239484;582;NA;NA
50;3.226469687;0.196714548;0,30325624;582;NA;NA
50;3.253418956;0.068589627;0,30941525;582;NA;NA
50;3.253418956;0.068589627;0;581;NA;NA
50;3.226469687;0.196714548;0,00615901;581;NA;NA
50;3.51877653;0.137954656;0,00702041;581;NA;NA
48;3.746570816;0.334490324;0,00749418;581;NA;NA
50;3.497539057;0.189744992;0,00835558;581;NA;NA
50;3.202760137;0.067655397;0,00921698;581;NA;NA
50;3.773677667;0.429599303;0,01007838;581;NA;NA
50;3.154530021;0.102955937;0,01093978;581;NA;NA
50;3.723941643;0.272088254;0,01180118;581;NA;NA
50;3.193723274;0.134484424;0,01266258;581;NA;NA
49;3.364871079;0.15641942;0,01477301;581;NA;NA
35;3.126967031;0.169816125;0,01563441;581;NA;NA
48;3.249740866;0.125325038;0,01649581;581;NA;NA
49;3.311832523;0.096384411;0,01735721;581;NA;NA
50;3.079771679;0.200072088;0,01821861;581;NA;NA
45;3.047717056;0.125916595;0,01889045;581;NA;NA
44;3.469813352;0.105559905;0,018955025;581;NA;NA
48;3.004620936;0.117931688;0,019078025;581;NA;NA
48;3.31180511;0.176391556;0,019570025;581;NA;NA
49;3.138257962;0.128476206;0,019693025;581;NA;NA
48;3.138950245;0.140735331;0,01987445;581;NA;NA
50;3.367315044;0.174177448;0,02417945;581;NA;NA
50;3.247229228;0.109909763;0,02430245;581;NA;NA
44;3.138780027;0.087369347;0,0244931;581;NA;NA
50;3.282339206;0.152165828;0,0246161;581;NA;NA
50;3.208621253;0.105505272;0,0247391;581;NA;NA
50;3.204281587;0.157178232;0,0248621;581;NA;NA
19;3.101682525;0.122524384;0,0249851;581;NA;NA
30;3.225877142;0.107100611;0,0252311;581;NA;NA
50;3.113826667;0.073224351;0,02553245;581;NA;NA
50;3.114160099;0.158128195;0,02740835;581;NA;NA
50;3.028648292;0.133013725;0,02797235;581;NA;NA
50;3.17788041;0.148254885;0,02825435;581;NA;NA
50;3.023595048;0.134148299;0,02853635;581;NA;NA
50;3.261017816;0.290577065;0,02881835;581;NA;NA
50;3.052125614;0.102442407;0,0292343;581;NA;NA
49;3.041618268;0.183019123;0,03007748;581;NA;NA
50;3.103193076;0.11299039;0,03035807;581;NA;NA
49;3.102214719;0.155849934;0,03064007;581;NA;NA
50;3.139265626;0.164242305;0,03219953;581;NA;NA
50;3.082789906;0.101301574;0,03248012;581;NA;NA
50;3.151956723;0.132422971;0,03276212;581;NA;NA
50;3.258041173;0.125348503;0,03304271;581;NA;NA
44;3.406312604;0.361806809;0,0333233;581;NA;NA
50;3.130226572;0.157935094;0,0334643;581;NA;NA
50;3.201607332;0.164918503;0,0337463;581;NA;NA
50;3.305602532;0.193314612;0,0340283;581;NA;NA
50;3.336711051;0.272799729;0,0343103;581;NA;NA
50;2.959704137;0.148353141;0,0345923;581;NA;NA
49;3.191225394;0.210980352;0,0351563;581;NA;NA
43;3.193465121;0.223539595;0,0354383;581;NA;NA
50;2.964370529;0.136917696;0,0355652;581;NA;NA
50;3.203683202;0.143676014;0,0358472;581;NA;NA
50;3.205040947;0.19759957;0,0361292;581;NA;NA
50;3.57211688;0.261030028;0,0369752;581;NA;NA
49;2.799032287;0.152680016;0,0372572;581;NA;NA
50;3.151138447;0.175880972;0,0375392;581;NA;NA
39;3.145014794;0.217888534;0,0376943;581;NA;NA
50;3.132337607;0.21453865;0,0382583;581;NA;NA
50;3.421036239;0.116240478;0,0385403;581;NA;NA
50;3.231901919;0.187852094;0,0388223;581;NA;NA
50;3.230279292;0.23601155;0,0391043;581;NA;NA
50;3.22114312;0.100962514;0,0393863;581;NA;NA
38;3.242602399;0.2746565;0,0396683;581;NA;NA
50;3.181079341;0.207626888;0,03983045;581;NA;NA
50;3.293084977;0.185734187;0,04011245;581;NA;NA
49;3.235830167;0.139110657;0,04039445;581;NA;NA
49;3.134568697;0.202398675;0,04067645;581;NA;NA
49;3.109341618;0.149380143;0,04095845;581;NA;NA
49;3.244132711;0.2140152;0,04124045;581;NA;NA
35;3.20584901;0.210751433;0,04152245;581;NA;NA
45;3.049179706;0.089501804;0,04199339;581;NA;NA
19;3.143401896;0.117484361;0,04226975;581;NA;NA
46;3.163946086;0.090811386;0,04254611;581;NA;NA
49;3.210225823;0.118612193;0,04282247;581;NA;NA
49;2.926883728;0.087347738;0,04309883;581;NA;NA
49;3.044874014;0.11220973;0,04337519;581;NA;NA
49;3.210271786;0.107075898;0,04365155;581;NA;NA
50;2.965115514;0.08327257;0,04392932;581;NA;NA
50;3.141023959;0.160915133;0,0440534;581;NA;NA
50;2.994933834;0.137906616;0,04432976;581;NA;NA
47;3.099632764;0.129804522;0,04460612;581;NA;NA
50;3.141176929;0.130804268;0,04488248;581;NA;NA
50;2.84894208;0.106367031;0,04515884;581;NA;NA
50;2.8891432;0.08212394;0,0454352;581;NA;NA
50;3.125789925;0.276426481;0,04571156;581;NA;NA
49;3.29967716;0.150076176;0,0462953;581;NA;NA
48;3.116151503;0.190348212;0,0465773;581;NA;NA
49;3.068755659;0.147001407;0,0468593;581;NA;NA
50;3.058390548;0.108719157;0,0471413;581;NA;NA
50;3.141266558;0.130057407;0,0474233;581;NA;NA
48;3.102824582;0.145946909;0,0477053;581;NA;NA
50;2.996484911;0.145271427;0,0479873;581;NA;NA
48;3.004967635;0.088268016;0,0483962;581;NA;NA
50;3.087780092;0.09070167;0,0486782;581;NA;NA
47;3.154650015;0.167179048;0,0492422;581;NA;NA
46;3.175840471;0.110747922;0,0495242;581;NA;NA
49;3.35963579;0.212341381;0,0498062;581;NA;NA
48;3.15084592;0.163920754;0,0500882;581;NA;NA
48;3.219703781;0.224739173;0,0509483;581;NA;NA
50;3.241179407;0.169236989;0,0512303;581;NA;NA
49;3.437617553;0.211638151;0,0515123;581;NA;NA
50;3.338940564;0.097092217;0,0517943;581;NA;NA
48;3.267804758;0.109259596;0,0520763;581;NA;NA
47;3.417160553;0.044145047;0,0527813;581;NA;NA
48;3.329187073;0.066191917;0,0530633;581;NA;NA
26;3.02596697;0.079823986;0,0533453;581;NA;NA
49;3.127194393;0.088226467;0,0541913;581;NA;NA
46;3.225863305;0.123534403;0,0544733;581;NA;NA
49;3.357901488;0.091081371;0,0546143;581;NA;NA
47;3.327960506;0.103743312;0,05516138;581;NA;NA
48;3.278147559;0.153916803;0,05543633;581;NA;NA
47;3.226000367;0.151744884;0,05570987;581;NA;NA
49;3.22640405;0.160843118;0,05598341;581;NA;NA
48;3.148378065;0.140012158;0,05625695;581;NA;NA
50;3.465756638;0.106080747;0,05748929;581;NA;NA
50;3.48164644;0.096099977;0,0588443;581;NA;NA
50;3.887407242;0.253687199;0,05939843;581;NA;NA
50;3.206496867;0.242425935;0,05995397;581;NA;NA
50;3.265393614;0.329744765;0,06023174;581;NA;NA
50;3.379140977;0.60191913;0,0605081;581;NA;NA
50;3.158587364;0.247603847;0,06078587;581;NA;NA
50;3.324943919;0.316558003;0,06092405;581;NA;NA
50;3.307290834;0.252613944;0,06120182;581;NA;NA
50;3.183610428;0.254047983;0,06147959;581;NA;NA
50;2.941445187;0.114727969;0,06203372;581;NA;NA
50;3.116505985;0.223466969;0,06231149;581;NA;NA
50;2.934990412;0.103872455;0,06258926;581;NA;NA
50;2.87402944;0.151723598;0,064422364;581;NA;NA
50;2.914399753;0.206258044;0,06687946;581;NA;NA
50;3.775390783;0.139430257;0,07019986;581;NA;NA
50;3.776248642;0.137697142;0,07352026;581;NA;NA
50;3.884811358;0.130632527;0,07684066;581;NA;NA
50;3.177234827;0.193341363;0,08348146;581;NA;NA
50;3.027959607;0.177070875;0,08680186;581;NA;NA
50;3.138949474;0.239288413;0,09012226;581;NA;NA
50;3.143800093;0.175341531;0,09203149;581;NA;NA
50;3.107911993;0.171066191;0,09867229;581;NA;NA
50;3.424682878;0.264581079;0,10199269;581;NA;NA
50;3.65020403;0.258533633;0,10531309;581;NA;NA
50;3.500452538;0.119460835;0,10863349;581;NA;NA
50;3.323705254;0.09845599;0,134157521;581;NA;NA
50;3.433367067;0.215750532;0,135350323;581;NA;NA
50;3.365141971;0.148369068;0,136013775;581;NA;NA
39;3.068201884;0.092836906;0,136677227;581;NA;NA
43;3.206562493;0.120119086;0,137340679;581;NA;NA
50;3.349065885;0.204181627;0,138004131;581;NA;NA
48;3.404234393;0.314665767;0,139334564;581;NA;NA
48;3.639611258;0.291804004;0,139998016;581;NA;NA
50;3.725054065;0.403626271;0,141000252;581;NA;NA
49;3.75492542;0.384925225;0,141264927;581;NA;NA
50;3.529157731;0.459333528;0,141794277;581;NA;NA
50;3.844118677;0.27298599;0,142327156;581;NA;NA
50;3.895351098;0.36645543;0,143389385;581;NA;NA
50;3.820327451;0.303424482;0,143918735;581;NA;NA
50;3.719196866;0.274595156;0,144451614;581;NA;NA
50;3.934070019;0.201800562;0,145577365;581;NA;NA
50;3.557753005;0.231552489;0,146110244;581;NA;NA
50;3.782183858;0.194524111;0,146639594;581;NA;NA
50;3.597458891;0.173226199;0,147701823;581;NA;NA
50;3.561415137;0.190138192;0,148234702;581;NA;NA
50;3.497192517;0.215741365;0,148658182;581;NA;NA
50;3.553664384;0.118849692;0,149642773;581;NA;NA
50;3.604156577;0.089947745;0,150256819;581;NA;NA
50;3.60110993;0.165715659;0,150563842;581;NA;NA
50;3.650998775;0.134777821;0,150870865;581;NA;NA
50;3.655543623;0.106630019;0,151484911;581;NA;NA
50;3.652927597;0.075782835;0,152098957;581;NA;NA
50;3.498992776;0.119930705;0,152772996;581;NA;NA
50;3.537195757;0.088341494;0,153387042;581;NA;NA
50;3.581513471;0.089727219;0,154001088;581;NA;NA
50;3.422597397;0.121318709;0,154615134;581;NA;NA
50;3.386766153;0.193074244;0,15522918;581;NA;NA
50;3.540107055;0.322548933;0,160847348;581;NA;NA
50;3.218270916;0.174563084;0,166694901;581;NA;NA
47;3.398665599;0.339043184;0,166723133;581;NA;NA
50;3.311710803;0.290706461;0,167954754;581;NA;NA
50;3.538732246;0.237167273;0,172284837;581;NA;NA
49;3.612211427;0.344573664;0,173467052;581;NA;NA
50;3.454612747;0.385067917;0,175566807;581;NA;NA
50;3.121134754;0.230342785;0,176159679;581;NA;NA
50;3.885339129;0.33047446;0,177401887;581;NA;NA
50;3.589353323;0.256834791;0,17799123;581;NA;NA
50;3.674623272;0.205644046;0,178584102;581;NA;NA
50;3.439891869;0.369532653;0,179766317;581;NA;NA
50;3.742225756;0.214534911;0,184276379;581;NA;NA
50;3.832684019;0.153339197;0,184466945;581;NA;NA
50;3.886007185;0.082453183;0,185102165;581;NA;NA
50;3.808814863;0.175349526;0,185419775;581;NA;NA
50;3.82478492;0.177145765;0,186372605;581;NA;NA
50;3.850099263;0.130081695;0,187328964;581;NA;NA
50;3.935285807;0.056633289;0,187646574;581;NA;NA
50;3.905741988;0.110424211;0,187900662;581;NA;NA
50;3.98992913;0.241672408;0,188535882;581;NA;NA
50;3.92790506;0.138117161;0,189171102;581;NA;NA
50;3.577113948;0.245747244;0,191983715;581;NA;NA
50;3.369860129;0.237023467;0,193490598;581;NA;NA
50;3.729407648;0.221140997;0,193790563;581;NA;NA
50;3.789795839;0.182212825;0,194394022;581;NA;NA
50;3.643374516;0.22302288;0,194693987;581;NA;NA
50;3.699028108;0.139127985;0,194997481;581;NA;NA
50;3.538137716;0.064077442;0,195297446;581;NA;NA
50;3.659554472;0.137708912;0,195597411;581;NA;NA
50;3.549621332;0.30276205;0,195900905;581;NA;NA
50;3.701387351;0.137177766;0,196680814;581;NA;NA
50;3.634556954;0.271546132;0,196984308;581;NA;NA
50;3.806431043;0.058616735;0,19990655;581;NA;NA
50;3.98433668;0.180580196;0,20006125;581;NA;NA
50;3.937395232;0.235208245;0,200099925;581;NA;NA
48;3.651494334;0.17572043;0,200595875;581;NA;NA
50;3.915415206;0.138952731;0,200994;581;NA;NA
49;3.92544035;0.143107305;0,20138985;581;NA;NA
50;3.874198624;0.112045028;0,201787975;581;NA;NA
50;3.327260226;0.130814588;0,2021861;581;NA;NA
50;3.924852622;0.086688006;0,202584225;581;NA;NA
50;3.945930971;0.016381981;0,20298235;581;NA;NA
50;3.895045589;0.013540765;0,203121125;581;NA;NA
50;3.875561788;0.031274094;0,20351925;581;NA;NA
50;3.780223136;0.029876207;0,203917375;581;NA;NA
50;3.697208665;0.093702818;0,20471135;581;NA;NA
50;3.520810225;0.210686976;0,210765816;581;NA;NA
50;3.34144936;0.1949297;0,212109021;581;NA;NA
50;3.074210822;0.104344127;0,212244127;581;NA;NA
43;3.25619906;0.052466206;0,212732708;581;NA;NA
50;2.97411872;0.050134552;0,21322286;581;NA;NA
46;2.869879078;0.034435274;0,213504069;581;NA;NA
50;2.960153873;0.099143358;0,228387723;581;NA;NA
50;2.92775089;0.064954937;0,2286815;581;NA;NA
50;3.087011356;0.083487888;0,228976848;581;NA;NA
50;2.905566452;0.09937676;0,229727786;581;NA;NA
50;2.928475642;0.070658797;0,231199813;581;NA;NA
50;2.904471477;0.07185819;0,231788938;581;NA;NA
50;3.009886992;0.079926624;0,23438423;581;NA;NA
50;3.128157833;0.079883472;0,23450991;581;NA;NA
50;3.088541037;0.081251845;0,23460417;581;NA;NA
50;2.709407381;0.068182097;0,25109912;581;NA;NA
50;2.713950243;0.046505544;0,25709784;581;NA;NA
50;2.800852668;0.170748814;0,25758812;581;NA;NA
50;3.087843691;0.09656273;0,274655632;581;NA;NA
50;2.8887956;0.091230818;0,2751661;581;NA;NA
50;2.847977144;0.11525089;0,276187036;581;NA;NA
50;3.003082533;0.195499985;0,277207972;581;NA;NA
50;2.699527022;0.071974518;0,278690348;581;NA;NA
50;2.966586123;0.152410252;0,281242688;581;NA;NA
48;3.459005866;0.05006243;0,282543372;581;NA;NA
50;2.933979233;0.128941434;0,284397784;581;NA;NA
50;2.976563798;0.091246634;0,284818848;581;NA;NA
50;3.042417149;0.064222702;0,285176464;581;NA;NA
50;3.039698944;0.087027022;0,286627116;581;NA;NA
50;2.888357227;0.083960096;0,288415196;581;NA;NA
50;3.028947488;0.101215941;0,289444784;581;NA;NA
50;3.223501454;0.109774862;0,290194624;581;NA;NA
50;3.425755434;0.043850286;0,291206908;581;NA;NA
50;3.024273652;0.074701676;0,291711608;581;NA;NA
50;2.919840691;0.103857366;0,291913488;581;NA;NA
50;3.063317732;0.087474857;0,292977684;581;NA;NA
50;3.236159192;0.069929422;0,293482384;581;NA;NA
50;3.240780627;0.072365533;0,294494668;581;NA;NA
50;3.024710221;0.066121017;0,294722504;581;NA;NA
50;2.915821863;0.083657962;0,2962914;581;NA;NA
50;2.961175136;0.08884719;0,2977334;581;NA;NA
50;3.027708714;0.053846165;0,298887;581;NA;NA
50;3.105311434;0.067658959;0,2994638;581;NA;NA
50;2.886685913;0.131946898;0,3000406;581;NA;NA
50;2.63759989;0.059880798;0,30838365;581;NA;NA
50;2.644626001;0.078824679;0,30941525;581;NA;NA
8;46.745;2.135980982;0;580;NA;NA
45;50.739;2.75653125;0,115;580;NA;NA
10;45.475;3.611399556;0,173235294117647;580;NA;NA
29;46.554;1.563139472;0,292941176470588;580;NA;NA
7;47.39;1.290278238;0,531823529411765;580;NA;NA
63;41.989;0.67922575;0,945470588235294;580;NA;NA
40;26.201;5.74564;0;564;NA;NA
25;34.716;3.33975625;2,327;564;NA;NA
21;30.098;7.916916;6,954;564;NA;NA
30;33.662;8.52267;7,588;564;NA;NA
40;33.451;9.7713225;8,251;564;NA;NA
50;35.592;10.4882;8,982;564;NA;NA
20;37.568;18.4416;9,437;564;NA;NA
24;36.488;21.1050015;9,6029;564;NA;NA
15;34.363;19.07730094;9,6868;564;NA;NA
42;35.156;10.59471263;9,9074;564;NA;NA
79;32.708;10.09669375;10,4196;564;NA;NA
34;0.326585468304044;0.0979581893737086;0;539;NA;NA
12;0.360825886127906;0.0963782419473495;0,0670000000000019;539;NA;NA
12;-0.115524530093324;0.0727959111997275;0,134000000000002;539;NA;NA
16;0.840471350462924;0.0913913610243085;2,142;539;NA;NA
22;0.477653622060963;0.180169430162796;2,908;539;NA;NA
11;0.736403097880847;0.165064735917559;2,931;539;NA;NA
11;0.811150754502218;0.0609212888606178;2,953;539;NA;NA
32;0.695769087303699;0.111936704161206;2,976;539;NA;NA
10;0.883440325176952;0.0314880528628853;2,998;539;NA;NA
7;0.418741964630917;0.276452090141468;3,032;539;NA;NA
30;0.76798768536246;0.062694423630667;5,787;539;NA;NA
18;0.755821640369368;0.0366348501738736;6,047;539;NA;NA
30;0.756201761878322;0.0745755114208093;6,307;539;NA;NA
86;0.864129462270425;0.0579974819103811;7,952;539;NA;NA
17;0.2118396;0.001393397;0;538;NA;NA
10;0.1774611;0.00120844;4,227;538;NA;NA
12;0.1913346;0.001399228;4,383;538;NA;NA
17;0.1705692;0.001175907;4,9315;538;NA;NA
27;0.173595;0.000620236;4,976;538;NA;NA
10;0.1628991;0.000320839;5,0325;538;NA;NA
8;0.1819306;0.000302601;7,907;538;NA;NA
39;0.1827516;0.00060715;8,085;538;NA;NA
22;0.2103595;0.000417006;8,152;538;NA;NA
9;0.404107334509815;0.00366581136189389;0;537;NA;NA
20;0.376686619367169;0.000890697717186893;0,8225;537;NA;NA
33;0.381673516084702;0.00181888966569553;0,856;537;NA;NA
15;0.359832521798089;0.000825467732115953;0,879;537;NA;NA
14;0.429986674097388;0.00215396775102054;0,9125;537;NA;NA
30;0.435267657378405;0.00170726056861384;1,396;537;NA;NA
21;0.43706060436061;0.000697394009208445;1,458;537;NA;NA
58;0.434769260095773;0.000841415312293718;1,52;537;NA;NA
14;0.43503014711053;0.00109024972233914;1,614;537;NA;NA
17;0.427231717663497;0.000899963649138544;1,707;537;NA;NA
18;3.221863;0.007640189;0;536;NA;NA
10;3.184758;0.002707124;4,227;536;NA;NA
12;3.19869;0.003245837;4,383;536;NA;NA
17;3.218422;0.003032209;4,9315;536;NA;NA
27;3.188643;0.00265253;4,976;536;NA;NA
10;3.15763;0.001298276;5,0325;536;NA;NA
8;3.164174;0.002813048;7,907;536;NA;NA
39;3.187884;0.002175258;8,085;536;NA;NA
23;3.193767;0.002024166;8,152;536;NA;NA
18;3.178274;0.007832104;0;535;NA;NA
10;3.111454;0.005190684;4,227;535;NA;NA
12;3.146819;0.013500037;4,383;535;NA;NA
17;3.081232;0.016842274;4,9315;535;NA;NA
27;3.12428;0.004188212;4,976;535;NA;NA
10;3.085686;0.003861077;5,0325;535;NA;NA
8;3.042828;0.004063627;7,907;535;NA;NA
39;3.086713;0.006280296;8,085;535;NA;NA
23;3.174941;0.005605385;8,152;535;NA;NA
15;1.718757;0.085275729;0;534;NA;NA
10;1.801772;0.030341998;4,227;534;NA;NA
10;1.985506;0.005132057;4,383;534;NA;NA
17;1.887126;0.012441626;4,9315;534;NA;NA
26;1.845592;0.017914904;4,976;534;NA;NA
10;1.925789;0.011179429;5,0325;534;NA;NA
8;1.878641;0.022385278;7,907;534;NA;NA
38;1.890528;0.007484781;8,085;534;NA;NA
23;1.805933;0.020282934;8,152;534;NA;NA
17;3.587564;0.007931251;0;532;NA;NA
10;3.605563;0.00311646;4,227;532;NA;NA
12;3.644873;0.003067158;4,383;532;NA;NA
17;3.627542;0.006530246;4,9315;532;NA;NA
27;3.623069;0.001613403;4,976;532;NA;NA
10;3.608975;0.000968834;5,0325;532;NA;NA
8;3.605555;0.00217238;7,907;532;NA;NA
38;3.618899;0.001990317;8,085;532;NA;NA
23;3.674157;0.002134788;8,152;532;NA;NA
18;2.881143;0.005432377;0;531;NA;NA
10;2.757819;0.005910495;4,227;531;NA;NA
12;2.837012;0.004660328;4,383;531;NA;NA
17;2.747626;0.011728232;4,9315;531;NA;NA
26;2.801354;0.002952826;4,976;531;NA;NA
10;2.763468;0.006343238;5,0325;531;NA;NA
8;2.762955;0.004455467;7,907;531;NA;NA
38;2.750764;0.004330324;8,085;531;NA;NA
23;2.794045;0.005399086;8,152;531;NA;NA
18;2.459881;0.024582971;0;530;NA;NA
10;2.411337;0.013142492;4,227;530;NA;NA
11;2.400771;0.005917495;4,383;530;NA;NA
17;2.375548;0.021033451;4,9315;530;NA;NA
26;2.407065;0.01342961;4,976;530;NA;NA
10;2.347097;0.006786523;5,0325;530;NA;NA
8;2.32068;0.047331757;7,907;530;NA;NA
39;2.396863;0.009565231;8,085;530;NA;NA
22;2.473457;0.008197823;8,152;530;NA;NA
17;2.116781;0.030291206;0;529;NA;NA
10;1.9261;0.035715328;4,227;529;NA;NA
12;2.005741;0.031417608;4,383;529;NA;NA
17;1.892466;0.035046397;4,9315;529;NA;NA
27;1.911518;0.02030634;4,976;529;NA;NA
10;1.849808;0.011249483;5,0325;529;NA;NA
8;1.962557;0.008480891;7,907;529;NA;NA
39;1.963507;0.017783449;8,085;529;NA;NA
22;2.108667;0.009924604;8,152;529;NA;NA
7;0.143472176104891;0.000721092394032982;0;528;NA;NA
39;0.140455668291221;0.000195015199553555;0,766;528;NA;NA
11;0.137331679912547;0.00013690489103572;0,789;528;NA;NA
9;0.153023275914827;0.000330244603864583;0,811;528;NA;NA
26;0.143815355861573;0.000740806689979312;0,834;528;NA;NA
13;0.141772863250918;0.000195924493157595;0,856;528;NA;NA
6;0.143017490756521;0.000204957733489966;0,9015;528;NA;NA
7;2.65360953055944;0.0268804569948463;0;527;NA;NA
39;2.63513073465957;0.00395153771135959;0,766;527;NA;NA
11;2.62880080961073;0.00351046211923285;0,789;527;NA;NA
9;2.60675210341574;0.00450729297822466;0,811;527;NA;NA
26;2.6249208440899;0.00882038864913474;0,834;527;NA;NA
13;2.63717456801393;0.00823577691557383;0,856;527;NA;NA
6;2.62188853947118;0.00404551092831158;0,9015;527;NA;NA
7;2.00070663751457;0.0297444483790678;0;526;NA;NA
38;2.13555742656141;0.0113757812075863;0,766;526;NA;NA
10;2.12453107708926;0.0070992118060085;0,789;526;NA;NA
9;2.0080840558954;0.0099521110893052;0,811;526;NA;NA
26;2.11054615766444;0.0196182369398487;0,834;526;NA;NA
13;2.12042874140575;0.0143459204178903;0,856;526;NA;NA
5;2.13451879782955;0.0118805108176389;0,9015;526;NA;NA
7;3.07430197072055;0.0224273204283519;0;524;NA;NA
37;3.08571526847724;0.00184708306715716;0,766;524;NA;NA
9;3.10968231409713;0.000498581652580292;0,789;524;NA;NA
8;3.08484075773778;0.00334276248467907;0,811;524;NA;NA
24;3.12622987720416;0.00624806165494236;0,834;524;NA;NA
13;3.09394814127577;0.00494114963121877;0,856;524;NA;NA
5;3.09443377675318;0.000355869246981805;0,9015;524;NA;NA
7;1.6884398751998;0.0444715905257613;0;523;NA;NA
39;1.6984512043956;0.00719082524208438;0,766;523;NA;NA
9;1.6635047066776;0.00244528945957477;0,789;523;NA;NA
9;1.70469035349502;0.0218335749698445;0,811;523;NA;NA
26;1.70106578196285;0.0117130455002171;0,834;523;NA;NA
13;1.68138825680066;0.00579865546017032;0,856;523;NA;NA
6;1.72112399780598;0.0071343832039877;0,9015;523;NA;NA
7;2.81495676814741;0.00661130095369158;0;521;NA;NA
36;2.79668204736829;0.00312777721737434;0,766;521;NA;NA
10;2.8308103806015;0.00229805014028604;0,789;521;NA;NA
7;2.81315136415416;0.0107800365193096;0,811;521;NA;NA
24;2.84927420720892;0.011263823969227;0,834;521;NA;NA
12;2.81739366128726;0.00472351146367945;0,856;521;NA;NA
5;2.80892406941556;0.0047944477025258;0,9015;521;NA;NA
7;1.59859506613537;0.051768667991617;0;519;NA;NA
39;1.56001437575154;0.00781886356689448;0,766;519;NA;NA
11;1.53965488174542;0.00721079121636992;0,789;519;NA;NA
9;1.66075224418685;0.0220359857162607;0,811;519;NA;NA
26;1.59929508244506;0.0242501233790674;0,834;519;NA;NA
13;1.55820421624806;0.0094454560728088;0,856;519;NA;NA
6;1.56677119725909;0.0124859002109096;0,9015;519;NA;NA
6;100.48;66.08968919;0;511;NA;NA
9;102.14;70.36727464;0,2695;511;NA;NA
6;103.82;228.2170096;0,3835;511;NA;NA
10;117.74;177.8171205;0,5576;511;NA;NA
9;114.66;127.4249336;0,7285;511;NA;NA
45;124.83;134.2201492;0,8377;511;NA;NA
35;125.57;138.9306214;1,00095;511;NA;NA
14;123.19;130.5401786;1,11743;511;NA;NA
18;98.412;40.56890684;0;510;NA;NA
10;99.68;58.34936029;0,0286;510;NA;NA
14;101.68;78.76530977;0,056633333;510;NA;NA
13;95.062;72.76212958;0,0842000000000001;510;NA;NA
26;98.593;25.43272035;0,1011;510;NA;NA
18;107.04;70.72002551;0,115766666;510;NA;NA
22;112.52;34.23483705;0,187333333;510;NA;NA
12;109.2;124.1764629;0,218933333;510;NA;NA
48;113.85;115.4718867;0,3149;510;NA;NA
20;124.03;105.8938984;0,3294;510;NA;NA
19;117.38;55.17399;0,374566666;510;NA;NA
8;126.13;113.4202416;0,4322;510;NA;NA
8;126.38;135.2844648;0,493566666;510;NA;NA
9;116.81;268.2241774;0,548133333;510;NA;NA
14;124.66;35.02186589;0,5912;510;NA;NA
56;128.13;75.44642857;0,619966666;510;NA;NA
41;129.85;69.67123724;0,6605;510;NA;NA
56;129.34;78.4606414;0,6936;510;NA;NA
15;132.6;129.9962255;0,778833333;510;NA;NA
21;133.65;154.423606;0,805533333;510;NA;NA
44;134.04;72.73469388;0,8347;510;NA;NA
61;130.49;130.3367672;0,907333333;510;NA;NA
24;131.47;57.16758642;0,951456666;510;NA;NA
44;123.88;124.3515983;1,037516666;510;NA;NA
18;8.9332;2.36198459;0;503;NA;NA
7;7.9741;2.623906706;0,46358;503;NA;NA
29;7.9746;1.268976468;0,71723;503;NA;NA
20;9.0149;1.354123282;0,91052;503;NA;NA
20;7.9954;2.001249479;1,14373;503;NA;NA
15;7.9766;6.396834662;1,74325;503;NA;NA
16;7.7777;2.599333611;2,30864;503;NA;NA
6;7.919;0.288785923;3;503;NA;NA
18;123.05;310.0812292;0;502;NA;NA
7;115.93;271.2099125;0,44705;502;NA;NA
28;117.97;830.5803571;0,67061;502;NA;NA
20;120;436.3495679;0,9412;502;NA;NA
20;121.02;1131.898298;1,15294;502;NA;NA
15;117.97;327.2621759;1,8353;502;NA;NA
16;116.95;569.6502499;2,29411;502;NA;NA
6;127.12;79.17700958;3;502;NA;NA
18;62.845;42.09967527;0;501;NA;NA
7;58.863;16.37755831;0,46797;501;NA;NA
29;58.752;147.5458114;0,71414;501;NA;NA
20;62.504;79.67380258;0,92607;501;NA;NA
20;59.853;30.9700177;1,15994;501;NA;NA
15;61.554;35.08306272;1,8403;501;NA;NA
16;60.824;65.42828925;2,30902;501;NA;NA
6;57.647;23.30108223;3;501;NA;NA
25;12.6824;40.78859;0;490;NA;NA
13;8.853846;11.27436;0,89602;490;NA;NA
7;10.44286;40.88952;1,34403;490;NA;NA
7;7.285714;36.3581;2,77115;490;NA;NA
9;13.17778;73.26444;3,01552;490;NA;NA
14;13.92143;40.90181;3,25827;490;NA;NA
21;12.0619;49.82248;3,54336;490;NA;NA
8;9.8;81.67429;3,94902;490;NA;NA
8;12.75;39.49714;4,27729;490;NA;NA
12;13.38333;92.3797;4,52166;490;NA;NA
21;15.99048;146.2809;6,31289;490;NA;NA
15;19.2;32.2;6,51653;490;NA;NA
8;12.8875;55.04982;8,47149;490;NA;NA
11;12.23636;46.65855;8,70771;490;NA;NA
14;14.8;116.9108;9,61188;490;NA;NA
13;21.16154;107.0509;10,2;490;NA;NA
26;105.8133;375.4247;0;489;NA;NA
14;110.1299;932.129;0,89602;489;NA;NA
6;109.8888;124.9822;1,34403;489;NA;NA
6;105.6138;217.8992;2,32151;489;NA;NA
7;103.2004;636.5805;2,77115;489;NA;NA
11;109.341;1064.869;3,01552;489;NA;NA
15;97.11327;690.8773;3,25827;489;NA;NA
24;102.4996;445.1753;3,54336;489;NA;NA
8;101.6309;280.4947;3,94902;489;NA;NA
7;91.82338;468.68;4,27729;489;NA;NA
12;108.8453;395.938;4,52166;489;NA;NA
20;106.7851;293.1044;6,31289;489;NA;NA
16;104.8341;443.5397;6,51653;489;NA;NA
10;104.6993;330.9416;8,47149;489;NA;NA
14;103.3751;547.6201;8,70771;489;NA;NA
16;101.1521;570.7302;9,61188;489;NA;NA
14;106.47;460.2932;10,2;489;NA;NA
15;62.78;13.35537025;0;449;NA;NA
26;60.79;19.201924;0,0499999999999998;449;NA;NA
18;60.86;23.590449;0,169999999999999;449;NA;NA
9;65.99;10.78794025;0,45;449;NA;NA
26;64.02;9.840769;0,48;449;NA;NA
36;63.85;11.634921;0,58;449;NA;NA
24;62.75;17.88021225;0,649999999999999;449;NA;NA
25;63.76;9.320809;0,73;449;NA;NA
20;63.28;13.70850625;0,86;449;NA;NA
36;63.14;15.30765625;1;449;NA;NA
41;62.72;10.125124;1,13;449;NA;NA
28;63.88;12.72705625;1,19;449;NA;NA
36;62.83;12.84147225;1,24;449;NA;NA
16;65.03;15.45669225;1,31;449;NA;NA
37;64.45;10.98591025;1,38;449;NA;NA
17;62;17.21835025;1,4;449;NA;NA
8;62.37;13.84956225;1,55;449;NA;NA
8;60.36;26.347689;1,7;449;NA;NA
12;58.21;8.44193025;1,79;449;NA;NA
7;62.19;27.59463936;0;448;NA;NA
12;63.03;18.05961012;0,0800000000000001;448;NA;NA
14;60.84;9.53883225;0,21;448;NA;NA
28;63.67;19.72816589;0,66;448;NA;NA
72;61.1;18.0201948;0,73;448;NA;NA
31;61.92;14.86302967;0,75;448;NA;NA
25;61.99;20.10607664;0,9;448;NA;NA
26;61.21;19.5123626;1,05;448;NA;NA
22;61.71;20.92037825;1,14;448;NA;NA
36;60.49;22.56991061;1,24;448;NA;NA
34;62.87;20.51383381;1,34;448;NA;NA
35;62.55;16.55431969;1,48;448;NA;NA
43;65.49;38.61528737;1,58;448;NA;NA
29;65.24;27.57027055;1,76;448;NA;NA
29;66.09;37.08103594;1,87;448;NA;NA
32;65.27;12.23992207;2,08;448;NA;NA
29;63.58;15.01547;2,31;448;NA;NA
32;60.43;23.69119337;2,74;448;NA;NA
41;61.4;22.68578796;2,85;448;NA;NA
32;60.75;29.24559873;3,05;448;NA;NA
31;60.41;18.16328019;3,13;448;NA;NA
28;60.93;21.85375504;3,23;448;NA;NA
30;58.53;14.653584;3,33;448;NA;NA
28;62.19;18.27220516;3,44;448;NA;NA
12;4.45;0.459072433;0;284;NA;NA
19;4.684;0.347122044;1,1;284;NA;NA
23;4.738;0.472294655;2,2;284;NA;NA
34;4.873;0.322563296;2,8;284;NA;NA
10;4.83;0.465210452;3,1;284;NA;NA
14;4.371;0.461736443;4,8;284;NA;NA
12;0.008;0.002105837;0;283;NA;NA
19;0.013;0.002649787;1,1;283;NA;NA
23;0.009;0.002915399;2,2;283;NA;NA
34;0.008;0.003544652;2,8;283;NA;NA
10;0.008;0.001922357;3,1;283;NA;NA
14;0.008;0.002274564;4,8;283;NA;NA
12;1.393;0.082127637;0;282;NA;NA
19;1.444;0.055645518;1,1;282;NA;NA
23;1.512;0.160346951;2,2;282;NA;NA
34;1.551;0.092160942;2,8;282;NA;NA
10;1.494;0.098040219;3,1;282;NA;NA
14;1.377;0.081884295;4,8;282;NA;NA
12;1.418;0.195842827;0;281;NA;NA
19;1.367;0.153687622;1,1;281;NA;NA
23;1.542;0.25947052;2,2;281;NA;NA
34;1.612;0.28711678;2,8;281;NA;NA
10;1.538;0.674747391;3,1;281;NA;NA
14;2.206;0.593661142;4,8;281;NA;NA
29;10.901;9.737646693;0;280;NA;NA
14;10.222;3.686393318;1,821860113;280;NA;NA
35;9.6049;4.030137149;2,635664779;280;NA;NA
28;9.0494;6.615754801;2,696387316;280;NA;NA
30;7.1358;7.115962324;2,805687882;280;NA;NA
62;4.8519;13.50686492;3;280;NA;NA
1;1.92;0;0;279;NA;NA
20;2.23;0.030976;0,5;279;NA;NA
24;2.31;0.026896;0,699999999999996;279;NA;NA
27;2.55;0.022801;1,3;279;NA;NA
18;2.53;0.030976;1,8;279;NA;NA
12;2.61;0.018496;2,2;279;NA;NA
9;2.79;0.018225;2,59999999999999;279;NA;NA
30;3.038;0.04;0;278;NA;NA
30;3.375;0.058081;0,27;278;NA;NA
30;3.281;0.1089;0,31;278;NA;NA
30;3.738;0.051984;0,55;278;NA;NA
30;3.87;0.101761;1,05;278;NA;NA
30;4.113;0.145924;1,29;278;NA;NA
30;4.192;0.080089;1,54;278;NA;NA
30;5.77;0.116281;0;277;NA;NA
30;6.201;0.145924;0,25;277;NA;NA
30;5.331;0.073441;0,49;277;NA;NA
30;5.805;0.148996;0,99;277;NA;NA
30;5.252;0.190096;1,23;277;NA;NA
30;4.549;0.071824;1,27;277;NA;NA
30;4.05;0.087025;1,54;277;NA;NA
36;67;16.7281;0;276;NA;NA
36;74.6;27.9841;0,3;276;NA;NA
18;83.3;33.7561;0,6;276;NA;NA
26;79.7;36.1201;1;276;NA;NA
13;103.6;35.1649;2;276;NA;NA
12;107.7;31.5844;2,288;276;NA;NA
8;29.3;7.2361;0;275;NA;NA
9;33.7;9.7969;0,3;275;NA;NA
12;34.1;11.3569;0,5;275;NA;NA
25;37.7;14.44;0,6;275;NA;NA
11;30.6;18.0625;1;275;NA;NA
5;37.5;9.3025;1,5;275;NA;NA
3;41.4;61.4656;2;275;NA;NA
49;42.2;16.81;2,288;275;NA;NA
8;7.1;0.16;0;274;NA;NA
9;7.7;0.5329;0,3;274;NA;NA
12;9.4;0.2601;0,5;274;NA;NA
25;8.4;0.7921;0,6;274;NA;NA
11;7;1.0201;1;274;NA;NA
5;8.7;0.3364;1,5;274;NA;NA
3;10.7;1.4884;2;274;NA;NA
49;11.9;1.2544;2,288;274;NA;NA
8;23.2;7.5625;0;273;NA;NA
9;23.6;12.25;0,3;273;NA;NA
12;28;3.6864;0,5;273;NA;NA
25;28.1;7.84;0,6;273;NA;NA
11;23.7;3.6864;1;273;NA;NA
5;27.4;3.61;1,5;273;NA;NA
3;28.8;0.5776;2;273;NA;NA
49;34.8;7.5625;2,288;273;NA;NA
20;28.4;4.2849;0;272;NA;NA
27;31.1;5.1076;0,3;272;NA;NA
12;33.2;5.8081;0,5;272;NA;NA
26;32.3;5.3824;0,6;272;NA;NA
39;30.4;4.41;1;272;NA;NA
11;33;6.5536;1,5;272;NA;NA
6;39.5;1.8496;2;272;NA;NA
29;44;9.6721;2,288;272;NA;NA
20;7.7;0.7921;0;271;NA;NA
27;8.5;0.1849;0,3;271;NA;NA
12;9.2;0.3025;0,5;271;NA;NA
26;9.2;0.9604;0,6;271;NA;NA
39;7.6;0.5929;1;271;NA;NA
11;8.6;0.25;1,5;271;NA;NA
6;11.1;1.1664;2;271;NA;NA
29;11.9;2.3716;2,288;271;NA;NA
20;23.2;1.96;0;270;NA;NA
27;25.3;4.3264;0,3;270;NA;NA
12;27;3.61;0,5;270;NA;NA
26;26.7;3.8809;0,6;270;NA;NA
39;25.7;5.5225;1;270;NA;NA
11;27.2;5.8564;1,5;270;NA;NA
6;32.6;2.4336;2;270;NA;NA
29;36.8;5.0625;2,288;270;NA;NA
61;32.9;10.3041;0;269;NA;NA
76;33.4;7.4529;0,3;269;NA;NA
29;40.3;8.4681;0,5;269;NA;NA
65;39.6;9.1204;0,6;269;NA;NA
84;34.8;13.8384;1;269;NA;NA
3;42.2;6.0516;1;269;NA;NA
13;40;4.6656;1,5;269;NA;NA
4;40.4;7.7284;1,9;269;NA;NA
28;45.2;13.69;2;269;NA;NA
2;41.1;0.7921;2,1;269;NA;NA
118;49.4;21.4369;2,288;269;NA;NA
61;7.4;0.68;0;268;NA;NA
76;7.9;0.69;0,3;268;NA;NA
29;8.9;0.42;0,5;268;NA;NA
65;8;0.62;0,6;268;NA;NA
84;7.4;0.81;1;268;NA;NA
13;8.4;0.85;1,5;268;NA;NA
4;7.3;0.3969;1,9;268;NA;NA
28;10.4;0.76;2;268;NA;NA
2;11.2;0.1089;2,1;268;NA;NA
118;11.4;0.96;2,288;268;NA;NA
61;23;5.0625;0;267;NA;NA
76;23.8;3.6864;0,3;267;NA;NA
29;27.6;3.9601;0,5;267;NA;NA
65;26.9;4.7089;0,6;267;NA;NA
84;25.2;4.84;1;267;NA;NA
13;27.8;4.5369;1,5;267;NA;NA
4;28.3;8.1796;1,9;267;NA;NA
28;32.2;9;2;267;NA;NA
2;34.2;0.0169;2,1;267;NA;NA
118;36.2;6.9169;2,288;267;NA;NA
50;7.2;0.3844;0;266;NA;NA
39;7;0.3025;0,3;266;NA;NA
13;8.5;0.1296;0,5;266;NA;NA
41;7.9;0.4761;0,6;266;NA;NA
58;6.6;0.1296;1;266;NA;NA
3;7.2;0.0676;1;266;NA;NA
9;8.7;0.6241;1,5;266;NA;NA
28;8.8;0.3481;2;266;NA;NA
38;9.5;0.6561;2,288;266;NA;NA
50;23.3;3.2761;0;265;NA;NA
39;25;3.5721;0,3;265;NA;NA
12;28.4;6.9696;0,5;265;NA;NA
41;27.4;2.0164;0,6;265;NA;NA
58;25.9;2.4025;1;265;NA;NA
9;27.4;4.3264;1,5;265;NA;NA
30;34.5;7.3441;2;265;NA;NA
28;37.1;9.9225;2,288;265;NA;NA
16;7.8;0.2809;0;264;NA;NA
7;7.9;0.1024;0,3;264;NA;NA
13;11.1;0.1369;0,5;264;NA;NA
22;9.7;0.16;0,6;264;NA;NA
17;8.3;0.3364;1;264;NA;NA
4;10.2;0.0676;1,5;264;NA;NA
11;11.1;0.5625;2;264;NA;NA
9;12.2;0.5329;2,288;264;NA;NA
16;23.2;6.1009;0;263;NA;NA
7;24.3;0.5929;0,3;263;NA;NA
13;30.3;3.8416;0,5;263;NA;NA
22;26.9;1.5625;0,6;263;NA;NA
17;26.6;2.9241;1;263;NA;NA
11;37.7;12.96;2;263;NA;NA
9;36.3;4.9284;2,288;263;NA;NA
12;56.1;11.0889;0;262;NA;NA
7;60.3;16.8921;0,3;262;NA;NA
4;75.1;2.8224;0,5;262;NA;NA
14;66.3;10.4976;0,6;262;NA;NA
13;63;5.3824;1;262;NA;NA
4;69.7;7.3984;1,5;262;NA;NA
10;75.3;40.0689;2;262;NA;NA
3;90.7;8.4681;2,18;262;NA;NA
14;34.3;7.5076;0;261;NA;NA
15;42.9;9.4249;0,3;261;NA;NA
13;47.6;4.4944;0,5;261;NA;NA
19;46.9;15.1321;0,6;261;NA;NA
15;40.3;7.3984;1;261;NA;NA
1;48.3;0;1;261;NA;NA
9;47.6;27.7729;1,5;261;NA;NA
8;52.8;13.1769;2;261;NA;NA
9;57.9;20.7025;2,288;261;NA;NA
14;5.6;0.2704;0;260;NA;NA
15;6.2;0.1156;0,3;260;NA;NA
13;7.1;0.2704;0,5;260;NA;NA
19;6.6;0.16;0,6;260;NA;NA
15;5.6;0.1089;1;260;NA;NA
2;5.6;0.0196;1;260;NA;NA
9;6.8;0.4624;1,5;260;NA;NA
8;8.6;0.3844;2;260;NA;NA
9;8.7;0.9409;2,288;260;NA;NA
14;21.5;4.2849;0;259;NA;NA
15;23.4;4.0401;0,3;259;NA;NA
16;27.6;1.4161;0,5;259;NA;NA
19;27.5;3.2041;0,6;259;NA;NA
15;23.3;3.9601;1;259;NA;NA
2;26.6;1.7689;1;259;NA;NA
9;27.3;8.2944;1,5;259;NA;NA
8;32.9;5.1076;2;259;NA;NA
9;33.9;8.5264;2,288;259;NA;NA
14;0.84;0.0025;0;258;NA;NA
6;0.86;0.0025;0,0499999999999998;258;NA;NA
54;0.81;0.0064;0,25;258;NA;NA
16;0.8;0.0064;0,350000000000001;258;NA;NA
6;0.86;0.0121;1,4;258;NA;NA
26;0.82;0.0064;1,45;258;NA;NA
22;0.84;0.0036;1,5;258;NA;NA
7;0.87;0.0049;1,9;258;NA;NA
12;0.05;1e-04;0;257;NA;NA
6;0.02;4e-04;0,0499999999999998;257;NA;NA
52;0.1;0.0025;0,25;257;NA;NA
17;0.08;0.0016;0,350000000000001;257;NA;NA
6;0.11;9e-04;1,4;257;NA;NA
26;0.12;0.0016;1,45;257;NA;NA
22;0.13;0.0016;1,5;257;NA;NA
8;0.13;9e-04;1,9;257;NA;NA
12;0.28;0.008281;0;256;NA;NA
6;0.25;0.0121;0,0499999999999998;256;NA;NA
52;0.36;0.01;0,25;256;NA;NA
10;0.36;0.0256;0,350000000000001;256;NA;NA
24;0.36;0.01;1,45;256;NA;NA
22;0.36;0.01;1,5;256;NA;NA
6;0.43;0.0144;1,9;256;NA;NA
14;0.08;4e-04;0;255;NA;NA
6;0.06;0.0025;0,0499999999999998;255;NA;NA
52;0.14;0.0036;0,25;255;NA;NA
17;0.11;0.0025;0,350000000000001;255;NA;NA
6;0.12;4e-04;1,4;255;NA;NA
26;0.14;0.0016;1,45;255;NA;NA
22;0.17;0.0016;1,5;255;NA;NA
8;0.14;0.0016;1,9;255;NA;NA
12;51.32;4.0804;0;254;NA;NA
6;50.86;14.2884;0,0499999999999998;254;NA;NA
50;52.93;6.25;0,25;254;NA;NA
10;51.62;4.7089;0,350000000000001;254;NA;NA
25;53.68;8.3521;1,45;254;NA;NA
22;54.4;8.7616;1,5;254;NA;NA
5;53.65;14.3641;1,6;254;NA;NA
6;54.38;8.0089;1,9;254;NA;NA
13;35.59;8.8209;0;253;NA;NA
6;39.02;26.01;0,0499999999999998;253;NA;NA
52;36.27;15.7609;0,25;253;NA;NA
17;37.46;31.5844;0,350000000000001;253;NA;NA
6;36.89;9.61;1,4;253;NA;NA
26;34.24;11.0224;1,45;253;NA;NA
22;32.6;59.1361;1,5;253;NA;NA
7;34.52;5.0625;1,9;253;NA;NA
13;43.9;5.0625;0;252;NA;NA
6;42.2;6.9169;0,0499999999999998;252;NA;NA
51;39.45;11.4244;0,25;252;NA;NA
15;39.75;8.41;0,350000000000001;252;NA;NA
26;40.69;8.5264;1,45;252;NA;NA
21;41.99;10.6929;1,5;252;NA;NA
8;38.49;10.7584;1,9;252;NA;NA
12;2.05;0.0256;0;251;NA;NA
6;2;0.0256;0,0499999999999998;251;NA;NA
50;2.23;0.0225;0,25;251;NA;NA
11;2.32;0.0441;0,350000000000001;251;NA;NA
26;2.24;0.2401;1,45;251;NA;NA
22;2.3;0.0289;1,5;251;NA;NA
5;2.26;0.0529;1,6;251;NA;NA
6;2.17;0.0144;1,9;251;NA;NA
14;1.42;0.0081;0;250;NA;NA
6;1.48;0.0064;0,0499999999999998;250;NA;NA
54;1.38;0.0196;0,25;250;NA;NA
16;1.37;0.0196;0,350000000000001;250;NA;NA
6;1.42;0.0256;1,4;250;NA;NA
26;1.38;0.0225;1,45;250;NA;NA
22;1.4;0.0169;1,5;250;NA;NA
7;1.41;0.0169;1,9;250;NA;NA
14;1.41;0.0036;0;249;NA;NA
6;1.46;0.0169;0,0499999999999998;249;NA;NA
54;1.44;0.0225;0,25;249;NA;NA
16;1.5;0.0196;0,350000000000001;249;NA;NA
5;1.49;0.0169;1,4;249;NA;NA
26;1.48;0.0169;1,45;249;NA;NA
22;1.46;0.0169;1,5;249;NA;NA
7;1.4;0.0196;1,9;249;NA;NA
14;1.55;0.0049;0;248;NA;NA
6;1.55;0.0144;0,0499999999999998;248;NA;NA
54;1.58;0.0256;0,25;248;NA;NA
16;1.63;0.0144;0,350000000000001;248;NA;NA
26;1.61;0.0144;1,45;248;NA;NA
22;1.6;0.0144;1,5;248;NA;NA
7;1.59;0.0225;1,9;248;NA;NA
12;2.86;0.0144;0;247;NA;NA
6;2.96;0.0256;0,0499999999999998;247;NA;NA
52;3.06;0.0676;0,25;247;NA;NA
10;3.22;0.0196;0,350000000000001;247;NA;NA
25;3.18;0.0225;1,45;247;NA;NA
22;3.2;0.0144;1,5;247;NA;NA
5;3.17;0.0225;1,6;247;NA;NA
6;3.01;0.0121;1,9;247;NA;NA
13;1.38;0.0036;0;246;NA;NA
6;1.37;0.0025;0,0499999999999998;246;NA;NA
53;1.37;0.0121;0,25;246;NA;NA
15;1.38;0.0169;0,350000000000001;246;NA;NA
26;1.39;0.0081;1,45;246;NA;NA
21;1.41;0.01;1,5;246;NA;NA
8;1.32;0.0081;1,9;246;NA;NA
13;0.61;0.0016;0;245;NA;NA
6;0.58;0.0036;0,0499999999999998;245;NA;NA
53;0.54;0.0064;0,25;245;NA;NA
15;0.55;0.0049;0,350000000000001;245;NA;NA
26;0.57;0.0036;1,45;245;NA;NA
22;0.59;0.0049;1,5;245;NA;NA
8;0.51;0.0036;1,9;245;NA;NA
14;0.54;0.0049;0;244;NA;NA
6;0.6;0.0121;0,0499999999999998;244;NA;NA
54;0.54;0.0049;0,25;244;NA;NA
17;0.54;0.01;0,350000000000001;244;NA;NA
6;0.55;0.0064;1,4;244;NA;NA
26;0.52;0.0064;1,45;244;NA;NA
21;0.52;0.0049;1,5;244;NA;NA
7;0.54;0.0049;1,9;244;NA;NA
13;1.5;0.0081;0;243;NA;NA
6;1.52;0.0081;0,0499999999999998;243;NA;NA
54;1.48;0.0196;0,25;243;NA;NA
17;1.45;0.0256;0,350000000000001;243;NA;NA
6;1.49;0.0144;1,4;243;NA;NA
26;1.5;0.0144;1,45;243;NA;NA
22;1.52;0.0144;1,5;243;NA;NA
7;1.55;0.0169;1,9;243;NA;NA
9;82.4;27.5;0;242;NA;NA
4;83.2;20.9;0,009;242;NA;NA
2;79;3;0,012;242;NA;NA
44;82.7;35.5;0,017;242;NA;NA
8;38.7;31.3;0,019;242;NA;NA
30;80;10.9;0,021;242;NA;NA
15;81.5;20.5;0,024;242;NA;NA
2;83.5;0.5;0,025;242;NA;NA
35;44.9;17.2;0;241;NA;NA
4;39.4;2.4;0,009;241;NA;NA
4;47.3;11.7;0,012;241;NA;NA
63;45.9;15.1;0,021;241;NA;NA
22;46.77;8.6;0,024;241;NA;NA
6;71.8;64.9;0;240;NA;NA
8;68.9;24.6;0,012;240;NA;NA
25;74.6;37.4;0,017;240;NA;NA
5;74.7;64.5;0,019;240;NA;NA
24;73.9;37.3;0,021;240;NA;NA
6;69.1;7.3;0;239;NA;NA
8;69.1;2.2;0,012;239;NA;NA
25;71.1;37.4;0,017;239;NA;NA
5;67.3;48.1;0,019;239;NA;NA
24;68.1;35.2;0,021;239;NA;NA
6;46.7;1.4;0;238;NA;NA
8;44.2;28.8;0,012;238;NA;NA
25;46.6;36;0,017;238;NA;NA
5;42.5;9.2;0,019;238;NA;NA
24;42.4;12.5;0,021;238;NA;NA
2;95;50;0;237;NA;NA
5;92.2;92.2;0,014;237;NA;NA
20;91.9;27.9;0,015;237;NA;NA
3;99.3;276.3;0,017;237;NA;NA
10;93.8;75.9;0,024;237;NA;NA
9;78.1;37.1;0;236;NA;NA
4;82.5;22.3;0,009;236;NA;NA
2;76;2;0,012;236;NA;NA
44;78.5;35.4;0,017;236;NA;NA
8;77.2;12.5;0,019;236;NA;NA
30;76.4;10.8;0,021;236;NA;NA
15;77;17.3;0,024;236;NA;NA
2;79.5;4.5;0,025;236;NA;NA
15;221;31;0;235;NA;NA
30;226.2;26.9;0,009;235;NA;NA
8;223.5;24.5;0,012;235;NA;NA
44;222;38.3;0,017;235;NA;NA
2;227.2;35.9;0,019;235;NA;NA
4;222.6;45.1;0,021;235;NA;NA
9;218.7;29.6;0,024;235;NA;NA
6;270.6;31.8;0;234;NA;NA
3;277;48;0,009;234;NA;NA
6;237;65.2;0,012;234;NA;NA
39;273;44;0,017;234;NA;NA
7;273.8;61.1;0,019;234;NA;NA
20;272.3;67.9;0,021;234;NA;NA
10;269.1;58.1;0,024;234;NA;NA
6;56.8;5.3;0;233;NA;NA
3;62.6;12.3;0,009;233;NA;NA
6;62.1;32.1;0,012;233;NA;NA
39;62.8;16.8;0,017;233;NA;NA
7;61.3;16.2;0,019;233;NA;NA
20;62.1;17.1;0,021;233;NA;NA
10;61.2;19.5;0,024;233;NA;NA
6;70;1.2;0;232;NA;NA
3;71.3;9.3;0,009;232;NA;NA
6;74.3;29.4;0,012;232;NA;NA
39;74.8;16.4;0,017;232;NA;NA
7;73.3;26.5;0,019;232;NA;NA
20;74.5;15.8;0,021;232;NA;NA
10;73.9;20.9;0,024;232;NA;NA
10;123.5;66;0;231;NA;NA
37;125.7;24.44;0,012;231;NA;NA
10;125.9;45.2;0,017;231;NA;NA
8;126.3;49.6;0,024;231;NA;NA
33;83;37.6;0;230;NA;NA
7;80.8;16.9;0,009;230;NA;NA
4;85;7.5;0,012;230;NA;NA
62;84.9;32.8;0,021;230;NA;NA
35;85.5;19.8;0,024;230;NA;NA
33;52.3;25.5;0;229;NA;NA
7;50.1;11.2;0,009;229;NA;NA
4;52.9;52.3;0,012;229;NA;NA
62;54.3;23.5;0,021;229;NA;NA
35;53.1;11.2;0,024;229;NA;NA
11;23.58;2.25;0;228;NA;NA
1;23;0;0,007;228;NA;NA
36;23.84;1.69;0,012;228;NA;NA
16;23.5;1.21;0,02;228;NA;NA
98;23.26;1.44;0,021;228;NA;NA
43;23.94;1.44;0,023;228;NA;NA
20;23.43;3.61;0,026;228;NA;NA
63;24.76;2.25;0,035;228;NA;NA
11;9.92;0.81;0;227;NA;NA
1;10;0;0,007;227;NA;NA
36;9.97;0.49;0,012;227;NA;NA
16;10.06;0.49;0,02;227;NA;NA
98;9.77;0.81;0,021;227;NA;NA
43;9.89;0.49;0,023;227;NA;NA
20;9.71;1.21;0,026;227;NA;NA
63;11.16;0.49;0,035;227;NA;NA
11;11;0.81;0;226;NA;NA
1;11;0;0,007;226;NA;NA
36;11.19;0.64;0,012;226;NA;NA
16;10.94;0.81;0,02;226;NA;NA
98;10.95;1;0,021;226;NA;NA
43;11;0.49;0,023;226;NA;NA
20;11;0.49;0,026;226;NA;NA
63;12.9;1.44;0,035;226;NA;NA
11;21.08;1.44;0;225;NA;NA
1;20;0;0,007;225;NA;NA
36;21.54;1.96;0,012;225;NA;NA
16;21.31;1.44;0,02;225;NA;NA
98;21.05;1.44;0,021;225;NA;NA
43;21.22;1.96;0,023;225;NA;NA
20;21.29;1.96;0,026;225;NA;NA
63;22.57;1.96;0,035;225;NA;NA
11;99.33;9.61;0;224;NA;NA
1;95;0;0,007;224;NA;NA
36;99.14;6.76;0,012;224;NA;NA
16;97.38;2.56;0,02;224;NA;NA
98;98.1;6.25;0,021;224;NA;NA
43;97.56;4.84;0,023;224;NA;NA
20;98.05;7.29;0,032;224;NA;NA
63;101.75;12.25;0,035;224;NA;NA
4;0.172621207;0.000153644;0;223;NA;NA
14;0.171614342;0.000252806;1,9;223;NA;NA
8;0.186843443;0.0005807;2,2;223;NA;NA
18;0.172495041;0.000368857;2,8;223;NA;NA
50;0.195847167;0.000561099;3,2;223;NA;NA
12;0.22502086;0.000404933;3,7;223;NA;NA
4;103.4025;29.19529167;0;222;NA;NA
13;103.8561538;21.54225897;1,9;222;NA;NA
8;102.365;41.36231429;2,2;222;NA;NA
18;92.68444444;15.53029673;2,8;222;NA;NA
47;91.14553191;25.52141656;3,2;222;NA;NA
11;86.06909091;21.53526909;3,7;222;NA;NA
4;107.3225;48.648825;0;221;NA;NA
13;107.1392308;39.49399103;1,9;221;NA;NA
8;104.3675;38.92850714;2,2;221;NA;NA
18;100.12;33.23538824;2,8;221;NA;NA
47;102.4391489;24.57937317;3,2;221;NA;NA
11;98.35090909;43.72470909;3,7;221;NA;NA
4;128.5925;44.284025;0;220;NA;NA
13;127.4376923;32.0779359;1,9;220;NA;NA
8;124.45;41.82482857;2,2;220;NA;NA
18;125.8872222;36.3756683;2,8;220;NA;NA
47;130.2165957;23.33376207;3,2;220;NA;NA
11;129.0881818;35.16605636;3,7;220;NA;NA
4;23.5;9.337266667;0;219;NA;NA
13;23.97615385;9.036858974;1,9;219;NA;NA
8;24.44375;12.73562679;2,2;219;NA;NA
18;23.44111111;6.439186928;2,8;219;NA;NA
47;21.55446809;6.084446994;3,2;219;NA;NA
11;22.43909091;13.72968909;3,7;219;NA;NA
4;1.280096148;0.00076031;0;218;NA;NA
14;1.288205188;0.002380982;1,9;218;NA;NA
8;1.291602888;0.005621706;2,2;218;NA;NA
18;1.175963232;0.00362359;2,8;218;NA;NA
50;1.113822706;0.001971005;3,2;218;NA;NA
12;0.97938491;0.002717723;3,7;218;NA;NA
4;2.33650331119751;0.0247660014936597;0;217;NA;NA
14;2.94751694421036;0.00737084436148636;1,9;217;NA;NA
8;3.02880431461418;0.0159444076200545;2,2;217;NA;NA
18;3.18630671847221;0.0147312789144609;2,8;217;NA;NA
50;3.29354535360522;0.00705268871449543;3,2;217;NA;NA
12;3.67103366096835;0.00923196677551556;3,7;217;NA;NA
24;2.68977307607554;0.0141552676795709;0;216;NA;NA
22;2.7484357368682;0.00656743011826665;0,200000000000001;216;NA;NA
37;3.12990872826872;0.00839267433039519;1,4;216;NA;NA
19;3.7087207804162;0.00969398689811015;2,1;216;NA;NA
7;3.64597195310266;0.0142006369080177;2,4;216;NA;NA
6;4.0821313953639;0.0206342398303556;3;216;NA;NA
4;4.00656015925214;0.00573589971593492;3,4;216;NA;NA
3;4.1678015288153;0.000419748873630188;3,9;216;NA;NA
24;0.15882457;0.000408645;0;215;NA;NA
22;0.155398852;0.000426878;0,200000000000001;215;NA;NA
37;0.213527118;0.000620084;1,4;215;NA;NA
19;0.196881121;0.000487426;2,1;215;NA;NA
7;0.220318532;0.000805675;2,4;215;NA;NA
6;0.226249259;0.000819205;3;215;NA;NA
4;0.256909243;0.000752044;3,4;215;NA;NA
3;0.258682184;0.000168056;3,9;215;NA;NA
24;1.287475232;0.002368969;0;214;NA;NA
22;1.263712514;0.001858588;0,200000000000001;214;NA;NA
37;1.198402628;0.002372789;1,4;214;NA;NA
19;1.132736357;0.00300482;2,1;214;NA;NA
7;1.206274186;0.001381569;2,4;214;NA;NA
6;1.183562395;0.00446905;3;214;NA;NA
4;1.167628498;0.002995924;3,4;214;NA;NA
3;1.127144993;0.000678886;3,9;214;NA;NA
24;0.032822824;0.000501909;0;213;NA;NA
22;0.03521805;0.000217987;0,200000000000001;213;NA;NA
37;0.038006834;0.000371448;1,4;213;NA;NA
19;0.067700371;0.000348856;2,1;213;NA;NA
7;0.071921469;0.0002173;2,4;213;NA;NA
6;0.103658561;0.00112262;3;213;NA;NA
4;0.105567275;0.00015531;3,4;213;NA;NA
3;0.126767141;3.52809e-05;3,9;213;NA;NA
4;0.031179346;0.000290046;0;212;NA;NA
14;0.014562041;0.000441154;1,9;212;NA;NA
8;0.019926385;0.000343112;2,2;212;NA;NA
18;0.05464812;0.000234535;2,8;212;NA;NA
50;0.059141198;0.000282578;3,2;212;NA;NA
12;0.028384293;0.00062819;3,7;212;NA;NA
4;125.9075;9.305025;0;211;NA;NA
14;127.0871429;13.81268352;1,9;211;NA;NA
8;126.01125;31.56026964;2,2;211;NA;NA
18;114.0355556;14.88323791;2,8;211;NA;NA
50;109.597;24.10027041;3,2;211;NA;NA
12;104.5558333;20.1120447;3,7;211;NA;NA
4;89.4;5.61;0;201;NA;NA
3;89.6;6.03;0,014;201;NA;NA
38;87.9;7.7;0,017;201;NA;NA
19;87.9;6.39;0,019;201;NA;NA
7;86.8;4.4;0,024;201;NA;NA
4;90.2;13.5;0,026;201;NA;NA
7;12.4;1.6384;0;200;NA;NA
12;12.8;1.0816;0,006;200;NA;NA
6;13.3;0.8649;0,009;200;NA;NA
22;12.1;1.3689;0,014;200;NA;NA
10;11.7;1.44;0,017;200;NA;NA
122;12.6;1.7161;0,019;200;NA;NA
17;12.5;1.6384;0,024;200;NA;NA
4;12.9;1.9044;0,026;200;NA;NA
4;7.5;0.34;0;198;NA;NA
3;7.2;0.23;0,014;198;NA;NA
38;7.3;0.28;0,017;198;NA;NA
21;7.5;2.76;0,019;198;NA;NA
7;7.1;0.27;0,024;198;NA;NA
4;7.1;0.07;0,026;198;NA;NA
4;5.2;0.2;0;197;NA;NA
3;5.4;0.04;0,014;197;NA;NA
38;5.3;0.21;0,017;197;NA;NA
21;5.2;0.11;0,019;197;NA;NA
7;5.1;0.16;0,024;197;NA;NA
4;4.9;0.37;0,026;197;NA;NA
4;4.8;0.18;0;196;NA;NA
3;4.7;0.01;0,014;196;NA;NA
38;4.4;0.15;0,017;196;NA;NA
21;4.4;0.25;0,019;196;NA;NA
7;4.3;0.22;0,024;196;NA;NA
4;4.4;0.1;0,026;196;NA;NA
4;14.3;0.37;0;195;NA;NA
3;14.4;0.16;0,014;195;NA;NA
38;14;0.48;0,017;195;NA;NA
20;14.1;0.73;0,019;195;NA;NA
7;13.9;0.18;0,024;195;NA;NA
4;14.2;0.24;0,026;195;NA;NA
4;8.7;0.15;0;194;NA;NA
3;9.1;0.19;0,014;194;NA;NA
38;8.5;0.74;0,017;194;NA;NA
20;8.3;0.91;0,019;194;NA;NA
7;8;0.63;0,024;194;NA;NA
4;8.4;0.38;0,026;194;NA;NA
7;134.3;91.5849;0;193;NA;NA
12;126.9;202.2084;0,006;193;NA;NA
6;136.7;65.1249;0,009;193;NA;NA
22;132.3;132.4801;0,014;193;NA;NA
10;122.4;163.5841;0,017;193;NA;NA
122;143.3;16;0,019;193;NA;NA
17;141.1;337.0896;0,024;193;NA;NA
4;139.4;239.6304;0,026;193;NA;NA
4;8.3;0.7744;0;192;NA;NA
7;7.5;0.5476;0,006;192;NA;NA
12;8;0.6084;0,009;192;NA;NA
6;8.3;0.3844;0,014;192;NA;NA
10;7.3;0.5476;0,017;192;NA;NA
122;7.8;0.7921;0,019;192;NA;NA
17;7.8;0.9409;0,024;192;NA;NA
4;7.8;1.0609;0,026;192;NA;NA
22;0.97509;0.006557765;0;191;NA;NA
14;0.91028;0.006129979;0,329999999999998;191;NA;NA
20;1.0207;0.016709981;0,5;191;NA;NA
11;0.94633;0.0031566;0,519999999999996;191;NA;NA
15;1.0195;0.006574113;0,579999999999998;191;NA;NA
25;0.95334;0.008043848;0,939999999999998;191;NA;NA
25;0.99192;0.012006681;1;191;NA;NA
19;0.92819;0.007051664;1,05;191;NA;NA
20;0.94031;0.0069192;1,23;191;NA;NA
9;0.9337;0.008403847;1,27;191;NA;NA
12;1.0108;0.010492619;1,31999999999999;191;NA;NA
22;1.0015;0.009628221;1,34999999999999;191;NA;NA
25;0.9431;0.008342539;1,38;191;NA;NA
25;0.95378;0.010601276;1,44;191;NA;NA
25;1.0615;0.017226563;1,53999999999999;191;NA;NA
25;0.94083;0.011653203;1,81999999999999;191;NA;NA
25;0.94918;0.007750601;2,25;191;NA;NA
21;0.96117;0.008905072;2,28;191;NA;NA
25;0.95323;0.010946391;2,31999999999999;191;NA;NA
25;0.96124;0.006621891;2,34999999999999;191;NA;NA
21;1.0091;0.010718842;2,36;191;NA;NA
17;1.041;0.007448882;2,39;191;NA;NA
21;0.97195;0.008896425;2,45999999999999;191;NA;NA
25;1.0092;0.010601276;2,53;191;NA;NA
16;1.0253;0.007002342;2,67999999999999;191;NA;NA
10;1.0467;0.007237445;2,88;191;NA;NA
12;1.0244;0.004450216;3,13;191;NA;NA
19;1.0523;0.015511367;3,17999999999999;191;NA;NA
22;1.0259;0.025263978;3,33;191;NA;NA
22;0.97949;0.003521887;0;190;NA;NA
14;0.93179;0.00249605;0,324999999999989;190;NA;NA
20;0.94377;0.006049981;0,492999999999995;190;NA;NA
11;0.92621;0.000627858;0,526999999999987;190;NA;NA
15;0.98455;0.003193022;0,581999999999994;190;NA;NA
25;0.96566;0.004000563;0,933999999999997;190;NA;NA
25;0.93545;0.018540226;0,98599999999999;190;NA;NA
19;0.95655;0.001972886;1,03899999999999;190;NA;NA
20;0.9594;0.006295926;1,19799999999999;190;NA;NA
9;0.9552;0.001689827;1,26799999999999;190;NA;NA
12;0.86596;0.01792587;1,31899999999999;190;NA;NA
22;0.99526;0.00243938;1,32199999999999;190;NA;NA
25;1.0416;0.002081641;1,32299999999999;190;NA;NA
25;0.89901;0.007869908;1,38999999999999;190;NA;NA
25;1.0206;0.007858823;1,54299999999999;190;NA;NA
25;0.93565;0.00950625;1,83199999999999;190;NA;NA
25;0.96808;0.004455563;2,255;190;NA;NA
21;0.96387;0.005133518;2,28999999999999;190;NA;NA
25;0.99269;0.013862119;2,33499999999999;190;NA;NA
25;0.91469;0.00241941;2,342;190;NA;NA
21;0.98075;0.004363637;2,36999999999999;190;NA;NA
17;0.99622;0.002424596;2,40599999999999;190;NA;NA
21;0.99834;0.004688844;2,458;190;NA;NA
25;1.0138;0.006953475;2,52099999999999;190;NA;NA
16;1.0124;0.002348372;2,63499999999999;190;NA;NA
10;0.99282;0.004595664;2,88999999999999;190;NA;NA
12;1.0238;0.003776491;3,041;190;NA;NA
19;1.0842;0.008579688;3,095;190;NA;NA
22;1.0737;0.012937375;3,34999999999999;190;NA;NA
22;10.181;1.909685594;0;189;NA;NA
14;11.088;1.96875;0,349000000000004;189;NA;NA
20;9.0596;1.632775513;0,52300000000001;189;NA;NA
11;10.881;1.334058688;0,52300000000001;189;NA;NA
15;11.063;1.224795938;0,600999999999999;189;NA;NA
25;10.757;1.455039063;0,966999999999999;189;NA;NA
25;10.187;2.304703516;1,00200000000001;189;NA;NA
19;9.5103;1.751863128;1,054;189;NA;NA
20;10.054;1.25;1,245;189;NA;NA
9;9.3415;0.73462041;1,289;189;NA;NA
12;9.164;2.68645107;1,31500000000001;189;NA;NA
22;8.6301;1.474927424;1,35900000000001;189;NA;NA
25;9.4176;2.302047563;1,402;189;NA;NA
25;8.813;0.510153062;1,46300000000001;189;NA;NA
25;9.3885;1.5625;1,55900000000001;189;NA;NA
25;8.6512;3.684960141;1,864;189;NA;NA
25;8.4561;0.87890625;2,3249;189;NA;NA
21;9.6347;1.824428813;2,325;189;NA;NA
25;7.6365;0.797225766;2,366;189;NA;NA
25;8.5651;1.245456;2,367;189;NA;NA
21;9.8508;1.823500468;2,36800000000001;189;NA;NA
17;12.208;0.654739063;2,378;189;NA;NA
21;8.854;1.220460268;2,447;189;NA;NA
25;8.3573;0.87890625;2,52600000000001;189;NA;NA
16;9.4706;0.92910321;2,67400000000001;189;NA;NA
10;8.624;1.340109056;2,926;189;NA;NA
12;7.4873;0.64672347;3,074;189;NA;NA
19;7.8463;0.801203828;3,11800000000001;189;NA;NA
22;8.4282;0.927935594;3,37;189;NA;NA
22;32.755;5.744662;0;188;NA;NA
14;33.394;3.914071875;0,177999999999997;188;NA;NA
20;33.747;27.05138;0,203000000000003;188;NA;NA
11;31.422;3.495954688;0,253;188;NA;NA
15;34.319;3.65313375;0,575000000000003;188;NA;NA
25;31.501;4.85100625;0,625;188;NA;NA
25;31.291;5.658451563;0,674999999999997;188;NA;NA
19;31.786;3.120323688;0,751000000000005;188;NA;NA
20;29.533;2.24115125;0,852000000000004;188;NA;NA
9;29.676;3.423425063;0,936000000000007;188;NA;NA
12;29.183;1.64502075;0,969999999999999;188;NA;NA
22;31.439;5.744662;0,987000000000009;188;NA;NA
25;34.33;7.459726563;1,01400000000001;188;NA;NA
25;28.128;15.721225;1,063;188;NA;NA
25;28.771;6.989414063;1,44200000000001;188;NA;NA
25;32.869;4.105689063;1,86500000000001;188;NA;NA
25;27.584;7.459726562;1,88900000000001;188;NA;NA
21;29.135;2.878786312;1,91500000000001;188;NA;NA
25;30.686;5.658451562;1,941;188;NA;NA
25;30.264;1.9881;1,96600000000001;188;NA;NA
21;23.428;3.757509;2,006;188;NA;NA
17;29.349;2.791868563;2,042;188;NA;NA
21;29.21;2.113598813;2,10900000000001;188;NA;NA
25;28.012;4.85100625;2,143;188;NA;NA
16;31.679;2.4025;2,22;188;NA;NA
10;30.345;2.795765625;2,43900000000001;188;NA;NA
12;27.74;3.35491875;2,556;188;NA;NA
19;28.87;3.399651;2,63200000000001;188;NA;NA
22;29.862;3.613006375;2,87700000000001;188;NA;NA
4;6.83496;0.019810563;0;187;NA;NA
3;7.42627;0.0245569;0,11188;187;NA;NA
1;6.85501;0;0,21548;187;NA;NA
5;6.7207;0.085404448;2,51447;187;NA;NA
2;7.59772;0.147352478;2,62585;187;NA;NA
7;8.12351;0.0511168;4,92371;187;NA;NA
1;10.4804;0;6,3051;187;NA;NA
30;11.3581;0.615748438;6,837235;187;NA;NA
1;12.166;0;6,907689;187;NA;NA
13;11.0927;0.173760485;7,227657;187;NA;NA
7;46.538;10.08380025;0;186;NA;NA
7;47.006;9.42797025;0,173999999999999;186;NA;NA
6;44.304;2.119936;0,25;186;NA;NA
25;41.661;10.686361;0,344999999999999;186;NA;NA
10;41.427;2.719201;0,454999999999998;186;NA;NA
7;42.55;2.383936;0,680999999999997;186;NA;NA
6;40.959;2.365444;0,775999999999996;186;NA;NA
11;41.392;6.325225;0,898999999999994;186;NA;NA
8;38.433;6.235009;1,064;186;NA;NA
6;38.386;6.411024;1,30099999999999;186;NA;NA
18;7.2;1.44;0;185;NA;NA
23;8.2;1.69;1,65;185;NA;NA
21;7.2;2.56;3,39;185;NA;NA
13;7.5;3.61;3,83;185;NA;NA
50;5.8;1.69;4,61;185;NA;NA
18;6;1.69;5,26;185;NA;NA
15;6.3;2.56;5,65;185;NA;NA
24;5.4;3.24;5,91;185;NA;NA
61;71.5;10.89;0;184;NA;NA
39;72.8;7.29;0,43;184;NA;NA
21;69.4;27.04;0,87;184;NA;NA
25;71.8;15.21;1,65;184;NA;NA
44;66.4;31.36;2,3;184;NA;NA
61;61.4;23.04;2,69;184;NA;NA
50;66;38.44;2,95;184;NA;NA
5;4.2;0.36;0;183;NA;NA
20;4.4;1.44;0,35;183;NA;NA
39;4.5;0.64;0,78;183;NA;NA
21;4;1;1,22;183;NA;NA
25;5.2;0.64;2;183;NA;NA
44;3.8;0.64;2,65;183;NA;NA
61;4;0.49;3,04;183;NA;NA
51;4.2;0.64;3,3;183;NA;NA
59;4.5;0.81;3,65;183;NA;NA
16;15.623;0.649636;0;182;NA;NA
98;16.122;0.727609;1,25;182;NA;NA
15;16.467;0.065536;1,35;182;NA;NA
47;15.723;0.595984;1,65;182;NA;NA
17;15.294;0.470596;2,65;182;NA;NA
106;15.264;0.633616;3;182;NA;NA
166;14.976;0.521284;3,13;182;NA;NA
125;14.64;0.538756;3,21;182;NA;NA
200;15.095;0.619369;3,497;182;NA;NA
6;114.3503333;716.2728327;0;181;NA;NA
21;106.2954762;442.8721131;0,2555;181;NA;NA
15;113.9624;243.3583007;0,4465;181;NA;NA
21;122.214381;573.4902545;0,638;181;NA;NA
13;136.5512308;864.570133;1,021;181;NA;NA
19;121.7062105;288.0283217;1,532;181;NA;NA
11;156.1627273;1435.655482;3,798;181;NA;NA
8;143.675;242.5900286;3,8615;181;NA;NA
6;238.2033333;1692.686787;0;180;NA;NA
21;230.072381;2183.990529;0,2555;180;NA;NA
15;250.45;367.3907571;0,4465;180;NA;NA
21;262.2438095;2170.878745;0,638;180;NA;NA
13;302.27;3553.377917;1,021;180;NA;NA
19;259.6263158;3004.443991;1,532;180;NA;NA
11;283.3881818;3115.765796;3,798;180;NA;NA
8;296.9225;1632.63805;3,8615;180;NA;NA
21;170.72;566.58142;0;179;NA;NA
23;193.9604348;1269.704886;0,168258064516129;179;NA;NA
19;243.2973684;2147.397498;1,164;179;NA;NA
22;180.6366818;3770.538468;1,29032258064516;179;NA;NA
18;189.3988889;1712.833222;1,40245161290323;179;NA;NA
29;225.3393103;2076.601985;1,59883870967742;179;NA;NA
24;195.3175833;3824.183101;1,71109677419355;179;NA;NA
32;208.36125;818.1108113;1,99148387096774;179;NA;NA
21;338.0847619;2494.377746;0;178;NA;NA
23;377.946087;3282.02357;0,168258064516129;178;NA;NA
19;431.6015789;3375.714358;1,164;178;NA;NA
21;327.2590476;11805.001;1,29032258064516;178;NA;NA
21;373.1247619;4477.169256;1,40245161290323;178;NA;NA
29;418.2882759;6128.560893;1,59883870967742;178;NA;NA
24;373.7933333;16315.3305;1,71109677419355;178;NA;NA
31;381.2532258;3340.399136;1,99148387096774;178;NA;NA
14;3.5352;0.007449974;0;177;NA;NA
35;3.548245714;0.005995741;0,0545571433333331;177;NA;NA
27;3.496255556;0.008203076;0,113880953333333;177;NA;NA
25;3.503388;0.007980899;0,16782762;177;NA;NA
18;3.544922222;0.004695761;0,279751323333333;177;NA;NA
9;3.580511111;0.007013134;0,33606614;177;NA;NA
13;3.527561538;0.011209464;0,391624543333333;177;NA;NA
36;3.55035;0.005581346;0,498103176666667;177;NA;NA
22;3.572172727;0.006443969;0,614365803333333;177;NA;NA
22;3.588731818;0.007398953;0,72644156;177;NA;NA
7;3.5595;0.008112423;0,779928573333333;177;NA;NA
7;3.507171429;0.005903066;0,838309523333333;177;NA;NA
7;3.513828571;0.009125959;0,890309523333334;177;NA;NA
11;3.541390909;0.003716591;1,00118398333333;177;NA;NA
9;3.6639;0.001525217;1,00695502666667;177;NA;NA
21;3.604052381;0.010390504;1,06153174666667;177;NA;NA
6;3.64985;0.002204991;1,11465873;177;NA;NA
11;3.572181818;0.002146862;1,16654762;177;NA;NA
10;3.5607;0.00457638;1,22254762;177;NA;NA
9;3.636988889;0.010397284;1,33465873;177;NA;NA
6;222.167;53.767;0;176;NA;NA
4;211.25;86.917;0,003;176;NA;NA
15;210.933;52.495;0,005;176;NA;NA
24;205.333;60.406;0,006;176;NA;NA
6;199.5;62.3;0,009;176;NA;NA
10;197.8;34.4;0,011;176;NA;NA
10;195.9;16.544;0,013;176;NA;NA
2;0.3524;1.15200000000001e-05;0;175;NA;NA
1;0.3264;0;0,2;175;NA;NA
1;0.3025;0;0,65;175;NA;NA
2;0.3361;0.00746642;0,7;175;NA;NA
2;0.3873;1.45799999999998e-05;0,75;175;NA;NA
2;0.387;0.000208080000000001;0,8;175;NA;NA
3;0.4036;0.000109;0,85;175;NA;NA
25;0.414704;0.00673534206666667;1,5;175;NA;NA
5;0.33104;0.007189133;1,55;175;NA;NA
1;0.35;0;1,6;175;NA;NA
3;0.439;0.000362999999999999;1,65;175;NA;NA
1;0.382;0;1,75;175;NA;NA
2;0.35625;1.0125e-05;2,1;175;NA;NA
1;0.3735;0;2,4;175;NA;NA
1;0.4185;0;2,45;175;NA;NA
2;0.40315;0.000471245;2,55;175;NA;NA
1;0.3058;0;2,6;175;NA;NA
7;0.333828571428571;0.00364155238095238;3;175;NA;NA
5;0.42292;0.006271492;4,65;175;NA;NA
1;0.32;0;4,7;175;NA;NA
2;0.119;2e-06;0;174;NA;NA
1;0.118;0;0,2;174;NA;NA
1;0.11;0;0,65;174;NA;NA
2;0.121;2e-06;0,7;174;NA;NA
2;0.121;2e-06;0,75;174;NA;NA
2;0.109;1.8e-05;0,8;174;NA;NA
3;0.121333333;1.73e-05;0,85;174;NA;NA
25;0.12044;1.58e-05;1,5;174;NA;NA
5;0.1204;1.28e-05;1,55;174;NA;NA
1;0.12;0;1,6;174;NA;NA
3;0.12;0;1,65;174;NA;NA
1;0.11;0;1,75;174;NA;NA
2;0.1225;0.0001125;2,1;174;NA;NA
1;0.1125;0;2,4;174;NA;NA
1;0.11;0;2,45;174;NA;NA
2;0.113;1.8e-05;2,55;174;NA;NA
1;0.104;0;2,6;174;NA;NA
7;0.114142857;5.75e-05;3;174;NA;NA
5;0.118;3.8e-05;4,65;174;NA;NA
1;0.114;0;4,7;174;NA;NA
2;0.317;0.000338;0;173;NA;NA
1;0.292;0;0,2;173;NA;NA
1;0.34;0;0,65;173;NA;NA
2;0.307;1.8e-05;0,7;173;NA;NA
2;0.336;7.2e-05;0,75;173;NA;NA
2;0.335;0.000338;0,8;173;NA;NA
3;0.339333333;0.000101333;0,85;173;NA;NA
25;0.35088;0.000841277;1,5;173;NA;NA
5;0.36;0.001706;1,55;173;NA;NA
1;0.34;0;1,6;173;NA;NA
3;0.333333333;0.000308333;1,65;173;NA;NA
1;0.38;0;1,75;173;NA;NA
2;0.3475;1.25e-05;2,1;173;NA;NA
1;0.325;0;2,4;173;NA;NA
1;0.4;0;2,45;173;NA;NA
2;0.3235;0.0009245;2,55;173;NA;NA
1;0.352;0;2,6;173;NA;NA
7;0.347714286;0.000688571;3;173;NA;NA
5;0.3502;0.0014412;4,65;173;NA;NA
1;0.3;0;4,7;173;NA;NA
10;0.47863;0.003531849;0;172;NA;NA
12;0.572641666666667;0.00343216810606061;0,0999999999999996;172;NA;NA
23;0.482478260869565;0.00528219450592885;0,2;172;NA;NA
14;0.490430952380952;0.00590898110500611;0,25;172;NA;NA
7;0.551657142857143;0.00751679952380953;0,3;172;NA;NA
1;0.625;0;0,35;172;NA;NA
10;0.5521;0.0135191911111111;0,4;172;NA;NA
1;0.4835;0;0,55;172;NA;NA
2;0.5032;4.608e-05;0,6;172;NA;NA
2;0.61585;0.019740845;0,7;172;NA;NA
5;0.5329;0.02831955;0,75;172;NA;NA
2;0.5697;0.04518018;0,8;172;NA;NA
1;0.7124;0;0,85;172;NA;NA
1;0.3794;0;1,1;172;NA;NA
2;0.53325;0.000561125000000003;1,5;172;NA;NA
1;0.55;0;1,55;172;NA;NA
10;1.28415;0.00792074944444444;0;171;NA;NA
12;1.318175;0.0106504420454545;0,0999999999999996;171;NA;NA
23;1.28310869565217;0.00656467083003953;0,2;171;NA;NA
14;1.27034047619048;0.00520510498778999;0,25;171;NA;NA
7;1.2768;0.00537273000000001;0,3;171;NA;NA
1;1.25;0;0,35;171;NA;NA
10;1.30949;0.00364078988888889;0,4;171;NA;NA
1;1.417;0;0,55;171;NA;NA
2;1.3654;0.00658952;0,6;171;NA;NA
2;1.32845;5.10049999999977e-05;0,7;171;NA;NA
5;1.27528;0.004844892;0,75;171;NA;NA
2;1.3151;0.01283202;0,8;171;NA;NA
1;1.3516;0;0,85;171;NA;NA
1;0.9722;0;1,1;171;NA;NA
2;1.18775;0.000861124999999995;1,5;171;NA;NA
1;1.167;0;1,55;171;NA;NA
10;0.90042;0.003360144;0;170;NA;NA
12;0.862816666666667;0.00292206696969697;0,0999999999999996;170;NA;NA
23;0.8659;0.0037035980952381;0,2;170;NA;NA
14;0.895576190476191;0.00430385819291819;0,25;170;NA;NA
7;0.824183333333333;0.0378941296666667;0,3;170;NA;NA
1;0.92;0;0,35;170;NA;NA
10;0.87519;0.00398910322222222;0,4;170;NA;NA
1;0.882;0;0,55;170;NA;NA
2;0.92805;0.001854405;0,6;170;NA;NA
2;0.90945;0.001573605;0,7;170;NA;NA
5;0.8816;0.000500924999999999;0,75;170;NA;NA
2;0.8674;0.01364552;0,8;170;NA;NA
1;0.8878;0;0,85;170;NA;NA
1;0.8986;0;1,1;170;NA;NA
2;0.84725;0.000378124999999999;1,5;170;NA;NA
1;0.775;0;1,55;170;NA;NA
10;2.25783;0.022655829;0;169;NA;NA
12;2.29650833333333;0.0828686317424242;0,0999999999999996;169;NA;NA
23;2.24229130434783;0.0906631853754941;0,2;169;NA;NA
14;2.15264761904762;0.0394486076434676;0,25;169;NA;NA
7;2.18345714285714;0.0540421995238095;0,3;169;NA;NA
1;1.9775;0;0,35;169;NA;NA
10;2.19556;0.0299766915555556;0,4;169;NA;NA
1;2.4565;0;0,55;169;NA;NA
2;2.57525;0.169071125;0,6;169;NA;NA
2;2.27135;0.105938045;0,7;169;NA;NA
5;1.89196;0.066225633;0,75;169;NA;NA
2;1.9182;0.00187272000000001;0,8;169;NA;NA
1;1.9298;0;0,85;169;NA;NA
1;2.2896;0;1,1;169;NA;NA
2;2.12375;0.00702112500000001;1,5;169;NA;NA
1;2.339;0;1,55;169;NA;NA
10;0.1098;0.000281511111111111;0;168;NA;NA
12;0.104;0.000219272727272727;0,0999999999999996;168;NA;NA
23;0.102863636363636;0.000134028138528139;0,2;168;NA;NA
14;0.110880952380952;0.000116865079365079;0,25;168;NA;NA
7;0.0863333333333333;0.000126666666666667;0,3;168;NA;NA
1;0.125;0;0,35;168;NA;NA
10;0.0951;9.94333333333334e-05;0,4;168;NA;NA
1;0.085;0;0,55;168;NA;NA
2;0.137;0.000578;0,6;168;NA;NA
2;0.09;2e-04;0,7;168;NA;NA
5;0.1042;8.92e-05;0,75;168;NA;NA
2;0.108;0.0018;0,8;168;NA;NA
1;0.094;0;0,85;168;NA;NA
1;0.0914;0;1,1;168;NA;NA
2;0.1125;0.0001125;1,5;168;NA;NA
1;0.11;0;1,55;168;NA;NA
10;0.0989;0.000338322222222222;0;167;NA;NA
12;0.0895;0.000202454545454545;0,0999999999999996;167;NA;NA
23;0.0889090909090909;0.000141800865800866;0,2;167;NA;NA
14;0.0995;0.000200884615384615;0,25;167;NA;NA
7;0.0764;7.62999999999999e-05;0,3;167;NA;NA
1;0.115;0;0,35;167;NA;NA
10;0.0827;4.24555555555555e-05;0,4;167;NA;NA
1;0.075;0;0,55;167;NA;NA
2;0.1265;0.0002645;0,6;167;NA;NA
2;0.0815;8.44999999999998e-05;0,7;167;NA;NA
5;0.092;8.25e-05;0,75;167;NA;NA
2;0.091;0.000578;0,8;167;NA;NA
1;0.082;0;0,85;167;NA;NA
1;0.0824;0;1,1;167;NA;NA
2;0.095;5.00000000000001e-05;1,5;167;NA;NA
1;0.085;0;1,55;167;NA;NA
10;0.0579;6.32822222222222e-05;0;166;NA;NA
12;0.0695583333333333;7.60608333333333e-05;0,0999999999999996;166;NA;NA
23;0.0596652173913043;0.000108906007905138;0,2;166;NA;NA
14;0.0607190476190476;7.58045665445665e-05;0,25;166;NA;NA
7;0.0663857142857143;0.000100008095238095;0,3;166;NA;NA
1;0.075;0;0,35;166;NA;NA
10;0.06672;0.000228241777777778;0,4;166;NA;NA
1;0.058;0;0,55;166;NA;NA
2;0.0604;6.272e-05;0,6;166;NA;NA
2;0.0775;0.0004805;0,7;166;NA;NA
5;0.06686;0.000455888;0,75;166;NA;NA
2;0.0673;0.0008405;0,8;166;NA;NA
1;0.0896;0;0,85;166;NA;NA
1;0.053;0;1,1;166;NA;NA
2;0.064;8.00000000000001e-06;1,5;166;NA;NA
1;0.066;0;1,55;166;NA;NA
10;0.1554;0.000163377777777778;0;165;NA;NA
12;0.15975;0.000159477272727273;0,0999999999999996;165;NA;NA
23;0.158086956521739;8.26284584980238e-05;0,2;165;NA;NA
14;0.157428571428571;3.08791208791209e-05;0,25;165;NA;NA
7;0.153857142857143;0.000182476190476191;0,3;165;NA;NA
1;0.15;0;0,35;165;NA;NA
10;0.1579;9.49888888888888e-05;0,4;165;NA;NA
1;0.17;0;0,55;165;NA;NA
2;0.163;9.80000000000002e-05;0,6;165;NA;NA
2;0.166;7.20000000000001e-05;0,7;165;NA;NA
5;0.1596;0.0001148;0,75;165;NA;NA
2;0.154;0.000512;0,8;165;NA;NA
1;0.17;0;0,85;165;NA;NA
1;0.1348;0;1,1;165;NA;NA
2;0.1425;1.25e-05;1,5;165;NA;NA
1;0.14;0;1,55;165;NA;NA
2;1.2688;0.00824328000000001;0;164;NA;NA
1;1.3242;0;0,2;164;NA;NA
1;1.325;0;0,65;164;NA;NA
2;1.28275;0.00515112499999999;0,7;164;NA;NA
2;1.3153;0.00240818000000001;0,75;164;NA;NA
2;1.2258;0.012168;0,8;164;NA;NA
3;1.23666666666667;0.00351745333333334;0,85;164;NA;NA
25;1.373368;0.00490747643333334;1,5;164;NA;NA
5;1.29006;0.008713938;1,55;164;NA;NA
1;1.375;0;1,6;164;NA;NA
3;1.389;0.002352;1,65;164;NA;NA
1;1.545;0;1,75;164;NA;NA
2;1.3075;5.00000000000112e-07;2,1;164;NA;NA
1;1.3795;0;2,4;164;NA;NA
1;1.364;0;2,45;164;NA;NA
2;1.36085;0.00473364499999999;2,55;164;NA;NA
1;1.4438;0;2,6;164;NA;NA
7;1.33382857142857;0.00782563238095239;3;164;NA;NA
5;1.34736;0.00936389299999999;4,65;164;NA;NA
1;1.3002;0;4,7;164;NA;NA
10;0.6974;0.00272915555555556;0;163;NA;NA
12;0.725316666666667;0.00447360333333333;0,0999999999999996;163;NA;NA
23;0.719086956521739;0.00548871936758893;0,2;163;NA;NA
14;0.68747619047619;0.00206809768009768;0,25;163;NA;NA
7;0.668714285714286;0.0042082380952381;0,3;163;NA;NA
1;0.78;0;0,35;163;NA;NA
10;0.6729;0.0015221;0,4;163;NA;NA
1;0.88;0;0,55;163;NA;NA
2;0.903;0.001058;0,6;163;NA;NA
2;0.6865;0.0029645;0,7;163;NA;NA
5;0.65;0.00319999999999999;0,75;163;NA;NA
2;0.598;0.0032;0,8;163;NA;NA
1;0.712;0;0,85;163;NA;NA
1;0.7708;0;1,1;163;NA;NA
2;0.6575;1.25e-05;1,5;163;NA;NA
1;0.69;0;1,55;163;NA;NA
10;0.1212;3.19555555555556e-05;0;162;NA;NA
12;0.121583333333333;8.1719696969697e-05;0,0999999999999996;162;NA;NA
23;0.123478260869565;4.22608695652175e-05;0,2;162;NA;NA
14;0.124238095238095;2.92039072039072e-05;0,25;162;NA;NA
7;0.120428571428571;2.06190476190476e-05;0,3;162;NA;NA
1;0.12;0;0,35;162;NA;NA
10;0.1206;1.80444444444445e-05;0,4;162;NA;NA
1;0.12;0;0,55;162;NA;NA
2;0.12;2e-04;0,6;162;NA;NA
2;0.125;5.00000000000001e-05;0,7;162;NA;NA
5;0.1252;2.52e-05;0,75;162;NA;NA
2;0.117;4.99999999999999e-05;0,8;162;NA;NA
1;0.126;0;0,85;162;NA;NA
1;0.139;0;1,1;162;NA;NA
2;0.12;0;1,5;162;NA;NA
1;0.12;0;1,55;162;NA;NA
10;0.3104;0.000412488888888889;0;161;NA;NA
12;0.318583333333333;0.000736628787878788;0,0999999999999996;161;NA;NA
23;0.323478260869565;0.000846351778656127;0,2;161;NA;NA
14;0.321142857142857;0.000600131868131868;0,25;161;NA;NA
7;0.307571428571429;0.000481285714285714;0,3;161;NA;NA
1;0.395;0;0,35;161;NA;NA
10;0.3085;0.000639166666666667;0,4;161;NA;NA
1;0.36;0;0,55;161;NA;NA
2;0.3545;0.0018605;0,6;161;NA;NA
2;0.304;0.000391999999999999;0,7;161;NA;NA
5;0.3482;0.0019312;0,75;161;NA;NA
2;0.312;0.000512000000000001;0,8;161;NA;NA
1;0.37;0;0,85;161;NA;NA
1;0.337;0;1,1;161;NA;NA
2;0.31;2e-04;1,5;161;NA;NA
1;0.295;0;1,55;161;NA;NA
1;0.136;0;0;160;NA;NA
3;0.135333333333333;0.000241333333333333;0,699999999999999;160;NA;NA
3;0.174666666666667;0.000857333333333333;1,2;160;NA;NA
14;0.155714285714286;0.00127745054945055;1,35;160;NA;NA
1;0.165;0;1,4;160;NA;NA
1;0.09;0;1,45;160;NA;NA
9;0.137;0.00157175;1,5;160;NA;NA
2;0.125;0.000800000000000001;1,6;160;NA;NA
1;0.128;0;1,95;160;NA;NA
2;0.1765;4.50000000000009e-06;2,3;160;NA;NA
1;0.17;0;2,45;160;NA;NA
2;0.159;0.000881999999999999;2,5;160;NA;NA
2;0.153;0.000162;2,55;160;NA;NA
1;0.134;0;3,05;160;NA;NA
4;0.14725;0.00120358333333333;4;160;NA;NA
2;0.1282;6.47999999999997e-06;4,35;160;NA;NA
3;0.092;8.4e-05;0;159;NA;NA
3;0.111333333333333;0.000209333333333333;0,5;159;NA;NA
14;0.100714285714286;0.000126527472527473;0,65;159;NA;NA
1;0.09;0;0,7;159;NA;NA
1;0.08;0;0,75;159;NA;NA
9;0.0891666666666667;0.000314166666666667;0,800000000000001;159;NA;NA
2;0.09;5.00000000000001e-05;0,9;159;NA;NA
1;0.102;0;1,25;159;NA;NA
2;0.116;0.000392;1,6;159;NA;NA
1;0.12;0;1,75;159;NA;NA
2;0.123;0.000578000000000001;1,8;159;NA;NA
2;0.127;2e-06;1,85;159;NA;NA
1;0.108;0;2,35;159;NA;NA
4;0.0913333333333333;0.000265333333333333;3,3;159;NA;NA
2;0.1008;0;3,65;159;NA;NA
1;0.0662;0;0;158;NA;NA
3;0.0688333333333333;4.64333333333334e-06;0,699999999999999;158;NA;NA
3;0.0718666666666667;8.66533333333333e-05;1,2;158;NA;NA
14;0.07245;6.68488461538461e-05;1,35;158;NA;NA
1;0.079;0;1,4;158;NA;NA
1;0.0745;0;1,45;158;NA;NA
9;0.0774666666666667;1.57175e-05;1,5;158;NA;NA
2;0.058;0;1,6;158;NA;NA
1;0.058;0;1,95;158;NA;NA
2;0.0721;0.00039762;2,3;158;NA;NA
1;0.066;0;2,45;158;NA;NA
2;0.0741;3.36200000000001e-05;2,5;158;NA;NA
2;0.0628;2.048e-05;2,55;158;NA;NA
1;0.0664;0;3,05;158;NA;NA
4;0.0767;3.18266666666667e-05;4;158;NA;NA
2;0.072;4.232e-05;4,35;158;NA;NA
1;0.128;0;0;157;NA;NA
3;0.131;6.10000000000001e-05;0,699999999999999;157;NA;NA
3;0.129333333333333;0.000129333333333334;1,2;157;NA;NA
14;0.137357142857143;2.77857142857143e-05;1,35;157;NA;NA
1;0.135;0;1,4;157;NA;NA
1;0.125;0;1,45;157;NA;NA
9;0.137333333333333;8.825e-05;1,5;157;NA;NA
2;0.13;2e-04;1,6;157;NA;NA
1;0.12;0;1,95;157;NA;NA
2;0.128;8.00000000000001e-06;2,3;157;NA;NA
1;0.124;0;2,45;157;NA;NA
2;0.13;7.20000000000001e-05;2,5;157;NA;NA
2;0.128;0.000128;2,55;157;NA;NA
1;0.126;0;3,05;157;NA;NA
4;0.138;3.26666666666667e-05;4;157;NA;NA
2;0.1283;9.80000000000017e-07;4,35;157;NA;NA
1;0.806;0;0;156;NA;NA
3;0.708333333333333;0.00140233333333333;0,699999999999999;156;NA;NA
3;0.798;0.006076;1,2;156;NA;NA
14;0.729214285714286;0.00243402747252747;1,35;156;NA;NA
1;0.695;0;1,4;156;NA;NA
1;0.57;0;1,45;156;NA;NA
9;0.681777777777778;0.00200369444444444;1,5;156;NA;NA
2;0.7025;0.000112499999999999;1,6;156;NA;NA
1;0.59;0;1,95;156;NA;NA
2;0.728;0.013448;2,3;156;NA;NA
1;0.73;0;2,45;156;NA;NA
2;0.732;0.001152;2,5;156;NA;NA
2;0.828;0.000127999999999998;2,55;156;NA;NA
1;0.704;0;3,05;156;NA;NA
4;0.7275;0.00849166666666667;4;156;NA;NA
2;0.7235;0.00675122000000001;4,35;156;NA;NA
1;0.12;0;0;155;NA;NA
3;0.112;1.2e-05;0,699999999999999;155;NA;NA
3;0.122666666666667;2.13333333333334e-05;1,2;155;NA;NA
14;0.1185;2.48846153846154e-05;1,35;155;NA;NA
1;0.12;0;1,4;155;NA;NA
1;0.12;0;1,45;155;NA;NA
9;0.118888888888889;3.21111111111111e-05;1,5;155;NA;NA
2;0.115;4.99999999999999e-05;1,6;155;NA;NA
1;0.108;0;1,95;155;NA;NA
2;0.119;2e-06;2,3;155;NA;NA
1;0.12;0;2,45;155;NA;NA
2;0.116;3.19999999999999e-05;2,5;155;NA;NA
2;0.117;2e-06;2,55;155;NA;NA
1;0.114;0;3,05;155;NA;NA
4;0.12525;5.02500000000001e-05;4;155;NA;NA
2;0.1213;3.36200000000001e-05;4,35;155;NA;NA
1;0.32;0;0;154;NA;NA
3;0.323666666666667;6.03333333333334e-05;0,699999999999999;154;NA;NA
3;0.325333333333333;0.000529333333333333;1,2;154;NA;NA
14;0.337071428571429;0.000308071428571428;1,35;154;NA;NA
1;0.335;0;1,4;154;NA;NA
1;0.32;0;1,45;154;NA;NA
9;0.331777777777778;0.000590944444444444;1,5;154;NA;NA
2;0.33;2e-04;1,6;154;NA;NA
1;0.272;0;1,95;154;NA;NA
2;0.361;0.000162;2,3;154;NA;NA
1;0.306;0;2,45;154;NA;NA
2;0.322;3.20000000000001e-05;2,5;154;NA;NA
2;0.303;0.001058;2,55;154;NA;NA
1;0.31;0;3,05;154;NA;NA
4;0.336;0.00127733333333333;4;154;NA;NA
2;0.2994;1.15200000000001e-05;4,35;154;NA;NA
2;0.9312;0.000403279999999999;0;153;NA;NA
1;0.9378;0;0,2;153;NA;NA
1;0.8585;0;0,65;153;NA;NA
2;0.84765;0.001940645;0,7;153;NA;NA
2;0.8284;0.000706880000000003;0,75;153;NA;NA
2;0.9155;0.00315217999999999;0,8;153;NA;NA
3;0.874466666666667;0.000198013333333333;0,85;153;NA;NA
25;0.75478;0.024803955;1,5;153;NA;NA
5;0.81194;0.052209678;1,55;153;NA;NA
1;0.909;0;1,6;153;NA;NA
3;0.851833333333333;0.00384608333333333;1,65;153;NA;NA
1;0.882;0;1,75;153;NA;NA
2;0.88525;0.005460125;2,1;153;NA;NA
1;0.9045;0;2,4;153;NA;NA
1;0.816;0;2,45;153;NA;NA
2;0.8947;0.000172979999999999;2,55;153;NA;NA
1;0.803;0;2,6;153;NA;NA
7;0.828585714285714;0.00207474809523809;3;153;NA;NA
5;0.72474;0.042933258;4,65;153;NA;NA
1;0.915;0;4,7;153;NA;NA
1;0.552;0;0;152;NA;NA
3;0.616933333333333;0.00142665333333333;0,699999999999999;152;NA;NA
3;0.585;0.00330124;1,2;152;NA;NA
14;0.611071428571429;0.00329231604395604;1,35;152;NA;NA
1;0.6585;0;1,4;152;NA;NA
1;0.621;0;1,45;152;NA;NA
9;0.6534;0.001559705;1,5;152;NA;NA
2;0.505;0.000968000000000002;1,6;152;NA;NA
1;0.5394;0;1,95;152;NA;NA
2;0.607;0.030752;2,3;152;NA;NA
1;0.55;0;2,45;152;NA;NA
2;0.6385;0.000353779999999999;2,5;152;NA;NA
2;0.5371;0.00216482000000001;2,55;152;NA;NA
1;0.584;0;3,05;152;NA;NA
4;0.61375;0.00366491666666667;4;152;NA;NA
2;0.5933;0.000598580000000003;4,35;152;NA;NA
1;1.0684;0;0;151;NA;NA
3;1.17316666666667;0.0108630833333333;0,699999999999999;151;NA;NA
3;1.05346666666667;0.00305605333333334;1,2;151;NA;NA
14;1.16105;0.00189841192307692;1,35;151;NA;NA
1;1.125;0;1,4;151;NA;NA
1;1.0415;0;1,45;151;NA;NA
9;1.15723333333333;0.004548795;1,5;151;NA;NA
2;1.129;0.00288800000000001;1,6;151;NA;NA
1;1.1164;0;1,95;151;NA;NA
2;1.0755;0.000112499999999999;2,3;151;NA;NA
1;1.0332;0;2,45;151;NA;NA
2;1.1243;0.01659842;2,5;151;NA;NA
2;1.0955;0.00698562000000001;2,55;151;NA;NA
1;1.1148;0;3,05;151;NA;NA
4;1.1076;0.0107780066666667;4;151;NA;NA
2;1.062;0.00170528;4,35;151;NA;NA
1;0.6724;0;0;150;NA;NA
3;0.706866666666667;0.00132065333333333;0,699999999999999;150;NA;NA
3;0.664333333333333;0.00222601333333333;1,2;150;NA;NA
14;0.688014285714286;0.0194069382417582;1,35;150;NA;NA
1;0.5555;0;1,4;150;NA;NA
1;0.889;0;1,45;150;NA;NA
9;0.613111111111111;0.0680143886111111;1,5;150;NA;NA
2;0.75675;0.00787512500000001;1,6;150;NA;NA
1;0.7974;0;1,95;150;NA;NA
2;0.65515;0.013894445;2,3;150;NA;NA
1;0.7388;0;2,45;150;NA;NA
2;0.7877;1.80000000000027e-07;2,5;150;NA;NA
2;0.8333;0.00302642;2,55;150;NA;NA
1;0.8146;0;3,05;150;NA;NA
4;0.57955;0.08275001;4;150;NA;NA
2;0.545;0.131072;4,35;150;NA;NA
1;2.5208;0;0;149;NA;NA
3;2.19413333333333;0.0200813733333334;0,699999999999999;149;NA;NA
3;2.45986666666667;0.00441609333333331;1,2;149;NA;NA
14;2.16910714285714;0.0331639960989011;1,35;149;NA;NA
1;2.0745;0;1,4;149;NA;NA
1;1.782;0;1,45;149;NA;NA
9;2.06554444444444;0.0337395352777778;1,5;149;NA;NA
2;2.1325;0.0156645;1,6;149;NA;NA
1;2.1724;0;1,95;149;NA;NA
2;2.0109;0.0613200199999999;2,3;149;NA;NA
1;2.3872;0;2,45;149;NA;NA
2;2.2789;0.00351122000000001;2,5;149;NA;NA
2;2.7519;0.0667585800000001;2,55;149;NA;NA
1;2.2876;0;3,05;149;NA;NA
4;2.1683;0.0423141266666666;4;149;NA;NA
2;2.433;0.05209992;4,35;149;NA;NA
2;0.0725;1.25e-05;0;148;NA;NA
3;0.106;0.000252;0,2;148;NA;NA
3;0.100333333333333;5.37733333333333e-05;0,25;148;NA;NA
16;0.095;0.000104933333333333;0,9;148;NA;NA
4;0.0945;7.3e-05;0,95;148;NA;NA
1;0.085;0;1,75;148;NA;NA
3;0.0753333333333333;4.93333333333333e-05;1,8;148;NA;NA
1;0.07;0;1,9;148;NA;NA
1;0.074;0;2,05;148;NA;NA
1;0.072;0;2,15;148;NA;NA
2;0.0675;0.0001125;0;147;NA;NA
3;0.108;0;0,2;147;NA;NA
3;0.0854666666666667;4.64533333333333e-05;0,25;147;NA;NA
16;0.0823125;5.95625e-05;0,9;147;NA;NA
4;0.085;4.99999999999999e-05;0,95;147;NA;NA
1;0.07;0;1,75;147;NA;NA
3;0.0666666666666667;6.53333333333334e-05;1,8;147;NA;NA
1;0.064;0;1,9;147;NA;NA
1;0.07;0;2,05;147;NA;NA
1;0.064;0;2,15;147;NA;NA
2;0.064;8.00000000000001e-06;0;146;NA;NA
3;0.0742;9.664e-05;0,2;146;NA;NA
3;0.0636666666666667;4.54933333333334e-05;0,25;146;NA;NA
16;0.06704375;6.96879583333334e-05;0,9;146;NA;NA
4;0.066925;4.42225e-05;0,95;146;NA;NA
1;0.05;0;1,75;146;NA;NA
3;0.0624;6.832e-05;1,8;146;NA;NA
1;0.058;0;1,9;146;NA;NA
1;0.0548;0;2,05;146;NA;NA
1;0.0532;0;2,15;146;NA;NA
2;0.59675;0.002211125;0;145;NA;NA
3;0.634;0.00901276;0,2;145;NA;NA
3;0.483733333333333;0.0111614533333333;0,25;145;NA;NA
16;0.56915;0.00343772133333333;0,9;145;NA;NA
4;0.567075;0.0023287825;0,95;145;NA;NA
1;0.417;0;1,75;145;NA;NA
3;0.5338;0.00321168;1,8;145;NA;NA
1;0.5278;0;1,9;145;NA;NA
1;0.5608;0;2,05;145;NA;NA
1;0.4662;0;2,15;145;NA;NA
2;0.12;0;0;144;NA;NA
3;0.156;0.000124;0,2;144;NA;NA
3;0.1552;8.68e-06;0,25;144;NA;NA
16;0.13990625;6.2140625e-05;0,9;144;NA;NA
4;0.13475;0.00013425;0,95;144;NA;NA
1;0.165;0;1,75;144;NA;NA
3;0.12;4.00000000000001e-06;1,8;144;NA;NA
1;0.124;0;1,9;144;NA;NA
1;0.12;0;2,05;144;NA;NA
1;0.122;0;2,15;144;NA;NA
2;1.11825;0.001485125;0;143;NA;NA
3;1.33;0.00233967999999999;0,2;143;NA;NA
3;1.1688;0.01132852;0,25;143;NA;NA
16;1.19136875;0.00201497029166667;0,9;143;NA;NA
4;1.1426;0.00792978666666667;0,95;143;NA;NA
1;1.375;0;1,75;143;NA;NA
3;1.0298;0.00046192;1,8;143;NA;NA
1;1.1294;0;1,9;143;NA;NA
1;1.2266;0;2,05;143;NA;NA
1;1.0696;0;2,15;143;NA;NA
2;2.1378;0.01912968;0;142;NA;NA
1;2.4446;0;0,2;142;NA;NA
1;2.1935;0;0,65;142;NA;NA
2;2.1483;0.02705138;0,7;142;NA;NA
2;1.8988;0.00408608;0,75;142;NA;NA
2;1.9763;2.41999999999996e-06;0,8;142;NA;NA
3;1.8704;0.00309852;0,85;142;NA;NA
25;1.98758;0.0290043091666667;1,5;142;NA;NA
5;2.02092;0.048819307;1,55;142;NA;NA
1;1.8995;0;1,6;142;NA;NA
3;2.03716666666667;0.0101125833333334;1,65;142;NA;NA
1;1.579;0;1,75;142;NA;NA
2;2.07275;0.027028125;2,1;142;NA;NA
1;1.9835;0;2,4;142;NA;NA
1;1.8005;0;2,45;142;NA;NA
2;2.1674;0.00686792;2,55;142;NA;NA
1;1.995;0;2,6;142;NA;NA
7;1.90342857142857;0.115021939047619;3;142;NA;NA
5;1.9343;0.01171788;4,65;142;NA;NA
1;2.0346;0;4,7;142;NA;NA
2;0.9285;0.0102245;0;141;NA;NA
3;0.6906;0.03622756;0,2;141;NA;NA
3;0.8578;0.00148204;0,25;141;NA;NA
16;0.86946875;0.001161519625;0,9;141;NA;NA
4;0.7791;0.0103030533333333;0,95;141;NA;NA
1;0.8265;0;1,75;141;NA;NA
3;0.8886;0.000493480000000001;1,8;141;NA;NA
1;0.913;0;1,9;141;NA;NA
1;0.95;0;2,05;141;NA;NA
1;0.8928;0;2,15;141;NA;NA
2;0.695;0.0128;0;140;NA;NA
3;0.676;0.001036;0,2;140;NA;NA
3;0.6528;0.00211792;0,25;140;NA;NA
16;0.64721875;0.001430365625;0,9;140;NA;NA
4;0.65625;0.000246916666666667;0,95;140;NA;NA
1;0.61;0;1,75;140;NA;NA
3;0.712;0.000172;1,8;140;NA;NA
1;0.624;0;1,9;140;NA;NA
1;0.758;0;2,05;140;NA;NA
1;0.63;0;2,15;140;NA;NA
2;2.17425;0.000561125000000003;0;139;NA;NA
3;2.25973333333333;0.00907537333333333;0,2;139;NA;NA
3;1.89893333333333;0.0371830533333333;0,25;139;NA;NA
16;2.18799375;0.0250540819583333;0,9;139;NA;NA
4;2.23265;0.04493979;0,95;139;NA;NA
1;2.0335;0;1,75;139;NA;NA
3;2.28213333333333;0.0210986533333334;1,8;139;NA;NA
1;2.435;0;1,9;139;NA;NA
1;2.5446;0;2,05;139;NA;NA
1;2.1582;0;2,15;139;NA;NA
2;0.1075;1.25e-05;0;138;NA;NA
3;0.117333333333333;2.13333333333333e-05;0,2;138;NA;NA
3;0.134133333333333;0.000197773333333334;0,25;138;NA;NA
16;0.1175;2.14666666666666e-05;0,9;138;NA;NA
4;0.118;7.99999999999998e-06;0,95;138;NA;NA
1;0.12;0;1,75;138;NA;NA
3;0.116666666666667;9.33333333333331e-06;1,8;138;NA;NA
1;0.11;0;1,9;138;NA;NA
1;0.098;0;2,05;138;NA;NA
1;0.114;0;2,15;138;NA;NA
2;0.32;0.00245;0;137;NA;NA
3;0.299333333333333;8.93333333333335e-05;0,2;137;NA;NA
3;0.346533333333333;0.00174341333333333;0,25;137;NA;NA
16;0.2970625;0.0004249625;0,9;137;NA;NA
4;0.296;0.000664666666666667;0,95;137;NA;NA
1;0.3;0;1,75;137;NA;NA
3;0.313333333333333;0.000233333333333334;1,8;137;NA;NA
1;0.256;0;1,9;137;NA;NA
1;0.298;0;2,05;137;NA;NA
1;0.292;0;2,15;137;NA;NA
2;0.096;2e-04;0;136;NA;NA
1;0.12;0;0,0100000000000007;136;NA;NA
1;0.08;0;0,86;136;NA;NA
3;0.101;1.3e-05;0,91;136;NA;NA
1;0.09;0;1,46;136;NA;NA
1;0.088;0;1,61;136;NA;NA
4;0.092;0.000168;1,71;136;NA;NA
4;0.08875;3.425e-05;1,76;136;NA;NA
2;0.083;4.99999999999999e-05;1,81;136;NA;NA
3;0.097;9.70000000000001e-05;1,96;136;NA;NA
1;0.116;0;2,01;136;NA;NA
1;0.096;0;2,21;136;NA;NA
1;0.098;0;2,26;136;NA;NA
3;0.0883333333333333;5.83333333333333e-05;2,36;136;NA;NA
1;0.088;0;3,51;136;NA;NA
2;0.081;0.000162;0;135;NA;NA
1;0.11;0;0,0100000000000007;135;NA;NA
1;0.07;0;0,86;135;NA;NA
3;0.088;3.7e-05;0,91;135;NA;NA
1;0.078;0;1,46;135;NA;NA
4;0.0765;8.09999999999999e-05;1,71;135;NA;NA
4;0.07875;8.91666666666665e-06;1,76;135;NA;NA
2;0.077;4.99999999999999e-05;1,81;135;NA;NA
3;0.085;2.5e-05;1,96;135;NA;NA
1;0.104;0;2,01;135;NA;NA
1;0.088;0;2,21;135;NA;NA
1;0.086;0;2,26;135;NA;NA
3;0.0783333333333333;5.83333333333332e-05;2,36;135;NA;NA
1;0.072;0;3,51;135;NA;NA
2;0.0402;6.48e-06;0;134;NA;NA
1;0.042;0;0,0100000000000007;134;NA;NA
1;0.0375;0;0,86;134;NA;NA
3;0.0449666666666667;6.99033333333333e-05;0,91;134;NA;NA
1;0.0384;0;1,46;134;NA;NA
1;0.0402;0;1,61;134;NA;NA
4;0.04215;1.25166666666667e-05;1,71;134;NA;NA
4;0.0414;8.80000000000002e-07;1,76;134;NA;NA
2;0.0367;5.618e-05;1,81;134;NA;NA
3;0.0367;5.377e-05;1,96;134;NA;NA
1;0.045;0;2,01;134;NA;NA
1;0.0452;0;2,21;134;NA;NA
1;0.0368;0;2,26;134;NA;NA
3;0.0401666666666667;7.75833333333333e-05;2,36;134;NA;NA
1;0.0402;0;3,51;134;NA;NA
2;0.363;0.00031752;0;133;NA;NA
1;0.35;0;0,0100000000000007;133;NA;NA
1;0.325;0;0,86;133;NA;NA
3;0.381033333333333;0.00640630333333333;0,91;133;NA;NA
1;0.3704;0;1,46;133;NA;NA
1;0.3524;0;1,61;133;NA;NA
4;0.36995;0.000939636666666667;1,71;133;NA;NA
4;0.3554;8.15733333333334e-05;1,76;133;NA;NA
2;0.3165;0.00318402;1,81;133;NA;NA
3;0.345933333333333;0.00731621333333334;1,96;133;NA;NA
1;0.3954;0;2,01;133;NA;NA
1;0.3832;0;2,21;133;NA;NA
1;0.2776;0;2,26;133;NA;NA
3;0.3525;0.00349225;2,36;133;NA;NA
1;0.335;0;3,51;133;NA;NA
2;0.148;0;0;132;NA;NA
1;0.15;0;0,0100000000000007;132;NA;NA
1;0.16;0;0,86;132;NA;NA
3;0.161333333333333;0.000105333333333334;0,91;132;NA;NA
1;0.15;0;1,46;132;NA;NA
1;0.154;0;1,61;132;NA;NA
4;0.147;4.66666666666666e-05;1,71;132;NA;NA
4;0.15275;1.29166666666667e-05;1,76;132;NA;NA
2;0.151;1.8e-05;1,81;132;NA;NA
3;0.147333333333333;1.63333333333332e-05;1,96;132;NA;NA
1;0.164;0;2,01;132;NA;NA
1;0.15;0;2,21;132;NA;NA
1;0.17;0;2,26;132;NA;NA
3;0.15;9.99999999999999e-05;2,36;132;NA;NA
1;0.16;0;3,51;132;NA;NA
2;0.114;7.2e-05;0;131;NA;NA
1;0.096;0;0,2;131;NA;NA
1;0.11;0;0,65;131;NA;NA
2;0.1455;0.0002205;0,7;131;NA;NA
2;0.11;0.000128;0,75;131;NA;NA
2;0.21;0.000128;0,8;131;NA;NA
3;0.14;0.000268;0,85;131;NA;NA
25;0.14496;0.00160220666666667;1,5;131;NA;NA
5;0.144;0.003042;1,55;131;NA;NA
1;0.11;0;1,6;131;NA;NA
3;0.103333333333333;0.000108333333333333;1,65;131;NA;NA
1;0.085;0;1,75;131;NA;NA
2;0.0975;0.0010125;2,1;131;NA;NA
1;0.105;0;2,4;131;NA;NA
1;0.22;0;2,45;131;NA;NA
2;0.13;0.0018;2,55;131;NA;NA
1;0.198;0;2,6;131;NA;NA
7;0.138857142857143;0.00150880952380952;3;131;NA;NA
5;0.1386;0.0048998;4,65;131;NA;NA
1;0.116;0;4,7;131;NA;NA
2;1.3366;0.000369920000000003;0;130;NA;NA
1;1.25;0;0,0100000000000007;130;NA;NA
1;1.394;0;0,86;130;NA;NA
3;1.36586666666667;0.0133406533333333;0,91;130;NA;NA
1;1.4438;0;1,46;130;NA;NA
1;1.356;0;1,61;130;NA;NA
4;1.29165;0.00302307666666667;1,71;130;NA;NA
4;1.310275;0.0019727425;1,76;130;NA;NA
2;1.3047;0.00502002000000001;1,81;130;NA;NA
3;1.38613333333333;0.0383470033333333;1,96;130;NA;NA
1;1.4422;0;2,01;130;NA;NA
1;1.2728;0;2,21;130;NA;NA
1;1.2734;0;2,26;130;NA;NA
3;1.32333333333333;0.00214033333333334;2,36;130;NA;NA
1;1.3332;0;3,51;130;NA;NA
2;0.8438;2.04799999999998e-05;0;129;NA;NA
1;0.916;0;0,0100000000000007;129;NA;NA
1;0.875;0;0,86;129;NA;NA
3;0.872533333333333;0.00511585333333333;0,91;129;NA;NA
1;0.8684;0;1,46;129;NA;NA
1;0.7194;0;1,61;129;NA;NA
4;0.8415;0.00514614666666666;1,71;129;NA;NA
4;0.894075;0.0058588625;1,76;129;NA;NA
2;0.9298;4.60799999999994e-05;1,81;129;NA;NA
3;0.882966666666667;0.00337070333333333;1,96;129;NA;NA
1;0.8954;0;2,01;129;NA;NA
1;0.9174;0;2,21;129;NA;NA
1;0.8774;0;2,26;129;NA;NA
3;0.888;0.00262675;2,36;129;NA;NA
1;0.8184;0;3,51;129;NA;NA
2;0.622;7.20000000000001e-05;0;128;NA;NA
1;0.685;0;0,0100000000000007;128;NA;NA
1;0.66;0;0,86;128;NA;NA
3;0.594333333333333;0.00173633333333333;0,91;128;NA;NA
1;0.764;0;1,46;128;NA;NA
1;0.646;0;1,61;128;NA;NA
4;0.6835;0.004353;1,71;128;NA;NA
4;0.624;0.00387466666666666;1,76;128;NA;NA
2;0.652;0.001352;1,81;128;NA;NA
3;0.613333333333333;0.00355833333333333;1,96;128;NA;NA
1;0.692;0;2,01;128;NA;NA
1;0.658;0;2,21;128;NA;NA
1;0.688;0;2,26;128;NA;NA
3;0.67;0.000524999999999999;2,36;128;NA;NA
1;0.6;0;3,51;128;NA;NA
2;2.0145;0.0111005;0;127;NA;NA
1;1.987;0;0,0100000000000007;127;NA;NA
1;2.1645;0;0,86;127;NA;NA
3;1.90273333333333;0.0189338133333333;0,91;127;NA;NA
1;2.6904;0;1,46;127;NA;NA
1;2.416;0;1,61;127;NA;NA
4;2.2452;0.0423469866666667;1,71;127;NA;NA
4;2.195925;0.0720629691666666;1,76;127;NA;NA
2;2.1676;0.00288800000000001;1,81;127;NA;NA
3;1.95473333333333;0.0228090633333333;1,96;127;NA;NA
1;2.3268;0;2,01;127;NA;NA
1;2.2244;0;2,21;127;NA;NA
1;1.9432;0;2,26;127;NA;NA
3;2.15966666666667;0.0404375833333334;2,36;127;NA;NA
1;1.7356;0;3,51;127;NA;NA
2;0.111;2e-06;0;126;NA;NA
1;0.12;0;0,0100000000000007;126;NA;NA
1;0.115;0;0,86;126;NA;NA
3;0.118333333333333;8.33333333333335e-06;0,91;126;NA;NA
1;0.104;0;1,46;126;NA;NA
1;0.114;0;1,61;126;NA;NA
4;0.114;7.99999999999998e-06;1,71;126;NA;NA
4;0.11675;4.91666666666668e-06;1,76;126;NA;NA
2;0.116;7.99999999999996e-06;1,81;126;NA;NA
3;0.107666666666667;0.000236333333333333;1,96;126;NA;NA
1;0.114;0;2,01;126;NA;NA
1;0.118;0;2,21;126;NA;NA
1;0.134;0;2,26;126;NA;NA
3;0.113333333333333;3.33333333333333e-05;2,36;126;NA;NA
1;0.12;0;3,51;126;NA;NA
2;0.31;0.000391999999999999;0;125;NA;NA
1;0.345;0;0,0100000000000007;125;NA;NA
1;0.305;0;0,86;125;NA;NA
3;0.313666666666667;1.03333333333334e-05;0,91;125;NA;NA
1;0.284;0;1,46;125;NA;NA
1;0.268;0;1,61;125;NA;NA
4;0.305;6.66666666666668e-06;1,71;125;NA;NA
4;0.285;3.59999999999999e-05;1,76;125;NA;NA
2;0.301;9.80000000000002e-05;1,81;125;NA;NA
3;0.314;7.30000000000001e-05;1,96;125;NA;NA
1;0.298;0;2,01;125;NA;NA
1;0.296;0;2,21;125;NA;NA
1;0.354;0;2,26;125;NA;NA
3;0.311666666666667;0.000658333333333335;2,36;125;NA;NA
1;0.346;0;3,51;125;NA;NA
5;0.1229;0.00024955;0;124;NA;NA
2;0.1175;0.0021125;0,0499999999999998;124;NA;NA
3;0.0923333333333333;0.000296333333333333;0,0999999999999996;124;NA;NA
7;0.106714285714286;0.000223904761904762;0,15;124;NA;NA
4;0.1175;0.000241666666666667;0,25;124;NA;NA
2;0.1075;0.0003125;0,55;124;NA;NA
7;0.110285714285714;0.00175890476190476;0,6;124;NA;NA
1;0.18;0;0,75;124;NA;NA
1;0.09;0;0,85;124;NA;NA
1;0.112;0;0,95;124;NA;NA
3;0.113666666666667;0.000122333333333333;1,1;124;NA;NA
2;0.1;2e-04;1,5;124;NA;NA
5;0.1026;0.0002058;2,65;124;NA;NA
1;0.098;0;3,1;124;NA;NA
5;0.105;0.000225;0;123;NA;NA
2;0.1025;0.0015125;0,0499999999999998;123;NA;NA
3;0.081;0.000223;0,0999999999999996;123;NA;NA
7;0.0931428571428571;0.000166809523809524;0,15;123;NA;NA
4;0.0975;0.000241666666666667;0,25;123;NA;NA
2;0.0975;0.0003125;0,55;123;NA;NA
7;0.0768333333333333;7.61666666666666e-05;0,6;123;NA;NA
1;0.142;0;0,75;123;NA;NA
1;0.07;0;0,85;123;NA;NA
1;0.094;0;0,95;123;NA;NA
3;0.0966666666666667;9.73333333333333e-05;1,1;123;NA;NA
2;0.0825;0.0001125;1,5;123;NA;NA
5;0.0824;0.0004688;2,65;123;NA;NA
1;0.0856;0;3,1;123;NA;NA
5;0.04192;6.9407e-05;0;122;NA;NA
2;0.048;7.2e-05;0,0499999999999998;122;NA;NA
3;0.0440666666666667;2.72133333333333e-05;0,0999999999999996;122;NA;NA
7;0.0494428571428571;7.14461904761905e-05;0,15;122;NA;NA
4;0.03975;2.025e-05;0,25;122;NA;NA
2;0.03975;1.0125e-05;0,55;122;NA;NA
7;0.0416857142857143;6.40347619047619e-05;0,6;122;NA;NA
1;0.0366;0;0,75;122;NA;NA
1;0.05;0;0,85;122;NA;NA
1;0.0348;0;0,95;122;NA;NA
3;0.0454;1.116e-05;1,1;122;NA;NA
2;0.0552;2.88e-06;1,5;122;NA;NA
5;0.05272;2.7392e-05;2,65;122;NA;NA
1;0.0596;0;3,1;122;NA;NA
5;0.37994;0.003284568;0;121;NA;NA
2;0.4;0.005;0,0499999999999998;121;NA;NA
3;0.3752;0.00144732;0,0999999999999996;121;NA;NA
7;0.429371428571429;0.00341903571428571;0,15;121;NA;NA
4;0.3455;0.00114766666666667;0,25;121;NA;NA
2;0.35525;0.001431125;0,55;121;NA;NA
7;0.369314285714286;0.00456690142857143;0,6;121;NA;NA
1;0.3384;0;0,75;121;NA;NA
1;0.455;0;0,85;121;NA;NA
1;0.314;0;0,95;121;NA;NA
3;0.416233333333333;0.000109943333333333;1,1;121;NA;NA
2;0.4964;0.00430592000000001;1,5;121;NA;NA
5;0.44642;0.001259142;2,65;121;NA;NA
1;0.43;0;3,1;121;NA;NA
2;0.106;3.19999999999999e-05;0;120;NA;NA
1;0.09;0;0,2;120;NA;NA
1;0.095;0;0,65;120;NA;NA
2;0.123;0.000338;0,7;120;NA;NA
2;0.089;4.99999999999999e-05;0,75;120;NA;NA
2;0.192;0.000511999999999999;0,8;120;NA;NA
3;0.122666666666667;0.000185333333333333;0,85;120;NA;NA
25;0.10328;0.000234793333333333;1,5;120;NA;NA
5;0.1066;0.0002008;1,55;120;NA;NA
1;0.1;0;1,6;120;NA;NA
3;0.0883333333333333;0.000233333333333333;1,65;120;NA;NA
1;0.075;0;1,75;120;NA;NA
2;0.085;0.00045;2,1;120;NA;NA
1;0.095;0;2,4;120;NA;NA
1;0.185;0;2,45;120;NA;NA
2;0.1165;0.0016245;2,55;120;NA;NA
1;0.156;0;2,6;120;NA;NA
7;0.114428571428571;0.000913285714285714;3;120;NA;NA
5;0.093;0.000302666666666667;4,65;120;NA;NA
1;0.106;0;4,7;120;NA;NA
5;0.1548;7.51999999999999e-05;0;119;NA;NA
2;0.165;5.00000000000001e-05;0,0499999999999998;119;NA;NA
3;0.157;7.00000000000001e-06;0,0999999999999996;119;NA;NA
7;0.164857142857143;1.54761904761905e-05;0,15;119;NA;NA
4;0.16;4.99999999999999e-05;0,25;119;NA;NA
2;0.16;0;0,55;119;NA;NA
7;0.159285714285714;4.82380952380953e-05;0,6;119;NA;NA
1;0.15;0;0,75;119;NA;NA
1;0.165;0;0,85;119;NA;NA
1;0.146;0;0,95;119;NA;NA
3;0.149;9.29999999999999e-05;1,1;119;NA;NA
2;0.1605;0.0004205;1,5;119;NA;NA
5;0.1704;4.80000000000001e-06;2,65;119;NA;NA
1;0.1408;0;3,1;119;NA;NA
5;1.41864;0.051245748;0;118;NA;NA
2;1.37525;0.00348612500000001;0,0499999999999998;118;NA;NA
3;1.33656666666667;0.00274126333333334;0,0999999999999996;118;NA;NA
7;1.43977142857143;0.00332629904761905;0,15;118;NA;NA
4;1.393;0.00540466666666667;0,25;118;NA;NA
2;1.42625;0.00165312500000001;0,55;118;NA;NA
7;1.41498571428571;0.0123431414285714;0,6;118;NA;NA
1;1.3956;0;0,75;118;NA;NA
1;1.5;0;0,85;118;NA;NA
1;1.3092;0;0,95;118;NA;NA
3;1.3701;0.00530317;1,1;118;NA;NA
2;1.43205;0.001399205;1,5;118;NA;NA
5;1.44416;0.000747447999999996;2,65;118;NA;NA
1;1.0164;0;3,1;118;NA;NA
5;0.8647;0.0027557;0;117;NA;NA
2;0.8765;6.05000000000001e-05;0,0499999999999998;117;NA;NA
3;0.8764;2.54800000000001e-05;0,0999999999999996;117;NA;NA
7;0.873371428571429;0.000282565714285714;0,15;117;NA;NA
4;0.828375;0.0014350625;0,25;117;NA;NA
2;0.90575;0.000253124999999999;0,55;117;NA;NA
7;0.778;0.01537672;0,6;117;NA;NA
1;0.7884;0;0,75;117;NA;NA
1;0.7875;0;0,85;117;NA;NA
1;0.8386;0;0,95;117;NA;NA
3;0.8532;0.00378748;1,1;117;NA;NA
2;0.82805;0.000178605000000001;1,5;117;NA;NA
5;0.81386;0.035647148;2,65;117;NA;NA
1;0.873;0;3,1;117;NA;NA
5;0.6654;0.0032008;0;116;NA;NA
2;0.69;0.00245;0,0499999999999998;116;NA;NA
3;0.616666666666667;0.000933333333333335;0,0999999999999996;116;NA;NA
7;0.639;0.000388000000000001;0,15;116;NA;NA
4;0.651625;0.00318889583333333;0,25;116;NA;NA
2;0.6875;0.0055125;0,55;116;NA;NA
7;0.676714285714286;0.00207890476190476;0,6;116;NA;NA
1;0.712;0;0,75;116;NA;NA
1;0.74;0;0,85;116;NA;NA
1;0.672;0;0,95;116;NA;NA
3;0.634666666666667;2.13333333333334e-05;1,1;116;NA;NA
2;0.614;7.20000000000001e-05;1,5;116;NA;NA
5;0.688;0.000587999999999998;2,65;116;NA;NA
1;0.7156;0;3,1;116;NA;NA
5;2.03578;0.021421567;0;115;NA;NA
2;2.08125;0.00812812499999999;0,0499999999999998;115;NA;NA
3;1.92403333333333;0.0517049033333334;0,0999999999999996;115;NA;NA
7;1.8438;0.00593261333333333;0,15;115;NA;NA
4;1.87725;0.00283841666666667;0,25;115;NA;NA
2;2.168;0.1782045;0,55;115;NA;NA
7;2.17761428571429;0.0217713414285714;0,6;115;NA;NA
1;2.1796;0;0,75;115;NA;NA
1;2.209;0;0,85;115;NA;NA
1;2.015;0;0,95;115;NA;NA
3;1.8999;0.05571921;1,1;115;NA;NA
2;1.92585;0.173283845;1,5;115;NA;NA
5;2.08448;0.014341852;2,65;115;NA;NA
1;1.9826;0;3,1;115;NA;NA
5;0.111;0.00018;0;114;NA;NA
2;0.12;0;0,0499999999999998;114;NA;NA
3;0.117666666666667;6.33333333333334e-06;0,0999999999999996;114;NA;NA
7;0.114857142857143;3.41428571428571e-05;0,15;114;NA;NA
4;0.115;3.33333333333333e-05;0,25;114;NA;NA
2;0.1125;1.25e-05;0,55;114;NA;NA
7;0.113142857142857;7.71428571428572e-05;0,6;114;NA;NA
1;0.108;0;0,75;114;NA;NA
1;0.11;0;0,85;114;NA;NA
1;0.112;0;0,95;114;NA;NA
3;0.109333333333333;0.000121333333333333;1,1;114;NA;NA
2;0.112;0.000128;1,5;114;NA;NA
5;0.1182;6.20000000000001e-06;2,65;114;NA;NA
1;0.1386;0;3,1;114;NA;NA
5;0.3274;0.0005338;0;113;NA;NA
2;0.3325;0.0015125;0,0499999999999998;113;NA;NA
3;0.323333333333333;0.000908333333333333;0,0999999999999996;113;NA;NA
7;0.348142857142857;0.000267142857142857;0,15;113;NA;NA
4;0.3475;0.000808333333333333;0,25;113;NA;NA
2;0.32;0.000799999999999999;0,55;113;NA;NA
7;0.311857142857143;0.000345809523809524;0,6;113;NA;NA
1;0.328;0;0,75;113;NA;NA
1;0.335;0;0,85;113;NA;NA
1;0.334;0;0,95;113;NA;NA
3;0.339;0.002377;1,1;113;NA;NA
2;0.327;0.005618;1,5;113;NA;NA
5;0.3312;0.0002132;2,65;113;NA;NA
1;0.362;0;3,1;113;NA;NA
2;0.0419;1.99999999999998e-08;0;112;NA;NA
1;0.0384;0;0,2;112;NA;NA
1;0.033;0;0,65;112;NA;NA
2;0.0407;0.00011858;0,7;112;NA;NA
2;0.0468;0;0,75;112;NA;NA
2;0.042;0;0,8;112;NA;NA
3;0.0489333333333333;3.41333333333334e-06;0,85;112;NA;NA
25;0.049936;0.000100519066666667;1,5;112;NA;NA
5;0.03994;0.000115768;1,55;112;NA;NA
1;0.042;0;1,6;112;NA;NA
3;0.0526666666666667;5.33333333333334e-06;1,65;112;NA;NA
1;0.042;0;1,75;112;NA;NA
2;0.04375;1.0125e-05;2,1;112;NA;NA
1;0.042;0;2,4;112;NA;NA
1;0.046;0;2,45;112;NA;NA
2;0.0455;4.99999999999994e-07;2,55;112;NA;NA
1;0.0318;0;2,6;112;NA;NA
7;0.0379571428571429;4.63928571428572e-05;3;112;NA;NA
5;0.04998;0.000106302;4,65;112;NA;NA
1;0.0366;0;4,7;112;NA;NA
2;0.151;0.000162;0;111;NA;NA
1;0.156;0;0,2;111;NA;NA
1;0.145;0;0,65;111;NA;NA
2;0.155;5.00000000000001e-05;0,7;111;NA;NA
2;0.159;1.8e-05;0,75;111;NA;NA
2;0.133;5.00000000000001e-05;0,8;111;NA;NA
3;0.15;1e-04;0,85;111;NA;NA
25;0.1652;5.725e-05;1,5;111;NA;NA
5;0.155;6.90000000000001e-05;1,55;111;NA;NA
1;0.165;0;1,6;111;NA;NA
3;0.166666666666667;3.33333333333334e-05;1,65;111;NA;NA
1;0.17;0;1,75;111;NA;NA
2;0.16;2e-04;2,1;111;NA;NA
1;0.155;0;2,4;111;NA;NA
1;0.15;0;2,45;111;NA;NA
2;0.1535;4.50000000000001e-06;2,55;111;NA;NA
1;0.15;0;2,6;111;NA;NA
7;0.151571428571429;2.12857142857142e-05;3;111;NA;NA
5;0.1592;0.0003407;4,65;111;NA;NA
1;0.148;0;4,7;111;NA;NA
2;0.674;3.20000000000001e-05;0;110;NA;NA
1;0.704;0;0,2;110;NA;NA
1;0.745;0;0,65;110;NA;NA
2;0.659;0.001682;0,7;110;NA;NA
2;0.636;3.20000000000001e-05;0,75;110;NA;NA
2;0.661;0.001458;0,8;110;NA;NA
3;0.632666666666667;0.000169333333333334;0,85;110;NA;NA
25;0.69344;0.00248975666666667;1,5;110;NA;NA
5;0.7204;0.0031588;1,55;110;NA;NA
1;0.645;0;1,6;110;NA;NA
3;0.678333333333333;0.00205833333333333;1,65;110;NA;NA
1;0.6;0;1,75;110;NA;NA
2;0.72;0.00245;2,1;110;NA;NA
1;0.645;0;2,4;110;NA;NA
1;0.72;0;2,45;110;NA;NA
2;0.698;0.007688;2,55;110;NA;NA
1;0.7;0;2,6;110;NA;NA
7;0.653142857142857;0.00500347619047619;3;110;NA;NA
5;0.6776;0.0077533;4,65;110;NA;NA
1;0.61;0;4,7;110;NA;NA
21;1.519;0.002619048;0;109;NA;NA
22;1.532;0.016558442;0,160685592;109;NA;NA
17;1.635;0.006176471;0,32672737;109;NA;NA
25;1.62;0.004166667;0,712372791;109;NA;NA
46;1.876;0.010304348;0,985538297;109;NA;NA
34;1.765;0.024171123;1,033743974;109;NA;NA
14;1.907;0.016098901;1,103374397;109;NA;NA
32;1.875;0.013548387;1,210498125;109;NA;NA
14;1.1266;0.001374997;0;108;NA;NA
6;1.1129;0.001100868;0,0666666666666667;108;NA;NA
6;1.1336;0.002086856;0,171111111111111;108;NA;NA
7;1.161914286;0.001884318;0,26;108;NA;NA
18;1.139227778;0.002365396;0,357777777777778;108;NA;NA
6;1.16265;9.8111e-05;0,446666666666667;108;NA;NA
7;1.159957143;0.003871636;0,531111111111111;108;NA;NA
7;1.191028571;0.000932226;0,753333333333333;108;NA;NA
18;1.173238889;0.001251858;0,844444444444444;108;NA;NA
7;1.168485714;0.002396605;0,886666666666667;108;NA;NA
7;1.203785714;0.001714705;1,14888888888889;108;NA;NA
7;1.210442857;0.000711383;1,19333333333333;108;NA;NA
6;1.20715;0.003394235;1,45777777777778;108;NA;NA
6;1.179266667;0.000474307;1,50444444444444;108;NA;NA
7;1.2576;0.00457218;1,68222222222222;108;NA;NA
13;1.314484615;0.001447218;2,07555555555556;108;NA;NA
6;1.311383333;0.001217318;2,21111111111111;108;NA;NA
14;1.308185714;0.002293338;2,3;108;NA;NA
7;1.268157143;0.00163094;2,47555555555556;108;NA;NA
10;1.25366;0.00124978;2,52;108;NA;NA
8;1.2938375;0.001644826;2,56666666666667;108;NA;NA
6;0.95149;0.0135375;0;107;NA;NA
12;0.99591;0.016996719;0,177777777777778;107;NA;NA
11;1.0206;0.013699225;0,355555555555556;107;NA;NA
17;0.98595;0.011790048;0,4;107;NA;NA
6;0.9974;0.00766623;0,488888888888889;107;NA;NA
9;1.0449;0.005162423;1,15555555555556;107;NA;NA
56;0.95522;0.012692569;1,91111111111111;107;NA;NA
7;0.87684;0.004514342;2,31111111111111;107;NA;NA
72;1.1621;0.01524258;0;106;NA;NA
11;1.1736;0.006309628;0,133333333333333;106;NA;NA
12;1.1605;0.00255792;0,177777777777778;106;NA;NA
27;1.1709;0.01318707;0,222222222222222;106;NA;NA
16;1.1269;0.00341056;0,266666666666667;106;NA;NA
9;1.1402;0.006014003;0,355555555555556;106;NA;NA
34;1.1045;0.02351746;0,4;106;NA;NA
7;1.0698;0.004677557;0,444444444444444;106;NA;NA
27;1.07;0.00648675;0,533333333333333;106;NA;NA
6;1.0117;0.028669594;0,577777777777778;106;NA;NA
13;1.0374;0.007771433;0,755555555555556;106;NA;NA
26;23.15384615;1.895384615;0;105;NA;NA
27;22.74074074;1.737891738;0,00078184;105;NA;NA
20;22.95;1.313157895;0,0021096;105;NA;NA
23;22.26086957;2.019762846;0,00316388;105;NA;NA
23;22.60869565;2.794466403;0,00391044;105;NA;NA
20;22.1;2.621052632;0,00482418;105;NA;NA
34;21.78787879;2.674688057;0,005355408;105;NA;NA
28;22.07142857;3.253968254;0,00598554;105;NA;NA
10;22.7;4.9;0,007382464;105;NA;NA
10;0.5;0.005827544;0;104;NA;NA
37;0.44;0.004306307;0,0335026737967913;104;NA;NA
20;0.45;0.006098244;0,0422994652406415;104;NA;NA
17;0.38;0.00682257;0,0473529411764706;104;NA;NA
23;0.42;0.004424604;0,0519385026737969;104;NA;NA
22;0.53;0.006319894;0,120254010695187;104;NA;NA
29;0.5;0.005996833;0,141403743315508;104;NA;NA
29;0.53;0.008845037;0,145053475935829;104;NA;NA
11;0.53;0.006966501;0,160213903743316;104;NA;NA
16;0.47;0.004596287;0,17163101604278;104;NA;NA
23;0.62;0.005460464;0,206818181818182;104;NA;NA
10;0.85;0.005582612;0,221417112299465;104;NA;NA
10;0.8;0.008275896;0,230120320855615;104;NA;NA
14;0.8;0.004022961;0,285708556149732;104;NA;NA
53;0.84;0.006768792;0,289358288770054;104;NA;NA
27;0.8;0.004104169;0,306577540106952;104;NA;NA
50;1.515;0.021556122;0;103;NA;NA
47;1.55;0.01451087;0,369444444444444;103;NA;NA
48;1.632291667;0.034493619;1,31944444444444;103;NA;NA
26;1.509615385;0.018203846;2,16388888888889;103;NA;NA
21;1.633333333;0.015333333;2,53333333333333;103;NA;NA
50;1.749;0.041254102;2,69166666666667;103;NA;NA
43;1.846511628;0.060404208;3,06111111111111;103;NA;NA
50;1.852;0.072853061;3,43055555555556;103;NA;NA
50;2.044;0.063330612;4,85555555555556;103;NA;NA
44;2.090909091;0.122850279;5,91111111111111;103;NA;NA
50;2.115;0.059995918;6,59722222222222;103;NA;NA
1;3.44;0;0;102;NA;NA
5;3.44;0.00239999999999999;0,01;102;NA;NA
2;3.4;0.00500000000000001;0,02;102;NA;NA
1;3.37;0;0,03;102;NA;NA
3;3.34;0.00490000000000003;0,05;102;NA;NA
1;3.26;0;0,06;102;NA;NA
4;3.2525;0.00862499999999999;0,09;102;NA;NA
1;3.2;0;0,11;102;NA;NA
2;3.255;0.00844999999999999;0,12;102;NA;NA
8;3.22375;0.00662678571428571;0,14;102;NA;NA
2;3.45;0.0128;0,16;102;NA;NA
1;3.63;0;0,18;102;NA;NA
1;3.6;0;0,25;102;NA;NA
1;3.67;0;0,26;102;NA;NA
2;3.635;0.00405000000000003;0,29;102;NA;NA
6;3.49833333333333;0.00105666666666667;0,31;102;NA;NA
3;3.57333333333333;0.0261333333333333;0,32;102;NA;NA
93;68.768;10.91073532;0;101;NA;NA
25;68.913;7.342179653;0,0425720620842578;101;NA;NA
55;69.348;16.16453205;0,0687361419068736;101;NA;NA
30;68.768;9.763164176;0,098447893569845;101;NA;NA
37;67.899;10.87432156;0,131263858093127;101;NA;NA
97;66.304;174.4189181;0,210643015521064;101;NA;NA
38;60.942;17.81210831;0,398226164079822;101;NA;NA
161;58.768;25.68399316;0,575609756097561;101;NA;NA
60;57.609;19.5398064;0,618625277161863;101;NA;NA
77;54.71;42.36284209;0,74988913525499;101;NA;NA
40;53.406;33.34218488;1,06873614190687;101;NA;NA
1;0.7755523;0;0;100;NA;NA
1;0.68424153;0;0,37;100;NA;NA
4;0.7525773225;0.00135716160899669;0,49;100;NA;NA
1;0.73019147;0;0,61;100;NA;NA
4;0.75994109;0.00139845950230073;0,98;100;NA;NA
3;0.715856663333333;0.00171206779058723;1,11;100;NA;NA
3;0.8232695;0.00501542927089;1,24;100;NA;NA
3;0.716053;0.00120180205587;1,36;100;NA;NA
2;0.8544919;0.00209959776072;1,6;100;NA;NA
3;0.864899366666667;0.00172733633966083;1,71;100;NA;NA
5;0.764241532;0.00082515976085847;1,84;100;NA;NA
1;0.8067747;0;2,72;100;NA;NA
6;0.86323026;0.0044900707820064;2,84;100;NA;NA
4;0.8709867625;0.00197975058906562;2,95;100;NA;NA
4;0.900883645;0.0031528349124209;3,07;100;NA;NA
4;0.8166421225;0.00224243312638869;3,19;100;NA;NA
1;0.7938144;0;4,72;100;NA;NA
1;0.9346097;0;4,82;100;NA;NA
5;0.846244478;0.00689153632073988;5;100;NA;NA
2;127.802085;16.89089254205;0;99;NA;NA
5;134.014732;24.89554109997;0,11;99;NA;NA
1;126.795135;0;0,23;99;NA;NA
4;128.17016;17.8099653642;0,6;99;NA;NA
3;138.9782;11.6721327709;0,74;99;NA;NA
3;128.038126666667;30.3695099920333;0,86;99;NA;NA
1;128.11224;0;0,97;99;NA;NA
3;128.975236666667;237.605980374933;1,23;99;NA;NA
3;131.623793333333;33.7834847224333;1,34;99;NA;NA
4;132.845345;95.4466029056334;1,46;99;NA;NA
2;124.103415;54.3875480104501;2,34;99;NA;NA
4;128.95442;168.307143764067;2,46;99;NA;NA
3;125.166528333333;338.245570829908;2,58;99;NA;NA
4;124.3642935;31.216623973129;2,7;99;NA;NA
2;129.852305;1.82559742805;2,81;99;NA;NA
1;120.621475;0;4,33;99;NA;NA
1;121.25296;0;4,44;99;NA;NA
5;116.8806132;14.6066772716412;4,62;99;NA;NA
5;0.6019406;7.80141203000001e-05;0;98;NA;NA
5;0.6118964;6.99753232999998e-05;0,004545455;98;NA;NA
5;0.6158592;0.000127928849699999;0,013636364;98;NA;NA
5;0.5996442;5.21477822e-05;0,027272727;98;NA;NA
3;0.623153333333333;0.000239962740333332;0,040909091;98;NA;NA
7;0.638547857142857;0.000145847555809524;0,086363636;98;NA;NA
5;0.6357606;0.0001292798018;0,122727273;98;NA;NA
7;0.621721;0.000131131152666667;0,159090909;98;NA;NA
4;0.61961775;6.88088595833329e-05;0,163636364;98;NA;NA
5;0.619783;0.000103281686;0,181818182;98;NA;NA
5;0.6192282;5.21529337000001e-05;0,209090909;98;NA;NA
5;0.6136598;0.0001278623412;0,231818182;98;NA;NA
5;0.6136788;0.0001236488432;0,254545455;98;NA;NA
4;0.61211375;9.41141709166672e-05;0,277272727;98;NA;NA
5;0.6277656;0.0002192453193;0,304545455;98;NA;NA
5;0.6036944;0.0001195519858;0,313636364;98;NA;NA
4;0.6044055;0.000101484775;0,340909091;98;NA;NA
5;0.6056428;0.000194555109199999;0,35;98;NA;NA
4;0.599344;0.000203046788666667;0,390909091;98;NA;NA
6;0.597707833333333;0.000141246072566666;0,440909091;98;NA;NA
1;0.570972;0;0;97;NA;NA
3;0.592877;0.000163474609000001;0,034090909;97;NA;NA
3;0.583410666666667;3.52115453333329e-05;0,05;97;NA;NA
1;0.583866;0;0,068181818;97;NA;NA
2;0.588236;0.000425269447999999;0,154545455;97;NA;NA
3;0.572554333333333;1.59193363333332e-05;0,240909091;97;NA;NA
2;0.590209;0.000201041351999999;0,309090909;97;NA;NA
5;0.6020078;0.0003229588827;0,318181818;97;NA;NA
5;0.5912918;0.000188511559200001;0,340909091;97;NA;NA
5;0.5947612;0.000254363779699999;0,354545455;97;NA;NA
5;0.5860362;0.0001308990687;0,368181818;97;NA;NA
18;0.587960944444444;8.66676622908498e-05;0,386363636;97;NA;NA
6;0.5896895;7.02383430999994e-05;0,390909091;97;NA;NA
5;0.6016674;0.0001671448003;0,413636364;97;NA;NA
3;0.579713333333333;0.000101097961333333;0,440909091;97;NA;NA
5;0.5581534;6.88259167999998e-05;0;96;NA;NA
5;0.5597246;5.14968143e-05;0,013636364;96;NA;NA
5;0.551737;0.0001166787325;0,018181818;96;NA;NA
5;0.5612046;6.30528613000002e-05;0,029545455;96;NA;NA
3;0.566376333333333;0.000234572865333335;0,040909091;96;NA;NA
10;0.5640014;0.000169870454933334;0,090909091;96;NA;NA
5;0.5557612;8.03062362000001e-05;0,127272727;96;NA;NA
5;0.5571834;0.0001668754088;0,163636364;96;NA;NA
5;0.569249;2.69573150000005e-06;0,168181818;96;NA;NA
1;0.559948;0;0,195454545;96;NA;NA
1;0.549403;0;0,209090909;96;NA;NA
2;0.5549675;0.0004553256645;0,213636364;96;NA;NA
1;0.569239;0;0,222727273;96;NA;NA
2;0.56427;4.52961620000002e-05;0,227272727;96;NA;NA
4;0.56947775;6.50902935833335e-05;0,236363636;96;NA;NA
16;4.5625;4.395833333;0;95;NA;NA
15;2.933333333;1.20952381;0,81203;95;NA;NA
20;3.75;1.881578947;1,82707;95;NA;NA
17;3.941176471;1.558823529;2,16541;95;NA;NA
24;3.458333333;2.172101449;2,57143;95;NA;NA
10;3.6;0.711111111;3,11278;95;NA;NA
17;3.117647059;0.610294118;4,19549;95;NA;NA
18;2.944444444;0.290849673;4,66917;95;NA;NA
8;3.125;0.696428571;5,81955;95;NA;NA
10;2.9;0.544444444;6,76692;95;NA;NA
16;2.3125;0.629166667;7,44361;95;NA;NA
23;2.739130435;0.837944664;8,32331;95;NA;NA
19;2.736842105;0.538011696;9;95;NA;NA
8;1.26;0.08;0;94;NA;NA
6;1.23;0.02;1,16129;94;NA;NA
20;1.39;0.13;1,8871;94;NA;NA
17;1.26;0.02;3,70161;94;NA;NA
16;1.37;0.03;4,20968;94;NA;NA
9;1.47;0.06;5,44355;94;NA;NA
12;1.54;0.06;6,60484;94;NA;NA
24;1.63;0.11;7,33065;94;NA;NA
12;1.64;0.07;9;94;NA;NA
2;1.04;2e-04;0;84;NA;NA
12;1.120833333;0.006699242;0,02;84;NA;NA
5;1.176;0.00288;0,08;84;NA;NA
2;1.18;0.0098;0,155;84;NA;NA
2;1.08;0.0162;0,335;84;NA;NA
2;1.075;0.01445;0,35;84;NA;NA
2;1.015;0.00045;0,5;84;NA;NA
5;1.036;0.00243;0,55;84;NA;NA
4;1.145;0.000633333;0,8;84;NA;NA
2;1.16;2e-04;0;83;NA;NA
15;1.138;0.011702857;0,02;83;NA;NA
6;1.186666667;0.002426667;0,08;83;NA;NA
2;1.21;0.0032;0,155;83;NA;NA
2;1.1925;0.008891667;0,17;83;NA;NA
5;0.988;0.00987;0,335;83;NA;NA
2;1.18;0.0098;0,35;83;NA;NA
2;0.985;0.00405;0,5;83;NA;NA
8;1.0875;0.00885;0,55;83;NA;NA
2;1.1;0.02;0,75;83;NA;NA
3;1.106666667;0.005033333;0,8;83;NA;NA
6;1.39;0.00988;0;82;NA;NA
3;1.43;3e-04;0,215;82;NA;NA
11;1.495454545;0.011547273;0,415;82;NA;NA
13;1.62;0.0497;0,465;82;NA;NA
5;1.542;0.00032;0,69;82;NA;NA
3;1.503333333;0.004633333;0,825;82;NA;NA
3;1.59;0.0097;0,835;82;NA;NA
7;1.541428571;0.005280952;0,865;82;NA;NA
2;1.6;8e-04;0,905;82;NA;NA
3;1.48;0.0049;0,915;82;NA;NA
10;1.626;0.003271111;0,965;82;NA;NA
6;1.531666667;0.010496667;1,195;82;NA;NA
4;1.44;0.003266667;1,235;82;NA;NA
4;1.5025;0.007025;1,245;82;NA;NA
3;1.476666667;0.001233333;1,315;82;NA;NA
2;1.5;0.0018;1,325;82;NA;NA
5;1.508;0.00292;1,365;82;NA;NA
4;1.4775;0.001491667;0;81;NA;NA
6;1.436666667;0.005706667;0,165;81;NA;NA
10;1.478;0.006106667;0,58;81;NA;NA
7;1.478571429;0.007814286;0,63;81;NA;NA
2;1.52;2e-04;0,99;81;NA;NA
3;1.483333333;0.002033333;1;81;NA;NA
9;1.52875;0.006183929;1,03;81;NA;NA
4;1.5225;0.006091667;1,08;81;NA;NA
7;1.535714286;0.003761905;1,13;81;NA;NA
10;1.496;0.010871111;1,36;81;NA;NA
2;1.435;5e-05;1,4;81;NA;NA
3;1.49;0.0048;1,41;81;NA;NA
5;1.45;0.0056;1,48;81;NA;NA
2;1.46;8e-04;1,49;81;NA;NA
3;1.416666667;0.001633333;1,53;81;NA;NA
50;3.46;0.253469388;0;80;NA;NA
50;4.24;0.798367347;0,289985294117647;80;NA;NA
50;5.08;1.789387755;0,541985294117647;80;NA;NA
50;4.12;0.475102041;0,819264705882353;80;NA;NA
50;5.1;2.418367347;1,62608823529412;80;NA;NA
50;5.26;3.012653061;2,13022058823529;80;NA;NA
50;4.46;0.784081633;2,9475;80;NA;NA
50;4.02;0.509795918;6,44108823529412;80;NA;NA
30;29.169;10.9263675;0;79;NA;NA
30;26.662;8.6349675;0,163852941176471;79;NA;NA
30;21.674;8.2845075;0,390838235294116;79;NA;NA
30;20.843;4.8601875;0,542117647058822;79;NA;NA
30;22.38;10.9263675;0,60445588235294;79;NA;NA
30;20.409;4.84812;1,04651470588235;79;NA;NA
30;20.069;7.92588;1,17225;79;NA;NA
30;18.791;7.2471675;1,32313235294118;79;NA;NA
30;19.77;2.5317075;1,47533823529412;79;NA;NA
30;19.319;7.92588;1,56269117647059;79;NA;NA
50;3.92;0.646530612;0;78;NA;NA
50;4.6;1.142857143;0,0684886363636364;78;NA;NA
50;5.78;3.603673469;0,126409090909091;78;NA;NA
50;3.92;0.19755102;0,815784090909091;78;NA;NA
50;4.32;0.834285714;1,08505681818182;78;NA;NA
50;5.76;3.288163265;2,85154545454545;78;NA;NA
50;4.72;0.532244898;4,478;78;NA;NA
50;4.96;0.692244898;4,98425;78;NA;NA
1;602;0;0;76;NA;NA
1;678;0;0,387999999999998;76;NA;NA
1;652;0;0,402000000000001;76;NA;NA
1;716;0;1,58;76;NA;NA
1;670;0;1,704;76;NA;NA
1;639;0;2,41;76;NA;NA
1;656;0;2,461;76;NA;NA
1;657;0;3,071;76;NA;NA
2;700.5;12.25;3,084;76;NA;NA
3;674;316.666666666667;3,096;76;NA;NA
1;642;0;3,169;76;NA;NA
1;703;0;3,183;76;NA;NA
1;645;0;3,281;76;NA;NA
2;658;169;3,296;76;NA;NA
1;677;0;3,435;76;NA;NA
1;623;0;3,446;76;NA;NA
4;635;1193.5;3,45;76;NA;NA
1;619;0;3,47;76;NA;NA
2;688;0;3,568;76;NA;NA
1;654;0;3,755;76;NA;NA
1;634;0;3,759;76;NA;NA
1;641;0;4,022;76;NA;NA
1;706;0;4,112;76;NA;NA
1;666;0;4,246;76;NA;NA
1;677;0;4,57;76;NA;NA
1;651;0;4,755;76;NA;NA
1;642;0;4,837;76;NA;NA
1;661;0;5,306;76;NA;NA
1;290;0;0;75;NA;NA
1;313;0;0,387999999999998;75;NA;NA
1;278;0;0,402000000000001;75;NA;NA
1;286;0;1,58;75;NA;NA
1;317;0;1,704;75;NA;NA
1;283;0;2,41;75;NA;NA
1;296;0;2,461;75;NA;NA
1;285;0;3,071;75;NA;NA
2;279;25;3,084;75;NA;NA
3;300;144.666666666667;3,096;75;NA;NA
1;309;0;3,169;75;NA;NA
1;279;0;3,183;75;NA;NA
1;333;0;3,281;75;NA;NA
2;313;225;3,296;75;NA;NA
1;291;0;3,435;75;NA;NA
1;298;0;3,446;75;NA;NA
4;286.25;5.6875;3,45;75;NA;NA
1;301;1;3,47;75;NA;NA
2;302;0;3,568;75;NA;NA
1;323;0;3,755;75;NA;NA
1;308;0;3,759;75;NA;NA
1;314;0;4,022;75;NA;NA
1;304;0;4,112;75;NA;NA
1;327;0;4,246;75;NA;NA
1;325;0;4,57;75;NA;NA
1;324;0;4,755;75;NA;NA
1;318;0;4,837;75;NA;NA
1;315;0;5,306;75;NA;NA
1;630;0;0;74;NA;NA
1;617;0;0,524000000000001;74;NA;NA
1;647;0;3,096;74;NA;NA
1;640;0;3,133;74;NA;NA
2;689.5;462.25;3,165;74;NA;NA
1;663;0;3,192;74;NA;NA
2;638.5;30.25;3,217;74;NA;NA
1;718;0;3,231;74;NA;NA
1;647;0;3,281;74;NA;NA
2;611.5;12.25;3,45;74;NA;NA
1;656;0;3,468;74;NA;NA
1;642;0;3,518;74;NA;NA
2;701;0;3,568;74;NA;NA
1;659;0;3,755;74;NA;NA
1;686;0;4,283;74;NA;NA
1;684;0;4,426;74;NA;NA
1;587;0;5,318;74;NA;NA
2;620;121;5,403;74;NA;NA
2;629.5;12.25;5,624;74;NA;NA
2;771.5;870.25;0;72;NA;NA
1;863;0;0,265999999999998;72;NA;NA
1;817;0;0,425000000000004;72;NA;NA
1;738;0;0,436;72;NA;NA
2;816;3025;1,286;72;NA;NA
1;840;0;1,89;72;NA;NA
1;841;0;1,992;72;NA;NA
1;845;0;2,006;72;NA;NA
2;764.5;182.25;2,458;72;NA;NA
4;786.75;267.1875;2,509;72;NA;NA
1;748;0;2,581;72;NA;NA
2;836;9;2,592;72;NA;NA
1;745;0;2,62;72;NA;NA
1;740;0;2,982;72;NA;NA
2;854;5329;3,116;72;NA;NA
1;864;0;3,119;72;NA;NA
1;770;0;3,132;72;NA;NA
1;802;0;3,144;72;NA;NA
1;774;0;3,168;72;NA;NA
1;848;0;3,181;72;NA;NA
2;830;841;3,231;72;NA;NA
1;776;0;3,246;72;NA;NA
1;751;0;3,279;72;NA;NA
1;748;0;3,313;72;NA;NA
1;738;0;3,329;72;NA;NA
1;773;0;3,344;72;NA;NA
1;767;0;3,465;72;NA;NA
2;777;169;3,483;72;NA;NA
2;761;121;3,516;72;NA;NA
2;773;324;3,616;72;NA;NA
3;759.333333333333;4293.55555555555;3,633;72;NA;NA
3;789.333333333333;5.55555555555555;3,676;72;NA;NA
1;789;0;3,797;72;NA;NA
1;715;0;4,07;72;NA;NA
1;779;0;4,294;72;NA;NA
3;841.333333333333;3638.22222222222;4,331;72;NA;NA
1;766;0;4,344;72;NA;NA
1;774;0;4,618;72;NA;NA
1;753;0;4,96;72;NA;NA
1;768;0;5,007;72;NA;NA
1;728;0;5,049;72;NA;NA
2;765.5;30.25;5,094;72;NA;NA
2;853.5;2652.25;5,216;72;NA;NA
4;786.2;1016.25;5,3264;72;NA;NA
2;794;784;5,477;72;NA;NA
1;785;616225;5,732;72;NA;NA
2;365;676;0;71;NA;NA
1;450;0;0,265999999999998;71;NA;NA
1;348;0;0,425000000000004;71;NA;NA
1;373;0;0,436;71;NA;NA
2;373;36;1,286;71;NA;NA
1;347;0;1,89;71;NA;NA
1;346;0;1,992;71;NA;NA
1;348;0;2,006;71;NA;NA
2;367;64;2,458;71;NA;NA
4;387.5;98.75;2,509;71;NA;NA
1;367;1;2,581;71;NA;NA
2;345;4;2,592;71;NA;NA
1;373;0;2,62;71;NA;NA
1;364;0;2,982;71;NA;NA
2;410;576;3,116;71;NA;NA
1;354;0;3,119;71;NA;NA
1;385;0;3,132;71;NA;NA
1;390;0;3,144;71;NA;NA
1;379;0;3,168;71;NA;NA
1;350;0;3,181;71;NA;NA
2;375;961;3,231;71;NA;NA
1;374;0;3,246;71;NA;NA
1;372;0;3,279;71;NA;NA
1;362;0;3,313;71;NA;NA
1;331;0;3,329;71;NA;NA
1;382;0;3,344;71;NA;NA
1;330;0;3,465;71;NA;NA
2;377;1;3,483;71;NA;NA
2;374.5;30.25;3,516;71;NA;NA
2;371;100;3,616;71;NA;NA
3;346.666666666667;186.888888888889;3,633;71;NA;NA
3;321.333333333333;0.888888888888889;3,676;71;NA;NA
1;334;0;3,797;71;NA;NA
1;347;0;4,07;71;NA;NA
1;382;0;4,294;71;NA;NA
3;379.333333333333;1100.22222222222;4,331;71;NA;NA
1;380;0;4,344;71;NA;NA
1;348;0;4,618;71;NA;NA
1;312;0;4,96;71;NA;NA
1;320;0;5,007;71;NA;NA
1;355;0;5,049;71;NA;NA
2;349;529;5,094;71;NA;NA
2;370;1600;5,216;71;NA;NA
4;347.8;416.6875;5,3264;71;NA;NA
2;336.5;1190.25;5,477;71;NA;NA
1;353;124609;5,732;71;NA;NA
1;423;0;0;69;NA;NA
1;384;0;0,078000000000003;69;NA;NA
1;316;0;0,425000000000004;69;NA;NA
1;389;0;0,450000000000003;69;NA;NA
1;383;0;0,572000000000003;69;NA;NA
1;401;0;1,286;69;NA;NA
1;377;0;1,359;69;NA;NA
2;387;1600;1,89;69;NA;NA
2;362;9;2,006;69;NA;NA
1;405;0;2,108;69;NA;NA
1;381.5;0;2,2875;69;NA;NA
1;397;0;2,458;69;NA;NA
2;364.5;72.25;2,509;69;NA;NA
2;367.5;552.25;2,509;69;NA;NA
2;385.5;90.25;2,581;69;NA;NA
1;383;0;2,661;69;NA;NA
1;401;0;3,119;69;NA;NA
1;366;0;3,144;69;NA;NA
2;392;81;3,168;69;NA;NA
1;372;0;3,19900000000001;69;NA;NA
1;393;0;3,224;69;NA;NA
1;377.5;0;3,248;69;NA;NA
1;349.5;0;3,272;69;NA;NA
1;346.5;0;3,304;69;NA;NA
2;332.5;56.25;3,329;69;NA;NA
1;349.333333333333;0;3,37933333333334;69;NA;NA
1;355;0;3,465;69;NA;NA
1;329;0;3,483;69;NA;NA
1;325;0;3,58;69;NA;NA
2;363.666666666667;144;3,604;69;NA;NA
1;356;0;3,759;69;NA;NA
1;384;0;4,205;69;NA;NA
1;386;0;4,254;69;NA;NA
6;387.666666666667;0;4,331;69;NA;NA
3;348.333333333333;746.888888888889;4,62733333333333;69;NA;NA
2;362;16;5,163;69;NA;NA
3;349.666666666667;228.222222222222;5,354;69;NA;NA
1;375;0;5,732;69;NA;NA
6;0.85;0.011;0;68;NA;NA
7;0.871428571;0.005714286;0,15664761339173;68;NA;NA
8;0.925;0.005;0,215759780268725;68;NA;NA
6;0.916666667;0.005666667;0,394580951673966;68;NA;NA
9;0.844444444;0.012777778;0,466995768688293;68;NA;NA
12;0.858333333;0.022651515;0,6;68;NA;NA
6;1.282539683;0.068495843;0;67;NA;NA
7;1.580952381;0.05994709;0,15664761339173;67;NA;NA
8;1.631448413;0.623598232;0,215759780268725;67;NA;NA
6;1.577380952;0.126629819;0,394580951673966;67;NA;NA
9;2.174074074;0.249591049;0,466995768688293;67;NA;NA
12;1.766964286;0.163655464;0,6;67;NA;NA
6;6.383333333;1.253666667;0;66;NA;NA
7;6.571428571;0.192380952;0,15664761339173;66;NA;NA
8;6.025;0.165;0,215759780268725;66;NA;NA
6;5.366666667;0.298666667;0,394580951673966;66;NA;NA
9;5.933333333;0.31;0,466995768688293;66;NA;NA
12;6.241666667;0.251742424;0,6;66;NA;NA
6;1.124890448;0.010688437;0;65;NA;NA
7;1.160502878;0.001908901;0,15664761339173;65;NA;NA
8;1.134583077;0.016596194;0,215759780268725;65;NA;NA
6;1.121289709;0.002950298;0,394580951673966;65;NA;NA
9;1.096658061;0.007526398;0,466995768688293;65;NA;NA
12;1.117821391;0.008428005;0,6;65;NA;NA
25;1.712;0.040266667;0;64;NA;NA
25;1.712;0.112766667;0,118209569723148;64;NA;NA
24;1.8125;0.100271739;0,146554530179201;64;NA;NA
26;1.742307692;0.132138462;0,192239005551108;64;NA;NA
25;1.484;0.094733333;0,237978904030052;64;NA;NA
19;1.552631579;0.065964912;0,260053135804207;64;NA;NA
24;1.470833333;0.07432971;0,297875447563583;64;NA;NA
23;1.643478261;0.118932806;0,342015993525173;64;NA;NA
22;1.595454545;0.12521645;0,373535906255773;64;NA;NA
21;1.40952381;0.101904762;0,412941735359063;64;NA;NA
14;1.514285714;0.069010989;0,427130050760528;64;NA;NA
14;1.45;0.125769231;0,490177793808447;64;NA;NA
19;1.4;0.133333333;0,591063683789181;64;NA;NA
19;1.568421053;0.042280702;0,680904540296118;64;NA;NA
12;1.641666667;0.079015152;0,758140598745502;64;NA;NA
10;1.43;0.086777778;0,9;64;NA;NA
25;1.359286214;0.054404819;0;63;NA;NA
25;1.394608352;0.089294849;0,118209569723148;63;NA;NA
24;1.537265454;0.123174627;0,146554530179201;63;NA;NA
26;1.452824736;0.190991483;0,192239005551108;63;NA;NA
25;1.42084743;0.113132027;0,237978904030052;63;NA;NA
19;1.641048133;0.407428464;0,260053135804207;63;NA;NA
24;1.67484379;0.250743884;0,297875447563583;63;NA;NA
23;1.704033832;0.63761967;0,342015993525173;63;NA;NA
22;1.537879166;0.097643711;0,373535906255773;63;NA;NA
21;1.52983498;0.189334663;0,412941735359063;63;NA;NA
14;2.027250131;0.561812978;0,427130050760528;63;NA;NA
14;1.903120094;0.308684741;0,490177793808447;63;NA;NA
19;1.577192836;0.432374141;0,591063683789181;63;NA;NA
19;1.520152946;0.221195265;0,680904540296118;63;NA;NA
12;1.43599537;0.053614663;0,758140598745502;63;NA;NA
10;1.849838936;0.26960525;0,9;63;NA;NA
25;6.012;0.291933333;0;62;NA;NA
25;6.008;0.589933333;0,118209569723148;62;NA;NA
24;6.15;0.150434783;0,146554530179201;62;NA;NA
26;6.288461538;0.619461538;0,192239005551108;62;NA;NA
25;6.26;0.31;0,237978904030052;62;NA;NA
19;6.315789474;0.44251462;0,260053135804207;62;NA;NA
24;6.104166667;0.309981884;0,297875447563583;62;NA;NA
23;6.034782609;0.197826087;0,342015993525173;62;NA;NA
22;6.272727273;0.335411255;0,373535906255773;62;NA;NA
21;6.076190476;0.476904762;0,412941735359063;62;NA;NA
14;6.385714286;0.318241758;0,427130050760528;62;NA;NA
14;6.071428571;0.406813187;0,490177793808447;62;NA;NA
19;6.131578947;0.35005848;0,591063683789181;62;NA;NA
19;5.568421053;0.171169591;0,680904540296118;62;NA;NA
12;6.1;0.421818182;0,758140598745502;62;NA;NA
10;6.89;0.165444444;0,9;62;NA;NA
25;1.124615439;0.005973163;0;61;NA;NA
25;1.140574881;0.006555121;0,118209569723148;61;NA;NA
24;1.157286331;0.014523625;0,146554530179201;61;NA;NA
26;1.130333963;0.007078505;0,192239005551108;61;NA;NA
25;1.146580913;0.005041272;0,237978904030052;61;NA;NA
19;1.102460747;0.002486326;0,260053135804207;61;NA;NA
24;1.131171896;0.010477696;0,297875447563583;61;NA;NA
23;1.199934932;0.006287524;0,342015993525173;61;NA;NA
22;1.170497429;0.00533954;0,373535906255773;61;NA;NA
21;1.147244228;0.010290771;0,412941735359063;61;NA;NA
14;1.187296573;0.007494984;0,427130050760528;61;NA;NA
14;1.144407713;0.014573972;0,490177793808447;61;NA;NA
19;1.141142566;0.007451913;0,591063683789181;61;NA;NA
19;1.200789162;0.008878867;0,680904540296118;61;NA;NA
12;1.194921977;0.016741993;0,758140598745502;61;NA;NA
10;1.160400266;0.007370078;0,9;61;NA;NA
27;4.6;1.1;0;60;NA;NA
10;9.2;2;0,061666667;60;NA;NA
64;6.6;2;0,228333333;60;NA;NA
15;6.3;2;0,935;60;NA;NA
44;6.2;1;1,061666667;60;NA;NA
33;7.4;2;1,416666667;60;NA;NA
26;7.1;1.2;0;59;NA;NA
10;11.6;3.1;0,061666667;59;NA;NA
63;9.7;3;0,228333333;59;NA;NA
15;9.5;2;0,935;59;NA;NA
44;8.6;2;1,061666667;59;NA;NA
33;10;2.07;1,416666667;59;NA;NA
21;0.46;0.07;0;58;NA;NA
8;0.42;0.1;0,061666667;58;NA;NA
46;0.37;0.04;0,228333333;58;NA;NA
18;0.31;0.02;0,935;58;NA;NA
34;0.35;0.03;1,061666667;58;NA;NA
28;0.34;0.04;1,416666667;58;NA;NA
27;0.6;0.03;0;57;NA;NA
10;0.62;0.04;0,061666667;57;NA;NA
64;0.6;0.03;0,228333333;57;NA;NA
14;0.58;0.03;0,935;57;NA;NA
45;0.57;0.03;1,061666667;57;NA;NA
34;0.52;0.03;1,416666667;57;NA;NA
27;1.12;0.13;0;56;NA;NA
10;0.8;0.13;0,061666667;56;NA;NA
66;0.96;0.22;0,228333333;56;NA;NA
15;1.12;0.22;0,935;56;NA;NA
45;1.19;0.18;1,061666667;56;NA;NA
34;1.15;0.24;1,416666667;56;NA;NA
24;0.44;0.05;0;55;NA;NA
9;0.47;0.07;0,061666667;55;NA;NA
55;0.48;0.03;0,228333333;55;NA;NA
12;0.44;0.04;0,935;55;NA;NA
39;0.46;0.04;1,061666667;55;NA;NA
27;0.42;0.06;1,416666667;55;NA;NA
27;0.61;0.04;0;54;NA;NA
10;0.62;0.04;0,061666667;54;NA;NA
65;0.61;0.03;0,228333333;54;NA;NA
14;0.61;0.03;0,935;54;NA;NA
45;0.6;0.03;1,061666667;54;NA;NA
34;0.55;0.04;1,416666667;54;NA;NA
5;25.3;7.7;0;53;NA;NA
5;25.3;7.4;0,014;53;NA;NA
20;27.1;3.2;0,017;53;NA;NA
2;26.6;6.5;0,019;53;NA;NA
32;28.8;4.2;0,024;53;NA;NA
61;24;1.6;0;52;NA;NA
24;24.4;3.7;0,014;52;NA;NA
62;25.5;2.8;0,017;52;NA;NA
43;23.9;4;0,019;52;NA;NA
4;26.2;0.2;0,022;52;NA;NA
82;25.4;1.7;0,024;52;NA;NA
17;323;161.5;0;51;NA;NA
12;341.9;130;0,014;51;NA;NA
119;335.8;196.1;0,017;51;NA;NA
20;337;183.2;0,019;51;NA;NA
79;341;317;0,024;51;NA;NA
17;76.6;21.3;0;50;NA;NA
12;80.3;18.7;0,014;50;NA;NA
119;86.6;80.6;0,017;50;NA;NA
20;78.2;22.9;0,019;50;NA;NA
79;80.6;22.7;0,024;50;NA;NA
17;36.8;6.6;0;48;NA;NA
12;38.5;6.6;0,014;48;NA;NA
119;44.4;50.1;0,017;48;NA;NA
20;38.5;7.4;0,019;48;NA;NA
79;38.6;7.2;0,024;48;NA;NA
17;49.8;14.7;0;47;NA;NA
12;52.3;14.2;0,014;47;NA;NA
119;44.3;50.7;0,017;47;NA;NA
20;51.8;17.7;0,019;47;NA;NA
79;52.6;13;0,024;47;NA;NA
17;101.4;38;0;46;NA;NA
12;107.3;46.4;0,014;46;NA;NA
119;105.9;35.9;0,017;46;NA;NA
20;105.1;21.2;0,019;46;NA;NA
79;106.7;40.3;0,024;46;NA;NA
17;56.2;21.3;0;45;NA;NA
12;60.8;8.6;0,014;45;NA;NA
119;60.8;16;0,017;45;NA;NA
20;61.7;9.9;0,019;45;NA;NA
79;61.7;17;0,024;45;NA;NA
17;348.2;324.8;0;44;NA;NA
12;344.8;481.2;0,014;44;NA;NA
119;368.7;248.5;0,017;44;NA;NA
20;356.2;194.4;0,019;44;NA;NA
79;362;230.7;0,024;44;NA;NA
17;92.4;31.2;0;43;NA;NA
12;87.8;18.7;0,014;43;NA;NA
119;95.1;24.8;0,017;43;NA;NA
20;93.6;22.7;0,019;43;NA;NA
79;92.4;21;0,024;43;NA;NA
5;46.7;9.3;0;42;NA;NA
5;47.3;5.2;0,014;42;NA;NA
20;46.3;9.2;0,017;42;NA;NA
2;44.6;80;0,019;42;NA;NA
32;44.2;40.5;0,024;42;NA;NA
17;46.7;12.4;0;41;NA;NA
12;46;7.4;0,014;41;NA;NA
119;49.1;7.8;0,017;41;NA;NA
20;47.1;9;0,019;41;NA;NA
79;48.8;9.3;0,024;41;NA;NA
17;35.6;4;0;40;NA;NA
12;34.2;5;0,014;40;NA;NA
119;36;5.5;0,017;40;NA;NA
20;34.5;5.4;0,019;40;NA;NA
79;35.7;3.9;0,024;40;NA;NA
17;31.8;5.2;0;39;NA;NA
12;30.8;4.1;0,014;39;NA;NA
119;32.6;4.1;0,017;39;NA;NA
20;30.7;2.9;0,019;39;NA;NA
79;32.3;3.7;0,024;39;NA;NA
17;77.1;19.3;0;38;NA;NA
12;74.3;23.9;0,014;38;NA;NA
119;79.2;13.8;0,017;38;NA;NA
20;75.6;9.7;0,019;38;NA;NA
79;78.8;12.5;0,024;38;NA;NA
17;71;15.1;0;37;NA;NA
12;69.3;17.4;0,014;37;NA;NA
119;73.8;13.3;0,017;37;NA;NA
20;69;15.2;0,019;37;NA;NA
79;71.6;14.2;0,024;37;NA;NA
35;51.8;14.5;0;36;NA;NA
29;52.3;9.9;0,006;36;NA;NA
26;53.3;11;0,009;36;NA;NA
25;52.4;8.2;0,01;36;NA;NA
23;50.2;18.5;0,012;36;NA;NA
21;53.7;14.8;0,014;36;NA;NA
18;52.2;14.7;0,017;36;NA;NA
16;52.9;18.2;0,019;36;NA;NA
11;54.9;15.4;0,024;36;NA;NA
35;40;6.6;0;35;NA;NA
29;41.8;6.4;0,006;35;NA;NA
26;38.4;2.4;0,009;35;NA;NA
25;42.3;17.6;0,01;35;NA;NA
23;39.2;13.3;0,012;35;NA;NA
21;41.3;8.2;0,014;35;NA;NA
18;39.7;8;0,017;35;NA;NA
16;40.2;8.2;0,019;35;NA;NA
11;41.7;9.2;0,024;35;NA;NA
35;42.7;6.4;0;34;NA;NA
29;43.3;13.4;0,006;34;NA;NA
26;42;2;0,009;34;NA;NA
25;43.1;6.5;0,01;34;NA;NA
23;43.6;9.3;0,012;34;NA;NA
21;42.7;4.2;0,014;34;NA;NA
18;43;4.4;0,017;34;NA;NA
16;44.3;5.7;0,019;34;NA;NA
11;43.6;4.3;0,024;34;NA;NA
50;36.2;5.8;0;33;NA;NA
12;38.2;4.9;0,014;33;NA;NA
50;36.9;4;0,017;33;NA;NA
48;36.5;5.9;0,019;33;NA;NA
100;37.2;5.4;0,024;33;NA;NA
50;28.9;3.5;0;32;NA;NA
12;29.5;5.3;0,014;32;NA;NA
50;28.9;4.6;0,017;32;NA;NA
48;27.3;3.8;0,019;32;NA;NA
100;28.4;3.8;0,024;32;NA;NA
5;29.6;5.3;0;31;NA;NA
5;29.7;1.9;0,014;31;NA;NA
20;28.4;2.8;0,017;31;NA;NA
2;27.9;16.8;0,019;31;NA;NA
32;26.6;5.8;0,024;31;NA;NA
50;28.9;3.5;0;30;NA;NA
12;29.5;5.3;0,014;30;NA;NA
50;28.9;4.6;0,017;30;NA;NA
48;27.3;3.8;0,019;30;NA;NA
100;28.4;2.8;0,024;30;NA;NA
51;42.7;6.4;0;29;NA;NA
6;43.3;13.4;0,006;29;NA;NA
2;42;2;0,009;29;NA;NA
6;43.1;6.5;0,01;29;NA;NA
3;43.6;9.3;0,012;29;NA;NA
30;42.7;4.2;0,014;29;NA;NA
99;43;4.4;0,017;29;NA;NA
50;44.3;5.7;0,019;29;NA;NA
102;43.6;4.3;0,024;29;NA;NA
51;42.7;6.4;0;28;NA;NA
6;43.3;13.4;0,006;28;NA;NA
2;42;2;0,009;28;NA;NA
6;43.1;6.5;0,01;28;NA;NA
3;43.6;9.3;0,012;28;NA;NA
30;42.7;4.2;0,014;28;NA;NA
99;43;4.4;0,017;28;NA;NA
50;44.3;5.7;0,019;28;NA;NA
102;43.6;4.3;0,024;28;NA;NA
51;25.5;3.8;0;27;NA;NA
6;25.1;4.5;0,006;27;NA;NA
2;25.4;3.3;0,009;27;NA;NA
6;25.7;4.7;0,01;27;NA;NA
3;23.8;4.3;0,012;27;NA;NA
30;25.6;4;0,014;27;NA;NA
99;24.6;3.4;0,017;27;NA;NA
50;25.5;5.2;0,019;27;NA;NA
102;26.8;4.9;0,024;27;NA;NA
47;92.5;15.4;0;26;NA;NA
23;92.3;24.8;0,014;26;NA;NA
68;96.3;21.6;0,017;26;NA;NA
30;96.7;10.4;0,019;26;NA;NA
4;98;4;0,022;26;NA;NA
59;96.2;25.7;0,024;26;NA;NA
47;17.3;1;0;25;NA;NA
23;17.4;1.5;0,014;25;NA;NA
68;17.9;1.2;0,017;25;NA;NA
30;17.1;1.7;0,019;25;NA;NA
4;19.5;0.3;0,022;25;NA;NA
59;18.8;1.4;0,024;25;NA;NA
47;13.7;1.4;0;24;NA;NA
23;14.6;1.2;0,014;24;NA;NA
68;15;0.9;0,017;24;NA;NA
30;14.1;1.3;0,019;24;NA;NA
4;14.5;1;0,022;24;NA;NA
59;14.6;0.9;0,024;24;NA;NA
23;23;1.7;0;23;NA;NA
68;23.3;2.6;0,003;23;NA;NA
30;23;1.7;0,005;23;NA;NA
4;22.5;4.3;0,008;23;NA;NA
59;23;1.8;0,01;23;NA;NA
5;51;22.4;0;22;NA;NA
5;56.3;6.7;0,014;22;NA;NA
20;54.9;7.9;0,017;22;NA;NA
2;53;3;0,019;22;NA;NA
32;54.1;26;0,024;22;NA;NA
5;62.3;39;0;21;NA;NA
5;66.6;12.5;0,014;21;NA;NA
20;66;6.4;0,017;21;NA;NA
2;66;4.6;0,019;21;NA;NA
32;64.4;28.5;0,024;21;NA;NA
5;35.1;9.3;0;20;NA;NA
5;38.3;2.5;0,014;20;NA;NA
20;37.2;2.8;0,017;20;NA;NA
2;38;0.6;0,019;20;NA;NA
32;37;10.8;0,024;20;NA;NA
61;91.8;17.8;0;19;NA;NA
24;94.4;44;0,014;19;NA;NA
62;95.7;21.5;0,017;19;NA;NA
43;96.1;22.4;0,019;19;NA;NA
4;92.5;62.9;0,022;19;NA;NA
82;96.8;19.1;0,024;19;NA;NA
61;13.8;0.8;0;17;NA;NA
24;14;1.2;0,014;17;NA;NA
62;14.2;1.3;0,017;17;NA;NA
43;13.4;1;0,019;17;NA;NA
4;14.7;0.9;0,022;17;NA;NA
82;14.1;0.8;0,024;17;NA;NA
3;1.27966666666667;0.00946955555555556;0;583;NA;NA
14;1.13214285714286;0.0194831224489794;0,38;583;NA;NA
2;1.263;0.002209;0,43;583;NA;NA
5;1.1042;0.00390456;0,54;583;NA;NA
2;0.9895;0.00783225;1,23;583;NA;NA
1;1.027;0;1,28;583;NA;NA
4;1.02175;0.0049601875;1,41;583;NA;NA
5;1.0706;0.00316344;1,52;583;NA;NA
4;0.853;0.000663499999999999;0,88;583;NA;NA
1;0.765;0;2,08;583;NA;NA
4;0.87775;0.0037656875;2,12;583;NA;NA
4;0.832;0.00762400000000008;2,15;583;NA;NA
2;0.8235;0.01113025;2,16;583;NA;NA
1;0.08637897;3.58924e-05;0;14;NA;NA
1;0.11135591;1.69667e-05;0,1657084;14;NA;NA
1;0.06371833;8.97413e-06;0,6111264;14;NA;NA
1;0.06231643;1.01309e-05;1,0167027;14;NA;NA
1;0.109334536;2.19063e-05;1,3215966;14;NA;NA
1;0.071253024;7.88355e-06;1,8655391;14;NA;NA
1;0.09257372;3.81793e-05;2,1074209;14;NA;NA
1;0.084559605;6.869e-06;2,4928608;14;NA;NA
1;0.0699198;1.26549e-05;2,756763;14;NA;NA
1;0.11841657;2.01948e-05;2,9718344;14;NA;NA
1;0.10452014;1.40169e-05;3,1204267;14;NA;NA
1;0.07300506;6.87082e-06;3,4167774;14;NA;NA
1;0.06791325;6.87261e-06;3,7229517;14;NA;NA
1;0.08996384;7.88547e-06;4,0119813;14;NA;NA
1;0.043769907;8.97001e-06;4,2352512;14;NA;NA
1;0.12904729;4.79953e-05;4,5324216;14;NA;NA
1;0.15844269;0.000148116;5,4332389;14;NA;NA
1;0.1548053;1.69667e-05;5,6555163;14;NA;NA
1;0.14390929;3.15458e-05;6,0030278;14;NA;NA
1;0.21071479;4.5587e-05;6,6504503;14;NA;NA
1;0.12827942;5.62693e-05;6,711997;14;NA;NA
1;0.13096425;0.000351867;6,88167208;14;NA;NA
1;0.19662741;0.000196084;6,8922655;14;NA;NA
1;0.18964298;0.000410448;6,97236477;14;NA;NA
1;0.12085607;0.000931024;7,078485032;14;NA;NA
1;0.08844901;0.00126129;7,111156512;14;NA;NA
1;0.14923587;0.000625446;7,1157594;14;NA;NA
1;48.155563;2.229871749;0;13;NA;NA
1;51.486053;0.208223193;0,1657084;13;NA;NA
1;49.20199;0.468478437;0,6111264;13;NA;NA
1;55.048687;0.910049805;1,0167027;13;NA;NA
1;51.791424;0.688171825;1,3215966;13;NA;NA
1;46.41624;0.084308307;1,8655391;13;NA;NA
1;60.31453;0.688231081;2,1074209;13;NA;NA
1;45.67377;0.621071856;2,4928608;13;NA;NA
1;44.043224;1.075288581;2,756763;13;NA;NA
1;46.39726;3.882055953;2,9718344;13;NA;NA
1;46.31341;0.313535146;3,1204267;13;NA;NA
1;41.43028;0.072675082;3,4167774;13;NA;NA
1;45.408764;0.09682734;3,7229517;13;NA;NA
1;45.81031;0.110116804;4,0119813;13;NA;NA
1;47.839;0.124337374;4,2352512;13;NA;NA
1;47.59;0.096782893;4,5324216;13;NA;NA
1;52.777798;0.247763951;5,4332389;13;NA;NA
1;49.196747;0.795273115;5,6555163;13;NA;NA
1;53.49973;0.110501462;6,0030278;13;NA;NA
1;55.628754;0.26040583;6,6504503;13;NA;NA
1;53.697914;0.185313558;6,711997;13;NA;NA
1;53.71627;1.968682451;6,88167208;13;NA;NA
1;56.34242;0.714222037;6,8922655;13;NA;NA
1;48.851086;1.586603728;6,97236477;13;NA;NA
1;53.050068;7.34644655;7,078485032;13;NA;NA
1;51.053604;4.362780651;7,111156512;13;NA;NA
1;49.179012;3.971708367;7,1157594;13;NA;NA
1;39.285713;1.311840063;0;12;NA;NA
1;54.285713;2.951641456;0,831169099999999;12;NA;NA
1;57.959183;0.132810601;1,1324677;12;NA;NA
1;49.285713;1.030634666;1,4545457;12;NA;NA
1;45.10204;0.737910802;1,901299;12;NA;NA
1;54.489796;1.433809525;2,2961037;12;NA;NA
1;51.734695;1.195294292;2,9402597;12;NA;NA
1;56.530613;3.610950063;3,3454547;12;NA;NA
1;46.530613;0.609843856;3,5948052;12;NA;NA
1;41.734695;3.512697357;3,9064937;12;NA;NA
1;42.7551;2.689405881;4,2077922;12;NA;NA
1;46.32653;0.737910364;4,5818183;12;NA;NA
1;48.97959;6.776039299;4,9246754;12;NA;NA
1;50;1.139051967;5,0701301;12;NA;NA
1;43.97959;0.609843059;5,3922078;12;NA;NA
1;45;1.56119925;5,6623377;12;NA;NA
1;54.795918;3.133238657;5,87013;12;NA;NA
1;57.7551;0.830065558;6,0363638;12;NA;NA
1;54.69388;0.830065093;6,5038962;12;NA;NA
1;55.714287;0.195827021;7,2207794;12;NA;NA
1;56.02041;0.358452381;7,55324688;12;NA;NA
1;57.44898;0.152460964;7,60519495;12;NA;NA
1;61.938774;0.271041359;7,74025988;12;NA;NA
1;58.97959;1.496825533;7,77142871;12;NA;NA
30;0.32835;0.00163216;0;10;NA;NA
30;0.3477;0.00139876;0,0559999999999992;10;NA;NA
30;0.3639;0.0007845601;0,112499999999999;10;NA;NA
30;0.33448;0.0011135569;0,154499999999999;10;NA;NA
30;0.36709;0.0011895601;0,254999999999999;10;NA;NA
30;0.42677;0.0015713296;0,285499999999999;10;NA;NA
30;0.41893;0.00320356;0,3165;10;NA;NA
30;0.41562;0.0019377604;0,3475;10;NA;NA
30;0.387;0.0018429849;0,378499999999999;10;NA;NA
30;0.42753;0.0020948929;0,4505;10;NA;NA
30;0.44051;0.0017884441;0,4795;10;NA;NA
30;0.40245;0.002209;0,5085;10;NA;NA
30;0.39679;0.0022043025;0,562859999999999;10;NA;NA
30;0.41687;0.0037933281;0,56559;10;NA;NA
30;0.40095;0.0024472809;0,567409999999999;10;NA;NA
30;0.41723;0.0036505764;0,573499999999999;10;NA;NA
30;0.43821;0.0019000881;0,5755;10;NA;NA
30;0.40815;0.0030371121;0,576499999999999;10;NA;NA
30;0.41531;0.0025391521;0,599499999999999;10;NA;NA
30;0.401;0.0018550249;0,6015;10;NA;NA
30;0.41202;0.0018215824;0,6305;10;NA;NA
30;0.44435;0.0020493729;0,65395;10;NA;NA
30;0.4436;0.0020921476;0,6845;10;NA;NA
30;0.49159;0.0016654561;0,74995;10;NA;NA
30;0.47154;0.0031798321;0,77759;10;NA;NA
30;0.47138;0.0023357889;0,79214;10;NA;NA
30;0.47987;0.0023687689;0,803049999999999;10;NA;NA
30;0.4712;0.0026040609;0,817589999999999;10;NA;NA
30;0.47711;0.002916;0,82123;10;NA;NA
30;0.48087;0.0016949689;0,824859999999999;10;NA;NA
30;0.47769;0.0021631801;0,828139999999999;10;NA;NA
30;0.47807;0.0029441476;0,832139999999999;10;NA;NA
30;0.48236;0.0033235225;0,83559;10;NA;NA
30;0.49209;0.0035153041;0,844859999999999;10;NA;NA
30;0.52213;0.0030835809;0,8485;10;NA;NA
30;0.51068;0.0037748736;0,852139999999999;10;NA;NA
30;0.50797;0.0033108516;0,85577;10;NA;NA
30;0.51496;0.00303601;0,858319999999999;10;NA;NA
30;0.53159;0.0025715041;0,87923;10;NA;NA
30;0.53338;0.0028665316;0,88668;10;NA;NA
30;0.56352;0.0051423241;0,95759;10;NA;NA
30;0.54223;0.0025553025;0,96668;10;NA;NA
30;0.57626;0.0023251684;0,975769999999999;10;NA;NA
30;0.58878;0.0056220004;0,99395;10;NA;NA
30;0.58215;0.0039917124;1,02305;10;NA;NA
30;0.56853;0.0048316401;1,03014;10;NA;NA
30;0.57297;0.0034445161;1,03941;10;NA;NA
30;0.55925;0.0063425296;1,05032;10;NA;NA
30;0.5982;0.0045306361;1,05759;10;NA;NA
30;0.58394;0.0031281649;1,06668;10;NA;NA
30;0.58664;0.0030239001;1,11577;10;NA;NA
30;0.60691;0.0050083929;1,13395;10;NA;NA
30;0.59048;0.0031348801;1,14086;10;NA;NA
30;0.26459;0.0004631104;0;9;NA;NA
30;0.27833;0.0010784656;0,167;9;NA;NA
30;0.26775;0.00048841;0,215;9;NA;NA
30;0.28828;0.0011142244;0,279999999999999;9;NA;NA
30;0.2786;0.0005929225;0,291;9;NA;NA
30;0.26294;0.0007463824;0,302;9;NA;NA
30;0.29683;0.0012538681;0,651999999999999;9;NA;NA
30;0.31289;0.00116281;0,865;9;NA;NA
6;20.4;0.64;0;8;NA;NA
17;20.2;1;0,1032;8;NA;NA
33;20.4;0.64;0,24768;8;NA;NA
87;20.7;1;0,94944;8;NA;NA
69;20.6;1.21;1,19712;8;NA;NA
85;19.6;1.21;1,89888;8;NA;NA
36;19.9;0.64;3,21984;8;NA;NA
36;19;0.64;3,96288;8;NA;NA
27;18.8;0.64;4,49952;8;NA;NA
12;3.4;0.04;0;7;NA;NA
22;3.3;0.09;0,1032;7;NA;NA
38;3.6;0.09;0,24768;7;NA;NA
108;3.2;0.09;0,94944;7;NA;NA
78;3.4;0.16;1,19712;7;NA;NA
88;3.4;0.09;1,89888;7;NA;NA
46;3.4;0.04;3,21984;7;NA;NA
43;3.4;0.04;3,96288;7;NA;NA
30;3.6;0.04;4,49952;7;NA;NA
12;14.1;3.24;0;6;NA;NA
24;14.7;5.76;0,1032;6;NA;NA
44;12.9;3.24;0,24768;6;NA;NA
107;13;4.84;0,94944;6;NA;NA
78;12.9;6.25;1,19712;6;NA;NA
91;12.8;5.29;1,89888;6;NA;NA
47;13.4;3.24;3,21984;6;NA;NA
46;12.7;3.24;3,96288;6;NA;NA
33;11.8;3.24;4,49952;6;NA;NA
4;13.5;9.61;0;5;NA;NA
12;18.9;86.49;0,1032;5;NA;NA
30;19.3;32.49;0,24768;5;NA;NA
80;18.9;30.25;0,94944;5;NA;NA
63;21;68.89;1,19712;5;NA;NA
77;22.7;68.89;1,89888;5;NA;NA
38;23.6;9.61;3,21984;5;NA;NA
37;23.7;9.61;3,96288;5;NA;NA
28;31.1;9.61;4,49952;5;NA;NA
12;48;26.01;0;4;NA;NA
22;47.8;40.96;0,1032;4;NA;NA
38;45.2;39.69;0,24768;4;NA;NA
108;41.3;37.21;0,94944;4;NA;NA
78;43.2;46.24;1,19712;4;NA;NA
89;43.1;50.41;1,89888;4;NA;NA
46;45.2;26.01;3,21984;4;NA;NA
43;42.6;26.01;3,96288;4;NA;NA
30;41.8;26.01;4,49952;4;NA;NA
12;14.3;4;0;3;NA;NA
24;15;6.76;0,1032;3;NA;NA
44;13.1;3.24;0,24768;3;NA;NA
102;13.1;6.25;0,94944;3;NA;NA
78;12.9;7.29;1,19712;3;NA;NA
91;12.9;6.76;1,89888;3;NA;NA
46;13.5;4;3,21984;3;NA;NA
46;13;4;3,96288;3;NA;NA
32;11.9;4;4,49952;3;NA;NA
10;14.4;1.21;0;2;NA;NA
18;14.9;6.76;0,1032;2;NA;NA
35;13;3.61;0,24768;2;NA;NA
83;13.6;4.84;0,94944;2;NA;NA
66;13.4;5.29;1,19712;2;NA;NA
43;13.5;1.21;3,21984;2;NA;NA
42;13.1;1.21;3,96288;2;NA;NA
27;12.1;1.21;4,49952;2;NA;NA
7;8.4;1.96;0;1;NA;NA
15;7.7;3.24;0,1032;1;NA;NA
34;7.9;2.89;0,24768;1;NA;NA
84;8.1;2.25;0,94944;1;NA;NA
67;7.7;2.25;1,19712;1;NA;NA
77;7.7;3.61;1,89888;1;NA;NA
38;7.6;1.96;3,21984;1;NA;NA
36;7.8;1.96;3,96288;1;NA;NA
28;7.2;1.96;4,49952;1;NA;NA
17;0.66038;0.000941347;0;596;NA;NA
90;0.58051;0.003472708;0,2;596;NA;NA
25;0.58969;0.001052936;0,4;596;NA;NA
43;0.56795;0.008278172;0,5;596;NA;NA
50;0.55301;0.004006495;0,7;596;NA;NA
24;0.55191;0.00189799;0,75;596;NA;NA
31;0.5815;0.005222564;0,8;596;NA;NA
41;0.58938;0.004158781;0,9;596;NA;NA
41;0.64624;0.001361583;1,7;596;NA;NA
41;0.59817;0.001062999;2;596;NA;NA
17;0.65044;0.000510916;2,7;596;NA;NA
18;42.09;2.06;0;579;NA;NA
14;43.04;1.22;0,0332352941176469;579;NA;NA
17;42.31;2.28;0,0597058823529408;579;NA;NA
19;41.46;0.66;0,0888235294117646;579;NA;NA
169;43;1.18;0,114411764705882;579;NA;NA
27;43.02;0.94;0,176764705882353;579;NA;NA
71;41.58;0.79;0,235;579;NA;NA
214;41.37;1.29;0,291764705882353;579;NA;NA
13;40.85;0.5;0,348235294117647;579;NA;NA
273;40.68;0.76;0,526764705882353;579;NA;NA
91;40.8;0.9;0,586470588235294;579;NA;NA
9;39.79;0.18;0,677647058823529;579;NA;NA
13;41.47;0.41;0,768235294117647;579;NA;NA
13;39.84;0.33;0,850882352941176;579;NA;NA
18;40.51;0.87;1,02470588235294;579;NA;NA
25;40.43;0.75;1,11911764705882;579;NA;NA
41;39.19;0.76;1,205;579;NA;NA
28;39.51;0.6;1,29176470588235;579;NA;NA
45;39.63;0.8;1,38382352941176;579;NA;NA
7;2.42485831080708;0.0816937977295472;0;525;NA;NA
38;2.5735679398399;0.0303809659201764;0,766;525;NA;NA
10;2.58787264875769;0.0082181793734811;0,789;525;NA;NA
9;2.30237828359537;0.0900582606693678;0,811;525;NA;NA
22;2.54547958713608;0.0587607713294668;0,834;525;NA;NA
13;2.43920734245026;0.0336850101374435;0,856;525;NA;NA
6;2.64996553526492;0.0178763853595174;0,9015;525;NA;NA
7;1.53318307679659;0.0185382703647017;0;520;NA;NA
38;1.5385705594469;0.00784675553633152;0,766;520;NA;NA
10;1.56559681724332;0.00652700133235557;0,789;520;NA;NA
9;1.49539124687267;0.0094135652583745;0,811;520;NA;NA
24;1.55357685646018;0.0174825932536031;0,834;520;NA;NA
13;1.5370136282783;0.00650934530712684;0,856;520;NA;NA
6;1.53991133505254;0.000939787546227677;0,9015;520;NA;NA
4;13.8;0.52;0;199;NA;NA
3;13.4;0.41;0,014;199;NA;NA
39;13.5;0.59;0,017;199;NA;NA
19;13.3;2;0,019;199;NA;NA
7;13.4;0.41;0,024;199;NA;NA
3;13.6;0.23;0,026;199;NA;NA
30;25.607;7.2177075;0;77;NA;NA
30;21.705;4.563;0,290909090909091;77;NA;NA
30;22.441;7.2177075;0,613977272727273;77;NA;NA
30;20.144;7.2177075;1,82056818181818;77;NA;NA
30;19.096;7.56012;1,93875;77;NA;NA
30;19.118;10.47843;2,14329545454546;77;NA;NA
30;17.937;4.06272;2,57397727272727;77;NA;NA
30;18.828;7.56012;2,72511363636364;77;NA;NA
1;295;0;0;73;NA;NA
1;341;0;0,524000000000001;73;NA;NA
1;310;0;3,096;73;NA;NA
1;307;0;3,133;73;NA;NA
2;313.5;90.25;3,165;73;NA;NA
1;323;1;3,192;73;NA;NA
2;315.5;72.25;3,217;73;NA;NA
1;288;0;3,231;73;NA;NA
1;318;0;3,281;73;NA;NA
2;304;0;3,45;73;NA;NA
1;318;0;3,468;73;NA;NA
1;323;0;3,518;73;NA;NA
1;311;0;3,568;73;NA;NA
1;334;0;3,755;73;NA;NA
1;316;0;4,283;73;NA;NA
1;308;0;4,426;73;NA;NA
1;323;0;5,318;73;NA;NA
2;313;9;5,403;73;NA;NA
2;308.5;12.25;5,624;73;NA;NA
1;853;0;0;70;NA;NA
1;701;0;0,078000000000003;70;NA;NA
1;726;0;0,425000000000004;70;NA;NA
1;836;0;0,450000000000003;70;NA;NA
1;728;0;0,572000000000003;70;NA;NA
1;785;0;1,286;70;NA;NA
1;756;0;1,359;70;NA;NA
2;864.5;600.25;1,89;70;NA;NA
2;790;4624;2,006;70;NA;NA
1;912;0;2,108;70;NA;NA
1;820;0;2,2875;70;NA;NA
1;792;0;2,458;70;NA;NA
2;793;49;2,509;70;NA;NA
2;791;1156;2,509;70;NA;NA
2;779.5;420.25;2,581;70;NA;NA
1;784;0;2,661;70;NA;NA
1;821;0;3,119;70;NA;NA
1;826;0;3,144;70;NA;NA
2;779;156.25;3,168;70;NA;NA
1;812.5;0;3,19900000000001;70;NA;NA
1;772.5;0;3,224;70;NA;NA
1;799.5;0;3,248;70;NA;NA
1;740;0;3,272;70;NA;NA
1;739.5;0;3,304;70;NA;NA
2;789.5;702.25;3,329;70;NA;NA
1;788;0;3,37933333333334;70;NA;NA
1;814;0;3,465;70;NA;NA
1;795;0;3,483;70;NA;NA
1;781;0;3,58;70;NA;NA
2;779;25;3,604;70;NA;NA
1;828;0;3,759;70;NA;NA
1;763;0;4,205;70;NA;NA
1;776;0;4,254;70;NA;NA
6;826.333333333333;6243.8889;4,331;70;NA;NA
3;783;1074.66666666667;4,62733333333333;70;NA;NA
2;722.5;30.25;5,163;70;NA;NA
3;785.666666666667;829.555555555556;5,354;70;NA;NA
1;804;0;5,732;70;NA;NA
17;67.9;19.3;0;49;NA;NA
12;70.7;11.6;0,014;49;NA;NA
119;75.2;22.4;0,017;49;NA;NA
20;69.6;10.6;0,019;49;NA;NA
79;71.6;15.2;0,024;49;NA;NA
61;16.2;0.8;0;18;NA;NA
24;16.7;2;0,014;18;NA;NA
62;17.3;1.6;0,017;18;NA;NA
43;16;1.8;0,019;18;NA;NA
4;17;0.6;0,022;18;NA;NA
82;17.2;1.4;0,024;18;NA;NA
1;0.053664684;7.1856e-06;0;11;NA;NA
1;0.0838171;0.000145504;0,8395793;11;NA;NA
1;0.10562709;8.24862e-06;1,130972;11;NA;NA
1;0.0764124;7.1779e-06;1,4677163;11;NA;NA
1;0.07798655;1.61633e-05;1,9276057;11;NA;NA
1;0.11181808;8.79865e-05;2,30718;11;NA;NA
1;0.07139287;2.11112e-05;2,9360473;11;NA;NA
1;0.07145623;4.74903e-05;3,3340569;11;NA;NA
1;0.06624802;7.18367e-06;3,6172023;11;NA;NA
1;0.101564996;7.42129e-05;3,8994518;11;NA;NA
1;0.10536802;5.01758e-05;4,2177768;11;NA;NA
1;0.118182264;7.4219e-05;4,5712815;11;NA;NA
1;0.088967584;0.000337779;4,9080258;11;NA;NA
1;0.081491075;1.46578e-05;5,0850853;11;NA;NA
1;0.10930621;4.49028e-05;5,3851898;11;NA;NA
1;0.095844276;4.23643e-05;5,6773625;11;NA;NA
1;0.16867472;8.44382e-05;5,8968695;11;NA;NA
1;0.10640994;7.42191e-05;6,0486061;11;NA;NA
1;0.13575275;7.09511e-05;6,5167262;11;NA;NA
1;0.11635608;1.93918e-05;7,2424202;11;NA;NA
1;0.12541237;1.93949e-05;7,56062903;11;NA;NA
1;0.10965961;1.77362e-05;7,60520082;11;NA;NA
1;0.18097505;5.57361e-05;7,73629436;11;NA;NA
1;0.12919849;0.000179621;7,77281802;11;NA;NA
120;704.29;7166.51;5e-05;16;NA;NA
14;728.57;5643.96;5,1e-05;16;NA;NA
118;39.63110169;21.80039794;0;456;NA;NA
794;22.49866373;8.135258871;0,2;456;NA;NA
60;23.5755;9.173638083;0,3;456;NA;NA
190;23.44978947;8.831703114;0,5;456;NA;NA
176;25.10261364;7.845262487;0,6;456;NA;NA
119;33.4181512605042;26.4547629687172;0;457;NA;NA
792;21.7424936868687;8.52175720703017;0,2;457;NA;NA
61;22.0362295081967;12.9991841440474;0,3;457;NA;NA
191;22.4840314136126;11.3167444806884;0,5;457;NA;NA
181;23.9638121546961;11.8052324288031;0,6;457;NA;NA
118;46.6025423728813;41.4695308244785;0;458;NA;NA
800;26.91147125;18.2494482466739;0,2;458;NA;NA
61;27.3595081967213;21.3532407417369;0,3;458;NA;NA
191;28.1950209424084;22.9864211828066;0,5;458;NA;NA
184;29.7188043478261;21.1045583530251;0,6;458;NA;NA
80;56951.4645;219173380.9;2,90415454;669;NA;NA
61;55621.71738;226611444.8;2,88521804;669;NA;NA
43;66127.34512;401915445;2,86626254;669;NA;NA
27;68514.84;457617296.9;2,84265458;669;NA;NA
48;68736.06;334208037.5;2,8202808;669;NA;NA
74;60494.12757;391660646.9;2,80430542;669;NA;NA
87;59834.75586;246170944.5;2,78820478;669;NA;NA
52;63281.74846;445438522.9;2,774007425;669;NA;NA
20;59898.204;319116471.6;2,7597965;669;NA;NA
2;50612.04;1322612968;2,75032722;669;NA;NA
22;61840.70182;225237798.8;2,74085334;669;NA;NA
25;56367.8352;148556417.3;2,720618733;669;NA;NA
1;47167.92;NA;2,710232096;669;NA;NA
15;50356.296;196564531.4;2,700589244;669;NA;NA
46;55009.77652;293455176.5;2,69150146;669;NA;NA
67;61495.68358;224539486.7;2,680136004;669;NA;NA
1;54163.08;NA;2,6715926;669;NA;NA
33;49590.75273;157583504.5;2,66077228;669;NA;NA
11;43379.77091;195579601.1;2,6494074;669;NA;NA
38;56957.58;184625537.2;2,639769063;669;NA;NA
168;43309.50429;126925822.9;2,63045642;669;NA;NA
33;48061.76727;169004536.4;2,622044247;669;NA;NA
33;77842.86545;805703083.5;2,611069497;669;NA;NA
41;45630.10537;162935910.1;2,601921577;669;NA;NA
82;55003.78098;205851595.8;2,59080392;669;NA;NA
107;47489.22505;150415305;2,57958848;669;NA;NA
2;51247.08;371944265.7;2,57009;669;NA;NA
140;48084.95571;177107910.3;2,5602;669;NA;NA
17;48142.01647;97272723.26;2,55003;669;NA;NA
32;45691.99875;173689151.5;2,53025;669;NA;NA
3;53587.44;159009271.2;2,51041;669;NA;NA
43;59364.03349;141648477.2;2,50017;669;NA;NA
51;56376.12706;109456996.7;2,49037;669;NA;NA
11;47339.05091;116110289.6;2,4806;669;NA;NA
69;47440.92522;120268920.2;2,47015;669;NA;NA
73;44932.71945;138921644.1;2,46042;669;NA;NA
3;41241.96;260221521.2;2,45042;669;NA;NA
80;1.3973303653875;0.00468900872414927;2,90415454;670;NA;NA
61;1.4282664942623;0.00569563958996399;2,88521804;670;NA;NA
43;1.3248681204186;0.00419846897659958;2,86626254;670;NA;NA
27;1.34840471466667;0.00667446207396351;2,84265458;670;NA;NA
48;1.34639746408333;0.0055857477269723;2,8202808;670;NA;NA
74;1.36326984921622;0.0059681925003918;2,80430542;670;NA;NA
87;1.36577655387356;0.00640860189169741;2,78820478;670;NA;NA
52;1.33209434386538;0.0050172527635821;2,774007425;670;NA;NA
20;1.3715440587;0.00653336775649425;2,7597965;670;NA;NA
2;1.379908085;0.00079465511737586;2,75032722;670;NA;NA
22;1.33745389531818;0.00601415215497941;2,74085334;670;NA;NA
25;1.3282966386;0.00516087250245685;2,720618733;670;NA;NA
1;1.337176818;NA;2,710232096;670;NA;NA
15;1.3840137556;0.00667890299748016;2,700589244;670;NA;NA
46;1.40292975497826;0.00559269649330413;2,69150146;670;NA;NA
67;1.39549460338806;0.00574775980749504;2,680136004;670;NA;NA
1;1.397148209;NA;2,6715926;670;NA;NA
33;1.41574603542424;0.00901239279826962;2,66077228;670;NA;NA
11;1.469094314;0.00228423487980259;2,6494074;670;NA;NA
38;1.38456052242105;0.00220273598939119;2,639769063;670;NA;NA
168;1.41963968181548;0.00605440784011261;2,63045642;670;NA;NA
33;1.40541025027273;0.00663197310858792;2,622044247;670;NA;NA
33;1.30331954278788;0.00349095063920751;2,611069497;670;NA;NA
41;1.38168567965854;0.00632846252842086;2,601921577;670;NA;NA
82;1.45524776459756;0.00574580382745573;2,59080392;670;NA;NA
107;1.43699422302804;0.0059276333047029;2,57958848;670;NA;NA
2;1.4576884285;0.012202251249277;2,57009;670;NA;NA
140;1.44404856711429;0.00456705756962139;2,5602;670;NA;NA
17;1.41363438623529;0.00288028722914897;2,55003;670;NA;NA
32;1.41707252790625;0.00708998683955368;2,53025;670;NA;NA
3;1.51524565166667;0.0362053929075521;2,51041;670;NA;NA
43;1.44611679916279;0.0037928256545183;2,50017;670;NA;NA
51;1.45100281831373;0.00544851098046044;2,49037;670;NA;NA
11;1.43706919627273;0.00485764385191714;2,4806;670;NA;NA
69;1.48018244110145;0.00491677925444124;2,47015;670;NA;NA
73;1.47774759283562;0.00692214649931651;2,46042;670;NA;NA
3;1.458840761;0.00130446861663492;2,45042;670;NA;NA
15;80203.176;1509679814.1371;2,90415454;671;NA;NA
26;61958.1461538462;284266157.538041;2,88521804;671;NA;NA
30;73945.008;922653856.488761;2,86626254;671;NA;NA
7;73412.3828571429;197393362.202057;2,8202808;671;NA;NA
4;67768.65;642525073.1748;2,80430542;671;NA;NA
19;62695.3642105263;1038718978.10754;2,78820478;671;NA;NA
20;62933.112;573874765.14149;2,774007425;671;NA;NA
14;66042.3085714286;243166922.74349;2,7597965;671;NA;NA
4;64964.43;406656143.3988;2,74085334;671;NA;NA
2;34075.08;223402448.9088;2,73139986;671;NA;NA
2;46445.4;1186024222.7712;2,720618733;671;NA;NA
11;72611.3454545455;211166480.895447;2,700589244;671;NA;NA
60;71563.176;372281400.674506;2,69150146;671;NA;NA
34;83040.6282352941;384509446.605433;2,680136004;671;NA;NA
21;92288.7771428571;431677335.136731;2,6715926;671;NA;NA
33;86749.92;495428124.1464;2,66077228;671;NA;NA
32;75296.28375;267718050.281947;2,6494074;671;NA;NA
25;99785.6496;1172998668.1415;2,639769063;671;NA;NA
44;83381.9154545455;451386441.52649;2,63045642;671;NA;NA
34;77800.2141176471;352404907.329831;2,622044247;671;NA;NA
24;81916.92;578631194.464696;2,611069497;671;NA;NA
55;85965.2705454546;439416780.977716;2,601921577;671;NA;NA
15;69365.808;704148961.169417;2,59080392;671;NA;NA
79;73733.8283544304;582230807.026591;2,57958848;671;NA;NA
24;70441.515;528772625.078165;2,56976;671;NA;NA
20;81593.082;514447052.480754;2,54764;671;NA;NA
5;123881.4;341206090.956;2,53903;671;NA;NA
32;72147.915;475944592.881832;2,5265;671;NA;NA
7;65830.7828571429;238844514.486857;2,51342;671;NA;NA
8;77128.2;91639848.96;2,50114;671;NA;NA
22;85058.6890909091;826144423.203647;2,49037;671;NA;NA
25;79997.9328;505222409.020896;2,4806;671;NA;NA
12;84538.35;1293737488.11524;2,47015;671;NA;NA
2;131748.12;10258275.7152;2,46042;671;NA;NA
15;77767.128;527688102.301303;2,45042;671;NA;NA
23;62305.3408695652;572646346.029363;2,43007;671;NA;NA
15;1.54123549453333;0.0248182965149853;2,90415454;672;NA;NA
26;1.51225714507692;0.0105264264538146;2,88521804;672;NA;NA
30;1.56251028113333;0.013211680340204;2,86626254;672;NA;NA
7;1.66446287985714;0.00856179228515648;2,8202808;672;NA;NA
4;1.44134549175;0.0250269467542546;2,80430542;672;NA;NA
19;1.71125944673684;0.0182539075677774;2,78820478;672;NA;NA
20;1.54525636715;0.0186238919348269;2,774007425;672;NA;NA
14;1.58188861085714;0.0218581755933089;2,7597965;672;NA;NA
4;1.6005569095;0.0213864152700593;2,74085334;672;NA;NA
2;1.6215360895;0.00760031943596932;2,73139986;672;NA;NA
2;1.4017587015;0.00103903135000376;2,720618733;672;NA;NA
11;1.50662976554545;0.0111459643666129;2,700589244;672;NA;NA
60;1.50570766083333;0.00784101201301553;2,69150146;672;NA;NA
34;1.47095115891176;0.0105117414398792;2,680136004;672;NA;NA
21;1.46218167442857;0.00912837607721581;2,6715926;672;NA;NA
33;1.519379365;0.00945721515282863;2,66077228;672;NA;NA
32;1.52707403571875;0.0180813996915238;2,6494074;672;NA;NA
25;1.49357938604;0.00751106139197193;2,639769063;672;NA;NA
44;1.48780016993182;0.0128248302661348;2,63045642;672;NA;NA
34;1.53872146267647;0.00652677593831785;2,622044247;672;NA;NA
24;1.46889235516667;0.0187699716047056;2,611069497;672;NA;NA
55;1.51371744169091;0.010308943833881;2,601921577;672;NA;NA
15;1.499107299;0.0134548984177567;2,59080392;672;NA;NA
79;1.53034696951899;0.00986250457485607;2,57958848;672;NA;NA
24;1.47824729395833;0.00838209953962513;2,56976;672;NA;NA
20;1.52330853355;0.00890471404904904;2,54764;672;NA;NA
5;1.586492814;0.0975412495628204;2,53903;672;NA;NA
32;1.46513199146875;0.0105858009307892;2,5265;672;NA;NA
7;1.49242911928571;0.00750614883616145;2,51342;672;NA;NA
8;1.570555403375;0.0191231825204039;2,50114;672;NA;NA
22;1.52046457054545;0.0131408846854958;2,49037;672;NA;NA
25;1.54482433228;0.0140465420455652;2,4806;672;NA;NA
12;1.57731981208333;0.0112880217705773;2,47015;672;NA;NA
2;1.644533865;0.0304467654058466;2,46042;672;NA;NA
15;1.590498971;0.0112758956830336;2,45042;672;NA;NA
23;1.58463107334783;0.017169350111221;2,43007;672;NA;NA
19;2.687;0.00278;0;1275;0;0
21;2.686;0.00271;9e-04;1275;0.0006;0.0012
24;2.699;0.00280;0,0018;1275;0.0016;0.0022
33;2.709;0.00331;0,0023;1275;0.0020;0.0026
8;2.488;0.00256;0;1276;0;0
17;2.480;0.00287;9e-04;1276;0.0006;0.0012
26;2.456;0.00307;0,0018;1276;0.0016;0.0022
26;2.478;0.00330;0,0023;1276;0.0020;0.0026
3;8.4520777687593;0.0368737412050272;0;1277;0;0
1;8.98500822713573;0;0,399;1277;0.374;0.424
11;8.89627038597487;0.0121236726216187;0,451;1277;0.424;0.478
6;8.8366296324822;0.0187652970324568;0,5055;1277;0.478;0.533
12;8.79089837686271;0.0151005739112943;0,548;1277;0.533;0.563
3;8.99794633467051;0.0940890963975357;0,6485;1277;0.621;0.676
1;8.96308498609285;0;0,768;1277;0.761;0.775
1;8.95658973592525;0;1,966;1277;1.915;2.017
3;0.0894873950285583;3.26498904619043e-05;0;1278;0;0
1;0.11029784776485;0;0,399;1278;0.374;0.424
11;0.106505130316083;2.80801119953096e-05;0,451;1278;0.424;0.478
6;0.103062708162362;4.23237306895314e-05;0,5055;1278;0.478;0.533
12;0.101271675633302;4.03835313272654e-05;0,548;1278;0.533;0.563
3;0.110704131595376;0.000252642548806179;0,6485;1278;0.621;0.676
1;0.108031427125892;0;0,768;1278;0.761;0.775
1;0.113219355573651;0;1,966;1278;1.915;2.017
3;0.0658069509609948;6.72883723545158e-05;0;1279;0;0
1;0.0903465629452627;0;0,399;1279;0.374;0.424
11;0.0867654049864188;3.59556666979202e-05;0,451;1279;0.424;0.478
6;0.0844357371219058;3.02117758397176e-05;0,5055;1279;0.478;0.533
12;0.0831439106475703;3.411265306835e-05;0,548;1279;0.533;0.563
3;0.0925014307687404;0.000186181569681096;0,6485;1279;0.621;0.676
1;0.0901016853478038;0;0,768;1279;0.761;0.775
1;0.0875440874671885;0;1,966;1279;1.915;2.017
3;9.61633546824605;0.569232807701898;0;1280;0;0
1;9.73914938679968;0;0,399;1280;0.374;0.424
8;10.5867693656794;0.0486947808599846;0,451;1280;0.424;0.478
6;10.5364969375132;0.00204289853284485;0,5055;1280;0.478;0.533
10;10.414127192613;0.179230041734699;0,548;1280;0.533;0.563
2;10.1851430043383;0.202190182751028;0,6485;1280;0.621;0.676
1;10.8395699727738;0;0,768;1280;0.761;0.775
1;10.6548429522411;0;1,966;1280;1.915;2.017
3;0.162223358979278;0.0035961535314394;0;1281;0;0
1;0.171382521446554;0;0,399;1281;0.374;0.424
8;0.247258173853277;0.000581719185251891;0,451;1281;0.424;0.478
6;0.24267626420086;0.000138439946847568;0,5055;1281;0.478;0.533
10;0.230258242918785;0.00208985319665839;0,548;1281;0.533;0.563
2;0.202880923453028;0.00292011879859797;0,6485;1281;0.621;0.676
1;0.288654270569878;0;0,768;1281;0.761;0.775
1;0.244365685319948;0;1,966;1281;1.915;2.017
3;0.133640578723593;0.00326224135823017;0;1282;0;0
1;0.131263422279396;0;0,399;1282;0.374;0.424
8;0.21174891706734;0.000603256865424548;0,451;1282;0.424;0.478
6;0.203042684447932;2.23054564532962e-05;0,5055;1282;0.478;0.533
10;0.19567420433998;0.00135730872175344;0,548;1282;0.533;0.563
2;0.172576919642214;0.00234287265210589;0,6485;1282;0.621;0.676
1;0.238320692530218;0;0,768;1282;0.761;0.775
1;0.226651182809203;0;1,966;1282;1.915;2.017
2;7.86781757390944;0.295265704055563;0;1283;0;0
1;8.99943325501203;0;0,399;1283;0.374;0.424
9;8.4581248439999;0.2297738028285;0,451;1283;0.424;0.478
6;8.47413452451899;0.0160067778396982;0,5055;1283;0.478;0.533
11;8.25657481734667;0.137905082798226;0,548;1283;0.533;0.563
3;8.7020691751993;0.0212176292382825;0,6485;1283;0.621;0.676
1;7.7609306760006;0;1,966;1283;1.915;2.017
2;0.0629592844998747;0.000213323003958529;0;1284;0;0
1;0.123640378631925;0;0,399;1284;0.374;0.424
9;0.0883176663045439;0.000445452410351178;0,451;1284;0.424;0.478
6;0.0868279121009519;5.13032010455891e-05;0,5055;1284;0.478;0.533
11;0.0778932657175357;0.000251888240975671;0,548;1284;0.533;0.563
3;0.0950921451662272;6.94154648237276e-05;0,6485;1284;0.621;0.676
1;0.0574478649453823;0;1,966;1284;1.915;2.017
2;0.053194306015929;0.000211957740172828;0;1285;0;0
1;0.0849009838691415;0;0,399;1285;0.374;0.424
9;0.0717836294980162;0.000250624635279285;0,451;1285;0.424;0.478
6;0.070934811442473;1.83658768694798e-05;0,5055;1285;0.478;0.533
11;0.0657241248883659;0.000123515384668238;0,548;1285;0.533;0.563
3;0.080362245008318;2.96325682691842e-05;0,6485;1285;0.621;0.676
1;0.0508440913604766;0;1,966;1285;1.915;2.017
3;11.2857431661737;0.0191261279828517;0;1286;0;0
1;11.8634574660243;0;0,399;1286;0.374;0.424
11;11.7485637047269;0.00445900069593847;0,451;1286;0.424;0.478
6;11.5983020392474;0.0304160042803088;0,5055;1286;0.478;0.533
12;11.5636359000418;0.0210622252943933;0,548;1286;0.533;0.563
3;11.9499593386204;0.0540063073327794;0,6485;1286;0.621;0.676
1;11.9815466432076;0;0,768;1286;0.761;0.775
1;11.9529667723784;0;1,966;1286;1.915;2.017
3;0.38095112231207;0.000905526244515248;0;1287;0;0
1;0.502609577630831;0;0,399;1287;0.374;0.424
11;0.47762659591511;0.000272808473744659;0,451;1287;0.424;0.478
6;0.455188279303907;0.00117610333419743;0,5055;1287;0.478;0.533
12;0.437988131172872;0.000676537232552265;0,548;1287;0.533;0.563
3;0.556339297588727;0.00561041247295135;0,6485;1287;0.621;0.676
1;0.530091129196086;0;0,768;1287;0.761;0.775
1;0.566805494372239;0;1,966;1287;1.915;2.017
3;0.293772714400462;0.000431543909564156;0;1288;0;0
1;0.388485011656684;0;0,399;1288;0.374;0.424
11;0.371424926101528;0.000346479224070379;0,451;1288;0.424;0.478
6;0.345074613037673;0.00102512348900901;0,5055;1288;0.478;0.533
12;0.337187140361545;0.000786481480415812;0,548;1288;0.533;0.563
3;0.398957655820084;0.00267786614551596;0,6485;1288;0.621;0.676
1;0.413055381710668;0;0,768;1288;0.761;0.775
1;0.382235149546437;0;1,966;1288;1.915;2.017
3;7.98236817589379;0.0705053460522605;0;1289;0;0
1;8.74286682578834;0;0,399;1289;0.374;0.424
11;8.45052596633715;0.0200466705806086;0,451;1289;0.424;0.478
6;8.29379785875009;0.0108186595866221;0,5055;1289;0.478;0.533
12;8.33720930662563;0.0213532665896361;0,548;1289;0.533;0.563
3;8.49440925593069;0.0422413852453854;0,6485;1289;0.621;0.676
1;8.36875476489011;0;0,768;1289;0.761;0.775
1;8.52149555726415;0;1,966;1289;1.915;2.017
3;0.0667782321264245;5.26273034793724e-05;0;1290;0;0
1;0.0996984254520723;0;0,399;1290;0.374;0.424
11;0.0833748989903112;4.93759209482063e-05;0,451;1290;0.424;0.478
6;0.0760705298371255;2.12135772432646e-05;0,5055;1290;0.478;0.533
12;0.0804970358990861;0.000107311473558312;0,548;1290;0.533;0.563
3;0.0835391381059583;5.09680325954189e-05;0,6485;1290;0.621;0.676
1;0.0767737672121676;0;0,768;1290;0.761;0.775
1;0.0830112408802149;0;1,966;1290;1.915;2.017
3;0.0565752569946315;7.7314820619861e-05;0;1291;0;0
1;0.0832037099896974;0;0,399;1291;0.374;0.424
11;0.072299279424595;2.40526703456447e-05;0,451;1291;0.424;0.478
6;0.0670951355561164;1.0862152335767e-05;0,5055;1291;0.478;0.533
12;0.0677970496810414;2.12739116387594e-05;0,548;1291;0.533;0.563
3;0.0750331029885895;6.13277596578031e-05;0,6485;1291;0.621;0.676
1;0.0703104388856969;0;0,768;1291;0.761;0.775
1;0.0763160886935188;0;1,966;1291;1.915;2.017
74;8.7238486256864;0.0257050709783086;0;1292;0;0
28;8.86278874038979;0.0146710760200408;0,0045;1292;0.003;0.006
17;8.77229718675845;0.0201751180850055;0,399;1292;0.374;0.424
33;8.82843859989607;0.0165094523868202;0,451;1292;0.424;0.478
182;8.83811865373578;0.0267084809696195;0,5055;1292;0.478;0.533
135;8.70960145665504;0.0449997022937277;0,548;1292;0.533;0.563
202;8.74530345875675;0.017761889066948;0,6485;1292;0.621;0.676
1;8.73528007208779;0;0,768;1292;0.761;0.775
94;8.75137458432505;0.0228705818241103;0,9265;1292;0.917;0.936
1;9.37415004050849;0;1,109;1292;1.104;1.114
5;8.7033934002675;0.00805058044507639;1,829;1292;1.826;1.832
14;8.59427940712401;0.0304612438233332;1,8505;1292;1.826;1.875
97;8.45455349570315;0.0314289304948229;1,966;1292;1.915;2.017
102;8.46221881793067;0.0303052771366496;2,1895;1292;2.088;2.291
1;8.63112603428103;0;2,4645;1292;2.452;2.477
74;0.112501754189686;6.66012980603165e-05;0;1293;0;0
28;0.118679182714164;5.86175956126116e-05;0,0045;1293;0.003;0.006
17;0.113772825460417;5.41099471330634e-05;0,399;1293;0.374;0.424
33;0.115158599555556;4.82844183718815e-05;0,451;1293;0.424;0.478
182;0.116493016269161;7.49015432204949e-05;0,5055;1293;0.478;0.533
135;0.110332266278288;0.00013824027169312;0,548;1293;0.533;0.563
202;0.110892254307257;5.59044613145408e-05;0,6485;1293;0.621;0.676
1;0.113438563339684;0;0,768;1293;0.761;0.775
94;0.110798133182013;6.9416562639189e-05;0,9265;1293;0.917;0.936
1;0.154640146234658;0;1,109;1293;1.104;1.114
5;0.107807126152094;2.36372958093919e-05;1,829;1293;1.826;1.832
14;0.104411128381608;9.66261206799153e-05;1,8505;1293;1.826;1.875
97;0.0999399920781518;6.90051780827917e-05;1,966;1293;1.915;2.017
102;0.0994209521439149;6.52899616505818e-05;2,1895;1293;2.088;2.291
1;0.103609095913317;0;2,4645;1293;2.452;2.477
74;0.0726178773394818;5.46255047540964e-05;0;1294;0;0
28;0.0775541431130765;2.24453711737461e-05;0,0045;1294;0.003;0.006
17;0.0738907254910481;4.20952630165462e-05;0,399;1294;0.374;0.424
33;0.0775630035000355;3.89968899204392e-05;0,451;1294;0.424;0.478
182;0.0778188392605117;6.20574063325683e-05;0,5055;1294;0.478;0.533
135;0.0736143714957098;8.44562672946574e-05;0,548;1294;0.533;0.563
202;0.0739219487817073;3.17524091417193e-05;0,6485;1294;0.621;0.676
1;0.0712970810180108;0;0,768;1294;0.761;0.775
94;0.0754653884161883;6.35400931366038e-05;0,9265;1294;0.917;0.936
1;0.108185945603675;0;1,109;1294;1.104;1.114
5;0.072463186372715;2.63246503788721e-05;1,829;1294;1.826;1.832
14;0.0674540301339209;3.63115811843263e-05;1,8505;1294;1.826;1.875
97;0.0630369676788301;4.7832748057561e-05;1,966;1294;1.915;2.017
102;0.0643648873968282;5.71799458728802e-05;2,1895;1294;2.088;2.291
1;0.0700347089720104;0;2,4645;1294;2.452;2.477
59;10.3900150213241;0.237595850696616;0;1295;0;0
23;10.5382899099583;0.0357820691676732;0,0045;1295;0.003;0.006
8;10.2369992608098;0.127369277913709;0,399;1295;0.374;0.424
23;10.5001345932375;0.15769488246322;0,451;1295;0.424;0.478
136;10.4421541889404;0.210757169043029;0,5055;1295;0.478;0.533
97;10.3578388025625;0.189736562424198;0,548;1295;0.533;0.563
154;10.3924384725875;0.232300202601615;0,6485;1295;0.621;0.676
1;9.98375859661951;0;0,768;1295;0.761;0.775
56;10.4430019263624;0.250862997777806;0,9265;1295;0.917;0.936
3;9.92796916284242;1.32408078445505;1,829;1295;1.826;1.832
6;10.174436715983;0.133190491902606;1,8505;1295;1.826;1.875
80;10.164817724765;0.169688715717531;1,966;1295;1.915;2.017
81;10.2657606684644;0.112981015675723;2,1895;1295;2.088;2.291
59;0.235730357858677;0.00250052505253362;0;1296;0;0
23;0.247549990119444;0.00047989706264889;0,0045;1296;0.003;0.006
8;0.212694823055117;0.00147023217250031;0,399;1296;0.374;0.424
23;0.239281548084799;0.00212548004656134;0,451;1296;0.424;0.478
136;0.240081841450668;0.00251772051187211;0,5055;1296;0.478;0.533
97;0.232017940447109;0.00197715147105626;0,548;1296;0.533;0.563
154;0.236284259477903;0.00249253379822032;0,6485;1296;0.621;0.676
1;0.206281648728674;0;0,768;1296;0.761;0.775
56;0.241909841844401;0.00296542517516104;0,9265;1296;0.917;0.936
3;0.19587986203307;0.0135823902685593;1,829;1296;1.826;1.832
6;0.203503531181215;0.00094565172832502;1,8505;1296;1.826;1.875
80;0.205765180521898;0.00196170315303049;1,966;1296;1.915;2.017
81;0.213714988235503;0.00126500836834377;2,1895;1296;2.088;2.291
59;0.199758554843591;0.00222988377606349;0;1297;0;0
23;0.210781048016618;0.000317268307793638;0,0045;1297;0.003;0.006
8;0.179398520804093;0.000991903092841056;0,399;1297;0.374;0.424
23;0.210298878716364;0.002044390399131;0,451;1297;0.424;0.478
136;0.203975803496728;0.00197315309183925;0,5055;1297;0.478;0.533
97;0.193750462853025;0.00146495762869615;0,548;1297;0.533;0.563
154;0.197334691996092;0.00170962237842584;0,6485;1297;0.621;0.676
1;0.153861916171759;0;0,768;1297;0.761;0.775
56;0.203638482656373;0.00217695544961965;0,9265;1297;0.917;0.936
3;0.172556339530351;0.0124049615778406;1,829;1297;1.826;1.832
6;0.179160797074163;0.00158753381601623;1,8505;1297;1.826;1.875
80;0.174767185566573;0.00151395614174444;1,966;1297;1.915;2.017
81;0.182334494721168;0.000998155309075408;2,1895;1297;2.088;2.291
71;7.32650311209019;0.10250973592721;0;1298;0;0
28;7.48347054834533;0.0383522718532809;0,0045;1298;0.003;0.006
15;7.3258684405399;0.0376183169910605;0,399;1298;0.374;0.424
26;7.39930642038615;0.017979442075388;0,451;1298;0.424;0.478
175;7.40418444974579;0.0757687672510937;0,5055;1298;0.478;0.533
113;7.31145897122631;0.045395203610203;0,548;1298;0.533;0.563
197;7.39232924074848;0.0517676124923557;0,6485;1298;0.621;0.676
1;7.32130521980846;0;0,768;1298;0.761;0.775
80;7.41632334096135;0.0346043703855948;0,9265;1298;0.917;0.936
5;7.6556481995099;0.202992514014078;1,829;1298;1.826;1.832
11;7.42109625047578;0.336015311371285;1,8505;1298;1.826;1.875
64;7.50921692604817;0.219360922823249;1,966;1298;1.915;2.017
62;7.46952973310572;0.227558730186168;2,1895;1298;2.088;2.291
71;0.0482198363153077;0.000151793731343686;0;1299;0;0
28;0.0525685095009683;5.5944104672239e-05;0,0045;1299;0.003;0.006
15;0.0480195340601617;3.74511379619868e-05;0,399;1299;0.374;0.424
26;0.050034658012997;1.77075888780948e-05;0,451;1299;0.424;0.478
175;0.0500638805246262;8.56810405311309e-05;0,5055;1299;0.478;0.533
113;0.0478261844362941;3.75269574956705e-05;0,548;1299;0.533;0.563
197;0.0498229456529109;5.26114289937943e-05;0,6485;1299;0.621;0.676
1;0.0486715428523771;0;0,768;1299;0.761;0.775
80;0.0506905463166401;3.03402750495237e-05;0,9265;1299;0.917;0.936
5;0.0586495088528654;0.000155992189410523;1,829;1299;1.826;1.832
11;0.0536528704366489;0.000405482518779303;1,8505;1299;1.826;1.875
64;0.053652802926765;0.000206537679128203;1,966;1299;1.915;2.017
62;0.0527080560270814;0.000229828019630281;2,1895;1299;2.088;2.291
71;0.0418956257056175;0.000105138071903401;0;1300;0;0
28;0.0449762252241621;3.26094348836536e-05;0,0045;1300;0.003;0.006
15;0.0415727840436902;2.87035388360421e-05;0,399;1300;0.374;0.424
26;0.0417554403341139;1.07577000666272e-05;0,451;1300;0.424;0.478
175;0.0431651703778762;6.27678449817076e-05;0,5055;1300;0.478;0.533
113;0.0405340617853542;2.43271733979513e-05;0,548;1300;0.533;0.563
197;0.042440663510501;3.58341725248856e-05;0,6485;1300;0.621;0.676
1;0.0404431158946006;0;0,768;1300;0.761;0.775
80;0.0426990734556153;2.26405448565947e-05;0,9265;1300;0.917;0.936
5;0.0498911430487684;9.96538333774302e-05;1,829;1300;1.826;1.832
11;0.0448664809716069;0.000241592233365219;1,8505;1300;1.826;1.875
64;0.046568082280978;0.000168305598839521;1,966;1300;1.915;2.017
62;0.0454684200705093;0.000166841956289864;2,1895;1300;2.088;2.291
74;11.481772086723;0.0289547225060307;0;1301;0;0
28;11.6616727159635;0.00678177812887978;0,0045;1301;0.003;0.006
17;11.7006582434777;0.0207198437015075;0,399;1301;0.374;0.424
33;11.7571845158883;0.0171312950909478;0,451;1301;0.424;0.478
182;11.6602034041103;0.0426312180635174;0,5055;1301;0.478;0.533
135;11.5586624630585;0.0467247945067226;0,548;1301;0.533;0.563
202;11.6654182927438;0.0167253124158163;0,6485;1301;0.621;0.676
1;11.7523562569071;0;0,768;1301;0.761;0.775
94;11.6174980985617;0.0142124126910053;0,9265;1301;0.917;0.936
1;11.9240998585097;0;1,109;1301;1.104;1.114
5;11.5300599335897;0.0103926643883212;1,829;1301;1.826;1.832
14;11.4567749956082;0.0136725761265706;1,8505;1301;1.826;1.875
97;11.4238200628721;0.0143539248332859;1,966;1301;1.915;2.017
102;11.3941110612386;0.0235857018297896;2,1895;1301;2.088;2.291
1;11.4018603729033;0;2,4645;1301;2.452;2.477
74;0.414638776588776;0.00122051603023126;0;1302;0;0
28;0.452030629404414;0.000537087762896944;0,0045;1302;0.003;0.006
17;0.450864507261306;0.00148278945601486;0,399;1302;0.374;0.424
33;0.465341772178449;0.00106188600534239;0,451;1302;0.424;0.478
182;0.450649955035197;0.00192784234936291;0,5055;1302;0.478;0.533
135;0.429054428600167;0.00216556370289374;0,548;1302;0.533;0.563
202;0.445324374477367;0.000794438611787846;0,6485;1302;0.621;0.676
1;0.470902513661437;0;0,768;1302;0.761;0.775
94;0.429695013867315;0.000632240341354979;0,9265;1302;0.917;0.936
1;0.503254510611536;0;1,109;1302;1.104;1.114
5;0.413099458669913;0.000621287986406938;1,829;1302;1.826;1.832
14;0.403026515391682;0.000552398933749252;1,8505;1302;1.826;1.875
97;0.39482480006734;0.000706778726311471;1,966;1302;1.915;2.017
102;0.390990147562933;0.000906677793478004;2,1895;1302;2.088;2.291
1;0.378092266615701;0;2,4645;1302;2.452;2.477
74;0.329423164430302;0.000721412984642685;0;1303;0;0
28;0.358388012088627;0.000258486058683809;0,0045;1303;0.003;0.006
17;0.365515467261584;0.000668013887356805;0,399;1303;0.374;0.424
33;0.375633309697689;0.000568632402943407;0,451;1303;0.424;0.478
182;0.359984147712128;0.00146762122545381;0,5055;1303;0.478;0.533
135;0.341672321512561;0.00140418254028634;0,548;1303;0.533;0.563
202;0.361301780489802;0.000656666034622096;0,6485;1303;0.621;0.676
1;0.372149036861853;0;0,768;1303;0.761;0.775
94;0.352649515374479;0.000513162559289215;0,9265;1303;0.917;0.936
1;0.408261748261228;0;1,109;1303;1.104;1.114
5;0.329600995912117;0.000149432646045258;1,829;1303;1.826;1.832
14;0.320264224613831;0.000373165699481479;1,8505;1303;1.826;1.875
97;0.317519357080472;0.000350880916299204;1,966;1303;1.915;2.017
102;0.312109155530127;0.000651798375498861;2,1895;1303;2.088;2.291
1;0.313939195245909;0;2,4645;1303;2.452;2.477
74;8.68348540238146;0.0346759010517242;0;1304;0;0
28;8.77596783507314;0.0306348468852725;0,0045;1304;0.003;0.006
17;8.86761822642642;0.0328008880445201;0,399;1304;0.374;0.424
33;8.85306982168962;0.0517843310187385;0,451;1304;0.424;0.478
182;8.80290776715077;0.0401991572366939;0,5055;1304;0.478;0.533
134;8.71855911195674;0.0812355034951403;0,548;1304;0.533;0.563
202;8.68682307342285;0.0357333133505262;0,6485;1304;0.621;0.676
1;8.67247477578539;0;0,768;1304;0.761;0.775
94;8.62761858685926;0.0378869128067723;0,9265;1304;0.917;0.936
1;9.42496002634879;0;1,109;1304;1.104;1.114
5;8.5778386685676;0.0173749063382494;1,829;1304;1.826;1.832
14;8.64946661979483;0.0542714505224319;1,8505;1304;1.826;1.875
95;8.62057559525231;0.0423614054255114;1,966;1304;1.915;2.017
97;8.71369663108147;0.0551881996683222;2,1895;1304;2.088;2.291
1;8.46291339230092;0;2,4645;1304;2.452;2.477
74;0.105211990202156;0.000125160668572859;0;1305;0;0
28;0.111197987485773;0.000108324344702139;0,0045;1305;0.003;0.006
17;0.111814088331052;0.000134709350189308;0,399;1305;0.374;0.424
33;0.11072627980777;0.000287079737227152;0,451;1305;0.424;0.478
182;0.110479583093964;0.000165491592595652;0,5055;1305;0.478;0.533
134;0.10570705453708;0.0002923194998166;0,548;1305;0.533;0.563
202;0.101892555038738;0.000123194353590808;0,6485;1305;0.621;0.676
1;0.0996313781590279;0;0,768;1305;0.761;0.775
94;0.0997240814150143;0.000164421426381631;0,9265;1305;0.917;0.936
1;0.163146467565582;0;1,109;1305;1.104;1.114
5;0.0934046524852955;3.01851309165715e-05;1,829;1305;1.826;1.832
14;0.0981970169850176;0.000144902151934695;1,8505;1305;1.826;1.875
95;0.0985917136617652;0.00016969481478596;1,966;1305;1.915;2.017
97;0.104399896261062;0.000296189176386687;2,1895;1305;2.088;2.291
1;0.0886171297378313;0;2,4645;1305;2.452;2.477
74;0.0751575407886609;4.64116448064211e-05;0;1306;0;0
28;0.0774969088738774;4.69875383955718e-05;0,0045;1306;0.003;0.006
17;0.0834729688715513;5.96767084824583e-05;0,399;1306;0.374;0.424
33;0.0833169503543023;7.23780750992206e-05;0,451;1306;0.424;0.478
182;0.0798528461571472;6.32001420301785e-05;0,5055;1306;0.478;0.533
134;0.0779284659758761;0.000145152373016039;0,548;1306;0.533;0.563
202;0.0764577196407243;5.36156074469561e-05;0,6485;1306;0.621;0.676
1;0.0756877640957001;0;0,768;1306;0.761;0.775
94;0.0738751485162662;5.18749149705107e-05;0,9265;1306;0.917;0.936
1;0.103145711747908;0;1,109;1306;1.104;1.114
5;0.0729312301712089;4.54046655429819e-05;1,829;1306;1.826;1.832
14;0.0762476084138971;7.36049878171291e-05;1,8505;1306;1.826;1.875
95;0.0740183209427221;5.8127345707655e-05;1,966;1306;1.915;2.017
97;0.0782944450937294;0.000107876781376511;2,1895;1306;2.088;2.291
1;0.0687042595664057;0;2,4645;1306;2.452;2.477
69;8.96369984015793;0.0230983683098599;0;1307;0;0
1;8.88323660824717;0;0,399;1307;0.374;0.424
8;9.05620891980464;0.0133227889026714;0,5055;1307;0.478;0.533
34;8.92450829716681;0.0158775460659142;0,6485;1307;0.621;0.676
32;8.96763432842193;0.0264012688853187;0,9265;1307;0.917;0.936
7;9.13511416848457;0.0281746060399921;1,109;1307;1.104;1.114
3;9.02712500079209;0.0410997245817276;1,729;1307;1.715;1.743
4;9.05786400274198;0.00482417581585309;1,829;1307;1.826;1.832
1;8.86437159832616;0;1,8505;1307;1.826;1.875
6;9.03938314359269;0.0152212980573291;1,966;1307;1.915;2.017
9;8.95989875337999;0.0104447290788777;2,1895;1307;2.088;2.291
1;9.05231324834483;0;2,4645;1307;2.452;2.477
69;0.136600089728264;0.000127670620002391;0;1308;0;0
1;0.135119797769945;0;0,399;1308;0.374;0.424
8;0.136834566966404;7.36919885547785e-05;0,5055;1308;0.478;0.533
34;0.127579821615924;7.53621267778832e-05;0,6485;1308;0.621;0.676
32;0.129507550509562;0.000113474635905816;0,9265;1308;0.917;0.936
7;0.140202586319095;0.000168982911954557;1,109;1308;1.104;1.114
3;0.13155586463379;0.000136176961300994;1,729;1308;1.715;1.743
4;0.132006403428041;2.61543394997633e-05;1,829;1308;1.826;1.832
1;0.122657237957345;0;1,8505;1308;1.826;1.875
6;0.135928463878979;3.53432873589369e-05;1,966;1308;1.915;2.017
9;0.131459559219412;3.93750912393355e-05;2,1895;1308;2.088;2.291
1;0.131347029371523;0;2,4645;1308;2.452;2.477
69;0.0745675972991062;2.80456630178223e-05;0;1309;0;0
1;0.0713565185099425;0;0,399;1309;0.374;0.424
8;0.0806005257701192;1.66661988644016e-05;0,5055;1309;0.478;0.533
34;0.076551188249063;2.49869795495023e-05;0,6485;1309;0.621;0.676
32;0.0791475281431516;4.54678976534979e-05;0,9265;1309;0.917;0.936
7;0.0861067705050892;6.78519821239648e-05;1,109;1309;1.104;1.114
3;0.0820596589091078;5.36872945122311e-05;1,729;1309;1.715;1.743
4;0.0814408013121219;6.08936707131321e-06;1,829;1309;1.826;1.832
1;0.0738498696583229;0;1,8505;1309;1.826;1.875
6;0.0813191034121215;4.56877664615048e-05;1,966;1309;1.915;2.017
9;0.0772323433828975;3.04563386235214e-05;2,1895;1309;2.088;2.291
1;0.0849136896861341;0;2,4645;1309;2.452;2.477
50;10.7419285196303;0.228193542368698;0;1310;0;0
6;10.977345272376;0.0352999800243132;0,5055;1310;0.478;0.533
16;10.8301644684952;0.21779393146352;0,6485;1310;0.621;0.676
15;10.9342228742531;0.242979972903535;0,9265;1310;0.917;0.936
4;10.7972610598188;0.562858405224941;1,109;1310;1.104;1.114
1;9.98304943656171;0;1,729;1310;1.715;1.743
1;10.0580856559656;0;1,829;1310;1.826;1.832
4;10.2500621412032;0.0902757510152202;1,966;1310;1.915;2.017
8;10.7930738464435;0.102181004244643;2,1895;1310;2.088;2.291
50;0.280574588361839;0.00327014980289218;0;1311;0;0
6;0.310902429253993;0.0013011985859432;0,5055;1311;0.478;0.533
16;0.288834607041394;0.0039197002125059;0,6485;1311;0.621;0.676
15;0.312930662156625;0.00510801953002901;0,9265;1311;0.917;0.936
4;0.293012696676245;0.0118826291182725;1,109;1311;1.104;1.114
1;0.170517028384318;0;1,729;1311;1.715;1.743
1;0.20062264951007;0;1,829;1311;1.826;1.832
4;0.235978703907648;0.00262395356789313;1,966;1311;1.915;2.017
8;0.280571532308971;0.00203793836372696;2,1895;1311;2.088;2.291
50;0.235198044634934;0.0027867154403093;0;1312;0;0
6;0.248303642751382;0.000148750721790375;0,5055;1312;0.478;0.533
16;0.242990581333234;0.0028965065800724;0,6485;1312;0.621;0.676
15;0.254235719964088;0.00315090915009824;0,9265;1312;0.917;0.936
4;0.242955125431792;0.00841855158237857;1,109;1312;1.104;1.114
1;0.15624980301464;0;1,729;1312;1.715;1.743
1;0.156431506856788;0;1,829;1312;1.826;1.832
4;0.171936057253967;0.000462503885124714;1,966;1312;1.915;2.017
8;0.235155231781372;0.00121194759071505;2,1895;1312;2.088;2.291
69;7.5843561659357;0.0418742463576052;0;1313;0;0
1;7.54701675023145;0;0,399;1313;0.374;0.424
8;7.66391429841755;0.0381856872520291;0,5055;1313;0.478;0.533
33;7.71441668934963;0.0242083908484131;0,6485;1313;0.621;0.676
32;7.73156882173804;0.0395903802741218;0,9265;1313;0.917;0.936
7;7.74397246904173;0.0383528827178189;1,109;1313;1.104;1.114
2;7.50442524041632;0.00304002930045178;1,729;1313;1.715;1.743
4;7.40686045923029;0.00267490550420754;1,829;1313;1.826;1.832
1;7.49811833870371;0;1,8505;1313;1.826;1.875
4;7.86702776728834;0.0424147882859045;1,966;1313;1.915;2.017
9;7.74073983321387;0.0128911480525024;2,1895;1313;2.088;2.291
1;7.98924464901182;0;2,4645;1313;2.452;2.477
69;0.0556931610992041;3.67413612864259e-05;0;1314;0;0
1;0.0517127436482781;0;0,399;1314;0.374;0.424
8;0.057355640211263;3.05553343043248e-05;0,5055;1314;0.478;0.533
33;0.0585845257519203;2.09905031012129e-05;0,6485;1314;0.621;0.676
32;0.058488693713583;3.53468672041209e-05;0,9265;1314;0.917;0.936
7;0.0586951903465987;3.80543798422216e-05;1,109;1314;1.104;1.114
2;0.0517254724284744;3.52851187657826e-06;1,729;1314;1.715;1.743
4;0.0495771242889347;1.8404730959316e-06;1,829;1314;1.826;1.832
1;0.0501489572989075;0;1,8505;1314;1.826;1.875
4;0.0622879596547314;2.85006934205305e-05;1,966;1314;1.915;2.017
9;0.0584800923302588;7.81764435147204e-06;2,1895;1314;2.088;2.291
1;0.065541211519364;0;2,4645;1314;2.452;2.477
69;0.0452511108849336;2.00032627987421e-05;0;1315;0;0
1;0.0460143730006802;0;0,399;1315;0.374;0.424
8;0.0476340745158849;2.04495184221755e-05;0,5055;1315;0.478;0.533
33;0.0491147735562626;2.20319158947485e-05;0,6485;1315;0.621;0.676
32;0.0501018017901433;2.42900147910417e-05;0,9265;1315;0.917;0.936
7;0.0505615750882118;2.43471906756721e-05;1,109;1315;1.104;1.114
2;0.0444163963598197;1.01871106427851e-05;1,729;1315;1.715;1.743
4;0.0424007071047104;2.20307261931081e-06;1,829;1315;1.826;1.832
1;0.0466732869910625;0;1,8505;1315;1.826;1.875
4;0.054696367750575;2.91534612252978e-05;1,966;1315;1.915;2.017
9;0.0498420432965401;1.69952052711247e-05;2,1895;1315;2.088;2.291
1;0.053624627606753;0;2,4645;1315;2.452;2.477
69;11.6550614330011;0.0182005103149265;0;1316;0;0
1;12.0703720632265;0;0,399;1316;0.374;0.424
8;11.7839104708303;0.0205341566572589;0,5055;1316;0.478;0.533
34;11.7889190511375;0.0202535543151312;0,6485;1316;0.621;0.676
32;11.8923397977746;0.035714382302647;0,9265;1316;0.917;0.936
7;12.0282944430937;0.016353878610021;1,109;1316;1.104;1.114
3;11.8819508573054;0.0177544798741994;1,729;1316;1.715;1.743
4;11.8203262288423;0.00207526598055747;1,829;1316;1.826;1.832
1;11.7161669127139;0;1,8505;1316;1.826;1.875
6;11.7958736725288;0.01358174290359;1,966;1316;1.915;2.017
9;11.8147353721348;0.00943909629935808;2,1895;1316;2.088;2.291
1;11.9615993657696;0;2,4645;1316;2.452;2.477
69;0.462644779343703;0.0017436135491978;0;1317;0;0
1;0.534703682545499;0;0,399;1317;0.374;0.424
8;0.484205394628391;0.00202609026777133;0,5055;1317;0.478;0.533
34;0.483453153398128;0.00167477314672668;0,6485;1317;0.621;0.676
32;0.499583118295612;0.00193628673836414;0,9265;1317;0.917;0.936
7;0.531077662603773;0.00128059704393136;1,109;1317;1.104;1.114
3;0.498996310388077;0.00287212188511596;1,729;1317;1.715;1.743
4;0.473848760529865;0.000197429624437313;1,829;1317;1.826;1.832
1;0.457960779298868;0;1,8505;1317;1.826;1.875
6;0.487433290886555;0.0013765698162878;1,966;1317;1.915;2.017
9;0.492679117253219;0.000461011803679598;2,1895;1317;2.088;2.291
1;0.533410839531081;0;2,4645;1317;2.452;2.477
69;0.345434470482842;0.000482613408460443;0;1318;0;0
1;0.431977347578743;0;0,399;1318;0.374;0.424
8;0.37778103818965;0.000718097556446907;0,5055;1318;0.478;0.533
34;0.375272962133276;0.000729135087920784;0,6485;1318;0.621;0.676
32;0.400360608082296;0.00144194745174677;0,9265;1318;0.917;0.936
7;0.425064502866179;0.00072387133168897;1,109;1318;1.104;1.114
3;0.391541201279012;0.000398151228147784;1,729;1318;1.715;1.743
4;0.385215424824759;0.000484321735224454;1,829;1318;1.826;1.832
1;0.354836298195347;0;1,8505;1318;1.826;1.875
6;0.368059084548603;0.00046498917129261;1,966;1318;1.915;2.017
9;0.380263951270319;0.000274578777601183;2,1895;1318;2.088;2.291
1;0.395889972981592;0;2,4645;1318;2.452;2.477
69;8.67497238785689;0.0251510761179176;0;1319;0;0
1;9.02520323007585;0;0,399;1319;0.374;0.424
8;8.68291813061025;0.0426944206058828;0,5055;1319;0.478;0.533
34;8.61667001151917;0.0371823095487552;0,6485;1319;0.621;0.676
32;8.63822275548648;0.0406428177342029;0,9265;1319;0.917;0.936
7;8.96230367205665;0.127850666399713;1,109;1319;1.104;1.114
3;8.61126565795322;0.0151477469302181;1,729;1319;1.715;1.743
4;8.58384209687724;0.00368723529208399;1,829;1319;1.826;1.832
1;9.00463134673208;0;1,8505;1319;1.826;1.875
6;8.98698897737012;0.0585525133338055;1,966;1319;1.915;2.017
9;8.78550706357328;0.00915302985483576;2,1895;1319;2.088;2.291
1;8.7861357654161;0;2,4645;1319;2.452;2.477
69;0.102790326724641;8.45327459023155e-05;0;1320;0;0
1;0.129017675526684;0;0,399;1320;0.374;0.424
8;0.101969333595915;0.000128640189235332;0,5055;1320;0.478;0.533
34;0.0982228264613233;8.85083788942353e-05;0,6485;1320;0.621;0.676
32;0.0986806045331741;0.000155920995659303;0,9265;1320;0.917;0.936
7;0.118062451895472;0.000807576874033974;1,109;1320;1.104;1.114
3;0.0954176979832399;6.79407366074208e-07;1,729;1320;1.715;1.743
4;0.0901013127014576;2.53743457216075e-05;1,829;1320;1.826;1.832
1;0.129933388017732;0;1,8505;1320;1.826;1.875
6;0.11961935312938;0.000373699921073661;1,966;1320;1.915;2.017
9;0.104096624966735;3.48519094059943e-05;2,1895;1320;2.088;2.291
1;0.107075483475909;0;2,4645;1320;2.452;2.477
69;0.0749867395172825;3.43221710334981e-05;0;1321;0;0
1;0.0852450757137837;0;0,399;1321;0.374;0.424
8;0.0756959402790025;6.13460468988529e-05;0,5055;1321;0.478;0.533
34;0.0737572577494197;6.73332615513542e-05;0,6485;1321;0.621;0.676
32;0.0750733153517158;5.05184578065243e-05;0,9265;1321;0.917;0.936
7;0.0887400789285348;0.00018188118044379;1,109;1321;1.104;1.114
3;0.0744829830615982;4.75300832919651e-05;1,729;1321;1.715;1.743
4;0.0759947581567871;4.53158907073894e-06;1,829;1321;1.826;1.832
1;0.086261873803996;0;1,8505;1321;1.826;1.875
6;0.0884717405621903;8.19363519641763e-05;1,966;1321;1.915;2.017
9;0.0817838133493145;2.79365959080655e-05;2,1895;1321;2.088;2.291
1;0.0789154173611755;0;2,4645;1321;2.452;2.477
160;8.94329062812292;0.0375235880323244;0;1322;0;0
31;9.08617417695605;0.0430616122823223;0,0045;1322;0.003;0.006
1;8.99617381415644;0;0,451;1322;0.424;0.478
2;9.05329040469643;0.00203578764029142;0,5055;1322;0.478;0.533
16;8.81173810407943;0.0538799205104129;0,548;1322;0.533;0.563
2;8.52612979298887;0.00804086310896557;2,1895;1322;2.088;2.291
160;0.11988636421271;6.72670637294898e-05;0;1323;0;0
31;0.125070145961561;8.29670109573115e-05;0,0045;1323;0.003;0.006
1;0.130437661715338;0;0,451;1323;0.424;0.478
2;0.12655531890456;6.19766701563666e-05;0,5055;1323;0.478;0.533
16;0.118067443959151;0.0001088445094833;0,548;1323;0.533;0.563
2;0.103809713875743;2.30008433089746e-05;2,1895;1323;2.088;2.291
160;0.0850309979296842;0.000119124054657558;0;1324;0;0
31;0.093920582245192;0.000162036203922074;0,0045;1324;0.003;0.006
1;0.0800884209780723;0;0,451;1324;0.424;0.478
2;0.0909624837476167;1.68078976351895e-05;0,5055;1324;0.478;0.533
16;0.0778678613301241;0.000118240497122634;0,548;1324;0.533;0.563
2;0.0627376544641101;8.23978139557977e-06;2,1895;1324;2.088;2.291
134;10.5488091360616;0.0897712490982858;0;1325;0;0
24;10.5101579465828;0.107111952689172;0,0045;1325;0.003;0.006
2;10.575477380253;0.000226502894566463;0,5055;1325;0.478;0.533
13;10.3149305469516;0.182037055223106;0,548;1325;0.533;0.563
2;9.73678341060173;0.518442754467546;2,1895;1325;2.088;2.291
134;0.255814042911601;0.00135652276973045;0;1326;0;0
24;0.254748565705299;0.00161473065062293;0,0045;1326;0.003;0.006
2;0.260653808104337;3.1907042135625e-07;0,5055;1326;0.478;0.533
13;0.234669602596452;0.00227531612113441;0,548;1326;0.533;0.563
2;0.16812947158662;0.00283044719520211;2,1895;1326;2.088;2.291
134;0.211870281005701;0.00116148133872524;0;1327;0;0
24;0.205628061873723;0.00131939919735227;0,0045;1327;0.003;0.006
2;0.208183264664407;1.16994762088004e-06;0,5055;1327;0.478;0.533
13;0.190086037274268;0.00112768608246593;0,548;1327;0.533;0.563
2;0.139144711129833;0.00312511279525606;2,1895;1327;2.088;2.291
141;7.28832302315321;0.0659410969886386;0;1328;0;0
30;7.35578523049608;0.0447132659058332;0,0045;1328;0.003;0.006
1;7.83421473736501;0;0,451;1328;0.424;0.478
2;7.26235279637569;0.000430462063152076;0,5055;1328;0.478;0.533
14;7.32779269913171;0.0594869022196232;0,548;1328;0.533;0.563
2;7.22330839534618;0.00135949433144176;2,1895;1328;2.088;2.291
141;0.0480554291088709;6.19472428980934e-05;0;1329;0;0
30;0.0497263124854286;3.17818338304262e-05;0,0045;1329;0.003;0.006
1;0.0636548656929571;0;0,451;1329;0.424;0.478
2;0.0454624848156757;1.20216511870255e-06;0,5055;1329;0.478;0.533
14;0.0494547877232317;8.40119157227157e-05;0,548;1329;0.533;0.563
2;0.044687189672294;1.77506215182904e-05;2,1895;1329;2.088;2.291
141;0.0399155202764428;4.44108435884748e-05;0;1330;0;0
30;0.0406720334699574;1.80663790148432e-05;0,0045;1330;0.003;0.006
1;0.0545447325872213;0;0,451;1330;0.424;0.478
2;0.0397388164938586;7.75571153266408e-06;0,5055;1330;0.478;0.533
14;0.0416043328030753;5.89339989747642e-05;0,548;1330;0.533;0.563
2;0.0382323733862958;4.93072819952513e-07;2,1895;1330;2.088;2.291
160;11.5429326589665;0.0266598486335419;0;1331;0;0
31;11.6948783795303;0.0211722774286758;0,0045;1331;0.003;0.006
1;11.9152907591907;0;0,451;1331;0.424;0.478
2;11.4879604833373;0.00175920076396062;0,5055;1331;0.478;0.533
16;11.6039573708198;0.0226292238587909;0,548;1331;0.533;0.563
2;11.4847487882961;0.00855419052972001;2,1895;1331;2.088;2.291
160;0.430668743781955;0.00156353661908434;0;1332;0;0
31;0.469063939861933;0.00148562280487156;0,0045;1332;0.003;0.006
1;0.503189832860823;0;0,451;1332;0.424;0.478
2;0.42243506650347;3.42866785249396e-05;0,5055;1332;0.478;0.533
16;0.437400891118323;0.00069499108210188;0,548;1332;0.533;0.563
2;0.406779349945846;4.13160067715047e-06;2,1895;1332;2.088;2.291
160;0.337799273809557;0.000756698760072661;0;1333;0;0
31;0.358320204926187;0.00056138725471665;0,0045;1333;0.003;0.006
1;0.401498885634335;0;0,451;1333;0.424;0.478
2;0.33490946636181;0.000189780115314826;0,5055;1333;0.478;0.533
16;0.34936707483632;0.000591869768628148;0,548;1333;0.533;0.563
2;0.327698671569057;0.0003029482571673;2,1895;1333;2.088;2.291
160;8.74006482019242;0.0476101797344999;0;1334;0;0
31;8.7679545012432;0.056650997842688;0,0045;1334;0.003;0.006
1;8.74497357020138;0;0,451;1334;0.424;0.478
2;8.85968870046529;0.0687287332702253;0,5055;1334;0.478;0.533
16;8.82440882737471;0.0280688551132364;0,548;1334;0.533;0.563
2;8.65671125638288;0.0155535232325047;2,1895;1334;2.088;2.291
160;0.111634549407763;0.000202691403995008;0;1335;0;0
31;0.113141703442844;0.000148257362030793;0,0045;1335;0.003;0.006
1;0.104816282574622;0;0,451;1335;0.424;0.478
2;0.120571218568458;0.00013029483356782;0,5055;1335;0.478;0.533
16;0.111700301912009;0.000123887248220657;0,548;1335;0.533;0.563
2;0.0957582833104999;0.000132836004601666;2,1895;1335;2.088;2.291
160;0.0757352289150086;6.03061864969045e-05;0;1336;0;0
31;0.076183311937965;9.72451578906966e-05;0,0045;1336;0.003;0.006
1;0.0777951348257151;0;0,451;1336;0.424;0.478
2;0.0789588028596364;0.000101991028639862;0,5055;1336;0.478;0.533
16;0.0806487365751978;6.71492097288869e-05;0,548;1336;0.533;0.563
2;0.0777609433149296;4.08206146136105e-06;2,1895;1336;2.088;2.291
351;9.11823811265029;0.0205866543969126;0;1337;0;0
39;9.23830848478019;0.0294039549477802;0,399;1337;0.374;0.424
180;9.31917577250272;0.0335393131797393;0,451;1337;0.424;0.478
46;9.22429987450925;0.0185946000665532;0,5055;1337;0.478;0.533
95;9.14220698927665;0.0507816987507739;0,548;1337;0.533;0.563
65;9.03819001747536;0.0249843646691185;0,6485;1337;0.621;0.676
1;9.22380713129809;0;0,768;1337;0.761;0.775
1;9.02535785539719;0;1,966;1337;1.915;2.017
4;9.05537306018892;0.014851735377565;2,1895;1337;2.088;2.291
351;0.122404513922469;7.03575747272342e-05;0;1338;0;0
39;0.132678278355413;0.000117578696333504;0,399;1338;0.374;0.424
180;0.137115368565689;0.000116909743511954;0,451;1338;0.424;0.478
46;0.128458924844357;6.54605297629235e-05;0,5055;1338;0.478;0.533
95;0.125328144093642;0.000290185247398137;0,548;1338;0.533;0.563
65;0.114768079241376;8.81608180136721e-05;0,6485;1338;0.621;0.676
1;0.124206498384785;0;0,768;1338;0.761;0.775
1;0.119883546559136;0;1,966;1338;1.915;2.017
4;0.124755800241136;8.10135083854019e-05;2,1895;1338;2.088;2.291
351;0.0951569197471723;5.15725298154752e-05;0;1339;0;0
39;0.0995857342904828;7.8519168946928e-05;0,399;1339;0.374;0.424
180;0.104608519640027;0.000100690938494461;0,451;1339;0.424;0.478
46;0.0998900129698479;6.05845650281328e-05;0,5055;1339;0.478;0.533
95;0.0973725566087782;0.000183552149272693;0,548;1339;0.533;0.563
65;0.0933186691083914;5.90152099407878e-05;0,6485;1339;0.621;0.676
1;0.100083271364925;0;0,768;1339;0.761;0.775
1;0.0885227497744293;0;1,966;1339;1.915;2.017
4;0.0923315654904466;6.96278147617957e-05;2,1895;1339;2.088;2.291
220;10.7496589757357;0.153237990619662;0;1340;0;0
14;10.9296146743812;0.0483390393519159;0,399;1340;0.374;0.424
91;10.9081891749002;0.112940705449694;0,451;1340;0.424;0.478
36;10.7553730645397;0.0620078664435657;0,5055;1340;0.478;0.533
60;10.7913225522301;0.091128113200878;0,548;1340;0.533;0.563
49;10.5611417094697;0.162059417699056;0,6485;1340;0.621;0.676
1;11.1072332293804;0;0,768;1340;0.761;0.775
1;10.6201744957745;0;1,966;1340;1.915;2.017
1;10.3075720903453;0;2,1895;1340;2.088;2.291
220;0.276696408405376;0.00250465389675375;0;1341;0;0
14;0.30043517627132;0.00139672259498149;0,399;1341;0.374;0.424
91;0.296063696906944;0.00194453991019068;0,451;1341;0.424;0.478
36;0.26713814899817;0.000937462915607507;0,5055;1341;0.478;0.533
60;0.277938127858072;0.00156126122681073;0,548;1341;0.533;0.563
49;0.249314466960962;0.00220037820406881;0,6485;1341;0.621;0.676
1;0.312046250115295;0;0,768;1341;0.761;0.775
1;0.257250287033988;0;1,966;1341;1.915;2.017
1;0.199602780536246;0;2,1895;1341;2.088;2.291
220;0.230792167768556;0.00180596744298964;0;1342;0;0
14;0.243771330477368;0.00116691345497581;0,399;1342;0.374;0.424
91;0.249395906014855;0.00170564500443789;0,451;1342;0.424;0.478
36;0.233614060989688;0.000764360795108501;0,5055;1342;0.478;0.533
60;0.233852118887271;0.00108604352652977;0,548;1342;0.533;0.563
49;0.211966191031276;0.00146745804764096;0,6485;1342;0.621;0.676
1;0.267631841392479;0;0,768;1342;0.761;0.775
1;0.217501459733296;0;1,966;1342;1.915;2.017
1;0.190665342601788;0;2,1895;1342;2.088;2.291
349;7.88580762948668;0.0196029817695458;0;1343;0;0
39;7.96484907764899;0.041804089471861;0,399;1343;0.374;0.424
173;8.00466373451437;0.035015427720091;0,451;1343;0.424;0.478
46;8.10775214503737;0.0354261903427784;0,5055;1343;0.478;0.533
88;8.01322486079431;0.0625215190167147;0,548;1343;0.533;0.563
64;8.23229664200036;0.0653039398785053;0,6485;1343;0.621;0.676
1;8.5764598439719;0;0,768;1343;0.761;0.775
1;8.28502015311218;0;1,966;1343;1.915;2.017
2;8.37956290297601;0.234383145483016;2,1895;1343;2.088;2.291
349;0.0646526064894329;2.34024980921175e-05;0;1344;0;0
39;0.0653446227281402;4.0410123373798e-05;0,399;1344;0.374;0.424
173;0.0671948131501598;3.7374302664226e-05;0,451;1344;0.424;0.478
46;0.0695468548399016;3.97281693599919e-05;0,5055;1344;0.478;0.533
88;0.0669148255594747;8.4254760117893e-05;0,548;1344;0.533;0.563
64;0.076467802762084;0.000106037712209094;0,6485;1344;0.621;0.676
1;0.0854953715245281;0;0,768;1344;0.761;0.775
1;0.0734179779931592;0;1,966;1344;1.915;2.017
2;0.076961271102284;0.000260835521754886;2,1895;1344;2.088;2.291
349;0.0526479612417755;1.43333415033717e-05;0;1345;0;0
39;0.0563152487017377;3.14762445948922e-05;0,399;1345;0.374;0.424
173;0.0568476632296222;3.13696366641549e-05;0,451;1345;0.424;0.478
46;0.0607994280217898;3.73446202775313e-05;0,5055;1345;0.478;0.533
88;0.0578108355039916;5.48770410514556e-05;0,548;1345;0.533;0.563
64;0.0644795878543784;7.51641198848396e-05;0,6485;1345;0.621;0.676
1;0.0777449653048996;0;0,768;1345;0.761;0.775
1;0.0671950667813275;0;1,966;1345;1.915;2.017
2;0.0724925521350545;0.000386569090842759;2,1895;1345;2.088;2.291
351;12.0592858501943;0.0299116304729373;0;1346;0;0
39;12.1615161170352;0.033454192342518;0,399;1346;0.374;0.424
180;12.2326140218401;0.0307459821516821;0,451;1346;0.424;0.478
46;12.1024853218248;0.0283904900961342;0,5055;1346;0.478;0.533
95;11.9918172396726;0.0590116630269909;0,548;1346;0.533;0.563
65;11.9870482584622;0.0218504375423998;0,6485;1346;0.621;0.676
1;12.0419983834471;0;0,768;1346;0.761;0.775
1;11.9852964349908;0;1,966;1346;1.915;2.017
4;11.9381062446548;0.00349354119962203;2,1895;1346;2.088;2.291
351;0.556738060809717;0.00188123559660724;0;1347;0;0
39;0.587940284734855;0.00294400423898284;0,399;1347;0.374;0.424
180;0.611701954636691;0.00268389554195011;0,451;1347;0.424;0.478
46;0.579830617359136;0.00229670756495872;0,5055;1347;0.478;0.533
95;0.542719014415128;0.00395667601455682;0,548;1347;0.533;0.563
65;0.53741633819787;0.00133885850254722;0,6485;1347;0.621;0.676
1;0.567145292892092;0;0,768;1347;0.761;0.775
1;0.555338530756708;0;1,966;1347;1.915;2.017
4;0.512851999913285;0.000139575853219687;2,1895;1347;2.088;2.291
351;0.434234326916341;0.00137465716385351;0;1348;0;0
39;0.452967709404738;0.00158898041232517;0,399;1348;0.374;0.424
180;0.465349649450877;0.00146824499055957;0,451;1348;0.424;0.478
46;0.439420244044999;0.00141557121306998;0,5055;1348;0.478;0.533
95;0.420851103235527;0.00260415737305452;0,548;1348;0.533;0.563
65;0.424072805070488;0.00112993386486809;0,6485;1348;0.621;0.676
1;0.453832453078636;0;0,768;1348;0.761;0.775
1;0.413069591149712;0;1,966;1348;1.915;2.017
4;0.40520913983045;0.000157685249122324;2,1895;1348;2.088;2.291
351;8.4243626142438;0.0339673669341999;0;1349;0;0
39;8.66804056128319;0.0447485709727485;0,399;1349;0.374;0.424
179;8.67919066429838;0.0538750392137324;0,451;1349;0.424;0.478
46;8.61706262547431;0.0343843299242084;0,5055;1349;0.478;0.533
95;8.62144685658569;0.0630966310826108;0,548;1349;0.533;0.563
65;8.5117551766644;0.039540469531598;0,6485;1349;0.621;0.676
1;8.82509648691335;0;0,768;1349;0.761;0.775
1;8.55827982052506;0;1,966;1349;1.915;2.017
4;8.96262378314755;0.155336588480331;2,1895;1349;2.088;2.291
351;0.0826452208723312;6.54599342408833e-05;0;1350;0;0
39;0.0936190754540172;0.000106690484441483;0,399;1350;0.374;0.424
179;0.095073859947597;0.000182050665331679;0,451;1350;0.424;0.478
46;0.0890642408046676;6.89659245419062e-05;0,5055;1350;0.478;0.533
95;0.0927677027289131;0.000228948484234819;0,548;1350;0.533;0.563
65;0.0844142321767122;9.18703547793754e-05;0,6485;1350;0.621;0.676
1;0.0988720360673527;0;0,768;1350;0.761;0.775
1;0.0886844314047606;0;1,966;1350;1.915;2.017
4;0.121207270176362;0.00105696687158351;2,1895;1350;2.088;2.291
351;0.0713925121072997;4.12658086345665e-05;0;1351;0;0
39;0.0807619319791286;6.95957759483817e-05;0,399;1351;0.374;0.424
179;0.0812389495819451;0.000107685669129309;0,451;1351;0.424;0.478
46;0.0791396496857196;5.82667775140473e-05;0,5055;1351;0.478;0.533
95;0.0795234164423149;0.000111221057785948;0,548;1351;0.533;0.563
65;0.0759012845550526;5.96551259348686e-05;0,6485;1351;0.621;0.676
1;0.0867390161569211;0;0,768;1351;0.761;0.775
1;0.0750683542299627;0;1,966;1351;1.915;2.017
4;0.0954784706730407;0.000491993013826073;2,1895;1351;2.088;2.291
4;41281.725625;24356455.6545733;0;1354;0;0
5;51173.353;306996700.456841;0,185;1354;0.11;0.26
5;51092.4253333333;16610157.8714033;1,535;1354;1.46;1.61
5;68580.7853333333;96177290.4043269;1,635;1354;1.56;1.71
4;60659.0908333333;45854842.022738;1,77;1354;1.68;1.86
4;283.650625;220.145472858796;0;1355;0;0
5;302.561;2455.30327583333;0,185;1355;0.11;0.26
5;316.570333333333;556.324488055556;1,535;1355;1.46;1.61
5;380.234333333333;1682.2172675;1,635;1355;1.56;1.71
4;350.494375;528.122208043982;1,77;1355;1.68;1.86
4;190.0875;235.100804166666;0;1356;0;0
5;203.523;1058.78282138889;0,185;1356;0.11;0.26
5;216.210666666667;128.407400833333;1,535;1356;1.46;1.61
5;239.246666666667;175.005920833333;1,635;1356;1.56;1.71
4;225.093958333333;85.5925080439813;1,77;1356;1.68;1.86
5;67397.5266666667;18660715.9149212;0;1357;0;0
4;72305.6235416667;237971400.3593;0,185;1357;0.11;0.26
5;85466.099;20298925.9807786;1,535;1357;1.46;1.61
5;90868.5956666667;31328513.5472662;1,77;1357;1.68;1.86
5;456.090216666667;1043.13030950556;0;1358;0;0
4;473.377708333333;3668.20785619213;0,185;1358;0.11;0.26
5;537.829666666667;260.021622777778;1,535;1358;1.46;1.61
5;510.292666666667;1324.95565638889;1,77;1358;1.68;1.86
5;192.294833333333;497.280088680555;0;1359;0;0
4;202.255;596.622901851852;0,185;1359;0.11;0.26
5;228.264666666667;297.779639444444;1,535;1359;1.46;1.61
5;235.520333333333;322.684976944444;1,77;1359;1.68;1.86
4;96523.1580208333;17704027.3395754;0;1360;0;0
5;102773.853;310557050.484444;0,185;1360;0.11;0.26
4;117826.029166667;231416181.456994;1,535;1360;1.46;1.61
3;122773.225740741;114670709.365394;1,635;1360;1.56;1.71
4;146340.26375;86193570.9578358;1,77;1360;1.68;1.86
5;113715.797333333;3833608.32616054;2,185;1360;2.08;2.29
4;407.55875;169.047384490741;0;1361;0;0
5;419.732;1987.63586305556;0,185;1361;0.11;0.26
4;446.00125;1194.56817106482;1,535;1361;1.46;1.61
3;453.639444444444;293.213278703704;1,635;1361;1.56;1.71
4;499.635208333333;335.398568692129;1,77;1361;1.68;1.86
5;442.767;48.9471852777777;2,185;1361;2.08;2.29
4;337.9325;99.274718981481;0;1362;0;0
5;337.742;1239.86862972222;0,185;1362;0.11;0.26
4;383.510208333333;668.264749247686;1,535;1362;1.46;1.61
3;378.780925925926;432.204661831277;1,635;1362;1.56;1.71
4;404.328958333333;316.474658043981;1,77;1362;1.68;1.86
5;370.240666666667;110.331764722222;2,185;1362;2.08;2.29
5;83884.5373333333;20305621.2003179;0;1363;0;0
4;95117.1454166667;279419172.804054;0,185;1363;0.11;0.26
5;93219.4966666667;64930127.7783237;1,535;1363;1.46;1.61
4;96664.27875;139908008.97991;1,635;1363;1.56;1.71
5;97021.939;46763413.9741411;1,77;1363;1.68;1.86
5;95006.472;188422933.077845;2,185;1363;2.08;2.29
5;392.279166666667;412.843606597223;0;1364;0;0
4;433.787291666667;1162.79756174768;0,185;1364;0.11;0.26
5;426.290333333333;435.993715833334;1,535;1364;1.46;1.61
4;440.970625;1065.04617934028;1,635;1364;1.56;1.71
5;424.450333333333;245.064295;1,77;1364;1.68;1.86
5;416.414333333333;1675.48737861111;2,185;1364;2.08;2.29
5;301.024;264.344565763888;0;1365;0;0
4;311.469375;1766.60668489583;0,185;1365;0.11;0.26
5;325.324;276.144016111111;1,535;1365;1.46;1.61
4;320.215833333333;722.392608333333;1,635;1365;1.56;1.71
5;316.059;140.097786944445;1,77;1365;1.68;1.86
5;318.37;445.649705555555;2,185;1365;2.08;2.29
3;101246.823425926;142536684.608851;0;1366;0;0
5;124832.235333333;1508198077.26987;0,185;1366;0.11;0.26
4;137488.257708333;240922534.777209;1,535;1366;1.46;1.61
5;128088.278;36659103.4211742;1,635;1366;1.56;1.71
5;140969.381166667;366024413.192564;1,77;1366;1.68;1.86
3;120768.662222222;349567478.173568;2,185;1366;2.08;2.29
3;420.029259259259;261.577932201646;0;1367;0;0
5;451.618666666667;6186.98787138889;0,185;1367;0.11;0.26
4;460.087291666667;695.074058969906;1,535;1367;1.46;1.61
5;460.369666666667;317.2638825;1,635;1367;1.56;1.71
5;473.858666666667;678.082286666668;1,77;1367;1.68;1.86
3;449.810740740741;1796.91467942387;2,185;1367;2.08;2.29
3;314.606111111111;483.506573148148;0;1368;0;0
5;353.887;2318.06689638889;0,185;1368;0.11;0.26
4;400.696458333333;846.14630943287;1,535;1368;1.46;1.61
5;366.836;66.709953611111;1,635;1368;1.56;1.71
5;389.056333333333;1019.68547277778;1,77;1368;1.68;1.86
3;352.770740740741;326.617630349795;2,185;1368;2.08;2.29
3;241973.389722222;888224727.741322;0;1369;0;0
3;244348.205833333;243886591.949092;0,135;1369;0.12;0.15
5;223734.816666667;580926447.199457;0,55;1369;0.52;0.58
3;645.789444444444;484.44195162037;0;1370;0;0
3;657.311666666667;857.789544444443;0,135;1370;0.12;0.15
5;602.806333333333;978.446120000001;0,55;1370;0.52;0.58
3;485.303333333333;1490.20181875;0;1371;0;0
3;479.753611111111;344.005183564814;0,135;1371;0.12;0.15
5;480.653666666667;1086.63767972222;0,55;1371;0.52;0.58
3;478889.468055556;773093405.733875;0;1372;0;0
2;473271.315277778;8591468.17935569;0,185;1372;0.11;0.26
2;747124.721041667;3946038080.80697;1,535;1372;1.46;1.61
3;651010.447592593;1866281936.34573;1,635;1372;1.56;1.71
2;622346.480416667;7143292200.73042;1,77;1372;1.68;1.86
3;914.860972222222;340.320581655092;0;1373;0;0
2;883.239166666667;494.289201388891;0,185;1373;0.11;0.26
2;1080.645625;2716.48991328125;1,535;1373;1.46;1.61
3;1068.03037037037;222.830432818928;1,635;1373;1.56;1.71
2;1080.689375;1434.44838550348;1,77;1373;1.68;1.86
3;607.993333333333;1282.95800208333;0;1374;0;0
2;635.759166666667;0.0666125000000033;0,185;1374;0.11;0.26
2;847.666458333333;5549.35514592014;1,535;1374;1.46;1.61
3;768.512407407407;42.7811155349792;1,635;1374;1.56;1.71
2;711.6775;1514.4256125;1,77;1374;1.68;1.86
3;112304.226527778;62856784.1182798;0;1375;0;0
4;107909.369166667;147497306.605306;0,185;1375;0.11;0.26
3;144104.516944444;415316182.853039;1,535;1375;1.46;1.61
4;226168.161875;6924175887.68768;1,635;1375;1.56;1.71
4;234117.571041667;557706351.588758;1,77;1375;1.68;1.86
5;134730.125333333;982469947.343569;2,185;1375;2.08;2.29
3;487.019527777778;1093.62164018287;0;1376;0;0
4;461.676041666667;1745.21411452546;0,185;1376;0.11;0.26
3;573.498611111111;2366.06353634259;1,535;1376;1.46;1.61
4;680.662916666667;24792.4847543982;1,635;1376;1.56;1.71
4;694.711875;1547.62672609954;1,77;1376;1.68;1.86
5;500.27;8418.74682638889;2,185;1376;2.08;2.29
3;288.834166666667;15.3707255208333;0;1377;0;0
4;293.149791666667;204.291704803241;0,185;1377;0.11;0.26
3;320.161666666667;579.603189583334;1,535;1377;1.46;1.61
4;409.602916666667;5330.92598217593;1,635;1377;1.56;1.71
4;428.82875;527.044052546296;1,77;1377;1.68;1.86
5;340.511;1203.82458694445;2,185;1377;2.08;2.29
373;4633.78016085791;6551382.71498169;0;15;NA;NA
467;3508.13704496788;5308302.74512687;1e-06;15;NA;NA
483;4379.91718426501;5953475.51179952;2e-06;15;NA;NA
363;4223.96694214876;6165142.23094836;3e-06;15;NA;NA
228;5057.76315789474;6512824.48991421;4e-06;15;NA;NA
186;5055.08064516129;6860166.07454228;5e-06;15;NA;NA
175;4363.71428571429;5840719.7454844;6e-06;15;NA;NA
223;4157.62331838565;7173312.56918353;7e-06;15;NA;NA
233;3370.68669527897;5962621.29365843;8e-06;15;NA;NA
250;3765.58;5151613.8188755;9e-06;15;NA;NA
215;4069.3023255814;5268490.39882634;1e-05;15;NA;NA
125;3938.448;7097618.588;1,1e-05;15;NA;NA
122;3659.95901639344;6393415.90739737;1,2e-05;15;NA;NA
249;3284.73895582329;3695028.25819407;1,3e-05;15;NA;NA
183;3567.27868852459;6484200.65267519;1,4e-05;15;NA;NA
197;3600.8883248731;4192132.49766912;1,5e-05;15;NA;NA
167;3376.34730538922;4241500.4328692;1,6e-05;15;NA;NA
177;3322.4011299435;4641579.00295326;1,7e-05;15;NA;NA
202;3390.13861386139;4367990.796611;1,8e-05;15;NA;NA
251;3252.82868525896;3544191.36653386;1,9e-05;15;NA;NA
191;3439.79057591623;4203355.7453844;2e-05;15;NA;NA
205;3879.68292682927;4643968.64897178;2,1e-05;15;NA;NA
347;4083.93371757925;5166701.02738585;2,2e-05;15;NA;NA
325;3184.15384615385;4432049.82193732;2,3e-05;15;NA;NA
401;3508.82044887781;3696914.3776808;2,4e-05;15;NA;NA
229;3853.66812227074;3089789.11744427;2,5e-05;15;NA;NA
385;3772.02597402597;3406827.13474026;2,6e-05;15;NA;NA
590;3207.65254237288;2647160.73645363;2,7e-05;15;NA;NA
545;3641.94862385321;2819006.95691446;2,8e-05;15;NA;NA
401;3721.08728179551;2770053.87986284;2,9e-05;15;NA;NA
298;3628.28859060403;2936561.70768084;3e-05;15;NA;NA
339;3858.58407079646;3425092.0720532;3,1e-05;15;NA;NA
278;3478.48920863309;1871994.82118277;3,2e-05;15;NA;NA
194;3676.34020618557;1317235.75930773;3,3e-05;15;NA;NA
159;4353.77358490566;2737169.21423454;3,4e-05;15;NA;NA
240;3758.75;3301931.48535565;3,5e-05;15;NA;NA
482;3336.22406639004;2814278.85197678;3,6e-05;15;NA;NA
521;3463.12859884837;2840368.84689207;3,7e-05;15;NA;NA
484;3294.95867768595;1951856.52002806;3,8e-05;15;NA;NA
708;3390.49011299435;2217778.32946364;3,9e-05;15;NA;NA
747;3743.79384203481;3473713.03518991;4e-05;15;NA;NA
404;3744.45544554455;3485695.73250129;4,1e-05;15;NA;NA
327;3640.58103975535;3440700.57546763;4,2e-05;15;NA;NA
509;3551.28683693517;2680901.73646025;4,3e-05;15;NA;NA
468;3931.73076923077;2684345.39202767;4,4e-05;15;NA;NA
599;3881.26878130217;2108826.81559567;4,5e-05;15;NA;NA
461;3541.86117136659;3060484.71111949;4,6e-05;15;NA;NA
606;4040.36303630363;3873400.85972234;4,7e-05;15;NA;NA
527;3591.90702087287;3312458.76130042;4,8e-05;15;NA;NA
881;3309.13280363224;2184765.52666134;4,9e-05;15;NA;NA
123;4060.89430894309;2311144.27562308;5e-05;15;NA;NA
15;3946;1732868.57142857;5,1e-05;15;NA;NA
7;1.463114286;0.006910415;0;1352;NA;NA
8;1.6391625;0.009194494;0,015611786;1352;NA;NA
7;1.601371429;0.009253572;0,110062602;1352;NA;NA
6;1.537883333;0.00829639;0,268806492;1352;NA;NA
14;1.634978571;0.008529234;0,313141007;1352;NA;NA
22;1.709040909;0.012308813;0,36855054;1352;NA;NA
14;1.761535714;0.007103621;0,461592611;1352;NA;NA
13;1.789753846;0.004222344;0,517342529;1352;NA;NA
19;1.658052632;0.01150065;0,594185575;1352;NA;NA
20;1.703005;0.013267238;0,624357747;1352;NA;NA
15;1.74434375;0.005814447;0,865197216;1352;NA;NA
6;1.81825;0.003860783;0,990390054;1352;NA;NA
10;1.88889;0.010779499;1,192586263;1352;NA;NA
9;1.899788889;0.008728231;1,282903685;1352;NA;NA
15;1.88596;0.007868015;1,408688294;1352;NA;NA
14;1.9829;0.00916432;1,76;1352;NA;NA
9;2.053377778;0.008317147;0;1353;NA;NA
11;2.067;0.00679048;0,023675915;1353;NA;NA
6;2.097083333;0.00566699;0,042009998;1353;NA;NA
15;2.190073333;0.013098129;0,135269508;1353;NA;NA
9;2.370077778;0.006775372;0,190503159;1353;NA;NA
6;2.139616667;0.004684606;0,271188085;1353;NA;NA
12;2.255591667;0.004120217;0,29669469;1353;NA;NA
28;2.364942857;0.013221915;0,338587181;1353;NA;NA
32;2.351446875;0.01659387;0,392215469;1353;NA;NA
16;2.2506625;0.008258927;0,459632994;1353;NA;NA
27;2.287811111;0.015570333;0,487280106;1353;NA;NA
28;2.222703571;0.016313837;0,540621032;1353;NA;NA
34;2.228297059;0.017436707;0,620793133;1353;NA;NA
34;2.167117647;0.018042185;0,647689282;1353;NA;NA
17;2.416429412;0.009457227;0,89044344;1353;NA;NA
8;2.4838625;0.00823232;0,944881022;1353;NA;NA
8;2.4846125;0.008027404;1,00999353;1353;NA;NA
13;2.493807692;0.008097842;1,213960955;1353;NA;NA
10;2.50754;0.014767472;1,308070856;1353;NA;NA
17;2.506711765;0.009611106;1,349981975;1353;NA;NA
26;2.469034615;0.013516904;1,429579003;1353;NA;NA
25;2.382072;0.015233785;1,55;1353;NA;NA
55;90.2;6.1;0;703;NA;NA
32;86.5;6.1;7e-06;703;NA;NA
101;80.2;8.1;1,2e-05;703;NA;NA
13;66;13.8;2,3e-05;703;NA;NA
39;58.7;12.7;2,5e-05;703;NA;NA
53;68.3;13;0;673;NA;NA
111;60.6;15.1;1e-06;673;NA;NA
89;59;14.8;2e-06;673;NA;NA
48;53.4;15.3;3e-06;673;NA;NA
11;70.1;15.7;4e-06;673;NA;NA
17;22.2941;1.35852428586835;0;674;NA;NA
14;21;0.949262293098647;1e-06;674;NA;NA
45;21.4222222222222;1.15775819599951;2e-06;674;NA;NA
25;21.56;1.19303534454489;3e-06;674;NA;NA
50;21.68;1.21956834116646;4e-06;674;NA;NA
50;21.22;1.48859610618426;5e-06;674;NA;NA
50;21.56;1.43085531720559;6e-06;674;NA;NA
51;20.9019607843137;1.17055374862984;7e-06;674;NA;NA
50;21.54;1.40276694502003;8e-06;674;NA;NA
50;21.06;1.21906622009618;9e-06;674;NA;NA
50;21.12;1.15422913581281;1e-05;674;NA;NA
50;21.12;1.39444963907571;1,1e-05;674;NA;NA
50;21.1;1.34392055158763;1,2e-05;674;NA;NA
50;20.94;1.34634804609525;1,3e-05;674;NA;NA
50;20.92;1.12195165234696;1,4e-05;674;NA;NA
50;20.98;1.33232955413303;1,5e-05;674;NA;NA
50;20.66;1.18855082399723;1,6e-05;674;NA;NA
50;20.88;1.23955818742002;1,7e-05;674;NA;NA
50;20.76;1.0408611819066;1,8e-05;674;NA;NA
50;20.66;1.42128463018496;1,9e-05;674;NA;NA
55;32.909;0.887625364598595;0;675;NA;NA
77;32.364;0.985541407566779;1e-06;675;NA;NA
70;32.143;1.02555342833444;2e-06;675;NA;NA
36;32.083;1.62788205960997;3e-06;675;NA;NA
42;31.786;1.04847657860751;4e-06;675;NA;NA
34;31.765;1.1821609265781;5e-06;675;NA;NA
33;31.636;0.962359789079097;6e-06;675;NA;NA
22;31.5;1.65471908132324;7e-06;675;NA;NA
20;31.75;1.25131509768092;8e-06;675;NA;NA
24;31.708;1.5736738147921;9e-06;675;NA;NA
20;31.5;1.05131496607569;1e-05;675;NA;NA
30;31.333;1.29543850473121;1,1e-05;675;NA;NA
15;6.8667;0.743223352957207;0;676;NA;NA
103;6.8155;0.763731459009683;1e-06;676;NA;NA
117;6.7094;0.788492987087842;2e-06;676;NA;NA
200;6.575;0.948087204182014;3e-06;676;NA;NA
200;6.73;0.866518477216028;4e-06;676;NA;NA
200;6.425;0.926643589363539;5e-06;676;NA;NA
200;6.655;0.877396216428482;6e-06;676;NA;NA
200;6.27;0.854841370573641;7e-06;676;NA;NA
200;6.53;0.844193885658333;8e-06;676;NA;NA
200;6.345;0.969885762324512;9e-06;676;NA;NA
200;6.37;0.834615429148577;1e-05;676;NA;NA
200;6.135;0.877854282158216;1,1e-05;676;NA;NA
200;6.495;0.987344542817327;1,2e-05;676;NA;NA
200;6.325;0.782583660658494;1,3e-05;676;NA;NA
200;6.025;0.904691846256734;1,4e-05;676;NA;NA
200;5.91;0.869297642904776;1,5e-05;676;NA;NA
200;6.65;0.842871283174365;1,6e-05;676;NA;NA
200;6.57;0.842871283174365;1,7e-05;676;NA;NA
200;6.63;0.848528137423857;1,8e-05;676;NA;NA
6;9.63;0;0;677;NA;NA
26;9.74;0;1e-06;677;NA;NA
2;9.6;0;2e-06;677;NA;NA
21;9.72;0;3e-06;677;NA;NA
19;9.68;0;4e-06;677;NA;NA
53;9.72;0;5e-06;677;NA;NA
84;9.76;0;6e-06;677;NA;NA
11;10.02;0;0;678;NA;NA
44;10.04;0;1e-06;678;NA;NA
8;9.96;0;2e-06;678;NA;NA
21;10.01;0;3e-06;678;NA;NA
25;9.96;0;4e-06;678;NA;NA
82;9.98;0;5e-06;678;NA;NA
102;9.92;0;6e-06;678;NA;NA
1;4.5;0.71;0;679;NA;NA
3;5;0;1e-06;679;NA;NA
6;5.33333333333333;0.82;2e-06;679;NA;NA
13;5.30769230769231;0.48;3e-06;679;NA;NA
20;5.35;0.67;4e-06;679;NA;NA
35;5.31428571428571;0.58;5e-06;679;NA;NA
35;5.28571428571429;0.71;6e-06;679;NA;NA
38;5.71052631578947;0.9;7e-06;679;NA;NA
31;5.29032258064516;0.59;8e-06;679;NA;NA
37;5.05405405405405;0.94;9e-06;679;NA;NA
33;5.51515151515152;0.87;1e-05;679;NA;NA
31;5.29032258064516;0.94;1,1e-05;679;NA;NA
34;5.58823529411765;0.7;1,2e-05;679;NA;NA
36;5.38888888888889;0.77;1,3e-05;679;NA;NA
32;5.64285714285714;0.56;1,4e-05;679;NA;NA
37;5.24324324324324;0.76;1,6e-05;679;NA;NA
45;5.18604651162791;0.82;1,7e-05;679;NA;NA
41;5.53658536585366;0.6;1,8e-05;679;NA;NA
56;5.51785714285714;0.79;1,9e-05;679;NA;NA
57;5;0.93;2e-05;679;NA;NA
52;5.28846153846154;0.85;2,1e-05;679;NA;NA
52;5.19230769230769;0.82;2,2e-05;679;NA;NA
52;5.42307692307692;0.91;2,3e-05;679;NA;NA
53;5.18867924528302;0.74;2,4e-05;679;NA;NA
50;4.95918367346939;0.87;2,5e-05;679;NA;NA
55;5.18181818181818;0.84;2,6e-05;679;NA;NA
58;5.14545454545455;0.99;2,7e-05;679;NA;NA
59;5.33928571428571;0.75;2,8e-05;679;NA;NA
65;5.4375;1.01;2,9e-05;679;NA;NA
15;5;1.07;0;680;NA;NA
34;5.41;0.61;1e-06;680;NA;NA
35;5.16;0.73;2e-06;680;NA;NA
53;5.63;0.68;3e-06;680;NA;NA
67;5.55;0.85;4e-06;680;NA;NA
87;5.51;0.77;5e-06;680;NA;NA
79;5.62;0.94;6e-06;680;NA;NA
73;5.51;0.72;7e-06;680;NA;NA
86;5.63;0.7;8e-06;680;NA;NA
84;5.37;0.93;9e-06;680;NA;NA
79;5.36;0.8;1e-05;680;NA;NA
72;5.51;0.7;1,1e-05;680;NA;NA
78;5.5;0.62;1,2e-05;680;NA;NA
101;5.56;0.87;1,3e-05;680;NA;NA
75;5.63;0.94;1,4e-05;680;NA;NA
77;5.23;0.9;1,5e-05;680;NA;NA
67;5.53;0.6;1,6e-05;680;NA;NA
60;5.73;0.68;1,7e-05;680;NA;NA
53;5.66;0.64;1,8e-05;680;NA;NA
77;5.44;0.73;2e-05;680;NA;NA
91;5.46;0.82;2,1e-05;680;NA;NA
96;5.54;0.88;2,2e-05;680;NA;NA
105;5.59;0.73;2,3e-05;680;NA;NA
100;5.38;1.02;2,4e-05;680;NA;NA
113;5.38;0.77;2,5e-05;680;NA;NA
97;5.44;0.84;2,6e-05;680;NA;NA
107;5.7;0.81;2,7e-05;680;NA;NA
86;5.2;0.84;2,8e-05;680;NA;NA
102;5.25;0.82;2,9e-05;680;NA;NA
107;5.42;0.86;3e-05;680;NA;NA
115;5.45;0.93;3,1e-05;680;NA;NA
106;5.65;0.78;3,2e-05;680;NA;NA
100;5.68;0.67;3,3e-05;680;NA;NA
1;19.05;0;0;681;NA;NA
3;19.85;0.69;1e-06;681;NA;NA
6;19.525;0.32;2e-06;681;NA;NA
13;19.5375;0.44;3e-06;681;NA;NA
20;19.6;0.68;4e-06;681;NA;NA
35;19.4023529411765;0.55;5e-06;681;NA;NA
35;19.4534285714286;0.43;6e-06;681;NA;NA
38;19.3881578947368;0.5;7e-06;681;NA;NA
37;19.3626829268293;0.45;9e-06;681;NA;NA
33;19.610625;0.43;1e-05;681;NA;NA
31;19.2772727272727;0.48;1,1e-05;681;NA;NA
34;19.3846875;0.36;1,2e-05;681;NA;NA
36;19.4229032258065;0.42;1,3e-05;681;NA;NA
37;19.4151428571429;0.55;1,6e-05;681;NA;NA
45;19.2938095238095;0.63;1,7e-05;681;NA;NA
41;19.4360526315789;0.59;1,8e-05;681;NA;NA
56;19.4646153846154;0.59;1,9e-05;681;NA;NA
57;19.4588372093023;0.58;2e-05;681;NA;NA
52;19.3752941176471;0.66;2,1e-05;681;NA;NA
52;19.3857142857143;0.56;2,2e-05;681;NA;NA
52;19.3871153846154;0.61;2,3e-05;681;NA;NA
53;19.3878431372549;0.77;2,4e-05;681;NA;NA
50;19.6965217391304;0.6;2,5e-05;681;NA;NA
55;19.5523214285714;0.54;2,6e-05;681;NA;NA
58;19.4985454545454;0.47;2,7e-05;681;NA;NA
59;19.5978846153846;0.52;2,8e-05;681;NA;NA
65;19.5846268656716;0.52;2,9e-05;681;NA;NA
3;18.65;0.26;0;682;NA;NA
6;18.9916666666667;0.47;1e-06;682;NA;NA
13;19.0730769230769;0.76;2e-06;682;NA;NA
20;19.1235294117647;0.4;3e-06;682;NA;NA
35;19.1144827586207;0.72;4e-06;682;NA;NA
35;19.0461111111111;0.59;5e-06;682;NA;NA
38;19.312972972973;0.49;6e-06;682;NA;NA
37;19.1442307692308;0.48;8e-06;682;NA;NA
33;19.3987096774194;0.39;9e-06;682;NA;NA
31;19.158;0.61;1e-05;682;NA;NA
34;19.42;0.59;1,1e-05;682;NA;NA
36;19.4696296296296;0.57;1,2e-05;682;NA;NA
32;19.7275;0.21;1,3e-05;682;NA;NA
37;19.2823333333333;0.5;1,5e-05;682;NA;NA
45;19.1951351351351;0.49;1,6e-05;682;NA;NA
41;19.2894594594595;0.62;1,7e-05;682;NA;NA
56;19.2906818181818;0.65;1,8e-05;682;NA;NA
57;19.3409523809524;0.66;1,9e-05;682;NA;NA
52;19.4606976744186;0.65;2e-05;682;NA;NA
52;19.280652173913;0.62;2,1e-05;682;NA;NA
52;19.3002272727273;0.64;2,2e-05;682;NA;NA
53;19.454;0.56;2,3e-05;682;NA;NA
50;19.72375;0.48;2,4e-05;682;NA;NA
55;19.5328888888889;0.51;2,5e-05;682;NA;NA
58;19.3026923076923;0.45;2,6e-05;682;NA;NA
59;19.5845833333333;0.52;2,7e-05;682;NA;NA
65;19.4405084745763;0.61;2,8e-05;682;NA;NA
34;18.99;0.04;0;683;NA;NA
35;19.3133333333333;0.02;1e-06;683;NA;NA
53;19.7102702702703;0.44;2e-06;683;NA;NA
67;19.6433333333333;0.41;3e-06;683;NA;NA
87;19.7446428571429;0.66;4e-06;683;NA;NA
79;19.5078571428571;0.5;5e-06;683;NA;NA
73;19.4581081081081;0.55;6e-06;683;NA;NA
86;19.5535294117647;0.49;7e-06;683;NA;NA
84;19.4503571428571;0.47;8e-06;683;NA;NA
79;19.338125;0.61;9e-06;683;NA;NA
72;19.3877027027027;0.54;1e-05;683;NA;NA
78;19.4106060606061;0.46;1,1e-05;683;NA;NA
101;19.4144444444444;0.46;1,2e-05;683;NA;NA
75;19.4769620253165;0.48;1,3e-05;683;NA;NA
77;19.6185135135135;0.46;1,4e-05;683;NA;NA
67;19.5425757575758;0.48;1,5e-05;683;NA;NA
60;19.4903389830508;0.49;1,6e-05;683;NA;NA
77;19.513768115942;0.51;1,9e-05;683;NA;NA
91;19.4309195402299;0.55;2e-05;683;NA;NA
96;19.5308791208791;0.53;2,1e-05;683;NA;NA
105;19.46;0.56;2,2e-05;683;NA;NA
100;19.4797916666667;0.57;2,3e-05;683;NA;NA
113;19.4626;0.56;2,4e-05;683;NA;NA
97;19.4248387096774;0.55;2,5e-05;683;NA;NA
107;19.4563157894737;0.54;2,6e-05;683;NA;NA
86;19.477625;0.52;2,7e-05;683;NA;NA
102;19.7791397849462;0.55;2,8e-05;683;NA;NA
107;19.68;0.51;2,9e-05;683;NA;NA
115;19.5831632653061;0.54;3e-05;683;NA;NA
106;19.5949462365591;0.55;3,1e-05;683;NA;NA
100;19.7417204301075;0.64;3,2e-05;683;NA;NA
34;19.8748607635498;0;0;684;NA;NA
35;19.7347221374512;0;1e-06;684;NA;NA
53;19.6674554094355;0.49;2e-06;684;NA;NA
67;19.5686254307481;0.5;3e-06;684;NA;NA
87;19.4259484477102;0.5;4e-06;684;NA;NA
79;19.3475;0.53;5e-06;684;NA;NA
73;19.3689130434783;0.51;6e-06;684;NA;NA
86;19.4822368421053;0.48;7e-06;684;NA;NA
84;19.3945833333333;0.5;8e-06;684;NA;NA
79;19.3966666666667;0.51;9e-06;684;NA;NA
72;19.3394029850746;0.47;1e-05;684;NA;NA
78;19.3951515151515;0.48;1,1e-05;684;NA;NA
101;19.5880357142857;0.53;1,2e-05;684;NA;NA
75;19.5726153846154;0.48;1,3e-05;684;NA;NA
77;19.5482089552239;0.53;1,4e-05;684;NA;NA
67;19.441724137931;0.56;1,5e-05;684;NA;NA
60;19.4451351351351;0.59;1,6e-05;684;NA;NA
77;19.33046875;0.62;1,9e-05;684;NA;NA
91;19.4221126760563;0.54;2e-05;684;NA;NA
96;19.4703571428571;0.54;2,1e-05;684;NA;NA
105;19.4477380952381;0.48;2,2e-05;684;NA;NA
100;19.5305813953488;0.54;2,3e-05;684;NA;NA
113;19.3047191011236;0.59;2,4e-05;684;NA;NA
97;19.2396470588235;0.55;2,5e-05;684;NA;NA
107;19.3766666666667;0.58;2,6e-05;684;NA;NA
86;19.5713636363636;0.58;2,7e-05;684;NA;NA
102;19.5124798850575;0.58;2,8e-05;684;NA;NA
107;19.5573404255319;0.54;2,9e-05;684;NA;NA
115;19.3887368421053;0.57;3e-05;684;NA;NA
106;19.3595180722892;0.63;3,1e-05;684;NA;NA
100;19.5123595505618;0.6;3,2e-05;684;NA;NA
1;76.25;1.06;0;685;NA;NA
3;76.6666666666667;0.58;1e-06;685;NA;NA
6;76.75;1.54;2e-06;685;NA;NA
13;76.375;1.23;3e-06;685;NA;NA
20;77.3611111111111;1.21;4e-06;685;NA;NA
35;77.7352941176471;1.72;5e-06;685;NA;NA
35;77.6;1.64;6e-06;685;NA;NA
38;77.1973684210526;1.65;7e-06;685;NA;NA
37;78.2738095238095;1.75;9e-06;685;NA;NA
33;79.1290322580645;1.55;1e-05;685;NA;NA
31;78.6363636363636;2;1,1e-05;685;NA;NA
34;78.5625;1.51;1,2e-05;685;NA;NA
36;77.8333333333333;1.46;1,3e-05;685;NA;NA
32;78.5833333333333;1.11;1,4e-05;685;NA;NA
37;78.4285714285714;1.27;1,6e-05;685;NA;NA
45;78.0833333333333;1.51;1,7e-05;685;NA;NA
41;77.974358974359;1.47;1,8e-05;685;NA;NA
56;77.8846153846154;1.63;1,9e-05;685;NA;NA
57;78.0731707317073;1.63;2e-05;685;NA;NA
52;78.0980392156863;1.5;2,1e-05;685;NA;NA
52;77.469387755102;1.63;2,2e-05;685;NA;NA
52;77.5588235294118;2.18;2,3e-05;685;NA;NA
53;77.02;1.32;2,4e-05;685;NA;NA
50;77.3804347826087;1.51;2,5e-05;685;NA;NA
55;76.5357142857143;1.44;2,6e-05;685;NA;NA
58;77.2;1.25;2,7e-05;685;NA;NA
59;77.3921568627451;1.21;2,8e-05;685;NA;NA
65;77.089552238806;1.51;2,9e-05;685;NA;NA
1;75;0;0;686;NA;NA
3;79.1666666666667;0.29;1e-06;686;NA;NA
6;78.25;1.17;2e-06;686;NA;NA
13;78.9615384615385;1.52;3e-06;686;NA;NA
20;79.3823529411765;1.23;4e-06;686;NA;NA
35;79.6034482758621;1.65;5e-06;686;NA;NA
35;79.1944444444444;1.26;6e-06;686;NA;NA
38;79.7702702702703;1.45;7e-06;686;NA;NA
37;80.1153846153846;1.3;9e-06;686;NA;NA
33;81.0645161290323;1.17;1e-05;686;NA;NA
31;79.7;1.79;1,1e-05;686;NA;NA
34;81.051724137931;1.63;1,2e-05;686;NA;NA
36;80.2037037037037;1.27;1,3e-05;686;NA;NA
32;79.875;1.03;1,4e-05;686;NA;NA
37;80.2413793103448;1.74;1,6e-05;686;NA;NA
45;79.5675675675676;1.33;1,7e-05;686;NA;NA
41;79.8108108108108;1.54;1,8e-05;686;NA;NA
56;79.6818181818182;1.68;1,9e-05;686;NA;NA
57;80.0731707317073;1.63;2e-05;686;NA;NA
52;79.9767441860465;1.77;2,1e-05;686;NA;NA
52;79.0666666666667;1.75;2,2e-05;686;NA;NA
52;79.5595238095238;1.18;2,3e-05;686;NA;NA
53;79.1;1.45;2,4e-05;686;NA;NA
50;79.7435897435897;1.79;2,5e-05;686;NA;NA
55;79.0333333333333;1.63;2,6e-05;686;NA;NA
58;79.1037735849057;1.37;2,7e-05;686;NA;NA
59;79.3541666666667;1.44;2,8e-05;686;NA;NA
65;78.9568965517241;1.52;2,9e-05;686;NA;NA
35;77.5227272727273;1.93;0;687;NA;NA
53;77.5217391304348;1.85;1e-06;687;NA;NA
67;76.6590909090909;1.6;2e-06;687;NA;NA
87;77.2235294117647;1.57;3e-06;687;NA;NA
79;77.7058823529412;1.47;4e-06;687;NA;NA
73;77.7702702702703;1.74;5e-06;687;NA;NA
86;77.7588235294118;1.63;6e-06;687;NA;NA
84;77.5119047619048;1.58;7e-06;687;NA;NA
79;77.4;1.89;8e-06;687;NA;NA
72;77.4662162162162;1.53;9e-06;687;NA;NA
78;77.1666666666667;1.56;1e-05;687;NA;NA
101;77.46875;1.35;1,1e-05;687;NA;NA
75;78.373417721519;1.76;1,2e-05;687;NA;NA
77;78.7567567567568;1.67;1,3e-05;687;NA;NA
67;78.5757575757576;1.6;1,4e-05;687;NA;NA
60;78.3389830508475;1.34;1,5e-05;687;NA;NA
53;78.5434782608696;1.11;1,6e-05;687;NA;NA
77;78.1231884057971;1.66;1,8e-05;687;NA;NA
91;77.5747126436782;1.72;1,9e-05;687;NA;NA
96;78.0111111111111;1.59;2e-05;687;NA;NA
105;78.0215053763441;1.5;2,1e-05;687;NA;NA
100;78.078125;1.6;2,2e-05;687;NA;NA
113;78.0873786407767;1.61;2,3e-05;687;NA;NA
97;77.5913978494624;1.69;2,4e-05;687;NA;NA
107;78.0411764705882;1.66;2,5e-05;687;NA;NA
86;77.1851851851852;1.5;2,6e-05;687;NA;NA
102;77.4408602150538;1.66;2,7e-05;687;NA;NA
107;77.1010101010101;1.33;2,8e-05;687;NA;NA
115;77.2947368421053;1.5;2,9e-05;687;NA;NA
106;77.6489361702128;1.69;3e-05;687;NA;NA
100;77.6032608695652;1.54;3,1e-05;687;NA;NA
35;83;0;0;688;NA;NA
53;79.0568181818182;2.08;1e-06;688;NA;NA
67;79.044776119403;1.62;2e-06;688;NA;NA
87;79.3765432098765;1.47;3e-06;688;NA;NA
79;79.258064516129;1.3;4e-06;688;NA;NA
73;79.7463768115942;1.91;5e-06;688;NA;NA
86;79.3618421052632;1.82;6e-06;688;NA;NA
84;80.0833333333333;1.6;7e-06;688;NA;NA
79;79.9852941176471;1.81;8e-06;688;NA;NA
72;79.2835820895522;1.67;9e-06;688;NA;NA
78;78.0757575757576;1.5;1e-05;688;NA;NA
101;79.8214285714286;1.38;1,1e-05;688;NA;NA
75;80.6307692307692;1.35;1,2e-05;688;NA;NA
77;81.0149253731343;1.76;1,3e-05;688;NA;NA
67;80.6120689655172;1.45;1,4e-05;688;NA;NA
60;80.3513513513514;1.45;1,5e-05;688;NA;NA
77;80.1693548387097;1.64;1,8e-05;688;NA;NA
91;79.7071428571429;1.7;1,9e-05;688;NA;NA
96;80.3058823529412;1.62;2e-05;688;NA;NA
105;80.1987951807229;1.84;2,1e-05;688;NA;NA
100;80.4883720930233;1.65;2,2e-05;688;NA;NA
113;79.8988764044944;1.57;2,3e-05;688;NA;NA
97;79.5059523809524;1.57;2,4e-05;688;NA;NA
107;80.4855072463768;1.55;2,5e-05;688;NA;NA
86;79.84375;1.68;2,6e-05;688;NA;NA
102;79.8735632183908;1.4;2,7e-05;688;NA;NA
107;79.3085106382979;1.69;2,8e-05;688;NA;NA
115;79.1182795698925;1.76;2,9e-05;688;NA;NA
106;79.35625;1.66;3e-05;688;NA;NA
100;79.5568181818182;1.57;3,1e-05;688;NA;NA
12;42.92;2.771281292;0;689;NA;NA
41;44.32;1.664812302;1e-06;689;NA;NA
120;44.56;1.752712184;2e-06;689;NA;NA
135;43.87;2.207600507;3e-06;689;NA;NA
15;43.8;1.936491673;4e-06;689;NA;NA
13;43.85;1.225887434;0;689;NA;NA
24;46.42;1.371714256;1e-06;689;NA;NA
39;47.18;3.060049019;2e-06;689;NA;NA
42;47.43;1.29614814;3e-06;689;NA;NA
10;46.4;1.707629936;4e-06;689;NA;NA
6;56;2.008581589;0;690;NA;NA
61;59.28;2.4211774;1e-06;690;NA;NA
121;56.72;3.63;2e-06;690;NA;NA
110;53.54;4.824520702;3e-06;690;NA;NA
20;52.25;5.277120427;4e-06;690;NA;NA
6;57.67;3.257821358;0;690;NA;NA
25;60.8;3.65;1e-06;690;NA;NA
30;58.23;7.613343549;2e-06;690;NA;NA
58;61.1;3.884044284;3e-06;690;NA;NA
24;61.75;4.996959075;4e-06;690;NA;NA
150;51.6;12.06;0;506;NA;NA
182;53.85;11.53;1e-06;506;NA;NA
125;59.99;12.39;2e-06;506;NA;NA
84;51.95;14.21;3e-06;506;NA;NA
98;58.2;12.87;4e-06;506;NA;NA
143;51.52;10.63;5e-06;506;NA;NA
194;55.14;12.63;6e-06;506;NA;NA
248;55.83;11.71;7e-06;506;NA;NA
225;51.52;13.48;8e-06;506;NA;NA
272;59.15;11.45;9e-06;506;NA;NA
206;61.52;7.61;1e-05;506;NA;NA
123;59.71;10.78;1,1e-05;506;NA;NA
64;57.4;10.72;1,2e-05;506;NA;NA
95;57.27;12.79;1,3e-05;506;NA;NA
242;51.87;14.09;1,4e-05;506;NA;NA
303;49.68;9.99;1,5e-05;506;NA;NA
252;50.51;8.92;1,6e-05;506;NA;NA
271;50.29;8.25;1,7e-05;506;NA;NA
338;54.82;9.31;1,8e-05;506;NA;NA
170;54.97;9.11;1,9e-05;506;NA;NA
116;52.08;9.34;2e-05;506;NA;NA
114;53.42;8.17;2,1e-05;506;NA;NA
98;50.58;6.83;2,2e-05;506;NA;NA
35;61.03;6.91;2,3e-05;506;NA;NA
81;53.4;9.36;2,4e-05;506;NA;NA
36;63.21;11.1;2,5e-05;506;NA;NA
80;52.7;9.2;2,6e-05;506;NA;NA
34;54.64;13;2,7e-05;506;NA;NA
18;51.91;8.5;2,8e-05;506;NA;NA
18;50.99;7.39;2,9e-05;506;NA;NA
31;53.12;8.43;3e-05;506;NA;NA
31;50.44;9.37;3,1e-05;506;NA;NA
64;47.26;7.8;3,2e-05;506;NA;NA
61;51.8;8.04;3,3e-05;506;NA;NA
4;57.87;6.13;0;508;NA;NA
2;65.45;11.53;1e-06;508;NA;NA
2;64.05;4.32;2e-06;508;NA;NA
4;62.01;4.71;3e-06;508;NA;NA
5;64.31;2.03;4e-06;508;NA;NA
4;66.1;7.09;5e-06;508;NA;NA
3;72.97;1.26;6e-06;508;NA;NA
8;62.78;2.63;7e-06;508;NA;NA
8;61.6;3.04;8e-06;508;NA;NA
3;57.48;3.1;9e-06;508;NA;NA
5;63.36;4.64;1e-05;508;NA;NA
2;59.75;9.64;1,1e-05;508;NA;NA
8;61.46;4.02;1,2e-05;508;NA;NA
7;53.92;4.44;1,3e-05;508;NA;NA
13;59.07;5.92;1,4e-05;508;NA;NA
9;58.94;5.29;1,5e-05;508;NA;NA
7;59.39;5.06;1,6e-05;508;NA;NA
5;47.23;6.43;1,7e-05;508;NA;NA
8;45.2;3.49;1,8e-05;508;NA;NA
171;40.7781880532051;36.0297768214936;0;562;NA;NA
214;41.2533909847088;23.9445848878168;1e-06;562;NA;NA
116;41.2741970908611;17.691994907003;2e-06;562;NA;NA
120;40.2058360548567;19.717164015257;3e-06;562;NA;NA
290;40.7101819860478;16.76;4e-06;562;NA;NA
216;41.5815989654865;17.38;5e-06;562;NA;NA
193;40.9791474439662;20.55;6e-06;562;NA;NA
134;40.7029220416156;19.01;7e-06;562;NA;NA
79;41.8481387073743;16.31;8e-06;562;NA;NA
92;40.6631540616407;16.82;9e-06;562;NA;NA
38;40.17729174253;18.71;1e-05;562;NA;NA
68;40.6990959476779;17.87;1,1e-05;562;NA;NA
41;39.4733351875055;17.38;1,2e-05;562;NA;NA
116;93.7893689827954;50.7996707241785;0;563;NA;NA
120;92.2252126248704;30.0604183612557;1e-06;563;NA;NA
290;91.7744230046757;27.4398050004315;2e-06;563;NA;NA
216;93.6673048807535;30.2834272261364;3e-06;563;NA;NA
193;93.138367982474;31.6107509358044;4e-06;563;NA;NA
134;91.3886769052501;29.0525060370832;5e-06;563;NA;NA
79;93.2034115032431;28.7303645977198;6e-06;563;NA;NA
92;91.5026162251221;34.2825467297294;7e-06;563;NA;NA
38;89.8700894857624;35.2767324023491;8e-06;563;NA;NA
68;92.4173218545324;28.5879033105199;9e-06;563;NA;NA
41;88.4996492085692;30.4522930529355;1e-05;563;NA;NA
440;720.5;127.6;0;691;NA;NA
356;642.2;130.3;1e-06;691;NA;NA
310;696.9;126.3;2e-06;691;NA;NA
199;668.3;131.8;3e-06;691;NA;NA
106;703.2;134.6;4e-06;691;NA;NA
102;702.7;135.5;5e-06;691;NA;NA
106;657.9;126.1;6e-06;691;NA;NA
176;641;119.1;7e-06;691;NA;NA
113;620.3;116.1;8e-06;691;NA;NA
116;665.1;108.8;9e-06;691;NA;NA
102;683.4;118.5;1e-05;691;NA;NA
53;567.2;143;1,1e-05;691;NA;NA
67;596.6;149.6;1,2e-05;691;NA;NA
216;634.9;106.6;1,3e-05;691;NA;NA
103;638.4;127.8;1,4e-05;691;NA;NA
122;643;119.4;1,5e-05;691;NA;NA
104;632.6;118.2;1,6e-05;691;NA;NA
132;631.4;115.5;1,7e-05;691;NA;NA
150;653.7;119.9;1,8e-05;691;NA;NA
199;644;108.4;1,9e-05;691;NA;NA
119;640.8;104.7;2e-05;691;NA;NA
142;672.6;123.5;2,1e-05;691;NA;NA
281;678.1;127.2;2,2e-05;691;NA;NA
244;609.5;123.8;2,3e-05;691;NA;NA
335;646.1;109.5;2,4e-05;691;NA;NA
153;685.6;94.4;2,5e-05;691;NA;NA
313;655.1;107.5;2,6e-05;691;NA;NA
508;632.6;87.6;2,7e-05;691;NA;NA
386;665.8;101.3;2,8e-05;691;NA;NA
269;689.2;101.7;2,9e-05;691;NA;NA
172;651.3;103.5;3e-05;691;NA;NA
268;662.3;107.4;3,1e-05;691;NA;NA
229;645.8;84.2;3,2e-05;691;NA;NA
127;664.3;71;3,3e-05;691;NA;NA
147;708;86.2;3,4e-05;691;NA;NA
231;661.1;101.2;3,5e-05;691;NA;NA
470;642.3;96.7;3,6e-05;691;NA;NA
505;647.2;97.7;3,7e-05;691;NA;NA
190;275.2;50.7;0;692;NA;NA
412;261.4;49.3;1e-06;692;NA;NA
414;258.6;45.6;2e-06;692;NA;NA
367;258.8;56;3e-06;692;NA;NA
218;245.7;46.8;4e-06;692;NA;NA
116;259.9;50.7;5e-06;692;NA;NA
111;261.3;55.6;6e-06;692;NA;NA
106;265.6;41.7;7e-06;692;NA;NA
155;261.1;42.6;8e-06;692;NA;NA
126;255.2;38;9e-06;692;NA;NA
124;246.5;42;1e-05;692;NA;NA
107;242.6;55.8;1,1e-05;692;NA;NA
45;250.8;49.6;1,2e-05;692;NA;NA
47;248.5;46.8;1,3e-05;692;NA;NA
161;265.5;42.8;1,4e-05;692;NA;NA
69;251.6;40.3;1,5e-05;692;NA;NA
104;258.2;49.3;1,6e-05;692;NA;NA
79;255.7;51.5;1,7e-05;692;NA;NA
101;239.5;46.6;1,8e-05;692;NA;NA
128;247.4;39.4;1,9e-05;692;NA;NA
139;247.1;42.1;2e-05;692;NA;NA
80;245.9;36.9;2,1e-05;692;NA;NA
96;249.3;43.4;2,2e-05;692;NA;NA
158;252.3;39.8;2,3e-05;692;NA;NA
75;250.1;39.2;2,4e-05;692;NA;NA
12;231.2;35.4;2,5e-05;692;NA;NA
55;241.4;33.7;2,6e-05;692;NA;NA
25;239;42.3;2,7e-05;692;NA;NA
240;263.2;44.8;2,8e-05;692;NA;NA
23;257.2;45;2,9e-05;692;NA;NA
153;255.7;38.7;3e-05;692;NA;NA
93;251.3;41.2;3,1e-05;692;NA;NA
168;245.2;44.6;3,2e-05;692;NA;NA
113;246.2;27.2;3,3e-05;692;NA;NA
69;238.8;29.8;3,4e-05;692;NA;NA
59;240.7;32.9;3,5e-05;692;NA;NA
124;234.7;35.9;3,6e-05;692;NA;NA
273;236.8;30;3,7e-05;692;NA;NA
280;239.8;34.5;3,8e-05;692;NA;NA
12;305;17.3;0;693;NA;NA
10;309;10.5;7e-06;693;NA;NA
14;279.7;10.7;2,8e-05;693;NA;NA
9;285.2;9.5;4,1e-05;693;NA;NA
25;266;3.4;4,4e-05;693;NA;NA
43;235;2.5;5,8e-05;693;NA;NA
13;240;8.6;6,8e-05;693;NA;NA
64;258.3;19;7,4e-05;693;NA;NA
24;306;13.1;0;694;NA;NA
8;323;16.2;2,6e-05;694;NA;NA
22;240;5;7,7e-05;694;NA;NA
40;268;21.6;9,1e-05;694;NA;NA
16;12.01875;0.477798772;0;704;NA;NA
74;12.04594595;0.527903371;1e-06;704;NA;NA
72;11.86056338;0.549149699;2e-06;704;NA;NA
90;11.89888889;0.519830233;3e-06;704;NA;NA
57;11.82105263;0.468941377;4e-06;704;NA;NA
69;11.74202899;0.456136524;5e-06;704;NA;NA
68;11.98823529;0.42515297;6e-06;704;NA;NA
43;12.04418605;0.460487488;7e-06;704;NA;NA
52;11.79615385;0.478544172;8e-06;704;NA;NA
39;11.99230769;0.571878077;9e-06;704;NA;NA
67;11.88507463;0.442189364;1e-05;704;NA;NA
56;12;0.485798312;1,1e-05;704;NA;NA
80;11.89625;0.432374589;1,2e-05;704;NA;NA
71;11.83521127;0.540131886;1,3e-05;704;NA;NA
153;11.75131579;0.551216216;1,4e-05;704;NA;NA
22;11.75909091;0.403153156;1,5e-05;704;NA;NA
16;61.53333333;1.597617273;0;705;NA;NA
74;60.32876712;2.134731277;1e-06;705;NA;NA
72;60.45070423;1.933085856;2e-06;705;NA;NA
90;59.87058824;1.61678867;3e-06;705;NA;NA
57;58.48214286;1.684054322;4e-06;705;NA;NA
69;58.85294118;2.024216863;5e-06;705;NA;NA
68;58.74242424;1.721453823;6e-06;705;NA;NA
43;58.57142857;2.03796715;7e-06;705;NA;NA
52;58.53846154;1.851989269;8e-06;705;NA;NA
39;58.65789474;2.146981738;9e-06;705;NA;NA
67;59.61538462;2.219883919;1e-05;705;NA;NA
56;58.64150943;1.81970348;1,1e-05;705;NA;NA
80;58.98717949;1.826881451;1,2e-05;705;NA;NA
71;59.21428571;1.667184185;1,3e-05;705;NA;NA
153;60.21678322;2.722208766;1,4e-05;705;NA;NA
22;59.86363636;2.144660136;1,5e-05;705;NA;NA
16;24.51875;0.638977047;0;706;NA;NA
74;24.75;0.589926859;1e-06;706;NA;NA
72;24.59583333;0.660225634;2e-06;706;NA;NA
90;24.60888889;0.534778006;3e-06;706;NA;NA
57;24.54912281;0.627102978;4e-06;706;NA;NA
69;24.54057971;0.591935718;5e-06;706;NA;NA
68;24.58823529;0.659834763;6e-06;706;NA;NA
43;24.63255814;0.589479565;7e-06;706;NA;NA
52;24.55961538;0.629739945;8e-06;706;NA;NA
39;24.56923077;0.64078646;9e-06;706;NA;NA
67;24.73283582;0.655602443;1e-05;706;NA;NA
56;24.625;0.721677339;1,1e-05;706;NA;NA
80;24.78125;0.527975294;1,2e-05;706;NA;NA
71;24.79577465;0.640632861;1,3e-05;706;NA;NA
153;24.77522124;0.599483554;1,4e-05;706;NA;NA
22;24.70454545;0.639551385;1,5e-05;706;NA;NA
16;75.25;2.175622516;0;707;NA;NA
74;75.09459459;2.276556634;1e-06;707;NA;NA
72;74.81944444;1.770862676;2e-06;707;NA;NA
90;75.07777778;1.885651187;3e-06;707;NA;NA
57;75.24561404;1.948265728;4e-06;707;NA;NA
69;75.02898551;1.878445967;5e-06;707;NA;NA
68;74.79411765;1.824860032;6e-06;707;NA;NA
43;74.6744186;2.306522121;7e-06;707;NA;NA
52;74.25;1.979057015;8e-06;707;NA;NA
39;74.76923077;2.12084316;9e-06;707;NA;NA
67;75.3880597;2.35459077;1e-05;707;NA;NA
56;74.91071429;1.697878738;1,1e-05;707;NA;NA
80;74.6625;2.005964208;1,2e-05;707;NA;NA
71;74.74647887;1.762452106;1,3e-05;707;NA;NA
153;74.69281046;2.317783213;1,4e-05;707;NA;NA
22;74.86363636;2.396335586;1,5e-05;707;NA;NA
22;4.99924599782153;0.73;0;504;NA;NA
34;5.11847706748482;0.802;1e-06;504;NA;NA
7;5.14023898071924;0.899;7e-06;504;NA;NA
17;5.00062489964719;0.784;8e-06;504;NA;NA
28;5.24725738488176;1.07;9e-06;504;NA;NA
27;5.25728615630302;0.809;1e-05;504;NA;NA
15;5.39876408736444;0.822;1,1e-05;504;NA;NA
23;5.30161497502571;0.708;1,2e-05;504;NA;NA
39;5.56038092840993;0.846;1,3e-05;504;NA;NA
34;5.82117238117142;1.262;1,4e-05;504;NA;NA
29;5.96871596141244;0.708;1,5e-05;504;NA;NA
28;6.00099267912705;0.942;1,6e-05;504;NA;NA
30;5.90173995495515;1.119;1,8e-05;504;NA;NA
31;6.22521882336603;1.126;1,9e-05;504;NA;NA
55;5.59621718734404;0.975;2e-05;504;NA;NA
16;81.3;1.55;0;708;NA;NA
127;81.66;2.81;1e-06;708;NA;NA
200;80.77;3.07;2e-06;708;NA;NA
291;80.79;3.12;3e-06;708;NA;NA
336;80.78;3.08;4e-06;708;NA;NA
339;80.77;3.09;5e-06;708;NA;NA
340;80.85;3.1;6e-06;708;NA;NA
392;80.57;3.19;7e-06;708;NA;NA
396;80.46;3.08;8e-06;708;NA;NA
529;80.26;3.27;9e-06;708;NA;NA
575;80.14;3.14;1e-05;708;NA;NA
606;80.07;3.08;1,1e-05;708;NA;NA
606;79.94;3.13;1,2e-05;708;NA;NA
27;82.49;4.03;0;709;NA;NA
48;82.65;3.99;1e-06;709;NA;NA
21;83.34;2.49;2e-06;709;NA;NA
30;83.21;2.98;5e-06;709;NA;NA
71;82.41;2.9;1e-05;709;NA;NA
14;87.22;3.5;0;710;NA;NA
134;87.01;3.26;1e-06;710;NA;NA
196;86.59;3.43;2e-06;710;NA;NA
250;86.55;3.37;3e-06;710;NA;NA
303;86.33;3.38;4e-06;710;NA;NA
297;86.11;3.36;5e-06;710;NA;NA
297;86.15;2.07;6e-06;710;NA;NA
330;85.98;3.34;7e-06;710;NA;NA
324;85.89;3.4;8e-06;710;NA;NA
434;85.89;3.58;9e-06;710;NA;NA
486;85.8;3.55;1e-05;710;NA;NA
518;85.67;3.57;1,1e-05;710;NA;NA
497;85.75;3.54;1,2e-05;710;NA;NA
35;87.3;3.78;0;711;NA;NA
47;87.13;4.12;1e-06;711;NA;NA
32;86.56;3.7;2e-06;711;NA;NA
32;86.79;4.14;5e-06;711;NA;NA
56;87.48;3.39;1e-05;711;NA;NA
16;82.31;1.62;0;712;NA;NA
127;82.65;2.42;1e-06;712;NA;NA
200;82.18;2.63;2e-06;712;NA;NA
291;82.19;2.7;3e-06;712;NA;NA
336;82;2.71;4e-06;712;NA;NA
339;81.8;2.74;5e-06;712;NA;NA
340;81.64;2.67;6e-06;712;NA;NA
392;81.4;2.69;7e-06;712;NA;NA
396;81.36;2.63;8e-06;712;NA;NA
529;80.95;2.51;9e-06;712;NA;NA
575;80.89;2.47;1e-05;712;NA;NA
606;80.89;2.41;1,1e-05;712;NA;NA
606;80.86;2.36;1,2e-05;712;NA;NA
27;82.22;2.36;0;713;NA;NA
48;82.71;2.48;1e-06;713;NA;NA
21;83;9.5;2e-06;713;NA;NA
30;82.67;2.76;5e-06;713;NA;NA
71;82.23;2.46;1e-05;713;NA;NA
14;87;2.32;0;714;NA;NA
134;86.84;2.7;1e-06;714;NA;NA
196;86.52;2.72;2e-06;714;NA;NA
250;86.42;2.77;3e-06;714;NA;NA
303;86.14;2.84;4e-06;714;NA;NA
297;85.83;2.86;5e-06;714;NA;NA
297;85.66;2.79;6e-06;714;NA;NA
330;85.44;2.78;7e-06;714;NA;NA
324;85.39;2.83;8e-06;714;NA;NA
434;85.29;2.77;9e-06;714;NA;NA
486;85.25;2.73;1e-05;714;NA;NA
518;85.19;2.66;1,1e-05;714;NA;NA
497;85.24;2.72;1,2e-05;714;NA;NA
35;85.94;2.84;0;715;NA;NA
47;86.53;3.08;1e-06;715;NA;NA
32;85.63;2.65;2e-06;715;NA;NA
32;85.66;2.61;5e-06;715;NA;NA
56;87;2.38;1e-05;715;NA;NA
2;29;4.242640687;0;716;NA;NA
2;22.7;3.818376618;8e-06;716;NA;NA
2;15.215;5.352798334;1,1e-05;716;NA;NA
3;28.83333333;6.370504951;1,6e-05;716;NA;NA
4;28.2625;6.678993811;1,7e-05;716;NA;NA
3;24.33333333;2.886751346;2,2e-05;716;NA;NA
5;17.656;6.436356112;2,6e-05;716;NA;NA
2;28;2.828427125;2,9e-05;716;NA;NA
7;26.78571429;5.758017185;3,1e-05;716;NA;NA
10;23.6;7.497406959;3,2e-05;716;NA;NA
4;24.5;4.123105626;3,3e-05;716;NA;NA
7;18.85714286;9.936105398;3,4e-05;716;NA;NA
4;22.5;1.08012345;4,4e-05;716;NA;NA
5;16.8;1.923538406;9,4e-05;716;NA;NA
2;17;4.242640687;9,5e-05;716;NA;NA
4;19.75;4.991659711;9,6e-05;716;NA;NA
3;20.66666667;2.516611478;9,7e-05;716;NA;NA
141;13.24822695;3.984175893;9,8e-05;716;NA;NA
2;6;1.41;0;717;NA;NA
3;14;6.08;1,4e-05;717;NA;NA
10;12.6;6.54;1,8e-05;717;NA;NA
3;16.33;4.16;2e-05;717;NA;NA
4;11.25;4.27;2,2e-05;717;NA;NA
17;10.53;4.68;2,3e-05;717;NA;NA
2;10.5;6.36;2,5e-05;717;NA;NA
7;11.86;2.04;2,6e-05;717;NA;NA
6;9.25;2.56;2,7e-05;717;NA;NA
12;7.79;3.77;3,1e-05;717;NA;NA
22;12.18;3.38;3,2e-05;717;NA;NA
34;11.09;3.15;3,4e-05;717;NA;NA
5;5.2;1.64;3,6e-05;717;NA;NA
3;11.5;1.8;4,8e-05;717;NA;NA
4;7;0.82;5,5e-05;717;NA;NA
6;8.5;1.97;6e-05;717;NA;NA
3;7;1;6,1e-05;717;NA;NA
2;8.5;2.12;6,9e-05;717;NA;NA
3;15.67;1.15;7e-05;717;NA;NA
9;9.22;3.27;7,2e-05;717;NA;NA
16;9.69;3.77;7,3e-05;717;NA;NA
12;9.75;4.25;7,8e-05;717;NA;NA
3;7;2;7,9e-05;717;NA;NA
8;10.88;4.45;9e-05;717;NA;NA
6;6.08;4.39;9,1e-05;717;NA;NA
13;8.69;3.54;9,3e-05;717;NA;NA
2;9.5;3.54;9,5e-05;717;NA;NA
5;12;3.08;9,8e-05;717;NA;NA
75;10.05;2.05;0,000101;717;NA;NA
32;184.5;6.559725604;0;718;NA;NA
20;180.6;8.355836284;1e-06;718;NA;NA
47;180.7;8.264986388;2e-06;718;NA;NA
75;182.6;6.694027188;3e-06;718;NA;NA
105;181.7;6.664082833;4e-06;718;NA;NA
107;180.7;7.466592262;5e-06;718;NA;NA
91;179.8;7.337574531;6e-06;718;NA;NA
91;180.9;6.274551777;7e-06;718;NA;NA
154;180.2;7.304108433;8e-06;718;NA;NA
4;187.8;8.883692926;0;719;NA;NA
5;187.4;6.228964601;1e-06;719;NA;NA
10;187.7;8.446300966;2e-06;719;NA;NA
19;187.6;8.248636251;3e-06;719;NA;NA
36;188.4;7.935993952;4e-06;719;NA;NA
35;184.4;9.947864092;5e-06;719;NA;NA
24;185.7;9.603124492;6e-06;719;NA;NA
10;194.36;3.772267223;7e-06;719;NA;NA
40;184.1;10.38267788;8e-06;719;NA;NA
6;169.9;5.757603668;0;720;NA;NA
2;156;7.032069397;1e-06;720;NA;NA
15;161;7.242927585;2e-06;720;NA;NA
11;161.7;5.710516614;3e-06;720;NA;NA
27;158;9.078546139;4e-06;720;NA;NA
27;164.5;7.18748913;5e-06;720;NA;NA
7;161.9;7.487322619;6e-06;720;NA;NA
27;157.6;6.831544481;7e-06;720;NA;NA
22;163.4;7.364781056;8e-06;720;NA;NA
3;160.9;8.760707734;0;721;NA;NA
18;167.8;6.877499546;1e-06;721;NA;NA
4;170.7;9.931767214;2e-06;721;NA;NA
27;162.5;8.098147936;3e-06;721;NA;NA
18;170.7;7.543871685;4e-06;721;NA;NA
3;160.4;3.1591138;5e-06;721;NA;NA
15;159.6;11.1135053;6e-06;721;NA;NA
15;170;8.029321266;7e-06;721;NA;NA
8;26.05;2.255881203;0;722;NA;NA
44;25.14;2.435569749;1e-06;722;NA;NA
68;26.27;2.191574776;2e-06;722;NA;NA
96;26.31;2.079422997;3e-06;722;NA;NA
103;26.08;1.980908882;4e-06;722;NA;NA
86;25.48;1.645296326;5e-06;722;NA;NA
82;26.09;1.853105502;6e-06;722;NA;NA
154;25.75;1.969009903;7e-06;722;NA;NA
8;26.64;1.212435565;0;723;NA;NA
16;27.01;0.974679434;1e-06;723;NA;NA
34;26.95;1.913112647;2e-06;723;NA;NA
35;26.04;2.10973932;3e-06;723;NA;NA
22;25.95;2.087342808;4e-06;723;NA;NA
10;27.59;2.144761059;5e-06;723;NA;NA
41;26.5;2.222611077;6e-06;723;NA;NA
15;21.74;0.898888202;0;724;NA;NA
10;22.55;0.641872261;1e-06;724;NA;NA
26;21.73;0.949210198;2e-06;724;NA;NA
27;22.31;0.987420883;3e-06;724;NA;NA
6;22.23;0.786765531;4e-06;724;NA;NA
25;22.11;1.071914176;5e-06;724;NA;NA
22;22.12;0.839642781;6e-06;724;NA;NA
17;22.82;0.977752525;0;725;NA;NA
4;22.77;1.02420701;1e-06;725;NA;NA
24;22.32;1.033924562;2e-06;725;NA;NA
18;23.38;1.049285471;3e-06;725;NA;NA
2;22.15;0.636396103;4e-06;725;NA;NA
15;21.57;0.786765531;5e-06;725;NA;NA
14;22.44;1.063014581;6e-06;725;NA;NA
28;13.37738852;0.587470824;0;726;NA;NA
33;13.56645187;0.941105606;1e-06;726;NA;NA
32;13.77549781;0.737652129;2e-06;726;NA;NA
36;13.75588314;0.606012161;3e-06;726;NA;NA
37;13.97454844;0.682099844;4e-06;726;NA;NA
33;13.82877715;0.914598915;5e-06;726;NA;NA
35;13.94579018;0.652350497;6e-06;726;NA;NA
36;14.20978365;0.779548653;7e-06;726;NA;NA
50;13.86238545;0.784165272;8e-06;726;NA;NA
51;14.71377378;0.752533205;9e-06;726;NA;NA
65;14.31959763;0.753956886;1e-05;726;NA;NA
64;14.34593995;0.82707493;1,1e-05;726;NA;NA
58;14.01699292;0.848782083;1,2e-05;726;NA;NA
81;13.76210107;0.837658796;1,3e-05;726;NA;NA
95;13.85564067;0.707488595;1,4e-05;726;NA;NA
106;13.86366376;0.73055005;1,5e-05;726;NA;NA
104;14.17647642;0.772073264;1,6e-05;726;NA;NA
84;13.9883141;0.816093535;1,7e-05;726;NA;NA
86;13.88598976;0.735608967;1,8e-05;726;NA;NA
82;13.73496985;0.770641978;1,9e-05;726;NA;NA
85;13.72860316;0.687866213;2e-05;726;NA;NA
75;13.42044435;0.783029558;2,1e-05;726;NA;NA
56;13.45145262;0.702438225;2,2e-05;726;NA;NA
46;13.15774666;0.65051962;2,3e-05;726;NA;NA
38;13.16452718;0.74061753;2,4e-05;726;NA;NA
36;13.50773634;0.710981305;2,5e-05;726;NA;NA
23;13.0777396;0.62293922;2,6e-05;726;NA;NA
21;13.49537211;0.425295836;2,7e-05;726;NA;NA
19;13.58521826;0.523966138;2,8e-05;726;NA;NA
21;13.68469203;0.616563877;2,9e-05;726;NA;NA
1;14.42476995;NA;3e-05;726;NA;NA
9;14.25044793;0.714531569;3,1e-05;726;NA;NA
6;12.75034643;0.296113952;3,2e-05;726;NA;NA
4;13.95097333;0.519495675;3,3e-05;726;NA;NA
5;15.06249591;1.117325877;3,4e-05;726;NA;NA
4;13.98935355;1.028411282;3,5e-05;726;NA;NA
31;13.62167507;0.636355588;3,6e-05;726;NA;NA
26;13.69786571;0.643911826;3,7e-05;726;NA;NA
27;13.58431825;0.675257415;1,8e-05;726;NA;NA
28;13.5947386;0.64462526;1,9e-05;726;NA;NA
38;14.1413608;0.757229704;2e-05;726;NA;NA
23;37.51562199;1.923930165;0;727;NA;NA
28;37.68137293;1.533947989;1e-06;727;NA;NA
27;37.85829066;1.551491502;2e-06;727;NA;NA
26;38.02758591;1.800489204;3e-06;727;NA;NA
20;39.26703775;1.954735632;4e-06;727;NA;NA
28;40.17318262;2.91962655;5e-06;727;NA;NA
38;39.96903723;2.128797272;6e-06;727;NA;NA
38;39.36328013;1.985371677;7e-06;727;NA;NA
39;39.10457525;1.716567038;8e-06;727;NA;NA
30;39.61594286;1.547686451;9e-06;727;NA;NA
40;39.03245995;1.341231566;1e-05;727;NA;NA
41;38.94878976;1.838768858;1,1e-05;727;NA;NA
52;40.00623788;1.710259372;1,2e-05;727;NA;NA
59;38.94004428;1.903894357;1,3e-05;727;NA;NA
55;37.99397752;2.744260762;1,4e-05;727;NA;NA
53;38.44200308;2.262214412;1,5e-05;727;NA;NA
48;37.7647648;2.425939674;1,6e-05;727;NA;NA
35;37.78486394;3.208723632;1,7e-05;727;NA;NA
31;36.39489387;2.958721961;1,8e-05;727;NA;NA
35;36.08925903;2.711054817;1,9e-05;727;NA;NA
40;35.94951596;2.541569668;2e-05;727;NA;NA
32;35.46437527;1.783292204;2,1e-05;727;NA;NA
26;35.51366833;2.326060517;2,2e-05;727;NA;NA
13;33.52707378;2.958925181;2,3e-05;727;NA;NA
9;34.7510804;2.318301934;2,4e-05;727;NA;NA
11;35.56970699;1.670335119;2,5e-05;727;NA;NA
9;34.6328686;2.059665193;2,6e-05;727;NA;NA
11;34.76441991;2.196385159;2,7e-05;727;NA;NA
10;36.46208257;1.97285032;2,8e-05;727;NA;NA
12;38.45158539;2.261675484;2,9e-05;727;NA;NA
8;37.79107706;1.968262088;3e-05;727;NA;NA
21;38.27678581;1.70987244;3,1e-05;727;NA;NA
14;37.39819432;1.820344012;3,2e-05;727;NA;NA
19;37.55785111;1.968911782;3,3e-05;727;NA;NA
18;38.44076966;2.215236783;3,4e-05;727;NA;NA
23;37.8410011;2.476189736;3,5e-05;727;NA;NA
21;37.99733361;1.606843558;3,6e-05;727;NA;NA
19;37.03982379;1.973675141;3,7e-05;727;NA;NA
12;36.70648791;1.902182805;1,8e-05;727;NA;NA
10;36.98398374;2.209269392;1,9e-05;727;NA;NA
12;38.56616389;1.702691711;2e-05;727;NA;NA
30;23.76499359;2.603178835;0;728;NA;NA
34;24.61691967;2.426326558;1e-06;728;NA;NA
32;25.08796253;2.420349423;2e-06;728;NA;NA
38;24.24364509;2.375753884;3e-06;728;NA;NA
38;24.94286035;2.3765888;4e-06;728;NA;NA
33;24.93881861;2.257394327;5e-06;728;NA;NA
37;24.96581487;2.127030281;6e-06;728;NA;NA
35;25.03852614;2.574935207;7e-06;728;NA;NA
48;24.79365557;2.495311833;8e-06;728;NA;NA
45;25.69923864;2.461562043;9e-06;728;NA;NA
64;24.90634825;2.360893965;1e-05;728;NA;NA
61;24.93657685;2.262209868;1,1e-05;728;NA;NA
59;24.59111899;2.644207313;1,2e-05;728;NA;NA
81;24.49720198;2.452255245;1,3e-05;728;NA;NA
96;23.78480605;2.255936027;1,4e-05;728;NA;NA
104;23.81428054;2.545971652;1,5e-05;728;NA;NA
108;24.12646772;2.701205584;1,6e-05;728;NA;NA
84;24.18778486;3.020083015;1,7e-05;728;NA;NA
86;23.94554856;2.825516801;1,8e-05;728;NA;NA
83;23.72089244;2.7097283;1,9e-05;728;NA;NA
89;22.94252542;2.648706279;2e-05;728;NA;NA
73;23.17030136;2.5291603;2,1e-05;728;NA;NA
56;22.9316264;2.581113602;2,2e-05;728;NA;NA
46;22.71031466;2.602278027;2,3e-05;728;NA;NA
38;22.12574613;2.721061398;2,4e-05;728;NA;NA
35;22.62635711;3.005103209;2,5e-05;728;NA;NA
24;21.89722783;2.279596066;2,6e-05;728;NA;NA
21;21.92081765;2.323800938;2,7e-05;728;NA;NA
19;22.8346957;2.136287934;2,8e-05;728;NA;NA
19;23.16728435;2.501974997;2,9e-05;728;NA;NA
15;25.03253524;2.321795775;3e-05;728;NA;NA
17;24.9224368;2.368456606;3,1e-05;728;NA;NA
25;23.54722702;3.38012222;3,2e-05;728;NA;NA
24;23.56264535;2.889129187;3,3e-05;728;NA;NA
25;25.06402863;3.030966016;3,4e-05;728;NA;NA
24;25.4964771;2.666782103;3,5e-05;728;NA;NA
29;24.08142246;2.448376023;3,6e-05;728;NA;NA
24;24.35441296;2.370158432;3,7e-05;728;NA;NA
25;23.7288623;2.684426744;1,8e-05;728;NA;NA
24;24.05192054;3.352003972;1,9e-05;728;NA;NA
23;75.05959142;5.362491323;0;729;NA;NA
28;75.53553355;4.822149234;1e-06;729;NA;NA
27;76.4106145;5.364245395;2e-06;729;NA;NA
26;74.50812285;3.503265544;3e-06;729;NA;NA
20;74.73910068;4.759921111;4e-06;729;NA;NA
28;77.75223514;4.391813584;5e-06;729;NA;NA
38;77.79262892;5.460568042;6e-06;729;NA;NA
38;76.10461193;5.317318837;7e-06;729;NA;NA
39;75.54625243;4.568222826;8e-06;729;NA;NA
29;76.11120668;3.458441159;9e-06;729;NA;NA
40;74.30158259;3.240937985;1e-05;729;NA;NA
40;74.05977945;4.092938744;1,1e-05;729;NA;NA
51;75.61048865;3.81613647;1,2e-05;729;NA;NA
59;74.92182442;4.373827498;1,3e-05;729;NA;NA
55;72.15067952;4.851627455;1,4e-05;729;NA;NA
53;72.99776007;5.514143177;1,5e-05;729;NA;NA
48;73.59855733;5.505743771;1,6e-05;729;NA;NA
35;71.64690269;6.998891053;1,7e-05;729;NA;NA
31;68.59053042;6.460661405;1,8e-05;729;NA;NA
35;67.53474592;6.579846882;1,9e-05;729;NA;NA
40;66.94137849;6.439511792;2e-05;729;NA;NA
32;67.7600296;5.915941885;2,1e-05;729;NA;NA
26;69.52067831;6.109890218;2,2e-05;729;NA;NA
13;65.63679983;6.085927474;2,3e-05;729;NA;NA
9;67.25241457;5.966667215;2,4e-05;729;NA;NA
11;66.7706559;6.475650836;2,5e-05;729;NA;NA
9;65.90669014;4.689521306;2,6e-05;729;NA;NA
10;65.97853264;5.08119758;2,7e-05;729;NA;NA
9;67.75368725;3.564992981;2,8e-05;729;NA;NA
10;71.70418276;3.791878062;2,9e-05;729;NA;NA
8;72.97705222;3.715780967;3e-05;729;NA;NA
14;73.93147658;3.779982268;3,1e-05;729;NA;NA
11;72.93655174;3.97163006;3,2e-05;729;NA;NA
16;73.30156458;3.062606386;3,3e-05;729;NA;NA
16;73.80791439;4.091605866;3,4e-05;729;NA;NA
20;72.46977027;4.006084103;3,5e-05;729;NA;NA
19;73.54261789;4.117202622;3,6e-05;729;NA;NA
17;71.65154718;4.983779703;3,7e-05;729;NA;NA
11;70.43723866;4.607594985;1,8e-05;729;NA;NA
8;70.89830231;4.523112617;1,9e-05;729;NA;NA
8;10.125;1.125991626;0;695;NA;NA
6;10.5;1.643167673;1e-06;695;NA;NA
20;9.55;0.998683344;2e-06;695;NA;NA
10;8.9;1.523883927;3e-06;695;NA;NA
7;8.714285714;0.951189731;4e-06;695;NA;NA
24;9.375;1.013495887;5e-06;695;NA;NA
22;9.363636364;1.292669978;6e-06;695;NA;NA
23;9.739130435;1.483772566;7e-06;695;NA;NA
12;9.916666667;0.99620492;8e-06;695;NA;NA
19;8.789473684;1.618605276;9e-06;695;NA;NA
6;10.16666667;0.752772653;1e-05;695;NA;NA
9;9.777777778;1.201850425;1,1e-05;695;NA;NA
21;9.047619048;1.395571226;1,2e-05;695;NA;NA
14;9.285714286;0.913873533;1,3e-05;695;NA;NA
23;9.304347826;1.105144277;1,4e-05;695;NA;NA
9;9.888888889;0.78173596;1,5e-05;695;NA;NA
14;9.142857143;1.65748386;1,6e-05;695;NA;NA
14;9.928571429;1.141138818;1,7e-05;695;NA;NA
20;9.2;1.196486083;1,8e-05;695;NA;NA
16;9.6875;1.195477589;1,9e-05;695;NA;NA
6;9.166666667;0.752772653;2e-05;695;NA;NA
22;8.181818182;1.468279318;0;696;NA;NA
10;8.6;1.349897115;1e-06;696;NA;NA
32;9.46875;0.841825014;2e-06;696;NA;NA
17;8.117647059;0.696630546;3e-06;696;NA;NA
23;7.913043478;1.649050511;4e-06;696;NA;NA
48;8.395833333;1.267256768;5e-06;696;NA;NA
31;8.35483871;1.330373058;6e-06;696;NA;NA
42;7.761904762;1.511089476;7e-06;696;NA;NA
29;9.275862069;1.13063041;8e-06;696;NA;NA
54;8.296296296;1.17569136;9e-06;696;NA;NA
26;7.769230769;1.607673905;1e-05;696;NA;NA
32;8.09375;1.227622276;1,1e-05;696;NA;NA
40;8.575;1.15219968;1,2e-05;696;NA;NA
53;8.20754717;1.062625387;1,3e-05;696;NA;NA
32;7.8125;1.029797976;1,4e-05;696;NA;NA
14;8.857142857;1.099450412;1,5e-05;696;NA;NA
33;8.545454545;1.033528818;1,6e-05;696;NA;NA
39;8.692307692;1.127499473;1,7e-05;696;NA;NA
62;8.435483871;1.615711463;1,8e-05;696;NA;NA
42;7.738095238;1.344537708;1,9e-05;696;NA;NA
43;8.279069767;1.119642405;2e-05;696;NA;NA
177;53.143;4.9325;0;578;NA;NA
173;53.874;4.4439;1e-06;578;NA;NA
123;54.4;4.2172;2e-06;578;NA;NA
147;55.42;4.6621;3e-06;578;NA;NA
88;56.079;4.8214;4e-06;578;NA;NA
97;57.441;4.3745;5e-06;578;NA;NA
132;58.591;5.394;6e-06;578;NA;NA
100;59.217;4.8388;7e-06;578;NA;NA
301;54.093;5.3866;8e-06;578;NA;NA
367;50.96;4.6988;9e-06;578;NA;NA
388;50.496;4.2126;1e-05;578;NA;NA
59;49.249;3.2795;1,1e-05;578;NA;NA
59;51.298;4.3996;1,2e-05;578;NA;NA
52;48.163;4.5602;1,3e-05;578;NA;NA
92;45.11;3.7139;1,4e-05;578;NA;NA
43;44.041;3.4653;1,5e-05;578;NA;NA
351;44.88;3.1976;1,6e-05;578;NA;NA
208;45.222;3.8073;1,7e-05;578;NA;NA
500;45.716;3.6195;1,8e-05;578;NA;NA
326;46.555;4.0968;1,9e-05;578;NA;NA
354;46.425;3.7259;2e-05;578;NA;NA
324;46.455;3.7657;2,1e-05;578;NA;NA
520;46.332;3.9449;2,2e-05;578;NA;NA
546;44.622;4.1059;2,3e-05;578;NA;NA
332;44.935;3.7981;2,4e-05;578;NA;NA
379;46.257;3.798;2,5e-05;578;NA;NA
413;48.823;4.4533;2,6e-05;578;NA;NA
371;48.035;5.0339;2,7e-05;578;NA;NA
182;47.462;4.1965;2,8e-05;578;NA;NA
283;48.239;3.8912;2,9e-05;578;NA;NA
242;47.985;4.475;3e-05;578;NA;NA
217;45.674;3.3375;3,1e-05;578;NA;NA
64;48.451;3.906;3,2e-05;578;NA;NA
127;46.64;3.6531;3,3e-05;578;NA;NA
192;45.328;3.5562;3,4e-05;578;NA;NA
29;3.97;0.53;0;730;NA;NA
43;3.77;0.65;1e-06;730;NA;NA
36;3.83;0.59;2e-06;730;NA;NA
50;3.84;0.7;3e-06;730;NA;NA
70;3.81;0.83;4e-06;730;NA;NA
3;166.32;10.61;0;1192;NA;NA
1;165.8;0;6e-06;1192;NA;NA
2;172.14;11.73;9e-06;1192;NA;NA
2;176.7;5.73;1,5e-05;1192;NA;NA
3;180.65;7.27;2,9e-05;1192;NA;NA
2;173.47;3.37;3e-05;1192;NA;NA
1;173.08;0;5,2e-05;1192;NA;NA
1;174.82;0;8,3e-05;1192;NA;NA
1;233.24;0;0;1194;NA;NA
1;245.89;0;6e-06;1194;NA;NA
1;244.96;0;8e-06;1194;NA;NA
1;242.74;0;1,5e-05;1194;NA;NA
1;261.08;0;1,9e-05;1194;NA;NA
1;243.76;0;2,8e-05;1194;NA;NA
1;253.2;0;4,6e-05;1194;NA;NA
1;237.21;0;4,7e-05;1194;NA;NA
8;241.3;4.4;4,8e-05;1194;NA;NA
1;239.5;0;4,9e-05;1194;NA;NA
4;248.72;5.24;5,1e-05;1194;NA;NA
2;246.08;1.44;0;1195;NA;NA
1;247.21;0;1e-06;1195;NA;NA
1;258.98;0;8e-06;1195;NA;NA
1;240.52;0;1,9e-05;1195;NA;NA
1;250.62;0;3e-05;1195;NA;NA
1;260.93;0;3,3e-05;1195;NA;NA
7;254.6;9.45;3,5e-05;1195;NA;NA
1;254.55;0;3,8e-05;1195;NA;NA
4;239.34;8.15;4,5e-05;1195;NA;NA
1;264.15;0;4,7e-05;1195;NA;NA
1;252.92;0;5,4e-05;1195;NA;NA
2;252.54;11.63;6,1e-05;1195;NA;NA
19;252.03;4.95;6,2e-05;1195;NA;NA
1;233.04;0;6,5e-05;1195;NA;NA
1;242.35;0;8,7e-05;1195;NA;NA
1;242.63;0;0;1197;NA;NA
2;240.85;8.22;1,3e-05;1197;NA;NA
1;246.72;0;3,5e-05;1197;NA;NA
1;230.8;0;3,6e-05;1197;NA;NA
2;230.82;12.51;3,9e-05;1197;NA;NA
1;244.41;0;4e-05;1197;NA;NA
1;247.9;0;4,2e-05;1197;NA;NA
2;235.56;0.42;4,3e-05;1197;NA;NA
3;228.85;12.21;4,4e-05;1197;NA;NA
2;233.11;9.42;4,5e-05;1197;NA;NA
12;240.96;7.08;4,6e-05;1197;NA;NA
5;235.84;6.63;4,7e-05;1197;NA;NA
1;135.87;0;0;1198;NA;NA
1;138.23;0;1,1e-05;1198;NA;NA
1;137.94;0;1,5e-05;1198;NA;NA
1;134.53;0;1,6e-05;1198;NA;NA
2;134.6;2.71;1,7e-05;1198;NA;NA
1;131.61;0;2,3e-05;1198;NA;NA
1;132.44;0;3,7e-05;1198;NA;NA
2;135.16;0.39;4,9e-05;1198;NA;NA
1;121.52;0;5,2e-05;1198;NA;NA
1;133.64;0;6,2e-05;1198;NA;NA
1;132.3;0;7,1e-05;1198;NA;NA
1;127.97;0;7,7e-05;1198;NA;NA
2;135.01;0.59;8,7e-05;1198;NA;NA
1;132.44;0;0,000101;1198;NA;NA
2;135.39;4.23;0,000102;1198;NA;NA
1;109.93;0;0;1199;NA;NA
5;113.58;3.77;2e-06;1199;NA;NA
1;114.19;0;5e-05;1199;NA;NA
1;118.1;0;5,1e-05;1199;NA;NA
4;114.41;2.06;6,3e-05;1199;NA;NA
4;109.58;7.99;6,4e-05;1199;NA;NA
1;110.38;0;8,6e-05;1199;NA;NA
7;112.05;2.05;9,3e-05;1199;NA;NA
1;115.84;0;9,4e-05;1199;NA;NA
2;120.04;3.03;0;1201;NA;NA
3;119.13;2.08;2e-06;1201;NA;NA
1;120.77;0;7e-06;1201;NA;NA
1;117.92;0;9e-06;1201;NA;NA
1;120.16;0;3,9e-05;1201;NA;NA
1;115.9;0;5e-05;1201;NA;NA
1;114.65;0;5,6e-05;1201;NA;NA
1;113.05;0;7,3e-05;1201;NA;NA
6;118.22;4.26;9,3e-05;1201;NA;NA
3;122.11;2.19;9,4e-05;1201;NA;NA
1;69.75;0;0;1203;NA;NA
4;73.22;2.64;2e-06;1203;NA;NA
4;69.83;1.71;6e-06;1203;NA;NA
1;70.9;0;7e-06;1203;NA;NA
2;71.16;1.71;4,7e-05;1203;NA;NA
1;72.3;0;5e-05;1203;NA;NA
1;78.52;0;6e-05;1203;NA;NA
2;74.45;3.34;6,4e-05;1203;NA;NA
5;72.54;0.89;9,5e-05;1203;NA;NA
1;70.01;0;9,6e-05;1203;NA;NA
2;70.46;0.76;9,9e-05;1203;NA;NA
3;71.29;0.91;1e-04;1203;NA;NA
2;83.92;0.57;0;1204;NA;NA
4;84.63;2.3;4,3e-05;1204;NA;NA
1;84.9;0;4,4e-05;1204;NA;NA
3;78.22;6.81;4,5e-05;1204;NA;NA
3;81.44;5.42;4,6e-05;1204;NA;NA
6;82.38;3.84;4,7e-05;1204;NA;NA
1;86.04;0;4,8e-05;1204;NA;NA
1;83.35;0;0,000104;1204;NA;NA
2;79.49;3.01;0,000118;1204;NA;NA
1;81.12;0;0,000119;1204;NA;NA
1;82.45;0;0,000131;1204;NA;NA
3;80.26;2.4;0,000134;1204;NA;NA
9;81.1;2.51;0,000107;1206;NA;NA
3;80.43;1.9;0;1206;NA;NA
1;81.07;0;1e-06;1206;NA;NA
3;81.06;1.81;6e-06;1206;NA;NA
2;79.84;0.71;9e-06;1206;NA;NA
2;79.48;1.63;1,1e-05;1206;NA;NA
2;80.95;0.01;1,2e-05;1206;NA;NA
1;77.99;0;3,2e-05;1206;NA;NA
1;79.76;0;6e-05;1206;NA;NA
16;80.55;1.53;7,9e-05;1206;NA;NA
69;79.86;1.27;8e-05;1206;NA;NA
13;80.15;1.4;8,1e-05;1206;NA;NA
1;82.94;0;8,4e-05;1206;NA;NA
1;80.32;0;0;1207;NA;NA
1;79.92;0;3e-06;1207;NA;NA
1;81.85;0;2,3e-05;1207;NA;NA
2;80.51;3.7;3,2e-05;1207;NA;NA
1;77.68;0;3,4e-05;1207;NA;NA
2;84.21;1.8;3,9e-05;1207;NA;NA
1;80.05;0;4e-05;1207;NA;NA
1;80.72;0;4,7e-05;1207;NA;NA
1;79.67;0;5,5e-05;1207;NA;NA
4;81.46;3.31;5,7e-05;1207;NA;NA
1;82.55;0;7,5e-05;1207;NA;NA
1;82.58;0;7,6e-05;1207;NA;NA
1;82.46;0;7,7e-05;1207;NA;NA
4;81.99;2.43;8e-05;1207;NA;NA
2;82.03;0.39;8,1e-05;1207;NA;NA
1;82.11;0;8,3e-05;1207;NA;NA
3;83.12;1.41;8,4e-05;1207;NA;NA
1;78.52;0;8,7e-05;1207;NA;NA
3;82.03;1.4;8,8e-05;1207;NA;NA
2;79.66;3.95;8,9e-05;1207;NA;NA
1;82.02;0;9,5e-05;1207;NA;NA
1;80.14;0;0,000107;1207;NA;NA
1;83.63;0;0,000111;1207;NA;NA
1;80.95;0;0,00012;1207;NA;NA
1;80.88;0;0,000122;1207;NA;NA
1;77.01;0;0;1209;NA;NA
3;84.2;1.35;1e-06;1209;NA;NA
1;88.56;0;2e-06;1209;NA;NA
2;85.22;0.78;3e-06;1209;NA;NA
2;86.05;2.17;4e-06;1209;NA;NA
1;84.19;0;5e-06;1209;NA;NA
1;80.57;0;7e-06;1209;NA;NA
4;82.71;3.5;8e-06;1209;NA;NA
1;82.87;0;9e-06;1209;NA;NA
1;88.86;0;1,1e-05;1209;NA;NA
1;85.69;0;1,2e-05;1209;NA;NA
1;89.29;0;1,3e-05;1209;NA;NA
1;88.64;0;1,5e-05;1209;NA;NA
1;85.55;0;1,6e-05;1209;NA;NA
1;86.56;0;2,2e-05;1209;NA;NA
1;82.58;0;4,2e-05;1209;NA;NA
1;86.61;0;5,7e-05;1209;NA;NA
1;87.38;0;0;1210;NA;NA
1;84.89;0;9e-06;1210;NA;NA
2;82.8;1.41;2,3e-05;1210;NA;NA
2;84.82;1.8;2,9e-05;1210;NA;NA
1;86.17;0;3,5e-05;1210;NA;NA
1;87.25;0;3,6e-05;1210;NA;NA
18;85.51;1.51;4,1e-05;1210;NA;NA
16;85.51;2.39;4,2e-05;1210;NA;NA
7;85.57;1.71;4,3e-05;1210;NA;NA
9;85.21;2.29;4,4e-05;1210;NA;NA
4;84.9;1.36;4,5e-05;1210;NA;NA
4;86.35;2.02;4,6e-05;1210;NA;NA
3;84.96;1.26;4,7e-05;1210;NA;NA
1;129.35;0;0;1212;NA;NA
1;125.73;0;2,2e-05;1212;NA;NA
2;122;1.5;4,8e-05;1212;NA;NA
1;124.92;0;5,1e-05;1212;NA;NA
1;136.06;0;6,2e-05;1212;NA;NA
1;129.49;0;6,7e-05;1212;NA;NA
1;128.52;0;7,6e-05;1212;NA;NA
2;124.91;4.42;7,7e-05;1212;NA;NA
2;123.64;5.56;7,8e-05;1212;NA;NA
1;132.63;0;0;1213;NA;NA
1;119.41;0;2e-05;1213;NA;NA
2;134.46;8.76;2,8e-05;1213;NA;NA
1;135.13;0;2,9e-05;1213;NA;NA
1;127.47;0;3e-05;1213;NA;NA
1;131.19;0;3,2e-05;1213;NA;NA
1;131.31;0;3,3e-05;1213;NA;NA
1;137.21;0;3,4e-05;1213;NA;NA
3;131.71;4.38;3,6e-05;1213;NA;NA
1;129.55;0;3,7e-05;1213;NA;NA
2;126.06;1.47;3,9e-05;1213;NA;NA
1;129.75;0;4e-05;1213;NA;NA
1;130.99;0;4,3e-05;1213;NA;NA
3;126.04;3.22;4,9e-05;1213;NA;NA
3;127.4;1.41;6,2e-05;1213;NA;NA
3;126.59;4.78;6,3e-05;1213;NA;NA
4;128.66;4.02;6,4e-05;1213;NA;NA
1;45.3;0;0;1215;NA;NA
1;43.91;0;2e-06;1215;NA;NA
6;44;1.18;7e-06;1215;NA;NA
3;42.83;1.13;8e-06;1215;NA;NA
3;43.33;0.79;9e-06;1215;NA;NA
3;41.5;0.57;1,1e-05;1215;NA;NA
8;43.27;1.4;1,2e-05;1215;NA;NA
5;43.06;0.86;1,3e-05;1215;NA;NA
1;42.79;0;1,4e-05;1215;NA;NA
1;43.51;0;1,6e-05;1215;NA;NA
2;42.55;1.82;1,7e-05;1215;NA;NA
3;42.19;1.08;1,9e-05;1215;NA;NA
3;43.3;1.37;2,1e-05;1215;NA;NA
1;42.89;0;2,2e-05;1215;NA;NA
3;41.75;1.18;2,3e-05;1215;NA;NA
2;42.18;1.23;2,4e-05;1215;NA;NA
1;45.53;0;2,5e-05;1215;NA;NA
1;41.59;0;3,4e-05;1215;NA;NA
1;40.84;0;3,5e-05;1215;NA;NA
2;43.65;0.05;3,6e-05;1215;NA;NA
1;44.06;0;3,7e-05;1215;NA;NA
1;44.53;0;3,8e-05;1215;NA;NA
1;45.79;0;3,9e-05;1215;NA;NA
1;45.01;0;4e-05;1215;NA;NA
2;43.31;1.54;4,3e-05;1215;NA;NA
1;43.1;0;5e-05;1215;NA;NA
1;41.53;0;0;1216;NA;NA
1;34.41;0;1e-06;1216;NA;NA
4;33.32;0.73;3e-06;1216;NA;NA
2;35.28;1;4e-06;1216;NA;NA
1;35.31;0;5e-06;1216;NA;NA
1;36.19;0;8e-06;1216;NA;NA
2;35.72;0.65;9e-06;1216;NA;NA
1;33.87;0;1e-05;1216;NA;NA
1;36.28;0;1,9e-05;1216;NA;NA
5;39.05;2.65;2e-05;1216;NA;NA
1;36.21;0;2,4e-05;1216;NA;NA
1;36.38;0;2,6e-05;1216;NA;NA
1;34.84;0;2,8e-05;1216;NA;NA
1;36.48;0;3,5e-05;1216;NA;NA
3;36.08;0.33;3,6e-05;1216;NA;NA
2;38.73;3.02;3,8e-05;1216;NA;NA
1;34.31;0;4,2e-05;1216;NA;NA
7;36.24;0.93;4,3e-05;1216;NA;NA
6;36.85;0.55;4,4e-05;1216;NA;NA
4;36.62;3.48;4,5e-05;1216;NA;NA
1;36.16;0;4,7e-05;1216;NA;NA
1;37.21;0;5e-05;1216;NA;NA
1;35.94;0;5,3e-05;1216;NA;NA
6;38;1.16;5,5e-05;1216;NA;NA
1;35.62;0;5,9e-05;1216;NA;NA
1;35.48;0;8,2e-05;1216;NA;NA
1;34.91;0;8,9e-05;1216;NA;NA
1;36.74;0;0,000101;1216;NA;NA
4;40.22;1.56;0;1218;NA;NA
4;40.91;2.11;3e-05;1218;NA;NA
1;41.37;0;3,1e-05;1218;NA;NA
1;39.32;0;7,3e-05;1218;NA;NA
5;39.55;0.81;7,4e-05;1218;NA;NA
7;39.86;0.87;7,5e-05;1218;NA;NA
1;42.81;0;8,1e-05;1218;NA;NA
1;35.24;0;0;1219;NA;NA
7;35.85;0.71;6e-06;1219;NA;NA
2;36.24;0.15;8e-06;1219;NA;NA
1;35.53;0;1,8e-05;1219;NA;NA
1;36.25;0;2,5e-05;1219;NA;NA
1;35.23;0;2,7e-05;1219;NA;NA
1;34.51;0;3,4e-05;1219;NA;NA
2;35.88;1.85;4e-05;1219;NA;NA
1;35.11;0;4,1e-05;1219;NA;NA
1;34.63;0;4,2e-05;1219;NA;NA
1;35.03;0;0;1221;NA;NA
1;37.35;0;2,1e-05;1221;NA;NA
1;36.2;0;3,4e-05;1221;NA;NA
1;39.07;0;3,6e-05;1221;NA;NA
1;35.38;0;3,7e-05;1221;NA;NA
1;35.39;0;4e-05;1221;NA;NA
1;39.99;0;4,4e-05;1221;NA;NA
1;42.79;0;4,5e-05;1221;NA;NA
4;35.47;0.45;8,8e-05;1221;NA;NA
2;31.73;1.26;0;1221;NA;NA
1;34.1;0;1e-06;1221;NA;NA
1;41.09;0;5e-06;1221;NA;NA
1;36.5;0;6e-06;1221;NA;NA
4;35.31;1.78;2,4e-05;1221;NA;NA
2;29.67;0.45;2,5e-05;1221;NA;NA
1;32.03;0;2,6e-05;1221;NA;NA
1;32.56;0;4,2e-05;1221;NA;NA
1;40.51;0;6,4e-05;1221;NA;NA
1;49.29;0;0;1222;NA;NA
1;47.32;0;1e-06;1222;NA;NA
2;48.97;1.76;3e-06;1222;NA;NA
2;46.74;0.9;6e-06;1222;NA;NA
4;46.05;2.69;7e-06;1222;NA;NA
1;44.02;0;8e-06;1222;NA;NA
2;47.17;0.16;9e-06;1222;NA;NA
2;45.88;0.26;1e-05;1222;NA;NA
4;47.83;0.28;1,1e-05;1222;NA;NA
8;46.55;2.14;1,2e-05;1222;NA;NA
1;45.15;0;1,3e-05;1222;NA;NA
1;48.23;0;1,6e-05;1222;NA;NA
1;43.98;0;2e-05;1222;NA;NA
6;46.15;3.25;2,1e-05;1222;NA;NA
4;44.11;4.43;2,2e-05;1222;NA;NA
2;47.89;2.18;2,3e-05;1222;NA;NA
3;50.49;0.19;2,4e-05;1222;NA;NA
1;48.74;0;2,6e-05;1222;NA;NA
1;46.03;0;2,7e-05;1222;NA;NA
1;43.82;0;2,8e-05;1222;NA;NA
1;50.51;0;2,9e-05;1222;NA;NA
1;47.05;0;3,3e-05;1222;NA;NA
2;49.69;2.14;3,4e-05;1222;NA;NA
1;48.83;0;3,5e-05;1222;NA;NA
1;48.6;0;3,6e-05;1222;NA;NA
2;45.94;0.66;3,7e-05;1222;NA;NA
1;48.62;0;3,8e-05;1222;NA;NA
1;47.08;0;3,9e-05;1222;NA;NA
1;48.33;0;4e-05;1222;NA;NA
1;48.59;0;4,1e-05;1222;NA;NA
1;49.22;0;4,3e-05;1222;NA;NA
2;47.28;1.33;4,7e-05;1222;NA;NA
2;44.41;3.08;4,9e-05;1222;NA;NA
1;44.97;0;5,2e-05;1222;NA;NA
1;45.48;0;5,7e-05;1222;NA;NA
1;44.9;0;6,1e-05;1222;NA;NA
2;45.99;0.81;0;1224;NA;NA
5;43.7;1.6;2e-06;1224;NA;NA
2;40.09;1.05;3e-06;1224;NA;NA
4;40.44;0.74;4e-06;1224;NA;NA
3;39.53;1.13;5e-06;1224;NA;NA
10;40.96;1.31;6e-06;1224;NA;NA
1;42.83;0;8e-06;1224;NA;NA
4;39.16;2;9e-06;1224;NA;NA
6;43.31;1.73;1,1e-05;1224;NA;NA
1;42.25;0;2e-05;1224;NA;NA
5;42.81;0.95;2,1e-05;1224;NA;NA
5;41.19;2.31;2,2e-05;1224;NA;NA
1;40.72;0;2,4e-05;1224;NA;NA
1;42.7;0;2,5e-05;1224;NA;NA
2;44.91;0.28;2,6e-05;1224;NA;NA
1;42.3;0;3,2e-05;1224;NA;NA
1;42.99;0;3,4e-05;1224;NA;NA
3;44.1;1.84;3,7e-05;1224;NA;NA
4;42.71;1.93;3,8e-05;1224;NA;NA
3;39.61;3.47;4e-05;1224;NA;NA
1;41.4;0;4,1e-05;1224;NA;NA
4;42.86;2.43;4,2e-05;1224;NA;NA
5;42.99;1.99;4,3e-05;1224;NA;NA
4;41.48;1.11;4,4e-05;1224;NA;NA
11;41.86;1.81;4,5e-05;1224;NA;NA
5;42.07;1.18;4,6e-05;1224;NA;NA
6;41.96;1.93;4,7e-05;1224;NA;NA
4;40.54;1.2;4,8e-05;1224;NA;NA
9;44.44;1.92;5,6e-05;1224;NA;NA
25;43.85;2.09;5,7e-05;1224;NA;NA
5;45.11;0.71;5,8e-05;1224;NA;NA
2;41.51;4.38;5,9e-05;1224;NA;NA
2;42.41;4.63;7,8e-05;1224;NA;NA
1;41.14;0;8,6e-05;1224;NA;NA
1;43.74;0;9,3e-05;1224;NA;NA
1;41.65;0;0,000103;1224;NA;NA
1;41.86;0;0,000106;1224;NA;NA
1;36.25;0;0,000108;1224;NA;NA
4;46.06;1.64;0;1225;NA;NA
2;45.78;0.5;3e-06;1225;NA;NA
1;45.07;0;1,6e-05;1225;NA;NA
2;47.51;0.06;2,9e-05;1225;NA;NA
5;47.09;1.54;3e-05;1225;NA;NA
5;46.96;2.27;3,1e-05;1225;NA;NA
1;44.36;0;4,9e-05;1225;NA;NA
1;46.35;0;5,5e-05;1225;NA;NA
8;45.46;0.48;7,3e-05;1225;NA;NA
7;46.29;1.15;7,4e-05;1225;NA;NA
8;45.9;0.87;7,5e-05;1225;NA;NA
1;48.03;0;8e-05;1225;NA;NA
1;44.58;0;8,4e-05;1225;NA;NA
2;49.35;0.43;8,5e-05;1225;NA;NA
1;47.8;0;8,7e-05;1225;NA;NA
1;42.18;0;0;1227;NA;NA
1;43.46;0;2e-06;1227;NA;NA
1;41.52;0;2,2e-05;1227;NA;NA
2;42.76;0.12;2,8e-05;1227;NA;NA
1;43.62;0;3,1e-05;1227;NA;NA
1;41.74;0;3,2e-05;1227;NA;NA
1;44.15;0;3,5e-05;1227;NA;NA
1;40.6;0;4,1e-05;1227;NA;NA
1;42.91;0;4,2e-05;1227;NA;NA
1;45.59;0;4,4e-05;1227;NA;NA
2;43.11;0.92;4,9e-05;1227;NA;NA
4;44.14;0.8;5e-05;1227;NA;NA
2;42.47;2.19;5,6e-05;1227;NA;NA
1;40.86;0;5,9e-05;1227;NA;NA
1;43.04;0;6,8e-05;1227;NA;NA
1;41.25;0;7,1e-05;1227;NA;NA
1;39.66;0;7,6e-05;1227;NA;NA
2;41.21;3.24;7,7e-05;1227;NA;NA
2;40.77;2.73;7,8e-05;1227;NA;NA
4;40.77;1.52;8e-05;1227;NA;NA
1;40.24;0;8,2e-05;1227;NA;NA
3;39.67;1.23;8,3e-05;1227;NA;NA
11;40.79;1.31;8,4e-05;1227;NA;NA
4;42.29;2.06;8,5e-05;1227;NA;NA
1;43.29;0;8,9e-05;1227;NA;NA
2;38.16;1.43;9e-05;1227;NA;NA
1;38.92;0;0;1228;NA;NA
2;42.27;2.23;2,1e-05;1228;NA;NA
4;43.28;2.1;2,2e-05;1228;NA;NA
1;41.33;0;3,5e-05;1228;NA;NA
3;40.96;2.76;3,9e-05;1228;NA;NA
12;42.57;2.14;4e-05;1228;NA;NA
1;41.75;0;4,3e-05;1228;NA;NA
4;43.99;0.99;4,4e-05;1228;NA;NA
10;41.88;2.25;4,5e-05;1228;NA;NA
1;45.06;0;4,6e-05;1228;NA;NA
1;39.79;0;5,4e-05;1228;NA;NA
1;40.24;0;8,8e-05;1228;NA;NA
1;45.79;0;0;1230;NA;NA
1;47.16;0;1,4e-05;1230;NA;NA
2;44.67;1.17;2e-05;1230;NA;NA
1;43.73;0;2,9e-05;1230;NA;NA
1;41.63;0;3,1e-05;1230;NA;NA
5;41.99;1.48;3,3e-05;1230;NA;NA
1;49.27;0;3,9e-05;1230;NA;NA
4;48.35;0.57;4e-05;1230;NA;NA
1;49.16;0;4,2e-05;1230;NA;NA
1;45.96;0;4,6e-05;1230;NA;NA
1;40.95;0;0,000101;1230;NA;NA
2;40.95;1.43;0;1231;NA;NA
1;40.41;0;1e-06;1231;NA;NA
1;40.27;0;2e-06;1231;NA;NA
1;38.41;0;5e-06;1231;NA;NA
1;41.39;0;6e-06;1231;NA;NA
1;40.22;0;7e-06;1231;NA;NA
1;39.86;0;1,6e-05;1231;NA;NA
1;38.26;0;1,7e-05;1231;NA;NA
2;39.23;0.47;2,7e-05;1231;NA;NA
2;43.56;0.03;2,8e-05;1231;NA;NA
1;40.42;0;3e-05;1231;NA;NA
1;43.11;0;3,5e-05;1231;NA;NA
2;38.94;0.06;5,1e-05;1231;NA;NA
1;39.87;0;5,2e-05;1231;NA;NA
1;39.08;0;5,3e-05;1231;NA;NA
1;42.5;0;0;1233;NA;NA
2;40.64;0.76;1,3e-05;1233;NA;NA
1;41.4;0;1,4e-05;1233;NA;NA
2;41.2;0.64;1,5e-05;1233;NA;NA
2;40.09;1.34;2,3e-05;1233;NA;NA
2;40.11;2.71;3,1e-05;1233;NA;NA
2;43.45;3.46;3,2e-05;1233;NA;NA
1;41.23;0;3,3e-05;1233;NA;NA
1;40.9;0;3,5e-05;1233;NA;NA
1;41.07;0;3,9e-05;1233;NA;NA
1;41.17;0;4,1e-05;1233;NA;NA
1;39.45;0;4,3e-05;1233;NA;NA
2;42.42;2.15;5,6e-05;1233;NA;NA
1;42.87;0;6,2e-05;1233;NA;NA
3;47.7;0.48;0;1234;NA;NA
1;48.18;0;4e-06;1234;NA;NA
1;46.25;0;1,9e-05;1234;NA;NA
2;50.76;1.75;2,2e-05;1234;NA;NA
3;46.09;1.99;2,3e-05;1234;NA;NA
3;48.01;0.69;2,4e-05;1234;NA;NA
1;48.51;0;3,3e-05;1234;NA;NA
1;46.98;0;3,4e-05;1234;NA;NA
1;49.28;0;3,5e-05;1234;NA;NA
2;48.96;3.23;3,6e-05;1234;NA;NA
3;47.54;0.94;3,7e-05;1234;NA;NA
1;47.18;0;3,9e-05;1234;NA;NA
1;48.73;0;4e-05;1234;NA;NA
2;48.38;0.53;4,3e-05;1234;NA;NA
1;51.34;0;4,4e-05;1234;NA;NA
1;48.49;0;6,2e-05;1234;NA;NA
3;48.02;0.85;0,000105;1234;NA;NA
3;47.34;2.38;0;1236;NA;NA
1;44.36;0;1e-06;1236;NA;NA
2;47.52;1.3;2e-06;1236;NA;NA
1;49.05;0;3e-06;1236;NA;NA
1;48.05;0;5e-06;1236;NA;NA
2;48.57;1.14;6e-06;1236;NA;NA
1;45.48;0;7e-06;1236;NA;NA
1;48.38;0;1,4e-05;1236;NA;NA
2;47.81;0.25;1,6e-05;1236;NA;NA
1;49.35;0;1,7e-05;1236;NA;NA
2;49.13;0.58;1,8e-05;1236;NA;NA
3;46.15;1.35;2e-05;1236;NA;NA
1;47.43;0;2,5e-05;1236;NA;NA
1;48.75;0;2,8e-05;1236;NA;NA
3;48.14;1.36;3,1e-05;1236;NA;NA
1;45.85;0;3,2e-05;1236;NA;NA
1;46.69;0;3,5e-05;1236;NA;NA
2;46.93;0.73;3,6e-05;1236;NA;NA
1;46.4;0;4,6e-05;1236;NA;NA
1;46.56;0;5e-05;1236;NA;NA
1;47.74;0;5,5e-05;1236;NA;NA
1;44.24;0;6,8e-05;1236;NA;NA
1;47.97;0;0;1237;NA;NA
2;48.93;0.69;6e-06;1237;NA;NA
2;45.53;3.85;9e-06;1237;NA;NA
2;47.98;2.47;1e-05;1237;NA;NA
2;46.81;0.42;1,1e-05;1237;NA;NA
2;46.41;3.6;1,3e-05;1237;NA;NA
1;50.21;0;1,9e-05;1237;NA;NA
2;45.09;0.57;2,1e-05;1237;NA;NA
1;45.61;0;2,5e-05;1237;NA;NA
3;46.48;0.73;2,7e-05;1237;NA;NA
6;45.89;0.76;2,8e-05;1237;NA;NA
4;46.25;1.7;2,9e-05;1237;NA;NA
2;45.16;0.3;3e-05;1237;NA;NA
1;46.87;0;3,1e-05;1237;NA;NA
1;49.03;0;3,2e-05;1237;NA;NA
1;43.27;0;3,3e-05;1237;NA;NA
2;48.35;3.35;3,4e-05;1237;NA;NA
1;48.33;0;3,5e-05;1237;NA;NA
1;46.66;0;3,7e-05;1237;NA;NA
1;49.55;0;3,9e-05;1237;NA;NA
1;46.19;0;5e-05;1237;NA;NA
1;52.79;0;6e-05;1237;NA;NA
1;46.71;0;1e-04;1237;NA;NA
1;50.37;0;0,000103;1237;NA;NA
1;29.34;0;0;1239;NA;NA
1;31.4;0;1,7e-05;1239;NA;NA
1;29.62;0;2,3e-05;1239;NA;NA
3;30.79;0.55;3,3e-05;1239;NA;NA
1;28.9;0;5,1e-05;1239;NA;NA
3;30.69;0.17;5,3e-05;1239;NA;NA
1;29.91;0;5,7e-05;1239;NA;NA
1;27.72;0;5,8e-05;1239;NA;NA
2;28.05;1.65;5,9e-05;1239;NA;NA
3;29.02;1.42;6e-05;1239;NA;NA
2;29.32;0.5;6,1e-05;1239;NA;NA
3;30.33;0.99;6,3e-05;1239;NA;NA
2;30.8;0.67;6,9e-05;1239;NA;NA
2;30.34;0.13;8e-05;1239;NA;NA
2;30.18;2.43;8,1e-05;1239;NA;NA
1;31.86;0;0;1241;NA;NA
1;34.15;0;7e-06;1241;NA;NA
1;34.02;0;9e-06;1241;NA;NA
1;33.91;0;1,3e-05;1241;NA;NA
1;34.53;0;1,7e-05;1241;NA;NA
1;33.03;0;6,7e-05;1241;NA;NA
1;34.39;0;6,8e-05;1241;NA;NA
1;33.69;0;6,9e-05;1241;NA;NA
1;34.15;0;7e-05;1241;NA;NA
6;33.3;0.75;7,2e-05;1241;NA;NA
2;32.89;0.25;7,6e-05;1241;NA;NA
13;33.62;0.71;7,7e-05;1241;NA;NA
1;31.02;0;0;1243;NA;NA
1;33.53;0;1e-06;1243;NA;NA
1;33.74;0;1,9e-05;1243;NA;NA
1;31.11;0;2,1e-05;1243;NA;NA
10;34.99;1.36;2,5e-05;1243;NA;NA
1;33.34;0;2,8e-05;1243;NA;NA
4;33.32;0.97;3,2e-05;1243;NA;NA
1;36.63;0;3,5e-05;1243;NA;NA
2;33.79;0.98;3,7e-05;1243;NA;NA
1;30.24;0;4,5e-05;1243;NA;NA
2;33.57;0.34;4,7e-05;1243;NA;NA
1;33.17;0;5,2e-05;1243;NA;NA
1;29.9;0;5,6e-05;1243;NA;NA
1;30.54;0;5,9e-05;1243;NA;NA
1;39.05;0;0;1245;NA;NA
1;39.46;0;1e-05;1245;NA;NA
2;38.27;1.04;1,3e-05;1245;NA;NA
6;39.09;1.35;1,7e-05;1245;NA;NA
1;39.06;0;1,8e-05;1245;NA;NA
2;39.75;0.16;3,5e-05;1245;NA;NA
2;39.7;2.56;4,2e-05;1245;NA;NA
1;40.32;0;5e-05;1245;NA;NA
1;38.62;0;5,1e-05;1245;NA;NA
1;37.72;0;5,4e-05;1245;NA;NA
2;39.66;0.61;5,5e-05;1245;NA;NA
1;39.3;0;5,6e-05;1245;NA;NA
3;39.62;0.82;6,3e-05;1245;NA;NA
1;40;0;6,5e-05;1245;NA;NA
4;38.83;0.97;6,8e-05;1245;NA;NA
1;37.4;0;6,9e-05;1245;NA;NA
18;38.63;1.45;7,2e-05;1245;NA;NA
2;39.46;2.66;7,3e-05;1245;NA;NA
1;41.56;0;7,4e-05;1245;NA;NA
1;36.75;0;7,5e-05;1245;NA;NA
9;39.18;1.24;7,6e-05;1245;NA;NA
27;39.37;1.58;7,7e-05;1245;NA;NA
2;39.37;1.41;8,5e-05;1245;NA;NA
1;39.57;0;8,6e-05;1245;NA;NA
1;40.21;0;8,7e-05;1245;NA;NA
1;39.21;0;9,2e-05;1245;NA;NA
1;59.17;0;0;1247;NA;NA
1;54.74;0;3e-06;1247;NA;NA
1;60.14;0;4e-06;1247;NA;NA
1;55.1;0;7e-06;1247;NA;NA
1;69.18;0;8e-06;1247;NA;NA
2;62.14;7.79;1,4e-05;1247;NA;NA
1;58.36;0;2e-05;1247;NA;NA
2;60.4;0.64;2,1e-05;1247;NA;NA
3;58.9;4.57;2,2e-05;1247;NA;NA
7;56.41;1.39;2,3e-05;1247;NA;NA
2;57.56;3.08;2,5e-05;1247;NA;NA
4;62.12;2.81;2,6e-05;1247;NA;NA
3;55.06;2.25;2,7e-05;1247;NA;NA
3;62.85;5.55;2,8e-05;1247;NA;NA
1;54.61;0;2,9e-05;1247;NA;NA
1;54.64;0;3e-05;1247;NA;NA
3;57.55;1.28;3,3e-05;1247;NA;NA
1;56.23;0;3,4e-05;1247;NA;NA
4;60.56;1.57;3,5e-05;1247;NA;NA
12;61.41;4.15;3,6e-05;1247;NA;NA
4;57.11;3.2;3,7e-05;1247;NA;NA
1;53.44;0;3,8e-05;1247;NA;NA
1;54.69;0;3,9e-05;1247;NA;NA
1;62.3;0;4e-05;1247;NA;NA
3;59.81;2.94;4,1e-05;1247;NA;NA
1;55.9;0;4,4e-05;1247;NA;NA
1;60.93;0;4,5e-05;1247;NA;NA
3;54.99;1.81;4,7e-05;1247;NA;NA
1;58.6;0;4,8e-05;1247;NA;NA
2;57.42;1.68;4,9e-05;1247;NA;NA
2;57.25;1.34;5e-05;1247;NA;NA
1;56.64;0;5,1e-05;1247;NA;NA
1;59.17;0;5,2e-05;1247;NA;NA
2;59.2;1.09;5,3e-05;1247;NA;NA
2;58.39;1.93;5,4e-05;1247;NA;NA
1;61.56;0;5,5e-05;1247;NA;NA
4;56.11;3.05;5,6e-05;1247;NA;NA
2;58.08;0.47;5,7e-05;1247;NA;NA
1;61.76;0;5,8e-05;1247;NA;NA
1;58.06;0;5,9e-05;1247;NA;NA
2;56.56;0.08;6e-05;1247;NA;NA
2;58.32;3.69;6,1e-05;1247;NA;NA
2;56.87;2.71;6,2e-05;1247;NA;NA
2;55.89;0.06;6,3e-05;1247;NA;NA
1;51.12;0;6,4e-05;1247;NA;NA
1;60.53;0;6,5e-05;1247;NA;NA
1;56.44;0;6,7e-05;1247;NA;NA
1;54.34;0;6,8e-05;1247;NA;NA
1;60.63;0;7,1e-05;1247;NA;NA
1;56.79;0;7,3e-05;1247;NA;NA
1;60.16;0;7,4e-05;1247;NA;NA
1;71.25;0;8,9e-05;1247;NA;NA
1;66.39;0;0;1249;NA;NA
7;63.25;2.74;1e-06;1249;NA;NA
4;58.87;2.66;2e-06;1249;NA;NA
1;60.58;0;3e-06;1249;NA;NA
2;63.12;0.31;3,6e-05;1249;NA;NA
3;65.28;0.66;5,6e-05;1249;NA;NA
3;65.68;0.39;5,7e-05;1249;NA;NA
1;57.04;0;6,5e-05;1249;NA;NA
1;63.06;0;9e-05;1249;NA;NA
1;64;0;9,2e-05;1249;NA;NA
2;63.03;1.18;9,3e-05;1249;NA;NA
1;67.42;0;0;1250;NA;NA
1;65.32;0;9e-06;1250;NA;NA
1;61.02;0;2,9e-05;1250;NA;NA
9;61.1;2.09;5e-05;1250;NA;NA
1;64.14;0;5,2e-05;1250;NA;NA
1;61.27;0;5,3e-05;1250;NA;NA
1;59.03;0;7,2e-05;1250;NA;NA
1;59.92;0;0;1252;NA;NA
2;64.55;0.81;2e-06;1252;NA;NA
4;68.1;0.95;2,1e-05;1252;NA;NA
1;64.68;0;2,2e-05;1252;NA;NA
1;62.29;0;2,3e-05;1252;NA;NA
5;68.01;3.12;3,9e-05;1252;NA;NA
3;64.29;1.49;4e-05;1252;NA;NA
1;64.26;0;4,2e-05;1252;NA;NA
2;70.15;0.57;4,3e-05;1252;NA;NA
1;111.35;0;0;1253;NA;NA
1;111.4;0;4e-06;1253;NA;NA
3;106.73;1.99;2,9e-05;1253;NA;NA
3;108.17;1.76;3e-05;1253;NA;NA
1;108.28;0;3,1e-05;1253;NA;NA
6;109.15;2.22;3,8e-05;1253;NA;NA
10;108.77;3.17;3,9e-05;1253;NA;NA
4;109.48;1.78;4e-05;1253;NA;NA
1;105.95;0;0;1255;NA;NA
1;98.91;0;6e-06;1255;NA;NA
1;107.2;0;1e-05;1255;NA;NA
1;104.53;0;1,1e-05;1255;NA;NA
1;103.01;0;2,1e-05;1255;NA;NA
1;106.06;0;3,9e-05;1255;NA;NA
4;109.75;1.13;4,8e-05;1255;NA;NA
1;107.44;0;5,1e-05;1255;NA;NA
5;101.41;2.98;6,9e-05;1255;NA;NA
1;103.94;0;7e-05;1255;NA;NA
1;103.59;0;8e-05;1255;NA;NA
1;107.65;0;8,1e-05;1255;NA;NA
2;110.71;4.92;8,2e-05;1255;NA;NA
2;100.86;2.79;0,000108;1255;NA;NA
1;54.76;0;0;1256;NA;NA
1;56.33;0;1,4e-05;1256;NA;NA
3;47.23;0.41;1,6e-05;1256;NA;NA
2;52.44;1.17;1,9e-05;1256;NA;NA
3;50.65;1.67;2,1e-05;1256;NA;NA
3;52.15;0.92;4e-05;1256;NA;NA
2;54.47;0.84;4,1e-05;1256;NA;NA
5;116.1;1.68;0;1258;NA;NA
1;117.53;0;1e-06;1258;NA;NA
1;115.88;0;6e-06;1258;NA;NA
1;114.9;0;1,1e-05;1258;NA;NA
1;112.64;0;1,5e-05;1258;NA;NA
5;114.47;2.65;1,6e-05;1258;NA;NA
4;118.41;4.1;1,7e-05;1258;NA;NA
2;115.34;0.31;2e-05;1258;NA;NA
1;116.81;0;3,8e-05;1258;NA;NA
1;118.48;0;3,9e-05;1258;NA;NA
1;115.24;0;4,4e-05;1258;NA;NA
2;117.44;1.96;4,7e-05;1258;NA;NA
1;116.45;0;4,8e-05;1258;NA;NA
1;118.69;0;6e-05;1258;NA;NA
1;113.8;0;6,6e-05;1258;NA;NA
2;320.43;1.48;0;1259;NA;NA
1;319.58;0;7e-06;1259;NA;NA
1;310.66;0;9e-06;1259;NA;NA
3;318.5;11.12;1e-05;1259;NA;NA
3;307.31;5.62;1,1e-05;1259;NA;NA
2;304.83;6.72;1,8e-05;1259;NA;NA
2;292.12;12.28;2,4e-05;1259;NA;NA
1;302.34;0;2,5e-05;1259;NA;NA
2;312.83;16.42;5,8e-05;1259;NA;NA
2;287.55;12.97;6,1e-05;1259;NA;NA
1;339.98;0;6,3e-05;1259;NA;NA
1;324.6;0;0;1261;NA;NA
3;344.59;16.42;2e-06;1261;NA;NA
1;372.48;0;8e-06;1261;NA;NA
2;370.7;28.71;9e-06;1261;NA;NA
3;349.91;25.95;1e-05;1261;NA;NA
3;363.3;4.23;1,1e-05;1261;NA;NA
6;338.27;24.61;1,2e-05;1261;NA;NA
11;346.5;21.74;1,3e-05;1261;NA;NA
2;335.13;13.19;1,5e-05;1261;NA;NA
1;365.36;0;3,2e-05;1261;NA;NA
2;330.91;5.16;6e-05;1261;NA;NA
1;344.56;0;6,3e-05;1261;NA;NA
2;361.31;8.98;7,4e-05;1261;NA;NA
3;109.83;3.25;0;1262;NA;NA
2;114.33;0.16;2e-05;1262;NA;NA
4;109.17;1.16;2,1e-05;1262;NA;NA
1;110.85;0;2,6e-05;1262;NA;NA
1;110.01;0;4,2e-05;1262;NA;NA
3;110.16;3.05;4,8e-05;1262;NA;NA
2;114.08;1.16;5e-05;1262;NA;NA
2;109.95;0.02;6,3e-05;1262;NA;NA
2;110.93;1.53;6,8e-05;1262;NA;NA
4;118.38;2.87;0;1264;NA;NA
4;119.38;1.11;3,7e-05;1264;NA;NA
3;118.78;3.21;3,8e-05;1264;NA;NA
1;119.57;0;4,5e-05;1264;NA;NA
7;119.17;2.66;4,6e-05;1264;NA;NA
5;120.16;2.02;4,7e-05;1264;NA;NA
14;117.03;3.21;4,8e-05;1264;NA;NA
1;145.84;0;0;1265;NA;NA
2;139.34;3.94;1e-06;1265;NA;NA
2;138.86;6.11;4e-06;1265;NA;NA
1;134.67;0;9e-06;1265;NA;NA
1;130.59;0;4,3e-05;1265;NA;NA
1;132.94;0;4,4e-05;1265;NA;NA
1;130.98;0;4,5e-05;1265;NA;NA
3;145.52;6.34;4,6e-05;1265;NA;NA
1;139.77;0;5,3e-05;1265;NA;NA
2;138.56;3.56;8,6e-05;1265;NA;NA
1;141.63;0;8,9e-05;1265;NA;NA
1;136.56;0;0;1267;NA;NA
1;137.37;0;4e-06;1267;NA;NA
2;137.15;1.27;9e-06;1267;NA;NA
1;141.5;0;2e-05;1267;NA;NA
2;137.97;11.33;5,2e-05;1267;NA;NA
7;128.54;6.52;5,3e-05;1267;NA;NA
5;135.72;4.94;5,5e-05;1267;NA;NA
3;136.2;1.83;5,6e-05;1267;NA;NA
1;135.29;0;6,2e-05;1267;NA;NA
1;130.87;0;6,3e-05;1267;NA;NA
1;136.74;0;8,3e-05;1267;NA;NA
1;113.95;0;0;1268;NA;NA
1;118.81;0;7e-06;1268;NA;NA
2;122.53;4.61;1,2e-05;1268;NA;NA
1;122.37;0;1,3e-05;1268;NA;NA
1;116.75;0;1,6e-05;1268;NA;NA
1;124.88;0;1,8e-05;1268;NA;NA
2;119.72;0.39;2,1e-05;1268;NA;NA
1;120.43;0;2,3e-05;1268;NA;NA
1;124.45;0;2,4e-05;1268;NA;NA
1;131.65;0;3,3e-05;1268;NA;NA
1;132.74;0;3,9e-05;1268;NA;NA
1;117.29;0;4e-05;1268;NA;NA
2;124.8;6.21;4,6e-05;1268;NA;NA
1;144.73;0;0;1271;NA;NA
2;148.46;3.3;3e-06;1271;NA;NA
4;146.33;5.92;4e-06;1271;NA;NA
7;147.05;1.16;5e-06;1271;NA;NA
1;139.65;0;8e-06;1271;NA;NA
2;147.55;1.74;1,3e-05;1271;NA;NA
1;153.61;0;1,6e-05;1271;NA;NA
1;146.57;0;2,1e-05;1271;NA;NA
2;149.73;5.67;2,6e-05;1271;NA;NA
1;138.62;0;3,8e-05;1271;NA;NA
3;142.2;4.34;4,8e-05;1271;NA;NA
1;150.49;0;5e-05;1271;NA;NA
1;138.66;0;5,3e-05;1271;NA;NA
1;147.96;0;5,7e-05;1271;NA;NA
1;147.66;0;6,4e-05;1271;NA;NA
1;140.52;0;8,7e-05;1271;NA;NA
1;152.33;0;9e-05;1271;NA;NA
65;954;22736.875;0;1272;NA;NA
19;953.684210526316;9202.33918128655;1e-06;1272;NA;NA
117;791.076923076923;41360.950928382;6,2e-05;1272;NA;NA
55;684.818181818182;48408.2996632997;6,3e-05;1272;NA;NA
160;797.20625;37353.2465015723;6,4e-05;1272;NA;NA
89;730.258426966292;24008.1938202247;6,5e-05;1272;NA;NA
38;749.210526315789;37256.1166429587;6,6e-05;1272;NA;NA
48;758.541666666667;44357.4024822695;6,7e-05;1272;NA;NA
7;718.571428571429;36014.2857142857;6,8e-05;1272;NA;NA
109;606.247706422018;10271.7251104315;6,9e-05;1272;NA;NA
70;689.142857142857;15900.7039337474;7e-05;1272;NA;NA
40;815;30405.1282051282;7,1e-05;1272;NA;NA
54;691.537037037037;35338.5174703005;7,2e-05;1272;NA;NA
49;626.020408163265;13486.4370748299;7,3e-05;1272;NA;NA
92;673.5;24655.021978022;7,4e-05;1272;NA;NA
114;665.30701754386;13004.9934016457;7,5e-05;1272;NA;NA
129;742.751937984496;18203.8911094961;7,6e-05;1272;NA;NA
105;650.285714285714;14367.706043956;7,7e-05;1272;NA;NA
238;650.281512605042;12006.2453107825;7,8e-05;1272;NA;NA
198;708.383838383838;16694.0752704712;7,9e-05;1272;NA;NA
147;720.612244897959;18689.8554654739;8e-05;1272;NA;NA
233;714.952789699571;19376.1227615806;8,1e-05;1272;NA;NA
241;700.489626556017;18156.55093361;8,2e-05;1272;NA;NA
587;770.669505962521;11611.1192562402;8,3e-05;1272;NA;NA
249;760.843373493976;26759.5681111543;8,4e-05;1272;NA;NA
358;729.245810055866;18560.398791919;8,5e-05;1272;NA;NA
384;775.885416666667;11970.4933637946;8,6e-05;1272;NA;NA
300;773.453333333333;25920.3958082497;8,7e-05;1272;NA;NA
153;785.588235294118;14691.7569659443;8,8e-05;1272;NA;NA
200;681.1;15318.3819095477;8,9e-05;1272;NA;NA
274;749.945255474453;17624.2643913264;9e-05;1272;NA;NA
189;798.280423280423;14780.1390296071;9,1e-05;1272;NA;NA
65;10656;29191790;0;1273;NA;NA
19;9658.94736842105;9491132.16374269;1e-06;1273;NA;NA
108;11207.4074074074;41509851.1595708;1,5e-05;1273;NA;NA
39;11056.4102564103;20626207.8272605;1,6e-05;1273;NA;NA
124;11742.7419354839;18492060.7133491;1,7e-05;1273;NA;NA
96;11522.9166666667;16797153.5087719;1,8e-05;1273;NA;NA
84;12807.1428571429;13268864.0275387;1,9e-05;1273;NA;NA
75;13466.6666666667;33116306.3063063;2e-05;1273;NA;NA
36;10733.3333333333;30269142.8571429;2,1e-05;1273;NA;NA
53;10939.6226415094;22813207.5471698;2,2e-05;1273;NA;NA
54;12435.1851851852;19830248.0782669;2,3e-05;1273;NA;NA
48;11135.4166666667;22167442.3758865;2,4e-05;1273;NA;NA
72;10472.2222222222;23958935.8372457;2,5e-05;1273;NA;NA
26;14311.5384615385;9490661.53846154;2,6e-05;1273;NA;NA
44;12927.2727272727;14116448.2029598;2,7e-05;1273;NA;NA
41;11317.0731707317;10065451.2195122;2,8e-05;1273;NA;NA
70;7497.14285714286;26297962.7329193;2,9e-05;1273;NA;NA
39;8725.64102564103;19299325.2361673;3e-05;1273;NA;NA
38;8844.73684210526;19230647.2261735;3,1e-05;1273;NA;NA
43;8404.6511627907;13344263.5658915;3,2e-05;1273;NA;NA
82;7658.53658536585;18126407.7085215;4,1e-05;1273;NA;NA
111;7786.48648648649;21624270.2702703;4,2e-05;1273;NA;NA
118;4608.47457627119;17210354.9181515;4,3e-05;1273;NA;NA
151;2431.7880794702;5937916.11479029;4,4e-05;1273;NA;NA
90;5120;11643640.4494382;4,5e-05;1273;NA;NA
122;4919.67213114754;15829692.4535971;4,6e-05;1273;NA;NA
185;3982.7027027027;9698394.82961222;4,7e-05;1273;NA;NA
213;4621.12676056338;12159598.724422;4,8e-05;1273;NA;NA
157;4776.43312101911;16682453.8624857;4,9e-05;1273;NA;NA
112;4966.96428571429;14520790.7014157;5e-05;1273;NA;NA
138;5139.13043478261;15699333.5449064;5,1e-05;1273;NA;NA
66;4128.78787878788;13538389.2773893;5,2e-05;1273;NA;NA
70;1882.85714285714;2495933.74741201;5,3e-05;1273;NA;NA
51;2456.86274509804;6745701.96078431;5,4e-05;1273;NA;NA
28;5657.14285714286;17004761.9047619;5,5e-05;1273;NA;NA
59;7279.66101694915;20459234.3658679;5,6e-05;1273;NA;NA
17;8088.23529411765;14137352.9411765;5,7e-05;1273;NA;NA
87;5968.96551724138;15984258.2197273;5,8e-05;1273;NA;NA
39;7364.10256410256;12780256.4102564;5,9e-05;1273;NA;NA
69;3246.3768115942;14575758.7382779;6e-05;1273;NA;NA
37;3527.02702702703;11269804.8048048;6,1e-05;1273;NA;NA
118;5820.33898305085;16440437.490946;6,2e-05;1273;NA;NA
55;4216.05454545455;16944787.2747475;6,3e-05;1273;NA;NA
160;5798.46875;14789976.4141116;6,4e-05;1273;NA;NA
90;4183.33333333333;7391123.59550562;6,5e-05;1273;NA;NA
39;4887.17948717949;12679173.414305;6,6e-05;1273;NA;NA
48;5115.625;16120442.1542553;6,7e-05;1273;NA;NA
7;4242.85714285714;11852857.1428571;6,8e-05;1273;NA;NA
111;2557.20720720721;2915629.4021294;6,9e-05;1273;NA;NA
70;3481.42857142857;3910592.13250518;7e-05;1273;NA;NA
40;6385.25;13718702.5;7,1e-05;1273;NA;NA
55;4012.18181818182;12284921.0774411;7,2e-05;1273;NA;NA
51;2771.56862745098;3229025.49019608;7,3e-05;1273;NA;NA
94;3715.74468085106;9615598.90185312;7,4e-05;1273;NA;NA
115;3215.60869565217;3295779.01220442;7,5e-05;1273;NA;NA
131;4304.92366412214;4901126.14797416;7,6e-05;1273;NA;NA
106;2971.83962264151;3323563.48831986;7,7e-05;1273;NA;NA
246;2920.20325203252;3034993.22382612;7,8e-05;1273;NA;NA
205;3903.10243902439;6150182.61200383;7,9e-05;1273;NA;NA
152;3991.61184210526;8407553.17946148;8e-05;1273;NA;NA
249;3916.94779116466;5362022.0980697;8,1e-05;1273;NA;NA
245;3581.42857142857;5514049.18032787;8,2e-05;1273;NA;NA
598;4602.17391304348;3811226.4219649;8,3e-05;1273;NA;NA
255;4776.47058823529;10253198.5178323;8,4e-05;1273;NA;NA
361;3926.85872576177;6789116.42720837;8,5e-05;1273;NA;NA
408;4810.38235294118;4415391.53895072;8,6e-05;1273;NA;NA
311;5122.49839228296;9954556.86370708;8,7e-05;1273;NA;NA
159;5024.21383647799;5677147.32107316;8,8e-05;1273;NA;NA
201;3156.96517412935;4355209.24378109;8,9e-05;1273;NA;NA
277;4439.3357400722;5031063.49194266;9e-05;1273;NA;NA
191;5538.37696335079;6755062.08872968;9,1e-05;1273;NA;NA
61;10005.737704918;12789758.1967213;0;1274;NA;NA
23;11226.0869565217;21278152.173913;1e-06;1274;NA;NA
32;7175;25798225.8064516;2e-06;1274;NA;NA
16;13812.5;43310500;4e-06;1274;NA;NA
9;10927.7777777778;11115694.4444444;5e-06;1274;NA;NA
3;8300;7720000;1,2e-05;1274;NA;NA
12;7541.66666666667;12191742.4242424;1,3e-05;1274;NA;NA
38;9534.21052631579;17523933.14367;1,4e-05;1274;NA;NA
32;8346.875;8534183.46774193;1,5e-05;1274;NA;NA
96;8002.60416666667;9380072.09429825;2,8e-05;1274;NA;NA
107;8157.47663551402;16013434.1385999;2,9e-05;1274;NA;NA
125;7407.6;8999921.61290323;3e-05;1274;NA;NA
177;8667.51412429379;10738782.4216744;3,1e-05;1274;NA;NA
245;7904.08163265306;11275003.7638006;3,2e-05;1274;NA;NA
261;8435.24904214559;16503368.1108164;3,3e-05;1274;NA;NA
134;8554.10447761194;12220077.0115587;3,4e-05;1274;NA;NA
135;8687.77777777778;17016547.2636816;3,5e-05;1274;NA;NA
89;7168.5393258427;16736498.9785495;3,6e-05;1274;NA;NA
93;8961.82795698925;7971706.40486209;3,7e-05;1274;NA;NA
151;8283.44370860927;10134857.3951435;3,8e-05;1274;NA;NA
128;9389.0625;16759406.988189;3,9e-05;1274;NA;NA
145;8194.41379310345;17734695.6609195;4e-05;1274;NA;NA
95;9115.78947368421;10657301.2318029;4,1e-05;1274;NA;NA
170;9111.76470588235;14451103.3762617;4,2e-05;1274;NA;NA
97;10006.1855670103;6028919.67353952;4,3e-05;1274;NA;NA
56;9975;9465545.45454546;4,4e-05;1274;NA;NA
91;9139.56043956044;9935750.91575092;4,5e-05;1274;NA;NA
47;7121.27659574468;18440407.0305273;4,6e-05;1274;NA;NA
56;8121.42857142857;14628259.7402597;4,7e-05;1274;NA;NA
79;7145.56962025316;12554307.0431678;4,8e-05;1274;NA;NA
35;8095.71428571429;17356819.3277311;4,9e-05;1274;NA;NA
121;8772.72727272727;10162500;5e-05;1274;NA;NA
116;9336.20689655172;10014286.3568216;5,1e-05;1274;NA;NA
1;238.98;0;0;1193;NA;NA
1;252.53;0;3e-06;1193;NA;NA
1;246.06;0;1,5e-05;1193;NA;NA
1;240.82;0;1,9e-05;1193;NA;NA
1;248.76;0;2,2e-05;1193;NA;NA
1;227.89;0;2,7e-05;1193;NA;NA
1;231.58;0;3,7e-05;1193;NA;NA
1;242.24;0;3,8e-05;1193;NA;NA
1;241.23;0;3,9e-05;1193;NA;NA
1;237.58;0;4e-05;1193;NA;NA
1;244.64;0;4,5e-05;1193;NA;NA
6;242.95;8.32;4,8e-05;1193;NA;NA
2;238.57;2.42;5,1e-05;1193;NA;NA
1;232.82;0;6,4e-05;1193;NA;NA
19;242.47;6.89;6,5e-05;1193;NA;NA
1;246.3;0;9e-05;1193;NA;NA
1;232.11;0;9,2e-05;1193;NA;NA
4;229.21;4.69;9,3e-05;1193;NA;NA
2;238.37;3.59;0;1196;NA;NA
1;236.25;0;1e-06;1196;NA;NA
1;247.34;0;2,5e-05;1196;NA;NA
2;248.22;9.61;4,8e-05;1196;NA;NA
1;248.05;0;4,9e-05;1196;NA;NA
1;251.22;0;5,7e-05;1196;NA;NA
1;229.19;0;6,8e-05;1196;NA;NA
1;255.62;0;8,4e-05;1196;NA;NA
1;251.41;0;8,6e-05;1196;NA;NA
8;250.86;11.33;8,8e-05;1196;NA;NA
5;259.49;2.73;9,1e-05;1196;NA;NA
1;119.77;0;0;1200;NA;NA
3;116.48;6.84;3e-06;1200;NA;NA
1;115.31;0;1e-05;1200;NA;NA
2;119.58;7.26;4,8e-05;1200;NA;NA
6;113.74;1.81;5,9e-05;1200;NA;NA
1;126.24;0;6,2e-05;1200;NA;NA
4;115.92;2.62;6,4e-05;1200;NA;NA
12;115.71;4.47;6,5e-05;1200;NA;NA
1;120.69;0;6,7e-05;1200;NA;NA
1;117.61;0;8,7e-05;1200;NA;NA
1;79.14;0;0;1202;NA;NA
5;79.34;3.35;3,6e-05;1202;NA;NA
2;81.86;0.21;3,8e-05;1202;NA;NA
2;77.26;0.83;4e-05;1202;NA;NA
1;74.77;0;4,4e-05;1202;NA;NA
4;74.79;1.43;0,000111;1202;NA;NA
2;75.27;1.04;0,000124;1202;NA;NA
4;75.92;5.35;0,000127;1202;NA;NA
4;72.91;2.34;0,000128;1202;NA;NA
1;85.1;0;0,000136;1205;NA;NA
1;79.04;0;0;1205;NA;NA
5;78.99;1.97;2e-06;1205;NA;NA
1;76.25;0;5e-06;1205;NA;NA
8;77.21;1.05;6e-06;1205;NA;NA
3;76.93;3.38;7e-06;1205;NA;NA
1;76.52;0;4e-05;1205;NA;NA
1;77.84;0;4,7e-05;1205;NA;NA
3;78.65;1.75;4,9e-05;1205;NA;NA
1;78.11;0;5e-05;1205;NA;NA
2;80.27;2.86;5,8e-05;1205;NA;NA
6;77.94;1.76;6e-05;1205;NA;NA
1;78.66;0;8,2e-05;1205;NA;NA
10;78.22;1.48;9,5e-05;1205;NA;NA
1;77.87;0;9,6e-05;1205;NA;NA
3;76.6;2.76;9,9e-05;1205;NA;NA
9;77.74;1.47;1e-04;1205;NA;NA
1;79.07;0;0;1208;NA;NA
3;77.29;2.79;1e-06;1208;NA;NA
2;82.06;2.26;2e-06;1208;NA;NA
3;80.95;1.99;3e-06;1208;NA;NA
2;77.98;2.78;6e-06;1208;NA;NA
2;81.11;1.82;1,1e-05;1208;NA;NA
1;78.57;0;1,3e-05;1208;NA;NA
1;78.52;0;1,7e-05;1208;NA;NA
1;78.94;0;2,3e-05;1208;NA;NA
1;80.57;0;4,4e-05;1208;NA;NA
1;78.35;0;5,5e-05;1208;NA;NA
1;129.51;0;0;1211;NA;NA
1;122.12;0;1,2e-05;1211;NA;NA
1;135.71;0;1,3e-05;1211;NA;NA
1;131.64;0;1,8e-05;1211;NA;NA
1;128.42;0;2,3e-05;1211;NA;NA
1;136.41;0;2,7e-05;1211;NA;NA
1;131.13;0;3,7e-05;1211;NA;NA
1;129.37;0;3,9e-05;1211;NA;NA
1;130.62;0;4e-05;1211;NA;NA
1;136.19;0;4,2e-05;1211;NA;NA
1;130.25;0;4,3e-05;1211;NA;NA
1;142.05;0;4,6e-05;1211;NA;NA
3;131.46;2.9;4,7e-05;1211;NA;NA
1;132.14;0;4,8e-05;1211;NA;NA
1;130.78;0;4,9e-05;1211;NA;NA
1;123.64;0;5e-05;1211;NA;NA
2;132.87;5.1;5,1e-05;1211;NA;NA
1;126.31;0;5,4e-05;1211;NA;NA
1;131.41;0;5,5e-05;1211;NA;NA
1;125.22;0;5,6e-05;1211;NA;NA
1;136.62;0;5,7e-05;1211;NA;NA
2;129.79;2;6e-05;1211;NA;NA
1;131.72;0;6,1e-05;1211;NA;NA
1;125.19;0;6,2e-05;1211;NA;NA
1;136.09;0;6,4e-05;1211;NA;NA
1;137.69;0;7,3e-05;1211;NA;NA
2;36.97;0.9;0;1214;NA;NA
1;36.96;0;4e-06;1214;NA;NA
1;37.47;0;5e-06;1214;NA;NA
1;36.77;0;6e-06;1214;NA;NA
1;39.27;0;7e-06;1214;NA;NA
6;38.34;0.86;8e-06;1214;NA;NA
1;42.25;0;9e-06;1214;NA;NA
2;42.01;2.64;1e-05;1214;NA;NA
1;36.49;0;1,2e-05;1214;NA;NA
1;40.21;0;1,4e-05;1214;NA;NA
2;39.62;0.23;1,6e-05;1214;NA;NA
3;40.1;0.67;1,8e-05;1214;NA;NA
1;38.22;0;2,6e-05;1214;NA;NA
2;40.15;1;2,8e-05;1214;NA;NA
1;38.92;0;4e-05;1214;NA;NA
1;38.02;0;4,7e-05;1214;NA;NA
1;35.2;0;5,3e-05;1214;NA;NA
1;38.64;0;5,4e-05;1214;NA;NA
7;39.41;0.96;5,6e-05;1214;NA;NA
2;40.18;0.65;5,8e-05;1214;NA;NA
1;40.91;0;5,9e-05;1214;NA;NA
1;39.87;0;6,1e-05;1214;NA;NA
2;38.64;0.16;6,3e-05;1214;NA;NA
2;40.4;1.77;6,4e-05;1214;NA;NA
2;42.32;0.29;6,5e-05;1214;NA;NA
1;39.82;0;6,8e-05;1214;NA;NA
2;40.74;0.86;7,3e-05;1214;NA;NA
1;40.3;0;7,4e-05;1214;NA;NA
1;42.21;0;7,8e-05;1214;NA;NA
4;38.73;1.55;8e-05;1214;NA;NA
2;38.95;0.87;8,1e-05;1214;NA;NA
1;40.54;0;8,7e-05;1214;NA;NA
1;36.2;0;0,000102;1214;NA;NA
1;38.97;0;0,000103;1214;NA;NA
1;43.84;0;0;1217;NA;NA
1;43.6;0;2e-06;1217;NA;NA
3;44.33;2.99;8e-06;1217;NA;NA
1;43.02;0;1,9e-05;1217;NA;NA
1;44.07;0;3,5e-05;1217;NA;NA
1;43.52;0;3,8e-05;1217;NA;NA
2;46.49;1.17;4,6e-05;1217;NA;NA
1;43.28;0;4,7e-05;1217;NA;NA
1;43.81;0;9,1e-05;1217;NA;NA
1;45.4;0;0,000101;1217;NA;NA
1;36.19;0;0;1220;NA;NA
1;34.97;0;1e-06;1220;NA;NA
2;36.54;0.04;2e-06;1220;NA;NA
2;35.44;0.59;3e-06;1220;NA;NA
1;35.08;0;6e-06;1220;NA;NA
1;36.7;0;7e-06;1220;NA;NA
5;36.3;0.82;9e-06;1220;NA;NA
1;37.1;0;1e-05;1220;NA;NA
1;37.31;0;1,2e-05;1220;NA;NA
1;36.5;0;1,8e-05;1220;NA;NA
1;33.9;0;1,9e-05;1220;NA;NA
1;35.07;0;2e-05;1220;NA;NA
1;37;0;2,1e-05;1220;NA;NA
1;35.46;0;2,5e-05;1220;NA;NA
1;35.19;0;2,6e-05;1220;NA;NA
1;35.41;0;2,8e-05;1220;NA;NA
2;35.74;1.18;2,9e-05;1220;NA;NA
1;38.32;0;3e-05;1220;NA;NA
1;36.63;0;3,2e-05;1220;NA;NA
1;38.74;0;4,1e-05;1220;NA;NA
4;36.06;0.79;4,2e-05;1220;NA;NA
1;36.24;0;4,3e-05;1220;NA;NA
1;35.59;0;4,5e-05;1220;NA;NA
2;34.5;0.66;4,7e-05;1220;NA;NA
1;38.33;0;4,8e-05;1220;NA;NA
2;37.62;3.73;5,3e-05;1220;NA;NA
1;35.64;0;5,6e-05;1220;NA;NA
2;39.03;2.55;6,4e-05;1220;NA;NA
1;37.12;0;6,5e-05;1220;NA;NA
1;36.5;0;6,6e-05;1220;NA;NA
1;36.63;0;6,9e-05;1220;NA;NA
1;37.52;0;8,1e-05;1220;NA;NA
1;45.24;0;0;1223;NA;NA
1;46.5;0;1e-06;1223;NA;NA
1;48.31;0;1,9e-05;1223;NA;NA
1;43.7;0;2,1e-05;1223;NA;NA
1;43.83;0;2,3e-05;1223;NA;NA
12;44.83;1.71;2,4e-05;1223;NA;NA
5;42.43;3.51;2,5e-05;1223;NA;NA
11;45.14;1.34;2,6e-05;1223;NA;NA
2;42.92;0.78;2,7e-05;1223;NA;NA
2;42.91;2.32;2,9e-05;1223;NA;NA
2;47.12;3.01;3,1e-05;1223;NA;NA
7;46.26;0.84;3,2e-05;1223;NA;NA
2;41.4;5.03;3,3e-05;1223;NA;NA
1;45.45;0;3,4e-05;1223;NA;NA
4;46.03;0.98;4,1e-05;1223;NA;NA
2;44.89;2.14;4,3e-05;1223;NA;NA
2;44.87;0.76;4,4e-05;1223;NA;NA
2;43.72;4.43;4,9e-05;1223;NA;NA
1;46.58;0;5,2e-05;1223;NA;NA
5;41.47;0.88;5,7e-05;1223;NA;NA
1;44.23;0;6,1e-05;1223;NA;NA
1;44.6;0;6,3e-05;1223;NA;NA
1;46.39;0;6,8e-05;1223;NA;NA
2;46.43;5.08;7,1e-05;1223;NA;NA
6;45.14;1.73;7,2e-05;1223;NA;NA
5;45.18;2.08;7,3e-05;1223;NA;NA
4;46.73;1.19;7,4e-05;1223;NA;NA
4;46.05;2.98;7,5e-05;1223;NA;NA
16;45.98;1.74;7,6e-05;1223;NA;NA
2;45.54;2.45;7,7e-05;1223;NA;NA
3;47.6;1.18;7,8e-05;1223;NA;NA
3;46.8;1.53;7,9e-05;1223;NA;NA
4;45;3.89;8e-05;1223;NA;NA
5;47.63;1.26;8,1e-05;1223;NA;NA
5;46.34;2.24;8,2e-05;1223;NA;NA
1;44.45;0;8,3e-05;1223;NA;NA
7;45.87;2.04;8,6e-05;1223;NA;NA
3;47.17;0.6;8,7e-05;1223;NA;NA
8;48.1;2.07;8,9e-05;1223;NA;NA
1;48.69;0;9e-05;1223;NA;NA
8;44.63;2.27;9,6e-05;1223;NA;NA
2;44.05;1.94;0,000112;1223;NA;NA
3;44.01;1.17;0,000113;1223;NA;NA
2;41.93;0.11;0,000118;1223;NA;NA
4;42.13;1.73;0,000119;1223;NA;NA
1;50.64;0;0;1226;NA;NA
1;49.36;0;5e-06;1226;NA;NA
1;48.91;0;1,1e-05;1226;NA;NA
1;50.62;0;1,4e-05;1226;NA;NA
1;46.87;0;1,7e-05;1226;NA;NA
1;48.34;0;1,8e-05;1226;NA;NA
8;49.23;1.97;2,2e-05;1226;NA;NA
1;49.74;0;2,3e-05;1226;NA;NA
1;49.45;0;2,5e-05;1226;NA;NA
1;47.53;0;3,5e-05;1226;NA;NA
17;49.54;1.12;4,6e-05;1226;NA;NA
5;49.29;0.93;4,7e-05;1226;NA;NA
10;48.23;1.28;4,8e-05;1226;NA;NA
1;47.92;0;5,2e-05;1226;NA;NA
2;49.19;2.52;5,8e-05;1226;NA;NA
3;50.3;2.32;6,1e-05;1226;NA;NA
1;51.18;0;6,3e-05;1226;NA;NA
1;51.12;0;6,8e-05;1226;NA;NA
2;50.9;0.45;7,1e-05;1226;NA;NA
1;51.22;0;7,3e-05;1226;NA;NA
1;53.07;0;7,4e-05;1226;NA;NA
5;50.34;2.02;7,7e-05;1226;NA;NA
2;50.28;1.26;7,8e-05;1226;NA;NA
1;50.45;0;7,9e-05;1226;NA;NA
2;49.3;1.23;8e-05;1226;NA;NA
1;51.84;0;8,1e-05;1226;NA;NA
1;47.85;0;8,2e-05;1226;NA;NA
3;51.56;0.36;8,5e-05;1226;NA;NA
1;51.34;0;9,3e-05;1226;NA;NA
1;52.48;0;9,4e-05;1226;NA;NA
8;41.44;1.89;0;1229;NA;NA
12;42.17;1.67;1e-06;1229;NA;NA
2;41.01;1.64;2e-06;1229;NA;NA
1;43.09;0;1,4e-05;1229;NA;NA
1;44.77;0;1,5e-05;1229;NA;NA
9;44.05;1.87;1,6e-05;1229;NA;NA
4;43.36;1.98;1,7e-05;1229;NA;NA
3;42.24;2.51;2,9e-05;1229;NA;NA
4;43.38;2.16;3e-05;1229;NA;NA
3;41.48;2.79;4,1e-05;1229;NA;NA
1;43.11;0;5,2e-05;1229;NA;NA
1;38.72;0;7,2e-05;1229;NA;NA
1;40.61;0;9,2e-05;1229;NA;NA
3;35.77;1.15;0;1232;NA;NA
2;35.29;1.05;2e-06;1232;NA;NA
9;37.23;1.46;3e-06;1232;NA;NA
7;35.61;0.94;4e-06;1232;NA;NA
1;35.93;0;8e-06;1232;NA;NA
2;31.89;2.51;2,5e-05;1232;NA;NA
3;37.97;0.85;2,6e-05;1232;NA;NA
2;36.54;0.42;3e-05;1232;NA;NA
3;35.46;0.33;4,3e-05;1232;NA;NA
5;37.29;1.02;4,4e-05;1232;NA;NA
2;37.5;1.51;4,5e-05;1232;NA;NA
1;34.85;0;4,8e-05;1232;NA;NA
1;36.08;0;8e-05;1232;NA;NA
1;42.31;0;0;1235;NA;NA
4;40.41;0.83;1e-06;1235;NA;NA
2;42.2;0.86;2e-06;1235;NA;NA
1;41.8;0;3e-06;1235;NA;NA
1;40.68;0;5e-06;1235;NA;NA
3;42.1;0.12;6e-06;1235;NA;NA
1;40.63;0;8e-06;1235;NA;NA
2;41.86;0.74;9e-06;1235;NA;NA
1;39.06;0;1,2e-05;1235;NA;NA
1;39.29;0;2,5e-05;1235;NA;NA
1;41.87;0;5,1e-05;1235;NA;NA
2;35.51;1.02;8,6e-05;1235;NA;NA
1;48.65;0;0;1238;NA;NA
1;48.2;0;1e-06;1238;NA;NA
1;46.52;0;5e-06;1238;NA;NA
2;47.9;0.4;6e-06;1238;NA;NA
2;46.82;0.42;8e-06;1238;NA;NA
2;47.39;2.39;9e-06;1238;NA;NA
2;46.09;0.2;1,2e-05;1238;NA;NA
1;47.65;0;1,3e-05;1238;NA;NA
3;47.77;0.34;1,4e-05;1238;NA;NA
2;48.28;0.41;1,5e-05;1238;NA;NA
1;49.55;0;1,6e-05;1238;NA;NA
2;48.91;4.16;2e-05;1238;NA;NA
1;47.65;0;2,3e-05;1238;NA;NA
3;48.89;1.06;2,5e-05;1238;NA;NA
4;49.05;1.66;2,7e-05;1238;NA;NA
8;50.44;3.25;2,8e-05;1238;NA;NA
3;47.49;1.4;3e-05;1238;NA;NA
1;48.02;0;3,1e-05;1238;NA;NA
2;46.85;0.3;3,4e-05;1238;NA;NA
1;47.12;0;3,6e-05;1238;NA;NA
1;47.57;0;3,7e-05;1238;NA;NA
1;49.26;0;3,9e-05;1238;NA;NA
2;46.98;0.23;4e-05;1238;NA;NA
2;46.56;0.45;4,1e-05;1238;NA;NA
1;49.96;0;4,3e-05;1238;NA;NA
2;50.98;1.23;4,4e-05;1238;NA;NA
3;49.03;0.8;4,5e-05;1238;NA;NA
2;50.23;0.47;4,7e-05;1238;NA;NA
2;49.67;0.02;4,8e-05;1238;NA;NA
3;47.82;1.22;4,9e-05;1238;NA;NA
3;50.23;1.89;5e-05;1238;NA;NA
7;49.18;1.71;5,1e-05;1238;NA;NA
1;50.48;0;5,2e-05;1238;NA;NA
1;51.09;0;5,3e-05;1238;NA;NA
2;49.3;0.72;5,4e-05;1238;NA;NA
2;49.78;0.93;5,5e-05;1238;NA;NA
2;49.66;1.27;5,6e-05;1238;NA;NA
1;48.58;0;5,7e-05;1238;NA;NA
1;50.7;0;6,2e-05;1238;NA;NA
1;49.3;0;6,3e-05;1238;NA;NA
3;45.16;1.24;6,4e-05;1238;NA;NA
2;49.44;2.22;6,6e-05;1238;NA;NA
3;51.25;0.96;6,7e-05;1238;NA;NA
1;45.48;0;7,5e-05;1238;NA;NA
1;51.79;0;7,7e-05;1238;NA;NA
2;45.99;5.04;0;1251;NA;NA
6;46.02;1.55;1e-06;1251;NA;NA
8;47.71;2.51;2e-06;1251;NA;NA
4;49.16;2.81;3e-06;1251;NA;NA
1;47.23;0;7e-06;1251;NA;NA
1;46.76;0;1,1e-05;1251;NA;NA
2;46.14;0.74;1,4e-05;1251;NA;NA
1;45.08;0;2,1e-05;1251;NA;NA
3;44.55;2.41;2,3e-05;1251;NA;NA
1;50.21;0;2,4e-05;1251;NA;NA
2;47.5;2.64;2,5e-05;1251;NA;NA
1;41.31;0;2,7e-05;1251;NA;NA
1;48.91;0;2,8e-05;1251;NA;NA
3;49.04;2.77;4,2e-05;1251;NA;NA
1;50.38;0;4,3e-05;1251;NA;NA
3;45.34;2.56;4,4e-05;1251;NA;NA
2;46.43;2.04;4,5e-05;1251;NA;NA
1;51.05;0;6,4e-05;1251;NA;NA
2;48.9;2.6;6,5e-05;1251;NA;NA
1;34.68;0;0;1254;NA;NA
1;38.7;0;1,4e-05;1254;NA;NA
1;37.86;0;1,8e-05;1254;NA;NA
2;39.61;0.78;1,9e-05;1254;NA;NA
1;38.57;0;2,5e-05;1254;NA;NA
1;36.11;0;5,7e-05;1254;NA;NA
1;36.15;0;0;1257;NA;NA
1;32.73;0;2e-06;1257;NA;NA
1;40.75;0;4e-06;1257;NA;NA
10;37.34;1.97;5e-06;1257;NA;NA
15;35.88;1.77;6e-06;1257;NA;NA
17;36.18;1.38;7e-06;1257;NA;NA
5;35.86;2.09;8e-06;1257;NA;NA
9;34.52;1.36;9e-06;1257;NA;NA
17;35.35;2.34;1e-05;1257;NA;NA
19;35.26;1.81;1,1e-05;1257;NA;NA
15;36.05;1.78;1,2e-05;1257;NA;NA
12;36.05;1.49;1,5e-05;1257;NA;NA
5;36.89;0.83;1,6e-05;1257;NA;NA
3;33.88;2.18;1,8e-05;1257;NA;NA
8;36.46;2.02;1,9e-05;1257;NA;NA
8;35.63;1.51;2e-05;1257;NA;NA
6;35.5;2.44;2,1e-05;1257;NA;NA
1;35.76;0;2,5e-05;1257;NA;NA
1;35.24;0;2,9e-05;1257;NA;NA
1;38.91;0;3,1e-05;1257;NA;NA
1;40.75;0;3,2e-05;1257;NA;NA
1;35.76;0;3,3e-05;1257;NA;NA
1;38.25;0;3,4e-05;1257;NA;NA
2;38.61;0.54;3,6e-05;1257;NA;NA
1;39.12;0;3,7e-05;1257;NA;NA
2;40.87;0.48;3,8e-05;1257;NA;NA
1;41.1;0;3,9e-05;1257;NA;NA
1;40.28;0;4,1e-05;1257;NA;NA
1;38.69;0;4,2e-05;1257;NA;NA
2;38.62;2.91;4,5e-05;1257;NA;NA
1;38.98;0;4,6e-05;1257;NA;NA
1;42.9;0;4,7e-05;1257;NA;NA
1;37.44;0;4,8e-05;1257;NA;NA
1;41.03;0;5,3e-05;1257;NA;NA
1;38.31;0;5,7e-05;1257;NA;NA
1;41.51;0;5,9e-05;1257;NA;NA
1;37.41;0;6,2e-05;1257;NA;NA
1;42.54;0;0;1260;NA;NA
1;45.33;0;1,6e-05;1260;NA;NA
1;44.58;0;1,8e-05;1260;NA;NA
1;42.13;0;2,2e-05;1260;NA;NA
1;45.63;0;2,3e-05;1260;NA;NA
3;44.17;0.36;2,4e-05;1260;NA;NA
1;45.91;0;2,5e-05;1260;NA;NA
6;43.85;1.51;2,6e-05;1260;NA;NA
2;46.5;2.8;2,7e-05;1260;NA;NA
3;44.07;1.65;2,8e-05;1260;NA;NA
2;42.97;2.16;2,9e-05;1260;NA;NA
5;43.55;2.34;3e-05;1260;NA;NA
1;43.17;0;3,1e-05;1260;NA;NA
1;45.09;0;3,2e-05;1260;NA;NA
1;46.15;0;3,5e-05;1260;NA;NA
2;44.04;3.61;3,7e-05;1260;NA;NA
1;40.21;0;3,8e-05;1260;NA;NA
1;42.67;0;5,1e-05;1260;NA;NA
1;44.11;0;5,3e-05;1260;NA;NA
1;44.26;0;5,4e-05;1260;NA;NA
1;44.36;0;5,7e-05;1260;NA;NA
1;46.94;0;6,2e-05;1260;NA;NA
3;43.72;3.36;6,6e-05;1260;NA;NA
1;42.98;0;7e-05;1260;NA;NA
1;43.35;0;7,1e-05;1260;NA;NA
1;43.04;0;7,2e-05;1260;NA;NA
1;41.74;0;8,9e-05;1260;NA;NA
1;64.17;0;0;1263;NA;NA
1;67.92;0;1e-06;1263;NA;NA
1;65.28;0;6e-06;1263;NA;NA
1;67.42;0;7e-06;1263;NA;NA
1;69.73;0;1,1e-05;1263;NA;NA
1;67.87;0;1,2e-05;1263;NA;NA
1;70.66;0;1,5e-05;1263;NA;NA
3;68.97;4.28;1,8e-05;1263;NA;NA
2;69.41;0.53;1,9e-05;1263;NA;NA
1;60.13;0;2e-05;1263;NA;NA
2;62.29;8.25;2,2e-05;1263;NA;NA
1;71.47;0;2,3e-05;1263;NA;NA
8;68.55;3.47;2,4e-05;1263;NA;NA
2;67.86;2.88;2,5e-05;1263;NA;NA
1;58.31;0;2,6e-05;1263;NA;NA
1;67.11;0;2,9e-05;1263;NA;NA
2;61.32;1.55;3,1e-05;1263;NA;NA
15;65.19;2.8;3,2e-05;1263;NA;NA
27;65.69;4.01;3,3e-05;1263;NA;NA
10;67.09;2.87;3,4e-05;1263;NA;NA
4;67.72;2.86;3,5e-05;1263;NA;NA
2;66.66;3.1;3,6e-05;1263;NA;NA
5;70.88;1.71;3,7e-05;1263;NA;NA
2;69.32;2;3,8e-05;1263;NA;NA
1;65.42;0;3,9e-05;1263;NA;NA
1;67.38;0;4e-05;1263;NA;NA
1;68.36;0;4,1e-05;1263;NA;NA
1;62.07;0;4,2e-05;1263;NA;NA
2;65.71;6.31;4,3e-05;1263;NA;NA
1;67.1;0;4,4e-05;1263;NA;NA
3;64.87;1.36;4,5e-05;1263;NA;NA
5;66.55;3.21;4,6e-05;1263;NA;NA
2;67.94;3.51;4,7e-05;1263;NA;NA
6;64.8;3.85;4,8e-05;1263;NA;NA
1;65.92;0;4,9e-05;1263;NA;NA
1;61.97;0;5e-05;1263;NA;NA
3;69.33;1.8;5,1e-05;1263;NA;NA
1;68.77;0;5,2e-05;1263;NA;NA
7;67.67;2.76;5,3e-05;1263;NA;NA
1;61.23;0;5,4e-05;1263;NA;NA
4;65.11;0.41;5,5e-05;1263;NA;NA
3;64.02;3.94;5,6e-05;1263;NA;NA
2;62.14;3.34;5,7e-05;1263;NA;NA
3;66.32;2.75;5,8e-05;1263;NA;NA
3;63.72;3.09;5,9e-05;1263;NA;NA
1;65.56;0;6e-05;1263;NA;NA
1;70.45;0;6,1e-05;1263;NA;NA
1;71.51;0;6,3e-05;1263;NA;NA
1;64.86;0;6,4e-05;1263;NA;NA
2;68.85;2.37;6,6e-05;1263;NA;NA
2;67.34;3.66;6,7e-05;1263;NA;NA
1;67.43;0;6,8e-05;1263;NA;NA
1;69.61;0;8,5e-05;1263;NA;NA
1;71.1;0;8,9e-05;1263;NA;NA
7;69.84;2.5;0;1266;NA;NA
6;61.94;4.8;1e-06;1266;NA;NA
3;61.46;1.9;2e-06;1266;NA;NA
1;70.56;0;4e-06;1266;NA;NA
1;60.76;0;7e-06;1266;NA;NA
1;74.02;0;8e-06;1266;NA;NA
1;64.8;0;9e-06;1266;NA;NA
1;68.48;0;3,5e-05;1266;NA;NA
1;68.12;0;5,3e-05;1266;NA;NA
1;71.93;0;5,4e-05;1266;NA;NA
11;73.21;2.25;5,5e-05;1266;NA;NA
10;73.79;2.37;5,6e-05;1266;NA;NA
1;75.55;0;5,8e-05;1266;NA;NA
5;66.03;2.01;6,4e-05;1266;NA;NA
1;71.16;0;8,8e-05;1266;NA;NA
2;71.02;2.09;8,9e-05;1266;NA;NA
1;74.25;0;9e-05;1266;NA;NA
2;69.49;3.13;9,3e-05;1266;NA;NA
2;72.01;3.31;9,4e-05;1266;NA;NA
1;107.51;0;0;1269;NA;NA
1;109.88;0;4e-06;1269;NA;NA
2;112.23;3.34;6e-06;1269;NA;NA
1;114.35;0;1,4e-05;1269;NA;NA
5;110.08;3.41;1,5e-05;1269;NA;NA
4;110.06;3.32;1,6e-05;1269;NA;NA
1;117.66;0;1,9e-05;1269;NA;NA
1;114.91;0;2,2e-05;1269;NA;NA
5;107.99;3.07;2,3e-05;1269;NA;NA
9;108.95;3.43;2,4e-05;1269;NA;NA
7;111.3;2.78;2,5e-05;1269;NA;NA
1;59.67;0;0;1270;NA;NA
1;59.01;0;6e-06;1270;NA;NA
1;50.74;0;7e-06;1270;NA;NA
3;52.43;3.91;8e-06;1270;NA;NA
3;55.99;2.15;9e-06;1270;NA;NA
2;55.74;4.07;1,1e-05;1270;NA;NA
16;55.77;1.79;1,3e-05;1270;NA;NA
3;57.27;1.55;3,3e-05;1270;NA;NA
3;55.36;4.22;3,4e-05;1270;NA;NA
2;56.94;0.11;3,8e-05;1270;NA;NA
1;58.51;0;4e-05;1270;NA;NA
2;56.45;3.37;4,2e-05;1270;NA;NA
1;57.63;0;4,3e-05;1270;NA;NA
1;50.41;0;4,5e-05;1270;NA;NA
2;58.58;0.95;5,1e-05;1270;NA;NA
1;58.64;0;5,2e-05;1270;NA;NA
1;58.36;0;5,5e-05;1270;NA;NA
1;54.27;0;5,9e-05;1270;NA;NA
1;326.54;0;0;1242;NA;NA
1;346.48;0;4e-06;1242;NA;NA
1;318.42;0;8e-06;1242;NA;NA
1;343.34;0;9e-06;1242;NA;NA
1;312.66;0;1e-05;1242;NA;NA
1;358.26;0;1,4e-05;1242;NA;NA
1;321.48;0;1,7e-05;1242;NA;NA
2;328.98;2.55;1,8e-05;1242;NA;NA
4;344.02;16.68;1,9e-05;1242;NA;NA
1;360.96;0;2,1e-05;1242;NA;NA
2;325.83;11.53;2,2e-05;1242;NA;NA
1;358.32;0;2,3e-05;1242;NA;NA
1;308.82;0;2,4e-05;1242;NA;NA
4;353.67;20.03;2,8e-05;1242;NA;NA
1;336.18;0;2,9e-05;1242;NA;NA
1;335.8;0;3e-05;1242;NA;NA
1;383.24;0;4e-05;1242;NA;NA
1;294.52;0;4,1e-05;1242;NA;NA
2;340.37;4.6;5,4e-05;1242;NA;NA
2;315.51;21.99;5,5e-05;1242;NA;NA
1;308.98;0;5,6e-05;1242;NA;NA
2;356.44;15.9;5,7e-05;1242;NA;NA
2;319.38;2.01;5,8e-05;1242;NA;NA
1;350.9;0;6,5e-05;1242;NA;NA
1;345.08;0;6,6e-05;1242;NA;NA
1;332.28;0;6,8e-05;1242;NA;NA
1;317.74;0;7e-05;1242;NA;NA
2;336.43;37.24;7,1e-05;1242;NA;NA
1;349.28;0;7,2e-05;1242;NA;NA
5;350.99;7.63;7,3e-05;1242;NA;NA
1;317.52;0;7,4e-05;1242;NA;NA
1;344.56;0;7,5e-05;1242;NA;NA
1;329;0;7,6e-05;1242;NA;NA
3;115.2;3.83;0;1246;NA;NA
1;113.34;0;3e-06;1246;NA;NA
1;117.52;0;2e-05;1246;NA;NA
6;112.08;2.57;2,1e-05;1246;NA;NA
4;112.53;2.04;2,2e-05;1246;NA;NA
1;112.91;0;2,5e-05;1246;NA;NA
2;113.93;2.31;2,6e-05;1246;NA;NA
1;114.75;0;2,7e-05;1246;NA;NA
6;115.05;2.08;4,8e-05;1246;NA;NA
1;118.34;0;6,3e-05;1246;NA;NA
1;112.74;0;6,8e-05;1246;NA;NA
1;113.63;0;6,9e-05;1246;NA;NA
5;111.51;2.67;7,5e-05;1246;NA;NA
2;139.96;4.35;0;1248;NA;NA
2;140.27;3.68;2e-06;1248;NA;NA
2;138.47;3.63;1,5e-05;1248;NA;NA
2;139.95;1.56;1,6e-05;1248;NA;NA
4;140.3;4.63;1,7e-05;1248;NA;NA
2;139.28;0.05;1,9e-05;1248;NA;NA
1;133.24;0;2,2e-05;1248;NA;NA
1;142.34;0;2,3e-05;1248;NA;NA
1;138.71;0;2,8e-05;1248;NA;NA
1;131.81;0;3,7e-05;1248;NA;NA
1;134.74;0;3,8e-05;1248;NA;NA
2;135.46;3.17;3,9e-05;1248;NA;NA
1;140.26;0;4,8e-05;1248;NA;NA
1;135.97;0;5,1e-05;1248;NA;NA
1;125.23;0;5,2e-05;1248;NA;NA
1;141.12;0;5,4e-05;1248;NA;NA
1;130.53;0;5,7e-05;1248;NA;NA
1;137.15;0;6,9e-05;1248;NA;NA
1;142.6;0;0;1240;NA;NA
2;151.77;1.29;3e-06;1240;NA;NA
1;148.45;0;5e-06;1240;NA;NA
1;147.67;0;7e-06;1240;NA;NA
1;138.24;0;1,1e-05;1240;NA;NA
3;146.27;9.08;1,2e-05;1240;NA;NA
5;142.76;2.76;1,3e-05;1240;NA;NA
3;141.52;3.04;1,4e-05;1240;NA;NA
1;141.99;0;1,7e-05;1240;NA;NA
2;145.65;2.89;2,1e-05;1240;NA;NA
1;146.11;0;2,6e-05;1240;NA;NA
1;141.61;0;3,4e-05;1240;NA;NA
1;144.48;0;3,5e-05;1240;NA;NA
2;137.6;9.81;3,7e-05;1240;NA;NA
1;145.46;0;4e-05;1240;NA;NA
1;136.42;0;4,6e-05;1240;NA;NA
1;148.71;0;4,8e-05;1240;NA;NA
1;149.06;0;4,9e-05;1240;NA;NA
1;146.48;0;5e-05;1240;NA;NA
1;147.11;0;5,1e-05;1240;NA;NA
1;138.44;0;5,2e-05;1240;NA;NA
1;144.83;0;5,3e-05;1240;NA;NA
2;144.41;3.1;6,7e-05;1240;NA;NA
1;141.94;0;0;1244;NA;NA
1;144.3;0;2,7e-05;1244;NA;NA
1;148.09;0;4,3e-05;1244;NA;NA
1;140.59;0;4,9e-05;1244;NA;NA
6;140.02;6.3;5e-05;1244;NA;NA
1;139.74;0;5,1e-05;1244;NA;NA
4;143.45;2.44;5,2e-05;1244;NA;NA
3;141.88;4.06;5,3e-05;1244;NA;NA
1;135.26;0;5,4e-05;1244;NA;NA
1;128.48;0;5,7e-05;1244;NA;NA
1;137.26;0;6e-05;1244;NA;NA
1;138.54;0;7e-05;1244;NA;NA
2;158.1;7.34;0;1378;NA;NA
1;166.48;0;1,1e-05;1378;NA;NA
1;161.92;0;1,2e-05;1378;NA;NA
5;167.91;5.93;1,8e-05;1378;NA;NA
4;162.1;2.8;2,1e-05;1378;NA;NA
1;169.62;0;2,2e-05;1378;NA;NA
2;167.78;0.53;2,7e-05;1378;NA;NA
3;162.01;3.16;2,8e-05;1378;NA;NA
2;174.23;1.48;4,1e-05;1378;NA;NA
1;189.76;0;4,2e-05;1378;NA;NA
1;162.85;0;4,5e-05;1378;NA;NA
1;163.48;0;6,4e-05;1378;NA;NA
1;183.81;0;6,5e-05;1378;NA;NA
1;157.52;0;9,3e-05;1378;NA;NA
1;229.42;0;0;1379;NA;NA
1;223.82;0;1e-05;1379;NA;NA
2;231.11;1.92;1,3e-05;1379;NA;NA
1;235.81;0;3,6e-05;1379;NA;NA
3;230.39;9.88;4,2e-05;1379;NA;NA
3;231.86;4.62;4,3e-05;1379;NA;NA
3;220.48;9.83;4,4e-05;1379;NA;NA
1;228.21;0;4,5e-05;1379;NA;NA
7;225.05;7.39;4,6e-05;1379;NA;NA
3;231.58;4.93;4,8e-05;1379;NA;NA
1;148.17;0;0;1380;NA;NA
1;151.78;0;1e-06;1380;NA;NA
1;156.12;0;4e-06;1380;NA;NA
1;133.19;0;1,3e-05;1380;NA;NA
1;143.01;0;1,4e-05;1380;NA;NA
1;137.92;0;2,9e-05;1380;NA;NA
2;146.95;1.22;3,3e-05;1380;NA;NA
1;150.51;0;3,4e-05;1380;NA;NA
2;149.23;0.31;3,9e-05;1380;NA;NA
1;147.21;0;4,2e-05;1380;NA;NA
2;143.08;0.74;4,4e-05;1380;NA;NA
1;152.84;0;4,5e-05;1380;NA;NA
2;148.5;2.35;4,6e-05;1380;NA;NA
1;151.03;0;4,7e-05;1380;NA;NA
3;145.58;2.7;4,8e-05;1380;NA;NA
1;150.16;0;4,9e-05;1380;NA;NA
1;146.24;0;5e-05;1380;NA;NA
1;146.48;0;5,1e-05;1380;NA;NA
1;146.07;0;5,2e-05;1380;NA;NA
2;135.79;5.92;5,5e-05;1380;NA;NA
1;145.45;0;5,7e-05;1380;NA;NA
1;145.14;0;6,7e-05;1380;NA;NA
2;152.09;3.59;7,1e-05;1380;NA;NA
1;144.02;0;7,4e-05;1380;NA;NA
1;142.51;0;8,6e-05;1380;NA;NA
1;120.79;0;0;1381;NA;NA
1;123.15;0;2e-06;1381;NA;NA
1;124.72;0;3e-06;1381;NA;NA
1;120.12;0;1e-05;1381;NA;NA
4;120.95;2.93;4,8e-05;1381;NA;NA
1;122.14;0;4,9e-05;1381;NA;NA
3;118.71;3.03;5,8e-05;1381;NA;NA
6;121.84;2.57;5,9e-05;1381;NA;NA
1;119.7;0;6e-05;1381;NA;NA
2;121.7;4.31;6,2e-05;1381;NA;NA
9;120;2.75;6,4e-05;1381;NA;NA
6;119.47;3.43;6,5e-05;1381;NA;NA
6;73.39;1.21;0,000107;1382;NA;NA
2;72.11;0.34;0;1382;NA;NA
1;72.07;0;4e-06;1382;NA;NA
1;74.35;0;5e-06;1382;NA;NA
10;72.67;0.84;7,2e-05;1382;NA;NA
46;72.25;1.15;7,3e-05;1382;NA;NA
20;72.82;1.33;7,4e-05;1382;NA;NA
1;77.51;0;0;1383;NA;NA
1;77.81;0;2e-06;1383;NA;NA
1;82.19;0;2,3e-05;1383;NA;NA
1;76.51;0;2,6e-05;1383;NA;NA
1;78.71;0;4,4e-05;1383;NA;NA
1;77.47;0;4,5e-05;1383;NA;NA
1;78.64;0;4,8e-05;1383;NA;NA
1;74.71;0;5,3e-05;1383;NA;NA
1;79.19;0;5,4e-05;1383;NA;NA
2;76.13;1.73;5,6e-05;1383;NA;NA
1;79.52;0;7,1e-05;1383;NA;NA
1;84.08;0;7,6e-05;1383;NA;NA
1;77.51;0;8e-05;1383;NA;NA
1;77.77;0;8,4e-05;1383;NA;NA
1;78.84;0;8,5e-05;1383;NA;NA
2;76.15;3.53;8,6e-05;1383;NA;NA
1;77.59;0;9,4e-05;1383;NA;NA
1;81.05;0;0,000103;1383;NA;NA
1;76.02;0;0,000106;1383;NA;NA
1;79.07;0;0,000117;1383;NA;NA
1;77.44;0;0,000118;1383;NA;NA
1;74.39;0;0,00012;1383;NA;NA
1;77.88;0;0,000122;1383;NA;NA
1;75.22;0;0;1384;NA;NA
1;74.86;0;2,2e-05;1384;NA;NA
1;81.2;0;2,9e-05;1384;NA;NA
11;79.23;2.89;3,4e-05;1384;NA;NA
13;78.35;1.94;3,5e-05;1384;NA;NA
2;77.73;1.6;3,6e-05;1384;NA;NA
3;77.45;1.13;3,7e-05;1384;NA;NA
2;76.8;1.4;3,8e-05;1384;NA;NA
1;80.3;0;3,9e-05;1384;NA;NA
1;129.39;0;0;1385;NA;NA
1;130.81;0;9e-06;1385;NA;NA
1;135.31;0;1,6e-05;1385;NA;NA
1;130.62;0;1,8e-05;1385;NA;NA
1;140.94;0;1,9e-05;1385;NA;NA
1;135.87;0;2e-05;1385;NA;NA
1;137.35;0;2,6e-05;1385;NA;NA
1;128.32;0;2,8e-05;1385;NA;NA
1;128.81;0;2,9e-05;1385;NA;NA
1;137.94;0;4,2e-05;1385;NA;NA
1;138.88;0;4,4e-05;1385;NA;NA
1;133.29;0;4,5e-05;1385;NA;NA
3;137.54;3.72;4,6e-05;1385;NA;NA
1;132.88;0;4,8e-05;1385;NA;NA
1;131.26;0;4,9e-05;1385;NA;NA
1;134.1;0;5e-05;1385;NA;NA
1;130.86;0;5,2e-05;1385;NA;NA
1;139.88;0;5,4e-05;1385;NA;NA
1;133.99;0;5,5e-05;1385;NA;NA
1;130.94;0;5,6e-05;1385;NA;NA
1;142.77;0;5,7e-05;1385;NA;NA
1;131.05;0;5,9e-05;1385;NA;NA
2;137.28;2.47;6e-05;1385;NA;NA
2;134.82;6.43;6,1e-05;1385;NA;NA
1;136.16;0;6,4e-05;1385;NA;NA
1;131.37;0;6,5e-05;1385;NA;NA
1;122.27;0;6,6e-05;1385;NA;NA
2;135.56;0.98;6,7e-05;1385;NA;NA
2;137.28;0.64;6,9e-05;1385;NA;NA
1;128.45;0;7,8e-05;1385;NA;NA
1;43.23;0;0;1386;NA;NA
1;45.12;0;1,6e-05;1386;NA;NA
1;44.87;0;1,7e-05;1386;NA;NA
2;46.84;0.04;1,8e-05;1386;NA;NA
1;45.87;0;2,8e-05;1386;NA;NA
1;44.38;0;3,1e-05;1386;NA;NA
8;45.1;1.35;4,2e-05;1386;NA;NA
11;44.42;1.56;4,3e-05;1386;NA;NA
18;44.91;1.32;4,4e-05;1386;NA;NA
1;46.08;0;4,8e-05;1386;NA;NA
1;45.34;0;5,4e-05;1386;NA;NA
1;47.79;0;5,7e-05;1386;NA;NA
1;44.84;0;6e-05;1386;NA;NA
1;46.81;0;6,9e-05;1386;NA;NA
1;44.81;0;7e-05;1386;NA;NA
3;46.29;1.31;7,3e-05;1386;NA;NA
3;45.93;1.57;7,4e-05;1386;NA;NA
3;45.73;0.75;7,6e-05;1386;NA;NA
2;44.3;0.41;7,8e-05;1386;NA;NA
6;37.11;0.74;0;1387;NA;NA
2;34.78;0.35;1e-06;1387;NA;NA
1;36.22;0;1,6e-05;1387;NA;NA
1;36.81;0;3e-05;1387;NA;NA
1;35.7;0;4,1e-05;1387;NA;NA
1;36.66;0;5,2e-05;1387;NA;NA
1;50.06;0;0;1388;NA;NA
3;48.25;1.32;1e-06;1388;NA;NA
1;48.51;0;5e-06;1388;NA;NA
1;48.24;0;9e-06;1388;NA;NA
1;46.01;0;1,9e-05;1388;NA;NA
1;48.75;0;2e-05;1388;NA;NA
3;47.05;2.91;2,3e-05;1388;NA;NA
1;48.67;0;2,5e-05;1388;NA;NA
1;49.93;0;2,8e-05;1388;NA;NA
1;48.35;0;2,9e-05;1388;NA;NA
1;50.26;0;3,1e-05;1388;NA;NA
1;49.11;0;3,2e-05;1388;NA;NA
3;47.1;1.45;3,4e-05;1388;NA;NA
1;48.22;0;3,9e-05;1388;NA;NA
2;47.6;2.32;4e-05;1388;NA;NA
2;47.18;1.66;4,3e-05;1388;NA;NA
1;46.2;0;4,4e-05;1388;NA;NA
1;49.18;0;6,2e-05;1388;NA;NA
1;49.39;0;8,1e-05;1388;NA;NA
1;48.04;0;8,6e-05;1388;NA;NA
1;49.41;0;1e-04;1388;NA;NA
1;43.27;0;0;1389;NA;NA
4;40.18;0.81;2e-05;1389;NA;NA
18;41.15;1.51;2,1e-05;1389;NA;NA
6;43.5;1.41;2,2e-05;1389;NA;NA
3;41.08;0.61;2,3e-05;1389;NA;NA
6;40.99;1.53;2,4e-05;1389;NA;NA
7;41.61;1.86;2,5e-05;1389;NA;NA
1;41.32;0;2,6e-05;1389;NA;NA
3;41.72;1.88;2,8e-05;1389;NA;NA
11;42.26;2.37;2,9e-05;1389;NA;NA
3;42.72;2.51;3e-05;1389;NA;NA
5;41.55;2.02;3,1e-05;1389;NA;NA
4;39.67;1.13;3,2e-05;1389;NA;NA
1;42.41;0;3,7e-05;1389;NA;NA
3;41.46;1.43;3,8e-05;1389;NA;NA
1;40.23;0;3,9e-05;1389;NA;NA
1;41.53;0;4e-05;1389;NA;NA
1;40.9;0;4,1e-05;1389;NA;NA
1;39.57;0;4,2e-05;1389;NA;NA
1;42;0;4,3e-05;1389;NA;NA
1;44.55;0;4,4e-05;1389;NA;NA
2;41.42;1.9;4,6e-05;1389;NA;NA
1;36.76;0;4,7e-05;1389;NA;NA
2;38.88;0.25;4,8e-05;1389;NA;NA
1;39.76;0;4,9e-05;1389;NA;NA
11;42.77;2.22;5e-05;1389;NA;NA
5;41.91;2.29;5,1e-05;1389;NA;NA
1;38.95;0;5,2e-05;1389;NA;NA
3;41.86;2.41;5,3e-05;1389;NA;NA
5;44.48;1.09;6,5e-05;1389;NA;NA
1;38.89;0;6,6e-05;1389;NA;NA
2;38.14;2.04;6,8e-05;1389;NA;NA
6;42.49;1.99;7,4e-05;1389;NA;NA
3;42.3;2.25;7,5e-05;1389;NA;NA
1;40.24;0;7,6e-05;1389;NA;NA
2;41.3;0.88;0,000103;1389;NA;NA
1;38.98;0;0,000105;1389;NA;NA
1;38.49;0;0,000106;1389;NA;NA
2;41.63;1.61;0,000112;1389;NA;NA
1;39.02;0;0,000123;1389;NA;NA
1;42.72;0;0;1390;NA;NA
2;44.97;5.96;6e-06;1390;NA;NA
1;44.6;0;7e-06;1390;NA;NA
1;46.43;0;8e-06;1390;NA;NA
2;42.16;0.03;1,2e-05;1390;NA;NA
4;42.51;1.39;1,4e-05;1390;NA;NA
1;47.17;0;1,5e-05;1390;NA;NA
1;43.13;0;1,8e-05;1390;NA;NA
2;43.51;2.67;1,9e-05;1390;NA;NA
1;41.86;0;2,2e-05;1390;NA;NA
1;42.48;0;2,4e-05;1390;NA;NA
1;48.7;0;2,6e-05;1390;NA;NA
3;43.87;2.27;2,7e-05;1390;NA;NA
1;41.12;0;2,9e-05;1390;NA;NA
1;41.31;0;3,1e-05;1390;NA;NA
1;49.96;0;3,5e-05;1390;NA;NA
1;40.04;0;3,8e-05;1390;NA;NA
1;41.67;0;3,9e-05;1390;NA;NA
1;42.3;0;4e-05;1390;NA;NA
1;46.1;0;4,2e-05;1390;NA;NA
2;44.27;0.3;4,3e-05;1390;NA;NA
2;43.41;0.16;4,4e-05;1390;NA;NA
2;45.49;0.83;4,6e-05;1390;NA;NA
1;47.24;0;4,7e-05;1390;NA;NA
4;43.73;3.36;4,8e-05;1390;NA;NA
1;40.87;0;5e-05;1390;NA;NA
3;44.89;2.33;5,1e-05;1390;NA;NA
2;44.7;2.16;5,2e-05;1390;NA;NA
1;44.38;0;5,3e-05;1390;NA;NA
1;43.28;0;5,4e-05;1390;NA;NA
2;45.03;1.84;5,5e-05;1390;NA;NA
1;47.09;0;5,6e-05;1390;NA;NA
1;41.6;0;5,7e-05;1390;NA;NA
1;45.96;0;6e-05;1390;NA;NA
2;43.63;1.02;6,8e-05;1390;NA;NA
1;48.59;0;7e-05;1390;NA;NA
1;44.17;0;7,8e-05;1390;NA;NA
1;41.89;0;8,5e-05;1390;NA;NA
1;46.85;0;8,8e-05;1390;NA;NA
1;41.24;0;0;1391;NA;NA
1;47.84;0;2e-06;1391;NA;NA
1;42.79;0;3e-06;1391;NA;NA
3;40.66;0.46;4e-06;1391;NA;NA
1;46.86;0;5e-06;1391;NA;NA
2;41.77;0.16;6e-06;1391;NA;NA
3;42.04;1.91;7e-06;1391;NA;NA
2;41.46;0.29;2,7e-05;1391;NA;NA
1;40.98;0;2,8e-05;1391;NA;NA
3;43.86;0.94;4,6e-05;1391;NA;NA
1;41.65;0;4,7e-05;1391;NA;NA
1;44.33;0;4,9e-05;1391;NA;NA
3;43.46;1.84;5,1e-05;1391;NA;NA
3;47.05;1.04;0;1392;NA;NA
1;47.81;0;1,5e-05;1392;NA;NA
1;47.81;0;2,9e-05;1392;NA;NA
8;48.62;1.36;3e-05;1392;NA;NA
8;48.45;1.78;3,1e-05;1392;NA;NA
8;49.59;1.4;3,2e-05;1392;NA;NA
5;48.6;1.75;3,3e-05;1392;NA;NA
9;47.66;1.21;3,4e-05;1392;NA;NA
7;48.25;2.01;3,5e-05;1392;NA;NA
2;48.12;1.66;3,6e-05;1392;NA;NA
4;47.27;2.9;3,7e-05;1392;NA;NA
4;49.47;0.69;3,8e-05;1392;NA;NA
4;49.62;1.01;3,9e-05;1392;NA;NA
3;49.02;2.85;4e-05;1392;NA;NA
3;44.27;0.52;4,1e-05;1392;NA;NA
1;48.46;0;4,2e-05;1392;NA;NA
1;49.52;0;4,3e-05;1392;NA;NA
1;49.67;0;4,7e-05;1392;NA;NA
2;49.5;1.05;4,8e-05;1392;NA;NA
2;47.91;3.72;4,9e-05;1392;NA;NA
1;48.8;0;5,2e-05;1392;NA;NA
1;49.01;0;5,3e-05;1392;NA;NA
1;45.27;0;6,4e-05;1392;NA;NA
1;48.29;0;7,1e-05;1392;NA;NA
1;51.11;0;7,3e-05;1392;NA;NA
1;50.54;0;7,6e-05;1392;NA;NA
1;49.79;0;8,4e-05;1392;NA;NA
1;49.3;0;8,7e-05;1392;NA;NA
1;47.87;0;1e-04;1392;NA;NA
1;51.13;0;0,000101;1392;NA;NA
3;43.34;0.72;0,000115;1392;NA;NA
8;33.42;1.77;0;1393;NA;NA
12;31.42;1.33;1e-06;1393;NA;NA
7;31.51;1.39;2e-06;1393;NA;NA
6;33.42;2.17;3e-06;1393;NA;NA
16;32.15;1.42;4e-06;1393;NA;NA
9;32.3;1.53;5e-06;1393;NA;NA
12;32.76;1.94;6e-06;1393;NA;NA
4;32.81;2.4;7e-06;1393;NA;NA
2;32.59;0.4;1,1e-05;1393;NA;NA
1;33.43;0;1,3e-05;1393;NA;NA
1;34.17;0;1,4e-05;1393;NA;NA
3;33.08;2.57;1,6e-05;1393;NA;NA
1;31.28;0;1,9e-05;1393;NA;NA
1;33.73;0;2,7e-05;1393;NA;NA
1;32.95;0;3,1e-05;1393;NA;NA
1;36.24;0;3,2e-05;1393;NA;NA
1;32.78;0;3,3e-05;1393;NA;NA
1;31.87;0;3,4e-05;1393;NA;NA
1;36.87;0;3,5e-05;1393;NA;NA
1;34.61;0;3,6e-05;1393;NA;NA
1;33.73;0;4e-05;1393;NA;NA
1;33.09;0;4,4e-05;1393;NA;NA
7;60.7;3.43;0;1394;NA;NA
3;61.51;1.58;5e-06;1394;NA;NA
3;61.68;1.11;1,8e-05;1394;NA;NA
7;64.36;4.89;1,9e-05;1394;NA;NA
6;61.66;2.05;2,2e-05;1394;NA;NA
1;71.01;0;0;1395;NA;NA
1;70.35;0;9e-06;1395;NA;NA
4;68.1;3.97;1,4e-05;1395;NA;NA
1;70.76;0;1,9e-05;1395;NA;NA
1;66.94;0;3,8e-05;1395;NA;NA
5;68.86;1.26;3,9e-05;1395;NA;NA
3;68.91;1.96;4e-05;1395;NA;NA
3;69.66;3.2;4,2e-05;1395;NA;NA
4;70;3.27;4,3e-05;1395;NA;NA
1;70.67;0;7,4e-05;1395;NA;NA
1;70.35;0;7,9e-05;1395;NA;NA
1;105.37;0;0;1396;NA;NA
1;116.14;0;2e-06;1396;NA;NA
1;108.04;0;7e-06;1396;NA;NA
1;115.05;0;2,7e-05;1396;NA;NA
3;104.69;8.57;3,7e-05;1396;NA;NA
1;107.69;0;4,6e-05;1396;NA;NA
1;108.66;0;5,6e-05;1396;NA;NA
5;109.5;4.41;6,7e-05;1396;NA;NA
3;105.53;2.45;6,8e-05;1396;NA;NA
1;110.63;0;8,1e-05;1396;NA;NA
1;120.45;0;8,4e-05;1396;NA;NA
5;120.93;1.43;0;1397;NA;NA
1;119.68;0;1e-06;1397;NA;NA
1;122;0;1e-05;1397;NA;NA
7;118.14;5.57;1,2e-05;1397;NA;NA
2;124.76;0.73;1,3e-05;1397;NA;NA
4;116.71;0.44;1,4e-05;1397;NA;NA
8;120.84;1.74;1,6e-05;1397;NA;NA
3;118.84;2;1,7e-05;1397;NA;NA
1;122.48;0;1,9e-05;1397;NA;NA
2;116.52;3;2e-05;1397;NA;NA
1;122.87;0;2,9e-05;1397;NA;NA
2;120.07;3.65;3,8e-05;1397;NA;NA
1;120.93;0;4,4e-05;1397;NA;NA
1;122.28;0;5,5e-05;1397;NA;NA
2;117.38;5.47;6e-05;1397;NA;NA
1;123.01;0;6,2e-05;1397;NA;NA
1;114.69;0;6,6e-05;1397;NA;NA
1;117.88;0;9,6e-05;1397;NA;NA
1;354.1;0;0;1398;NA;NA
2;394.48;9.62;6e-06;1398;NA;NA
1;418.2;0;9e-06;1398;NA;NA
2;413.73;9.6;1,1e-05;1398;NA;NA
4;382.82;6.66;1,2e-05;1398;NA;NA
1;377.86;0;1,3e-05;1398;NA;NA
1;376;0;1,5e-05;1398;NA;NA
1;417.44;0;1,9e-05;1398;NA;NA
1;370.38;0;2,4e-05;1398;NA;NA
1;320;0;2,5e-05;1398;NA;NA
1;389.1;0;2,7e-05;1398;NA;NA
1;402.22;0;2,8e-05;1398;NA;NA
1;331;0;2,9e-05;1398;NA;NA
2;395.52;16.12;3,1e-05;1398;NA;NA
2;381.75;57.8;3,2e-05;1398;NA;NA
1;391.4;0;3,3e-05;1398;NA;NA
1;392;0;3,4e-05;1398;NA;NA
2;391.84;31.31;3,9e-05;1398;NA;NA
3;390.35;8.67;4,5e-05;1398;NA;NA
1;341.16;0;4,6e-05;1398;NA;NA
1;431.78;0;5,3e-05;1398;NA;NA
1;357.94;0;5,6e-05;1398;NA;NA
1;346.64;0;5,9e-05;1398;NA;NA
1;383.84;0;6,1e-05;1398;NA;NA
1;389.52;0;6,7e-05;1398;NA;NA
1;386.76;0;6,8e-05;1398;NA;NA
1;335.4;0;6,9e-05;1398;NA;NA
1;396.18;0;7,3e-05;1398;NA;NA
1;358.46;0;7,5e-05;1398;NA;NA
3;379.1;11.79;7,7e-05;1398;NA;NA
2;125.99;1.52;0;1399;NA;NA
1;124.52;0;1,2e-05;1399;NA;NA
1;125.34;0;1,8e-05;1399;NA;NA
1;114.89;0;5,2e-05;1399;NA;NA
4;121.05;3.99;5,5e-05;1399;NA;NA
4;122.35;4.61;5,6e-05;1399;NA;NA
2;125.24;1;6,1e-05;1399;NA;NA
1;121.69;0;6,3e-05;1399;NA;NA
7;123.45;2.93;6,4e-05;1399;NA;NA
11;123.13;3.63;6,5e-05;1399;NA;NA
8;123.64;3.29;6,6e-05;1399;NA;NA
1;124.12;0;6,7e-05;1399;NA;NA
1;120.84;0;9,6e-05;1399;NA;NA
1;123.54;0;0;1400;NA;NA
1;124.77;0;2e-06;1400;NA;NA
1;115.91;0;4e-06;1400;NA;NA
1;134.18;0;5e-06;1400;NA;NA
3;126.98;5.87;8e-06;1400;NA;NA
1;121.57;0;9e-06;1400;NA;NA
1;125.75;0;1,3e-05;1400;NA;NA
1;119.15;0;1,4e-05;1400;NA;NA
1;120.82;0;2,5e-05;1400;NA;NA
1;129.39;0;2,6e-05;1400;NA;NA
2;136.08;4.64;2,7e-05;1400;NA;NA
1;128.3;0;2,8e-05;1400;NA;NA
1;135.61;0;3e-05;1400;NA;NA
2;124.72;8.68;3,1e-05;1400;NA;NA
1;120.41;0;3,2e-05;1400;NA;NA
1;126.34;0;3,5e-05;1400;NA;NA
1;130.01;0;3,7e-05;1400;NA;NA
1;135.83;0;4,2e-05;1400;NA;NA
1;129.93;0;4,3e-05;1400;NA;NA
1;129.06;0;4,9e-05;1400;NA;NA
1;119.4;0;5e-05;1400;NA;NA
1;134.32;0;5,5e-05;1400;NA;NA
33;210.683249014145;70.8815362822333;0;731;NA;NA
15;208.719522479874;67.0166572498869;0,0074121124539565;731;NA;NA
55;202.096291590729;70.3831171466153;0,0169720601714953;731;NA;NA
138;206.272839364485;60.362820319489;0,0210010440896395;731;NA;NA
6;206.455554293431;62.2060684565435;0,0230417188082634;731;NA;NA
33;50.6042635993844;4.42206144930288;0;732;NA;NA
15;50.2059300033745;5.13062346592699;0,0074121124539565;732;NA;NA
55;49.6585608571377;6.33762100228113;0,0169720601714953;732;NA;NA
138;50.6708159104386;6.2042604404948;0,0210010440896395;732;NA;NA
6;50.703377855411;6.21493185980686;0,0230417188082634;732;NA;NA
33;20.9397251876237;1.01929943443444;0;733;NA;NA
15;20.6895292397805;0.988866102624473;0,0074121124539565;733;NA;NA
55;20.2457038632961;0.916528869415566;0,0169720601714953;733;NA;NA
138;20.5947964099842;1.31997007904177;0,0210010440896395;733;NA;NA
6;20.6581863696322;1.31954683094683;0,0230417188082634;733;NA;NA
33;18.6581177768178;1.09104553434878;0;734;NA;NA
15;18.4799106315517;1.04230699201918;0,0074121124539565;734;NA;NA
55;17.9537084348825;1.29817453614841;0,0169720601714953;734;NA;NA
138;18.644601591529;1.01903424205895;0,0210010440896395;734;NA;NA
6;18.5932263631059;0.848433993783994;0,0230417188082634;734;NA;NA
33;23.7303673278948;3.4526477442762;0;735;NA;NA
15;23.6319497428412;2.11846050905597;0,0074121124539565;735;NA;NA
55;23.5605933471887;2.26760047738708;0,0169720601714953;735;NA;NA
138;23.9542388626504;2.18221326322347;0,0210010440896395;735;NA;NA
6;23.793283916552;2.33678161560662;0,0230417188082634;735;NA;NA
33;47.3209699927783;3.52995183207529;0;736;NA;NA
15;47.2351933684553;2.70791211834037;0,0074121124539565;736;NA;NA
55;46.2816190245371;5.20590272801192;0,0169720601714953;736;NA;NA
138;46.7832843823583;5.05461580187148;0,0210010440896395;736;NA;NA
6;46.6579572535898;4.94005077700078;0,0230417188082634;736;NA;NA
33;34.1698535338314;2.18861221316122;0;737;NA;NA
15;34.0512862031337;2.44517825614657;0,0074121124539565;737;NA;NA
55;33.4149537819301;2.95923911434978;0,0169720601714953;737;NA;NA
138;33.6611950074514;3.28507594972711;0,0210010440896395;737;NA;NA
6;33.5381926640963;2.50072725052725;0,0230417188082634;737;NA;NA
22;235.624435001263;71.8599961161984;0;738;NA;NA
10;231.81846811685;59.9241019545814;0,0077925066797581;738;NA;NA
54;224.562088395924;42.1757646394095;0,0169985053916192;738;NA;NA
137;229.080255499017;67.9571302182458;0,0210218147372312;738;NA;NA
6;229.527697744807;77.03578499556;0,0230215292484149;738;NA;NA
22;47.9638751729674;8.87437551942586;0;739;NA;NA
10;47.2613101715278;7.97091414272002;0,0077925066797581;739;NA;NA
54;46.4910393029702;5.37450082835105;0,0169985053916192;739;NA;NA
137;48.2388598081102;6.05772654281504;0,0210218147372312;739;NA;NA
6;48.313748086694;5.63703243423243;0,0230215292484149;739;NA;NA
22;34.2875254949173;4.11838976351312;0;740;NA;NA
10;34.0864191813089;4.4800757273772;0,0077925066797581;740;NA;NA
54;33.2464508591839;2.76922613464052;0,0169985053916192;740;NA;NA
137;33.9382847084113;3.43140999966651;0,0210218147372312;740;NA;NA
6;33.9440346560587;3.06993444888445;0,0230215292484149;740;NA;NA
22;20.2177924691392;1.04904843614957;0;741;NA;NA
10;19.9831918934007;1.70542693254458;0,0077925066797581;741;NA;NA
54;19.3177677329;1.06560381112147;0,0169985053916192;741;NA;NA
137;19.7641240366919;1.25293488010062;0,0210218147372312;741;NA;NA
6;19.8549079511003;1.23134892329892;0,0230215292484149;741;NA;NA
22;20.0522562563501;1.09943188406085;0;742;NA;NA
10;19.5360511439541;1.47693261509732;0,0077925066797581;742;NA;NA
54;19.0772152854362;1.24317504127656;0,0169985053916192;742;NA;NA
137;19.6088470524932;1.11997086600456;0,0210218147372312;742;NA;NA
6;19.6709941722717;1.04488996281496;0,0230215292484149;742;NA;NA
22;61.840276645599;6.29074543467885;0;743;NA;NA
10;60.5518313227622;8.7450101396969;0,0077925066797581;743;NA;NA
54;58.3959376512518;35.2394272639937;0,0169985053916192;743;NA;NA
137;60.6949339250981;8.47418276378614;0,0210218147372312;743;NA;NA
6;60.9305843204891;8.21788348040848;0,0230215292484149;743;NA;NA
22;29.1666475164863;2.08248711086937;0;744;NA;NA
10;28.6181063137843;2.17673852307823;0,0077925066797581;744;NA;NA
54;27.8964589848498;1.61569937669305;0,0169985053916192;744;NA;NA
137;28.4487598344755;1.83236447749332;0,0210218147372312;744;NA;NA
6;28.5626275166606;1.77198727661228;0,0230215292484149;744;NA;NA
45;37.2461845060112;2.32358355073534;0;745;NA;NA
45;37.5167861122176;2.60842504218874;0,0068618815661136;745;NA;NA
60;36.8348513222528;2.64902252677808;0,0167081649058102;745;NA;NA
146;37.2857828042021;2.72758584997404;0,0207442660566135;745;NA;NA
6;37.2795053352159;2.74482624932257;0,0227720747805611;745;NA;NA
45;21.9079072724381;1.13932770176016;0;746;NA;NA
45;22.2083247877888;1.36262608714679;0,0068618815661136;746;NA;NA
60;21.6468174298247;1.10097339391396;0,0167081649058102;746;NA;NA
146;21.7655558452525;1.0460846925936;0,0207442660566135;746;NA;NA
6;21.6922846407433;1.00232453885983;0,0227720747805611;746;NA;NA
45;20.5874428859299;1.28721879558343;0;747;NA;NA
45;20.7809182761107;1.36246621450005;0,0068618815661136;747;NA;NA
60;20.2486154365345;1.2772223421647;0,0167081649058102;747;NA;NA
146;20.861937733559;1.1961172857957;0,0207442660566135;747;NA;NA
6;20.9033243909446;1.23701400364342;0,0227720747805611;747;NA;NA
45;19.4675274785115;1.33205936392244;0;748;NA;NA
45;20.1763302936833;1.79502013956591;0,0068618815661136;748;NA;NA
60;19.4570827421637;1.4439449608598;0,0167081649058102;748;NA;NA
146;19.9234139547204;1.47552539599787;0,0207442660566135;748;NA;NA
6;20.10754055201;1.37521689087057;0,0227720747805611;748;NA;NA
3;17.5976833333333;1.321305;0;749;NA;NA
1;17.6230321697468;0.157111666666667;0,0069383757067078;749;NA;NA
5;17.311535;0.6913805;0,0175103706071429;749;NA;NA
1;17.7918392204629;0.02036;0,0208835504760455;749;NA;NA
3;8.2544;0.107055;0;750;NA;NA
1;8.24822039698836;0.0131783333333333;0,0069383757067078;750;NA;NA
5;7.95379976190476;0.185081880952381;0,0175103706071429;750;NA;NA
1;8.48757612667479;0.00695;0,0208835504760455;750;NA;NA
4;87.0109191666667;14.5699065595238;0;751;NA;NA
2;92.6072217353199;36.7521085238095;0,0070348932019914;751;NA;NA
2;85.8166933600267;21.804866;0,0167994474833762;751;NA;NA
3;90.0373676190476;46.1191124285714;0,0199304394880952;751;NA;NA
4;9.48248940476191;0.328530011904762;0;752;NA;NA
2;10.4442131658389;1.46129985714286;0,0070348932019914;752;NA;NA
2;9.45483149816483;0.378087666666667;0,0167994474833762;752;NA;NA
3;10.2632716666667;0.493304833333333;0,0199304394880952;752;NA;NA
4;91.4431473809524;87.362910452381;0;753;NA;NA
2;94.6862658444673;43.325398;0,0070317053809952;753;NA;NA
3;88.0694204761905;16.3096305238095;0,0166831518511905;753;NA;NA
3;93.5661587621931;24.5802936666666;0,01985349900373;753;NA;NA
4;9.17116166666667;0.711301690476191;0;754;NA;NA
2;10.0529033915725;1.06299183333333;0,0070317053809952;754;NA;NA
3;9.16727333333333;0.143109333333333;0,0166831518511905;754;NA;NA
3;9.76323242515977;0.234351333333333;0,01985349900373;754;NA;NA
6;11.0105804761905;1.71544609523809;0;755;NA;NA
1;11.1991517652453;0.524243333333333;0,0074776261615412;755;NA;NA
1;12.0748106060606;0.0597683333333334;0,0180099671201299;755;NA;NA
3;12.3568336673347;0.534353666666667;0,0207015933992032;755;NA;NA
6;4.75126;0.373152666666667;0;756;NA;NA
1;4.87373223292068;0.121265333333333;0,0074776261615412;756;NA;NA
1;5.06534090909091;0.00542166666666667;0,0180099671201299;756;NA;NA
3;4.98756346025384;0.0184931666666667;0,0207015933992032;756;NA;NA
6;50.7121050396825;5.79428766269841;0;757;NA;NA
2;49.3250171998624;5.54736816666667;0,0072390591986277;757;NA;NA
1;50.5316417378917;0.782645833333333;0,0171663458668599;757;NA;NA
1;49.0500550055006;3.255815;0,0202865508240544;757;NA;NA
6;4.27891416666667;0.100602654761905;0;758;NA;NA
2;4.05925524595803;0.130746833333333;0,0072390591986277;758;NA;NA
1;4.15790598290598;0.027065;0,0171663458668599;758;NA;NA
1;3.90103593692703;0.120449166666667;0,0202865508240544;758;NA;NA
5;71.1512173809524;8.77305957142856;0;759;NA;NA
2;69.888125;7.49720733333333;0,007032921432247;759;NA;NA
2;73.363026359693;3.933737;0,0166481251265492;759;NA;NA
1;72.0189828597203;3.43218316666667;0,0196485053083774;759;NA;NA
2;73.8713217804961;19.54183;0,0266950004644253;759;NA;NA
5;4.69789845238095;0.176587797619048;0;760;NA;NA
2;4.50234118852459;0.1453955;0,007032921432247;760;NA;NA
2;4.93566566566567;0.0632603333333333;0,0166481251265492;760;NA;NA
1;4.79265899864682;0.0632475;0,0196485053083774;760;NA;NA
2;5.04544682296976;0.456275;0,0266950004644253;760;NA;NA
6;51.7096857142857;22.5807285714286;0;761;NA;NA
2;53.2130462760898;8.55735476190476;0,0093304877884981;761;NA;NA
6;53.638148953824;5.99988957431457;0,0175013489226191;761;NA;NA
44;54.6697300219572;14.6447796890658;0,0210590793313551;761;NA;NA
1;54.6803491207804;8.80020476190476;0,0231798172581504;761;NA;NA
6;63.2784976190476;39.3144452380952;0;762;NA;NA
2;64.9155027698506;11.7736738095238;0,0093304877884981;762;NA;NA
6;65.455709992785;4.64096078643579;0,0175013489226191;762;NA;NA
44;65.5581456297723;16.1157139882337;0,0210590793313551;762;NA;NA
1;65.0082113977667;10.0924928571429;0,0231798172581504;762;NA;NA
6;35.7241857142857;9.99252857142857;0;763;NA;NA
2;36.5324016563147;3.52316428571429;0,0093304877884981;763;NA;NA
6;37.4265906926407;1.8297056998557;0,0175013489226191;763;NA;NA
44;37.3857555388682;5.76604389569543;0,0210590793313551;763;NA;NA
1;37.3427608779361;3.49121904761905;0,0231798172581504;763;NA;NA
6;28.0065166666667;9.44048333333333;0;764;NA;NA
2;28.7571204745118;3.59430952380952;0,0093304877884981;764;NA;NA
6;28.1035322871573;4.18804137806638;0,0175013489226191;764;NA;NA
44;29.2957591304779;10.5958449972949;0,0210590793313551;764;NA;NA
1;29.188108073418;6.63674285714286;0,0231798172581504;764;NA;NA
6;40.999;8.78;0;765;NA;NA
2;41.8427312405573;3.18835476190476;0,0093304877884981;765;NA;NA
6;42.0140804112554;2.41991064213564;0,0175013489226191;765;NA;NA
44;41.9366924820625;7.51004629437492;0,0210590793313551;765;NA;NA
1;41.5094853035554;4.45241904761905;0,0231798172581504;765;NA;NA
6;29.00585;7.02108333333333;0;766;NA;NA
2;30.0487241900285;4.09497857142857;0,0093304877884981;766;NA;NA
6;29.9015619047619;4.66146471861472;0,0175013489226191;766;NA;NA
44;30.4262466041931;5.77963107770902;0,0210590793313551;766;NA;NA
1;30.0254171479913;2.42009285714286;0,0231798172581504;766;NA;NA
6;25.7641330952381;7.11848602380952;0;767;NA;NA
10;26.9776194456361;8.50152796153044;0,0082567019635111;767;NA;NA
28;27.5646070248165;4.11406484458596;0,0162290534028113;767;NA;NA
13;28.6985181143607;4.8014282357407;0,0207070182435791;767;NA;NA
7;28.8779806449541;4.38559137592963;0,0230159283507874;767;NA;NA
6;46.3339199206349;9.56327252380953;0;768;NA;NA
10;45.7321042871018;11.8216927989154;0,0082567019635111;768;NA;NA
28;45.7996879660081;11.3190198283003;0,0162290534028113;768;NA;NA
13;44.3419307980715;14.2845890009088;0,0207070182435791;768;NA;NA
7;44.2459605038893;14.5310222506937;0,0230159283507874;768;NA;NA
6;29.2126616666667;6.08518742857143;0;769;NA;NA
10;28.2586143238216;6.47376070544158;0,0082567019635111;769;NA;NA
28;27.9684927732352;4.29318389738526;0,0162290534028113;769;NA;NA
13;26.7211200882202;6.24382568326488;0,0207070182435791;769;NA;NA
7;26.6405552452117;5.8439477538295;0,0230159283507874;769;NA;NA
41;78.3217444047247;32.5721438890952;0;770;NA;NA
29;80.5004535728302;41.8457158758966;0,0071618297587526;770;NA;NA
43;81.2180586194697;59.0622459528128;0,0164055662759151;770;NA;NA
167;83.4786220170627;61.7429181455159;0,0199532321663794;770;NA;NA
4;80.5743535001885;20.8540938811189;0,02224942244891;770;NA;NA
41;71.9473643884576;31.0168277621855;0;771;NA;NA
29;72.7285014050146;23.3787230529077;0,0071618297587526;771;NA;NA
43;72.346262501701;24.3857436986574;0,0164055662759151;771;NA;NA
167;73.5689071815277;22.4968462032466;0,0199532321663794;771;NA;NA
4;71.5806931344634;14.1889937423687;0,02224942244891;771;NA;NA
41;38.1001941340998;9.11795369870606;0;772;NA;NA
29;39.356533515317;18.5684228387549;0,0071618297587526;772;NA;NA
43;40.4940753735292;29.1986405476956;0,0164055662759151;772;NA;NA
167;41.4729829999886;36.5485628701511;0,0199532321663794;772;NA;NA
4;38.594869893377;6.82831973859474;0,02224942244891;772;NA;NA
41;50.266498255933;13.3167620966609;0;773;NA;NA
29;50.2228483463957;24.7297348473702;0,0071618297587526;773;NA;NA
43;49.1538442693111;38.5814587244574;0,0164055662759151;773;NA;NA
167;48.4405280896549;47.4305920800128;0,0199532321663794;773;NA;NA
4;52.3908221136713;12.5414941974692;0,02224942244891;773;NA;NA
41;103.105585934235;41.1695899081421;0;774;NA;NA
29;105.23919445587;43.0047787991349;0,0071618297587526;774;NA;NA
43;105.17196295654;30.1498157265207;0,0164055662759151;774;NA;NA
167;106.123184304988;38.6394771286205;0,0199532321663794;774;NA;NA
4;106.539305496011;37.8518621683872;0,02224942244891;774;NA;NA
41;57.1995667293548;15.2900946732023;0;775;NA;NA
29;58.868578817986;13.4847499298896;0,0071618297587526;775;NA;NA
43;60.6542821039907;14.6187439947199;0,0164055662759151;775;NA;NA
167;61.005363893114;17.283989387949;0,0199532321663794;775;NA;NA
4;61.5713058309212;16.2305874014874;0,02224942244891;775;NA;NA
41;331.889355933038;252.903725078131;0;776;NA;NA
29;337.391794734228;206.541431594643;0,0071618297587526;776;NA;NA
43;336.456219128709;199.263497198205;0,0164055662759151;776;NA;NA
167;338.010512882576;261.495330895243;0,0199532321663794;776;NA;NA
4;340.75522329953;287.714961191586;0,02224942244891;776;NA;NA
48;92.2773254332257;23.7223551418392;0;777;NA;NA
28;92.1855667254292;23.0559005283877;0,0069417609294353;777;NA;NA
55;93.929450846066;23.4364984133823;0,0161631887520078;777;NA;NA
126;93.5328328178954;21.5380410441331;0,0199983761160016;777;NA;NA
4;92.4785856687172;15.9018266955267;0,0222261951352515;777;NA;NA
48;47.7995398266094;8.83577436859558;0;778;NA;NA
28;47.6103104863977;8.93606196789743;0,0069417609294353;778;NA;NA
55;47.5570536662507;9.16247629974451;0,0161631887520078;778;NA;NA
126;48.9127893018042;9.12564306238218;0,0199983761160016;778;NA;NA
4;48.8329955497719;9.43029246031746;0,0222261951352515;778;NA;NA
48;35.3344168787147;4.40699003396993;0;779;NA;NA
28;35.0907789993099;4.60516661745483;0,0069417609294353;779;NA;NA
55;34.9192055583114;5.44765813728077;0,0161631887520078;779;NA;NA
126;35.9160536894818;4.66433588507846;0,0199983761160016;779;NA;NA
4;35.9280250451303;4.04986486291486;0,0222261951352515;779;NA;NA
48;31.2666641990046;4.07131043347531;0;780;NA;NA
28;31.3078523191034;3.92118820013892;0,0069417609294353;780;NA;NA
55;31.0917046150768;3.6169559708324;0,0161631887520078;780;NA;NA
126;32.3670135095159;4.08958713859245;0,0199983761160016;780;NA;NA
4;32.3358526707211;3.79353383838384;0,0222261951352515;780;NA;NA
48;76.6914876278436;18.481862661739;0;781;NA;NA
28;76.3818839792994;19.0428419687297;0,0069417609294353;781;NA;NA
55;76.3030035384909;12.7342739940923;0,0161631887520078;781;NA;NA
126;78.8702387584863;13.4048693475169;0,0199983761160016;781;NA;NA
4;78.9198156010656;11.5217159090909;0,0222261951352515;781;NA;NA
48;72.1551169067164;16.6878455159024;0;782;NA;NA
28;71.9157988122051;18.4051081356093;0,0069417609294353;782;NA;NA
55;70.3976766584956;19.0560269033102;0,0161631887520078;782;NA;NA
126;72.6409946702995;13.6439937198101;0,0199983761160016;782;NA;NA
4;71.8561815012473;11.1046270923521;0,0222261951352515;782;NA;NA
48;351.322077509246;227.79858095916;0;783;NA;NA
28;351.53153860721;301.906446019956;0,0069417609294353;783;NA;NA
55;357.021994204927;224.10661665407;0,0161631887520078;783;NA;NA
126;362.895730226304;258.847342624215;0,0199983761160016;783;NA;NA
4;361.395091275683;222.918552489178;0,0222261951352515;783;NA;NA
49;42.8089947020349;6.81402809191411;0;784;NA;NA
37;42.7967655762759;4.77943100851523;0,0069589179595408;784;NA;NA
66;44.0608630189269;5.7068154554109;0,0166739341299241;784;NA;NA
182;43.3650445093831;4.50968377961361;0,0204471789276658;784;NA;NA
6;43.6048744066063;4.3787354978355;0,0226590344322896;784;NA;NA
49;50.1444745387811;9.96451999855057;0;785;NA;NA
37;50.2394847068665;9.22556446178609;0,0069589179595408;785;NA;NA
66;50.8208429289458;8.93993902170246;0,0166739341299241;785;NA;NA
182;50.9223280119868;9.79461512062077;0,0204471789276658;785;NA;NA
6;50.8062397274747;11.0804028665779;0,0226590344322896;785;NA;NA
49;30.6759755845883;5.59971451674478;0;786;NA;NA
37;30.9113833156899;4.21487297797295;0,0069589179595408;786;NA;NA
66;31.9907513554659;4.30620211091528;0,0166739341299241;786;NA;NA
182;31.5567164425508;3.60960344140081;0,0204471789276658;786;NA;NA
6;31.0605408591854;3.06726916694417;0,0226590344322896;786;NA;NA
49;20.5140751091753;2.60548415176846;0;787;NA;NA
37;20.6435681605581;2.38854506065034;0,0069589179595408;787;NA;NA
66;21.5903203063648;3.44493186513215;0,0166739341299241;787;NA;NA
182;21.5293173478626;4.10025821943605;0,0204471789276658;787;NA;NA
6;21.4642722962;3.78706833999334;0,0226590344322896;787;NA;NA
49;36.8368254614573;10.6658083608863;0;788;NA;NA
37;36.7632484635474;8.12590810559701;0,0069589179595408;788;NA;NA
66;38.2400272147079;10.5029089171345;0,0166739341299241;788;NA;NA
182;38.2418451392405;8.21741295555508;0,0204471789276658;788;NA;NA
6;38.1671912564232;5.81029533522034;0,0226590344322896;788;NA;NA
49;26.5348468815622;5.52069808913845;0;789;NA;NA
37;26.1109173595105;4.56247514495281;0,0069589179595408;789;NA;NA
66;27.5326889567108;7.45899040758555;0,0166739341299241;789;NA;NA
182;26.7993583190162;4.5309967973329;0,0204471789276658;789;NA;NA
6;26.4731188448432;4.5495329989455;0,0226590344322896;789;NA;NA
52;91.9357986778332;19.5016627129407;0;790;NA;NA
30;93.9842513685874;37.0265293335215;0,0071874759226578;790;NA;NA
52;95.9812412244423;22.9671722622762;0,0169515757161588;790;NA;NA
132;96.3022007390173;20.8089467735974;0,0208314959942843;790;NA;NA
5;96.3020655475178;20.1064587773338;0,0229980250032866;790;NA;NA
52;16.2397720317468;0.902330064856069;0;791;NA;NA
30;16.6503473102485;1.8067827551982;0,0071874759226578;791;NA;NA
52;16.2164737099477;2.02320495646863;0,0169515757161588;791;NA;NA
132;17.2501963329683;1.55854412326819;0,0208314959942843;791;NA;NA
5;17.1312549510791;1.40848770951271;0,0229980250032866;791;NA;NA
52;13.8795321535088;0.893810323112856;0;792;NA;NA
30;14.0490545644821;1.08681646788459;0,0071874759226578;792;NA;NA
52;13.5798755864375;1.05175012320996;0,0169515757161588;792;NA;NA
132;14.1752041025707;1.04399691730057;0,0208314959942843;792;NA;NA
5;14.1088530062902;0.779318697968698;0,0229980250032866;792;NA;NA
52;24.0422514928163;1.78787542198003;0;793;NA;NA
30;24.417168382339;3.30831363007275;0,0071874759226578;793;NA;NA
52;24.1898145235448;4.18519866004479;0,0169515757161588;793;NA;NA
132;25.4671543913617;2.25434944162143;0,0208314959942843;793;NA;NA
5;25.3335325227536;1.83044364246864;0,0229980250032866;793;NA;NA
52;91.936156635847;19.377773779558;0;794;NA;NA
30;93.9663303132972;37.1400909975301;0,007170436041904;794;NA;NA
52;95.9774100901527;22.9950058960993;0,0169314655904939;794;NA;NA
132;96.3063774808059;20.7773050138036;0,0208175092046022;794;NA;NA
5;96.4313952367775;19.9952028749029;0,0230027485863173;794;NA;NA
52;16.2375642358112;0.896391976877908;0;795;NA;NA
30;16.6535136811643;1.80823968670567;0,007170436041904;795;NA;NA
52;16.2130994430863;2.02019801720943;0,0169314655904939;795;NA;NA
132;17.2496978034269;1.55686665509426;0,0208175092046022;795;NA;NA
5;17.1907065464158;1.51285247807748;0,0230027485863173;795;NA;NA
52;13.8792363619557;0.889874498986995;0;796;NA;NA
30;14.0528270535972;1.09157866863688;0,007170436041904;796;NA;NA
52;13.5810795202815;1.06070476522117;0,0169314655904939;796;NA;NA
132;14.1725731891617;1.04219369264942;0,0208175092046022;796;NA;NA
5;14.1286879228529;0.802055122655123;0,0230027485863173;796;NA;NA
52;24.0362582116706;1.77043634271974;0;797;NA;NA
30;24.4217837732382;3.3173672554924;0,007170436041904;797;NA;NA
52;24.189278874599;4.17690759786443;0,0169314655904939;797;NA;NA
132;25.4674572670589;2.25599084253618;0,0208175092046022;797;NA;NA
5;25.377538200677;1.91894756909757;0,0230027485863173;797;NA;NA
22;72.0632460810598;42.3367633139116;0;798;NA;NA
9;74.581310755022;57.4341990202642;0,0074464612255478;798;NA;NA
12;74.5026550289026;45.712956039417;0,0167951447790077;798;NA;NA
25;74.3890854460404;37.7208039466951;0,0198389505844805;798;NA;NA
22;68.7378722146822;18.5241881919204;0;799;NA;NA
9;68.8859799613901;26.4602515663075;0,0074464612255478;799;NA;NA
12;68.6354136035799;41.467141347955;0,0167951447790077;799;NA;NA
25;70.4348837182233;37.2785282877617;0,0198389505844805;799;NA;NA
22;43.8285481941719;16.7391420924077;0;800;NA;NA
9;43.9566689554039;19.5294308789744;0,0074464612255478;800;NA;NA
12;43.7421309684532;20.9114043569581;0,0167951447790077;800;NA;NA
25;45.9024966484487;33.8596447257237;0,0198389505844805;800;NA;NA
28;83.1379904416334;36.0602300002623;0;801;NA;NA
8;83.7966233048896;23.2380532660534;0,0068619669301114;801;NA;NA
18;86.6910132732975;24.1488583177495;0,0168887830862749;801;NA;NA
36;85.1978647605684;22.4376653419632;0,0213836460320467;801;NA;NA
3;83.3732270676692;23.0092379126984;0,0232392241446158;801;NA;NA
28;52.3735913285839;26.2645765515118;0;802;NA;NA
8;52.4800312774725;34.6502575588994;0,0068619669301114;802;NA;NA
18;52.3106202972371;10.616784175855;0,0168887830862749;802;NA;NA
36;52.8886743852509;13.3991366755991;0,0213836460320467;802;NA;NA
3;51.6090609440267;16.929778781746;0,0232392241446158;802;NA;NA
28;44.8766584566679;18.0061073779305;0;803;NA;NA
8;45.6979528969641;16.7833850530442;0,0068619669301114;803;NA;NA
18;45.7255790283066;7.45925278606215;0,0168887830862749;803;NA;NA
36;46.6773361184873;10.548645331568;0,0213836460320467;803;NA;NA
3;44.7947589390142;14.6385550198413;0,0232392241446158;803;NA;NA
8;123.47973502886;65.355700036075;0;804;NA;NA
4;124.120525753809;30.5753111111111;0,0087755565693039;804;NA;NA
15;125.811999715;37.6382426067257;0,0172960962187791;804;NA;NA
38;125.839086957563;28.9156916438251;0,0205904916498666;804;NA;NA
1;126.161432160804;4.92358333333333;0,0231442176275815;804;NA;NA
6;83.8191315476191;44.6042809087302;0;805;NA;NA
3;76.5314715541389;139.330739738095;0,0074916295524244;805;NA;NA
6;79.4580721428571;42.8544198874459;0,0165059569265873;805;NA;NA
31;78.3460356683203;207.323614352708;0,0202388125403459;805;NA;NA
1;74.6675425790754;102.795863333333;0,022443207179788;805;NA;NA
6;58.9649825;31.375381765873;0;806;NA;NA
3;58.2885708248817;27.5760975119048;0,0074916295524244;806;NA;NA
6;56.0618328968254;30.8923573416306;0,0165059569265873;806;NA;NA
31;56.9454393539593;24.9200557556549;0,0202388125403459;806;NA;NA
1;58.4592579075426;3.39195916666667;0,022443207179788;806;NA;NA
6;44.764521468254;25.4471786468254;0;807;NA;NA
3;44.3792589104607;12.9218812777778;0,0074916295524244;807;NA;NA
6;42.5614666269841;11.6386149895382;0,0165059569265873;807;NA;NA
31;43.2299317407926;8.87515487605586;0,0202388125403459;807;NA;NA
1;43.9301824817518;1.81634583333333;0,022443207179788;807;NA;NA
6;145.040617287157;510.395302140693;0;808;NA;NA
3;153.126106923302;517.812878154762;0,0073622956590282;808;NA;NA
5;145.123785357143;667.354234718254;0,0167653352552309;808;NA;NA
19;128.327198001349;292.221376948038;0,0205739564313131;808;NA;NA
1;123.156589958159;31.023625;0,0227646272472529;808;NA;NA
6;50.8801511724387;56.2243519137807;0;809;NA;NA
3;52.7848559730955;47.3954188809524;0,0073622956590282;809;NA;NA
5;46.7054593650794;69.4457512222222;0,0167653352552309;809;NA;NA
20;45.7560114443328;71.0923660823065;0,0205739564313131;809;NA;NA
1;44.3305788005579;10.637865;0,0227646272472529;809;NA;NA
6;28.2921113564214;3.91745091414142;0;810;NA;NA
3;27.9170462299556;4.16644958333333;0,0073622956590282;810;NA;NA
5;27.4163203174603;12.0365347619048;0,0167653352552309;810;NA;NA
20;26.4331761314394;5.26905372005909;0,0205739564313131;810;NA;NA
1;26.1923291492329;0.55941;0,0227646272472529;810;NA;NA
5;90.8488563095238;456.808378178571;0;811;NA;NA
3;81.5835916361416;372.881079955357;0,0073622956590282;811;NA;NA
5;95.6561659920635;318.452757755952;0,0167653352552309;811;NA;NA
20;71.6528130172103;322.942125666432;0,0205739564313131;811;NA;NA
1;69.2128312412831;39.13676;0,0227646272472529;811;NA;NA
7;56.2056742063492;39.0957049285714;0;812;NA;NA
3;51.0189539601555;48.3919721309524;0,0077805937979025;812;NA;NA
3;53.581673452381;21.1884388928571;0,0174011865674603;812;NA;NA
18;53.5616624787794;23.8577525744517;0,0208943140956789;812;NA;NA
1;55.8099307159353;1.94873;0,0232744184052339;812;NA;NA
7;28.6281628214286;9.71026927392857;0;813;NA;NA
3;27.6198957240039;7.76972095095238;0,0077805937979025;813;NA;NA
3;27.598489047619;8.66485230952381;0,0174011865674603;813;NA;NA
18;27.6096652748962;14.7957491388787;0,0208943140956789;813;NA;NA
1;29.04103926097;1.5154132;0,0232744184052339;813;NA;NA
7;38.7023849603175;35.6115196071429;0;814;NA;NA
3;38.0700076530612;12.3220667738095;0,0077805937979025;814;NA;NA
3;38.8974604761905;8.54627011904762;0,0174011865674603;814;NA;NA
18;38.194625374385;15.3834836553786;0,0208943140956789;814;NA;NA
1;38.8600076982294;2.67766166666667;0,0232744184052339;814;NA;NA
8;107.646575150794;21.5659315016883;0;815;NA;NA
2;105.648989104555;32.4222445319048;0,0080080877203557;815;NA;NA
3;102.954410362744;50.9835340523809;0,0173657615005606;815;NA;NA
10;97.2439055169275;71.794522525621;0,0204665580159146;815;NA;NA
0;96.2067532467533;0.10585;0,0236220536888528;815;NA;NA
8;60.4575409451659;6.89816777561327;0;816;NA;NA
2;58.7357779503106;13.3172036190476;0,0080080877203557;816;NA;NA
3;55.5031524381524;19.5472651190476;0,0173657615005606;816;NA;NA
10;53.8590787465312;42.1920221503219;0,0204665580159146;816;NA;NA
0;51.5681818181818;0.186245;0,0236220536888528;816;NA;NA
8;46.2911640512266;14.2575110833333;0;817;NA;NA
2;44.758727484472;12.531552452381;0,0080080877203557;817;NA;NA
3;41.8001284617951;14.2962040714286;0,0173657615005606;817;NA;NA
10;42.101329025419;22.4890040860251;0,0204665580159146;817;NA;NA
0;41.9214285714286;0.028085;0,0236220536888528;817;NA;NA
9;71.970851964702;4.58315912021312;0;818;NA;NA
12;72.1983283609446;7.19572000649596;0,0074344390209802;818;NA;NA
6;70.4190715323565;7.05664329362304;0,017583873746996;818;NA;NA
68;70.5657837153162;6.37699355296261;0,020568543187164;818;NA;NA
2;70.7796791695147;3.03354713095238;0,0227934404005796;818;NA;NA
9;65.1454383719059;6.09112940634366;0;819;NA;NA
12;66.5630540401184;16.1652833666489;0,0074344390209802;819;NA;NA
6;67.2169639317627;16.2384029336358;0,017583873746996;819;NA;NA
68;65.6027203697511;16.7739151048146;0,020568543187164;819;NA;NA
2;63.5977311175666;5.79449341666667;0,0227934404005796;819;NA;NA
9;59.1717978108003;11.3937585792818;0;820;NA;NA
12;59.2705771142093;12.3836839966292;0,0074344390209802;820;NA;NA
6;58.2327555351593;9.35964238304751;0,017583873746996;820;NA;NA
68;58.6971829250183;8.8018452491504;0,020568543187164;820;NA;NA
2;59.2389493620415;4.25361276190476;0,0227934404005796;820;NA;NA
31;81.0406219255396;17.9467233399277;0;821;NA;NA
15;81.6351645593596;14.2099159355477;0,0073637637312414;821;NA;NA
13;80.1651482372467;13.1817526297365;0,0168595686079888;821;NA;NA
48;80.4258459498465;12.8946154061104;0,0200652661890122;821;NA;NA
1;81.8091605301915;4.21931866666667;0,0229367418795792;821;NA;NA
31;79.3326829581944;22.8131343333235;0;822;NA;NA
15;79.2206126442258;17.6240944780091;0,0073637637312414;822;NA;NA
13;79.1875271683732;11.5756540436972;0,0168595686079888;822;NA;NA
48;79.7937620091988;11.9345291503773;0,0200652661890122;822;NA;NA
1;79.3009891998036;2.80971616666666;0,0229367418795792;822;NA;NA
31;46.7134240542565;44.3582163419975;0;823;NA;NA
15;46.1141716050032;32.130587193813;0,0073637637312414;823;NA;NA
13;45.3046642734858;34.7773395147817;0,0168595686079888;823;NA;NA
48;44.3498104777159;32.0865423381101;0,0200652661890122;823;NA;NA
1;47.3235959744723;13.0387411666667;0,0229367418795792;823;NA;NA
16;254.502108323092;31.3628696952428;0;824;NA;NA
8;251.492054850705;23.4076087190587;0,0076635242663456;824;NA;NA
5;249.16839100984;37.1342802419802;0,0178303655691822;824;NA;NA
43;249.292125019698;44.8851903646432;0,0207077310864143;824;NA;NA
1;250.403898956617;14.3357;0,0231565020393864;824;NA;NA
16;60.3370616517813;4.63141604731698;0;825;NA;NA
8;59.0160544150294;17.0083631673882;0,0076635242663456;825;NA;NA
5;58.3165172492386;7.46863279220779;0,0178303655691822;825;NA;NA
43;58.347227350666;7.87978860309498;0,0207077310864143;825;NA;NA
1;58.5847885777046;1.882;0,0231565020393864;825;NA;NA
16;39.6238576336331;2.66762234909483;0;826;NA;NA
8;38.9681095737596;8.24540780885781;0,0076635242663456;826;NA;NA
5;38.4222393524204;3.03345622155622;0,0178303655691822;826;NA;NA
43;38.3857950413278;2.69053732942708;0,0207077310864143;826;NA;NA
1;38.4051619989017;0.485966666666667;0,0231565020393864;826;NA;NA
16;40.5506057220214;7.66747668557792;0;827;NA;NA
8;40.3114703907204;4.11967843822844;0,0076635242663456;827;NA;NA
5;39.5394205783039;3.25579962814963;0,0178303655691822;827;NA;NA
43;39.3008228215485;4.28536762601451;0,0207077310864143;827;NA;NA
1;38.9269082921472;1.8002;0,0231565020393864;827;NA;NA
16;31.361846570045;1.52447689673588;0;828;NA;NA
8;31.2097265789766;1.21455235875236;0,0076635242663456;828;NA;NA
5;31.0791137880675;2.59335493950494;0,0178303655691822;828;NA;NA
43;30.6718948001503;2.83652026322513;0,0207077310864143;828;NA;NA
1;30.0194124107633;0.583216666666667;0,0231565020393864;828;NA;NA
16;53.6027768896394;3.96681974740945;0;829;NA;NA
8;53.7021120573871;5.4990322039072;0,0076635242663456;829;NA;NA
5;52.8288454754501;2.98859166666667;0,0178303655691822;829;NA;NA
43;52.6324644486175;2.70713833800055;0,0207077310864143;829;NA;NA
1;52.2855024711697;0.599466666666667;0,0231565020393864;829;NA;NA
16;40.8457398231112;2.07764981215035;0;830;NA;NA
8;40.4971376706627;1.92727879065379;0,0076635242663456;830;NA;NA
5;39.7492111761478;2.75982996725497;0,0178303655691822;830;NA;NA
43;39.6304420335023;2.46689922149756;0,0207077310864143;830;NA;NA
1;39.4993684788578;0.42705;0,0231565020393864;830;NA;NA
12;294.514349929237;52.5086301323676;0;831;NA;NA
6;294.040923404373;66.125490953491;0,0085254668038628;831;NA;NA
7;288.855869047536;70.5953213147963;0,0179088211036231;831;NA;NA
61;288.764214254957;76.4130843690445;0,0207261988420047;831;NA;NA
1;289.304526748971;35.2706333333333;0,0231425162214741;831;NA;NA
12;58.6364092282717;10.8948520881896;0;832;NA;NA
6;58.2323721195471;8.66206883394383;0,0085254668038628;832;NA;NA
7;57.0671506393729;9.98898666333666;0,0179088211036231;832;NA;NA
61;57.3597963474276;9.48687309496764;0,0207261988420047;832;NA;NA
1;57.9924325560128;3.67291666666667;0,0231425162214741;832;NA;NA
12;50.4336316378066;3.16988937728938;0;833;NA;NA
6;50.6033194583195;9.17289485514486;0,0085254668038628;833;NA;NA
7;49.1180019068908;14.0950673881674;0,0179088211036231;833;NA;NA
61;49.1385342905247;13.9464685351754;0,0207261988420047;833;NA;NA
1;49.1420438957476;5.31321666666667;0,0231425162214741;833;NA;NA
12;39.8013553349428;2.66757146325896;0;834;NA;NA
6;39.1354485209235;4.06001081418581;0,0085254668038628;834;NA;NA
7;38.5809268698158;9.82263458208458;0,0179088211036231;834;NA;NA
61;38.8474640414269;10.615238719811;0,0207261988420047;834;NA;NA
1;39.3739597622314;5.47075;0,0231425162214741;834;NA;NA
12;38.123364522977;2.27821163419913;0;835;NA;NA
6;37.9942062465312;4.94831862859363;0,0085254668038628;835;NA;NA
7;37.3055886139219;11.6795982434232;0,0179088211036231;835;NA;NA
61;37.4450811041191;8.60241333334866;0,0207261988420047;835;NA;NA
1;37.6197302240512;1.25028333333333;0,0231425162214741;835;NA;NA
12;53.7239021672772;4.07467528582529;0;836;NA;NA
6;53.4841764929515;7.06422917915418;0,0085254668038628;836;NA;NA
7;53.6740843935288;5.70187738095238;0,0179088211036231;836;NA;NA
61;53.3814159254069;4.69924667999103;0,0207261988420047;836;NA;NA
1;52.7200045724737;0.99195;0,0231425162214741;836;NA;NA
12;43.525526967477;13.6517271922522;0;837;NA;NA
6;42.6736956876457;9.87059995004995;0,0085254668038628;837;NA;NA
7;41.6218760440983;5.71163658563659;0,0179088211036231;837;NA;NA
61;41.874918668983;6.65269096319929;0,0207261988420047;837;NA;NA
1;42.5287608596251;4.5782;0,0231425162214741;837;NA;NA
23;125.033762361128;112.384269169473;0;838;NA;NA
12;127.036229649671;62.7744433984244;0,0063254810769803;838;NA;NA
16;127.317014215489;66.7406199760078;0,016012173805546;838;NA;NA
31;130.706909814377;65.6342850595816;0,0196453403942287;838;NA;NA
1;132.332192192192;16.9937;0,0221550370806903;838;NA;NA
23;131.837321230094;97.4513703473747;0;839;NA;NA
12;134.163039448674;60.051338950478;0,0063254810769803;839;NA;NA
16;133.461852945425;84.6384150617399;0,016012173805546;839;NA;NA
31;135.686089313945;86.7147230923293;0,0196453403942287;839;NA;NA
1;138.654144144144;11.2646166666667;0,0221550370806903;839;NA;NA
10;118.292100417638;83.1047347471972;0;840;NA;NA
6;120.268533587978;112.061867413142;0,0069498972474807;840;NA;NA
12;116.054780992447;63.6237428446897;0,0161469270133294;840;NA;NA
21;121.123097869013;113.322923078362;0,0196710977685201;840;NA;NA
0;123.317049808429;5.15866666666667;0,0222257594382337;840;NA;NA
10;106.38201715923;43.0442269577645;0;841;NA;NA
6;103.852081396526;44.4902694028194;0,0069498972474807;841;NA;NA
12;104.183367426386;25.1618143784191;0,0161469270133294;841;NA;NA
21;106.611086789834;58.5997475696689;0,0196710977685201;841;NA;NA
0;108.829501915709;0.846333333333333;0,0222257594382337;841;NA;NA
10;57.5888532370407;8.11781871323121;0;842;NA;NA
6;58.0260038065594;11.26309504662;0,0069498972474807;842;NA;NA
12;56.8658055423679;19.2753690749996;0,0161469270133294;842;NA;NA
21;60.4009792281169;22.0568869895046;0,0196710977685201;842;NA;NA
0;62.4420498084291;0.601166666666667;0,0222257594382337;842;NA;NA
7;284.370219264069;147.804297907648;0;843;NA;NA
3;279.950818076979;115.618772619048;0,0068795871126675;843;NA;NA
3;283.509252109252;81.3312523809524;0,0164277344887988;843;NA;NA
8;285.189692804418;141.79062461705;0,0201606919445693;843;NA;NA
0;286.81051175657;2.19833333333333;0,0225401981419897;843;NA;NA
7;70.4283258297258;46.9053502164502;0;844;NA;NA
3;68.6118735284225;24.201930952381;0,0068795871126675;844;NA;NA
3;67.1753134086467;13.6774952380952;0,0164277344887988;844;NA;NA
8;65.6656936369186;12.3629715034965;0,0201606919445693;844;NA;NA
0;65.4806362378976;0.277833333333333;0,0225401981419897;844;NA;NA
7;36.0934223304473;12.0031023448773;0;845;NA;NA
3;34.4263106049685;13.299480952381;0,0068795871126675;845;NA;NA
3;33.2897874064541;19.0077928571429;0,0164277344887988;845;NA;NA
8;37.0795446053946;37.6835257464757;0,0201606919445693;845;NA;NA
0;38.6763485477178;0.395;0,0225401981419897;845;NA;NA
7;73.8045340548341;92.6461461760462;0;846;NA;NA
3;72.2362253487254;78.866594047619;0,0068795871126675;846;NA;NA
2;74.3794723294723;69.22555;0,0164277344887988;846;NA;NA
8;75.9525021645022;38.892215007215;0,0201606919445693;846;NA;NA
0;77.1320885200553;0.768833333333333;0,0225401981419897;846;NA;NA
146;98.0272347860876;6.68176887873233;0;847;NA;NA
33;97.8589204883717;5.56310348269619;0,0070080867325537;847;NA;NA
48;98.379578052435;6.52419157152331;0,0174375566748423;847;NA;NA
15;97.7392276717048;4.94486321375133;0,0213978027933252;847;NA;NA
19;97.8227759994218;6.59935200519538;0,0272998670286538;847;NA;NA
146;20.9958144585504;1.57554558769348;0;848;NA;NA
33;20.9551965363385;1.3595691511942;0,0070080867325537;848;NA;NA
48;20.8272486976544;1.35844918377553;0,0174375566748423;848;NA;NA
15;20.5199584365583;1.53929471093062;0,0213978027933252;848;NA;NA
19;21.1782789100176;2.04199391215584;0,0272998670286538;848;NA;NA
146;11.1679350258095;0.879691654232074;0;849;NA;NA
33;11.0952419543204;0.79594911182766;0,0070080867325537;849;NA;NA
48;11.0603797132968;1.25138408739116;0,0174375566748423;849;NA;NA
15;10.7285411569554;0.643478236679901;0,0213978027933252;849;NA;NA
19;10.9631349693024;0.461755692713495;0,0272998670286538;849;NA;NA
146;10.0290047980925;0.919119421846459;0;850;NA;NA
33;10.0101191052882;0.78631336731247;0,0070080867325537;850;NA;NA
48;9.81158968909037;0.836162877267273;0,0174375566748423;850;NA;NA
15;9.72593158528778;0.720712089372616;0,0213978027933252;850;NA;NA
19;9.65564246881766;1.14971680646943;0,0272998670286538;850;NA;NA
146;23.4311395918338;1.62277009657459;0;851;NA;NA
33;23.4951204222624;1.6400418552405;0,0070080867325537;851;NA;NA
48;23.1701374834428;1.32830284003045;0,0174375566748423;851;NA;NA
15;23.1476720474357;1.30549202402774;0,0213978027933252;851;NA;NA
19;23.3268974452351;3.21623806589568;0,0272998670286538;851;NA;NA
6;85.9818526814574;10.8155534858694;0;852;NA;NA
2;86.003322407751;3.60599438571429;0,0074921711557926;852;NA;NA
6;86.4588690428183;12.0640431170177;0,0166097289597486;852;NA;NA
16;85.4468677256155;6.12162941253436;0,0201883904834674;852;NA;NA
43;86.4375259958193;7.00683182225906;0,0264597222370413;852;NA;NA
6;7.97999081998557;1.05385889506854;0;853;NA;NA
2;7.80603597196454;0.955418399047619;0,0074921711557926;853;NA;NA
6;7.55782857634033;0.846847678120491;0,0166097289597486;853;NA;NA
16;7.7413890678579;0.727693604846611;0,0201883904834674;853;NA;NA
43;7.9497992377615;0.819091075406766;0,0264597222370413;853;NA;NA
64;65.9875130020562;6.95669066930135;0;854;NA;NA
14;66.0531469893429;6.70303920036383;0,0074521982207118;854;NA;NA
10;65.734773506515;6.67414508587138;0,0176384040124342;854;NA;NA
47;66.534817591333;6.19806555870606;0,0211368673544091;854;NA;NA
52;65.8526507472867;9.4806456763748;0,0273525355218525;854;NA;NA
64;5.35724809235458;0.327858154640549;0;855;NA;NA
14;5.31432291655552;0.305887715559134;0,0074521982207118;855;NA;NA
10;5.02598609061604;0.27791462899042;0,0176384040124342;855;NA;NA
47;5.23256030990942;0.2593461602544;0,0211368673544091;855;NA;NA
52;4.94105946510622;0.35437707111144;0,0273525355218525;855;NA;NA
66;88.8311381271515;6.62241060583352;0;856;NA;NA
15;88.9013996084171;6.37925422768979;0,0073211454942078;856;NA;NA
25;88.0165015510373;6.61346270310988;0,0175450097219236;856;NA;NA
40;87.8387750259991;7.09739731349214;0,0209473569256237;856;NA;NA
4;89.9670619761905;12.8796187469048;0,0270301424368627;856;NA;NA
66;13.6761065215173;0.619780595020697;0;857;NA;NA
15;13.4707747826591;1.27700273984997;0,0073211454942078;857;NA;NA
25;13.3885698732436;1.65052955054466;0,0175450097219236;857;NA;NA
39;13.5095468170465;0.557171849509122;0,0209473569256237;857;NA;NA
3;13.5938655238095;0.248929223809524;0,0270301424368627;857;NA;NA
66;7.18711602978855;0.411095251771076;0;858;NA;NA
15;7.20548514299894;0.347243897520054;0,0073211454942078;858;NA;NA
25;7.48041294271673;2.37860487716538;0,0175450097219236;858;NA;NA
39;7.25923558822746;0.277259634863842;0,0209473569256237;858;NA;NA
4;7.14758388095238;0.0905412107142858;0,0270301424368627;858;NA;NA
66;5.38198392853729;0.199608555406182;0;859;NA;NA
15;5.37608048730563;0.16816299169589;0,0073211454942078;859;NA;NA
25;5.22725097184745;0.144147175326437;0,0175450097219236;859;NA;NA
39;5.25270414598594;0.204192542466536;0,0209473569256237;859;NA;NA
4;5.00302748809524;0.346085657261905;0,0270301424368627;859;NA;NA
66;4.51361617640102;0.152778289401129;0;860;NA;NA
15;4.53937214826458;0.131165642845579;0,0073211454942078;860;NA;NA
25;4.45205435879971;0.244204056148321;0,0175450097219236;860;NA;NA
39;4.45921392060836;0.160489394472239;0,0209473569256237;860;NA;NA
4;4.41403663095238;0.113480319404762;0,0270301424368627;860;NA;NA
66;14.0316909546272;0.672200855747767;0;861;NA;NA
15;14.0996773470013;0.616437081949314;0,0073211454942078;861;NA;NA
24;14.066244709121;0.705977283476838;0,0175450097219236;861;NA;NA
39;14.0204147361773;0.425624670434157;0,0209473569256237;861;NA;NA
4;14.1855193690476;0.235015470833333;0,0270301424368627;861;NA;NA
66;8.54881538226355;0.626885803691695;0;862;NA;NA
15;8.64490420923716;0.609271815796776;0,0073211454942078;862;NA;NA
25;8.3734190942255;0.92185429365682;0,0175450097219236;862;NA;NA
39;8.46516663320199;0.743375422302494;0,0209473569256237;862;NA;NA
4;8.45321601190476;0.4025969825;0,0270301424368627;862;NA;NA
49;56.7276209283758;4.88420782900071;0;863;NA;NA
35;56.9143623594073;4.18714566092112;0,0067341851003098;863;NA;NA
22;56.5780355989364;6.77222714910101;0,0161963046860552;863;NA;NA
69;56.4039149658823;7.86395216205458;0,0191326311666554;863;NA;NA
0;56.4740384615385;0.03909;0,0225361926211758;863;NA;NA
49;7.38218782882938;0.358019860032071;0;864;NA;NA
35;7.3427414640298;0.315729416725826;0,0067341851003098;864;NA;NA
22;7.40235675469009;0.325301375181503;0,0161963046860552;864;NA;NA
69;7.47033826551228;0.310287384462669;0,0191326311666554;864;NA;NA
0;7.45576923076923;0.00049;0,0225361926211758;864;NA;NA
49;5.58899188552653;0.203053680184271;0;865;NA;NA
35;5.59341565082347;0.183739284907353;0,0067341851003098;865;NA;NA
22;5.59947147051012;0.196342457534365;0,0161963046860552;865;NA;NA
69;5.62332210237895;0.202349387829497;0,0191326311666554;865;NA;NA
0;5.50817307692308;0.000885000000000001;0,0225361926211758;865;NA;NA
5;40.9724662360773;1.72826442460317;0;866;NA;NA
3;41.1624452022015;1.11671355952381;0,0074884659321461;866;NA;NA
3;41.7088343613784;1.12264743650794;0,0169596910797507;866;NA;NA
29;41.400330953431;1.35068349713885;0,0203594719781342;866;NA;NA
1;41.1513540010599;0.2834215;0,0225340775051428;866;NA;NA
4;85.646969599274;6.45059522619048;0;867;NA;NA
3;85.3882582085253;4.1549200952381;0,0074884659321461;867;NA;NA
3;84.8026752117247;4.03120563095238;0,0169596910797507;867;NA;NA
27;85.4178588595347;5.85210853926117;0,0203594719781342;867;NA;NA
1;85.7178245892952;1.66493116666667;0,0225340775051428;867;NA;NA
5;48.1350269714159;1.20418067857143;0;868;NA;NA
3;48.6428394352716;2.75172057142857;0,0074884659321461;868;NA;NA
3;47.8565215889465;2.32054552380952;0,0169596910797507;868;NA;NA
29;48.1744138387051;2.59834464025249;0,0203594719781342;868;NA;NA
1;48.3574615792263;0.492536333333333;0,0225340775051428;868;NA;NA
4;43.7687105162706;0.850258547619049;0;869;NA;NA
3;43.7759371679706;0.615932333333334;0,0074884659321461;869;NA;NA
3;44.0791092214664;1.36287344047619;0,0169596910797507;869;NA;NA
25;44.0653560505373;2.41850926417864;0,0203594719781342;869;NA;NA
1;43.7734049255441;0.4530085;0,0225340775051428;869;NA;NA
5;26.7968901838346;0.874222138888889;0;870;NA;NA
3;27.3510309882747;0.699951964285715;0,0074884659321461;870;NA;NA
3;27.2818188995806;0.60084346031746;0,0169596910797507;870;NA;NA
29;27.0506531738797;1.19114713555388;0,0203594719781342;870;NA;NA
1;26.7400662427133;0.405053166666667;0,0225340775051428;870;NA;NA
5;11.7998422628978;0.841902416666667;0;871;NA;NA
3;12.1145967471496;0.824110107142857;0,0074884659321461;871;NA;NA
3;11.9166818748442;0.509091;0,0169596910797507;871;NA;NA
26;11.9038846485038;0.902997441469526;0,0203594719781342;871;NA;NA
1;11.8421249318058;0.296315166666667;0,0225340775051428;871;NA;NA
5;11.9796254190699;0.294606182539683;0;872;NA;NA
3;11.7460685570711;0.256726416666667;0,0074884659321461;872;NA;NA
3;11.7302406036681;0.408014281746032;0,0169596910797507;872;NA;NA
29;11.6293643431226;0.418000139657875;0,0203594719781342;872;NA;NA
1;11.5227053524112;0.0508578333333334;0,0225340775051428;872;NA;NA
5;21.7879367462701;0.289878865079365;0;873;NA;NA
3;22.1504769083513;0.512514952380952;0,0074884659321461;873;NA;NA
3;21.9508151574965;0.46253544047619;0,0169596910797507;873;NA;NA
29;22.0874508421281;0.749585852143245;0,0203594719781342;873;NA;NA
1;22.0827927927928;0.215940666666667;0,0225340775051428;873;NA;NA
5;21.7901199612311;0.207320214285715;0;874;NA;NA
3;21.9921939459201;0.23187586904762;0,0074884659321461;874;NA;NA
3;22.0017655646024;0.423050043650794;0,0169596910797507;874;NA;NA
28;21.9184819169611;0.556783003714084;0,0203594719781342;874;NA;NA
1;21.7660539215686;0.123030166666667;0,0225340775051428;874;NA;NA
4;3.65885536329981;0.162543301587302;0;875;NA;NA
3;3.9964347041847;0.21596375;0,0074884659321461;875;NA;NA
3;3.95507803956656;0.178197;0,0169596910797507;875;NA;NA
29;3.95556071572948;0.217380245940466;0,0203594719781342;875;NA;NA
1;3.88285638579756;0.04928;0,0225340775051428;875;NA;NA
5;3.74889496639497;0.0924279960317461;0;876;NA;NA
3;3.83196123474515;0.103137357142857;0,0074884659321461;876;NA;NA
3;3.93507360802698;0.182548634920635;0,0169596910797507;876;NA;NA
28;3.91611517277266;0.262888171070617;0,0203594719781342;876;NA;NA
1;3.78391339869281;0.0628248333333333;0,0225340775051428;876;NA;NA
7;277.39409247891;40.8655705038573;0;877;NA;NA
5;277.363259569422;39.5800750439006;0,0072651763891384;877;NA;NA
4;276.041540137494;47.530430747114;0,0165934680829221;877;NA;NA
24;275.487577848321;54.941013317717;0,019799789824116;877;NA;NA
0;273.993574023615;4.38077750000001;0,0222523983054893;877;NA;NA
7;53.3302907001332;2.92685190351315;0;878;NA;NA
5;53.9295672702937;4.72043898518148;0,0072651763891384;878;NA;NA
4;53.5167828516513;3.12744418470418;0,0165934680829221;878;NA;NA
24;53.1024371125303;3.56164596326951;0,019799789824116;878;NA;NA
0;51.9299727520436;0.148931666666667;0,0222523983054893;878;NA;NA
7;19.2713476221001;0.304203141386391;0;879;NA;NA
5;19.174692857243;0.310286705017205;0,0072651763891384;879;NA;NA
4;19.0503959636854;0.488903873737373;0,0165934680829221;879;NA;NA
24;18.8474625250247;0.584882285863416;0,019799789824116;879;NA;NA
0;18.5463442325159;0.0287608333333333;0,0222523983054893;879;NA;NA
7;21.9240821270396;1.11494380150405;0;880;NA;NA
5;22.1064727212222;1.13811415406815;0,0072651763891384;880;NA;NA
4;22.0611877559575;1.43936478968254;0,0165934680829221;880;NA;NA
24;21.8569491075712;1.6245267566523;0,019799789824116;880;NA;NA
0;21.1782924613987;0.0573950000000001;0,0222523983054893;880;NA;NA
7;18.34895746115;1.18682624178599;0;881;NA;NA
5;18.3156777246356;0.818466183150183;0,0072651763891384;881;NA;NA
4;18.3110588935918;0.845567374098124;0,0165934680829221;881;NA;NA
24;18.1815108820964;1.03290723927371;0,019799789824116;881;NA;NA
0;17.7515667574932;0.103825833333333;0,0222523983054893;881;NA;NA
7;49.8665406704407;3.17216056105006;0;882;NA;NA
5;50.285568259952;3.96700093623044;0,0072651763891384;882;NA;NA
4;49.7322847583703;3.02332043759019;0,0165934680829221;882;NA;NA
24;49.397830754039;3.07413202146603;0,019799789824116;882;NA;NA
0;48.8103088101726;0.262988333333333;0,0222523983054893;882;NA;NA
7;25.4752570326895;1.55103921181596;0;883;NA;NA
5;25.6377319171032;1.53048912340437;0,0072651763891384;883;NA;NA
4;25.7764520567152;2.07892574891775;0,0165934680829221;883;NA;NA
24;25.6345814999559;1.99523865533317;0,019799789824116;883;NA;NA
0;25.0554495912807;0.10608;0,0222523983054893;883;NA;NA
4;314.66953695687;57.2802451587301;0;884;NA;NA
2;312.51855306416;56.3535869166667;0,0073723565356329;884;NA;NA
5;306.838719047619;233.248012515873;0,0160515082978395;884;NA;NA
11;304.412970986448;60.3894494998384;0,0191069592657503;884;NA;NA
4;33.0905134279301;0.883051337301586;0;885;NA;NA
2;33.0608394976113;1.02665675;0,0073723565356329;885;NA;NA
5;33.1600798015873;4.05296841666667;0,0160515082978395;885;NA;NA
11;32.63072754036;3.51995585737384;0,0191069592657503;885;NA;NA
4;26.8507265111432;0.492399932539682;0;886;NA;NA
2;26.8776909641958;0.454112380952381;0,0073723565356329;886;NA;NA
5;26.6386948412698;0.713484738095238;0,0160515082978395;886;NA;NA
11;26.9323186636648;1.07710866355295;0,0191069592657503;886;NA;NA
4;14.2611443001443;0.627539166666667;0;887;NA;NA
2;14.1777499101043;0.498563702380953;0,0073723565356329;887;NA;NA
5;14.0222064285714;0.436748119047619;0,0160515082978395;887;NA;NA
11;13.8790266281431;0.577874595998773;0,0191069592657503;887;NA;NA
4;13.9279547859548;0.819822309523809;0;888;NA;NA
2;13.8369866954333;0.628338;0,0073723565356329;888;NA;NA
5;13.5276536507937;0.518437015873016;0,0160515082978395;888;NA;NA
11;13.502048549906;0.529361280589509;0,0191069592657503;888;NA;NA
4;24.2892512425846;1.1931923968254;0;889;NA;NA
2;24.120809446756;0.969807321428572;0,0073723565356329;889;NA;NA
5;23.5161453174603;1.54702038095238;0,0160515082978395;889;NA;NA
11;23.2903554549454;1.09510635609733;0,0191069592657503;889;NA;NA
4;24.7809761103094;0.67299103968254;0;890;NA;NA
2;24.7854787589254;0.492149166666667;0,0073723565356329;890;NA;NA
5;24.6593352777778;1.56501559920635;0,0160515082978395;890;NA;NA
11;24.7171981372875;0.72049112231396;0,0191069592657503;890;NA;NA
18;137.506013074147;15.8254087075951;0;891;NA;NA
8;136.030706282655;14.8328670851061;0,0078782684292557;891;NA;NA
11;136.063438964591;15.0895908514921;0,0168663411284771;891;NA;NA
66;135.025438339867;15.5922673194718;0,0202421398084005;891;NA;NA
2;135.047594180529;7.12742492857143;0,0225362586396553;891;NA;NA
18;35.7248717168763;1.4226627570601;0;892;NA;NA
8;35.5159366552483;1.45485562546685;0,0078782684292557;892;NA;NA
11;35.4771475565203;1.12520216140597;0,0168663411284771;892;NA;NA
66;35.3150788720947;1.50156832568714;0,0202421398084005;892;NA;NA
2;35.3484459498085;0.880862023809525;0,0225362586396553;892;NA;NA
18;17.2301340624988;0.593367058095023;0;893;NA;NA
8;17.0251953987679;0.612409106800063;0,0078782684292557;893;NA;NA
11;16.7758051286008;0.485731560104455;0,0168663411284771;893;NA;NA
66;16.8456331297343;0.478343397905401;0,0202421398084005;893;NA;NA
2;16.8345458183273;0.306832333333333;0,0225362586396553;893;NA;NA
18;11.4107952745019;0.484270374734456;0;894;NA;NA
8;11.177850661479;0.468648480712099;0,0078782684292557;894;NA;NA
11;11.2777216757799;0.511355521061025;0,0168663411284771;894;NA;NA
66;10.961169040956;0.497679899041344;0,0202421398084005;894;NA;NA
2;10.7824209683874;0.233850333333333;0,0225362586396553;894;NA;NA
18;14.0846310828412;0.293653237800625;0;895;NA;NA
8;13.920273752016;0.327236726696506;0,0078782684292557;895;NA;NA
11;13.8819792837774;0.368637516246524;0,0168663411284771;895;NA;NA
66;13.8356036394493;0.357895358104936;0,0202421398084005;895;NA;NA
2;13.7384759618133;0.108998190476191;0,0225362586396553;895;NA;NA
18;24.333070964758;0.878702842606665;0;896;NA;NA
8;24.0587374645779;0.885499122723682;0,0078782684292557;896;NA;NA
11;24.1758296732503;0.905859244000109;0,0168663411284771;896;NA;NA
66;23.8105056261094;1.37854409079782;0,0202421398084005;896;NA;NA
2;23.47572343223;0.798981428571429;0,0225362586396553;896;NA;NA
18;17.5569373390492;0.702140264090136;0;897;NA;NA
8;17.4348782560005;0.543707537200545;0,0078782684292557;897;NA;NA
11;17.3612758153585;0.423143356612686;0,0168663411284771;897;NA;NA
66;17.3431448105058;0.635443958528949;0,0202421398084005;897;NA;NA
2;17.3491736694678;0.372568166666666;0,0225362586396553;897;NA;NA
13;141.50832316907;21.9594063964398;0;898;NA;NA
8;142.647513780068;16.2439738809255;0,007348773942729;898;NA;NA
9;143.185868281914;18.2667828195448;0,0166914466684563;898;NA;NA
40;142.535940816748;18.1020456874732;0,020008890929059;898;NA;NA
1;140.917438811189;3.6000225;0,0224423784504096;898;NA;NA
13;34.9486167050249;1.28340829173102;0;899;NA;NA
8;35.2478387546277;1.93728076132364;0,007348773942729;899;NA;NA
9;35.251406207469;2.63498149786814;0,0166914466684563;899;NA;NA
40;35.1043396558573;3.50782085254996;0,020008890929059;899;NA;NA
1;35.0326573426573;0.843463666666667;0,0224423784504096;899;NA;NA
13;30.4875074821639;5.0601516173672;0;900;NA;NA
8;30.5882059777967;3.03101478125959;0,007348773942729;900;NA;NA
9;31.0424144575196;3.55714641221687;0,0166914466684563;900;NA;NA
40;30.6033920952689;3.93431185485037;0,020008890929059;900;NA;NA
1;29.8863228438228;0.617338;0,0224423784504096;900;NA;NA
13;18.3812307460982;1.34505902012921;0;901;NA;NA
8;18.4794797630637;1.48636504923998;0,007348773942729;901;NA;NA
9;19.01127909388;2.42885265997565;0,0166914466684563;901;NA;NA
40;18.6945779624305;2.69480969566576;0,020008890929059;901;NA;NA
1;18.1257750582751;0.211201333333333;0,0224423784504096;901;NA;NA
13;16.6390013682963;0.756159707153184;0;902;NA;NA
8;16.4294169695827;0.723135901280093;0,007348773942729;902;NA;NA
9;16.5659666675889;0.683750062017231;0,0166914466684563;902;NA;NA
40;16.2940791455636;0.639426451967124;0,020008890929059;902;NA;NA
1;16.1165238927739;0.1089105;0,0224423784504096;902;NA;NA
13;36.9763201894906;1.71388870310984;0;903;NA;NA
8;37.3707692258069;1.85591610603449;0,007348773942729;903;NA;NA
9;37.2237666952492;1.82838888133272;0,0166914466684563;903;NA;NA
40;36.6637053324804;1.85582454248463;0,020008890929059;903;NA;NA
1;36.3143735431235;0.239032833333333;0,0224423784504096;903;NA;NA
13;30.5815341261529;2.06781856173749;0;904;NA;NA
8;30.9367424607092;1.72114266904174;0,007348773942729;904;NA;NA
9;30.8983844419469;1.98859474563182;0,0166914466684563;904;NA;NA
40;30.4488850850102;2.01204521090042;0,020008890929059;904;NA;NA
1;29.9745979020979;0.231757;0,0224423784504096;904;NA;NA
5;223.560797066908;107.322968039683;0;905;NA;NA
5;222.480437510822;54.0481848556999;0,007627786225207;905;NA;NA
9;221.662644303303;59.6054013981534;0,016571695782774;905;NA;NA
45;223.885797403861;47.7788491052478;0,0196099458953746;905;NA;NA
1;223.85693877551;10.0558413333333;0,0221024212662209;905;NA;NA
5;35.5944204521982;2.2808738015873;0;906;NA;NA
5;35.1576545815296;2.09420112842713;0,007627786225207;906;NA;NA
9;35.3451859485857;2.15372715505981;0,016571695782774;906;NA;NA
45;35.3815065362755;2.42928338475058;0,0196099458953746;906;NA;NA
1;34.7604988662132;0.328350333333333;0,0221024212662209;906;NA;NA
5;29.2946776935666;5.93406761111111;0;907;NA;NA
5;28.6702242316017;4.63773478391053;0,007627786225207;907;NA;NA
9;28.955622308737;4.67575353862967;0,016571695782774;907;NA;NA
45;29.3885636930862;2.78145058706155;0,0196099458953746;907;NA;NA
1;29.5115192743764;0.447190333333333;0,0221024212662209;907;NA;NA
5;15.9254571237905;0.760552738095238;0;908;NA;NA
5;15.845461991342;1.08523445382395;0,007627786225207;908;NA;NA
9;15.7554867328995;0.52795623882082;0,016571695782774;908;NA;NA
45;15.6965357892551;0.66289983996089;0,0196099458953746;908;NA;NA
1;15.7844444444444;0.0915696666666666;0,0221024212662209;908;NA;NA
5;12.5380800244689;0.552921575396825;0;909;NA;NA
5;12.4439675036075;0.394571702741703;0,007627786225207;909;NA;NA
9;12.4765006563371;0.415422059956384;0,016571695782774;909;NA;NA
45;12.5902582099892;0.37534941189569;0,0196099458953746;909;NA;NA
1;12.6156462585034;0.0368716666666666;0,0221024212662209;909;NA;NA
5;24.8151361679139;0.691010253968254;0;910;NA;NA
5;24.409629534632;0.946449993867245;0,007627786225207;910;NA;NA
9;24.665573755044;0.870017311788702;0,016571695782774;910;NA;NA
45;24.8552654855885;1.37850759569679;0,0196099458953746;910;NA;NA
1;25.1963643235072;0.273348666666667;0,0221024212662209;910;NA;NA
5;24.042829218107;1.95586690873016;0;911;NA;NA
5;23.649756984127;1.24414222294372;0,007627786225207;911;NA;NA
9;23.3995990097484;1.77436821713254;0,016571695782774;911;NA;NA
45;23.6258792374193;1.09002266092349;0,0196099458953746;911;NA;NA
1;23.5290476190476;0.188346333333333;0,0221024212662209;911;NA;NA
38;119.89467067957;15.8509095771957;0;912;NA;NA
21;119.434336656035;16.5274453905938;0,0077424894388103;912;NA;NA
28;119.230135765285;14.1076190838514;0,0169749508018048;912;NA;NA
139;119.169920077012;13.1595742397044;0,0201622726621147;912;NA;NA
3;119.583287505623;10.3243805039683;0,0238569315474879;912;NA;NA
38;27.842497942774;1.57869138356742;0;913;NA;NA
21;27.8456348473123;1.85722298240636;0,0077424894388103;913;NA;NA
28;27.7904117444862;1.46677944433086;0,0169749508018048;913;NA;NA
139;27.8724084713904;1.55063423092346;0,0201622726621147;913;NA;NA
3;27.659970920892;0.734023301587301;0,0238569315474879;913;NA;NA
38;22.5806900827667;2.07081516805557;0;914;NA;NA
21;22.3539071866512;1.69416724260681;0,0077424894388103;914;NA;NA
28;22.0731672412442;1.39024169114389;0,0169749508018048;914;NA;NA
139;22.3418757314986;1.11839716260779;0,0201622726621147;914;NA;NA
3;22.4991849415205;0.691685527777778;0,0238569315474879;914;NA;NA
38;14.8669765896583;0.55985347967804;0;915;NA;NA
21;14.8822077402897;0.717240330005848;0,0077424894388103;915;NA;NA
28;14.8193677122027;0.57596618745347;0,0169749508018048;915;NA;NA
139;15.023143475874;0.667897228604577;0,0201622726621147;915;NA;NA
3;15.3442564745196;0.472350277777778;0,0238569315474879;915;NA;NA
38;9.59167364635215;0.35572462927412;0;916;NA;NA
21;9.58055968916264;0.363843321591566;0,0077424894388103;916;NA;NA
28;9.46507733146364;0.307532041351162;0,0169749508018048;916;NA;NA
139;9.60537692647613;0.356847224265042;0,0201622726621147;916;NA;NA
3;9.65260723925198;0.250705523809524;0,0238569315474879;916;NA;NA
38;31.6599943635108;0.893466611410715;0;917;NA;NA
21;31.6473840270157;1.31563944318435;0,0077424894388103;917;NA;NA
28;31.5085255069426;1.59418535363074;0,0169749508018048;917;NA;NA
139;31.5990240151436;1.69223659231816;0,0201622726621147;917;NA;NA
3;31.8805159533449;1.02620761904762;0,0238569315474879;917;NA;NA
38;20.1708946397707;1.64849176574656;0;918;NA;NA
21;20.6524377471774;3.69988667580821;0,0077424894388103;918;NA;NA
28;20.4526614593513;1.41364299098783;0,0169749508018048;918;NA;NA
139;20.6002042121446;1.51746294616957;0,0201622726621147;918;NA;NA
3;20.4783602435576;0.933263515873016;0,0238569315474879;918;NA;NA
23;92.5285692589061;10.8321032598981;0;919;NA;NA
18;93.0942081155064;8.08721581647599;0,0065648962027494;919;NA;NA
80;94.2592098619501;12.7208725730084;0,0158846510244489;919;NA;NA
30;92.3641081660884;13.6102635520356;0,0192346566323949;919;NA;NA
5;90.5802346428571;11.2481430119048;0,0256962990648763;919;NA;NA
23;11.4836321411828;1.46308394070658;0;920;NA;NA
18;11.7285875519562;1.36967365020778;0,0065648962027494;920;NA;NA
80;12.2582665130409;1.53514400625631;0,0158846510244489;920;NA;NA
30;11.7225448723431;1.94028501456894;0,0192346566323949;920;NA;NA
5;10.9715349285714;0.72953321952381;0,0256962990648763;920;NA;NA
23;9.87431463795568;0.705505621942728;0;921;NA;NA
18;10.0506727260599;0.714907101311665;0,0065648962027494;921;NA;NA
80;10.1761757535602;0.669180380356055;0,0158846510244489;921;NA;NA
30;9.963829145313;0.582514181207819;0,0192346566323949;921;NA;NA
5;8.83226452380952;0.926788880952381;0,0256962990648763;921;NA;NA
58;128.708806239008;161.241048143092;0;922;NA;NA
34;129.319456407658;156.760137292998;0,006642203687443;922;NA;NA
30;124.373113903147;160.337507128582;0,0158446396438112;922;NA;NA
58;126.887613312137;192.135694078149;0,0192914408164442;922;NA;NA
4;131.69398568254;286.284262188254;0,0251010309918186;922;NA;NA
58;12.5963083761443;1.67206664928834;0;923;NA;NA
34;12.6950744613904;1.62311675821914;0,006642203687443;923;NA;NA
30;12.2227333537737;1.74217043655877;0,0158446396438112;923;NA;NA
58;12.4153705898542;1.59780268146491;0,0192914408164442;923;NA;NA
4;12.9004753214286;1.78649839035714;0,0251010309918186;923;NA;NA
58;7.81617022160918;0.79722691637502;0;924;NA;NA
34;7.87249492581345;0.763109978167435;0,006642203687443;924;NA;NA
30;7.56647272564691;0.746284192844524;0,0158446396438112;924;NA;NA
58;7.66138804089214;0.829253355040586;0,0192914408164442;924;NA;NA
4;7.82238375793651;0.990201996230159;0,0251010309918186;924;NA;NA
38;91.4633171308144;6.24916277703997;0;925;NA;NA
25;91.1240158428284;7.88841067412152;0,0067263674290662;925;NA;NA
25;91.4622540378919;7.77883036767917;0,0156881856320975;925;NA;NA
47;90.9699353434204;10.2923577391348;0,0190212888168888;925;NA;NA
4;90.5034135008024;10.267113855873;0,0231629875667501;925;NA;NA
38;6.40601403026712;0.159871003362201;0;926;NA;NA
25;6.36122415830227;0.18100315087624;0,0067263674290662;926;NA;NA
25;6.34346086349213;0.205289284676366;0,0156881856320975;926;NA;NA
47;6.39066816320382;0.176305296876803;0,0190212888168888;926;NA;NA
4;6.30869919522697;0.172848985515873;0,0231629875667501;926;NA;NA
10;87.1168738849549;17.2534293772421;0;927;NA;NA
12;89.0916963795458;21.1862853731294;0,0073545432388106;927;NA;NA
12;89.6896010581348;22.6721354775818;0,0159002265756879;927;NA;NA
24;88.731424579292;18.4226893088702;0,0196577805868491;927;NA;NA
5;92.5472358469581;25.6777001547619;0,023386768975558;927;NA;NA
10;14.1572468316487;0.741528298822093;0;928;NA;NA
12;14.1455975386829;0.831312695395978;0,0073545432388106;928;NA;NA
12;14.3155569495812;0.659109135314518;0,0159002265756879;928;NA;NA
24;14.1882745002565;0.693624744798877;0,0196577805868491;928;NA;NA
5;14.3538433671767;0.636374214285714;0,023386768975558;928;NA;NA
10;11.8063012709839;0.366417034796902;0;929;NA;NA
12;11.9867858865919;0.394593123103161;0,0073545432388106;929;NA;NA
12;11.9995124273594;0.728279767403537;0,0159002265756879;929;NA;NA
24;11.9101679842429;0.556472189245562;0,0196577805868491;929;NA;NA
5;12.2045033922812;0.556661174603175;0,023386768975558;929;NA;NA
24;45.0894830499431;2.18186108152009;0;930;NA;NA
9;44.4814079494199;2.70864432223169;0,0051479336891234;930;NA;NA
12;44.165988631256;2.55579416305971;0,0151560925703375;930;NA;NA
50;44.272314498936;2.68618790587912;0,0181330202389899;930;NA;NA
65;44.4031969768472;3.11841928261391;0,0247029100690259;930;NA;NA
24;4.69300676038818;0.132671606994596;0;931;NA;NA
9;4.67587602639191;0.116511092507166;0,0051479336891234;931;NA;NA
12;4.62275809561385;0.10789477420909;0,0151560925703375;931;NA;NA
50;4.57950815722067;0.0903770802991372;0,0181330202389899;931;NA;NA
65;4.59668432724776;0.058712110364367;0,0247029100690259;931;NA;NA
24;3.33041304560995;0.0832215596866799;0;932;NA;NA
9;3.26505069801114;0.0805202379597527;0,0051479336891234;932;NA;NA
12;3.29161759544379;0.0898084547534266;0,0151560925703375;932;NA;NA
50;3.28185113166577;0.0971792038133645;0,0181330202389899;932;NA;NA
65;3.22753179118001;0.0721992553102258;0,0247029100690259;932;NA;NA
11;48.68474495782;2.19136589066489;0;933;NA;NA
4;48.3195769622834;2.70892875396826;0,0050795940261274;933;NA;NA
5;47.5375520839796;2.99937261602287;0,0151849780382724;933;NA;NA
25;47.2630649919216;2.76990041381716;0,0179446567196261;933;NA;NA
29;48.0959106092108;3.17058064815575;0,0245742685118953;933;NA;NA
11;2.82227616050616;0.033720286990787;0;934;NA;NA
4;2.76973350808213;0.0377891984126984;0,0050795940261274;934;NA;NA
5;2.74202581993368;0.0542804149461649;0,0151849780382724;934;NA;NA
25;2.74446523847819;0.0607481594982795;0,0179446567196261;934;NA;NA
29;2.76737003700193;0.0429922162987965;0,0245742685118953;934;NA;NA
11;2.69215020729271;0.0454857874070374;0;935;NA;NA
4;2.59644046405514;0.0582070396825397;0,0050795940261274;935;NA;NA
5;2.41662068825211;0.0695255535575535;0,0151849780382724;935;NA;NA
25;2.41303532457288;0.0754361164758379;0,0179446567196261;935;NA;NA
29;2.38454244133103;0.0724929946589611;0,0245742685118953;935;NA;NA
20;64.4447143138846;4.46346117932388;0;936;NA;NA
19;65.5484084952365;4.29034882836256;0,0059062043243498;936;NA;NA
16;64.5516118116142;4.60264657977946;0,0154342457749413;936;NA;NA
15;65.0442492863872;6.8712842655612;0,0186767670168599;936;NA;NA
9;61.2394172582695;4.45567329630842;0,0252443493789521;936;NA;NA
20;9.06198833585971;0.763613756318578;0;937;NA;NA
19;9.3315544118389;0.681786840458125;0,0059062043243498;937;NA;NA
16;9.14577219602244;0.879560522705576;0,0154342457749413;937;NA;NA
15;8.98209159872118;0.836998012138321;0,0186767670168599;937;NA;NA
9;8.17841301032301;0.809055772449773;0,0252443493789521;937;NA;NA
20;5.83471707926181;0.313335586220229;0;938;NA;NA
19;6.02107674039825;0.296342786932452;0,0059062043243498;938;NA;NA
16;5.96464928228975;0.310028202443432;0,0154342457749413;938;NA;NA
15;5.91573426746798;0.330316372104177;0,0186767670168599;938;NA;NA
9;5.47048527000777;0.427745948135198;0,0252443493789521;938;NA;NA
18;46.5383061537695;11.4660778891692;0;939;NA;NA
10;46.0990854418414;8.90965751062903;0,006488173339855;939;NA;NA
14;46.057553066917;8.80888258011678;0,0155110758179721;939;NA;NA
30;45.9355807134915;5.89749808246864;0,0191646327343882;939;NA;NA
55;46.0668863507312;5.82158536515805;0,0255083188451924;939;NA;NA
18;4.06394819301174;0.155149800042238;0;940;NA;NA
10;4.04948265396626;0.14210114949464;0,006488173339855;940;NA;NA
14;4.12611854094367;0.174350137318329;0,0155110758179721;940;NA;NA
30;4.08984064097828;0.210666398274176;0,0191646327343882;940;NA;NA
55;4.17584967264722;0.182299204323467;0,0255083188451924;940;NA;NA
18;4.65195251664665;0.19651212656799;0;941;NA;NA
10;4.62901844140036;0.24812170226643;0,006488173339855;941;NA;NA
14;4.56246642255069;0.485891344188126;0,0155110758179721;941;NA;NA
30;4.41295297165279;0.310393602986758;0,0191646327343882;941;NA;NA
55;4.30528201419616;0.297206407758389;0,0255083188451924;941;NA;NA
6;45.8968134343434;4.19300562914863;0;942;NA;NA
3;46.2839104691507;2.58787872619048;0,00621589617031991;942;NA;NA
5;47.3036791666667;2.38570967857143;0,0155568223008658;942;NA;NA
6;46.8699482070707;1.37873547943723;0,0191470143396465;942;NA;NA
2;45.556018989488;0.197081666666664;0,0254012624616871;942;NA;NA
6;2.57870336940837;0.0825457236652237;0;943;NA;NA
3;2.51940375622266;0.0456902261904762;0,00621589617031991;943;NA;NA
5;2.71149678571429;0.0933265277777778;0,0155568223008658;943;NA;NA
6;2.48157306998557;0.0235676684704185;0,0191470143396465;943;NA;NA
2;2.31144455747711;0.0612183333333333;0,0254012624616871;943;NA;NA
6;2.80674517676768;0.0917136973304473;0;944;NA;NA
3;2.81276914567305;0.0809819761904762;0,00621589617031991;944;NA;NA
5;2.71840265873016;0.0536166785714286;0,0155568223008658;944;NA;NA
6;2.90741887445887;0.0533768174603175;0,0191470143396465;944;NA;NA
2;2.52217700915565;0.00920333333333333;0,0254012624616871;944;NA;NA
9;37.8023851551227;2.47491009415584;0;945;NA;NA
2;37.9577613123552;1.87392796825397;0,0038934187003283;945;NA;NA
2;37.7728947368421;1.65544683333333;0,0150128730607231;945;NA;NA
7;37.2668050424575;3.07616916230991;0,0179888798255494;945;NA;NA
13;38.0125963883339;1.3518338548396;0,0245569146636974;945;NA;NA
9;2.50355647546898;0.0798804253246753;0;946;NA;NA
2;2.50574734723747;0.0457278690476191;0,0038934187003283;946;NA;NA
2;2.42768226120858;0.0214895;0,0150128730607231;946;NA;NA
7;2.46489343240093;0.0512063927461427;0,0179888798255494;946;NA;NA
13;2.31282636446886;0.0197223284770785;0,0245569146636974;946;NA;NA
9;2.56324063131313;0.0949923012265513;0;947;NA;NA
2;2.52966581290401;0.0664560396825397;0,0038934187003283;947;NA;NA
2;2.41130214424951;0.0361113333333333;0,0150128730607231;947;NA;NA
7;2.39095893745144;0.0642913191530692;0,0179888798255494;947;NA;NA
13;2.42607179015429;0.0851058361915862;0,0245569146636974;947;NA;NA
13;71.2930504827117;4.17704941580887;0;948;NA;NA
5;71.8480519190469;4.51261457792208;0,0061334655868769;948;NA;NA
39;72.8481408148266;4.88053639940026;0,014713655345176;948;NA;NA
32;71.639631669684;4.79660469076833;0,0181893825968698;948;NA;NA
23;73.4616268332502;4.40709007341375;0,0244406771388689;948;NA;NA
13;4.28769527815322;0.102919844781036;0;949;NA;NA
5;4.44754673076784;0.102266878787879;0,0061334655868769;949;NA;NA
39;4.68068364785361;0.0848617781118664;0,014713655345176;949;NA;NA
32;4.51476276715204;0.087742117466239;0,0181893825968698;949;NA;NA
23;4.64900374561327;0.0663865981481725;0,0244406771388689;949;NA;NA
13;3.5729634952221;0.141865217037048;0;950;NA;NA
5;3.74664416237029;0.135546918831169;0,0061334655868769;950;NA;NA
39;3.94759536345618;0.0867029540150433;0,014713655345176;950;NA;NA
32;3.82702558341246;0.105812211736812;0,0181893825968698;950;NA;NA
23;3.87784372988485;0.0955563905986431;0,0244406771388689;950;NA;NA
7;84.8475348614719;7.32218822717171;0;951;NA;NA
4;85.0083363552502;3.3131788334127;0,0068111714424914;951;NA;NA
5;84.7184639140304;3.22273627629981;0,0164383498882784;951;NA;NA
13;85.0059258566912;6.24043340813074;0,0201718156772648;951;NA;NA
25;85.548676957804;5.72335290102693;0,0263284873812782;951;NA;NA
7;7.40720606782107;0.614080745310245;0;952;NA;NA
4;7.54460957629545;0.970199678571429;0,0068111714424914;952;NA;NA
5;7.41964535353535;0.256180266233766;0,0164383498882784;952;NA;NA
13;7.4582941689743;0.820705342370392;0,0201718156772648;952;NA;NA
25;7.37406943399015;0.3373523746342;0,0263284873812782;952;NA;NA
17;105.525674794754;9.52946095853647;0;953;NA;NA
13;106.273250420381;12.1646564921625;0,0066713675328946;953;NA;NA
19;105.968406214395;14.0304657974873;0,0161946767470224;953;NA;NA
28;105.893317746787;14.7810708865484;0,0198338689034002;953;NA;NA
3;105.908326183326;2.68625977380952;0,0256073620178994;953;NA;NA
17;8.58231255045846;0.549120606337242;0;954;NA;NA
13;8.7644541968416;0.515859699359185;0,0066713675328946;954;NA;NA
19;8.7746375147439;0.578817556270996;0,0161946767470224;954;NA;NA
28;8.6832055502578;0.687383725362338;0,0198338689034002;954;NA;NA
3;8.71507590924258;0.451806125;0,0256073620178994;954;NA;NA
19;76.1247888787056;23.154242666434;0;955;NA;NA
7;77.4761677642668;18.9215695381902;0,006979511310425;955;NA;NA
8;77.2622599239372;19.1588685480142;0,0165287368674684;955;NA;NA
25;77.4421281314227;17.9935027056465;0,0196884271036209;955;NA;NA
26;78.9736683875176;21.2987623950847;0,0262569361776275;955;NA;NA
19;4.39213537436404;0.384323600281002;0;956;NA;NA
7;4.46540199872023;0.287785033420828;0,006979511310425;956;NA;NA
8;4.30973622252747;0.364824011419136;0,0165287368674684;956;NA;NA
25;4.33851794381837;0.372471648253233;0,0196884271036209;956;NA;NA
26;4.37379998973584;0.439501649242011;0,0262569361776275;956;NA;NA
14;106.262443430871;9.45170044845754;0;957;NA;NA
10;107.106388788933;9.91662791686005;0,0065997706145729;957;NA;NA
15;107.284564811082;7.46805204733669;0,0160275172944721;957;NA;NA
21;106.079536125562;11.8172370132164;0,0196185350156096;957;NA;NA
0;108.3565;0.601466666666666;0,0222119532029913;957;NA;NA
14;11.0609058365413;1.00910671681311;0;958;NA;NA
10;11.180990621409;1.1511244785317;0,0065997706145729;958;NA;NA
15;11.2540725876905;0.818693972858798;0,0160275172944721;958;NA;NA
21;11.060775740443;1.21040335171073;0,0196185350156096;958;NA;NA
0;11.548125;0.100298333333333;0,0222119532029913;958;NA;NA
0;210.46146953405;1.32616666666667;0;959;NA;NA
33;210.659796304336;71.307749937436;0,0073328957137417;959;NA;NA
10;209.175469342177;66.6664553982782;0,0133005261084439;959;NA;NA
5;208.058257706149;63.6861341269841;0,0172497816810988;959;NA;NA
1;205.06132940406;11.29595;0,0223751288491737;959;NA;NA
54;202.030424800035;70.1258582946292;0,0242628064117229;959;NA;NA
18;206.387829736576;60.1489903495142;0,0267690050717636;959;NA;NA
119;206.252025745483;60.6784555461811;0,0284948510476182;959;NA;NA
6;206.647205962875;58.5131706640582;0,0303095345207746;959;NA;NA
0;50.6899641577061;0.0976666666666667;0;960;NA;NA
33;50.6012117139829;4.44751881400924;0,0073328957137417;960;NA;NA
10;50.1567330976213;4.95680688265982;0,0133005261084439;960;NA;NA
5;50.2960382293967;5.19803704906205;0,0172497816810988;960;NA;NA
1;50.0733791748527;0.904216666666667;0,0223751288491737;960;NA;NA
54;49.6483005172806;6.34195341180889;0,0242628064117229;960;NA;NA
18;50.6413137761535;5.70584789421091;0,0267690050717636;960;NA;NA
119;50.6756649127887;6.29395178116448;0,0284948510476182;960;NA;NA
6;50.7535730955195;6.06851313547564;0,0303095345207746;960;NA;NA
0;20.9086021505376;0.018;0;961;NA;NA
33;20.9385369776271;1.02847201357605;0,0073328957137417;961;NA;NA
10;20.7261176944787;0.940381306520277;0,0133005261084439;961;NA;NA
5;20.6107049047561;1.02726453823954;0,0172497816810988;961;NA;NA
1;20.5109037328094;0.153116666666667;0,0223751288491737;961;NA;NA
54;20.2401800535484;0.916326284805386;0,0242628064117229;961;NA;NA
18;20.5284071131361;1.19998060933328;0,0267690050717636;961;NA;NA
119;20.6060585675689;1.33834134395324;0,0284948510476182;961;NA;NA
6;20.666871647057;1.31911403873904;0,0303095345207746;961;NA;NA
0;18.6460573476703;0.0171666666666667;0;962;NA;NA
33;18.6553593845872;1.08417308019491;0,0073328957137417;962;NA;NA
10;18.4510539036127;1.01375374396845;0,0133005261084439;962;NA;NA
5;18.5634017672421;1.09431367243867;0,0172497816810988;962;NA;NA
1;18.2231499672561;0.16325;0,0223751288491737;962;NA;NA
54;17.9431546960374;1.295919422318;0,0242628064117229;962;NA;NA
18;18.7690158053089;1.30739510413198;0,0267690050717636;962;NA;NA
119;18.6271851201867;0.971233464914473;0,0284948510476182;962;NA;NA
6;18.5906487397595;0.861104627317127;0,0303095345207746;962;NA;NA
0;23.6057347670251;0.0666666666666667;0;963;NA;NA
33;23.7217633208983;3.41106467215844;0,0073328957137417;963;NA;NA
10;23.5528987980973;2.19903899466547;0,0133005261084439;963;NA;NA
5;23.7990825133144;1.94660342712843;0,0172497816810988;963;NA;NA
1;23.632416502947;0.444133333333333;0,0223751288491737;963;NA;NA
54;23.5563877265602;2.25927623860623;0,0242628064117229;963;NA;NA
18;24.2116855090951;1.84784906505669;0,0267690050717636;963;NA;NA
119;23.9133331443532;2.22781745066829;0,0284948510476182;963;NA;NA
6;23.8790568900038;2.40220541680542;0,0303095345207746;963;NA;NA
0;47.2804659498208;0.0438333333333333;0;964;NA;NA
33;47.3134266811238;3.55074319934683;0,0073328957137417;964;NA;NA
10;47.2582373574954;2.32108528620073;0,0133005261084439;964;NA;NA
5;47.2026846201545;3.27746053391053;0,0172497816810988;964;NA;NA
1;46.6405042567125;0.78705;0,0223751288491737;964;NA;NA
54;46.2686730864883;5.23027433836872;0,0242628064117229;964;NA;NA
18;47.1266414302966;5.07048401284378;0,0267690050717636;964;NA;NA
119;46.7336638838075;5.03999663695458;0,0284948510476182;964;NA;NA
6;46.7058272653087;4.58640830974581;0,0303095345207746;964;NA;NA
0;34.1030465949821;0.0388333333333333;0;965;NA;NA
33;34.1687337562738;2.18675663634;0,0073328957137417;965;NA;NA
10;34.0582548647431;2.18585956216986;0,0133005261084439;965;NA;NA
5;34.0748673626686;2.95138463203463;0,0172497816810988;965;NA;NA
1;33.5943352979699;0.38355;0,0223751288491737;965;NA;NA
54;33.4030337413869;2.92900131660631;0,0242628064117229;965;NA;NA
18;34.0291039175913;4.67223321840271;0,0267690050717636;965;NA;NA
119;33.6093677305577;3.07428860490654;0,0284948510476182;965;NA;NA
6;33.5295802560833;2.39768372460872;0,0303095345207746;965;NA;NA
0;235.954545454545;0.63;0;966;NA;NA
22;235.656720066157;72.3952742704692;0,0074937250629523;966;NA;NA
6;232.921919969142;61.8250032384282;0,0134646708813515;966;NA;NA
4;230.116054494266;47.9592108585859;0,0178441795683646;966;NA;NA
1;226.963870967742;8.46086666666667;0,0227539969045292;966;NA;NA
53;224.522672558008;41.7215721210412;0,0244953794031955;966;NA;NA
18;228.472364473601;51.8822183945037;0,027000621164975;966;NA;NA
119;229.172118338119;70.313427627181;0,0287229896693329;966;NA;NA
6;229.542632676895;76.9563997863248;0,0305051778475875;966;NA;NA
0;48.2056277056277;0.108333333333333;0;967;NA;NA
22;47.976360476034;8.91811193191816;0,0074937250629523;967;NA;NA
6;47.069732450288;8.06109410866911;0,0134646708813515;967;NA;NA
4;47.5776648824049;7.03386637806638;0,0178441795683646;967;NA;NA
1;47.0810035842294;0.870333333333333;0,0227539969045292;967;NA;NA
53;46.4863550095372;5.33906850210722;0,0244953794031955;967;NA;NA
18;48.1023827413721;7.24823185440692;0,027000621164975;967;NA;NA
119;48.2557596777052;5.89452035210051;0,0287229896693329;967;NA;NA
6;48.3323087889353;5.53418797868798;0,0305051778475875;967;NA;NA
0;34.3354978354978;0.0253333333333333;0;968;NA;NA
22;34.301413318564;4.1307051091716;0,0074937250629523;968;NA;NA
6;34.1115312920868;4.69437726995227;0,0134646708813515;968;NA;NA
4;33.9988670379343;3.83760371572872;0,0178441795683646;968;NA;NA
1;33.4993189964158;0.35605;0,0227539969045292;968;NA;NA
53;33.2454531061652;2.76046536368372;0,0244953794031955;968;NA;NA
18;33.9289538965156;4.03126365162714;0,027000621164975;968;NA;NA
119;33.9371749933864;3.34688051819159;0,0287229896693329;968;NA;NA
6;33.9709104260309;3.07501613386613;0,0305051778475875;968;NA;NA
0;20.2867965367965;0.00983333333333333;0;969;NA;NA
22;20.2240258194934;1.04559590919834;0,0074937250629523;969;NA;NA
6;20.0758637008637;1.7561121961372;0,0134646708813515;969;NA;NA
4;19.8421065908834;1.55148037518038;0,0178441795683646;969;NA;NA
1;19.5689247311828;0.182783333333333;0,0227539969045292;969;NA;NA
53;19.3164600963437;1.05943414823563;0,0244953794031955;969;NA;NA
18;19.6301996620291;1.34593299340489;0,027000621164975;969;NA;NA
119;19.7826175349317;1.24078133367068;0,0287229896693329;969;NA;NA
6;19.8620439466825;1.19104518814519;0,0305051778475875;969;NA;NA
0;20.1580086580087;0.0143333333333333;0;970;NA;NA
22;20.0592445187086;1.09255174451699;0,0074937250629523;970;NA;NA
6;19.5696251696252;1.56618724053724;0,0134646708813515;970;NA;NA
4;19.4681005849966;1.27984130591631;0,0178441795683646;970;NA;NA
1;19.3133333333333;0.200033333333333;0,0227539969045292;970;NA;NA
53;19.07270693197;1.23573529657412;0,0244953794031955;970;NA;NA
18;19.5044801929018;1.25242235841204;0,027000621164975;970;NA;NA
119;19.6246148812535;1.10167208747174;0,0287229896693329;970;NA;NA
6;19.6832720993866;1.03832407592408;0,0305051778475875;970;NA;NA
0;61.9069264069264;0.0493333333333333;0;971;NA;NA
22;61.8583908176615;6.28924509238838;0,0074937250629523;971;NA;NA
6;60.6732524010302;8.83927864357864;0,0134646708813515;971;NA;NA
4;60.3814873285057;7.56176215728716;0,0178441795683646;971;NA;NA
1;59.3024372759857;7.09903333333333;0,0227539969045292;971;NA;NA
53;58.3877136417672;35.1310750272305;0,0244953794031955;971;NA;NA
18;60.2927700986285;8.75731289877549;0,027000621164975;971;NA;NA
119;60.7526979458368;8.42812531767334;0,0287229896693329;971;NA;NA
6;60.9378103740303;8.5628368048618;0,0305051778475875;971;NA;NA
0;29.2088744588745;0.0208333333333333;0;972;NA;NA
22;29.1777701506879;2.08441763507822;0,0074937250629523;972;NA;NA
6;28.7184747601414;2.23784263791764;0,0134646708813515;972;NA;NA
4;28.443839442922;1.90560331890332;0,0178441795683646;972;NA;NA
1;28.2368817204301;0.21705;0,0227539969045292;972;NA;NA
53;27.8934134771358;1.60776677145576;0,0244953794031955;972;NA;NA
18;28.2795478407822;1.96841295777708;0,027000621164975;972;NA;NA
119;28.4724651274506;1.81029711548764;0,0287229896693329;972;NA;NA
6;28.5634682335737;1.78928675491175;0,0305051778475875;972;NA;NA
0;37.2447033898305;0.0714166666666667;0;973;NA;NA
45;37.2430461199292;2.31992256727049;0,0076875582161042;973;NA;NA
31;37.5148068203407;2.59479557025384;0,0134889821774263;973;NA;NA
14;37.5220292661429;2.61151279989531;0,0168112515974715;973;NA;NA
1;37.127221279004;0.6155;0,0223414865195726;973;NA;NA
59;36.8300147636977;2.65552375236388;0,0243836749861878;973;NA;NA
19;37.3446658583201;2.75039907434278;0,0268911353852045;973;NA;NA
127;37.2782193276545;2.72987474192413;0,0286229795914796;973;NA;NA
6;37.2342995664532;2.74817005494505;0,0304281290623072;973;NA;NA
0;21.9046610169492;0.0386666666666667;0;974;NA;NA
45;21.9039990499287;1.142581194564;0,0076875582161042;974;NA;NA
31;22.2139123120628;1.37242422643123;0,0134889821774263;974;NA;NA
14;22.207792383825;1.32782309966337;0,0168112515974715;974;NA;NA
1;21.7978211658178;0.254516666666667;0,0223414865195726;974;NA;NA
59;21.6413032788332;1.09443145361364;0,0243836749861878;974;NA;NA
19;21.9675430745484;1.05647253975647;0,0268911353852045;974;NA;NA
127;21.7362335524041;1.04041078484085;0,0286229795914796;974;NA;NA
6;21.6713165097954;1.0093737956488;0,0304281290623072;974;NA;NA
0;20.6338276836158;0.0434166666666667;0;975;NA;NA
45;20.586330048464;1.29357167222987;0,0076875582161042;975;NA;NA
31;20.7694599280258;1.36274835491211;0,0134889821774263;975;NA;NA
14;20.8001821439942;1.34875477829852;0,0168112515974715;975;NA;NA
1;20.5525183927561;0.358066666666667;0,0223414865195726;975;NA;NA
59;20.2456166492898;1.27750082152587;0,0243836749861878;975;NA;NA
19;20.8061452890384;1.09081724690508;0,0268911353852045;975;NA;NA
127;20.871310238752;1.21064464936302;0,0286229795914796;975;NA;NA
6;20.8532646904635;1.24655359085359;0,0304281290623072;975;NA;NA
0;19.4544491525424;0.0374166666666667;0;976;NA;NA
45;19.4639117420598;1.32032134352007;0,0076875582161042;976;NA;NA
31;20.1946727737225;1.78190930534372;0,0134889821774263;976;NA;NA
14;20.1292914821025;1.83060637640844;0,0168112515974715;976;NA;NA
1;19.7441709111488;0.37305;0,0223414865195726;976;NA;NA
59;19.4491584451528;1.44203579600584;0,0243836749861878;976;NA;NA
19;19.5091694674771;1.47252385909888;0,0268911353852045;976;NA;NA
127;19.9887679384875;1.44966496050939;0,0286229795914796;976;NA;NA
6;20.1032268462238;1.32194874292374;0,0304281290623072;976;NA;NA
0;17.5125252525253;0.00976333333333334;0;977;NA;NA
3;17.6155321988655;1.32496833333333;0,0063983729259563;977;NA;NA
1;17.6170343137255;0.106781666666667;0,0122954167038027;977;NA;NA
0;17.6793103448276;0.00242;0,0164846741553466;977;NA;NA
0;17.2136363636364;0.00281;0,022154297979798;977;NA;NA
5;17.3122716666667;0.689846833333334;0,0235914567070707;977;NA;NA
0;17.752915451895;0.005895;0,0261338301822894;977;NA;NA
1;17.8006493506494;0.001265;0,0274259584621727;977;NA;NA
0;8.23414141414141;0.00140333333333334;0;978;NA;NA
3;8.2529029029029;0.103915;0,0063983729259563;978;NA;NA
1;8.26066176470588;0.010135;0,0122954167038027;978;NA;NA
0;7.95;0.00025;0,022154297979798;978;NA;NA
5;7.95335166666667;0.1848955;0,0235914567070707;978;NA;NA
0;8.45524781341108;0.002135;0,0261338301822894;978;NA;NA
1;8.49508348794063;4.49999999999997e-05;0,0274259584621727;978;NA;NA
0;85.2378947368421;8.00000000000023e-05;0;979;NA;NA
4;87.0602843782804;14.4830153809524;0,0071977859164445;979;NA;NA
1;92.4844202044025;21.3377411666667;0,0127804763271682;979;NA;NA
1;91.76418767507;7.8846875;0,0167337158337019;979;NA;NA
0;89.2409937888199;0.14449;0,0217448248338237;979;NA;NA
2;85.6814641900937;20.7845938333333;0,0239666289103784;979;NA;NA
2;89.7437090909091;19.051559;0,026204157549176;979;NA;NA
2;90.0178611111111;34.6941258333333;0,0275391426754386;979;NA;NA
0;9.42052631578947;0.000125;0;980;NA;NA
4;9.48040581162325;0.322205261904762;0,0071977859164445;980;NA;NA
1;10.4104225628931;0.893453833333333;0,0127804763271682;980;NA;NA
1;10.3314145658263;0.288074166666667;0,0167337158337019;980;NA;NA
0;9.49233954451346;0.00528333333333333;0,0217448248338237;980;NA;NA
2;9.4498360107095;0.353175333333334;0,0239666289103784;980;NA;NA
2;10.0572262626263;0.325204166666667;0,026204157549176;980;NA;NA
2;10.3955388888889;0.248972166666667;0,0275391426754386;980;NA;NA
0;87.9739436619718;0.229585;0;981;NA;NA
4;91.4638380332093;84.6634593452381;0,007377421739942;981;NA;NA
1;94.6660639968591;30.6625181666666;0,0129264875855052;981;NA;NA
1;93.6224707602339;8.12032249999999;0,0167892384482333;981;NA;NA
0;88.9055172413793;0.36084;0,0219099405050996;981;NA;NA
3;87.9699516666667;16.5892575;0,0239711689964789;981;NA;NA
1;92.4149054054054;11.8147103333333;0,0263753446834158;981;NA;NA
1;94.349251618123;10.639995;0,0276762465814304;981;NA;NA
0;8.27323943661972;0.0026;0;982;NA;NA
4;9.20899692241626;0.693578035714286;0,007377421739942;982;NA;NA
1;10.0426521397723;0.743804833333333;0,0129264875855052;982;NA;NA
1;9.89226608187134;0.1864625;0,0167892384482333;982;NA;NA
0;9.22206896551724;0.00405;0,0219099405050996;982;NA;NA
3;9.15206333333333;0.120854666666667;0,0239711689964789;982;NA;NA
1;9.6361509009009;0.140224833333333;0,0263753446834158;982;NA;NA
1;9.8491605987055;0.0672591666666666;0,0276762465814304;982;NA;NA
0;11.0575510204082;0.06919;0;983;NA;NA
5;10.9835792857143;1.70523802380952;0,0064981224965986;983;NA;NA
1;11.1437535250987;0.3222175;0,0123459693589788;983;NA;NA
0;11.6239130434783;0.0473466666666667;0,0171957946366953;983;NA;NA
1;12.171750764526;0.057025;0,0244429158085252;983;NA;NA
1;12.261875;0.223001666666667;0,0261588011030801;983;NA;NA
2;12.3845505617978;0.29447;0,0274406670583964;983;NA;NA
0;4.74081632653061;0.01241;0;984;NA;NA
5;4.73721333333333;0.371859666666667;0,0064981224965986;984;NA;NA
1;4.85322899041173;0.0847541666666667;0,0123459693589788;984;NA;NA
0;5.0637077294686;0.007925;0,0171957946366953;984;NA;NA
1;5.0605504587156;0.00341333333333334;0,0244429158085252;984;NA;NA
1;5.01287037037037;0.0129766666666667;0,0261588011030801;984;NA;NA
2;4.98211610486891;0.00751499999999999;0,0274406670583964;984;NA;NA
0;50.677752293578;0.0945916666666668;0;985;NA;NA
5;50.7497902777778;5.85883349603175;0,0069464881339558;985;NA;NA
2;49.3092742857143;3.7040795;0,0127801837946701;985;NA;NA
1;49.5446020874103;1.15975083333333;0,0166011433628371;985;NA;NA
0;51.2940476190476;0.035975;0,021669741699432;985;NA;NA
0;50.1102462620932;0.477091666666666;0,0243760633164694;985;NA;NA
1;49.7738762405137;1.15535833333333;0,0262023756540647;985;NA;NA
1;48.5341365461847;0.587876666666666;0,0275855585382157;985;NA;NA
0;4.27553516819572;0.000993333333333334;0;986;NA;NA
5;4.27461547619048;0.103153285714286;0,0069464881339558;986;NA;NA
2;4.06540571428571;0.0864446666666667;0,0127801837946701;986;NA;NA
1;4.07914220482714;0.0280025;0,0166011433628371;986;NA;NA
0;4.27777777777778;0.00138;0,021669741699432;986;NA;NA
0;4.12664907651715;0.0223366666666667;0,0243760633164694;986;NA;NA
1;4.05884413309983;0.0440766666666667;0,0262023756540647;986;NA;NA
1;3.80180722891566;0.0205816666666667;0,0275855585382157;986;NA;NA
0;70.8941176470588;0.036;0;987;NA;NA
5;71.1806314285714;8.74441619047618;0,0071251728287815;987;NA;NA
2;69.8821995464853;5.26716266666667;0,0126597731064648;987;NA;NA
1;70.3865235539654;1.67644;0,0164496967514644;987;NA;NA
0;71.765641025641;0.18934;0,0216967331259426;987;NA;NA
2;73.5163039117352;3.07668016666667;0,0236640170867996;987;NA;NA
1;71.7191042047532;1.54879666666667;0,0259344032848514;987;NA;NA
0;72.3481313131313;0.583288333333333;0,0276587090389186;987;NA;NA
2;73.8912013536379;19.4778533333333;0,0335851526886135;987;NA;NA
0;4.67058823529412;0.001;0;988;NA;NA
5;4.69744928571429;0.171210595238095;0,0071251728287815;988;NA;NA
2;4.4991477702192;0.105786833333333;0,0126597731064648;988;NA;NA
1;4.56454979129398;0.027635;0,0164496967514644;988;NA;NA
0;4.79307692307692;0.003035;0,0216967331259426;988;NA;NA
2;4.95404714142427;0.0481115;0,0236640170867996;988;NA;NA
1;4.75362583790372;0.0287566666666667;0,0259344032848514;988;NA;NA
0;4.83813131313131;0.012025;0,0276587090389186;988;NA;NA
2;5.0485448392555;0.454658333333333;0,0335851526886135;988;NA;NA
0;53.8148148148148;0.032;0;989;NA;NA
6;51.6833571428571;22.3346857142857;0,0067993613293651;989;NA;NA
1;51.9885620915033;3.2935;0,0125953513071896;989;NA;NA
1;54.0202930948833;3.32548333333333;0,0181396621129326;989;NA;NA
0;53.3298245614035;0.00333333333333333;0,0218190730994152;989;NA;NA
6;53.6144173881674;5.94956998556999;0,0242688435488817;989;NA;NA
8;54.3288627511377;8.86113987401487;0,0264180632648602;989;NA;NA
36;54.7406392300466;15.9665387254548;0,028073731547106;989;NA;NA
1;55.0310588092197;8.04837142857143;0,0299421957519917;989;NA;NA
0;66.0493827160494;0.05;0;990;NA;NA
6;63.2538761904762;39.1239857142857;0,0067993613293651;990;NA;NA
1;63.6130718954248;5.83166666666667;0,0125953513071896;990;NA;NA
1;65.5112021857924;4.09401666666667;0,0181396621129326;990;NA;NA
0;64.3;0.0205;0,0218190730994152;990;NA;NA
6;65.4530919191919;4.47832034632035;0,0242688435488817;990;NA;NA
8;65.9146638028638;7.97140521978022;0,0264180632648602;990;NA;NA
36;65.4895992487259;17.9468369685938;0,028073731547106;990;NA;NA
1;65.3734294228547;9.71845238095238;0,0299421957519917;990;NA;NA
0;37.4197530864198;0.018;0;991;NA;NA
6;35.6961071428571;9.90300238095238;0,0067993613293651;991;NA;NA
1;35.9124183006536;1.52533333333333;0,0125953513071896;991;NA;NA
1;37.0530551415797;1.32166666666667;0,0181396621129326;991;NA;NA
0;36.6228070175439;0.00783333333333333;0,0218190730994152;991;NA;NA
6;37.4303333333333;1.71085894660895;0,0242688435488817;991;NA;NA
8;37.2287528804529;3.24234523254523;0,0264180632648602;991;NA;NA
36;37.4123927500224;6.35719586781047;0,028073731547106;991;NA;NA
1;37.575445478319;3.43975952380952;0,0299421957519917;991;NA;NA
0;30.0864197530864;0.032;0;992;NA;NA
6;27.9766166666667;9.30901666666667;0,0067993613293651;992;NA;NA
1;28.2532679738562;1.53283333333333;0,0125953513071896;992;NA;NA
1;28.995827123696;1.7836;0,0181396621129326;992;NA;NA
0;28.1982456140351;0.0888333333333333;0,0218190730994152;992;NA;NA
6;28.0842395743146;4.16517536075036;0,0242688435488817;992;NA;NA
8;29.2091793192918;5.16562749333999;0,0264180632648602;992;NA;NA
36;29.3164890790959;11.8013838967539;0,028073731547106;992;NA;NA
1;29.4328802529952;6.58193571428571;0,0299421957519917;992;NA;NA
0;42.5061728395062;0.008;0;993;NA;NA
6;40.98415;8.71065;0,0067993613293651;993;NA;NA
1;41.1888888888889;1.32733333333333;0,0125953513071896;993;NA;NA
1;42.1159960258321;1.43786666666667;0,0181396621129326;993;NA;NA
0;41.3473684210526;0.01;0,0218190730994152;993;NA;NA
6;41.9891015873016;2.33999906204906;0,0242688435488817;993;NA;NA
8;42.3503839535465;3.6833216020091;0,0264180632648602;993;NA;NA
36;41.8566318110334;8.34433435988191;0,028073731547106;993;NA;NA
1;41.6987836769446;4.4010380952381;0,0299421957519917;993;NA;NA
0;30.037037037037;0.008;0;994;NA;NA
6;28.9887833333333;7.01991666666667;0,0067993613293651;994;NA;NA
1;29.121568627451;1.01233333333333;0,0125953513071896;994;NA;NA
1;30.4417536015897;2.19838333333333;0,0181396621129326;994;NA;NA
0;29.4280701754386;0.00333333333333333;0,0218190730994152;994;NA;NA
6;29.8552218975469;4.32094476911977;0,0242688435488817;994;NA;NA
8;30.7703346764347;6.41480946830947;0,0264180632648602;994;NA;NA
36;30.3626569048029;5.72473723349911;0,028073731547106;994;NA;NA
1;30.2075989782886;2.19921666666667;0,0299421957519917;994;NA;NA
0;27.8302380952381;0.0671383333333333;0;995;NA;NA
6;25.7136912698413;7.1788845952381;0,0106392929563492;995;NA;NA
4;25.7799619493401;7.37161432539682;0,0162983355304007;995;NA;NA
6;27.9113594385109;7.22521068376068;0,0207652419666453;995;NA;NA
4;28.8277587991718;4.00791756746032;0,0248996017357965;995;NA;NA
24;27.352586076762;3.77619107452397;0,0270232608441951;995;NA;NA
3;28.4257003027504;4.20924971031746;0,0294544473009031;995;NA;NA
11;28.7711152060684;4.61682557208701;0,0316198395256381;995;NA;NA
7;28.8532424679647;4.20512826476302;0,0335001523106523;995;NA;NA
0;45.0266666666667;0.0977433333333333;0;996;NA;NA
6;46.3254357936508;9.74376717460318;0,0106392929563492;996;NA;NA
4;46.7436420372228;7.80797265079365;0,0162983355304007;996;NA;NA
6;44.9902772472707;13.4863900642968;0,0207652419666453;996;NA;NA
4;44.3058629557163;13.3756432763348;0,0248996017357965;996;NA;NA
24;46.0624129804061;10.5376567531974;0,0270232608441951;996;NA;NA
3;44.3738875205255;10.398256484127;0,0294544473009031;996;NA;NA
11;44.3241737286119;14.627336887955;0,0316198395256381;996;NA;NA
7;44.264240984241;14.4116307909868;0,0335001523106523;996;NA;NA
0;27.4209523809524;0.0363333333333333;0;997;NA;NA
6;29.1709851587302;6.17189078571429;0,0106392929563492;997;NA;NA
4;29.3157426246995;3.91042038095238;0,0162983355304007;997;NA;NA
6;27.388401602855;6.87185647619048;0,0207652419666453;997;NA;NA
4;26.6946256549315;5.55957858694084;0,0248996017357965;997;NA;NA
24;28.194493137361;3.77031127894371;0,0270232608441951;997;NA;NA
3;26.8566748768473;5.09075340476191;0,0294544473009031;997;NA;NA
11;26.7182024522085;6.09260998115193;0,0316198395256381;997;NA;NA
7;26.6520992620993;5.7096332055722;0,0335001523106523;997;NA;NA
0;77.1166666666667;0.0955;0;998;NA;NA
40;78.3704751395502;32.7608939042494;0,0082217710790382;998;NA;NA
17;79.3582823535111;27.6777475151664;0,0134868414305891;998;NA;NA
13;81.830227526149;57.7695779702238;0,0178555443559436;998;NA;NA
3;79.2098819720608;27.803825;0,0224129878275722;998;NA;NA
40;81.2888268151573;59.7887426776028;0,0247500594663899;998;NA;NA
41;84.9828138256251;79.7382766947256;0,0269099899691567;998;NA;NA
126;82.996498945043;54.8811378962761;0,0285635376542839;998;NA;NA
4;80.4735867649938;21.89001998557;0,030463305147672;998;NA;NA
0;69.0388888888889;0.0515;0;999;NA;NA
40;71.9752558631868;30.9538152741345;0,0082217710790382;999;NA;NA
17;71.971174806817;21.9243252963577;0,0134868414305891;999;NA;NA
13;73.5815239482479;24.37858293668;0,0178555443559436;999;NA;NA
3;73.6227809217906;17.4908154761905;0,0224129878275722;999;NA;NA
40;72.2145700115295;24.0562005408346;0,0247500594663899;999;NA;NA
41;74.9188574225895;23.5189051136918;0,0269099899691567;999;NA;NA
126;73.1464346757951;21.3806341622972;0,0285635376542839;999;NA;NA
4;71.5832409522359;14.8934955266955;0,030463305147672;999;NA;NA
0;37.1555555555556;0.013;0;1000;NA;NA
40;38.1113359128703;9.14635198225684;0,0082217710790382;1000;NA;NA
17;38.4320495089023;7.91636257159914;0,0134868414305891;1000;NA;NA
13;40.5017968139109;28.7526297440086;0,0178555443559436;1000;NA;NA
3;38.7427555997417;7.57654801587302;0,0224129878275722;1000;NA;NA
40;40.5756487894883;30.2669618862601;0,0247500594663899;1000;NA;NA
41;43.1078724882293;46.4690026025765;0,0269099899691567;1000;NA;NA
126;40.9450880782529;32.1731764186485;0,0285635376542839;1000;NA;NA
4;38.5783520415932;6.95517225829726;0,030463305147672;1000;NA;NA
0;50.3388888888889;0.0515;0;1001;NA;NA
40;50.2852779027517;13.4079717541264;0,0082217710790382;1001;NA;NA
17;51.1846628259555;13.8061542270347;0,0134868414305891;1001;NA;NA
13;48.8883695156478;35.153019532138;0,0178555443559436;1001;NA;NA
3;50.3412180075456;10.6686;0,0224129878275722;1001;NA;NA
40;49.0666770189782;39.9401879624236;0,0247500594663899;1001;NA;NA
41;45.8222981629335;49.0345225395256;0,0269099899691567;1001;NA;NA
126;49.3073706737048;43.9159334185379;0,0285635376542839;1001;NA;NA
4;52.4063105933709;13.1232032106782;0,030463305147672;1001;NA;NA
0;101.927777777778;0.1735;0;1002;NA;NA
40;103.161328448092;41.2614915006856;0,0082217710790382;1002;NA;NA
17;105.047273608323;44.8781130234071;0,0134868414305891;1002;NA;NA
13;105.264548505444;42.9381765029899;0,0178555443559436;1002;NA;NA
3;103.921676693518;30.1012373015873;0,0224129878275722;1002;NA;NA
40;105.243822835336;29.3710932727046;0,0247500594663899;1002;NA;NA
41;105.459019035757;37.2408379571977;0,0269099899691567;1002;NA;NA
126;106.338233525071;38.7802607166184;0,0285635376542839;1002;NA;NA
4;106.525806340505;39.0408827200577;0,030463305147672;1002;NA;NA
0;55.9333333333333;0.111;0;1003;NA;NA
40;57.212596728478;15.2001611283857;0,0082217710790382;1003;NA;NA
17;58.5469269792366;12.6049566606202;0,0134868414305891;1003;NA;NA
13;59.1963683843185;15.2624027151695;0,0178555443559436;1003;NA;NA
3;57.9917078787261;10.0729313492063;0,0224129878275722;1003;NA;NA
40;60.8187893784574;14.2816543402239;0,0247500594663899;1003;NA;NA
41;60.1968075237941;16.8633255820324;0,0269099899691567;1003;NA;NA
126;61.2713452963661;17.0727638113328;0,0285635376542839;1003;NA;NA
4;61.5400106593574;17.1040331890332;0,030463305147672;1003;NA;NA
0;324.611111111111;0.325;0;1004;NA;NA
40;332.044860740346;254.159500554942;0,0082217710790382;1004;NA;NA
17;337.375059905388;207.15178162261;0,0134868414305891;1004;NA;NA
13;336.93184223874;209.898224694858;0,0178555443559436;1004;NA;NA
3;336.493546701336;189.485905952381;0,0224129878275722;1004;NA;NA
40;336.328553581515;197.494139920449;0,0247500594663899;1004;NA;NA
41;335.647587910198;211.25489267079;0,0269099899691567;1004;NA;NA
126;338.828932311022;274.713700712179;0,0285635376542839;1004;NA;NA
4;340.663420529777;296.64747478355;0,030463305147672;1004;NA;NA
0;91.6590909090909;0.2135;0;1005;NA;NA
47;92.2729800470004;23.6577430971437;0,0081734480365511;1005;NA;NA
17;91.8068487467521;22.6727222981521;0,0133517505692243;1005;NA;NA
11;92.7181105029141;23.5966356199584;0,0176012748515546;1005;NA;NA
3;92.5902074388499;16.1828837301587;0,0223460470810639;1005;NA;NA
52;94.0192845188161;23.6417884793565;0,0244568111724919;1005;NA;NA
28;94.1697500431239;25.0968714224135;0,0267800955199187;1005;NA;NA
98;93.349795922727;20.3830823399085;0,0285584422651712;1005;NA;NA
4;92.5192803941289;16.5048185425685;0,0303950247400047;1005;NA;NA
0;47.1409090909091;0.0525;0;1006;NA;NA
47;47.8115969972954;8.8065193121669;0,0081734480365511;1006;NA;NA
17;47.3772294175895;8.86356441779076;0,0133517505692243;1006;NA;NA
11;47.9335640822383;8.90642765995446;0,0176012748515546;1006;NA;NA
3;47.9923651769451;7.44272301587302;0,0223460470810639;1006;NA;NA
52;47.5317114922893;9.2368974019875;0,0244568111724919;1006;NA;NA
28;48.6854014837262;8.32783990067126;0,0267800955199187;1006;NA;NA
98;48.9753929723713;9.34567435717407;0,0285584422651712;1006;NA;NA
4;48.9361673007128;9.92077987012987;0,0303950247400047;1006;NA;NA
0;35.3;0.048;0;1007;NA;NA
47;35.324399868609;4.42792868650849;0,0081734480365511;1007;NA;NA
17;34.9821623111044;4.56491348048761;0,0133517505692243;1007;NA;NA
11;35.2764365869509;4.75808717194342;0,0176012748515546;1007;NA;NA
3;35.2506920049441;3.59361587301587;0,0223460470810639;1007;NA;NA
52;34.8927565234123;5.47648511163927;0,0244568111724919;1007;NA;NA
28;35.7468961506257;5.0255787537223;0,0267800955199187;1007;NA;NA
98;35.9707859068393;4.55766620700949;0,0285584422651712;1007;NA;NA
4;35.9584015115076;4.01977687590188;0,0303950247400047;1007;NA;NA
0;31.0090909090909;0.049;0;1008;NA;NA
47;31.2679860580388;4.07974065275526;0,0081734480365511;1008;NA;NA
17;31.1752012516452;3.8062850054949;0,0133517505692243;1008;NA;NA
11;31.5187928566221;4.02131101221508;0,0176012748515546;1008;NA;NA
3;31.2971083788707;2.88568571428571;0,0223460470810639;1008;NA;NA
52;31.0799308639626;3.6283133324633;0,0244568111724919;1008;NA;NA
28;32.1201370352187;4.29592766578136;0,0267800955199187;1008;NA;NA
98;32.4362728096752;4.02619160058506;0,0285584422651712;1008;NA;NA
4;32.3865508621569;3.88634329004329;0,0303950247400047;1008;NA;NA
0;76.7454545454545;0.19;0;1009;NA;NA
47;76.6698290499591;18.411987024679;0,0081734480365511;1009;NA;NA
17;76.0267998667282;19.5797626044971;0,0133517505692243;1009;NA;NA
11;76.8961790932359;18.4841707185394;0,0176012748515546;1009;NA;NA
3;76.8229008099141;12.4505075396825;0,0223460470810639;1009;NA;NA
52;76.2855561336502;12.6186720996771;0,0244568111724919;1009;NA;NA
28;78.2827094465495;15.6658920894203;0,0267800955199187;1009;NA;NA
98;79.0398437426359;12.6176158749403;0,0285584422651712;1009;NA;NA
4;78.9603310157856;11.8811927128427;0,0303950247400047;1009;NA;NA
0;70.8318181818182;0.0875;0;1010;NA;NA
47;72.1466131985242;16.7000203553765;0,0081734480365511;1010;NA;NA
17;71.5430965398023;18.8832001335518;0,0133517505692243;1010;NA;NA
11;72.4367633686334;18.1261325440016;0,0176012748515546;1010;NA;NA
3;72.6109228629977;15.5290321428571;0,0223460470810639;1010;NA;NA
52;70.2695386373041;18.7927130292472;0,0244568111724919;1010;NA;NA
28;73.3164200921297;15.0243567777297;0,0267800955199187;1010;NA;NA
98;72.4532732761695;13.0504230318322;0,0285584422651712;1010;NA;NA
4;71.8692391446937;11.2555487734488;0,0303950247400047;1010;NA;NA
0;348.513636363636;2.3835;0;1011;NA;NA
47;351.269584110871;227.974103386226;0,0081734480365511;1011;NA;NA
17;349.872869114683;294.099344972766;0,0133517505692243;1011;NA;NA
11;353.986081397052;309.774416989587;0,0176012748515546;1011;NA;NA
3;353.235836260734;180.988478571429;0,0223460470810639;1011;NA;NA
52;357.288300099026;224.393651023254;0,0244568111724919;1011;NA;NA
28;361.75870471248;293.764949495063;0,0267800955199187;1011;NA;NA
98;363.237519876311;247.836548882369;0,0285584422651712;1011;NA;NA
4;361.402285590392;225.113686183261;0,0303950247400047;1011;NA;NA
0;42.8988250652742;0.835583333333333;0;1012;NA;NA
49;42.7932933607031;6.78929938102482;0,0084478510780552;1012;NA;NA
24;42.8017768148492;4.9337094761853;0,0139853673908558;1012;NA;NA
13;42.841034910456;4.57839885796754;0,0178272450588893;1012;NA;NA
1;43.6552838164251;0.951483333333333;0,0229451303890592;1012;NA;NA
65;44.0698394291397;5.70711838222669;0,0250438329085009;1012;NA;NA
34;43.036298219824;4.50273395189429;0,027460974475254;1012;NA;NA
147;43.4382337943201;4.47526241020976;0,0291086855495666;1012;NA;NA
6;43.6516190862133;4.55501876179376;0,0310101964721247;1012;NA;NA
0;50.6190165361184;0.913416666666667;0;1013;NA;NA
49;50.1355686527859;9.970172635197;0,0084478510780552;1013;NA;NA
24;50.1845907909326;9.46949077072287;0,0139853673908558;1013;NA;NA
13;50.3823387797366;8.93946210507101;0,0178272450588893;1013;NA;NA
1;50.6620471014493;1.91358333333333;0,0229451303890592;1013;NA;NA
65;50.8318122053288;8.93565531457884;0,0250438329085009;1013;NA;NA
34;50.9398065293139;8.55873558094079;0,027460974475254;1013;NA;NA
147;50.912639892436;10.0856504214165;0,0291086855495666;1013;NA;NA
6;50.8660726881669;10.0768396381396;0,0310101964721247;1013;NA;NA
0;30.06636205396;1.09525;0;1014;NA;NA
49;30.6704734537865;5.56059682595352;0,0084478510780552;1014;NA;NA
24;30.7717471367984;4.2481769171881;0,0139853673908558;1014;NA;NA
13;31.2448956125485;3.92700363655358;0,0178272450588893;1014;NA;NA
1;31.5171799516908;0.71975;0,0229451303890592;1014;NA;NA
65;32.000096887208;4.32931857051883;0,0250438329085009;1014;NA;NA
34;32.0575985716708;3.67676017508332;0,027460974475254;1014;NA;NA
147;31.4364598197175;3.50112514848894;0,0291086855495666;1014;NA;NA
6;31.0853745731;3.11292334332334;0,0310101964721247;1014;NA;NA
0;20.7495648389904;0.193583333333333;0;1015;NA;NA
49;20.5077554565602;2.59961346808353;0,0084478510780552;1015;NA;NA
24;20.5420830529026;2.0976390068563;0,0139853673908558;1015;NA;NA
13;20.85990826754;2.99490819027908;0,0178272450588893;1015;NA;NA
1;21.224788647343;0.708883333333333;0,0229451303890592;1015;NA;NA
65;21.6012149609811;3.43519424389374;0,0250438329085009;1015;NA;NA
34;21.5111688203616;4.32921447903716;0,027460974475254;1015;NA;NA
147;21.530689388452;4.05252793517393;0,0291086855495666;1015;NA;NA
6;21.4895926273682;3.74286063381063;0,0310101964721247;1015;NA;NA
0;36.8372497824195;1.078;0;1016;NA;NA
49;36.8244724965698;10.6586725942599;0,0084478510780552;1016;NA;NA
24;36.6122316890042;7.60014300905365;0,0139853673908558;1016;NA;NA
13;37.143820634445;8.9614435910627;0,0178272450588893;1016;NA;NA
1;37.9088466183575;1.74248333333333;0,0229451303890592;1016;NA;NA
65;38.240463922558;10.5762473762362;0,0250438329085009;1016;NA;NA
34;38.2179833554394;11.1473321253591;0,027460974475254;1016;NA;NA
147;38.2445280547434;7.51424190577125;0,0291086855495666;1016;NA;NA
6;38.1987059144374;5.87575445665446;0,0310101964721247;1016;NA;NA
0;26.4825935596171;0.549;0;1017;NA;NA
49;26.5300585752085;5.54642219830977;0,0084478510780552;1017;NA;NA
24;25.9911486681977;4.5206470624288;0,0139853673908558;1017;NA;NA
13;26.3434114435052;4.45964284964527;0,0178272450588893;1017;NA;NA
1;27.0107185990338;1.30788333333333;0,0229451303890592;1017;NA;NA
65;27.541218710707;7.50159305130872;0,0250438329085009;1017;NA;NA
34;27.1511336503557;4.40699117995688;0,027460974475254;1017;NA;NA
147;26.7169805591948;4.51230761922595;0,0291086855495666;1017;NA;NA
6;26.4773829682898;4.70280289432789;0,0310101964721247;1017;NA;NA
0;91.5533573141487;0.7655;0;1018;NA;NA
52;91.9513426785664;19.5109490437737;0,0075294468501522;1018;NA;NA
20;93.7752238478386;38.5827481777804;0,0134701778408479;1018;NA;NA
10;94.2962966435998;34.2923282392058;0,0171291370062793;1018;NA;NA
1;94.7722325870647;4.71158333333333;0,0223432113600165;1018;NA;NA
51;95.9922226155719;22.9424762085557;0,0244665996166828;1018;NA;NA
23;95.6080646150919;22.1071096670249;0,0269197530040242;1018;NA;NA
110;96.4522849957842;20.3754466118834;0,0286044896583618;1018;NA;NA
5;96.4519162724259;20.2852985930736;0,0305103226590835;1018;NA;NA
0;16.1229016786571;0.0358333333333333;0;1019;NA;NA
52;16.238942636893;0.906345210932154;0,0075294468501522;1019;NA;NA
20;16.5867707677416;1.77235419929393;0,0134701778408479;1019;NA;NA
10;16.7772426976103;1.81288599698375;0,0171291370062793;1019;NA;NA
1;16.4314365671642;0.334916666666667;0,0223432113600165;1019;NA;NA
51;16.2079075897327;2.02505708762648;0,0244665996166828;1019;NA;NA
23;17.2541763450943;1.65755888470326;0,0269197530040242;1019;NA;NA
110;17.2507273105299;1.53669311240276;0,0286044896583618;1019;NA;NA
5;17.1722505798944;1.53864888167388;0,0305103226590835;1019;NA;NA
0;13.7757793764988;0.051;0;1020;NA;NA
52;13.8786092105488;0.893551462874134;0,0075294468501522;1020;NA;NA
20;14.0334187820987;1.06265365745043;0,0134701778408479;1020;NA;NA
10;14.0914725670614;1.1524454261253;0,0171291370062793;1020;NA;NA
1;13.7838930348259;0.188833333333333;0,0223432113600165;1020;NA;NA
51;13.5761775153694;1.05749766814707;0,0244665996166828;1020;NA;NA
23;14.2265255001637;1.31202994484413;0,0269197530040242;1020;NA;NA
110;14.1639963059192;0.985393350860358;0,0286044896583618;1020;NA;NA
5;14.0999067727877;0.837251767676768;0,0305103226590835;1020;NA;NA
0;24.015587529976;0.0656666666666667;0;1021;NA;NA
52;24.0357793679731;1.79008205619812;0,0075294468501522;1021;NA;NA
20;24.3141122284209;3.21259387575969;0,0134701778408479;1021;NA;NA
10;24.6462793685589;3.41264148904071;0,0171291370062793;1021;NA;NA
1;24.2837375621891;0.507916666666667;0,0223432113600165;1021;NA;NA
51;24.1853415929382;4.19063268998058;0,0244665996166828;1021;NA;NA
23;25.4494218788501;2.92648937911741;0,0269197530040242;1021;NA;NA
110;25.4719895162559;2.11698105892253;0,0286044896583618;1021;NA;NA
5;25.3945571834825;1.98102730880231;0,0305103226590835;1021;NA;NA
0;91.8301724137931;0.50725;0;1022;NA;NA
51;91.9385118054552;19.3656489819416;0,0074711310094949;1022;NA;NA
20;93.7155647582628;38.0880607500789;0,0134055985904425;1022;NA;NA
10;94.3302257739251;35.136974543293;0,0170354237669361;1022;NA;NA
1;94.8070061728395;4.22061666666667;0,0222232926724138;1022;NA;NA
51;96.0003355525727;22.8155828293447;0,0244018442251598;1022;NA;NA
22;95.6143877498057;22.6821033813926;0,0268540842113337;1022;NA;NA
110;96.4507174545879;20.3780418354624;0,0285410304908857;1022;NA;NA
5;96.483178181644;19.0813201492951;0,030426885970623;1022;NA;NA
0;16.2531609195402;0.0265833333333333;0;1023;NA;NA
51;16.2355672327968;0.901488846805617;0,0074711310094949;1023;NA;NA
20;16.568688790569;1.71142826921425;0,0134055985904425;1023;NA;NA
10;16.7981938585623;1.88304902831517;0,0170354237669361;1023;NA;NA
1;16.3723456790123;0.269966666666667;0,0222232926724138;1023;NA;NA
51;16.2134009975059;2.02039743442938;0,0244018442251598;1023;NA;NA
22;17.2494589821304;1.67832343121678;0,0268540842113337;1023;NA;NA
110;17.2523963316878;1.5422551882243;0,0285410304908857;1023;NA;NA
5;17.1669827043066;1.31859965589966;0,030426885970623;1023;NA;NA
0;13.876724137931;0.03225;0;1024;NA;NA
51;13.8770673140579;0.890700261413892;0,0074711310094949;1024;NA;NA
20;14.0264411478996;1.05155696164518;0,0134055985904425;1024;NA;NA
10;14.0963960051945;1.14040300955924;0,0170354237669361;1024;NA;NA
1;13.7575;0.156116666666667;0,0222232926724138;1024;NA;NA
51;13.5772667691999;1.05188855245404;0,0244018442251598;1024;NA;NA
22;14.2240201309082;1.33946524355547;0,0268540842113337;1024;NA;NA
110;14.166011065269;0.98660798750698;0,0285410304908857;1024;NA;NA
5;14.1071828518006;0.753290947940948;0,030426885970623;1024;NA;NA
0;24.007183908046;0.0559166666666667;0;1025;NA;NA
51;24.0362527018632;1.78478673061065;0,0074711310094949;1025;NA;NA
20;24.3117971012516;3.13363161425981;0,0134055985904425;1025;NA;NA
10;24.6264716931847;3.48640277302677;0,0170354237669361;1025;NA;NA
1;24.2996604938272;0.728383333333333;0,0222232926724138;1025;NA;NA
51;24.1906202053679;4.18478269353961;0,0244018442251598;1025;NA;NA
22;25.4455711089323;2.94837895511035;0,0268540842113337;1025;NA;NA
110;25.4714939675551;2.12668912035454;0,0285410304908857;1025;NA;NA
5;25.3782133638773;1.74378708513709;0,030426885970623;1025;NA;NA
0;69.1683891992551;2.01845166666667;0;1026;NA;NA
22;72.0810244273989;42.6326482554123;0,0072110251627095;1026;NA;NA
5;74.5954044051266;62.9684999246032;0,0126532764962593;1026;NA;NA
4;75.0082405117512;45.0828860674603;0,0172128455452896;1026;NA;NA
1;73.7720644825793;10.6492293333333;0,0217506691403969;1026;NA;NA
11;74.471460155328;47.5052640103508;0,0240572843061194;1026;NA;NA
12;74.398738464292;36.7942514902953;0,0262032482940705;1026;NA;NA
14;74.3922959736642;36.8571039175038;0,027520740310729;1026;NA;NA
0;69.0467877094972;0.253685;0;1027;NA;NA
22;68.6733747402502;18.8844523149459;0,0072110251627095;1027;NA;NA
5;68.8051026639915;21.866518018759;0,0126532764962593;1027;NA;NA
4;69.2858484870527;28.8015558214286;0,0172128455452896;1027;NA;NA
1;67.9342459698388;8.71340116666667;0,0217506691403969;1027;NA;NA
11;68.6493945907674;42.3224278227788;0,0240572843061194;1027;NA;NA
12;70.1263680287824;38.1193101039181;0,0262032482940705;1027;NA;NA
14;70.6994741637032;36.2225951874617;0,027520740310729;1027;NA;NA
0;44.1440875232775;1.87870166666667;0;1028;NA;NA
22;43.7697817328;16.8064174953838;0,0072110251627095;1028;NA;NA
5;43.883998525943;16.601646209596;0,0126532764962593;1028;NA;NA
4;44.378659603013;20.6457290873016;0,0172128455452896;1028;NA;NA
1;42.4971320852834;3.59709616666667;0,0217506691403969;1028;NA;NA
11;43.807087777825;21.2395421474033;0,0240572843061194;1028;NA;NA
12;45.4420958387446;32.4600313210759;0,0262032482940705;1028;NA;NA
14;46.2661610847359;34.446469875461;0,027520740310729;1028;NA;NA
0;84.9301727115717;2.090562;0;1029;NA;NA
28;83.1170680551503;36.022094996723;0,0073174504771215;1029;NA;NA
6;84.0190317640693;22.0109438199856;0,0132080625119413;1029;NA;NA
2;83.1525321115288;16.4194863095238;0,0166559284054534;1029;NA;NA
1;81.0280692729767;4.7899125;0,0221215734281826;1029;NA;NA
18;86.8528727287358;23.3621692998226;0,0241791292570544;1029;NA;NA
1;82.9821236041586;13.9474474285714;0,0268325724716077;1029;NA;NA
34;85.2601315726857;21.8422450527285;0,0286610374369492;1029;NA;NA
3;83.6930330409357;23.8678234087302;0,030429833226882;1029;NA;NA
0;53.5450259067358;2.05336033333333;0;1030;NA;NA
28;52.3955438944937;26.0419411896461;0,0073174504771215;1030;NA;NA
6;52.6502933405483;34.2388622539683;0,0132080625119413;1030;NA;NA
2;51.7970397347536;25.8210297857143;0,0166559284054534;1030;NA;NA
1;49.5788923182442;3.72211416666667;0,0221215734281826;1030;NA;NA
18;52.3700315804496;10.0956962993117;0,0241791292570544;1030;NA;NA
1;51.771082980362;9.85564321428571;0,0268325724716077;1030;NA;NA
34;52.9187096743479;12.8589175990791;0,0286610374369492;1030;NA;NA
3;51.6939376775272;16.9913391587302;0,030429833226882;1030;NA;NA
0;45.7202849740933;1.31273866666667;0;1031;NA;NA
28;44.879472445024;17.9737090914357;0,0073174504771215;1031;NA;NA
6;45.9355658802309;15.3137197027417;0,0132080625119413;1031;NA;NA
2;45.0232973057644;13.098624952381;0,0166559284054534;1031;NA;NA
1;41.903377914952;2.3652025;0,0221215734281826;1031;NA;NA
18;45.8307517498961;6.81290353004615;0,0241791292570544;1031;NA;NA
1;44.5931019766397;8.10071783333333;0,0268325724716077;1031;NA;NA
34;46.7361399113221;10.1231886467727;0,0286610374369492;1031;NA;NA
3;45.0013337092732;14.6805312579365;0,030429833226882;1031;NA;NA
8;123.436234235209;65.0572182900433;0;1032;NA;NA
2;123.017881548975;20.6433666666667;0,0059807718946453;1032;NA;NA
2;125.274505327245;16.301719047619;0,0109992004419587;1032;NA;NA
0;124.422764227642;0.325;0,014935234547663;1032;NA;NA
15;125.828443822292;37.2975036424078;0,0172079206103744;1032;NA;NA
12;125.742737270388;25.2591083481921;0,0195072349054926;1032;NA;NA
26;125.869922265301;30.6532506457521;0,0209352467015423;1032;NA;NA
1;126.694895591647;5.3405;0,0231400889701632;1032;NA;NA
0;81.6490909090909;0.03042;0;1033;NA;NA
6;83.7889263095238;45.1936776071429;0,009568035600469;1033;NA;NA
2;76.2845605214153;107.742108166667;0,014703891179956;1033;NA;NA
1;78.648291012057;52.2474988809524;0,0194630743016574;1033;NA;NA
0;78.5889647326507;5.76482;0,023637969205709;1033;NA;NA
6;79.6729653823954;37.0384291565656;0,026068265362013;1033;NA;NA
6;80.643064529637;58.0354628824786;0,028294007596029;1033;NA;NA
25;77.7760735817836;243.097130441299;0,0299768595072153;1033;NA;NA
1;74.2903685897436;103.6355645;0,0318605389922578;1033;NA;NA
0;56.1645454545455;0.043245;0;1034;NA;NA
6;58.9170486904762;31.9660646944444;0,009568035600469;1034;NA;NA
2;58.7205791433892;16.1097318333333;0,014703891179956;1034;NA;NA
1;58.5374814273535;15.8474401904762;0,0194630743016574;1034;NA;NA
0;62.0211604095563;0.395813333333333;0,023637969205709;1034;NA;NA
6;55.7965093217893;29.624996036075;0,026068265362013;1034;NA;NA
6;56.1989470482295;42.2818856197414;0,028294007596029;1034;NA;NA
25;57.1032279185492;20.9874832276075;0,0299768595072153;1034;NA;NA
1;58.4299107142857;3.77857183333333;0,0318605389922578;1034;NA;NA
0;44.6663636363636;0.016245;0;1035;NA;NA
6;44.7170706746032;26.5693326468254;0,009568035600469;1035;NA;NA
2;44.5681489757914;8.961991;0,014703891179956;1035;NA;NA
1;44.5117369991475;5.98688716666667;0,0194630743016574;1035;NA;NA
0;46.4894766780432;0.24258;0,023637969205709;1035;NA;NA
6;42.4273601082251;11.0655600786436;0,026068265362013;1035;NA;NA
6;43.3470428368853;14.9013393730991;0,028294007596029;1035;NA;NA
25;43.192815861565;7.59325124383876;0,0299768595072153;1035;NA;NA
1;43.7807257326007;2.23917216666667;0,0318605389922578;1035;NA;NA
0;151.65701754386;5.99999999999932e-05;0;1036;NA;NA
6;144.848683730159;519.069498539683;0,007263693213137;1036;NA;NA
2;155.464799625468;308.5888755;0,0127835360930416;1036;NA;NA
1;148.009679836512;232.2045235;0,0171283613952778;1036;NA;NA
0;146.730577427822;26.6077066666667;0,021789426384589;1036;NA;NA
5;144.971263015873;663.289490809524;0,0239834853897243;1036;NA;NA
4;135.923443914809;413.720952698413;0,0262752038667557;1036;NA;NA
16;126.488397448093;238.641996673722;0,0280115483148265;1036;NA;NA
1;124.726411022576;28.3219241666667;0,0298105270147481;1036;NA;NA
0;53.4587719298246;0.000959999999999993;0;1037;NA;NA
6;50.7963238095238;57.0996320714286;0,007263693213137;1037;NA;NA
2;53.6659868913858;25.9545745;0,0127835360930416;1037;NA;NA
1;51.1371961572833;26.2541811666667;0,0171283613952778;1037;NA;NA
0;51.4076470588235;3.04526166666667;0,021789426384589;1037;NA;NA
5;46.3663600396825;67.2782982738095;0,0239834853897243;1037;NA;NA
4;47.3678648310989;67.0514674603175;0,0262752038667557;1037;NA;NA
16;45.3344986918933;70.4816451148083;0,0280115483148265;1037;NA;NA
1;45.4870185922975;11.722605;0,0298105270147481;1037;NA;NA
0;26.8850877192982;0.0015;0;1038;NA;NA
6;28.3181236507937;3.96756535714286;0,007263693213137;1038;NA;NA
2;28.0731179775281;2.13867416666667;0,0127835360930416;1038;NA;NA
1;27.6691957104558;2.553114;0,0171283613952778;1038;NA;NA
0;28.459477124183;0.294623333333333;0,021789426384589;1038;NA;NA
5;27.3031228174603;12.494874202381;0,0239834853897243;1038;NA;NA
4;26.9911952813416;7.26372775396825;0,0262752038667557;1038;NA;NA
16;26.3082895628357;4.59591552085685;0,0280115483148265;1038;NA;NA
1;26.4239209827357;0.4508175;0,0298105270147481;1038;NA;NA
5;90.6172349603175;459.770730734127;0;1039;NA;NA
2;81.7843440122044;235.908644583333;0,0055198428799046;1039;NA;NA
1;81.7602811515969;160.438881166667;0,0098646681821408;1039;NA;NA
0;92.5922310756972;12.0268116666667;0,014525733171452;1039;NA;NA
5;95.8102222222222;312.261446202381;0,0167197921765873;1039;NA;NA
4;76.7071671031346;375.701700737103;0,0190115106536187;1039;NA;NA
16;70.3800958445575;296.292149858611;0,0207478551016895;1039;NA;NA
1;68.3575515635396;35.3600266666667;0,0225468338016111;1039;NA;NA
0;57.5159375;0.142705;0;1040;NA;NA
7;56.1961303968254;40.8717799603175;0,00696643979960319;1040;NA;NA
2;51.437745276765;32.9463925476191;0,012786790943335;1040;NA;NA
1;50.8313843888071;12.7473283333333;0,0172338506612052;1040;NA;NA
0;53.8892857142857;0.529895;0,0218238474702381;1040;NA;NA
3;53.5804902380952;19.6612744047619;0,0242300240535714;1040;NA;NA
4;51.8461199249815;23.4491654246032;0,0263587256718061;1040;NA;NA
14;54.0671088361943;22.9323667029754;0,0279919199437862;1040;NA;NA
1;55.3667658730159;1.55730416666667;0,0299197661210317;1040;NA;NA
0;29.90053125;0.05077745;0;1041;NA;NA
7;28.5971461309524;10.036551439881;0,00696643979960319;1041;NA;NA
2;28.0543800685007;4.02459830190476;0,012786790943335;1041;NA;NA
1;26.869763377516;3.13836673;0,0172338506612052;1041;NA;NA
0;26.725873015873;0.12499;0,0218238474702381;1041;NA;NA
3;27.6296507380952;8.17865947928572;0,0242300240535714;1041;NA;NA
4;26.4681601709649;10.3945585695238;0,0263587256718061;1041;NA;NA
14;27.943592324559;15.5742211357266;0,0279919199437862;1041;NA;NA
1;28.9491567460317;1.51823134166667;0,0299197661210317;1041;NA;NA
0;40.8675;0.29103;0;1042;NA;NA
7;38.7017772619048;35.5335535515873;0,00696643979960319;1042;NA;NA
2;38.2465092254999;10.1919124285714;0,012786790943335;1042;NA;NA
1;37.5586131566028;3.31111083333333;0,0172338506612052;1042;NA;NA
0;37.7035714285714;0.116005;0,0218238474702381;1042;NA;NA
3;38.8784488095238;8.46751635714286;0,0242300240535714;1042;NA;NA
4;37.5783966805113;7.73442363492063;0,0263587256718061;1042;NA;NA
14;38.3828884462291;17.6756819820659;0,0279919199437862;1042;NA;NA
1;38.5069047619048;2.116175;0,0299197661210317;1042;NA;NA
0;108.242028985507;0.4316908;0;1043;NA;NA
8;107.639110431457;21.8037863260317;0,0069333021416416;1043;NA;NA
1;107.726861643252;8.64597376;0,0126646187461825;1043;NA;NA
1;102.880532370251;16.5423097;0,0174439403618148;1043;NA;NA
0;107.584176470588;0.549265;0,0217155746660983;1043;NA;NA
3;102.550077852605;54.1981746095238;0,0242316501853733;1043;NA;NA
4;98.694928427274;67.3854404919048;0,0263396187734991;1043;NA;NA
6;96.3588337848818;68.5556175034499;0,0277338794795953;1043;NA;NA
0;60.3519323671498;0.071645;0;1044;NA;NA
8;60.4707375577201;6.95500452705627;0,0069333021416416;1044;NA;NA
1;59.9143912303108;3.93812616666666;0,0126646187461825;1044;NA;NA
1;57.0217148207598;7.35775416666667;0,0174439403618148;1044;NA;NA
0;59.0882352941177;0.20184;0,0217155746660983;1044;NA;NA
3;55.2510335769212;19.2831649047619;0,0242316501853733;1044;NA;NA
4;55.0176827158714;33.2459906190476;0,0263396187734991;1044;NA;NA
6;53.1260608297258;44.7517093326118;0,0277338794795953;1044;NA;NA
0;46.401690821256;0.365335;0;1045;NA;NA
8;46.3084802525252;14.1681298232323;0,0069333021416416;1045;NA;NA
1;45.6092443593018;7.0187685;0,0126646187461825;1045;NA;NA
1;43.5742990904227;4.7805575;0,0174439403618148;1045;NA;NA
0;44.4964705882353;0.21194;0,0217155746660983;1045;NA;NA
3;41.5752851411377;14.0184023571428;0,0242316501853733;1045;NA;NA
4;42.5105178751622;21.0210050595238;0,0263396187734991;1045;NA;NA
6;41.8591150876901;22.1406918146853;0,0277338794795953;1045;NA;NA
0;71.3206451612903;0.0750999999999999;0;1046;NA;NA
9;72.0031195890221;4.54828804059829;0,007235046988588;1046;NA;NA
7;72.4899883694084;6.67946483116883;0,0130749201870839;1046;NA;NA
5;71.5899176552823;7.72751530050505;0,0170354349882753;1046;NA;NA
0;71.3070945945946;0.0970550000000001;0,0216905235396687;1046;NA;NA
6;70.4517899237344;6.86386897691198;0,0247888487234314;1046;NA;NA
14;70.4188956864288;7.0244117176628;0,0264477080919901;1046;NA;NA
53;70.6062154736985;6.21757508481404;0,0280562272381816;1046;NA;NA
2;70.8171666943844;3.20344395238095;0,0299890433402359;1046;NA;NA
0;65.0496774193548;0.03332;0;1047;NA;NA
9;65.1366423618049;6.11886394491619;0,007235046988588;1047;NA;NA
7;66.4276400396825;15.8799682305195;0,0130749201870839;1047;NA;NA
5;66.7701539866907;15.5357841684704;0,0170354349882753;1047;NA;NA
0;64.9435810810811;0.147625;0,0216905235396687;1047;NA;NA
6;67.3050093575094;16.1792971320069;0,0247888487234314;1047;NA;NA
14;67.2752741030044;16.2306804901399;0,0264477080919901;1047;NA;NA
53;65.1475106784375;16.0085069433642;0,0280562272381816;1047;NA;NA
2;63.6317298630744;6.03743697619048;0,0299890433402359;1047;NA;NA
0;57.3016129032258;0.203045;0;1048;NA;NA
9;59.1718245787546;11.2806243099678;0,007235046988588;1048;NA;NA
7;59.4805816883117;12.7198112712843;0,0130749201870839;1048;NA;NA
5;58.9460782044358;10.826433790404;0,0170354349882753;1048;NA;NA
0;58.9037162162162;0.161085;0,0216905235396687;1048;NA;NA
6;58.3309060010449;9.39284698636086;0,0247888487234314;1048;NA;NA
14;58.2884752869253;9.46228303879705;0,0264477080919901;1048;NA;NA
53;58.8091343938444;8.57861174246141;0,0280562272381816;1048;NA;NA
2;59.2368620766118;4.55968492857143;0,0299890433402359;1048;NA;NA
0;78.0892587346553;2.3897075;0;1049;NA;NA
31;81.0973444045129;17.4995875316321;0,0075374017212402;1049;NA;NA
9;81.6193253639416;16.442990953575;0,0129884558097301;1049;NA;NA
6;81.7224706664411;10.8519118747086;0,0173771047967817;1049;NA;NA
1;82.7032075903064;2.26841116666667;0,0219449527843515;1049;NA;NA
12;79.8667566276916;13.2136234983822;0,0245344629721148;1049;NA;NA
17;80.7209508555915;11.3253553382356;0,0265260282799158;1049;NA;NA
31;80.2585476408121;13.7753214422737;0,0280022092931455;1049;NA;NA
1;81.8045610226725;5.06594183333333;0,0303429187988285;1049;NA;NA
0;75.9028564683664;3.5116475;0;1050;NA;NA
31;79.394864998901;22.3037711722983;0,0075374017212402;1050;NA;NA
9;78.8994203957154;20.4989210310294;0,0129884558097301;1050;NA;NA
6;79.6094270250458;12.707614258769;0,0173771047967817;1050;NA;NA
1;80.4501486053955;2.93402683333333;0,0219449527843515;1050;NA;NA
12;79.0537274282155;11.9539662602288;0,0245344629721148;1050;NA;NA
17;79.9326612263142;11.4386246111353;0,0265260282799158;1050;NA;NA
31;79.7177454299981;12.1883940397652;0,0280022092931455;1050;NA;NA
1;79.1961046792089;2.65346216666666;0,0303429187988285;1050;NA;NA
0;43.0902974504249;4.7242825;0;1051;NA;NA
31;46.8179990618646;43.7703817355568;0,0075374017212402;1051;NA;NA
9;46.0605183558109;32.4748115824519;0,0129884558097301;1051;NA;NA
6;45.8633431654073;30.9251239686425;0,0173771047967817;1051;NA;NA
1;47.7694970278921;12.208525;0,0219449527843515;1051;NA;NA
12;45.0097988530046;34.0462537026608;0,0245344629721148;1051;NA;NA
17;44.677803012304;33.1598698669081;0,0265260282799158;1051;NA;NA
31;44.174973623155;31.4399015527863;0,0280022092931455;1051;NA;NA
1;47.6952122527738;14.5044541666667;0,0303429187988285;1051;NA;NA
0;254.016064257028;1.247;0;1052;NA;NA
16;254.508937952459;31.5913245211789;0,00690959084441869;1052;NA;NA
5;252.079906891018;19.4313888888889;0,0129217674250317;1052;NA;NA
3;250.420381757882;21.0897876262626;0,0170260099487464;1052;NA;NA
0;252.690476190476;0.347;0,0212013812392427;1052;NA;NA
5;249.122171492833;36.1736556277056;0,0247471070561234;1052;NA;NA
11;248.977850384656;36.6861860151845;0,0264102753546716;1052;NA;NA
31;249.406629624384;48.2243078333216;0,027940143645695;1052;NA;NA
1;250.989146666667;16.8641833333333;0,0300343728519411;1052;NA;NA
0;61.3400267737617;0.0956666666666667;0;1053;NA;NA
16;60.3197341528269;4.62001573268493;0,00690959084441869;1053;NA;NA
5;59.1748665331999;18.8031924603175;0,0129217674250317;1053;NA;NA
3;58.7130251505251;11.9657444805195;0,0170260099487464;1053;NA;NA
0;59.5119047619048;0.0765;0,0212013812392427;1053;NA;NA
5;58.2871151694622;7.99378852813853;0,0247471070561234;1053;NA;NA
11;58.2991963750989;8.10328927772434;0,0264102753546716;1053;NA;NA
31;58.36628595675;7.75431531008664;0,027940143645695;1053;NA;NA
1;58.6708266666667;1.85973333333333;0,0300343728519411;1053;NA;NA
0;40.4779116465863;0.0586666666666667;0;1054;NA;NA
16;39.6038471303464;2.64027662355704;0,00690959084441869;1054;NA;NA
5;39.0832654082654;9.44060753968254;0,0129217674250317;1054;NA;NA
3;38.75879000879;5.44843614718615;0,0170260099487464;1054;NA;NA
0;39.3134920634921;0.0575;0,0212013812392427;1054;NA;NA
5;38.4364525394365;2.93788502886003;0,0247471070561234;1054;NA;NA
11;38.4017127290795;2.97872692456752;0,0264102753546716;1054;NA;NA
31;38.3745043511805;2.59887047187205;0,027940143645695;1054;NA;NA
1;38.4907733333333;0.570133333333333;0,0300343728519411;1054;NA;NA
0;41.8132530120482;0.1335;0;1055;NA;NA
16;40.52449036934;7.68559725005816;0,00690959084441869;1055;NA;NA
5;40.4831657053879;4.34579761904762;0,0129217674250317;1055;NA;NA
3;40.0708649458649;2.85721962481962;0,0170260099487464;1055;NA;NA
0;40.1706349206349;0.0625;0,0212013812392427;1055;NA;NA
5;39.5412605059044;3.21613845598846;0,0247471070561234;1055;NA;NA
11;39.5337863670042;3.15147475531864;0,0264102753546716;1055;NA;NA
31;39.2184959988674;4.66304479747102;0,027940143645695;1055;NA;NA
1;38.7469866666667;1.74733333333333;0,0300343728519411;1055;NA;NA
0;31.2697456492637;0.0155;0;1056;NA;NA
16;31.3643632404317;1.54076617421107;0,00690959084441869;1056;NA;NA
5;31.2424913008246;0.972861507936508;0,0129217674250317;1056;NA;NA
3;31.1763826638827;1.27149844877345;0,0170260099487464;1056;NA;NA
0;31.1587301587302;0.037;0,0212013812392427;1056;NA;NA
5;31.0968661395442;2.58622554112554;0,0247471070561234;1056;NA;NA
11;31.0393800266469;2.63345904637159;0,0264102753546716;1056;NA;NA
31;30.5366115413467;2.83370971457155;0,027940143645695;1056;NA;NA
1;29.95616;0.616533333333333;0,0300343728519411;1056;NA;NA
0;54.3239625167336;0.0946666666666667;0;1057;NA;NA
16;53.5925443916936;3.97804185913845;0,00690959084441869;1057;NA;NA
5;53.8403776792666;5.89088253968254;0,0129217674250317;1057;NA;NA
3;53.4470974595975;3.87537391774892;0,0170260099487464;1057;NA;NA
0;53.4246031746032;0.0555;0,0212013812392427;1057;NA;NA
5;52.8479953569221;2.91343520923521;0,0247471070561234;1057;NA;NA
11;52.7950604926291;3.04504003267974;0,0264102753546716;1057;NA;NA
31;52.5764370315984;2.57275047414241;0,027940143645695;1057;NA;NA
1;52.26528;0.610366666666667;0,0300343728519411;1057;NA;NA
0;40.8641231593039;0.0458333333333333;0;1058;NA;NA
16;40.8424098607146;2.08709559945988;0,00690959084441869;1058;NA;NA
5;40.6728260006038;1.48457936507937;0,0129217674250317;1058;NA;NA
3;40.247051034551;1.90812896825397;0,0170260099487464;1058;NA;NA
0;40.4285714285714;0.038;0,0212013812392427;1058;NA;NA
5;39.7234530792956;2.85398077200577;0,0247471070561234;1058;NA;NA
11;39.7065741826285;2.93526343445856;0,0264102753546716;1058;NA;NA
31;39.6061098617807;2.29210855332055;0,027940143645695;1058;NA;NA
1;39.5142666666667;0.499716666666667;0,0300343728519411;1058;NA;NA
0;291.230215827338;0.688;0;1059;NA;NA
12;294.532988050838;52.4548748029748;0,0071064630831613;1059;NA;NA
3;296.813323331382;32.6211273809524;0,0130861710975628;1059;NA;NA
3;290.889212289212;61.3224492063492;0,0180091374538474;1059;NA;NA
0;291.603603603604;0.697;0,0218271428802903;1059;NA;NA
7;289.015986002697;68.8788604076479;0,0249834611678126;1059;NA;NA
16;288.833454520657;68.7757291000247;0,0266443087869914;1059;NA;NA
45;288.727795465795;79.6873887441779;0,0281625386241758;1059;NA;NA
1;289.224256157635;36.4648380952381;0,0301770906342512;1059;NA;NA
0;58.1546762589928;0.0715;0;1060;NA;NA
12;58.5942792627307;11.1569939957102;0,0071064630831613;1060;NA;NA
3;58.8534396955503;6.37489285714286;0,0130861710975628;1060;NA;NA
3;57.6061227436227;7.70651626984127;0,0180091374538474;1060;NA;NA
0;57.8153153153153;0.0215;0,0218271428802903;1060;NA;NA
7;57.1321958769354;8.93587659285159;0,0249834611678126;1060;NA;NA
16;57.0762047517393;9.40405714586853;0,0266443087869914;1060;NA;NA
45;57.4721029506544;9.53887531720756;0,0281625386241758;1060;NA;NA
1;57.9719113300493;3.93875476190476;0,0301770906342512;1060;NA;NA
0;50.5971223021583;0.02;0;1061;NA;NA
12;50.4332264026823;3.16771170414553;0,0071064630831613;1061;NA;NA
3;51.1923570452771;3.90517857142857;0,0130861710975628;1061;NA;NA
3;49.7948647823648;9.98620515873016;0,0180091374538474;1061;NA;NA
0;49.8243243243243;0.0235;0,0218271428802903;1061;NA;NA
7;49.1860984915218;12.848640499778;0,0249834611678126;1061;NA;NA
16;49.1343611321985;13.6595652779564;0,0266443087869914;1061;NA;NA
45;49.1469931653732;14.2839216933842;0,0281625386241758;1061;NA;NA
1;49.1191395730706;5.89807619047619;0,0301770906342512;1061;NA;NA
0;40.0503597122302;0.014;0;1062;NA;NA
12;39.7798898997245;2.71987211864932;0,0071064630831613;1062;NA;NA
3;39.4282055035129;1.17861904761905;0,0130861710975628;1062;NA;NA
3;38.7806009306009;5.89395714285714;0,0180091374538474;1062;NA;NA
0;39.1756756756757;0.0175;0,0218271428802903;1062;NA;NA
7;38.7074857924307;8.56061092796093;0,0249834611678126;1062;NA;NA
16;38.5865410841602;9.34003033069111;0,0266443087869914;1062;NA;NA
45;38.9363807569407;11.2143726744327;0,0281625386241758;1062;NA;NA
1;39.4376223316913;5.41957619047619;0,0301770906342512;1062;NA;NA
0;37.0359712230216;0.023;0;1063;NA;NA
12;38.136070243482;2.23653293324323;0,0071064630831613;1063;NA;NA
3;38.2894820940671;1.14442738095238;0,0130861710975628;1063;NA;NA
3;37.6071040821041;7.35352619047619;0,0180091374538474;1063;NA;NA
0;37.481981981982;0.0065;0,0218271428802903;1063;NA;NA
7;37.5264208903988;10.8714781468531;0,0249834611678126;1063;NA;NA
16;37.387057946566;11.4488795231568;0,0266443087869914;1063;NA;NA
45;37.4512768948313;7.64258036405011;0,0281625386241758;1063;NA;NA
1;37.5589490968801;1.29331904761905;0,0301770906342512;1063;NA;NA
0;52.8201438848921;0.054;0;1064;NA;NA
12;53.7165377972518;3.97374245419613;0,0071064630831613;1064;NA;NA
3;53.3476666178767;6.606925;0,0130861710975628;1064;NA;NA
3;53.6166922416922;4.97277698412698;0,0180091374538474;1064;NA;NA
0;53.2612612612613;0.013;0,0218271428802903;1064;NA;NA
7;53.7476456339808;5.17996919330669;0,0249834611678126;1064;NA;NA
16;53.665901669423;5.51410639245817;0,0266443087869914;1064;NA;NA
45;53.2717924669651;4.41464810177115;0,0281625386241758;1064;NA;NA
1;52.765829228243;1.04969285714286;0,0301770906342512;1064;NA;NA
0;43.273381294964;0.004;0;1065;NA;NA
12;43.5412066993464;13.8033666678093;0,0071064630831613;1065;NA;NA
3;43.1378476288056;9.42728928571429;0,0130861710975628;1065;NA;NA
3;42.052361977362;5.3794746031746;0,0180091374538474;1065;NA;NA
0;42.536036036036;0.0275;0,0218271428802903;1065;NA;NA
7;41.6723025693968;4.64095645188145;0,0249834611678126;1065;NA;NA
16;41.5839270789724;5.01376400939432;0,0266443087869914;1065;NA;NA
45;41.981913328756;7.35158803378894;0,0281625386241758;1065;NA;NA
1;42.4958719211823;4.25242619047619;0,0301770906342512;1065;NA;NA
0;119.384155455904;6.545;0;1066;NA;NA
23;125.023699678405;110.59701675001;0,00995717624152819;1066;NA;NA
8;126.598316052004;71.122615460928;0,0147352970143899;1066;NA;NA
4;128.058828714996;40.5516944805195;0,0188705846615748;1066;NA;NA
1;127.561612021858;14.1005833333333;0,0238050558210199;1066;NA;NA
14;127.254256327354;67.2354960510293;0,025942076905434;1066;NA;NA
9;129.257168003312;56.2984201181301;0,028256521673657;1066;NA;NA
22;131.280069028307;68.3238259248317;0,0299298152677098;1066;NA;NA
1;131.932071596244;16.89425;0,0319037096129656;1066;NA;NA
0;126.505979073244;3.95216666666667;0;1067;NA;NA
23;131.856558071731;96.5087722490986;0,00995717624152819;1067;NA;NA
8;133.905382689533;63.3202068875569;0,0147352970143899;1067;NA;NA
4;134.844391961676;51.3849547979798;0,0188705846615748;1067;NA;NA
1;134.564344262295;15.76475;0,0238050558210199;1067;NA;NA
14;133.3176316047;86.0374728922136;0,025942076905434;1067;NA;NA
9;134.108445920681;88.3270995177724;0,028256521673657;1067;NA;NA
22;136.340396627319;84.0376628332913;0,0299298152677098;1067;NA;NA
1;138.220715962441;12.3226666666667;0,0319037096129656;1067;NA;NA
10;118.361119237788;84.1561351902999;0;1068;NA;NA
4;120.609651289183;105.358725793651;0,0051588100187653;1068;NA;NA
3;120.229928833443;78.5042277777778;0,0094316882460255;1068;NA;NA
1;118.818336425479;19.1770833333333;0,0141389870562134;1068;NA;NA
11;115.777721166252;61.7012617500147;0,0162695153533158;1068;NA;NA
7;119.985397435897;122.18297021867;0,018571540205566;1068;NA;NA
14;121.734841605879;106.510740370049;0,0202182387401856;1068;NA;NA
0;122.90193236715;4.8775;0,0221938316534726;1068;NA;NA
10;106.366674366075;42.867355473693;0;1069;NA;NA
4;103.437652056459;37.1425924603175;0,0051588100187653;1069;NA;NA
3;104.533872576365;35.5760277777778;0,0094316882460255;1069;NA;NA
1;105.785095856524;7.83333333333333;0,0141389870562134;1069;NA;NA
11;104.030817455665;24.5070645721109;0,0162695153533158;1069;NA;NA
7;105.55331986347;68.1355871628372;0,018571540205566;1069;NA;NA
14;107.167259657345;51.8395380060944;0,0202182387401856;1069;NA;NA
0;108.967632850242;1.1445;0,0221938316534726;1069;NA;NA
10;57.5759375035912;8.22669531130634;0;1070;NA;NA
4;57.8786665387874;9.3374373015873;0,0051588100187653;1070;NA;NA
3;58.221768767855;10.2522932539683;0,0094316882460255;1070;NA;NA
1;57.7571119356834;2.08091666666667;0,0141389870562134;1070;NA;NA
11;56.8102919409022;19.7138498400293;0,0162695153533158;1070;NA;NA
7;59.0920206682207;23.3081786380286;0,018571540205566;1070;NA;NA
14;61.0590120527864;20.0412758319811;0,0202182387401856;1070;NA;NA
0;62.7584541062802;0.667333333333333;0,0221938316534726;1070;NA;NA
7;284.321898989899;148.009271284271;0;1071;NA;NA
2;280.425259836674;85.29405;0,00534774514269;1071;NA;NA
1;279.679496070273;44.62725;0,0093990374477507;1071;NA;NA
0;279.308558558559;8.287;0,014353958513494;1071;NA;NA
2;283.965162153126;59.5621666666667;0,0165781225478267;1071;NA;NA
2;281.769219547775;90.3173666666667;0,0187685153754708;1071;NA;NA
6;286.280936507937;152.944963492063;0,0205785664938672;1071;NA;NA
0;288.390243902439;2.777;0,0224701500510681;1071;NA;NA
7;70.389656962482;47.7790818542569;0;1072;NA;NA
2;68.7814455403542;19.4726619047619;0,00534774514269;1072;NA;NA
1;68.4048774849746;7.99991666666667;0,0093990374477507;1072;NA;NA
0;69.6582207207207;1.45916666666667;0,014353958513494;1072;NA;NA
2;66.9233987677318;12.1336523809524;0,0165781225478267;1072;NA;NA
2;67.385867979577;16.04015;0,0187685153754708;1072;NA;NA
6;65.0589440476191;8.30700119047619;0,0205785664938672;1072;NA;NA
0;65.3317073170732;0.131;0,0224701500510681;1072;NA;NA
7;36.0804142135642;11.8750041847042;0;1073;NA;NA
2;34.520969880157;8.91724047619048;0,00534774514269;1073;NA;NA
1;34.7449144706426;5.50641666666667;0,0093990374477507;1073;NA;NA
0;35.2640765765766;0.751833333333333;0,014353958513494;1073;NA;NA
2;33.0536585948321;18.5180880952381;0,0165781225478267;1073;NA;NA
2;35.3840809628009;25.7717833333333;0,0187685153754708;1073;NA;NA
6;37.6875940476191;37.1070726190476;0,0205785664938672;1073;NA;NA
0;38.6317073170732;0.5225;0,0224701500510681;1073;NA;NA
6;73.7588527777778;92.4723563131313;0;1074;NA;NA
2;72.4177352830896;55.148;0,00534774514269;1074;NA;NA
1;72.8685479980704;34.4468333333333;0,0093990374477507;1074;NA;NA
0;72.6571246819338;8.48516666666667;0,014353958513494;1074;NA;NA
2;74.7752853799494;54.9104928571429;0,0165781225478267;1074;NA;NA
2;73.9614942528736;60.7856833333333;0,0187685153754708;1074;NA;NA
6;76.5829583333333;21.1221313492063;0,0205785664938672;1074;NA;NA
0;76.6911764705882;0.17;0,0224701500510681;1074;NA;NA
8;98.0719763739529;6.65422226727521;0;1075;NA;NA
138;98.0220715066136;6.68456332490543;0,0065673793490829;1075;NA;NA
27;97.8925625310893;5.70338071745463;0,0125027086757094;1075;NA;NA
6;97.6803114912865;4.75998011710512;0,0161703177959369;1075;NA;NA
1;97.6292338709677;1.98991666666667;0,0216836705914263;1075;NA;NA
46;98.406636908285;6.5681284523622;0,0236971809094124;1075;NA;NA
3;97.6223889382862;4.39990753968254;0,0261379690759899;1075;NA;NA
11;97.7972428859797;5.0477221546814;0,0280543469873855;1075;NA;NA
19;97.8117538309729;6.62162886798257;0,0335300456314748;1075;NA;NA
8;20.9853128090863;1.56336587889235;0;1076;NA;NA
138;20.9919424083396;1.57735134276121;0,0065673793490829;1076;NA;NA
27;20.9736161775319;1.37474690302556;0,0125027086757094;1076;NA;NA
6;20.9354649156399;1.24730487012987;0,0161703177959369;1076;NA;NA
1;20.9554211469534;0.685633333333333;0,0216836705914263;1076;NA;NA
46;20.8232654120244;1.34740470446576;0,0236971809094124;1076;NA;NA
3;20.730982842653;1.31568492063492;0,0261379690759899;1076;NA;NA
11;20.4734022169566;1.57456392402317;0,0280543469873855;1076;NA;NA
19;21.177405062529;2.04482498517751;0,0335300456314748;1076;NA;NA
8;11.1537570878468;0.875132749766573;0;1077;NA;NA
138;11.1679803651696;0.880232485198688;0,0065673793490829;1077;NA;NA
27;11.108905212444;0.809035425838441;0,0125027086757094;1077;NA;NA
6;11.031795979021;0.709179711954712;0,0161703177959369;1077;NA;NA
1;11.1238127240143;0.26665;0,0216836705914263;1077;NA;NA
46;11.0569197133627;1.26794030627711;0,0236971809094124;1077;NA;NA
3;10.7713734110518;0.891618253968254;0,0261379690759899;1077;NA;NA
11;10.72929945695;0.549901029740813;0,0280543469873855;1077;NA;NA
19;10.9612893566537;0.461166685864949;0,0335300456314748;1077;NA;NA
8;10.0187056073012;0.912784555150732;0;1078;NA;NA
138;10.0300249419834;0.916224691130436;0,0065673793490829;1078;NA;NA
27;10.0183034668314;0.816245143599847;0,0125027086757094;1078;NA;NA
6;9.93465070485071;0.729553196803197;0,0161703177959369;1078;NA;NA
1;9.73810483870968;0.358683333333333;0,0216836705914263;1078;NA;NA
46;9.81412985809868;0.834194467419805;0,0236971809094124;1078;NA;NA
3;9.73935445893433;0.706024206349206;0,0261379690759899;1078;NA;NA
11;9.73907870210715;0.688413480057095;0,0280543469873855;1078;NA;NA
19;9.65033643485652;1.15079252778955;0,0335300456314748;1078;NA;NA
8;23.4154841074775;1.60479234841955;0;1079;NA;NA
138;23.4281037172389;1.62179453587652;0,0065673793490829;1079;NA;NA
27;23.4962734682329;1.64140873492357;0,0125027086757094;1079;NA;NA
6;23.5218052225552;1.62768162948163;0,0161703177959369;1079;NA;NA
1;23.4735663082437;0.619866666666667;0,0216836705914263;1079;NA;NA
46;23.161850222025;1.31337697776559;0,0236971809094124;1079;NA;NA
3;23.246241684779;1.44705079365079;0,0261379690759899;1079;NA;NA
11;23.1467326421214;1.1919694407201;0,0280543469873855;1079;NA;NA
19;23.3189543539553;3.23597974872135;0,0335300456314748;1079;NA;NA
6;85.9464039978355;10.6423866783261;0;1080;NA;NA
1;86.266645082332;2.53688037166667;0,0054319744047939;1080;NA;NA
1;85.7897231509625;1.25363739833333;0,010070856608252;1080;NA;NA
0;86.4986229166667;0.385114625;0,0147154213910534;1080;NA;NA
6;86.4765686010379;13.0369274829257;0,0167595084495782;1080;NA;NA
5;85.5195939262022;5.20780495590271;0,0189358064029967;1080;NA;NA
12;85.4107157124194;6.55725491081745;0,0206953272951036;1080;NA;NA
43;86.4362404080097;6.98726891358564;0,0264637635223118;1080;NA;NA
6;7.97531230663781;1.05123237077201;0;1081;NA;NA
1;7.81643635959056;0.527329315;0,0054319744047939;1081;NA;NA
1;7.68277659574468;0.340632083333333;0,010070856608252;1081;NA;NA
0;7.80860833333333;0.10076995;0,0147154213910534;1081;NA;NA
6;7.54441469330669;0.795731728206793;0,0167595084495782;1081;NA;NA
5;7.69080380867039;0.752388404718892;0,0189358064029967;1081;NA;NA
12;7.7723165278258;0.707960051734586;0,0206953272951036;1081;NA;NA
43;7.94476199160241;0.824746083541725;0,0264637635223118;1081;NA;NA
3;65.9997795185295;5.65537946428571;0;1082;NA;NA
61;65.997903972988;6.95406547374524;0,0066257538661167;1082;NA;NA
10;65.9818833026768;6.83146609205895;0,0124079769191223;1082;NA;NA
4;66.0741231380804;5.48338258369408;0,0170437484421218;1082;NA;NA
1;65.9891238095238;2.19100166666667;0,0217540548212576;1082;NA;NA
9;65.7080084022922;6.62951768061758;0,024219248262939;1082;NA;NA
12;66.149744298803;5.19502869300816;0,0261655280950141;1082;NA;NA
35;66.6544700054972;6.62896122121381;0,0278695667747295;1082;NA;NA
52;65.859078098301;9.40403756063381;0,0336097126268364;1082;NA;NA
3;5.39553802428802;0.288938678571429;0;1083;NA;NA
61;5.35770625108663;0.327017119111606;0,0066257538661167;1083;NA;NA
10;5.3403564816672;0.319200233923155;0,0124079769191223;1083;NA;NA
4;5.22852523564375;0.221541958513709;0,0170437484421218;1083;NA;NA
1;5.1500925170068;0.0860690476190476;0,0217540548212576;1083;NA;NA
9;5.01538873987124;0.267287861950141;0,024219248262939;1083;NA;NA
12;5.14779680296278;0.195255936242871;0,0261655280950141;1083;NA;NA
35;5.25630555890939;0.279947228913781;0,0278695667747295;1083;NA;NA
52;4.94256571406647;0.356440659077963;0,0336097126268364;1083;NA;NA
4;88.8560537692834;5.37559450977994;0;1084;NA;NA
63;88.8292816153485;6.63859003413073;0,0067629553892;1084;NA;NA
12;88.9449337055615;6.33277983741557;0,0125302738618766;1084;NA;NA
4;88.7399311120011;5.99697796195887;0,0170585986312449;1084;NA;NA
0;88.8872425474255;0.318699225;0,0218607354786279;1084;NA;NA
25;88.0263450468672;6.60648676015413;0,0239593420499525;1084;NA;NA
13;88.0112391922334;7.62440502406089;0,0263375987705981;1084;NA;NA
27;87.7374302044091;6.8295726986041;0,0277829748809726;1084;NA;NA
4;89.9659962619048;12.9948517480952;0,0333617142073348;1084;NA;NA
4;13.6763258051799;0.503847697395382;0;1085;NA;NA
63;13.6771926513641;0.624429880759475;0,0067629553892;1085;NA;NA
12;13.4780465892886;1.25655619765231;0,0125302738618766;1085;NA;NA
4;13.4582880265168;1.1494278951912;0,0170585986312449;1085;NA;NA
0;13.6242234332425;0.0265362666666667;0,0218607354786279;1085;NA;NA
25;13.3927866773392;1.66696585424368;0,0239593420499525;1085;NA;NA
13;13.5340181204856;0.606225883204383;0,0263375987705981;1085;NA;NA
26;13.4910318473018;0.532548265589427;0,0277829748809726;1085;NA;NA
3;13.60516750167;0.237881625;0,0333617142073348;1085;NA;NA
4;7.18898764634564;0.374156533048341;0;1086;NA;NA
63;7.18785762295467;0.408325601436763;0,0067629553892;1086;NA;NA
12;7.19195806141135;0.383543387669186;0,0125302738618766;1086;NA;NA
4;7.25544809316624;0.271245876367244;0,0170585986312449;1086;NA;NA
0;7.32598238482385;0.0146324916666667;0,0218607354786279;1086;NA;NA
25;7.49041367413993;2.40349617260045;0,0239593420499525;1086;NA;NA
13;7.26578205214982;0.296664761945698;0,0263375987705981;1086;NA;NA
26;7.24911725601036;0.268547445448849;0,0277829748809726;1086;NA;NA
4;7.14952164285714;0.0864346830952381;0,0333617142073348;1086;NA;NA
4;5.37626146442332;0.184818510454545;0;1087;NA;NA
63;5.38259386267869;0.196794911501272;0,0067629553892;1087;NA;NA
12;5.38468912765024;0.176765423485401;0,0125302738618766;1087;NA;NA
4;5.33320782941359;0.161365124646465;0,0170585986312449;1087;NA;NA
0;5.32865401987353;0.0103891166666667;0,0218607354786279;1087;NA;NA
25;5.22859186979412;0.143883602361977;0,0239593420499525;1087;NA;NA
13;5.27722874940199;0.208384945597659;0,0263375987705981;1087;NA;NA
26;5.23874597170321;0.201639815048775;0,0277829748809726;1087;NA;NA
4;4.99142716666667;0.352537934523809;0,0333617142073348;1087;NA;NA
4;4.50101954188423;0.130244916482684;0;1088;NA;NA
63;4.51416649982322;0.152639665923557;0,0067629553892;1088;NA;NA
12;4.54087139683759;0.134490691081616;0,0125302738618766;1088;NA;NA
4;4.51905467757161;0.119456729419192;0,0170585986312449;1088;NA;NA
0;4.49293360433604;0.008475725;0,0218607354786279;1088;NA;NA
25;4.4505990475552;0.246643384018583;0,0239593420499525;1088;NA;NA
13;4.48649693918526;0.151593681843988;0,0263375987705981;1088;NA;NA
26;4.44842899602954;0.164298596345179;0,0277829748809726;1088;NA;NA
4;4.41293902380952;0.114148542619048;0,0333617142073348;1088;NA;NA
4;14.0416343640593;0.584249768892496;0;1089;NA;NA
62;14.0302056302211;0.676599611908975;0,0067629553892;1089;NA;NA
11;14.0901022416284;0.634317089663851;0,0125302738618766;1089;NA;NA
4;14.1495895869481;0.452259413611111;0,0170585986312449;1089;NA;NA
0;14.1326792364991;0.0305065083333333;0,0218607354786279;1089;NA;NA
24;14.0720543665339;0.706561637553664;0,0239593420499525;1089;NA;NA
13;14.0397886369776;0.471219162195653;0,0263375987705981;1089;NA;NA
26;14.0104043977186;0.397791032241279;0,0277829748809726;1089;NA;NA
4;14.1829808095238;0.23733119047619;0,0333617142073348;1089;NA;NA
4;8.55848804986537;0.520423603455988;0;1090;NA;NA
63;8.54949925168309;0.626796012513585;0,0067629553892;1090;NA;NA
12;8.62866634449705;0.619717251817038;0,0125302738618766;1090;NA;NA
4;8.69327522881567;0.546770976897547;0,0170585986312449;1090;NA;NA
0;8.54778681120145;0.0300292166666667;0,0218607354786279;1090;NA;NA
25;8.37573270193138;0.924172996899989;0,0239593420499525;1090;NA;NA
13;8.56207963242824;0.732959934011365;0,0263375987705981;1090;NA;NA
26;8.41506975767496;0.743139449229227;0,0277829748809726;1090;NA;NA
4;8.45862745238095;0.408408882142857;0,0333617142073348;1090;NA;NA
0;56.0801886792453;0.00734500000000001;0;1091;NA;NA
49;56.7115447077749;4.89603697198297;0,0082709086293534;1091;NA;NA
21;57.0144932304369;3.66085243846786;0,013301716504033;1091;NA;NA
14;56.8399777018313;5.03171345352201;0,0175063655189168;1091;NA;NA
4;56.7865448525571;4.26776970562771;0,0222341353822003;1091;NA;NA
18;56.5604880438499;6.94610647759261;0,0248912806899514;1091;NA;NA
33;56.4803025934883;7.47296339789347;0,0266875760049732;1091;NA;NA
36;56.3135328174601;8.25941707258646;0,0280204411102175;1091;NA;NA
0;56.4794642857143;0.06163;0,0309104645384097;1091;NA;NA
0;7.66132075471698;0.000924999999999999;0;1092;NA;NA
49;7.38139315305488;0.354516470306488;0,0082709086293534;1092;NA;NA
21;7.33574399964827;0.317133137478287;0,013301716504033;1092;NA;NA
14;7.35506400037;0.31275565951779;0,0175063655189168;1092;NA;NA
4;7.32993461491928;0.300646364357864;0,0222341353822003;1092;NA;NA
18;7.42040003213018;0.320502331481711;0,0248912806899514;1092;NA;NA
33;7.4452584254662;0.317054556901129;0,0266875760049732;1092;NA;NA
36;7.49363478180664;0.305328618224737;0,0280204411102175;1092;NA;NA
0;7.41741071428571;0.003625;0,0309104645384097;1092;NA;NA
0;5.72358490566038;0.000185;0;1093;NA;NA
49;5.58857187665761;0.201368908705562;0,0082709086293534;1093;NA;NA
21;5.5956865579965;0.181011914655453;0,013301716504033;1093;NA;NA
14;5.58854327800807;0.184752120925041;0,0175063655189168;1093;NA;NA
4;5.5690141371353;0.174766700937951;0,0222341353822003;1093;NA;NA
18;5.60259182445609;0.198391199515315;0,0248912806899514;1093;NA;NA
33;5.61659041387634;0.20131780534176;0,0266875760049732;1093;NA;NA
36;5.63202126703437;0.203992669990464;0,0280204411102175;1093;NA;NA
0;5.61919642857143;0.002505;0,0309104645384097;1093;NA;NA
0;39.9795918367347;0.00896999999999998;0;1094;NA;NA
5;41.0116170238095;1.7521092579365;0,00747836519387759;1094;NA;NA
2;41.0226534839925;0.585639833333331;0,0128151713497829;1094;NA;NA
2;41.472152866242;0.649362333333332;0,0173276130833225;1094;NA;NA
0;41.5306491885144;0.0481749999999999;0,0217360656640934;1094;NA;NA
3;41.7190288155011;1.11196551190476;0,0245504556417756;1094;NA;NA
6;41.6722126347126;1.49724266269841;0,0262759137650844;1094;NA;NA
23;41.3300675613481;1.28999828146865;0,0279998243406075;1094;NA;NA
1;41.1467817014446;0.2543445;0,0298204838913094;1094;NA;NA
0;87.4275510204082;0.02731;0;1095;NA;NA
4;85.6007129365079;6.52446218253968;0,00747836519387759;1095;NA;NA
2;85.5836467889908;2.297916;0,0128151713497829;1095;NA;NA
1;84.8724503311258;1.96448433333334;0,0173276130833225;1095;NA;NA
0;84.3760869565217;0.2104;0,0217360656640934;1095;NA;NA
2;84.8866819946863;3.62332980952381;0,0245504556417756;1095;NA;NA
5;84.9204273080779;4.76432451193252;0,0262759137650844;1095;NA;NA
22;85.5270475020175;6.00125064827797;0,0279998243406075;1095;NA;NA
1;85.8416880684858;1.4226025;0,0298204838913094;1095;NA;NA
0;48.8367346938776;0.00315000000000001;0;1096;NA;NA
5;48.0981063888889;1.24443031349206;0,00747836519387759;1096;NA;NA
2;48.9232655367232;1.55227166666667;0,0128151713497829;1096;NA;NA
2;48.2526687898089;1.4260495;0,0173276130833225;1096;NA;NA
0;47.6524968789014;0.0467916666666666;0,0217360656640934;1096;NA;NA
3;47.8876166816099;2.41103017857143;0,0245504556417756;1096;NA;NA
6;47.9005334916446;3.19656611832612;0,0262759137650844;1096;NA;NA
23;48.2401454675799;2.42606471210158;0,0279998243406075;1096;NA;NA
1;48.4210861423221;0.452648;0,0298204838913094;1096;NA;NA
0;44.1556701030928;0.0034;0;1097;NA;NA
4;43.748493452381;0.782740392857144;0,00747836519387759;1097;NA;NA
2;43.7349730250482;0.189246833333334;0,0128151713497829;1097;NA;NA
1;43.9202610441767;0.426067166666667;0,0173276130833225;1097;NA;NA
0;43.5631147540984;0.00965666666666668;0,0217360656640934;1097;NA;NA
2;44.1965562606408;1.36741852380953;0,0245504556417756;1097;NA;NA
5;44.2133229522623;2.04871727453103;0,0262759137650844;1097;NA;NA
20;44.0192593476606;2.51137752603743;0,0279998243406075;1097;NA;NA
1;43.9434974093264;0.404731166666667;0,0298204838913094;1097;NA;NA
0;26.2479591836735;0.00241;0;1098;NA;NA
5;26.8471332539683;0.859621476190477;0,00747836519387759;1098;NA;NA
2;27.3326346516008;0.495094166666667;0,0128151713497829;1098;NA;NA
2;27.3266560509554;0.2927845;0,0173276130833225;1098;NA;NA
0;27.0338951310861;0.0285083333333334;0,0217360656640934;1098;NA;NA
3;27.283258866308;0.513979833333333;0,0245504556417756;1098;NA;NA
6;27.3378521811855;0.682866393217893;0,0262759137650844;1098;NA;NA
23;26.9832167875354;1.30304431990489;0,0279998243406075;1098;NA;NA
1;26.8393445692884;0.319035833333333;0,0298204838913094;1098;NA;NA
0;11.9301020408163;0.002575;0;1099;NA;NA
5;11.7773746825397;0.881147468253968;0,00747836519387759;1099;NA;NA
2;12.215922787194;0.501100833333334;0,0128151713497829;1099;NA;NA
1;12.0388441558442;0.314876;0,0173276130833225;1099;NA;NA
0;11.7758145363409;0.0517766666666667;0,0217360656640934;1099;NA;NA
2;11.9547186609687;0.402831619047619;0,0245504556417756;1099;NA;NA
5;11.9731889512763;0.491744006216006;0,0262759137650844;1099;NA;NA
21;11.884465109636;1.00454420873072;0,0279998243406075;1099;NA;NA
1;11.7860972913212;0.234087;0,0298204838913094;1099;NA;NA
0;12.3867346938776;0.000840000000000001;0;1100;NA;NA
5;11.9669145238095;0.294678134920635;0,00747836519387759;1100;NA;NA
2;11.7650376647834;0.126220833333333;0,0128151713497829;1100;NA;NA
2;11.7307367303609;0.171718166666667;0,0173276130833225;1100;NA;NA
0;11.7443196004994;0.01327;0,0217360656640934;1100;NA;NA
3;11.7608017035266;0.464754047619048;0,0245504556417756;1100;NA;NA
6;11.7342782753894;0.583442556277056;0,0262759137650844;1100;NA;NA
23;11.599894007184;0.371570498727611;0,0279998243406075;1100;NA;NA
1;11.5496361690744;0.0494653333333333;0,0298204838913094;1100;NA;NA
0;21.7948979591837;0.00025;0;1101;NA;NA
5;21.7937017063492;0.288647662698412;0,00747836519387759;1101;NA;NA
2;22.2175988700565;0.331206833333333;0,0128151713497829;1101;NA;NA
2;22.0715010615711;0.219394166666667;0,0173276130833225;1101;NA;NA
0;21.7801498127341;0.0116966666666667;0,0217360656640934;1101;NA;NA
3;21.9458928571429;0.429471857142857;0,0245504556417756;1101;NA;NA
6;22.0055210766322;0.609006497835498;0,0262759137650844;1101;NA;NA
23;22.1074240336678;0.794573546026977;0,0279998243406075;1101;NA;NA
1;22.1697886570358;0.178904166666667;0,0298204838913094;1101;NA;NA
0;21.8142857142857;0.000830000000000002;0;1102;NA;NA
5;21.7871870238095;0.199748718253969;0,00747836519387759;1102;NA;NA
2;22.0077438794727;0.0952453333333337;0,0128151713497829;1102;NA;NA
2;22.0014118895966;0.1287155;0,0173276130833225;1102;NA;NA
0;21.781954887218;0.00454;0,0217360656640934;1102;NA;NA
3;22.0123692468619;0.379632880952381;0,0245504556417756;1102;NA;NA
6;22.0417693198249;0.563881106421356;0,0262759137650844;1102;NA;NA
22;21.8857501599434;0.564984728259272;0,0279998243406075;1102;NA;NA
1;21.8349695459579;0.104910833333333;0,0298204838913094;1102;NA;NA
0;3.51887755102041;0.000125;0;1103;NA;NA
4;3.67407888888889;0.157660896825397;0,00747836519387759;1103;NA;NA
2;3.9923402617398;0.135245333333333;0,0128151713497829;1103;NA;NA
1;3.96730379188713;0.0930408333333334;0,0173276130833225;1103;NA;NA
0;3.69993141289438;0.00426833333333333;0,0217360656640934;1103;NA;NA
3;3.99670593237295;0.161029285714286;0,0245504556417756;1103;NA;NA
5;4.0198785834897;0.221680595598846;0,0262759137650844;1103;NA;NA
23;3.93993795242525;0.216497162117083;0,0279998243406075;1103;NA;NA
1;3.90790262172285;0.052257;0,0298204838913094;1103;NA;NA
0;3.79489795918367;0.00035;0;1104;NA;NA
5;3.7487501984127;0.0971148134920635;0,00747836519387759;1104;NA;NA
2;3.79834274952919;0.0443203333333333;0,0128151713497829;1104;NA;NA
2;3.87364968152866;0.0731668333333333;0,0173276130833225;1104;NA;NA
0;3.70194235588972;0.007405;0,0217360656640934;1104;NA;NA
3;3.9861001942618;0.166121416666667;0,0245504556417756;1104;NA;NA
6;4.0061826581271;0.215143317099567;0,0262759137650844;1104;NA;NA
22;3.89074632624487;0.274330426493728;0,0279998243406075;1104;NA;NA
1;3.83601882613511;0.0661706666666667;0,0298204838913094;1104;NA;NA
0;282.039622641509;0.000320000000000009;0;1105;NA;NA
7;277.224331502109;39.7179842682041;0,0076412199220188;1105;NA;NA
3;278.02451032076;28.9586585119048;0,0127968754557741;1105;NA;NA
2;276.75804941003;29.6804625238095;0,0173588675570391;1105;NA;NA
1;276.09781650641;4.77902583333334;0,0217564297782112;1105;NA;NA
4;275.863015862006;44.7815786699134;0,0244959837054278;1105;NA;NA
7;276.146575159563;52.5954153379121;0,0262474461358883;1105;NA;NA
17;275.239541986425;56.4715289626793;0,0278263738950481;1105;NA;NA
0;273.844032395567;4.95020500000001;0,0297171417024562;1105;NA;NA
0;54.1509433962264;7.99999999999994e-05;0;1106;NA;NA
7;53.3239611568987;2.8088036534854;0,0076412199220188;1106;NA;NA
3;54.1570933570934;4.18196397619048;0,0127968754557741;1106;NA;NA
2;53.6329308891698;2.53204409523809;0,0173588675570391;1106;NA;NA
1;53.0742387820513;0.360103333333333;0,0217564297782112;1106;NA;NA
4;53.5277807430503;2.91300643362193;0,0244959837054278;1106;NA;NA
7;53.5765944247419;3.33153574295149;0,0262474461358883;1106;NA;NA
17;52.8850822739521;3.56382177340465;0,0278263738950481;1106;NA;NA
0;51.8934356351236;0.12597;0,0297171417024562;1106;NA;NA
0;19.75;0.000244999999999999;0;1107;NA;NA
7;19.255644529082;0.30115215992341;0,0076412199220188;1107;NA;NA
3;19.225608974359;0.196975488095238;0,0127968754557741;1107;NA;NA
2;19.0898514538559;0.276533476190476;0,0173588675570391;1107;NA;NA
1;19.2011818910256;0.0323691666666666;0,0217564297782112;1107;NA;NA
4;19.0258026089995;0.489432317821067;0,0244959837054278;1107;NA;NA
7;19.0078074991675;0.590688908091908;0,0262474461358883;1107;NA;NA
17;18.7823836187681;0.572883942738385;0,0278263738950481;1107;NA;NA
0;18.5471867007673;0.030275;0,0297171417024562;1107;NA;NA
0;22.8160377358491;0.001805;0;1108;NA;NA
7;21.9192869966145;1.07697621153846;0,0076412199220188;1108;NA;NA
3;22.1830276705277;0.795762190476191;0,0127968754557741;1108;NA;NA
2;22.0658043615676;0.801104476190476;0,0173588675570391;1108;NA;NA
1;21.7875;0.107928333333333;0,0217564297782112;1108;NA;NA
4;22.0781488735634;1.46212000180375;0,0244959837054278;1108;NA;NA
7;22.1100278330003;1.66504408422133;0,0262474461358883;1108;NA;NA
17;21.7302618441324;1.56151493237354;0,0278263738950481;1108;NA;NA
0;21.2630008525149;0.0590533333333334;0,0297171417024562;1108;NA;NA
0;19.377358490566;0.00242;0;1109;NA;NA
7;18.3401288461538;1.12952311255411;0,0076412199220188;1109;NA;NA
3;18.3446678546679;0.647811166666666;0,0127968754557741;1109;NA;NA
2;18.3236994310999;0.596123476190476;0,0173588675570391;1109;NA;NA
1;18.1661258012821;0.105119166666667;0,0217564297782112;1109;NA;NA
4;18.3055291506843;0.790482968614719;0,0244959837054278;1109;NA;NA
7;18.330590548063;0.873569910783661;0,0262474461358883;1109;NA;NA
17;18.1085539950691;1.1002015529081;0,0278263738950481;1109;NA;NA
0;17.7794117647059;0.0974850000000001;0,0297171417024562;1109;NA;NA
0;50.1132075471698;0.000179999999999997;0;1110;NA;NA
7;49.8654556032856;3.16493859013209;0,0076412199220188;1110;NA;NA
3;50.5858485545986;3.13348013095238;0,0127968754557741;1110;NA;NA
2;49.9415297092288;2.27557842857143;0,0173588675570391;1110;NA;NA
1;49.8278846153846;0.406521666666667;0,0217564297782112;1110;NA;NA
4;49.6579784547994;2.81038402813853;0,0244959837054278;1110;NA;NA
7;49.6635842116217;2.97382621225996;0,0262474461358883;1110;NA;NA
17;49.2851109957341;3.13383610277655;0,0278263738950481;1110;NA;NA
0;48.8547740835465;0.253875;0,0297171417024562;1110;NA;NA
0;25.6094339622642;7.99999999999994e-05;0;1111;NA;NA
7;25.4828898865024;1.55939739185814;0,0076412199220188;1111;NA;NA
3;25.5994613157113;1.02799477380952;0,0127968754557741;1111;NA;NA
2;25.6466569216182;1.23138597619048;0,0173588675570391;1111;NA;NA
1;25.4468950320513;0.176090833333333;0,0217564297782112;1111;NA;NA
4;25.7320156036458;1.97703657467532;0,0244959837054278;1111;NA;NA
7;25.8449793154068;2.17880687737263;0,0262474461358883;1111;NA;NA
17;25.5567259943477;1.91094678909345;0,0278263738950481;1111;NA;NA
0;25.0820545609548;0.103698333333333;0,0297171417024562;1111;NA;NA
4;314.793087580761;56.9022978095238;0;1112;NA;NA
1;314.552814661134;17.7957628333333;0,004912662876177;1112;NA;NA
1;310.952760279965;32.0042436666667;0,0096616539698084;1112;NA;NA
0;313.756116722783;4.21373833333333;0,0139407456797778;1112;NA;NA
4;306.107079444444;240.597089785715;0,0162607733782105;1112;NA;NA
5;305.715297039529;68.1285906075036;0,0184002211820152;1112;NA;NA
6;303.273244539633;48.0790655393217;0,0197140753158713;1112;NA;NA
4;33.1078460157932;0.882526654761903;0;1113;NA;NA
1;33.0885223605348;0.282981833333333;0,004912662876177;1113;NA;NA
1;32.9141032370954;0.752968333333333;0,0096616539698084;1113;NA;NA
0;33.1225308641975;0.0506608333333332;0,0139407456797778;1113;NA;NA
4;33.1356016666667;4.33464185714286;0,0162607733782105;1113;NA;NA
5;32.7262770381671;3.12945338492063;0,0184002211820152;1113;NA;NA
6;32.5746415535304;3.80410811038961;0,0197140753158713;1113;NA;NA
4;26.8595903326155;0.490285666666666;0;1114;NA;NA
1;26.8729598893499;0.166480333333333;0,004912662876177;1114;NA;NA
1;26.8621325459318;0.270091166666667;0,0096616539698084;1114;NA;NA
0;26.7787598204265;0.0254258333333333;0,0139407456797778;1114;NA;NA
4;26.6158399603175;0.731920527777777;0,0162607733782105;1114;NA;NA
5;26.9666427542783;0.948952954545455;0,0184002211820152;1114;NA;NA
6;26.9271427307538;1.12832387626263;0,0197140753158713;1114;NA;NA
4;14.2592479061977;0.637199666666667;0;1115;NA;NA
1;14.2541217150761;0.204159666666667;0,004912662876177;1115;NA;NA
1;14.113053368329;0.240301;0,0096616539698084;1115;NA;NA
0;14.3283950617284;0.04038;0,0139407456797778;1115;NA;NA
4;13.9999488095238;0.42008103968254;0,0162607733782105;1115;NA;NA
5;13.9145977597258;0.546449185064935;0,0184002211820152;1115;NA;NA
6;13.8471568754902;0.577766235930736;0,0197140753158713;1115;NA;NA
4;13.9301681024168;0.824749345238095;0;1116;NA;NA
1;13.9351521438451;0.2702225;0,004912662876177;1116;NA;NA
1;13.7611482939633;0.286456166666667;0,0096616539698084;1116;NA;NA
0;13.9523007856341;0.0473416666666666;0,0139407456797778;1116;NA;NA
4;13.492821031746;0.492856;0,0162607733782105;1116;NA;NA
5;13.5520809971488;0.530552094155844;0,0184002211820152;1116;NA;NA
6;13.4635248415804;0.487359854617605;0,0197140753158713;1116;NA;NA
4;24.310485044269;1.14130854761905;0;1117;NA;NA
1;24.3009474412172;0.3842025;0,004912662876177;1117;NA;NA
1;23.9311789151356;0.542784166666667;0,0096616539698084;1117;NA;NA
0;24.1638888888889;0.0653958333333333;0,0139407456797778;1117;NA;NA
4;23.4460484126984;1.52021958730159;0,0162607733782105;1117;NA;NA
5;23.4294560239515;1.13227093470419;0,0184002211820152;1117;NA;NA
6;23.1752458771903;0.972184565295816;0,0197140753158713;1117;NA;NA
4;24.7815244077531;0.684924035714286;0;1118;NA;NA
1;24.7557883817427;0.223735833333333;0,004912662876177;1118;NA;NA
1;24.724186351706;0.257721666666667;0,0096616539698084;1118;NA;NA
0;24.7427328843996;0.0353008333333333;0,0139407456797778;1118;NA;NA
4;24.6435063888889;1.63539378174603;0,0162607733782105;1118;NA;NA
5;24.7409790677863;0.675566726551226;0,0184002211820152;1118;NA;NA
6;24.7179280615392;0.726908926046176;0,0197140753158713;1118;NA;NA
0;137.709420289855;0.2576;0;1119;NA;NA
18;137.493797818804;15.7646964353552;0,0074212236700891;1119;NA;NA
4;136.495010506579;13.0449911984127;0,0127459420419869;1119;NA;NA
4;135.63692966212;13.5126709909812;0,0176191774780401;1119;NA;NA
1;135.461222578919;2.99326083333333;0,0218706725676755;1119;NA;NA
10;136.001177449684;15.6402134666674;0,0244251922950945;1119;NA;NA
17;135.161633277817;15.5917077157434;0,0263515681988603;1119;NA;NA
49;134.999809304526;15.6063130306131;0,0279843317308586;1119;NA;NA
2;134.973348448206;7.93004958333333;0,0299325040247913;1119;NA;NA
0;36.1247584541063;0.0081283333333333;0;1120;NA;NA
18;35.7223290499376;1.43711920557813;0,0074212236700891;1120;NA;NA
4;35.6225837293505;1.29621697619047;0,0127459420419869;1120;NA;NA
4;35.4089035023979;1.21487445454545;0,0176191774780401;1120;NA;NA
1;35.4997592295345;0.33444;0,0218706725676755;1120;NA;NA
10;35.461681969776;1.13016086528538;0,0244251922950945;1120;NA;NA
17;35.3099950003666;1.33688607490724;0,0263515681988603;1120;NA;NA
49;35.3182904992055;1.559448137641;0,0279843317308586;1120;NA;NA
2;35.3725715437324;0.894900928571429;0,0299325040247913;1120;NA;NA
0;17.5159420289855;0.00359000000000002;0;1121;NA;NA
18;17.2287956659762;0.601672692405548;0,0074212236700891;1121;NA;NA
4;17.1121383716419;0.606517202380953;0,0127459420419869;1121;NA;NA
4;16.9513256603236;0.493824316017316;0,0176191774780401;1121;NA;NA
1;17.0059256286784;0.162019166666667;0,0218706725676755;1121;NA;NA
10;16.7480435803992;0.472784227729915;0,0244251922950945;1121;NA;NA
17;16.8644302526839;0.416346117261522;0,0263515681988603;1121;NA;NA
49;16.8396986321068;0.499741806876299;0,0279843317308586;1121;NA;NA
2;16.8364631197098;0.295141523809524;0,0299325040247913;1121;NA;NA
0;11.5384057971014;0.00175;0;1122;NA;NA
18;11.4053725790879;0.485549432784647;0,0074212236700891;1122;NA;NA
4;11.2332854475803;0.432012226190476;0,0127459420419869;1122;NA;NA
4;11.1180214035428;0.414053242784993;0,0176191774780401;1122;NA;NA
1;11.0585874799358;0.103831666666667;0,0218706725676755;1122;NA;NA
10;11.2834007969615;0.513246231458643;0,0244251922950945;1122;NA;NA
17;11.0950995476971;0.497669401337055;0,0263515681988603;1122;NA;NA
49;10.9201188604359;0.495468623053248;0,0279843317308586;1122;NA;NA
2;10.8096624345022;0.230428511904762;0,0299325040247913;1122;NA;NA
0;14.4721014492754;0.000475;0;1123;NA;NA
18;14.0837408997255;0.289162642860813;0,0074212236700891;1123;NA;NA
4;13.9705389874891;0.281918444444445;0,0127459420419869;1123;NA;NA
4;13.8977519013709;0.323529877705628;0,0176191774780401;1123;NA;NA
1;13.8060727661851;0.0728516666666667;0,0218706725676755;1123;NA;NA
10;13.8822416633547;0.382982431374697;0,0244251922950945;1123;NA;NA
17;13.8866300209035;0.42976768837867;0,0263515681988603;1123;NA;NA
49;13.8174149217846;0.33253802665362;0,0279843317308586;1123;NA;NA
2;13.7629877065699;0.125471130952381;0,0299325040247913;1123;NA;NA
0;24.7094202898551;0.00267;0;1124;NA;NA
18;24.3235207506816;0.885700072742894;0,0074212236700891;1124;NA;NA
4;24.1261777066563;0.80363980952381;0,0127459420419869;1124;NA;NA
4;24.0155871790129;0.852786296176046;0,0176191774780401;1124;NA;NA
1;23.877835741038;0.2005925;0,0218706725676755;1124;NA;NA
10;24.1960002432122;0.920005536172805;0,0244251922950945;1124;NA;NA
17;24.0504940332006;1.03151767426458;0,0263515681988603;1124;NA;NA
49;23.7312269297059;1.47683609078351;0,0279843317308586;1124;NA;NA
2;23.4993067311568;0.857692119047619;0,0299325040247913;1124;NA;NA
0;18.156884057971;0.00979499999999999;0;1125;NA;NA
18;17.5557187962324;0.694530711285374;0,0074212236700891;1125;NA;NA
4;17.4955081143116;0.531723880952381;0,0127459420419869;1125;NA;NA
4;17.388767158579;0.465424541125541;0,0176191774780401;1125;NA;NA
1;17.3828116639914;0.103259166666667;0,0218706725676755;1125;NA;NA
10;17.3519567485026;0.423071627792744;0,0244251922950945;1125;NA;NA
17;17.3501239098275;0.556090343411059;0,0263515681988603;1125;NA;NA
49;17.3422553266031;0.664601975344526;0,0279843317308586;1125;NA;NA
2;17.3353204353083;0.397765285714286;0,0299325040247913;1125;NA;NA
0;139.815724637681;0.523968333333335;0;1126;NA;NA
13;141.546641494609;21.9228613800359;0,00745950054781071;1126;NA;NA
4;142.461738885834;15.7514189938673;0,0127456467011675;1126;NA;NA
4;142.762970747835;14.2576491626984;0,0172707663223605;1126;NA;NA
1;142.451166971359;3.8125585;0,0216885961833983;1126;NA;NA
8;143.337313868076;18.3276832864636;0,0242668800723208;1126;NA;NA
12;143.102253599356;17.1175613611545;0,0262359477576626;1126;NA;NA
28;142.273476832163;18.3503034367661;0,0278263327507438;1126;NA;NA
1;141.311248473748;3.4352225;0,0297770531467325;1126;NA;NA
0;35.1439855072464;0.00508833333333333;0;1127;NA;NA
13;34.9427957037794;1.30803814675447;0,00745950054781071;1127;NA;NA
4;35.308481702829;1.61541189285714;0,0127456467011675;1127;NA;NA
4;35.1280141671134;1.85468600793651;0,0172707663223605;1127;NA;NA
1;34.8971328458257;0.373497500000001;0,0216885961833983;1127;NA;NA
8;35.2983333220946;2.6926078290182;0,0242668800723208;1127;NA;NA
12;35.0803368892769;2.85069125761648;0,0262359477576626;1127;NA;NA
28;35.111163198709;3.82244809907338;0,0278263327507438;1127;NA;NA
1;35.0806318681319;0.975120833333334;0,0297770531467325;1127;NA;NA
0;30.0524637681159;0.386093333333333;0;1128;NA;NA
13;30.4943144197074;4.95800541104166;0,00745950054781071;1128;NA;NA
4;30.4455090507611;2.58479805266955;0,0127456467011675;1128;NA;NA
4;30.6582537245536;2.57753331746032;0,0172707663223605;1128;NA;NA
1;30.6899329677026;0.575921666666667;0,0216885961833983;1128;NA;NA
8;31.1275181567044;3.63273183537296;0,0242668800723208;1128;NA;NA
12;30.9282179708239;4.00822224827293;0,0262359477576626;1128;NA;NA
28;30.4670498392361;3.87073212862243;0,0278263327507438;1128;NA;NA
1;29.8815934065934;0.678666666666667;0,0297770531467325;1128;NA;NA
0;17.9636231884058;0.0263233333333333;0;1129;NA;NA
13;18.4021519657497;1.37453472630957;0,00745950054781071;1129;NA;NA
4;18.3319150498359;1.00092994191919;0,0127456467011675;1129;NA;NA
4;18.6321526863901;1.75327277777778;0,0172707663223605;1129;NA;NA
1;18.6630743449116;0.2465455;0,0216885961833983;1129;NA;NA
8;19.0480563944389;2.37955769028194;0,0242668800723208;1129;NA;NA
12;18.9020618101536;3.2516539847255;0,0262359477576626;1129;NA;NA
28;18.6085103083608;2.50507340215728;0,0278263327507438;1129;NA;NA
1;18.1783577533578;0.14613;0,0297770531467325;1129;NA;NA
0;16.818115942029;0.0174933333333333;0;1130;NA;NA
13;16.6523701740001;0.774905663371306;0,00745950054781071;1130;NA;NA
4;16.4074077795524;0.649736216089467;0,0127456467011675;1130;NA;NA
4;16.3972229127065;0.607834369047619;0,0172707663223605;1130;NA;NA
1;16.6123857404022;0.1566185;0,0216885961833983;1130;NA;NA
8;16.5712140780053;0.655991055042179;0,0242668800723208;1130;NA;NA
12;16.3861622008916;0.7282904500716;0,0262359477576626;1130;NA;NA
28;16.249031776508;0.600105789748709;0,0278263327507438;1130;NA;NA
1;16.1469017094017;0.0979391666666666;0,0297770531467325;1130;NA;NA
0;36.7371014492754;0.0560833333333335;0;1131;NA;NA
13;36.9798854182994;1.69135418906075;0,00745950054781071;1131;NA;NA
4;37.4885042679095;1.78172468686869;0,0127456467011675;1131;NA;NA
4;37.1782743984663;1.60432212301587;0,0172707663223605;1131;NA;NA
1;37.1171115173675;0.284329;0,0216885961833983;1131;NA;NA
8;37.2458861666112;1.83487341566767;0,0242668800723208;1131;NA;NA
12;36.8504685661879;2.04607039679507;0,0262359477576626;1131;NA;NA
28;36.5883357430472;1.7616139659985;0,0278263327507438;1131;NA;NA
1;36.3914072039072;0.2216375;0,0297770531467325;1131;NA;NA
0;30.2126086956522;0.0629999999999999;0;1132;NA;NA
13;30.5861417110082;2.05051821370114;0,00745950054781071;1132;NA;NA
4;30.9454130555265;1.53490518578643;0,0127456467011675;1132;NA;NA
4;30.8273999203912;1.56966571031746;0,0172707663223605;1132;NA;NA
1;30.7573491773309;0.395842;0,0216885961833983;1132;NA;NA
8;30.9324740329115;1.98807726262626;0,0242668800723208;1132;NA;NA
12;30.7124282505979;2.25622286818247;0,0262359477576626;1132;NA;NA
28;30.3456334069815;1.8812785450567;0,0278263327507438;1132;NA;NA
1;30.0218559218559;0.250813333333333;0,0297770531467325;1132;NA;NA
5;223.634894630531;110.166898198413;0;1133;NA;NA
2;221.63516440501;48.6553012976191;0,005090703538456;1133;NA;NA
3;223.663226518876;41.2598691720779;0,0098646402078868;1133;NA;NA
0;226.172452934662;2.54030083333334;0,014041557084222;1133;NA;NA
8;221.401652768767;56.2397919960514;0,016626424946516;1133;NA;NA
14;223.871412030579;45.0279784273695;0,0185400710035084;1133;NA;NA
31;223.892141453;49.7040826065347;0,020008534328514;1133;NA;NA
1;223.931391941392;10.2310466666667;0,0220194662758056;1133;NA;NA
5;35.5743874256449;2.28651292063492;0;1134;NA;NA
2;34.9004622725917;1.75563630952381;0,005090703538456;1134;NA;NA
3;35.4296369286489;1.65102971608947;0,0098646402078868;1134;NA;NA
0;35.6628183831672;0.0859625;0,014041557084222;1134;NA;NA
8;35.3250150999001;2.15762328119103;0,016626424946516;1134;NA;NA
14;35.6157507659028;2.19355994699379;0,0185400710035084;1134;NA;NA
31;35.2765228002322;2.508113538366;0,020008534328514;1134;NA;NA
1;34.5655677655678;0.286315;0,0220194662758056;1134;NA;NA
5;29.2887645131533;5.97291394444444;0;1135;NA;NA
2;28.2556100258475;4.30772025;0,005090703538456;1135;NA;NA
3;29.1475680159257;3.27232105194805;0,0098646402078868;1135;NA;NA
0;29.6939368770764;0.205489166666667;0,014041557084222;1135;NA;NA
8;28.933489875533;4.44892891696376;0,016626424946516;1135;NA;NA
14;29.4183592573227;2.79223667645802;0,0185400710035084;1135;NA;NA
31;29.3729697127185;2.80870487264945;0,020008534328514;1135;NA;NA
1;29.3401282051282;0.463655833333333;0,0220194662758056;1135;NA;NA
5;15.9220463148519;0.763907317460318;0;1136;NA;NA
2;15.9134936375385;1.067552;0,005090703538456;1136;NA;NA
3;15.7892049874584;0.66807913924964;0,0098646402078868;1136;NA;NA
0;15.9564507198228;0.0258491666666667;0,014041557084222;1136;NA;NA
8;15.7211037716042;0.522215328217534;0,016626424946516;1136;NA;NA
14;15.6892985431979;0.640358013765689;0,0185400710035084;1136;NA;NA
31;15.7055204528384;0.676561981079942;0,020008534328514;1136;NA;NA
1;15.7474358974359;0.0962533333333333;0,0220194662758056;1136;NA;NA
5;12.5332045042466;0.55573153968254;0;1137;NA;NA
2;12.3682181379859;0.308571583333333;0,005090703538456;1137;NA;NA
3;12.5409169642199;0.347232168470418;0,0098646402078868;1137;NA;NA
0;12.5789313399779;0.0250775;0,014041557084222;1137;NA;NA
8;12.4588656135776;0.397012444273864;0,016626424946516;1137;NA;NA
14;12.5866392768637;0.406498410855976;0,0185400710035084;1137;NA;NA
31;12.5946558390771;0.362619165288504;0,020008534328514;1137;NA;NA
1;12.5943223443223;0.0469683333333333;0,0220194662758056;1137;NA;NA
5;24.8055617584375;0.690439103174603;0;1138;NA;NA
2;24.2091184511383;0.703079190476191;0,005090703538456;1138;NA;NA
3;24.6153365887386;0.799902692279943;0,0098646402078868;1138;NA;NA
0;24.8707641196013;0.0251616666666667;0,014041557084222;1138;NA;NA
8;24.6545430562411;0.87308347163131;0,016626424946516;1138;NA;NA
14;24.7785765460393;1.08692960846977;0,0185400710035084;1138;NA;NA
31;24.8924798033924;1.51550136301955;0,020008534328514;1138;NA;NA
1;25.079706959707;0.326778333333333;0,0220194662758056;1138;NA;NA
5;24.0543811034768;2.01146898015873;0;1139;NA;NA
2;23.6512486330649;1.11265747619048;0,005090703538456;1139;NA;NA
3;23.7104133544592;0.959598025974026;0,0098646402078868;1139;NA;NA
0;24.081976744186;0.100214166666667;0,014041557084222;1139;NA;NA
8;23.3585276716258;1.6716655108421;0,016626424946516;1139;NA;NA
14;23.6831129711549;1.07771759293163;0,0185400710035084;1139;NA;NA
31;23.6007491503187;1.10518988013572;0,020008534328514;1139;NA;NA
1;23.515695970696;0.216090833333333;0,0220194662758056;1139;NA;NA
0;119.677628205128;0.286578333333333;0;1140;NA;NA
37;119.899158187866;15.816677896302;0,00743098984794121;1140;NA;NA
11;119.510605173247;18.3524811452575;0,0129247452043;1140;NA;NA
10;119.344615023918;14.7841036902778;0,0175733887558598;1140;NA;NA
2;119.713196787149;6.98467471428572;0,0219135135233241;1140;NA;NA
26;119.183552708419;13.9483846626464;0,024475917074295;1140;NA;NA
41;119.301698286256;12.8808121931713;0,0264323959788875;1140;NA;NA
98;119.126273914653;13.3520365086408;0,0279615877474106;1140;NA;NA
3;119.455999140029;10.3421101399711;0,0312183564536334;1140;NA;NA
0;28.2139743589744;0.0756333333333333;0;1141;NA;NA
37;27.8415238838958;1.58231821952474;0,00743098984794121;1141;NA;NA
11;27.8036092506908;1.94022701420123;0,0129247452043;1141;NA;NA
10;27.9122061632951;1.75698568276956;0,0175733887558598;1141;NA;NA
2;28.1794076305221;0.557430761904762;0,0219135135233241;1141;NA;NA
26;27.7594252239548;1.50899467534785;0,024475917074295;1141;NA;NA
41;27.9327876929767;1.70063954667039;0,0264323959788875;1141;NA;NA
98;27.8476481578859;1.47969734297342;0,0279615877474106;1141;NA;NA
3;27.6441145145539;0.78745229004329;0,0312183564536334;1141;NA;NA
0;22.8547435897436;0.0442833333333333;0;1142;NA;NA
37;22.5794567616734;2.08525816316624;0,00743098984794121;1142;NA;NA
11;22.360956824161;1.78411957645128;0,0129247452043;1142;NA;NA
10;22.330054176334;1.51511960866171;0,0175733887558598;1142;NA;NA
2;22.4623202811245;1.04808455952381;0,0219135135233241;1142;NA;NA
26;22.0476432868803;1.34647684394383;0,024475917074295;1142;NA;NA
41;22.3108244318076;1.22736476873488;0,0264323959788875;1142;NA;NA
98;22.3568441567502;1.0762837000267;0,0279615877474106;1142;NA;NA
3;22.4921758384713;0.717579560966811;0,0312183564536334;1142;NA;NA
0;15.210641025641;0.0457233333333334;0;1143;NA;NA
37;14.8663791868941;0.550643677797408;0,00743098984794121;1143;NA;NA
11;14.8816170936464;0.769519429208004;0,0129247452043;1143;NA;NA
10;14.900410015758;0.671251278344052;0,0175733887558598;1143;NA;NA
2;14.8266335341365;0.278010297619048;0,0219135135233241;1143;NA;NA
26;14.8074349817629;0.586463006017058;0,024475917074295;1143;NA;NA
41;14.9125592605269;0.630580720198627;0,0264323959788875;1143;NA;NA
98;15.0709322337759;0.676886651621736;0,0279615877474106;1143;NA;NA
3;15.3329976387249;0.444993417027417;0,0312183564536334;1143;NA;NA
0;9.54666666666667;0.0182133333333333;0;1144;NA;NA
37;9.59262764448778;0.355074030232183;0,00743098984794121;1144;NA;NA
11;9.59757379001975;0.367188686618851;0,0129247452043;1144;NA;NA
10;9.56687309649661;0.368539371926118;0,0175733887558598;1144;NA;NA
2;9.63263453815261;0.16619830952381;0,0219135135233241;1144;NA;NA
26;9.44479649329983;0.307886399818398;0,024475917074295;1144;NA;NA
41;9.52418588698696;0.363325779390322;0,0264323959788875;1144;NA;NA
98;9.64161754294521;0.349183380037823;0,0279615877474106;1144;NA;NA
3;9.64356923127378;0.25141710064935;0,0312183564536334;1144;NA;NA
0;31.8299358974359;0.0248216666666666;0;1145;NA;NA
37;31.6598806908666;0.887541406450446;0,00743098984794121;1145;NA;NA
11;31.7063867172048;1.19304256419342;0,0129247452043;1145;NA;NA
10;31.5975991980902;1.3901628820023;0,0175733887558598;1145;NA;NA
2;31.6131506024096;0.468608571428571;0,0219135135233241;1145;NA;NA
26;31.493103807015;1.65289414890788;0,024475917074295;1145;NA;NA
41;31.5283792596297;1.66371428582042;0,0264323959788875;1145;NA;NA
98;31.6293422018713;1.70694628859523;0,0279615877474106;1145;NA;NA
3;31.8689158977947;1.0715305966811;0,0312183564536334;1145;NA;NA
0;20.1354487179487;0.0463483333333333;0;1146;NA;NA
37;20.171389737844;1.62756352277624;0,00743098984794121;1146;NA;NA
11;20.6755194753264;4.59600084096291;0,0129247452043;1146;NA;NA
10;20.6647453910054;2.85604616710613;0,0175733887558598;1146;NA;NA
2;20.6839518072289;0.616032785714286;0,0219135135233241;1146;NA;NA
26;20.4245832627634;1.41507045544145;0,024475917074295;1146;NA;NA
41;20.5234589051069;1.58419272187766;0,0264323959788875;1146;NA;NA
98;20.632253719163;1.49604930104857;0,0279615877474106;1146;NA;NA
3;20.5071528634104;0.992141037518037;0,0312183564536334;1146;NA;NA
0;92.3934782608696;0.078125;0;1147;NA;NA
23;92.5180296786161;10.706373720641;0,0081212789204766;1147;NA;NA
11;93.2148962089592;7.69281247530699;0,0131088255929257;1147;NA;NA
7;92.9417979372146;8.47621135241148;0,0171052503389085;1147;NA;NA
2;92.9300279460743;7.38528531349206;0,0221539837940498;1147;NA;NA
78;94.3077432924725;12.7200689945012;0,024036579515408;1147;NA;NA
13;92.5719837232862;12.5049014469156;0,0264585802330309;1147;NA;NA
17;92.1585034576244;14.5416528898443;0,0280170517885046;1147;NA;NA
5;90.6095866666667;11.2843302619048;0,0338115889143374;1147;NA;NA
0;11.6304347826087;0.00722;0;1148;NA;NA
23;11.4783527529932;1.45292862640366;0,0081212789204766;1148;NA;NA
11;11.7621018591797;1.32688929854511;0,0131088255929257;1148;NA;NA
7;11.695030579475;1.42096223340548;0,0171052503389085;1148;NA;NA
2;11.6337018760629;0.930715746190476;0,0221539837940498;1148;NA;NA
78;12.277692645265;1.52920779081432;0,024036579515408;1148;NA;NA
13;11.6868124025008;1.72315493928912;0,0264585802330309;1148;NA;NA
17;11.7457259413819;2.13781353762779;0,0280170517885046;1148;NA;NA
5;10.9865300952381;0.733232243809524;0,0338115889143374;1148;NA;NA
0;10.0152173913043;0.001125;0;1149;NA;NA
23;9.86556687864658;0.694715747068417;0,0081212789204766;1149;NA;NA
11;10.0831212590059;0.712604936453811;0,0131088255929257;1149;NA;NA
7;10.0170940098718;0.712901973415473;0,0171052503389085;1149;NA;NA
2;9.96668969671202;0.475022658730159;0,0221539837940498;1149;NA;NA
78;10.1833686181808;0.66785241612687;0,024036579515408;1149;NA;NA
13;9.93291175129958;0.651528185202359;0,0264585802330309;1149;NA;NA
17;9.99158357356003;0.529176965291275;0,0280170517885046;1149;NA;NA
5;8.83037928571428;0.917683976190477;0,0338115889143374;1149;NA;NA
58;128.741481318899;160.762125127039;0;1150;NA;NA
20;129.506071884218;153.404770450115;0,0049170251693104;1150;NA;NA
14;128.818144793163;163.206992241792;0,0091614498605616;1150;NA;NA
5;128.096887845113;163.462656859759;0,0139223607928134;1150;NA;NA
25;123.767250155096;157.164932859186;0,0161991767309469;1150;NA;NA
25;126.845813902419;174.227671186102;0,0182918988964108;1150;NA;NA
33;126.876079233873;207.268174229447;0,0200033539994282;1150;NA;NA
5;131.390616084338;286.405640812619;0,0252247257699049;1150;NA;NA
58;12.5985070704987;1.67464987362815;0;1151;NA;NA
20;12.7065812503046;1.60704962511139;0,0049170251693104;1151;NA;NA
14;12.6450850219676;1.68449533357775;0,0091614498605616;1151;NA;NA
5;12.5547555891804;1.70083590781496;0,0139223607928134;1151;NA;NA
25;12.1730973600125;1.71661247682233;0,0161991767309469;1151;NA;NA
25;12.4514417941048;1.65940497256047;0,0182918988964108;1151;NA;NA
33;12.3860045870835;1.56196224810109;0,0200033539994282;1151;NA;NA
5;12.8780805488028;1.7957634681746;0,0252247257699049;1151;NA;NA
58;7.81725935239476;0.792600773611671;0;1152;NA;NA
20;7.89315347523073;0.757883067524295;0,0049170251693104;1152;NA;NA
14;7.82939389004823;0.78582036773505;0,0091614498605616;1152;NA;NA
5;7.76074635438561;0.77839524034632;0,0139223607928134;1152;NA;NA
25;7.53816197555011;0.739580266427019;0,0161991767309469;1152;NA;NA
25;7.6692826983724;0.798099643699621;0,0182918988964108;1152;NA;NA
33;7.65256277619885;0.857506655724774;0,0200033539994282;1152;NA;NA
5;7.80059377234377;0.98700119218254;0,0252247257699049;1152;NA;NA
0;90.6069829059829;0.0142375833333332;0;1153;NA;NA
37;91.4648096711258;6.30225434999515;0,0103356851943245;1153;NA;NA
14;91.0492808503544;7.63514115690174;0,0150304512749206;1153;NA;NA
11;91.2657563976419;8.35405263892371;0,0195090631792165;1153;NA;NA
4;91.5791935034102;7.35118261416916;0,0239439126539006;1153;NA;NA
21;91.4083869368732;8.05296068692374;0,0263531573906764;1153;NA;NA
21;91.0735456428062;9.6887067081015;0,0284721849146841;1153;NA;NA
25;90.8909944453701;10.4591990070491;0,0299694284960155;1153;NA;NA
4;90.4529250175304;10.4533730965873;0,0334102225860095;1153;NA;NA
0;6.54888888888889;0.00303333333333333;0;1154;NA;NA
37;6.40281068739805;0.160028965706541;0,0103356851943245;1154;NA;NA
14;6.3613086272313;0.18020266588915;0,0150304512749206;1154;NA;NA
11;6.36847047607961;0.180375898435415;0,0195090631792165;1154;NA;NA
4;6.38294472469169;0.193645841207681;0,0239439126539006;1154;NA;NA
21;6.3346184775322;0.208564643084535;0,0263531573906764;1154;NA;NA
21;6.40052662058044;0.169643704274589;0,0284721849146841;1154;NA;NA
25;6.38046554525409;0.182947090173372;0,0299694284960155;1154;NA;NA
4;6.32166917670683;0.174678121428571;0,0334102225860095;1154;NA;NA
10;87.1435040896359;16.9514121703672;0;1155;NA;NA
6;88.8996327339327;19.1879212810523;0,0052261455174025;1155;NA;NA
6;89.2733947050614;23.3670500830836;0,0095446747305001;1155;NA;NA
3;90.3151425709909;24.1014893492064;0,0139026700598866;1155;NA;NA
10;89.4616429237451;20.6394740300057;0,0163389198084837;1155;NA;NA
9;87.9110768127706;15.4329926920016;0,018550973808868;1155;NA;NA
15;89.2535626500086;19.1014421455029;0,0201623337049909;1155;NA;NA
5;92.4690158570951;27.3585353174603;0,0232771180637709;1155;NA;NA
10;14.155786870409;0.745137798925747;0;1156;NA;NA
6;14.1132995679321;0.864229344849595;0,0052261455174025;1156;NA;NA
6;14.1877455124677;0.756227784521034;0,0095446747305001;1156;NA;NA
3;14.300806401387;0.587296599206349;0,0139026700598866;1156;NA;NA
10;14.3164191837922;0.637788710142583;0,0163389198084837;1156;NA;NA
9;14.1621059860972;0.657213664702128;0,018550973808868;1156;NA;NA
15;14.2014889468147;0.717580629248352;0,0201623337049909;1156;NA;NA
5;14.3575948480362;0.629855698412698;0,0232771180637709;1156;NA;NA
10;11.8065039583782;0.372479612896907;0;1157;NA;NA
6;11.9687550566101;0.308851241813742;0,0052261455174025;1157;NA;NA
6;12.0184049078494;0.481438448606949;0,0095446747305001;1157;NA;NA
3;12.1094946472757;0.484054630952381;0,0139026700598866;1157;NA;NA
10;11.9603111156615;0.759790011548865;0,0163389198084837;1157;NA;NA
9;11.8190437891275;0.455354985138228;0,018550973808868;1157;NA;NA
15;11.9640679654372;0.60481511327978;0,0201623337049909;1157;NA;NA
5;12.2206203531229;0.554518341269841;0,0232771180637709;1157;NA;NA
1;45.2194996986136;0.374773333333333;0;1158;NA;NA
23;45.079025504094;2.18804567829482;0,0118238647504083;1158;NA;NA
6;44.716435677885;2.69665067737818;0,0145521589734315;1158;NA;NA
3;44.108222812541;2.10450107936508;0,020188492377514;1158;NA;NA
1;44.3748479205462;0.345494;0,0243912724019315;1158;NA;NA
12;44.1443889995032;2.56591382367607;0,0267695562688205;1158;NA;NA
18;44.2329597473996;2.66610650333903;0,028667759444373;1158;NA;NA
32;44.3059757213072;2.69349384237439;0,0301221439810657;1158;NA;NA
65;44.4005621896527;3.11460126441738;0,0361526262595218;1158;NA;NA
1;4.7042194092827;0.0237283333333333;0;1159;NA;NA
23;4.69167862241451;0.132533538414686;0,0118238647504083;1159;NA;NA
6;4.7168735463244;0.121210968559219;0,0145521589734315;1159;NA;NA
3;4.58979219959334;0.0845831468253968;0,020188492377514;1159;NA;NA
1;4.60767225325884;0.015585;0,0243912724019315;1159;NA;NA
12;4.61954712673807;0.112791414242964;0,0267695562688205;1159;NA;NA
18;4.55852193844573;0.0871277122556702;0,028667759444373;1159;NA;NA
32;4.59358491233522;0.0919622275802572;0,0301221439810657;1159;NA;NA
65;4.59761666536654;0.0586576994570213;0,0361526262595218;1159;NA;NA
1;3.36485834840265;0.0142033333333333;0;1160;NA;NA
23;3.32826916991962;0.0844519935516762;0,0118238647504083;1160;NA;NA
6;3.2815824674601;0.0789753772893773;0,0145521589734315;1160;NA;NA
3;3.23866698642267;0.0681421785714286;0,020188492377514;1160;NA;NA
1;3.22814400993172;0.0100116666666667;0,0243912724019315;1160;NA;NA
12;3.29233116162604;0.0942364122601255;0,0267695562688205;1160;NA;NA
18;3.2785143925054;0.0995000134723085;0,028667759444373;1160;NA;NA
32;3.28545844687262;0.0946196800881438;0,0301221439810657;1160;NA;NA
65;3.22728438225563;0.0720130770056123;0,0361526262595218;1160;NA;NA
0;48.5896878483835;0.111005;0;1161;NA;NA
11;48.6852650657676;2.19991500113775;0,0119412457037986;1161;NA;NA
2;48.6853334364049;1.66235538095238;0,0142944562938355;1161;NA;NA
1;47.5647831029186;1.56826021428571;0,0204633097583856;1161;NA;NA
0;48.7960858585859;0.0892233333333333;0,0243414249729739;1161;NA;NA
5;47.4696138434129;3.10284783813409;0,0268139614069438;1161;NA;NA
9;47.2859770280781;2.82647617768425;0,0286340955173821;1161;NA;NA
16;47.2657679023412;2.70891658089444;0,0300003885018495;1161;NA;NA
29;48.0887386722369;3.17454813972872;0,0361088971119009;1161;NA;NA
0;2.84554069119286;0.00156833333333333;0;1162;NA;NA
11;2.82151633977134;0.0338531358641359;0,0119412457037986;1162;NA;NA
2;2.80547490208204;0.0241019761904762;0,0142944562938355;1162;NA;NA
1;2.72011643625192;0.0238826904761905;0,0204633097583856;1162;NA;NA
0;2.69438131313131;0.000608333333333333;0,0243414249729739;1162;NA;NA
5;2.74100217758073;0.0565694108946609;0,0268139614069438;1162;NA;NA
9;2.74172928988495;0.0588861898746678;0,0286340955173821;1162;NA;NA
16;2.74779315619499;0.0606359341526763;0,0300003885018495;1162;NA;NA
29;2.76684707349085;0.0430582070951663;0,0361088971119009;1162;NA;NA
0;2.7066889632107;0.00307;0;1163;NA;NA
11;2.69212759102009;0.0456738898046398;0,0119412457037986;1163;NA;NA
2;2.68262059369202;0.0283450952380952;0,0142944562938355;1163;NA;NA
1;2.44959784946237;0.0297632142857143;0,0204633097583856;1163;NA;NA
0;2.47234848484848;0.00094;0,0243414249729739;1163;NA;NA
5;2.41262345967784;0.0711273786768787;0,0268139614069438;1163;NA;NA
9;2.41669745254745;0.0743688827414416;0,0286340955173821;1163;NA;NA
16;2.41198105716662;0.0752858939319191;0,0300003885018495;1163;NA;NA
29;2.384707473085;0.0725736837123434;0,0361088971119009;1163;NA;NA
0;63.359375;0.0722749999999999;0;1164;NA;NA
20;64.4673504550775;4.44583369709701;0,0105812083928496;1164;NA;NA
12;65.5869322656364;4.38537644904266;0,0150936516348631;1164;NA;NA
7;65.4449039338806;3.98041045159008;0,0188955428699279;1164;NA;NA
2;64.4978098127601;1.69378647523809;0,0240016131433966;1164;NA;NA
14;64.5585764927636;4.72515609378557;0,0261502263745479;1164;NA;NA
8;64.9677738407148;5.63678496024864;0,0284035141958806;1164;NA;NA
8;65.1032210014822;8.09640413737716;0,0299632408733889;1164;NA;NA
9;61.2091922614608;4.36381163160507;0,035741149462704;1164;NA;NA
0;8.55729166666667;0.005455;0;1165;NA;NA
20;9.0673611127372;0.765917376580345;0,0105812083928496;1165;NA;NA
12;9.33837285702473;0.681620754651996;0,0150936516348631;1165;NA;NA
7;9.30174874404709;0.696949507561883;0,0188955428699279;1165;NA;NA
2;9.21897335876098;0.326661928571429;0,0240016131433966;1165;NA;NA
14;9.14323205299044;0.90563425745956;0,0261502263745479;1165;NA;NA
8;9.05154105949606;0.820380542846043;0,0284035141958806;1165;NA;NA
8;8.92522955394279;0.850402362647157;0,0299632408733889;1165;NA;NA
9;8.16322312187812;0.787053050949051;0,035741149462704;1165;NA;NA
0;5.72222222222222;0.00336;0;1166;NA;NA
20;5.83408280267374;0.3196695638741;0,0105812083928496;1166;NA;NA
12;6.02904841220054;0.29345096898522;0,0150936516348631;1166;NA;NA
7;5.99339851183664;0.284476962412587;0,0188955428699279;1166;NA;NA
2;5.89015978964401;0.141228023809524;0,0240016131433966;1166;NA;NA
14;5.97893959278681;0.311523973051201;0,0261502263745479;1166;NA;NA
8;5.91239313547564;0.32795974963925;0,0284035141958806;1166;NA;NA
8;5.92962969220322;0.328442898418575;0,0299632408733889;1166;NA;NA
9;5.46188926462426;0.432117884226884;0,035741149462704;1166;NA;NA
0;48.6814516129032;0.21121;0;1167;NA;NA
18;46.5427575916225;11.3339920887649;0,0105344179731159;1167;NA;NA
6;46.6013959981287;9.45103223723499;0,0149201700570063;1167;NA;NA
4;45.5021609019414;7.04666960497835;0,0194922520032677;1167;NA;NA
2;44.6407052855506;5.19203423809524;0,02403306431092;1167;NA;NA
12;46.2580808556081;8.43058729716894;0,0262974786085944;1167;NA;NA
10;46.0157426985927;5.3162700131722;0,0284364824164279;1167;NA;NA
20;45.8951263485813;6.30354178681989;0,0302114143334284;1167;NA;NA
55;46.0648011010765;5.81499287947748;0,0359351191894132;1167;NA;NA
0;4.0125;0.000704999999999999;0;1168;NA;NA
18;4.06573132262354;0.157176105418852;0,0105344179731159;1168;NA;NA
6;4.06323486443346;0.142783158619159;0,0149201700570063;1168;NA;NA
4;4.02738568108649;0.126447492424242;0,0194922520032677;1168;NA;NA
2;4.03665957562865;0.0876299047619048;0,02403306431092;1168;NA;NA
12;4.14023323311106;0.172694923907672;0,0262974786085944;1168;NA;NA
10;4.05806060389817;0.177025065627871;0,0284364824164279;1168;NA;NA
20;4.10774752687188;0.229714016149664;0,0302114143334284;1168;NA;NA
55;4.17588246661664;0.182932719954423;0,0359351191894132;1168;NA;NA
0;4.55201612903226;0.000385;0;1169;NA;NA
18;4.64343397623755;0.207947289698485;0,0105344179731159;1169;NA;NA
6;4.68201836055397;0.196573091408591;0,0149201700570063;1169;NA;NA
4;4.61024118582393;0.254155394300144;0,0194922520032677;1169;NA;NA
2;4.44438307969236;0.217611928571429;0,02403306431092;1169;NA;NA
12;4.58730179420296;0.496816815028503;0,0262974786085944;1169;NA;NA
10;4.55729698129485;0.296111347466904;0,0284364824164279;1169;NA;NA
20;4.3391370358634;0.309673486469562;0,0302114143334284;1169;NA;NA
55;4.30419662130729;0.29565085131647;0,0359351191894132;1169;NA;NA
6;45.8935564238144;4.26361611652237;0;1170;NA;NA
2;46.1045099206349;1.86360583333333;0,0045015115235883;1170;NA;NA
1;46.6079862136878;0.807023000000001;0,00898342920723;1170;NA;NA
0;46.4383241758242;0.189641666666667;0,013657044185371;1170;NA;NA
4;47.4116560714286;2.15426336904762;0,0156875016981915;1170;NA;NA
2;46.7134091027241;1.79778782142857;0,0179585471295701;1170;NA;NA
4;46.8931244632121;0.808139607142857;0,0197685062074004;1170;NA;NA
2;45.5745841819416;0.209904166666664;0,0253541252573031;1170;NA;NA
6;2.57977151995188;0.0814094437229437;0;1171;NA;NA
2;2.55451587301587;0.0359996666666667;0,0045015115235883;1171;NA;NA
1;2.47743968488429;0.013532;0,00898342920723;1171;NA;NA
0;2.50563186813187;0.003635;0,013657044185371;1171;NA;NA
4;2.73173702380952;0.0934288690476191;0,0156875016981915;1171;NA;NA
2;2.46841118215845;0.0259000119047619;0,0179585471295701;1171;NA;NA
4;2.49369655978624;0.0160038452380953;0,0197685062074004;1171;NA;NA
2;2.31834691106585;0.0599183333333333;0,0253541252573031;1171;NA;NA
6;2.80770230576593;0.0916578892496393;0;1172;NA;NA
2;2.82519444444444;0.0512743333333333;0,0045015115235883;1172;NA;NA
1;2.82280896110291;0.0279698333333333;0,00898342920723;1172;NA;NA
0;2.79436813186813;0.00646833333333333;0,013657044185371;1172;NA;NA
4;2.71112988095238;0.0476154404761905;0,0156875016981915;1172;NA;NA
2;2.84134006550218;0.0619661547619048;0,0179585471295701;1172;NA;NA
4;2.94397211088844;0.0315950357142857;0,0197685062074004;1172;NA;NA
2;2.52635777325187;0.0115066666666667;0,0253541252573031;1172;NA;NA
0;37.6534897713598;0.0872966666666667;0;1173;NA;NA
9;37.8049862590188;2.48849337481963;0,0120315821810179;1173;NA;NA
2;37.9541107184923;1.32254866666667;0,0143050476895631;1173;NA;NA
0;38.1567039106145;0.25514;0,0203098630663063;1173;NA;NA
0;39.1512195121951;0.01188;0,0243604451733146;1173;NA;NA
2;37.7134294425087;1.61526135714286;0,0267710469154748;1173;NA;NA
3;37.3479212066182;2.63394495238095;0,0286451484096603;1173;NA;NA
4;37.2172140299557;2.70181329761904;0,0301075959385531;1173;NA;NA
13;38.007275012765;1.35208558058608;0,0361608473164935;1173;NA;NA
0;2.50800240673887;0.00274333333333333;0;1174;NA;NA
9;2.50277355699856;0.0791458095238095;0,0120315821810179;1174;NA;NA
2;2.51368977508553;0.0407649285714286;0,0143050476895631;1174;NA;NA
0;2.47718808193669;0.00271666666666667;0,0203098630663063;1174;NA;NA
0;2.40081300813008;0.00014;0,0243604451733146;1174;NA;NA
2;2.42709668989547;0.0220039285714286;0,0267710469154748;1174;NA;NA
3;2.47520782889427;0.0381618571428571;0,0286451484096603;1174;NA;NA
4;2.4547895986189;0.0497794166666667;0,0301075959385531;1174;NA;NA
13;2.31268838605839;0.019682285048285;0,0361608473164935;1174;NA;NA
0;2.55400120336943;0.00293416666666667;0;1175;NA;NA
9;2.5655181024531;0.0963197460317461;0,0120315821810179;1175;NA;NA
2;2.54810224914465;0.0452840238095238;0,0143050476895631;1175;NA;NA
0;2.40069832402235;0.00446166666666667;0,0203098630663063;1175;NA;NA
0;2.37886178861789;0.00047;0,0243604451733146;1175;NA;NA
2;2.40649099883856;0.0346469285714286;0,0267710469154748;1175;NA;NA
3;2.38787303268765;0.0508545476190476;0,0286451484096603;1175;NA;NA
4;2.39563272270976;0.0629732420634921;0,0301075959385531;1175;NA;NA
13;2.4279417984793;0.0842560412642913;0,0361608473164935;1175;NA;NA
0;71.296408839779;0.402245;0;1176;NA;NA
12;71.2925518480457;4.18740371660284;0,0118662455616364;1176;NA;NA
3;71.5027375853982;3.2325165;0,0143867479810622;1176;NA;NA
3;72.2617641154648;3.68566436111111;0,0205035944029572;1176;NA;NA
2;73.0582779146141;2.11422383333333;0,0241316014376888;1176;NA;NA
37;72.8299172745405;4.91768599267692;0,0262439721577773;1176;NA;NA
11;71.5293766507607;4.67420201741516;0,0287054556684628;1176;NA;NA
20;71.7152017279169;4.79071722749004;0,0301471943062651;1176;NA;NA
23;73.4665572133532;4.44387056958456;0,0358870766529252;1176;NA;NA
0;4.31470994475138;0.0109025;0;1177;NA;NA
12;4.2837121018932;0.101706460450497;0,0118662455616364;1177;NA;NA
3;4.31859284184766;0.0791435238095238;0,0143867479810622;1177;NA;NA
3;4.59169728617167;0.0583242976190476;0,0205035944029572;1177;NA;NA
2;4.71333538587849;0.0252828333333333;0,0241316014376888;1177;NA;NA
37;4.67942457458078;0.0858363955218383;0,0262439721577773;1177;NA;NA
11;4.49649340694823;0.0871849519079132;0,0287054556684628;1177;NA;NA
20;4.52361351026424;0.0893039492128042;0,0301471943062651;1177;NA;NA
23;4.64983373327139;0.0653656042817502;0,0358870766529252;1177;NA;NA
0;3.60016114180479;0.0129158333333333;0;1178;NA;NA
12;3.56910148792384;0.140641150150503;0,0118662455616364;1178;NA;NA
3;3.61133170184562;0.11070619047619;0,0143867479810622;1178;NA;NA
3;3.88139223458861;0.077146253968254;0,0205035944029572;1178;NA;NA
2;3.97251642036125;0.0496653333333334;0,0241316014376888;1178;NA;NA
37;3.94513467947347;0.0863316129966043;0,0262439721577773;1178;NA;NA
11;3.81391507660253;0.102954142655719;0,0287054556684628;1178;NA;NA
20;3.83441530901078;0.109054856371562;0,0301471943062651;1178;NA;NA
23;3.88185252437849;0.0954117088503476;0,0358870766529252;1178;NA;NA
7;84.8550663149351;7.12979589202381;0;1179;NA;NA
3;84.9517942229415;2.95817198761905;0,0054142772827646;1179;NA;NA
1;84.9739287185826;1.61084220333333;0,0093206920959344;1179;NA;NA
0;85.2217708333333;0.300039983333333;0,0144486774301948;1179;NA;NA
5;84.7175844628427;3.08583446364719;0,0165507359976551;1179;NA;NA
3;84.8923763396404;3.3951494229365;0,0187874040650222;1179;NA;NA
9;85.0365618339414;7.40633552398292;0,020579646972383;1179;NA;NA
25;85.5563935967035;5.71296310183161;0,0262729315263042;1179;NA;NA
7;7.41386931457431;0.618477818181818;0;1180;NA;NA
3;7.54377764700113;0.833917952380953;0,0054142772827646;1180;NA;NA
1;7.5109167696745;0.296333833333333;0,0093206920959344;1180;NA;NA
0;7.49266666666667;0.02269;0,0144486774301948;1180;NA;NA
5;7.42092728715729;0.248451637085137;0,0165507359976551;1180;NA;NA
3;7.37933216596138;0.37100723015873;0,0187874040650222;1180;NA;NA
9;7.47813579367528;1.0104859814034;0,020579646972383;1180;NA;NA
25;7.37529980994082;0.335818525134099;0,0262729315263042;1180;NA;NA
0;105.115625;4.99999999999943e-06;0;1181;NA;NA
17;105.551791665965;9.48907106860957;0,008116195703947;1181;NA;NA
8;106.361611488789;11.7726502034979;0,0134107873196664;1181;NA;NA
5;106.120034582776;12.4493365386003;0,0172233799566955;1181;NA;NA
1;105.983066037736;3.65788658333333;0,0223656449161426;1181;NA;NA
17;105.962814426591;14.2739427818953;0,0244199720199587;1181;NA;NA
9;105.570484150902;17.0500206102351;0,0267725758386193;1181;NA;NA
20;106.023711988037;13.8015102107033;0,0284344858360423;1181;NA;NA
3;105.92751816791;2.65706499999999;0,0336666974086824;1181;NA;NA
0;8.28541666666667;7.99999999999994e-05;0;1182;NA;NA
17;8.59212172271461;0.549591070810547;0,008116195703947;1182;NA;NA
8;8.76943906926407;0.494055494755245;0,0134107873196664;1182;NA;NA
5;8.75326292543913;0.531641664682539;0,0172233799566955;1182;NA;NA
1;8.74017819706499;0.176022166666667;0,0223656449161426;1182;NA;NA
17;8.77825201319411;0.585425140989456;0,0244199720199587;1182;NA;NA
9;8.70900826763922;0.686347183357084;0,0267725758386193;1182;NA;NA
20;8.66268999137121;0.696411371086849;0,0284344858360423;1182;NA;NA
3;8.72520128131574;0.444920142857143;0,0336666974086824;1182;NA;NA
0;75.6146202531646;0.2565207;0;1183;NA;NA
19;76.1220959033944;23.3308360839727;0,0094798208680515;1183;NA;NA
4;77.3482519256956;18.1678509943651;0,0145380474593938;1183;NA;NA
3;77.7990397118103;15.0990613061508;0,0191273483783571;1183;NA;NA
1;79.1480452674897;3.11499443333333;0,0236608895735197;1183;NA;NA
7;77.0364993099352;18.0497928712708;0,0261591776490562;1183;NA;NA
10;77.2437024166585;18.1156695510723;0,0281256634226547;1183;NA;NA
16;77.5615413231491;17.7345887783293;0,0296007097057882;1183;NA;NA
25;78.981397996532;21.4381028488577;0,0356023772755993;1183;NA;NA
0;4.56075949367089;0.0041;0;1184;NA;NA
19;4.38755634696729;0.383526939660796;0,0094798208680515;1184;NA;NA
4;4.49425976856812;0.270365917388167;0,0145380474593938;1184;NA;NA
3;4.45685040226136;0.248957246031746;0,0191273483783571;1184;NA;NA
1;4.57232510288066;0.0455558333333333;0,0236608895735197;1184;NA;NA
7;4.27296062323298;0.366279469538631;0,0261591776490562;1184;NA;NA
10;4.33200924108571;0.3694819255264;0,0281256634226547;1184;NA;NA
16;4.34442381110607;0.370972763507801;0,0296007097057882;1184;NA;NA
25;4.37205738516386;0.43786449568909;0,0356023772755993;1184;NA;NA
14;106.223629611218;9.46480454646802;0;1185;NA;NA
7;107.37871014319;9.30087022061271;0,0051599910672115;1185;NA;NA
4;106.753878836519;9.56825399999999;0,0090947380994954;1185;NA;NA
1;106.354289026275;2.76038783333333;0,0140775487546068;1185;NA;NA
14;107.360625713432;7.25348401635018;0,0161809335854686;1185;NA;NA
7;105.203504047064;10.1087419810745;0,0184880495035113;1185;NA;NA
14;106.551670132528;12.0942694070546;0,0201919954146865;1185;NA;NA
0;108.187117117117;0.628661666666666;0,0221339524629906;1185;NA;NA
14;11.0561430609011;1.0154592002741;0;1186;NA;NA
7;11.2419223088023;1.13552158075258;0,0051599910672115;1186;NA;NA
4;11.1115416200529;1.03400316269841;0,0090947380994954;1186;NA;NA
1;10.9602498712004;0.321201166666667;0,0140775487546068;1186;NA;NA
14;11.2784633448732;0.787611201242171;0,0161809335854686;1186;NA;NA
7;10.8642358780109;0.952866982295482;0,0184880495035113;1186;NA;NA
14;11.1650349963727;1.32296980846286;0,0201919954146865;1186;NA;NA
0;11.4732882882883;0.09876;0,0221339524629906;1186;NA;NA
14;18.0714285714286;2.07142857142857;0;697;NA;NA
12;17.25;6.20454545454545;5,05;697;NA;NA
10;15.2;3.51111111111111;5,35;697;NA;NA
1;18;0;5,65;697;NA;NA
1;16;0;5,85;697;NA;NA
11;16.3636363636364;3.05454545454545;6,05;697;NA;NA
12;14.5833333333333;1.53787878787879;7,05;697;NA;NA
253;153267.23715415;75560602314.7451;0;698;NA;NA
207;153485.845410628;66362428374.2964;5,05;698;NA;NA
188;109506.585106383;28286785715.3564;5,35;698;NA;NA
18;128001.444444444;34561519112.4967;5,65;698;NA;NA
16;136985.875;41247063158.3833;5,85;698;NA;NA
235;51210.5489361702;6563370543.7273;6,05;698;NA;NA
189;37371.6243386243;2705464834.88472;7,05;698;NA;NA
253;3056658.76284585;46237081953912.9;0;699;NA;NA
207;2566462.5942029;28924118429663.2;5,05;699;NA;NA
188;1565262.98404255;9056534947357.04;5,35;699;NA;NA
18;1438428.88888889;5123909176640.93;5,65;699;NA;NA
16;1792484.3125;9579287774895.03;5,85;699;NA;NA
235;517635.080851064;1191339741507.47;6,05;699;NA;NA
189;324348.44973545;305274149767.11;7,05;699;NA;NA
35;241.285714285714;3166.73949579832;0;1187;NA;NA
20;215.15;4292.34473684211;6e-06;1187;NA;NA
38;146.131578947368;2983.95519203414;9e-06;1187;NA;NA
49;131.469387755102;3954.75425170068;2,5e-05;1187;NA;NA
46;9.74951188326087;1.88112072698501;0;1188;NA;NA
35;6.52398640622857;1.11049977862043;4e-06;1188;NA;NA
20;6.83577718445;1.5426332232954;1e-05;1188;NA;NA
38;4.70654699068421;0.581959401944466;1,3e-05;1188;NA;NA
94;6.56999270553191;5.44264319240934;2,6e-05;1188;NA;NA
150;5.63169397773333;4.74516875596235;2,9e-05;1188;NA;NA
46;0.196978794847826;0.000308847283674302;0;1189;NA;NA
35;0.220604577828571;0.000796815873821433;4e-06;1189;NA;NA
20;0.23031324815;0.000643095247037034;1e-05;1189;NA;NA
38;0.243272019684211;0.000867632098507993;1,3e-05;1189;NA;NA
94;0.205625480776596;0.000501544184632548;2,6e-05;1189;NA;NA
150;0.220551868326667;0.000628248539953036;2,9e-05;1189;NA;NA
46;0.661667471934783;0.000767929563425118;0;1190;NA;NA
35;0.619890320342857;0.000616094089667518;4e-06;1190;NA;NA
20;0.62399964105;0.00042537591323793;1e-05;1190;NA;NA
38;0.611451014868421;0.00043218739779883;1,3e-05;1190;NA;NA
94;0.605485909574468;0.00110820964482091;2,6e-05;1190;NA;NA
150;0.64773333722;0.000723147080028084;2,9e-05;1190;NA;NA
46;0.281244172543478;0.000461977962906005;0;1191;NA;NA
35;0.3333633838;0.000782881504997163;4e-06;1191;NA;NA
20;0.3455942092;0.000516519085789114;1e-05;1191;NA;NA
38;0.358698047526316;0.000542597537823039;1,3e-05;1191;NA;NA
94;0.33545197606383;0.00198243145590286;2,6e-05;1191;NA;NA
150;0.327279857613333;0.00146917802477976;2,9e-05;1191;NA;NA
