ID,yr,age,sex,cohort,hlM,hlF,Avhb114M,Avhb114F,relLongM,relLongF
id674,1977,10,1,1967,NA,NA,38.9719830570998,NA,1,NA
id674,1978,11,1,1967,NA,NA,38.9121923086044,NA,1,NA
id771,1973,1,1,1972,NA,NA,NA,NA,0.967741935483871,NA
id493,1980,9,0,1971,NA,NA,NA,13.6768066460114,NA,1.66666666666667
id493,1981,10,0,1971,NA,NA,NA,14.3102823116948,NA,1.66666666666667
id493,1979,8,0,1971,NA,NA,NA,13.6234669160824,NA,1.66666666666667
id493,1976,5,0,1971,NA,NA,NA,13.613075612334,NA,1.66666666666667
id493,1978,7,0,1971,NA,NA,NA,13.6499534730494,NA,1.66666666666667
id493,1977,6,0,1971,NA,NA,NA,13.9919061370724,NA,1.66666666666667
id610,1978,3,0,1975,NA,23.3686240058772,NA,13.53802973683,NA,0.964912280701754
id610,1979,4,0,1975,NA,25.3994942048964,NA,13.6415672842174,NA,0.964912280701754
id610,1980,5,0,1975,NA,NA,NA,NA,NA,0.964912280701754
id610,1975,0,0,1975,NA,NA,NA,NA,NA,0.964912280701754
id610,1977,2,0,1975,NA,22.064980404481,NA,13.5434395390357,NA,0.964912280701754
id610,1976,1,0,1975,NA,15.2914929342224,NA,NA,NA,0.964912280701754
id291,1979,2,0,1977,NA,21.5514952094409,NA,13.7593202821949,NA,0.631578947368421
id291,1978,1,0,1977,NA,16.5918590059548,NA,NA,NA,0.631578947368421
id291,1977,0,0,1977,NA,NA,NA,NA,NA,0.631578947368421
id291,1980,3,0,1977,NA,25.0794084047597,NA,13.8174009934175,NA,0.631578947368421
id579,1981,3,1,1978,67.8913556110409,NA,37.555232579617,NA,1.05882352941176,NA
id579,1980,2,1,1978,50.5735130159105,NA,30.4563153197869,NA,1.05882352941176,NA
id579,1978,0,1,1978,NA,NA,NA,NA,1.05882352941176,NA
id579,1979,1,1,1978,NA,NA,NA,NA,1.05882352941176,NA
id90,1982,3,1,1979,69.1871844100693,NA,38.6310517060305,NA,1.63636363636364,NA
id90,1981,2,1,1979,55.0822563519717,NA,33.0510213736543,NA,1.63636363636364,NA
id90,1983,4,1,1979,79.6999155039596,NA,41.3215940900643,NA,1.63636363636364,NA
id90,1985,6,1,1979,NA,NA,42.521706736582,NA,1.63636363636364,NA
id90,1979,0,1,1979,NA,NA,NA,NA,1.63636363636364,NA
id90,1984,5,1,1979,NA,NA,44.6672628379801,NA,1.63636363636364,NA
id90,1980,1,1,1979,NA,NA,NA,NA,1.63636363636364,NA
id592,1981,1,1,1980,24.8122135016673,NA,NA,NA,0.272727272727273,NA
id592,1980,0,1,1980,NA,NA,NA,NA,0.272727272727273,NA
id751,1992,11,0,1981,NA,NA,NA,15.3068317068089,NA,1.31506849315068
id751,1984,3,0,1981,NA,24.9289783738658,NA,14.9695856522273,NA,1.31506849315068
id751,1983,2,0,1981,NA,22.1974905534669,NA,14.035773204219,NA,1.31506849315068
id751,1985,4,0,1981,NA,26.7327662892823,NA,15.1129005292143,NA,1.31506849315068
id751,1989,8,0,1981,NA,NA,NA,14.709353956215,NA,1.31506849315068
id751,1986,5,0,1981,NA,NA,NA,15.5801337692857,NA,1.31506849315068
id751,1987,6,0,1981,NA,NA,NA,14.7993822939452,NA,1.31506849315068
id751,1991,10,0,1981,NA,NA,NA,13.8993896079904,NA,1.31506849315068
id751,1990,9,0,1981,NA,NA,NA,13.8868434445364,NA,1.31506849315068
id751,1981,0,0,1981,NA,NA,NA,NA,NA,1.31506849315068
id751,1993,12,0,1981,NA,NA,NA,14.9546974596518,NA,1.31506849315068
id751,1988,7,0,1981,NA,NA,NA,14.2497269599773,NA,1.31506849315068
id751,1982,1,0,1981,NA,15.3599577193799,NA,NA,NA,1.31506849315068
id464,1982,0,1,1982,NA,NA,NA,NA,0.891891891891892,NA
id464,1984,2,1,1982,45.3303901981329,NA,29.3232710608334,NA,0.891891891891892,NA
id464,1983,1,1,1982,25.3553358833391,NA,NA,NA,0.891891891891892,NA
id464,1985,3,1,1982,58.5177056005087,NA,33.3851831195584,NA,0.891891891891892,NA
id760,1986,3,1,1983,59.0689417425409,NA,37.8473406079076,NA,1.86666666666667,NA
id760,1989,6,1,1983,NA,NA,40.1462988145358,NA,1.86666666666667,NA
id760,1988,5,1,1983,NA,NA,44.9226917253938,NA,1.86666666666667,NA
id760,1984,1,1,1983,23.8828634848345,NA,NA,NA,1.86666666666667,NA
id760,1983,0,1,1983,NA,NA,NA,NA,1.86666666666667,NA
id760,1987,4,1,1983,70.8414513110417,NA,41.7301580126521,NA,1.86666666666667,NA
id760,1985,2,1,1983,40.295331448389,NA,28.391227479441,NA,1.86666666666667,NA
id966,1992,8,0,1984,NA,NA,NA,13.8254749543488,NA,1.40659340659341
id966,1986,2,0,1984,NA,23.1831043512569,NA,14.4904595134005,NA,1.40659340659341
id966,1990,6,0,1984,NA,NA,NA,13.4869792989072,NA,1.40659340659341
id966,1988,4,0,1984,NA,29.925314250437,NA,12.9300198751787,NA,1.40659340659341
id966,1984,0,0,1984,NA,NA,NA,NA,NA,1.40659340659341
id966,1991,7,0,1984,NA,NA,NA,12.4079883578576,NA,1.40659340659341
id966,1985,1,0,1984,NA,17.0723903327462,NA,NA,NA,1.40659340659341
id966,1989,5,0,1984,NA,NA,NA,13.509353956215,NA,1.40659340659341
id966,1987,3,0,1984,NA,27.4352644110653,NA,13.0862801457525,NA,1.40659340659341
id449,1985,0,1,1985,NA,NA,NA,NA,0,NA
id60,1986,0,0,1986,NA,NA,NA,NA,NA,0
id266,1988,1,1,1987,26.6402062550565,NA,NA,NA,1.33720930232558,NA
id266,1990,3,1,1987,57.9413814605357,NA,34.0106672900907,NA,1.33720930232558,NA
id266,1989,2,1,1987,43.451416404659,NA,27.792263960971,NA,1.33720930232558,NA
id266,1992,5,1,1987,NA,NA,39.0236629862032,NA,1.33720930232558,NA
id266,1987,0,1,1987,NA,NA,NA,NA,1.33720930232558,NA
id266,1991,4,1,1987,68.2676224477062,NA,36.7622189409863,NA,1.33720930232558,NA
id637,1995,7,0,1988,NA,NA,NA,13.8856661962784,NA,1.85714285714286
id637,1997,9,0,1988,NA,NA,NA,13.342781328067,NA,1.85714285714286
id637,1998,10,0,1988,NA,NA,NA,13.5441618022216,NA,1.85714285714286
id637,2001,13,0,1988,NA,NA,NA,13.4279219141814,NA,1.85714285714286
id637,1992,4,0,1988,NA,26.1106023492653,NA,14.4151766949315,NA,1.85714285714286
id637,2000,12,0,1988,NA,NA,NA,13.0399470012228,NA,1.85714285714286
id637,1988,0,0,1988,NA,NA,NA,NA,NA,1.85714285714286
id637,1996,8,0,1988,NA,NA,NA,13.6298979459979,NA,1.85714285714286
id637,1991,3,0,1988,NA,23.669355979474,NA,14.1943357767906,NA,1.85714285714286
id637,1990,2,0,1988,NA,19.9623234765025,NA,13.3919089909914,NA,1.85714285714286
id637,1993,5,0,1988,NA,NA,NA,14.3447407569184,NA,1.85714285714286
id637,1989,1,0,1988,NA,13.5895685177282,NA,NA,NA,1.85714285714286
id637,1994,6,0,1988,NA,NA,NA,13.9691705373572,NA,1.85714285714286
id637,1999,11,0,1988,NA,NA,NA,13.1393813966739,NA,1.85714285714286
id1009,1989,0,1,1989,NA,NA,NA,NA,0,NA
id75,1990,0,0,1990,NA,NA,NA,NA,NA,0
id206,1991,0,1,1991,NA,NA,NA,NA,0,NA
id332,1992,0,0,1992,NA,NA,NA,NA,NA,0
id985,1993,0,0,1993,NA,NA,NA,NA,NA,0
id899,2000,6,1,1994,NA,NA,40.5225788324122,NA,5.44444444444444,NA
id899,2001,7,1,1994,NA,NA,42.6544666240679,NA,5.44444444444444,NA
id899,1999,5,1,1994,NA,NA,36.8010031249202,NA,5.44444444444444,NA
id899,1994,0,1,1994,NA,NA,NA,NA,5.44444444444444,NA
id899,1998,4,1,1994,55.0889693428962,NA,35.3955704519076,NA,5.44444444444444,NA
id899,1996,2,1,1994,33.3152290905081,NA,25.764567302415,NA,5.44444444444444,NA
id899,1995,1,1,1994,19.6023719721901,NA,NA,NA,5.44444444444444,NA
id899,1997,3,1,1994,47.0315235480358,NA,29.0165306879269,NA,5.44444444444444,NA
id7,1975,6,0,1969,NA,NA,NA,NA,NA,0.857142857142857
id377,1975,5,1,1970,NA,NA,NA,NA,0.8,NA
id365,1975,4,1,1971,NA,NA,NA,NA,0.695652173913043,NA
id267,1974,0,1,1974,NA,NA,NA,NA,0,NA
id357,1992,17,0,1975,NA,NA,NA,13.7330145254864,NA,3.28070175438596
id357,1986,11,0,1975,NA,NA,NA,14.1604493781708,NA,3.28070175438596
id357,1988,13,0,1975,NA,NA,NA,12.4394241680579,NA,3.28070175438596
id357,1985,10,0,1975,NA,NA,NA,13.8277220481022,NA,3.28070175438596
id357,1984,9,0,1975,NA,NA,NA,13.6894731974938,NA,3.28070175438596
id357,1981,6,0,1975,NA,NA,NA,13.8916558508147,NA,3.28070175438596
id357,1977,2,0,1975,NA,17.9736272860615,NA,13.4543638049499,NA,3.28070175438596
id357,1990,15,0,1975,NA,NA,NA,13.3151681392206,NA,3.28070175438596
id357,1989,14,0,1975,NA,NA,NA,NA,NA,3.28070175438596
id357,1982,7,0,1975,NA,NA,NA,12.988761658037,NA,3.28070175438596
id357,1980,5,0,1975,NA,NA,NA,13.7764300756666,NA,3.28070175438596
id357,1978,3,0,1975,NA,19.9598565093489,NA,14.0117045210154,NA,3.28070175438596
id357,1979,4,0,1975,NA,20.4376346891436,NA,13.6034231617472,NA,3.28070175438596
id357,1976,1,0,1975,NA,11.316480029999,NA,NA,NA,3.28070175438596
id357,1987,12,0,1975,NA,NA,NA,14.6586504654007,NA,3.28070175438596
id357,1991,16,0,1975,NA,NA,NA,13.124258657276,NA,3.28070175438596
id357,1975,0,0,1975,NA,NA,NA,NA,NA,3.28070175438596
id357,1983,8,0,1975,NA,NA,NA,13.1669164338157,NA,3.28070175438596
id915,1976,5,1,1971,NA,NA,36.2028766005755,NA,1.21739130434783,NA
id1024,1980,3,1,1977,66.0491265023803,NA,39.4583458802358,NA,1.33333333333333,NA
id1024,1977,0,1,1977,NA,NA,NA,NA,1.33333333333333,NA
id1024,1978,1,1,1977,23.4505649853934,NA,NA,NA,1.33333333333333,NA
id1024,1979,2,1,1977,42.9480751164046,NA,26.514918174385,NA,1.33333333333333,NA
id1024,1981,4,1,1977,71.1006354284654,NA,38.5981224304098,NA,1.33333333333333,NA
id1024,1982,5,1,1977,NA,NA,41.2777242023009,NA,1.33333333333333,NA
id1024,1983,6,1,1977,NA,NA,40.9094749814835,NA,1.33333333333333,NA
id1024,1984,7,1,1977,NA,NA,41.7898852207804,NA,1.33333333333333,NA
id641,1981,3,0,1978,NA,23.2277482053375,NA,14.6136195947994,NA,1.79816513761468
id641,1990,12,0,1978,NA,NA,NA,13.8744018180644,NA,1.79816513761468
id641,1992,14,0,1978,NA,NA,NA,NA,NA,1.79816513761468
id641,1991,13,0,1978,NA,NA,NA,14.6810085780594,NA,1.79816513761468
id641,1982,4,0,1978,NA,24.0410852078201,NA,14.7496838526579,NA,1.79816513761468
id641,1987,9,0,1978,NA,NA,NA,14.9912025955702,NA,1.79816513761468
id641,1988,10,0,1978,NA,NA,NA,13.5747969217367,NA,1.79816513761468
id641,1989,11,0,1978,NA,NA,NA,15.3543883491574,NA,1.79816513761468
id641,1978,0,0,1978,NA,NA,NA,NA,NA,1.79816513761468
id641,1984,6,0,1978,NA,NA,NA,15.1445862663003,NA,1.79816513761468
id641,1986,8,0,1978,NA,NA,NA,15.5077135274825,NA,1.79816513761468
id641,1979,1,0,1978,NA,14.1713584057131,NA,NA,NA,1.79816513761468
id641,1985,7,0,1978,NA,NA,NA,NA,NA,1.79816513761468
id641,1980,2,0,1978,NA,21.2788941181841,NA,13.8612514838095,NA,1.79816513761468
id243,1979,0,1,1979,NA,NA,NA,NA,0,NA
id186,1982,2,1,1980,40.139066856453,NA,26.7690849666658,NA,1.36363636363636,NA
id186,1984,4,1,1980,67.6066978413576,NA,37.8861022024408,NA,1.36363636363636,NA
id186,1980,0,1,1980,NA,NA,NA,NA,1.36363636363636,NA
id186,1981,1,1,1980,21.6769644985771,NA,NA,NA,1.36363636363636,NA
id186,1983,3,1,1980,56.3818608323617,NA,32.1212136821069,NA,1.36363636363636,NA
id186,1985,5,1,1980,NA,NA,39.2822245589483,NA,1.36363636363636,NA
id1104,1984,3,1,1981,56.9333927728113,NA,37.1001755350078,NA,1.28571428571429,NA
id1104,1981,0,1,1981,NA,NA,NA,NA,1.28571428571429,NA
id1104,1982,1,1,1981,27.3241712637341,NA,NA,NA,1.28571428571429,NA
id1104,1986,5,1,1981,NA,NA,44.2211181589615,NA,1.28571428571429,NA
id1104,1985,4,1,1981,69.1457596498469,NA,37.9462735186901,NA,1.28571428571429,NA
id1104,1983,2,1,1981,43.3111307971994,NA,29.2488164691432,NA,1.28571428571429,NA
id1104,1987,6,1,1981,NA,NA,44.3995951684216,NA,1.28571428571429,NA
id1077,1982,4,1,1978,70.4450098945993,NA,39.9917301978569,NA,1.76470588235294,NA
id185,1983,0,0,1983,NA,NA,NA,NA,NA,0.24390243902439
id185,1984,1,0,1983,NA,10.3521940535937,NA,NA,NA,0.24390243902439
id756,1984,0,0,1984,NA,NA,NA,NA,NA,0.175824175824176
id117,1985,0,0,1985,NA,NA,NA,NA,NA,0
id649,1986,1,1,1985,22.7868098749238,NA,NA,NA,0.554913294797688,NA
id649,1987,2,1,1985,39.4501900608927,NA,29.5311456990185,NA,0.554913294797688,NA
id669,1986,0,1,1986,NA,NA,NA,NA,0.219512195121951,NA
id669,1987,1,1,1986,29.7748900670577,NA,NA,NA,0.219512195121951,NA
id179,1987,1,1,1986,26.5246220196867,NA,NA,NA,0.219512195121951,NA
id12,1997,9,0,1988,NA,NA,NA,13.0389467964036,NA,1.28571428571429
id12,1996,8,0,1988,NA,NA,NA,13.1795772185849,NA,1.28571428571429
id12,1988,0,0,1988,NA,NA,NA,NA,NA,1.28571428571429
id12,1994,6,0,1988,NA,NA,NA,13.3261623946493,NA,1.28571428571429
id12,1991,3,0,1988,NA,21.5419658798513,NA,12.969092074902,NA,1.28571428571429
id12,1990,2,0,1988,NA,15.9317182191544,NA,12.0347168648321,NA,1.28571428571429
id12,1992,4,0,1988,NA,23.3270457324124,NA,13.9046857014413,NA,1.28571428571429
id12,1989,1,0,1988,NA,12.2140051719433,NA,NA,NA,1.28571428571429
id12,1993,5,0,1988,NA,NA,NA,14.2981828267541,NA,1.28571428571429
id12,1995,7,0,1988,NA,NA,NA,13.2458239257843,NA,1.28571428571429
id1112,1989,0,0,1989,NA,NA,NA,NA,NA,0
id302,1995,5,0,1990,NA,NA,NA,14.90620303131,NA,1.85057471264368
id302,1996,6,0,1990,NA,NA,NA,15.1659835171193,NA,1.85057471264368
id302,1990,0,0,1990,NA,NA,NA,NA,NA,1.85057471264368
id302,1992,2,0,1990,NA,13.5201010929061,NA,13.1467201105997,NA,1.85057471264368
id302,1991,1,0,1990,NA,9.27622544218522,NA,NA,NA,1.85057471264368
id302,1993,3,0,1990,NA,17.7096386179964,NA,14.2547711716768,NA,1.85057471264368
id302,1994,4,0,1990,NA,20.2217572591696,NA,14.6078141545187,NA,1.85057471264368
id302,1997,7,0,1990,NA,NA,NA,14.1626201966985,NA,1.85057471264368
id364,1991,0,0,1991,NA,NA,NA,NA,NA,0.333333333333333
id142,1993,1,0,1992,NA,7.38598394999647,NA,NA,NA,1.21428571428571
id142,1992,0,0,1992,NA,NA,NA,NA,NA,1.21428571428571
id27,1993,0,0,1993,NA,NA,NA,NA,NA,0
id1088,1994,0,0,1994,NA,NA,NA,NA,NA,0
id950,1977,8,1,1969,NA,NA,37.956251538755,NA,1,NA
id950,1978,9,1,1969,NA,NA,39.3334121156234,NA,1,NA
id968,1978,7,0,1971,NA,NA,NA,12.1656510698269,NA,1.33333333333333
id968,1975,4,0,1971,NA,28.7116944256201,NA,NA,NA,1.33333333333333
id968,1977,6,0,1971,NA,NA,NA,13.1437556251058,NA,1.33333333333333
id968,1979,8,0,1971,NA,NA,NA,11.4200039760903,NA,1.33333333333333
id968,1976,5,0,1971,NA,NA,NA,12.1933648961476,NA,1.33333333333333
id738,1976,7,0,1969,NA,NA,NA,13.323929954732,NA,1.28571428571429
id738,1975,6,0,1969,NA,NA,NA,NA,NA,1.28571428571429
id412,1979,3,1,1976,49.2256809706005,NA,30.6764230391844,NA,1.02941176470588,NA
id412,1978,2,1,1976,31.858905955684,NA,20.3355724322409,NA,1.02941176470588,NA
id412,1980,4,1,1976,74.4491265023804,NA,40.2083458802358,NA,1.02941176470588,NA
id412,1976,0,1,1976,NA,NA,NA,NA,1.02941176470588,NA
id412,1977,1,1,1976,14.7813877843165,NA,NA,NA,1.02941176470588,NA
id58,1977,0,0,1977,NA,NA,NA,NA,NA,0
id132,1978,0,0,1978,NA,NA,NA,NA,NA,0
id115,1979,0,1,1979,NA,NA,NA,NA,0.545454545454546,NA
id115,1980,1,1,1979,25.3378652069835,NA,NA,NA,0.545454545454546,NA
id115,1981,2,1,1979,43.1087948133908,NA,NA,NA,0.545454545454546,NA
id196,1980,0,1,1980,NA,NA,NA,NA,0.272727272727273,NA
id196,1981,1,1,1980,26.3632992339145,NA,NA,NA,0.272727272727273,NA
id744,1988,7,0,1981,NA,NA,NA,15.9896449595153,NA,1.20547945205479
id744,1985,4,0,1981,NA,25.314459923547,NA,16.2998308318628,NA,1.20547945205479
id744,1987,6,0,1981,NA,NA,NA,16.9224022001889,NA,1.20547945205479
id744,1984,3,0,1981,NA,24.282996272116,NA,16.203797006067,NA,1.20547945205479
id744,1983,2,0,1981,NA,21.3311322705321,NA,14.9155689081008,NA,1.20547945205479
id744,1981,0,0,1981,NA,NA,NA,NA,NA,1.20547945205479
id744,1986,5,0,1981,NA,NA,NA,16.2353790429109,NA,1.20547945205479
id744,1989,8,0,1981,NA,NA,NA,17.3103839473407,NA,1.20547945205479
id744,1990,9,0,1981,NA,NA,NA,15.3528836775424,NA,1.20547945205479
id744,1992,11,0,1981,NA,NA,NA,16.2478612968821,NA,1.20547945205479
id744,1991,10,0,1981,NA,NA,NA,15.4668429778543,NA,1.20547945205479
id604,1986,5,1,1981,NA,NA,43.8356226733402,NA,1.28571428571429,NA
id604,1982,1,1,1981,26.6573710598786,NA,NA,NA,1.28571428571429,NA
id604,1984,3,1,1981,60.7983505490972,NA,37.1685479649332,NA,1.28571428571429,NA
id604,1987,6,1,1981,NA,NA,45.8995951684216,NA,1.28571428571429,NA
id604,1985,4,1,1981,69.9391504064164,NA,38.5887519177244,NA,1.28571428571429,NA
id604,1983,2,1,1981,42.8148078613189,NA,29.3594664006949,NA,1.28571428571429,NA
id444,1986,3,1,1983,54.0858375128748,NA,32.7278352876495,NA,2.48888888888889,NA
id444,1987,4,1,1983,66.7644648982079,NA,37.7495951684216,NA,2.48888888888889,NA
id444,1991,8,1,1983,NA,NA,37.8216332958939,NA,2.48888888888889,NA
id444,1985,2,1,1983,36.3863078762826,NA,24.9241195506572,NA,2.48888888888889,NA
id444,1983,0,1,1983,NA,NA,NA,NA,2.48888888888889,NA
id444,1984,1,1,1983,NA,NA,NA,NA,2.48888888888889,NA
id444,1989,6,1,1983,NA,NA,36.9507628755558,NA,2.48888888888889,NA
id797,1996,12,0,1984,NA,NA,NA,14.1055600957008,NA,2.46153846153846
id797,1993,9,0,1984,NA,NA,NA,15.4101596791475,NA,2.46153846153846
id797,1997,13,0,1984,NA,NA,NA,13.5296078766568,NA,2.46153846153846
id797,1991,7,0,1984,NA,NA,NA,14.6053695969479,NA,2.46153846153846
id797,1992,8,0,1984,NA,NA,NA,14.6809491332345,NA,2.46153846153846
id797,1986,2,0,1984,NA,20.6453938162658,NA,14.9012528128115,NA,2.46153846153846
id797,1990,6,0,1984,NA,NA,NA,14.9141870022056,NA,2.46153846153846
id797,1988,4,0,1984,NA,23.9852974501938,NA,13.786295238214,NA,2.46153846153846
id797,1985,1,0,1984,NA,15.9488323890287,NA,NA,NA,2.46153846153846
id797,1989,5,0,1984,NA,NA,NA,14.759353956215,NA,2.46153846153846
id797,1987,3,0,1984,NA,23.5511706928386,NA,14.4874367155791,NA,2.46153846153846
id797,1995,11,0,1984,NA,NA,NA,14.6235662318537,NA,2.46153846153846
id797,1998,14,0,1984,NA,NA,NA,13.9508929608298,NA,2.46153846153846
id797,1994,10,0,1984,NA,NA,NA,14.325337178337,NA,2.46153846153846
id797,1984,0,0,1984,NA,NA,NA,NA,NA,2.46153846153846
id1001,1987,2,1,1985,41.6937308140346,NA,28.3025011964313,NA,1.2485549132948,NA
id1001,1987,2,1,1985,41.6937308140346,NA,28.3025011964313,NA,1.2485549132948,NA
id1001,1985,0,1,1985,NA,NA,NA,NA,1.2485549132948,NA
id1001,1985,0,1,1985,NA,NA,NA,NA,1.2485549132948,NA
id1001,1986,1,1,1985,24.3596102571089,NA,NA,NA,1.2485549132948,NA
id1001,1986,1,1,1985,24.3596102571089,NA,NA,NA,1.2485549132948,NA
id1001,1990,5,1,1985,NA,NA,43.0255378059958,NA,1.2485549132948,NA
id1001,1990,5,1,1985,NA,NA,43.0255378059958,NA,1.2485549132948,NA
id1001,1988,3,1,1985,57.3775031610248,NA,36.8801672165524,NA,1.2485549132948,NA
id1001,1988,3,1,1985,57.3775031610248,NA,36.8801672165524,NA,1.2485549132948,NA
id1001,1989,4,1,1985,68.204748105477,NA,38.473345574796,NA,1.2485549132948,NA
id1001,1989,4,1,1985,68.204748105477,NA,38.473345574796,NA,1.2485549132948,NA
id1060,1987,1,1,1986,19.4541281470522,NA,NA,NA,0.878048780487805,NA
id1060,1989,3,1,1986,51.5293501708932,NA,31.0702730625741,NA,0.878048780487805,NA
id1060,1988,2,1,1986,36.9137925983185,NA,25.6934613674309,NA,0.878048780487805,NA
id1060,1990,4,1,1986,61.0648396417815,NA,35.6004306997896,NA,0.878048780487805,NA
id1060,1986,0,1,1986,NA,NA,NA,NA,0.878048780487805,NA
id505,1987,0,1,1987,NA,NA,NA,NA,0,NA
id735,1992,4,0,1988,NA,24.9894503019198,NA,15.1564758311618,NA,1.28571428571429
id735,1991,3,0,1988,NA,21.8107975526373,NA,13.4815651730687,NA,1.28571428571429
id735,1990,2,0,1988,NA,19.707881749719,NA,NA,NA,1.28571428571429
id735,1995,7,0,1988,NA,NA,NA,14.9756160978628,NA,1.28571428571429
id735,1994,6,0,1988,NA,NA,NA,14.2211657450912,NA,1.28571428571429
id735,1996,8,0,1988,NA,NA,NA,14.5068444349384,NA,1.28571428571429
id735,1997,9,0,1988,NA,NA,NA,13.9252560497272,NA,1.28571428571429
id735,1989,1,0,1988,NA,13.9922160684873,NA,NA,NA,1.28571428571429
id735,1993,5,0,1988,NA,NA,NA,15.103372326794,NA,1.28571428571429
id735,1988,0,0,1988,NA,NA,NA,NA,NA,1.28571428571429
id221,1989,0,1,1989,NA,NA,NA,NA,0.233333333333333,NA
id495,1993,3,1,1990,44.8428995921775,NA,29.2029076338368,NA,2.4,NA
id495,1996,6,1,1990,NA,NA,40.6705970913619,NA,2.4,NA
id495,1990,0,1,1990,NA,NA,NA,NA,2.4,NA
id495,1998,8,1,1990,NA,NA,40.0370861454193,NA,2.4,NA
id495,1992,2,1,1990,34.5193250133383,NA,24.3937277553126,NA,2.4,NA
id495,1991,1,1,1990,18.2699646098724,NA,NA,NA,2.4,NA
id495,1994,4,1,1990,53.1852807324858,NA,31.7022808052645,NA,2.4,NA
id495,1997,7,1,1990,NA,NA,39.0656917197447,NA,2.4,NA
id495,1995,5,1,1990,NA,NA,37.4581794857003,NA,2.4,NA
id693,1998,7,1,1991,NA,NA,37.2745067448649,NA,3.1,NA
id693,1992,1,1,1991,22.3682088284887,NA,NA,NA,3.1,NA
id693,1995,4,1,1991,53.691033394165,NA,32.3814259245139,NA,3.1,NA
id693,1997,6,1,1991,NA,NA,36.6988419091042,NA,3.1,NA
id693,1991,0,1,1991,NA,NA,NA,NA,3.1,NA
id693,1993,2,1,1991,32.6726582513082,NA,22.2221230757656,NA,3.1,NA
id693,1996,5,1,1991,NA,NA,35.6178027705852,NA,3.1,NA
id693,1994,3,1,1991,41.6893079133446,NA,25.6872669975881,NA,3.1,NA
id110,1992,0,0,1992,NA,NA,NA,NA,NA,0
id815,1993,0,0,1993,NA,NA,NA,NA,NA,0
id1042,1995,1,1,1994,14.2495118789636,NA,NA,NA,0.777777777777778,NA
id1042,1994,0,1,1994,NA,NA,NA,NA,0.777777777777778,NA
id644,1976,5,1,1971,NA,NA,38.4034752461145,NA,1.04347826086957,NA
id644,1975,4,1,1971,64.2665102546504,NA,36.6679242029163,NA,1.04347826086957,NA
id503,1975,8,0,1967,NA,NA,NA,NA,NA,1
id627,1976,0,0,1976,NA,NA,NA,NA,NA,0.918367346938776
id627,1978,2,0,1976,NA,21.2707814242939,NA,13.0220161267271,NA,0.918367346938776
id627,1979,3,0,1976,NA,22.7938819371965,NA,13.5128732006311,NA,0.918367346938776
id627,1977,1,0,1976,NA,18.4135587782908,NA,NA,NA,0.918367346938776
id390,1978,1,1,1977,26.1670366514369,NA,NA,NA,1.33333333333333,NA
id390,1980,3,1,1977,69.5491265023803,NA,39.2083458802358,NA,1.33333333333333,NA
id390,1981,4,1,1977,73.3225239810367,NA,38.9352086567296,NA,1.33333333333333,NA
id390,1979,2,1,1977,45.5397001868033,NA,29.2856950845478,NA,1.33333333333333,NA
id390,1983,6,1,1977,NA,NA,41.9094749814835,NA,1.33333333333333,NA
id390,1984,7,1,1977,NA,NA,41.8531921589113,NA,1.33333333333333,NA
id390,1982,5,1,1977,NA,NA,41.2067125745308,NA,1.33333333333333,NA
id390,1977,0,1,1977,NA,NA,NA,NA,1.33333333333333,NA
id1093,1978,0,1,1978,NA,NA,NA,NA,0,NA
id339,1980,1,0,1979,NA,14.7176809127752,NA,NA,NA,0.128571428571429
id339,1979,0,0,1979,NA,NA,NA,NA,NA,0.128571428571429
id173,1980,0,0,1980,NA,NA,NA,NA,NA,0.138461538461538
id494,1984,3,1,1981,43.8477383434186,NA,28.7130795439489,NA,0.642857142857143,NA
id494,1981,0,1,1981,NA,NA,NA,NA,0.642857142857143,NA
id494,1983,2,1,1981,28.2398410503797,NA,20.9132557651482,NA,0.642857142857143,NA
id494,1982,1,1,1981,16.2737395491446,NA,NA,NA,0.642857142857143,NA
id772,1982,2,1,1980,31.2450098945993,NA,20.4917301978569,NA,1.90909090909091,NA
id1083,1983,0,0,1983,NA,NA,NA,NA,NA,0
id465,1984,0,1,1984,NA,NA,NA,NA,0,NA
id402,1985,0,1,1985,NA,NA,NA,NA,0.832369942196532,NA
id402,1987,2,1,1985,46.2202756572723,NA,29.2376833367689,NA,0.832369942196532,NA
id402,1986,1,1,1985,27.2090468451131,NA,NA,NA,0.832369942196532,NA
id402,1988,3,1,1985,60.0295253313493,NA,36.5568878450899,NA,0.832369942196532,NA
id561,1987,1,1,1986,24.3055411004841,NA,NA,NA,0.219512195121951,NA
id561,1986,0,1,1986,NA,NA,NA,NA,0.219512195121951,NA
id410,1987,0,0,1987,NA,NA,NA,NA,NA,1.44444444444444
id410,1988,1,0,1987,NA,13.4714401718507,NA,NA,NA,1.44444444444444
id410,1995,8,0,1987,NA,NA,NA,13.5027724922621,NA,1.44444444444444
id410,1996,9,0,1987,NA,NA,NA,13.0739993029731,NA,1.44444444444444
id410,1992,5,0,1987,NA,NA,NA,13.6429036119187,NA,1.44444444444444
id410,1989,2,0,1987,NA,15.3994916688906,NA,12.9103839473407,NA,1.44444444444444
id410,1991,4,0,1987,NA,21.5397495351765,NA,13.3884425724342,NA,1.44444444444444
id410,1994,7,0,1987,NA,NA,NA,13.2015244943451,NA,1.44444444444444
id410,1997,10,0,1987,NA,NA,NA,12.8759068179451,NA,1.44444444444444
id410,1993,6,0,1987,NA,NA,NA,13.9055828241815,NA,1.44444444444444
id410,1990,3,0,1987,NA,20.2171387681424,NA,13.7945095703043,NA,1.44444444444444
id668,1988,0,1,1988,NA,NA,NA,NA,0,NA
id916,1992,3,0,1989,NA,21.7173637489797,NA,15.1144501292577,NA,0.585798816568047
id916,1990,1,0,1989,NA,11.9971921990729,NA,NA,NA,0.585798816568047
id916,1989,0,0,1989,NA,NA,NA,NA,NA,0.585798816568047
id916,1991,2,0,1989,NA,16.6731458833142,NA,13.7281305360686,NA,0.585798816568047
id401,1994,4,1,1990,50.8110009888223,NA,32.4698356137451,NA,2.4,NA
id401,1991,1,1,1990,20.6825223223468,NA,NA,NA,2.4,NA
id401,1995,5,1,1990,NA,NA,35.6935396338932,NA,2.4,NA
id401,1998,8,1,1990,NA,NA,37.2230146737732,NA,2.4,NA
id401,1993,3,1,1990,52.0603596304194,NA,31.351437440886,NA,2.4,NA
id401,1990,0,1,1990,NA,NA,NA,NA,2.4,NA
id401,1997,7,1,1990,NA,NA,36.7112106331835,NA,2.4,NA
id401,1992,2,1,1990,33.7224719474504,NA,24.4458513324305,NA,2.4,NA
id401,1996,6,1,1990,NA,NA,38.1039592123155,NA,2.4,NA
id991,1991,0,1,1991,NA,NA,NA,NA,0,NA
id386,1992,0,0,1992,NA,NA,NA,NA,NA,0
id711,1993,0,0,1993,NA,NA,NA,NA,NA,0
id325,1994,0,0,1994,NA,NA,NA,NA,NA,0.307692307692308
id174,1977,9,0,1968,NA,NA,NA,13.4959680909013,NA,1.15789473684211
id174,1978,10,0,1968,NA,NA,NA,13.5499534730494,NA,1.15789473684211
id174,1975,7,0,1968,NA,NA,NA,NA,NA,1.15789473684211
id174,1979,11,0,1968,NA,NA,NA,13.1493726427512,NA,1.15789473684211
id174,1976,8,0,1968,NA,NA,NA,13.3051851790707,NA,1.15789473684211
id727,1980,7,0,1973,NA,NA,NA,13.8506739079581,NA,2.8
id727,1978,5,0,1973,NA,NA,NA,13.9990731890321,NA,2.8
id727,1979,6,0,1973,NA,NA,NA,13.8693007354489,NA,2.8
id727,1977,4,0,1973,NA,24.4260581520662,NA,13.1641572546877,NA,2.8
id727,1987,14,0,1973,NA,NA,NA,NA,NA,2.8
id727,1983,10,0,1973,NA,NA,NA,14.2094472179103,NA,2.8
id727,1982,9,0,1973,NA,NA,NA,13.8015016087344,NA,2.8
id727,1981,8,0,1973,NA,NA,NA,13.8593485136834,NA,2.8
id727,1976,3,0,1973,NA,23.4831908246697,NA,13.0967543866406,NA,2.8
id727,1974,1,0,1973,NA,NA,NA,NA,NA,2.8
id727,1975,2,0,1973,NA,18.8888704422813,NA,NA,NA,2.8
id727,1985,12,0,1973,NA,NA,NA,NA,NA,2.8
id727,1984,11,0,1973,NA,NA,NA,14.6397500031677,NA,2.8
id727,1986,13,0,1973,NA,NA,NA,15.2572401172061,NA,2.8
id119,1975,1,0,1974,NA,15.2123952845445,NA,NA,NA,0.466666666666667
id1115,1977,1,0,1976,NA,14.4669990282513,NA,NA,NA,3.06122448979592
id1115,1976,0,0,1976,NA,NA,NA,NA,NA,3.06122448979592
id1115,1986,10,0,1976,NA,NA,NA,14.3663330307259,NA,3.06122448979592
id1115,1981,5,0,1976,NA,NA,NA,13.0664230097637,NA,3.06122448979592
id1115,1984,8,0,1976,NA,NA,NA,14.4587256329893,NA,3.06122448979592
id1115,1985,9,0,1976,NA,NA,NA,14.3534832295576,NA,3.06122448979592
id1115,1979,3,0,1976,NA,23.5106143333573,NA,13.9476074406615,NA,3.06122448979592
id1115,1978,2,0,1976,NA,21.020535432377,NA,12.9488278257852,NA,3.06122448979592
id1115,1980,4,0,1976,NA,24.7769549320122,NA,13.5984705679065,NA,3.06122448979592
id1115,1983,7,0,1976,NA,NA,NA,13.5207470641252,NA,3.06122448979592
id1115,1982,6,0,1976,NA,NA,NA,13.1743768175062,NA,3.06122448979592
id415,1977,0,1,1977,NA,NA,NA,NA,0,NA
id835,1981,3,0,1978,NA,26.4369390761862,NA,14.1428378805171,NA,0.513761467889908
id835,1978,0,0,1978,NA,NA,NA,NA,NA,0.513761467889908
id835,1980,2,0,1978,NA,23.464622125553,NA,13.3777180721021,NA,0.513761467889908
id835,1982,4,0,1978,NA,27.8765724186628,NA,14.2011172114093,NA,0.513761467889908
id835,1979,1,0,1978,NA,16.4828654614813,NA,NA,NA,0.513761467889908
id1015,1979,0,0,1979,NA,NA,NA,NA,NA,0.642857142857143
id1015,1984,5,0,1979,NA,NA,NA,14.5404303276317,NA,0.642857142857143
id1015,1982,3,0,1979,NA,25.3189258483208,NA,14.4329715941005,NA,0.642857142857143
id1015,1981,2,0,1979,NA,22.9295545695373,NA,14.217451811219,NA,0.642857142857143
id1015,1983,4,0,1979,NA,26.0787022616632,NA,13.9086744418415,NA,0.642857142857143
id1015,1980,1,0,1979,NA,10.980344552738,NA,NA,NA,0.642857142857143
id523,1984,4,0,1980,NA,28.1035363227001,NA,15.0542509841165,NA,1.8
id523,1980,0,0,1980,NA,NA,NA,NA,NA,1.8
id523,1986,6,0,1980,NA,NA,NA,15.3582889318275,NA,1.8
id523,1982,2,0,1980,NA,21.9224678788586,NA,13.7632108327829,NA,1.8
id523,1990,10,0,1980,NA,NA,NA,14.5426450974278,NA,1.8
id523,1989,9,0,1980,NA,NA,NA,14.7103839473407,NA,1.8
id523,1992,12,0,1980,NA,NA,NA,14.7427768926417,NA,1.8
id523,1985,5,0,1980,NA,NA,NA,14.8122042333251,NA,1.8
id523,1983,3,0,1980,NA,25.4675258255945,NA,14.3194347577505,NA,1.8
id523,1987,7,0,1980,NA,NA,NA,14.6654218874562,NA,1.8
id523,1981,1,0,1980,NA,16.703352169598,NA,NA,NA,1.8
id523,1991,11,0,1980,NA,NA,NA,14.1237370558086,NA,1.8
id523,1988,8,0,1980,NA,NA,NA,13.5572965893289,NA,1.8
id523,1993,13,0,1980,NA,NA,NA,14.6828047139331,NA,1.8
id24,1983,2,1,1981,40.0757581835713,NA,27.288734168341,NA,1.5,NA
id24,1985,4,1,1981,67.2333218730908,NA,38.4573925884529,NA,1.5,NA
id24,1986,5,1,1981,NA,NA,44.9856226733402,NA,1.5,NA
id24,1981,0,1,1981,NA,NA,NA,NA,1.5,NA
id24,1982,1,1,1981,23.8495219126133,NA,NA,NA,1.5,NA
id24,1988,7,1,1981,NA,NA,42.136022281949,NA,1.5,NA
id24,1987,6,1,1981,NA,NA,43.6696024110004,NA,1.5,NA
id24,1984,3,1,1981,56.6936336565054,NA,36.2804563882943,NA,1.5,NA
id639,1983,1,1,1982,27.0039098320271,NA,NA,NA,0.297297297297297,NA
id639,1982,0,1,1982,NA,NA,NA,NA,0.297297297297297,NA
id234,1988,5,0,1983,NA,NA,NA,13.034262007759,NA,1.70731707317073
id234,1987,4,0,1983,NA,24.0808685512582,NA,14.1077924646771,NA,1.70731707317073
id234,1984,1,0,1983,NA,11.2302166535054,NA,NA,NA,1.70731707317073
id234,1986,3,0,1983,NA,22.4752736775711,NA,14.6891070024109,NA,1.70731707317073
id234,1985,2,0,1983,NA,18.8182249605129,NA,13.7492483986418,NA,1.70731707317073
id234,1989,6,0,1983,NA,NA,NA,14.009353956215,NA,1.70731707317073
id234,1990,7,0,1983,NA,NA,NA,13.4223731402397,NA,1.70731707317073
id234,1983,0,0,1983,NA,NA,NA,NA,NA,1.70731707317073
id145,1985,1,0,1984,NA,15.2502058023042,NA,NA,NA,0.175824175824176
id145,1984,0,0,1984,NA,NA,NA,NA,NA,0.175824175824176
id423,1985,0,0,1985,NA,NA,NA,NA,NA,1.4625
id423,1989,4,0,1985,NA,25.6185599468005,NA,15.2925244286947,NA,1.4625
id423,1994,9,0,1985,NA,NA,NA,14.2374995375106,NA,1.4625
id423,1987,2,0,1985,NA,19.6623273289606,NA,14.221687693846,NA,1.4625
id423,1986,1,0,1985,NA,12.3378929468273,NA,NA,NA,1.4625
id423,1993,8,0,1985,NA,NA,NA,14.9250248844644,NA,1.4625
id423,1988,3,0,1985,NA,23.1400977520617,NA,13.8978739325668,NA,1.4625
id423,1991,6,0,1985,NA,NA,NA,14.3611715164156,NA,1.4625
id423,1990,5,0,1985,NA,NA,NA,14.5219561883391,NA,1.4625
id423,1992,7,0,1985,NA,NA,NA,14.9094211778138,NA,1.4625
id348,1986,0,0,1986,NA,NA,NA,NA,NA,0.270833333333333
id348,1988,2,0,1986,NA,20.8809063007289,NA,13.9642005307674,NA,0.270833333333333
id348,1987,1,0,1986,NA,17.0841417804039,NA,NA,NA,0.270833333333333
id539,1994,8,1,1986,NA,NA,46.0009002185713,NA,2.63414634146341,NA
id539,1998,12,1,1986,NA,NA,NA,NA,2.63414634146341,NA
id539,1993,7,1,1986,NA,NA,44.032591677888,NA,2.63414634146341,NA
id539,1990,4,1,1986,58.9471902565343,NA,43.3395536440517,NA,2.63414634146341,NA
id539,1989,3,1,1986,51.0516978069175,NA,37.6244152995215,NA,2.63414634146341,NA
id539,1996,10,1,1986,NA,NA,44.7773161841302,NA,2.63414634146341,NA
id539,1995,9,1,1986,NA,NA,44.1464960408955,NA,2.63414634146341,NA
id539,1992,6,1,1986,NA,NA,46.065104103922,NA,2.63414634146341,NA
id539,1988,2,1,1986,41.4425518628999,NA,30.6002843928547,NA,2.63414634146341,NA
id539,1987,1,1,1986,23.2872233737367,NA,NA,NA,2.63414634146341,NA
id539,1991,5,1,1986,NA,NA,42.5019757452384,NA,2.63414634146341,NA
id599,1991,4,1,1987,71.4057708977655,NA,37.144704499073,NA,1.06976744186047,NA
id599,1990,3,1,1987,62.2957494230478,NA,35.6059579586618,NA,1.06976744186047,NA
id599,1988,1,1,1987,30.3227838643989,NA,NA,NA,1.06976744186047,NA
id599,1989,2,1,1987,47.7540995662514,NA,30.1956596138128,NA,1.06976744186047,NA
id287,1989,0,0,1989,NA,NA,NA,NA,NA,0
id721,1990,0,1,1990,NA,NA,NA,NA,0,NA
id783,1994,3,1,1991,34.5195580024974,NA,26.5594353934517,NA,2.65714285714286,NA
id783,1995,4,1,1991,48.6074143027914,NA,32.4956300958026,NA,2.65714285714286,NA
id783,1997,6,1,1991,NA,NA,38.3367436716757,NA,2.65714285714286,NA
id783,1996,5,1,1991,NA,NA,38.4508350240217,NA,2.65714285714286,NA
id783,1992,1,1,1991,11.4909676297974,NA,NA,NA,2.65714285714286,NA
id783,1991,0,1,1991,NA,NA,NA,NA,2.65714285714286,NA
id783,1993,2,1,1991,23.3920628555652,NA,19.6595061685233,NA,2.65714285714286,NA
id303,1992,0,1,1992,NA,NA,NA,NA,NaN,NA
id734,2001,7,0,1994,NA,NA,NA,12.373863643954,NA,2.15384615384615
id734,1999,5,0,1994,NA,NA,NA,12.1184371708978,NA,2.15384615384615
id734,1994,0,0,1994,NA,NA,NA,NA,NA,2.15384615384615
id734,1995,1,0,1994,NA,7.44968538404382,NA,NA,NA,2.15384615384615
id734,2000,6,0,1994,NA,NA,NA,11.8162508341846,NA,2.15384615384615
id734,1996,2,0,1994,NA,12.1037852680808,NA,11.1046225180874,NA,2.15384615384615
id734,1998,4,0,1994,NA,17.8643010874028,NA,12.2001737522341,NA,2.15384615384615
id734,1997,3,0,1994,NA,15.0882507248526,NA,10.838465102766,NA,2.15384615384615
id237,1977,8,1,1969,NA,NA,39.0476473219014,NA,1,NA
id237,1978,9,1,1969,NA,NA,38.3571554588631,NA,1,NA
id1099,1975,0,1,1975,NA,NA,NA,NA,0,NA
id466,1978,2,1,1976,45.06186007017,NA,26.4868890597936,NA,1.44117647058824,NA
id466,1980,4,1,1976,80.8712084819803,NA,46.1997682531554,NA,1.44117647058824,NA
id466,1981,5,1,1976,NA,NA,44.2852086567296,NA,1.44117647058824,NA
id466,1983,7,1,1976,NA,NA,39.7027461100535,NA,1.44117647058824,NA
id466,1982,6,1,1976,NA,NA,43.4698815703702,NA,1.44117647058824,NA
id466,1979,3,1,1976,60.9527971608351,NA,38.4387484122503,NA,1.44117647058824,NA
id466,1976,0,1,1976,NA,NA,NA,NA,1.44117647058824,NA
id466,1977,1,1,1976,30.7263652541631,NA,NA,NA,1.44117647058824,NA
id931,1977,0,0,1977,NA,NA,NA,NA,NA,0.631578947368421
id931,1980,3,0,1977,NA,19.3375237290732,NA,14.3718190692184,NA,0.631578947368421
id931,1978,1,0,1977,NA,16.9600499579352,NA,NA,NA,0.631578947368421
id931,1979,2,0,1977,NA,16.4435033352053,NA,13.4174886646004,NA,0.631578947368421
id553,1981,4,0,1977,NA,27.5837593303296,NA,14.2656122549336,NA,1.89473684210526
id553,1985,8,0,1977,NA,NA,NA,14.8402042363615,NA,1.89473684210526
id553,1982,5,0,1977,NA,NA,NA,14.7318203246315,NA,1.89473684210526
id553,1986,9,0,1977,NA,NA,NA,15.3049441564802,NA,1.89473684210526
id553,1979,2,0,1977,NA,23.4159007593148,NA,14.0859114236425,NA,1.89473684210526
id553,1980,3,0,1977,NA,26.825345452893,NA,14.2952691284061,NA,1.89473684210526
id553,1978,1,0,1977,NA,15.3516824621451,NA,NA,NA,1.89473684210526
id553,1983,6,0,1977,NA,NA,NA,14.2787021125213,NA,1.89473684210526
id553,1984,7,0,1977,NA,NA,NA,14.759523281664,NA,1.89473684210526
id626,1979,0,0,1979,NA,NA,NA,NA,NA,0.257142857142857
id626,1981,2,0,1979,NA,20.8065676818139,NA,13.7712556177514,NA,0.257142857142857
id626,1980,1,0,1979,NA,16.6811113961328,NA,NA,NA,0.257142857142857
id25,1980,0,1,1980,NA,NA,NA,NA,0,NA
id911,1981,0,1,1981,NA,NA,NA,NA,0,NA
id156,1988,6,0,1982,NA,NA,NA,13.6978739325668,NA,1.79310344827586
id156,1995,13,0,1982,NA,NA,NA,13.7986891945447,NA,1.79310344827586
id156,1984,2,0,1982,NA,21.9016974307595,NA,14.4634418327221,NA,1.79310344827586
id156,1985,3,0,1982,NA,23.6487038494718,NA,14.7811146661082,NA,1.79310344827586
id156,1993,11,0,1982,NA,NA,NA,14.6278994068221,NA,1.79310344827586
id156,1989,7,0,1982,NA,NA,NA,17.5103839473407,NA,1.79310344827586
id156,1990,8,0,1982,NA,NA,NA,14.1677126461374,NA,1.79310344827586
id156,1991,9,0,1982,NA,NA,NA,13.8187835955018,NA,1.79310344827586
id156,1992,10,0,1982,NA,NA,NA,14.2488333175192,NA,1.79310344827586
id156,1987,5,0,1982,NA,NA,NA,15.0589163252836,NA,1.79310344827586
id156,1982,0,0,1982,NA,NA,NA,NA,NA,1.79310344827586
id156,1986,4,0,1982,NA,26.1883403918501,NA,15.5899586388175,NA,1.79310344827586
id156,1994,12,0,1982,NA,NA,NA,13.9878316191784,NA,1.79310344827586
id156,1983,1,0,1982,NA,16.291085618054,NA,NA,NA,1.79310344827586
id942,1983,0,1,1983,NA,NA,NA,NA,0.622222222222222,NA
id942,1984,1,1,1983,29.9581499769398,NA,NA,NA,0.622222222222222,NA
id399,1984,0,0,1984,NA,NA,NA,NA,NA,0
id467,1985,0,1,1985,NA,NA,NA,NA,0,NA
id810,1988,2,0,1986,NA,15.1004301596532,NA,13.0077008423301,NA,1.08333333333333
id810,1993,7,0,1986,NA,NA,NA,14.4798827314726,NA,1.08333333333333
id810,1989,3,0,1986,NA,18.8945241312524,NA,13.871720485921,NA,1.08333333333333
id810,1992,6,0,1986,NA,NA,NA,14.6546387927473,NA,1.08333333333333
id810,1990,4,0,1986,NA,20.1191566377199,NA,13.8754646125929,NA,1.08333333333333
id810,1994,8,0,1986,NA,NA,NA,14.4743831276064,NA,1.08333333333333
id810,1991,5,0,1986,NA,NA,NA,13.6755406152963,NA,1.08333333333333
id810,1987,1,0,1986,NA,9.65766098202039,NA,NA,NA,1.08333333333333
id810,1986,0,0,1986,NA,NA,NA,NA,NA,1.08333333333333
id606,1988,1,1,1987,28.1076814730416,NA,NA,NA,0.267441860465116,NA
id606,1987,0,1,1987,NA,NA,NA,NA,0.267441860465116,NA
id164,1993,6,0,1987,NA,NA,NA,14.277530069803,NA,1.3
id164,1995,8,0,1987,NA,NA,NA,13.5112235467359,NA,1.3
id164,1990,3,0,1987,NA,24.9932424374444,NA,14.2875180550854,NA,1.3
id164,1992,5,0,1987,NA,NA,NA,14.1547314817631,NA,1.3
id164,1988,1,0,1987,NA,11.7988305279703,NA,NA,NA,1.3
id164,1994,7,0,1987,NA,NA,NA,13.7370816448921,NA,1.3
id164,1989,2,0,1987,NA,19.3066106065473,NA,13.3601643967443,NA,1.3
id164,1991,4,0,1987,NA,25.9516158691074,NA,13.5793073918413,NA,1.3
id1074,1990,1,1,1989,20.4229442801998,NA,NA,NA,0.466666666666667,NA
id1074,1989,0,1,1989,NA,NA,NA,NA,0.466666666666667,NA
id1074,1991,2,1,1989,33.1016123666818,NA,24.3889693419441,NA,0.466666666666667,NA
id1048,1991,1,0,1990,NA,11.5650377805034,NA,NA,NA,2.37931034482759
id1048,1998,8,0,1990,NA,NA,NA,14.4249713085978,NA,2.37931034482759
id1048,1997,7,0,1990,NA,NA,NA,13.8183861248219,NA,2.37931034482759
id1048,1995,5,0,1990,NA,NA,NA,14.5415142397203,NA,2.37931034482759
id1048,1999,9,0,1990,NA,NA,NA,13.9804330766481,NA,2.37931034482759
id1048,1996,6,0,1990,NA,NA,NA,14.9108775725525,NA,2.37931034482759
id1048,1994,4,0,1990,NA,25.0353206060038,NA,14.7608970045247,NA,2.37931034482759
id1048,1990,0,0,1990,NA,NA,NA,NA,NA,2.37931034482759
id1048,1993,3,0,1990,NA,22.7844877685302,NA,14.5414681568177,NA,2.37931034482759
id1048,1992,2,0,1990,NA,19.3466429686305,NA,13.9536828768608,NA,2.37931034482759
id475,1999,8,1,1991,NA,NA,34.6632173511381,NA,3.98571428571429,NA
id475,1995,4,1,1991,51.6618963594036,NA,31.9018579633988,NA,3.98571428571429,NA
id475,1992,1,1,1991,17.2720522431022,NA,NA,NA,3.98571428571429,NA
id475,1991,0,1,1991,NA,NA,NA,NA,3.98571428571429,NA
id475,1994,3,1,1991,42.756831076022,NA,27.2452625340744,NA,3.98571428571429,NA
id475,1996,5,1,1991,NA,NA,35.4668223677143,NA,3.98571428571429,NA
id475,1998,7,1,1991,NA,NA,35.1320164589414,NA,3.98571428571429,NA
id475,1997,6,1,1991,NA,NA,35.5848113188606,NA,3.98571428571429,NA
id475,1993,2,1,1991,30.6109932304018,NA,21.3839030159606,NA,3.98571428571429,NA
id55,1993,0,0,1993,NA,NA,NA,NA,NA,0
id305,2001,7,0,1994,NA,NA,NA,13.8244456371839,NA,3.38461538461538
id305,1996,2,0,1994,NA,17.9056747676029,NA,12.9724873613669,NA,3.38461538461538
id305,1994,0,0,1994,NA,NA,NA,NA,NA,3.38461538461538
id305,2002,8,0,1994,NA,NA,NA,13.93115784715,NA,3.38461538461538
id305,1997,3,0,1994,NA,19.3499280574832,NA,12.7929986915078,NA,3.38461538461538
id305,1995,1,0,1994,NA,10.1130434072903,NA,NA,NA,3.38461538461538
id305,1999,5,0,1994,NA,NA,NA,13.5580105731264,NA,3.38461538461538
id305,2003,9,0,1994,NA,NA,NA,13.5774156813027,NA,3.38461538461538
id305,2000,6,0,1994,NA,NA,NA,13.5041631476068,NA,3.38461538461538
id305,1998,4,0,1994,NA,21.5964470469266,NA,13.8365250780624,NA,3.38461538461538
id305,2005,11,0,1994,NA,NA,NA,13.1417228837218,NA,3.38461538461538
id305,2004,10,0,1994,NA,NA,NA,13.5050467759334,NA,3.38461538461538
id353,1977,7,1,1970,NA,NA,39.6996280323772,NA,0.933333333333333,NA
id353,1975,5,1,1970,NA,NA,39.2354655345364,NA,0.933333333333333,NA
id719,1982,8,1,1974,NA,NA,41.5355638969156,NA,NA,NA
id719,1977,3,1,1974,50.8160008410834,NA,30.6521906351724,NA,NA,NA
id719,1981,7,1,1974,NA,NA,41.9696837803857,NA,NA,NA
id719,1974,0,0,1974,NA,NA,NA,NA,NA,NA
id719,1978,4,1,1974,63.2161323546336,NA,34.0834121156234,NA,NA,NA
id719,1976,2,1,1974,32.6921580707785,NA,21.85095816292,NA,NA,NA
id719,1979,5,1,1974,NA,NA,40.020493769873,NA,NA,NA
id719,1975,1,1,1974,15.376642869627,NA,NA,NA,NA,NA
id559,1978,3,0,1975,NA,22.0158862645182,NA,13.8837208253737,NA,0.964912280701754
id559,1977,2,0,1975,NA,18.8966428840713,NA,13.5322870512939,NA,0.964912280701754
id559,1976,1,0,1975,NA,12.4295199122608,NA,NA,NA,0.964912280701754
id559,1980,5,0,1975,NA,NA,NA,13.7008949572533,NA,0.964912280701754
id559,1979,4,0,1975,NA,22.4615463735979,NA,13.662814610861,NA,0.964912280701754
id559,1975,0,0,1975,NA,NA,NA,NA,NA,0.964912280701754
id116,1976,0,0,1976,NA,NA,NA,NA,NA,0
id135,1981,3,1,1978,66.3087948133908,NA,37.6007930637927,NA,1.76470588235294,NA
id135,1978,0,1,1978,NA,NA,NA,NA,1.76470588235294,NA
id135,1982,4,1,1978,78.9597697174705,NA,42.3777242023009,NA,1.76470588235294,NA
id135,1979,1,1,1978,26.1596382673364,NA,NA,NA,1.76470588235294,NA
id135,1980,2,1,1978,50.2426508945787,NA,30.8009091156673,NA,1.76470588235294,NA
id135,1983,5,1,1978,NA,NA,43.3433551106365,NA,1.76470588235294,NA
id44,1980,1,1,1979,20.2190043437114,NA,NA,NA,0.545454545454546,NA
id44,1981,2,1,1979,41.9224653577433,NA,28.294662024912,NA,0.545454545454546,NA
id44,1979,0,1,1979,NA,NA,NA,NA,0.545454545454546,NA
id280,1990,10,0,1980,NA,NA,NA,NA,NA,1.66153846153846
id280,1980,0,0,1980,NA,NA,NA,NA,NA,1.66153846153846
id280,1987,7,0,1980,NA,NA,NA,15.2721001985847,NA,1.66153846153846
id280,1988,8,0,1980,NA,NA,NA,NA,NA,1.66153846153846
id280,1981,1,0,1980,NA,14.8007316195479,NA,NA,NA,1.66153846153846
id280,1984,4,0,1980,NA,20.8666229882239,NA,15.4092602816392,NA,1.66153846153846
id280,1982,2,0,1980,NA,17.6121632155897,NA,14.255765464334,NA,1.66153846153846
id280,1991,11,0,1980,NA,NA,NA,14.2292625396108,NA,1.66153846153846
id280,1992,12,0,1980,NA,NA,NA,14.8194623640555,NA,1.66153846153846
id280,1986,6,0,1980,NA,NA,NA,15.9041688328541,NA,1.66153846153846
id280,1989,9,0,1980,NA,NA,NA,NA,NA,1.66153846153846
id280,1983,3,0,1980,NA,19.398934370355,NA,13.8226312700197,NA,1.66153846153846
id280,1985,5,0,1980,NA,NA,NA,NA,NA,1.66153846153846
id231,1986,5,0,1981,NA,NA,NA,15.7554049235178,NA,1.75342465753425
id231,1997,16,0,1981,NA,NA,NA,13.2165415057085,NA,1.75342465753425
id231,1989,8,0,1981,NA,NA,NA,15.2898199680494,NA,1.75342465753425
id231,1992,11,0,1981,NA,NA,NA,14.206931597809,NA,1.75342465753425
id231,1991,10,0,1981,NA,NA,NA,13.3725398650773,NA,1.75342465753425
id231,1984,3,0,1981,NA,27.7729429590593,NA,14.9649356825681,NA,1.75342465753425
id231,1994,13,0,1981,NA,NA,NA,13.7959631540909,NA,1.75342465753425
id231,1995,14,0,1981,NA,NA,NA,14.107068081756,NA,1.75342465753425
id231,1987,6,0,1981,NA,NA,NA,15.1531401408341,NA,1.75342465753425
id231,1985,4,0,1981,NA,30.278538640753,NA,15.3297273983808,NA,1.75342465753425
id231,1982,1,0,1981,NA,17.4997781901476,NA,NA,NA,1.75342465753425
id231,1990,9,0,1981,NA,NA,NA,14.1963646224832,NA,1.75342465753425
id231,1996,15,0,1981,NA,NA,NA,14.537280283076,NA,1.75342465753425
id231,1981,0,0,1981,NA,NA,NA,NA,NA,1.75342465753425
id231,1993,12,0,1981,NA,NA,NA,14.5846926513459,NA,1.75342465753425
id231,1988,7,0,1981,NA,NA,NA,NA,NA,1.75342465753425
id231,1983,2,0,1981,NA,25.1025656836919,NA,NA,NA,1.75342465753425
id223,1990,8,0,1982,NA,NA,NA,14.4376179801539,NA,1.93103448275862
id223,1983,1,0,1982,NA,10.2346761353104,NA,NA,NA,1.93103448275862
id223,1993,11,0,1982,NA,NA,NA,14.2595104040997,NA,1.93103448275862
id223,1992,10,0,1982,NA,NA,NA,14.1993670355388,NA,1.93103448275862
id223,1994,12,0,1982,NA,NA,NA,13.7953273997158,NA,1.93103448275862
id223,1989,7,0,1982,NA,NA,NA,14.7513461930816,NA,1.93103448275862
id223,1996,14,0,1982,NA,NA,NA,13.6387344194933,NA,1.93103448275862
id223,1986,4,0,1982,NA,23.489946662822,NA,15.949854540356,NA,1.93103448275862
id223,1987,5,0,1982,NA,NA,NA,14.9345858889793,NA,1.93103448275862
id223,1985,3,0,1982,NA,NA,NA,NA,NA,1.93103448275862
id223,1988,6,0,1982,NA,NA,NA,14.0909130485951,NA,1.93103448275862
id223,1991,9,0,1982,NA,NA,NA,13.5707481407036,NA,1.93103448275862
id223,1984,2,0,1982,NA,17.8370385306147,NA,14.6400134739976,NA,1.93103448275862
id223,1982,0,0,1982,NA,NA,NA,NA,NA,1.93103448275862
id223,1995,13,0,1982,NA,NA,NA,13.4328124180709,NA,1.93103448275862
id680,1983,0,1,1983,NA,NA,NA,NA,0.311111111111111,NA
id680,1984,1,1,1983,26.4136115035755,NA,NA,NA,0.311111111111111,NA
id98,1985,2,1,1983,34.3008794874395,NA,22.4665244692352,NA,1.86666666666667,NA
id98,1987,4,1,1983,67.8207285895449,NA,41.5696024110004,NA,1.86666666666667,NA
id98,1988,5,1,1983,NA,NA,43.6726917253938,NA,1.86666666666667,NA
id98,1986,3,1,1983,53.7400369218464,NA,35.0431307777806,NA,1.86666666666667,NA
id98,1984,1,1,1983,27.0384845645338,NA,NA,NA,1.86666666666667,NA
id98,1989,6,1,1983,NA,NA,40.3992261521439,NA,1.86666666666667,NA
id792,1985,0,1,1985,NA,NA,NA,NA,0,NA
id692,1986,0,1,1986,NA,NA,NA,NA,0,NA
id489,1990,3,1,1987,57.9493228442178,NA,34.1935545694375,NA,0.802325581395349,NA
id489,1989,2,1,1987,42.9467531312055,NA,28.4774498599436,NA,0.802325581395349,NA
id489,1987,0,1,1987,NA,NA,NA,NA,0.802325581395349,NA
id489,1988,1,1,1987,26.9891836986543,NA,NA,NA,0.802325581395349,NA
id194,1988,1,1,1987,26.0629578591429,NA,NA,NA,1.87209302325581,NA
id194,1989,2,1,1987,41.4124302492041,NA,28.4203994556815,NA,1.87209302325581,NA
id940,1991,2,0,1989,NA,17.8269413725661,NA,13.8856663440349,NA,1.36686390532544
id940,1996,7,0,1989,NA,NA,NA,14.7506541168863,NA,1.36686390532544
id940,1989,0,0,1989,NA,NA,NA,NA,NA,1.36686390532544
id940,1992,3,0,1989,NA,22.3095487677151,NA,14.9696631050669,NA,1.36686390532544
id940,1990,1,0,1989,NA,8.99324324936735,NA,NA,NA,1.36686390532544
id940,1993,4,0,1989,NA,23.2147136264272,NA,14.8056602019259,NA,1.36686390532544
id940,1995,6,0,1989,NA,NA,NA,NA,NA,1.36686390532544
id940,1994,5,0,1989,NA,NA,NA,14.231067537735,NA,1.36686390532544
id170,1990,0,1,1990,NA,NA,NA,NA,1.8,NA
id170,1991,1,1,1990,20.1212667243915,NA,NA,NA,1.8,NA
id170,1996,6,1,1990,NA,NA,39.1168720716772,NA,1.8,NA
id170,1995,5,1,1990,NA,NA,36.9632019820689,NA,1.8,NA
id170,1993,3,1,1990,45.1345222874881,NA,28.2869299181125,NA,1.8,NA
id170,1994,4,1,1990,52.997596989134,NA,32.7773733696924,NA,1.8,NA
id170,1992,2,1,1990,34.2626842574836,NA,23.6565031707951,NA,1.8,NA
id486,1991,0,1,1991,NA,NA,NA,NA,0,NA
id71,1992,1,1,1991,21.9998814409368,NA,NA,NA,2.65714285714286,NA
id392,1993,0,0,1993,NA,NA,NA,NA,NA,0
id216,1974,1,0,1973,NA,NA,NA,NA,NA,0.2
id216,1973,0,0,1973,NA,NA,NA,NA,NA,0.2
id759,1975,0,1,1975,NA,NA,NA,NA,0,NA
id534,1977,1,1,1976,25.1492741596161,NA,NA,NA,0.823529411764706,NA
id534,1978,2,1,1976,41.1515686050345,NA,26.0543955171829,NA,0.823529411764706,NA
id534,1976,0,1,1976,NA,NA,NA,NA,0.823529411764706,NA
id534,1979,3,1,1976,58.7527971608351,NA,35.0887484122503,NA,0.823529411764706,NA
id534,1980,4,1,1976,80.7491265023804,NA,45.3083458802358,NA,0.823529411764706,NA
id1102,1981,3,1,1978,64.2053379589817,NA,35.9351291446342,NA,1.05882352941176,NA
id1102,1979,1,1,1978,28.6186381858439,NA,NA,NA,1.05882352941176,NA
id1102,1980,2,1,1978,57.2491265023804,NA,33.9083458802358,NA,1.05882352941176,NA
id1102,1978,0,1,1978,NA,NA,NA,NA,1.05882352941176,NA
id1047,1980,1,1,1979,29.5597509240987,NA,NA,NA,1.09090909090909,NA
id1047,1981,2,1,1979,52.9953238670124,NA,32.594966942879,NA,1.09090909090909,NA
id1047,1979,0,1,1979,NA,NA,NA,NA,1.09090909090909,NA
id1047,1983,4,1,1979,82.9347396448826,NA,42.6594749814835,NA,1.09090909090909,NA
id1047,1982,3,1,1979,66.6514899925398,NA,37.1946729129613,NA,1.09090909090909,NA
id778,1985,5,0,1980,NA,NA,NA,14.0584403745782,NA,0.969230769230769
id778,1981,1,0,1980,NA,14.7789970343136,NA,NA,NA,0.969230769230769
id778,1986,6,0,1980,NA,NA,NA,14.4411504771966,NA,0.969230769230769
id778,1980,0,0,1980,NA,NA,NA,NA,NA,0.969230769230769
id778,1983,3,0,1980,NA,21.7680763760554,NA,13.2266682188279,NA,0.969230769230769
id778,1984,4,0,1980,NA,22.4344891888025,NA,14.0255377114302,NA,0.969230769230769
id778,1982,2,0,1980,NA,18.4785817311654,NA,13.1424468437546,NA,0.969230769230769
id778,1987,7,0,1980,NA,NA,NA,13.2367563641179,NA,0.969230769230769
id533,1988,7,1,1981,NA,NA,42.4141793515333,NA,1.92857142857143,NA
id533,1982,1,1,1981,22.0139433902396,NA,NA,NA,1.92857142857143,NA
id533,1983,2,1,1981,40.5378209779505,NA,26.6361428186209,NA,1.92857142857143,NA
id533,1981,0,1,1981,NA,NA,NA,NA,1.92857142857143,NA
id533,1985,4,1,1981,67.6881382970206,NA,37.3799665570038,NA,1.92857142857143,NA
id533,1989,8,1,1981,NA,NA,42.7606581526166,NA,1.92857142857143,NA
id1061,1982,0,1,1982,NA,NA,NA,NA,0.297297297297297,NA
id634,1983,0,0,1983,NA,NA,NA,NA,NA,0
id753,1984,0,1,1984,NA,NA,NA,NA,0,NA
id677,1986,1,0,1985,NA,10.8108164810203,NA,NA,NA,1.3
id677,1992,7,0,1985,NA,NA,NA,13.1370338683664,NA,1.3
id677,1985,0,0,1985,NA,NA,NA,NA,NA,1.3
id677,1987,2,0,1985,NA,20.4012995709214,NA,12.020630243582,NA,1.3
id677,1993,8,0,1985,NA,NA,NA,12.5086992236456,NA,1.3
id677,1988,3,0,1985,NA,23.1723375873323,NA,11.7687576892771,NA,1.3
id677,1990,5,0,1985,NA,NA,NA,12.6284174226619,NA,1.3
id677,1991,6,0,1985,NA,NA,NA,12.1942109282084,NA,1.3
id677,1989,4,0,1985,NA,24.7340848683181,NA,12.5513461930816,NA,1.3
id154,1991,5,1,1986,NA,NA,40.0740260660607,NA,1.09756097560976,NA
id154,1988,2,1,1986,42.2756721274668,NA,29.3066357562889,NA,1.09756097560976,NA
id154,1987,1,1,1986,26.336863453122,NA,NA,NA,1.09756097560976,NA
id154,1986,0,1,1986,NA,NA,NA,NA,1.09756097560976,NA
id154,1989,3,1,1986,54.6037123591368,NA,34.3568008139631,NA,1.09756097560976,NA
id184,1987,1,1,1986,24.0258278013042,NA,NA,NA,0.878048780487805,NA
id29,1988,0,1,1988,NA,NA,NA,NA,0,NA
id558,1991,3,0,1988,NA,22.3402024086903,NA,14.413565549168,NA,0.857142857142857
id558,1989,1,0,1988,NA,14.5158678566281,NA,NA,NA,0.857142857142857
id558,1993,5,0,1988,NA,NA,NA,15.5587349783429,NA,0.857142857142857
id558,1992,4,0,1988,NA,26.0409464222025,NA,15.8982975863923,NA,0.857142857142857
id558,1990,2,0,1988,NA,20.9954295130252,NA,14.4084888864433,NA,0.857142857142857
id471,1990,0,0,1990,NA,NA,NA,NA,NA,0.264367816091954
id471,1991,1,0,1990,NA,14.9074553465497,NA,NA,NA,0.264367816091954
id210,1991,0,0,1991,NA,NA,NA,NA,NA,0.333333333333333
id1122,1992,0,0,1992,NA,NA,NA,NA,NA,0
id474,1993,0,0,1993,NA,NA,NA,NA,NA,0
id483,1976,3,1,1973,51.8864806840408,NA,31.6861086163323,NA,2.34782608695652,NA
id483,1975,2,1,1973,32.3068893151657,NA,21.7189588989049,NA,2.34782608695652,NA
id483,1984,11,1,1973,NA,NA,41.1013846220847,NA,2.34782608695652,NA
id483,1982,9,1,1973,NA,NA,42.4325388091335,NA,2.34782608695652,NA
id483,1978,5,1,1973,NA,NA,37.2685355891807,NA,2.34782608695652,NA
id483,1977,4,1,1973,61.3663182179541,NA,35.6038118270758,NA,2.34782608695652,NA
id483,1974,1,1,1973,NA,NA,NA,NA,2.34782608695652,NA
id483,1973,0,1,1973,NA,NA,NA,NA,2.34782608695652,NA
id483,1983,10,1,1973,NA,NA,41.9094749814835,NA,2.34782608695652,NA
id483,1979,6,1,1973,NA,NA,42.0514795901289,NA,2.34782608695652,NA
id483,1981,8,1,1973,NA,NA,37.7083139982685,NA,2.34782608695652,NA
id373,1975,1,0,1974,NA,12.9224358802691,NA,NA,NA,0.933333333333333
id373,1977,3,0,1974,NA,24.3600693954751,NA,13.1528913054917,NA,0.933333333333333
id373,1974,0,0,1974,NA,NA,NA,NA,NA,0.933333333333333
id373,1976,2,0,1974,NA,25.6073459264424,NA,13.9179441396685,NA,0.933333333333333
id373,1978,4,0,1974,NA,26.1385031289133,NA,14.5172856633332,NA,0.933333333333333
id847,1976,6,0,1970,NA,NA,NA,NA,NA,1.07692307692308
id847,1977,7,0,1970,NA,NA,NA,13.7071821742015,NA,1.07692307692308
id235,1979,3,0,1976,NA,15.020906464365,NA,12.4877816116867,NA,0.918367346938776
id235,1976,0,0,1976,NA,NA,NA,NA,NA,0.918367346938776
id235,1978,2,0,1976,NA,NA,NA,10.0108377776484,NA,0.918367346938776
id235,1977,1,0,1976,NA,10.4455703403024,NA,NA,NA,0.918367346938776
id1052,1978,0,1,1978,NA,NA,NA,NA,1.05882352941176,NA
id1052,1979,1,1,1978,21.3470952979992,NA,NA,NA,1.05882352941176,NA
id4,1979,0,1,1979,NA,NA,NA,NA,1.36363636363636,NA
id4,1983,4,1,1979,80.6858618826759,NA,42.4274584784966,NA,1.36363636363636,NA
id4,1980,1,1,1979,24.1899520321593,NA,NA,NA,1.36363636363636,NA
id4,1984,5,1,1979,NA,NA,44.1398852207804,NA,1.36363636363636,NA
id4,1982,3,1,1979,68.0597697174705,NA,39.7277242023009,NA,1.36363636363636,NA
id4,1981,2,1,1979,48.7549370634139,NA,31.2367710707181,NA,1.36363636363636,NA
id317,1980,0,1,1980,NA,NA,NA,NA,0,NA
id1107,1982,1,1,1981,24.4414714869943,NA,NA,NA,0.214285714285714,NA
id1107,1981,0,1,1981,NA,NA,NA,NA,0.214285714285714,NA
id803,1987,6,0,1981,NA,NA,NA,15.4313391578192,NA,1.20547945205479
id803,1983,2,0,1981,NA,25.5289417449494,NA,14.2421135703911,NA,1.20547945205479
id803,1988,7,0,1981,NA,NA,NA,14.332369665616,NA,1.20547945205479
id803,1986,5,0,1981,NA,NA,NA,15.3339690615114,NA,1.20547945205479
id803,1985,4,0,1981,NA,29.1020243647556,NA,14.9245460543506,NA,1.20547945205479
id803,1982,1,0,1981,NA,19.0315503830764,NA,NA,NA,1.20547945205479
id803,1991,10,0,1981,NA,NA,NA,14.1901693281311,NA,1.20547945205479
id803,1984,3,0,1981,NA,28.4534442266262,NA,15.1830584553911,NA,1.20547945205479
id803,1990,9,0,1981,NA,NA,NA,14.0910394021633,NA,1.20547945205479
id803,1989,8,0,1981,NA,NA,NA,13.6086967800968,NA,1.20547945205479
id803,1992,11,0,1981,NA,NA,NA,14.7118548877158,NA,1.20547945205479
id926,1984,1,1,1983,36.9921221720051,NA,NA,NA,0.622222222222222,NA
id926,1983,0,1,1983,NA,NA,NA,NA,0.622222222222222,NA
id99,1988,4,1,1984,74.2359692607741,NA,42.8792811263309,NA,2.85714285714286,NA
id99,1984,0,1,1984,NA,NA,NA,NA,2.85714285714286,NA
id99,1986,2,1,1984,46.0106377694643,NA,32.4674093283899,NA,2.85714285714286,NA
id99,1990,6,1,1984,NA,NA,NA,NA,2.85714285714286,NA
id99,1985,1,1,1984,22.2073653788881,NA,NA,NA,2.85714285714286,NA
id99,1989,5,1,1984,NA,NA,43.089238888683,NA,2.85714285714286,NA
id217,1985,0,0,1985,NA,NA,NA,NA,NA,0.1625
id217,1986,1,0,1985,NA,7.95232250582152,NA,NA,NA,0.1625
id492,1992,6,0,1986,NA,NA,NA,15.740776193629,NA,0.8125
id492,1987,1,0,1986,NA,13.2444968894995,NA,NA,NA,0.8125
id492,1990,4,0,1986,NA,26.042095162634,NA,15.7166552850675,NA,0.8125
id492,1989,3,0,1986,NA,NA,NA,NA,NA,0.8125
id492,1991,5,0,1986,NA,NA,NA,15.6223243290365,NA,0.8125
id492,1986,0,0,1986,NA,NA,NA,NA,NA,0.8125
id492,1988,2,0,1986,NA,18.9739369079973,NA,14.2222057990887,NA,0.8125
id152,1989,3,1,1986,43.2971558381524,NA,29.1933995414975,NA,1.09756097560976,NA
id152,1988,2,1,1986,27.6727395594403,NA,21.0134685518003,NA,1.09756097560976,NA
id152,1987,1,1,1986,10.8117802124828,NA,NA,NA,1.09756097560976,NA
id152,1991,5,1,1986,NA,NA,36.3561352585488,NA,1.09756097560976,NA
id152,1990,4,1,1986,54.4178263411745,NA,34.220870492157,NA,1.09756097560976,NA
id757,1990,3,1,1987,46.4480457197102,NA,31.0934494414467,NA,1.6046511627907,NA
id757,1991,4,1,1987,57.6049070542087,NA,35.3241882935004,NA,1.6046511627907,NA
id757,1988,1,1,1987,22.4055824943724,NA,NA,NA,1.6046511627907,NA
id757,1989,2,1,1987,36.9336087700588,NA,25.3214214413293,NA,1.6046511627907,NA
id757,1992,5,1,1987,NA,NA,39.2545775895412,NA,1.6046511627907,NA
id954,1989,0,1,1989,NA,NA,NA,NA,0,NA
id1089,1990,0,1,1990,NA,NA,NA,NA,0,NA
id299,1996,5,1,1991,NA,NA,37.1056561440075,NA,2.65714285714286,NA
id299,1993,2,1,1991,33.6111998854438,NA,22.2252349864742,NA,2.65714285714286,NA
id299,1991,0,1,1991,NA,NA,NA,NA,2.65714285714286,NA
id299,1997,6,1,1991,NA,NA,36.7584492730859,NA,2.65714285714286,NA
id299,1995,4,1,1991,57.0768032916411,NA,33.998723562126,NA,2.65714285714286,NA
id299,1992,1,1,1991,22.1465971285226,NA,NA,NA,2.65714285714286,NA
id299,1994,3,1,1991,43.7432719751005,NA,24.6235877845411,NA,2.65714285714286,NA
id197,1992,0,0,1992,NA,NA,NA,NA,NA,1.21428571428571
id197,1993,1,0,1992,NA,9.43498142523609,NA,NA,NA,1.21428571428571
id21,1993,0,0,1993,NA,NA,NA,NA,NA,0
id824,1979,11,1,1968,NA,NA,43.0387484122503,NA,NA,NA
id824,1981,13,1,1968,NA,NA,37.5793119809808,NA,NA,NA
id824,1978,10,1,1968,NA,NA,39.9334121156234,NA,NA,NA
id320,1975,4,0,1971,NA,18.8888704422813,NA,NA,NA,0.666666666666667
id383,1973,0,0,1973,NA,NA,NA,NA,NA,0
id767,1974,0,0,1974,NA,NA,NA,NA,NA,0.7
id767,1976,2,0,1974,NA,15.2277305006565,NA,10.823929954732,NA,0.7
id767,1977,3,0,1974,NA,22.2474392240621,NA,13.644740610772,NA,0.7
id767,1975,1,0,1974,NA,8.04895755229431,NA,NA,NA,0.7
id748,1977,2,0,1975,NA,23.7257818038274,NA,13.8301176923934,NA,0.964912280701754
id748,1975,0,0,1975,NA,NA,NA,NA,NA,0.964912280701754
id748,1979,4,0,1975,NA,21.4857109640108,NA,13.3685735172875,NA,0.964912280701754
id748,1978,3,0,1975,NA,20.6446346857321,NA,13.5139594135803,NA,0.964912280701754
id748,1980,5,0,1975,NA,NA,NA,13.6748490873388,NA,0.964912280701754
id748,1976,1,0,1975,NA,7.36048251279842,NA,NA,NA,0.964912280701754
id957,1980,4,0,1976,NA,22.8472025532733,NA,11.6537260835329,NA,1.83673469387755
id957,1978,2,0,1976,NA,16.0711561799074,NA,NA,NA,1.83673469387755
id957,1981,5,0,1976,NA,NA,NA,11.1969695221739,NA,1.83673469387755
id957,1979,3,0,1976,NA,21.3682138385998,NA,11.7142977377258,NA,1.83673469387755
id957,1982,6,0,1976,NA,NA,NA,11.8040864606607,NA,1.83673469387755
id957,1977,1,0,1976,NA,8.51655841371208,NA,NA,NA,1.83673469387755
id957,1976,0,0,1976,NA,NA,NA,NA,NA,1.83673469387755
id350,1980,2,1,1978,48.5998004976791,NA,28.725763314593,NA,2.11764705882353,NA
id350,1978,0,1,1978,NA,NA,NA,NA,2.11764705882353,NA
id350,1984,6,1,1978,NA,NA,42.3279562573143,NA,2.11764705882353,NA
id350,1979,1,1,1978,15.2331869917371,NA,NA,NA,2.11764705882353,NA
id350,1981,3,1,1978,56.3387780753495,NA,27.9049989884704,NA,2.11764705882353,NA
id350,1982,4,1,1978,74.8845907504559,NA,38.5663478260714,NA,2.11764705882353,NA
id350,1983,5,1,1978,NA,NA,42.0161428302335,NA,2.11764705882353,NA
id1040,1984,4,1,1980,75.0662102023213,NA,41.6178693547022,NA,1.09090909090909,NA
id1040,1980,0,1,1980,NA,NA,NA,NA,1.09090909090909,NA
id1040,1983,3,1,1980,63.2110345618833,NA,37.9263235274126,NA,1.09090909090909,NA
id1040,1982,2,1,1980,47.7101203998131,NA,30.7839267711752,NA,1.09090909090909,NA
id1040,1981,1,1,1980,29.4135375370967,NA,NA,NA,1.09090909090909,NA
id146,1987,6,1,1981,NA,NA,44.6495951684216,NA,1.5,NA
id146,1982,1,1,1981,22.8381464433334,NA,NA,NA,1.5,NA
id146,1983,2,1,1981,40.1462880236161,NA,27.4329174255683,NA,1.5,NA
id146,1985,4,1,1981,66.3148344439478,NA,37.2011657905634,NA,1.5,NA
id146,1984,3,1,1981,55.3331136490272,NA,34.5638279884161,NA,1.5,NA
id146,1986,5,1,1981,NA,NA,44.5711181589615,NA,1.5,NA
id146,1981,0,1,1981,NA,NA,NA,NA,1.5,NA
id960,1990,8,0,1982,NA,NA,NA,13.8715366150241,NA,2.06896551724138
id960,1992,10,0,1982,NA,NA,NA,14.0697026252191,NA,2.06896551724138
id960,1995,13,0,1982,NA,NA,NA,13.0074088705112,NA,2.06896551724138
id960,1988,6,0,1982,NA,NA,NA,13.4218641672645,NA,2.06896551724138
id960,1991,9,0,1982,NA,NA,NA,13.3226931038863,NA,2.06896551724138
id960,1996,14,0,1982,NA,NA,NA,13.2163647625525,NA,2.06896551724138
id960,1985,3,0,1982,NA,23.8016179828702,NA,14.2543918445519,NA,2.06896551724138
id960,1986,4,0,1982,NA,24.8395639994118,NA,15.0794547712328,NA,2.06896551724138
id960,1994,12,0,1982,NA,NA,NA,13.2140159693934,NA,2.06896551724138
id960,1982,0,0,1982,NA,NA,NA,NA,NA,2.06896551724138
id960,1984,2,0,1982,NA,20.52929594985,NA,14.1402550966756,NA,2.06896551724138
id960,1997,15,0,1982,NA,NA,NA,12.9024524164811,NA,2.06896551724138
id960,1993,11,0,1982,NA,NA,NA,13.5554337020678,NA,2.06896551724138
id960,1983,1,0,1982,NA,13.5298784494437,NA,NA,NA,2.06896551724138
id960,1987,5,0,1982,NA,NA,NA,14.5969511148716,NA,2.06896551724138
id960,1989,7,0,1982,NA,NA,NA,13.9898199680494,NA,2.06896551724138
id656,1983,0,1,1983,NA,NA,NA,NA,0,NA
id322,1990,6,0,1984,NA,NA,NA,14.1919995315362,NA,2.46153846153846
id322,1994,10,0,1984,NA,NA,NA,14.4925425147075,NA,2.46153846153846
id322,1992,8,0,1984,NA,NA,NA,15.1322194779554,NA,2.46153846153846
id322,1986,2,0,1984,NA,20.0326972585749,NA,13.9114016443451,NA,2.46153846153846
id322,1996,12,0,1984,NA,NA,NA,14.096020231951,NA,2.46153846153846
id322,1993,9,0,1984,NA,NA,NA,14.5460063896332,NA,2.46153846153846
id322,1985,1,0,1984,NA,16.8480991416509,NA,NA,NA,2.46153846153846
id322,1997,13,0,1984,NA,NA,NA,13.4580192496632,NA,2.46153846153846
id322,1991,7,0,1984,NA,NA,NA,14.1394043516655,NA,2.46153846153846
id322,1987,3,0,1984,NA,25.5131656414815,NA,14.6938802665415,NA,2.46153846153846
id322,1984,0,0,1984,NA,NA,NA,NA,NA,2.46153846153846
id322,1989,5,0,1984,NA,NA,NA,15.0898199680494,NA,2.46153846153846
id322,1988,4,0,1984,NA,25.5109596068441,NA,13.9643586787893,NA,2.46153846153846
id322,1998,14,0,1984,NA,NA,NA,13.7038013678941,NA,2.46153846153846
id322,1995,11,0,1984,NA,NA,NA,14.1045094738145,NA,2.46153846153846
id840,1985,0,1,1985,NA,NA,NA,NA,0,NA
id1006,1986,1,1,1985,21.7574302293179,NA,NA,NA,2.21965317919075,NA
id454,1988,1,0,1987,NA,13.0097817877148,NA,NA,NA,0.288888888888889
id454,1989,2,0,1987,NA,16.4797370520303,NA,13.3321451023942,NA,0.288888888888889
id454,1987,0,0,1987,NA,NA,NA,NA,NA,0.288888888888889
id613,1989,2,1,1987,32.6965971464485,NA,24.4690769090481,NA,0.534883720930233,NA
id613,1988,1,1,1987,22.8802420835233,NA,NA,NA,0.534883720930233,NA
id517,1993,4,0,1989,NA,23.8481137818905,NA,14.661951248469,NA,1.17159763313609
id517,1992,3,0,1989,NA,23.161272439205,NA,14.37964875425,NA,1.17159763313609
id517,1994,5,0,1989,NA,NA,NA,13.8029719296086,NA,1.17159763313609
id517,1989,0,0,1989,NA,NA,NA,NA,NA,1.17159763313609
id517,1991,2,0,1989,NA,20.2233692404484,NA,13.2411817665323,NA,1.17159763313609
id517,1995,6,0,1989,NA,NA,NA,13.7580638634833,NA,1.17159763313609
id517,1990,1,0,1989,NA,12.1306969020069,NA,NA,NA,1.17159763313609
id481,1991,1,1,1990,18.1817438941606,NA,NA,NA,0.3,NA
id481,1990,0,1,1990,NA,NA,NA,NA,0.3,NA
id1133,1999,8,0,1991,NA,NA,NA,12.28925097619,NA,2.66666666666667
id1133,1995,4,0,1991,NA,23.5297199273387,NA,13.3460453950527,NA,2.66666666666667
id1133,1991,0,0,1991,NA,NA,NA,NA,NA,2.66666666666667
id1133,1996,5,0,1991,NA,NA,NA,12.9389233126878,NA,2.66666666666667
id1133,1994,3,0,1991,NA,20.7857955564941,NA,12.6585670642522,NA,2.66666666666667
id1133,1998,7,0,1991,NA,NA,NA,12.7031113464909,NA,2.66666666666667
id1133,1997,6,0,1991,NA,NA,NA,NA,NA,2.66666666666667
id1133,1992,1,0,1991,NA,8.71144294385631,NA,NA,NA,2.66666666666667
id673,1992,0,1,1992,NA,NA,NA,NA,NaN,NA
id932,1993,0,0,1993,NA,NA,NA,NA,NA,0
id986,1975,3,0,1972,NA,NA,NA,NA,NA,0.625
id986,1973,1,0,1972,NA,NA,NA,NA,NA,0.625
id307,1977,4,1,1973,67.9946244558084,NA,35.9597159810216,NA,0.782608695652174,NA
id307,1975,2,1,1973,41.7980917817965,NA,25.4573105692629,NA,0.782608695652174,NA
id307,1974,1,1,1973,NA,NA,NA,NA,0.782608695652174,NA
id892,1976,5,1,1971,NA,NA,37.7069770772414,NA,0.869565217391304,NA
id892,1975,4,1,1971,71.2053706293911,NA,35.7059636554799,NA,0.869565217391304,NA
id78,1977,2,0,1975,NA,20.3717001854054,NA,13.6015015203178,NA,0.578947368421053
id78,1976,1,0,1975,NA,14.2221231346211,NA,NA,NA,0.578947368421053
id78,1978,3,0,1975,NA,22.7764885813377,NA,13.2905503290422,NA,0.578947368421053
id442,1977,1,0,1976,NA,14.1362226097852,NA,NA,NA,0.918367346938776
id442,1979,3,0,1976,NA,23.9213050235323,NA,14.4329510995958,NA,0.918367346938776
id442,1978,2,0,1976,NA,16.6290442774719,NA,11.898630042729,NA,0.918367346938776
id895,1982,4,0,1978,NA,24.268841941722,NA,13.9745324563607,NA,1.28440366972477
id895,1988,10,0,1978,NA,NA,NA,13.166196019668,NA,1.28440366972477
id895,1987,9,0,1978,NA,NA,NA,13.8474744848169,NA,1.28440366972477
id895,1984,6,0,1978,NA,NA,NA,14.3304282066395,NA,1.28440366972477
id895,1978,0,0,1978,NA,NA,NA,NA,NA,1.28440366972477
id895,1985,7,0,1978,NA,NA,NA,14.1960991573803,NA,1.28440366972477
id895,1986,8,0,1978,NA,NA,NA,14.8450811955402,NA,1.28440366972477
id895,1979,1,0,1978,NA,14.4988289531778,NA,NA,NA,1.28440366972477
id895,1981,3,0,1978,NA,23.852498398018,NA,14.4563686031733,NA,1.28440366972477
id895,1983,5,0,1978,NA,NA,NA,13.802143621027,NA,1.28440366972477
id895,1980,2,0,1978,NA,21.2322910053482,NA,14.1435531320455,NA,1.28440366972477
id672,1983,5,0,1978,NA,NA,NA,14.7588172655507,NA,1.79816513761468
id672,1991,13,0,1978,NA,NA,NA,14.7615147305361,NA,1.79816513761468
id672,1985,7,0,1978,NA,NA,NA,15.058891990782,NA,1.79816513761468
id672,1990,12,0,1978,NA,NA,NA,13.6585083090427,NA,1.79816513761468
id672,1989,11,0,1978,NA,NA,NA,NA,NA,1.79816513761468
id672,1992,14,0,1978,NA,NA,NA,15.1728483209562,NA,1.79816513761468
id672,1987,9,0,1978,NA,NA,NA,15.2335128554278,NA,1.79816513761468
id672,1986,8,0,1978,NA,NA,NA,15.2725195633215,NA,1.79816513761468
id672,1982,4,0,1978,NA,24.8345278797031,NA,14.3072976293434,NA,1.79816513761468
id672,1984,6,0,1978,NA,NA,NA,14.991715876885,NA,1.79816513761468
id672,1980,2,0,1978,NA,22.2551517280689,NA,14.2787072538722,NA,1.79816513761468
id672,1981,3,0,1978,NA,23.915041229984,NA,14.0197621628696,NA,1.79816513761468
id672,1988,10,0,1978,NA,NA,NA,13.5871656864102,NA,1.79816513761468
id672,1979,1,0,1978,NA,17.4860530239694,NA,NA,NA,1.79816513761468
id147,1980,0,1,1980,NA,NA,NA,NA,0,NA
id256,1981,1,1,1980,30.1222983226854,NA,NA,NA,1.09090909090909,NA
id256,1982,2,1,1980,43.8473466653635,NA,28.3183733111005,NA,1.09090909090909,NA
id256,1984,4,1,1980,68.0181887836026,NA,39.1031921589113,NA,1.09090909090909,NA
id256,1983,3,1,1980,56.5610318034994,NA,33.5336584220741,NA,1.09090909090909,NA
id590,1982,0,0,1982,NA,NA,NA,NA,NA,0
id326,1986,3,1,1983,66.7858375128748,NA,39.2278352876495,NA,1.86666666666667,NA
id326,1988,5,1,1983,NA,NA,42.2997647336571,NA,1.86666666666667,NA
id326,1984,1,1,1983,29.1067688678919,NA,NA,NA,1.86666666666667,NA
id326,1987,4,1,1983,76.3394003159753,NA,41.1530099526351,NA,1.86666666666667,NA
id326,1983,0,1,1983,NA,NA,NA,NA,1.86666666666667,NA
id326,1985,2,1,1983,46.1949696574858,NA,29.4403804378938,NA,1.86666666666667,NA
id326,1989,6,1,1983,NA,NA,43.3769872266837,NA,1.86666666666667,NA
id652,1984,1,0,1983,NA,14.4837338573186,NA,NA,NA,0.731707317073171
id652,1986,3,0,1983,NA,23.8226474315563,NA,14.8219819746576,NA,0.731707317073171
id652,1985,2,0,1983,NA,21.2599105983816,NA,14.1476413420678,NA,0.731707317073171
id39,1987,3,0,1984,NA,20.9412066908457,NA,13.3910965946738,NA,1.40659340659341
id39,1988,4,0,1984,NA,NA,NA,NA,NA,1.40659340659341
id39,1989,5,0,1984,NA,NA,NA,13.909353956215,NA,1.40659340659341
id39,1986,2,0,1984,NA,20.6869218408949,NA,14.5040811399025,NA,1.40659340659341
id39,1991,7,0,1984,NA,NA,NA,13.7274983587976,NA,1.40659340659341
id39,1990,6,0,1984,NA,NA,NA,13.3494486340033,NA,1.40659340659341
id39,1985,1,0,1984,NA,15.3631152699342,NA,NA,NA,1.40659340659341
id39,1992,8,0,1984,NA,NA,NA,13.8996559631127,NA,1.40659340659341
id902,1987,2,0,1985,NA,19.984938324467,NA,14.8633641153236,NA,1.95
id902,1986,1,0,1985,NA,14.6148883807105,NA,NA,NA,1.95
id902,1988,3,0,1985,NA,22.0134616832753,NA,14.406924794106,NA,1.95
id902,1990,5,0,1985,NA,NA,NA,14.4594258251938,NA,1.95
id902,1989,4,0,1985,NA,24.1080848685285,NA,15.309353956215,NA,1.95
id902,1991,6,0,1985,NA,NA,NA,13.659359636303,NA,1.95
id902,1994,9,0,1985,NA,NA,NA,14.004421231799,NA,1.95
id902,1992,7,0,1985,NA,NA,NA,14.3353448067311,NA,1.95
id902,1995,10,0,1985,NA,NA,NA,13.7696747410561,NA,1.95
id902,1996,11,0,1985,NA,NA,NA,14.0773212367424,NA,1.95
id902,1993,8,0,1985,NA,NA,NA,14.6548397971731,NA,1.95
id902,1997,12,0,1985,NA,NA,NA,NA,NA,1.95
id697,1986,1,1,1985,26.4190549964589,NA,NA,NA,1.10982658959538,NA
id697,1987,2,1,1985,43.9404390326073,NA,28.2754875086872,NA,1.10982658959538,NA
id697,1989,4,1,1985,74.9994952328617,NA,37.7468662324526,NA,1.10982658959538,NA
id697,1988,3,1,1985,59.274977181831,NA,36.0596655654538,NA,1.10982658959538,NA
id602,1987,1,1,1986,21.8539441411838,NA,NA,NA,0.658536585365854,NA
id366,1988,0,0,1988,NA,NA,NA,NA,NA,1.14285714285714
id366,1989,1,0,1988,NA,8.30766735160909,NA,NA,NA,1.14285714285714
id366,1995,7,0,1988,NA,NA,NA,15.6571472358731,NA,1.14285714285714
id366,1990,2,0,1988,NA,14.4351588923641,NA,12.8510638576401,NA,1.14285714285714
id366,1996,8,0,1988,NA,NA,NA,15.2643761739114,NA,1.14285714285714
id366,1994,6,0,1988,NA,NA,NA,15.5942231229731,NA,1.14285714285714
id366,1991,3,0,1988,NA,22.346095806075,NA,15.2009405249445,NA,1.14285714285714
id366,1993,5,0,1988,NA,NA,NA,15.6316645664303,NA,1.14285714285714
id366,1992,4,0,1988,NA,25.3115858393468,NA,15.830575856878,NA,1.14285714285714
id777,1989,1,1,1988,24.3873979527638,NA,NA,NA,0.495049504950495,NA
id786,1992,2,0,1990,NA,16.5631172942736,NA,12.6488012176537,NA,1.05747126436782
id786,1990,0,0,1990,NA,NA,NA,NA,NA,1.05747126436782
id786,1994,4,0,1990,NA,22.4732718937131,NA,14.0344926723569,NA,1.05747126436782
id786,1993,3,0,1990,NA,19.4536353648851,NA,13.6579408895571,NA,1.05747126436782
id786,1991,1,0,1990,NA,8.91913734427963,NA,NA,NA,1.05747126436782
id252,1991,0,1,1991,NA,NA,NA,NA,0.885714285714286,NA
id252,1993,2,1,1991,30.7461354907273,NA,20.9868673181372,NA,0.885714285714286,NA
id252,1992,1,1,1991,19.0604477178094,NA,NA,NA,0.885714285714286,NA
id334,1992,0,0,1992,NA,NA,NA,NA,NA,0
id818,1993,0,0,1993,NA,NA,NA,NA,NA,0
id97,1994,0,1,1994,NA,NA,NA,NA,0,NA
id636,1975,4,1,1971,74.5948989120848,NA,37.0905018240363,NA,0.869565217391304,NA
id636,1976,5,1,1971,NA,NA,42.0868860618823,NA,0.869565217391304,NA
id1131,1975,1,1,1974,22.2116359149765,NA,NA,NA,0.75,NA
id739,1979,4,1,1975,69.5527971608351,NA,40.9387484122503,NA,2.33333333333333,NA
id739,1978,3,1,1975,56.3661110104391,NA,31.1424427542335,NA,2.33333333333333,NA
id739,1976,1,1,1975,16.982488498375,NA,NA,NA,2.33333333333333,NA
id739,1975,0,1,1975,NA,NA,NA,NA,2.33333333333333,NA
id739,1977,2,1,1975,41.7943814269592,NA,27.6183973980323,NA,2.33333333333333,NA
id805,1976,0,1,1976,NA,NA,NA,NA,0.205882352941176,NA
id805,1977,1,1,1976,26.9652452367441,NA,NA,NA,0.205882352941176,NA
id292,1982,6,1,1976,NA,NA,38.8355638969156,NA,1.23529411764706,NA
id292,1978,2,1,1976,30.6272842984291,NA,17.459102669404,NA,1.23529411764706,NA
id292,1980,4,1,1976,48.1491265023804,NA,30.7583458802358,NA,1.23529411764706,NA
id846,1979,2,1,1977,75.0362563849574,NA,38.3084323170254,NA,1.71428571428571,NA
id740,1980,0,1,1980,NA,NA,NA,NA,0.818181818181818,NA
id740,1982,2,1,1980,43.1600643791544,NA,27.693398885641,NA,0.818181818181818,NA
id740,1983,3,1,1980,59.5926417993626,NA,33.8547392363224,NA,0.818181818181818,NA
id740,1981,1,1,1980,24.5153791234268,NA,NA,NA,0.818181818181818,NA
id84,1988,7,0,1981,NA,NA,NA,12.876411726278,NA,0.986301369863014
id84,1983,2,0,1981,NA,20.1858130482213,NA,13.3966844293607,NA,0.986301369863014
id84,1987,6,0,1981,NA,NA,NA,13.6740991964716,NA,0.986301369863014
id84,1981,0,0,1981,NA,NA,NA,NA,NA,0.986301369863014
id84,1989,8,0,1981,NA,NA,NA,13.8898199680494,NA,0.986301369863014
id84,1982,1,0,1981,NA,14.1260441590992,NA,NA,NA,0.986301369863014
id84,1986,5,0,1981,NA,NA,NA,14.6972309002146,NA,0.986301369863014
id84,1984,3,0,1981,NA,21.3337156557129,NA,13.6522853388475,NA,0.986301369863014
id84,1985,4,0,1981,NA,24.5702377723747,NA,14.4985661260256,NA,0.986301369863014
id84,1990,9,0,1981,NA,NA,NA,13.5757650796936,NA,0.986301369863014
id68,1982,0,0,1982,NA,NA,NA,NA,NA,1.6551724137931
id68,1991,9,0,1982,NA,NA,NA,13.8218655441767,NA,1.6551724137931
id68,1993,11,0,1982,NA,NA,NA,13.9781189614037,NA,1.6551724137931
id68,1986,4,0,1982,NA,27.3003181629409,NA,15.6719627332186,NA,1.6551724137931
id68,1992,10,0,1982,NA,NA,NA,14.1546069328873,NA,1.6551724137931
id68,1987,5,0,1982,NA,NA,NA,14.7312411753291,NA,1.6551724137931
id68,1983,1,0,1982,NA,14.7390868720213,NA,NA,NA,1.6551724137931
id68,1994,12,0,1982,NA,NA,NA,13.5635211443657,NA,1.6551724137931
id68,1990,8,0,1982,NA,NA,NA,14.0850453053673,NA,1.6551724137931
id68,1984,2,0,1982,NA,22.6494265802564,NA,14.3921803554934,NA,1.6551724137931
id68,1988,6,0,1982,NA,NA,NA,14.2717445510387,NA,1.6551724137931
id68,1985,3,0,1982,NA,25.2196649056501,NA,14.7578499879355,NA,1.6551724137931
id68,1989,7,0,1982,NA,NA,NA,15.160827650141,NA,1.6551724137931
id1132,1983,0,0,1983,NA,NA,NA,NA,NA,0.24390243902439
id1132,1984,1,0,1983,NA,10.4184204987659,NA,NA,NA,0.24390243902439
id425,1984,2,1,1982,35.8333927728113,NA,25.1501755350078,NA,0.891891891891892,NA
id807,1988,3,1,1985,57.5706880382495,NA,37.2726917253938,NA,1.10982658959538,NA
id807,1985,0,1,1985,NA,NA,NA,NA,1.10982658959538,NA
id807,1987,2,1,1985,41.3138236064308,NA,29.5698714917653,NA,1.10982658959538,NA
id807,1989,4,1,1985,72.2691842786469,NA,42.139238888683,NA,1.10982658959538,NA
id807,1986,1,1,1985,24.4585147522477,NA,NA,NA,1.10982658959538,NA
id935,1996,10,0,1986,NA,NA,NA,13.6892879415044,NA,1.76041666666667
id935,1991,5,0,1986,NA,NA,NA,15.1273425393505,NA,1.76041666666667
id935,1992,6,0,1986,NA,NA,NA,14.2584353964701,NA,1.76041666666667
id935,1989,3,0,1986,NA,20.2621495512181,NA,14.6225951675325,NA,1.76041666666667
id935,1997,11,0,1986,NA,NA,NA,13.0617775840655,NA,1.76041666666667
id935,1994,8,0,1986,NA,NA,NA,13.5289836931256,NA,1.76041666666667
id935,1987,1,0,1986,NA,NA,NA,NA,NA,1.76041666666667
id935,1993,7,0,1986,NA,NA,NA,14.0811618841059,NA,1.76041666666667
id935,1995,9,0,1986,NA,NA,NA,13.6300770393688,NA,1.76041666666667
id935,1990,4,0,1986,NA,21.949704222157,NA,13.8721959321112,NA,1.76041666666667
id935,1998,12,0,1986,NA,NA,NA,13.221438907729,NA,1.76041666666667
id935,1988,2,0,1986,NA,17.2036805049036,NA,12.5553348577688,NA,1.76041666666667
id935,1986,0,0,1986,NA,NA,NA,NA,NA,1.76041666666667
id349,1987,0,1,1987,NA,NA,NA,NA,0,NA
id407,1993,5,1,1988,NA,NA,38.4885742575605,NA,1.23762376237624,NA
id407,1989,1,1,1988,19.47736568998,NA,NA,NA,1.23762376237624,NA
id407,1991,3,1,1988,44.5141438357232,NA,31.2936307833621,NA,1.23762376237624,NA
id407,1988,0,1,1988,NA,NA,NA,NA,1.23762376237624,NA
id407,1990,2,1,1988,29.7263344182419,NA,23.7428152696028,NA,1.23762376237624,NA
id316,1990,1,0,1989,NA,10.3841651343712,NA,NA,NA,1.36686390532544
id316,1993,4,0,1989,NA,25.7558343377206,NA,14.7515602359066,NA,1.36686390532544
id316,1991,2,0,1989,NA,19.2330453043206,NA,13.3986937259087,NA,1.36686390532544
id316,1992,3,0,1989,NA,24.6593651696599,NA,14.8299899876141,NA,1.36686390532544
id316,1994,5,0,1989,NA,NA,NA,14.2661295323881,NA,1.36686390532544
id316,1996,7,0,1989,NA,NA,NA,14.1179027775054,NA,1.36686390532544
id316,1995,6,0,1989,NA,NA,NA,13.8686776860644,NA,1.36686390532544
id316,1989,0,0,1989,NA,NA,NA,NA,NA,1.36686390532544
id992,1991,1,0,1990,NA,13.857443705817,NA,NA,NA,2.11494252873563
id992,1992,2,0,1990,NA,17.3823259476878,NA,13.2068606940614,NA,2.11494252873563
id992,1993,3,0,1990,NA,19.498666275986,NA,14.0129729809989,NA,2.11494252873563
id992,1995,5,0,1990,NA,NA,NA,13.9871950362205,NA,2.11494252873563
id992,1990,0,0,1990,NA,NA,NA,NA,NA,2.11494252873563
id992,1998,8,0,1990,NA,NA,NA,13.4917649422916,NA,2.11494252873563
id992,1997,7,0,1990,NA,NA,NA,13.21736379788,NA,2.11494252873563
id992,1996,6,0,1990,NA,NA,NA,14.1792592288365,NA,2.11494252873563
id992,1994,4,0,1990,NA,22.4705622554726,NA,13.9171732737739,NA,2.11494252873563
id999,1991,0,1,1991,NA,NA,NA,NA,0,NA
id638,1992,0,1,1992,NA,NA,NA,NA,NaN,NA
id745,1993,0,0,1993,NA,NA,NA,NA,NA,0
id970,1975,3,0,1972,NA,25.224071405187,NA,NA,NA,1.45833333333333
id970,1977,5,0,1972,NA,NA,NA,14.8089567160495,NA,1.45833333333333
id970,1973,1,0,1972,NA,NA,NA,NA,NA,1.45833333333333
id970,1979,7,0,1972,NA,NA,NA,14.0911980715174,NA,1.45833333333333
id970,1978,6,0,1972,NA,NA,NA,14.1999534730494,NA,1.45833333333333
id970,1976,4,0,1972,NA,25.2931105232516,NA,14.6245550220493,NA,1.45833333333333
id646,1973,0,0,1973,NA,NA,NA,NA,NA,3
id646,1981,8,0,1973,NA,NA,NA,NA,NA,3
id646,1976,3,0,1973,NA,21.6148483819154,NA,13.2482451925581,NA,3
id646,1983,10,0,1973,NA,NA,NA,14.0037482888154,NA,3
id646,1988,15,0,1973,NA,NA,NA,NA,NA,3
id646,1980,7,0,1973,NA,NA,NA,14.0184534844103,NA,3
id646,1975,2,0,1973,NA,19.8025691611168,NA,NA,NA,3
id646,1982,9,0,1973,NA,NA,NA,13.6345223675881,NA,3
id646,1987,14,0,1973,NA,NA,NA,14.9049888736155,NA,3
id646,1984,11,0,1973,NA,NA,NA,14.2859054055966,NA,3
id646,1979,6,0,1973,NA,NA,NA,14.3254011893928,NA,3
id646,1985,12,0,1973,NA,NA,NA,14.3070308170239,NA,3
id646,1986,13,0,1973,NA,NA,NA,15.0676115217246,NA,3
id646,1977,4,0,1973,NA,23.1808507953198,NA,13.1702617106197,NA,3
id1025,1974,0,1,1974,NA,NA,NA,NA,0,NA
id488,1975,1,1,1974,25.335274229675,NA,NA,NA,2.25,NA
id945,1976,0,0,1976,NA,NA,NA,NA,NA,0.918367346938776
id945,1977,1,0,1976,NA,17.1719461811961,NA,NA,NA,0.918367346938776
id945,1978,2,0,1976,NA,22.2575211158622,NA,13.2820371054019,NA,0.918367346938776
id945,1979,3,0,1976,NA,25.6535872975189,NA,14.7212493030069,NA,0.918367346938776
id1036,1986,8,0,1978,NA,NA,NA,15.3227006012269,NA,2.44036697247706
id1036,1993,15,0,1978,NA,NA,NA,15.5732141719945,NA,2.44036697247706
id1036,1982,4,0,1978,NA,27.9373227683756,NA,15.2080962402977,NA,2.44036697247706
id1036,1997,19,0,1978,NA,NA,NA,NA,NA,2.44036697247706
id1036,1992,14,0,1978,NA,NA,NA,14.4906600409427,NA,2.44036697247706
id1036,1990,12,0,1978,NA,NA,NA,14.2136726160868,NA,2.44036697247706
id1036,1995,17,0,1978,NA,NA,NA,NA,NA,2.44036697247706
id1036,1978,0,0,1978,NA,NA,NA,NA,NA,2.44036697247706
id1036,1989,11,0,1978,NA,NA,NA,15.8639232507051,NA,2.44036697247706
id1036,1984,6,0,1978,NA,NA,NA,14.9848519770632,NA,2.44036697247706
id1036,1988,10,0,1978,NA,NA,NA,13.8862805065924,NA,2.44036697247706
id1036,1991,13,0,1978,NA,NA,NA,15.6940751685216,NA,2.44036697247706
id1036,1996,18,0,1978,NA,NA,NA,15.1380426627415,NA,2.44036697247706
id1036,1994,16,0,1978,NA,NA,NA,14.7372861988147,NA,2.44036697247706
id1036,1981,3,0,1978,NA,26.4280221142807,NA,15.3172729018115,NA,2.44036697247706
id1036,1979,1,0,1978,NA,14.140834162384,NA,NA,NA,2.44036697247706
id1036,1985,7,0,1978,NA,NA,NA,14.8526720364647,NA,2.44036697247706
id1036,1987,9,0,1978,NA,NA,NA,15.5707082222255,NA,2.44036697247706
id1036,1980,2,0,1978,NA,21.6811934655403,NA,14.0815586051009,NA,2.44036697247706
id1036,1983,5,0,1978,NA,NA,NA,14.8224606042007,NA,2.44036697247706
id440,1981,2,1,1979,48.1423323094621,NA,32.1372859226553,NA,1.63636363636364,NA
id440,1982,3,1,1979,59.2231901004517,NA,36.7403304731686,NA,1.63636363636364,NA
id440,1980,1,1,1979,24.2118127629043,NA,NA,NA,1.63636363636364,NA
id440,1979,0,1,1979,NA,NA,NA,NA,1.63636363636364,NA
id861,1980,0,0,1980,NA,NA,NA,NA,NA,0.138461538461538
id861,1981,1,0,1980,NA,12.4222140710253,NA,NA,NA,0.138461538461538
id433,1985,3,0,1982,NA,24.0830715874794,NA,14.2391562805399,NA,1.10344827586207
id433,1983,1,0,1982,NA,15.1201450366714,NA,NA,NA,1.10344827586207
id433,1984,2,0,1982,NA,22.1637640226904,NA,14.4044204420079,NA,1.10344827586207
id433,1986,4,0,1982,NA,25.3163551363837,NA,14.7890783321424,NA,1.10344827586207
id433,1990,8,0,1982,NA,NA,NA,13.6239020164923,NA,1.10344827586207
id433,1982,0,0,1982,NA,NA,NA,NA,NA,1.10344827586207
id433,1989,7,0,1982,NA,NA,NA,14.109353956215,NA,1.10344827586207
id433,1988,6,0,1982,NA,NA,NA,13.6077305345315,NA,1.10344827586207
id433,1987,5,0,1982,NA,NA,NA,14.8548986550273,NA,1.10344827586207
id88,1986,3,1,1983,59.3706245801385,NA,36.0657634868836,NA,1.24444444444444,NA
id88,1984,1,1,1983,24.1052549577606,NA,NA,NA,1.24444444444444,NA
id88,1983,0,1,1983,NA,NA,NA,NA,1.24444444444444,NA
id88,1987,4,1,1983,72.5644648982079,NA,41.9495951684216,NA,1.24444444444444,NA
id88,1985,2,1,1983,40.8164401891102,NA,27.4975891708541,NA,1.24444444444444,NA
id1100,1984,0,1,1984,NA,NA,NA,NA,0,NA
id450,1985,0,1,1985,NA,NA,NA,NA,0,NA
id450,1986,1,1,1985,23.3904376136195,NA,NA,NA,0,NA
id1014,1986,0,1,1986,NA,NA,NA,NA,1.31707317073171,NA
id1014,1992,6,1,1986,NA,NA,44.0688244373111,NA,1.31707317073171,NA
id1014,1989,3,1,1986,52.5864291387408,NA,33.3992180523694,NA,1.31707317073171,NA
id1014,1987,1,1,1986,17.9391398975397,NA,NA,NA,1.31707317073171,NA
id1014,1990,4,1,1986,63.7872355980209,NA,37.9498080505206,NA,1.31707317073171,NA
id1014,1988,2,1,1986,37.9858959621325,NA,26.143320515826,NA,1.31707317073171,NA
id1014,1991,5,1,1986,NA,NA,39.0640513751872,NA,1.31707317073171,NA
id788,1987,0,1,1987,NA,NA,NA,NA,1.33720930232558,NA
id788,1991,4,1,1987,57.9966248304759,NA,36.0898689342722,NA,1.33720930232558,NA
id788,1988,1,1,1987,20.9905904283772,NA,NA,NA,1.33720930232558,NA
id788,1990,3,1,1987,46.3552932614203,NA,30.6056775846821,NA,1.33720930232558,NA
id788,1992,5,1,1987,NA,NA,40.0134705217122,NA,1.33720930232558,NA
id788,1989,2,1,1987,35.2446690747294,NA,25.2277228783361,NA,1.33720930232558,NA
id537,1991,3,1,1988,54.9957057444392,NA,33.8720570402789,NA,1.48514851485149,NA
id537,1994,6,1,1988,NA,NA,35.67111135981,NA,1.48514851485149,NA
id537,1989,1,1,1988,23.2912675393955,NA,NA,NA,1.48514851485149,NA
id537,1990,2,1,1988,38.6837060887769,NA,25.878604394989,NA,1.48514851485149,NA
id537,1988,0,1,1988,NA,NA,NA,NA,1.48514851485149,NA
id537,1992,4,1,1988,68.1432347334087,NA,37.3831019808848,NA,1.48514851485149,NA
id537,1993,5,1,1988,NA,NA,41.1132430040202,NA,1.48514851485149,NA
id924,1989,0,0,1989,NA,NA,NA,NA,NA,0
id701,1990,0,0,1990,NA,NA,NA,NA,NA,0
id31,1992,2,0,1990,NA,18.2570073650243,NA,13.6230711685298,NA,2.37931034482759
id31,1999,9,0,1990,NA,NA,NA,13.1819496973165,NA,2.37931034482759
id31,1998,8,0,1990,NA,NA,NA,13.6328426096753,NA,2.37931034482759
id31,1991,1,0,1990,NA,11.1296429429907,NA,NA,NA,2.37931034482759
id31,1997,7,0,1990,NA,NA,NA,13.329034461193,NA,2.37931034482759
id31,1994,4,0,1990,NA,23.418249204357,NA,14.2241452706338,NA,2.37931034482759
id31,1995,5,0,1990,NA,NA,NA,14.1058259345375,NA,2.37931034482759
id31,1993,3,0,1990,NA,20.981998090102,NA,13.8199594836284,NA,2.37931034482759
id31,1996,6,0,1990,NA,NA,NA,13.9820119176833,NA,2.37931034482759
id204,1995,5,0,1990,NA,NA,NA,13.9001135248022,NA,2.90804597701149
id204,2000,10,0,1990,NA,NA,NA,13.4063648050385,NA,2.90804597701149
id204,1999,9,0,1990,NA,NA,NA,13.3709383225467,NA,2.90804597701149
id204,1997,7,0,1990,NA,NA,NA,13.3997927965183,NA,2.90804597701149
id204,1998,8,0,1990,NA,NA,NA,13.8606385556069,NA,2.90804597701149
id204,1994,4,0,1990,NA,22.3292784292985,NA,13.9713872646813,NA,2.90804597701149
id204,1996,6,0,1990,NA,NA,NA,14.290325652262,NA,2.90804597701149
id204,1993,3,0,1990,NA,20.7144154454272,NA,14.268371830536,NA,2.90804597701149
id204,1992,2,0,1990,NA,18.6108789674923,NA,14.0518908656682,NA,2.90804597701149
id204,2001,11,0,1990,NA,NA,NA,13.6987125998763,NA,2.90804597701149
id277,1993,0,1,1993,NA,NA,NA,NA,0,NA
id914,1973,1,1,1972,NA,NA,NA,NA,0.580645161290323,NA
id245,1974,0,1,1974,NA,NA,NA,NA,0,NA
id903,1975,1,0,1974,NA,13.86480995811,NA,NA,NA,0.7
id671,1976,0,0,1976,NA,NA,NA,NA,NA,0
id773,1981,3,0,1978,NA,21.9526791285331,NA,13.9762654208946,NA,0.513761467889908
id773,1978,0,0,1978,NA,NA,NA,NA,NA,0.513761467889908
id773,1979,1,0,1978,NA,17.3252309029132,NA,NA,NA,0.513761467889908
id773,1980,2,0,1978,NA,19.2448249032082,NA,12.6124163334651,NA,0.513761467889908
id773,1982,4,0,1978,NA,22.6194964856912,NA,14.0862159876464,NA,0.513761467889908
id2,1988,9,0,1979,NA,NA,NA,13.1878113534264,NA,1.92857142857143
id2,1989,10,0,1979,NA,NA,NA,13.3511066907439,NA,1.92857142857143
id2,1984,5,0,1979,NA,NA,NA,14.3831209031351,NA,1.92857142857143
id2,1991,12,0,1979,NA,NA,NA,13.670216271248,NA,1.92857142857143
id2,1983,4,0,1979,NA,25.7361051118964,NA,NA,NA,1.92857142857143
id2,1981,2,0,1979,NA,21.1566829831394,NA,13.7008333848022,NA,1.92857142857143
id2,1990,11,0,1979,NA,NA,NA,13.8766199969405,NA,1.92857142857143
id2,1993,14,0,1979,NA,NA,NA,14.2518728310217,NA,1.92857142857143
id2,1982,3,0,1979,NA,23.7833467883557,NA,14.00230470906,NA,1.92857142857143
id2,1985,6,0,1979,NA,NA,NA,14.8014409727384,NA,1.92857142857143
id2,1979,0,0,1979,NA,NA,NA,NA,NA,1.92857142857143
id2,1986,7,0,1979,NA,NA,NA,15.253699265109,NA,1.92857142857143
id2,1992,13,0,1979,NA,NA,NA,13.9045856532786,NA,1.92857142857143
id2,1987,8,0,1979,NA,NA,NA,14.3143470910569,NA,1.92857142857143
id2,1980,1,0,1979,NA,16.1421598286148,NA,NA,NA,1.92857142857143
id434,1982,4,1,1978,62.8712293283484,NA,40.6567125745308,NA,1.41176470588235,NA
id227,1984,0,1,1984,NA,NA,NA,NA,0,NA
id715,1987,2,0,1985,NA,14.8846101100724,NA,12.4388721047917,NA,1.3
id715,1988,3,0,1985,NA,19.4458447357146,NA,12.6773142891511,NA,1.3
id715,1992,7,0,1985,NA,NA,NA,14.0284977809064,NA,1.3
id715,1991,6,0,1985,NA,NA,NA,13.9300673027467,NA,1.3
id715,1989,4,0,1985,NA,22.4276564072767,NA,13.660827650141,NA,1.3
id715,1990,5,0,1985,NA,NA,NA,13.5904844787556,NA,1.3
id715,1986,1,0,1985,NA,8.73483932658618,NA,NA,NA,1.3
id715,1993,8,0,1985,NA,NA,NA,13.5828482077442,NA,1.3
id715,1985,0,0,1985,NA,NA,NA,NA,NA,1.3
id798,1986,0,1,1986,NA,NA,NA,NA,2.41463414634146,NA
id798,1994,8,1,1986,NA,NA,35.7381321883311,NA,2.41463414634146,NA
id798,1996,10,1,1986,NA,NA,37.8177570090774,NA,2.41463414634146,NA
id798,1989,3,1,1986,45.0670062566986,NA,28.8231130894836,NA,2.41463414634146,NA
id798,1991,5,1,1986,NA,NA,34.2668603264596,NA,2.41463414634146,NA
id798,1987,1,1,1986,13.9107835428881,NA,NA,NA,2.41463414634146,NA
id798,1997,11,1,1986,NA,NA,35.06196806173,NA,2.41463414634146,NA
id798,1995,9,1,1986,NA,NA,37.1922153397205,NA,2.41463414634146,NA
id798,1988,2,1,1986,32.0690801142268,NA,23.1233956051694,NA,2.41463414634146,NA
id798,1992,6,1,1986,NA,NA,37.3188244373111,NA,2.41463414634146,NA
id798,1990,4,1,1986,51.9791382537733,NA,30.7979275698707,NA,2.41463414634146,NA
id798,1993,7,1,1986,NA,NA,37.5094842928726,NA,2.41463414634146,NA
id1078,1988,1,1,1987,26.8778074012226,NA,NA,NA,1.06976744186047,NA
id1078,1990,3,1,1987,56.117876935939,NA,33.5534174484908,NA,1.06976744186047,NA
id1078,1987,0,1,1987,NA,NA,NA,NA,1.06976744186047,NA
id1078,1991,4,1,1987,66.415512796239,NA,37.2583883150423,NA,1.06976744186047,NA
id1078,1989,2,1,1987,42.2229880379755,NA,26.9284936262193,NA,1.06976744186047,NA
id515,1988,1,0,1987,NA,14.9054771184294,NA,NA,NA,0.288888888888889
id515,1989,2,0,1987,NA,20.0019107970009,NA,13.2217859443579,NA,0.288888888888889
id238,1991,2,0,1989,NA,22.8784916311804,NA,14.1715827015891,NA,0.585798816568047
id238,1990,1,0,1989,NA,14.8262168460279,NA,NA,NA,0.585798816568047
id238,1989,0,0,1989,NA,NA,NA,NA,NA,0.585798816568047
id238,1992,3,0,1989,NA,25.7620736238844,NA,15.2730131987287,NA,0.585798816568047
id199,1990,0,0,1990,NA,NA,NA,NA,NA,0
id108,1991,0,0,1991,NA,NA,NA,NA,NA,0
id363,1992,0,1,1992,NA,NA,NA,NA,NaN,NA
id823,1993,0,1,1993,NA,NA,NA,NA,0,NA
id653,1975,2,1,1973,NA,NA,NA,NA,0.58695652173913,NA
id653,1973,0,1,1973,NA,NA,NA,NA,0.58695652173913,NA
id653,1974,1,1,1973,NA,NA,NA,NA,0.58695652173913,NA
id946,1975,2,1,1973,33.2951884010309,NA,22.5667735052796,NA,0.782608695652174,NA
id580,1976,0,0,1976,NA,NA,NA,NA,NA,0.918367346938776
id580,1978,2,0,1976,NA,10.6157985530521,NA,10.2788469919922,NA,0.918367346938776
id580,1979,3,0,1976,NA,NA,NA,NA,NA,0.918367346938776
id580,1977,1,0,1976,NA,NA,NA,NA,NA,0.918367346938776
id137,1978,8,1,1970,NA,NA,39.6258672081883,NA,1.2,NA
id214,1982,0,0,1982,NA,NA,NA,NA,NA,0.137931034482759
id207,1984,0,1,1984,NA,NA,NA,NA,1.71428571428571,NA
id207,1986,2,1,1984,41.655213631513,NA,27.8711181589615,NA,1.71428571428571,NA
id207,1985,1,1,1984,25.66870596064,NA,NA,NA,1.71428571428571,NA
id1098,1985,0,0,1985,NA,NA,NA,NA,NA,0.1625
id1098,1986,1,0,1985,NA,12.612078052916,NA,NA,NA,0.1625
id290,1986,0,1,1986,NA,NA,NA,NA,0,NA
id453,1989,2,1,1987,40.2665726494184,NA,26.8055755997978,NA,1.6046511627907,NA
id453,1988,1,1,1987,21.677257136538,NA,NA,NA,1.6046511627907,NA
id453,1990,3,1,1987,55.273508317296,NA,32.9408137394966,NA,1.6046511627907,NA
id453,1993,6,1,1987,NA,NA,41.0327959222964,NA,1.6046511627907,NA
id453,1991,4,1,1987,68.2778420416121,NA,37.0169666605829,NA,1.6046511627907,NA
id453,1987,0,1,1987,NA,NA,NA,NA,1.6046511627907,NA
id453,1992,5,1,1987,NA,NA,41.4810457755125,NA,1.6046511627907,NA
id151,1995,7,0,1988,NA,NA,NA,14.9870988438208,NA,1.14285714285714
id151,1996,8,0,1988,NA,NA,NA,15.2600117096643,NA,1.14285714285714
id151,1993,5,0,1988,NA,NA,NA,15.0305191320396,NA,1.14285714285714
id151,1989,1,0,1988,NA,13.1051689916469,NA,NA,NA,1.14285714285714
id151,1990,2,0,1988,NA,17.638152585702,NA,12.3396920928678,NA,1.14285714285714
id151,1991,3,0,1988,NA,23.0661742924502,NA,14.272457928215,NA,1.14285714285714
id151,1988,0,0,1988,NA,NA,NA,NA,NA,1.14285714285714
id151,1992,4,0,1988,NA,25.8555185425099,NA,14.8900716356123,NA,1.14285714285714
id151,1994,6,0,1988,NA,NA,NA,14.6591040095821,NA,1.14285714285714
id169,1997,8,0,1989,NA,NA,NA,13.1576716404734,NA,1.56213017751479
id169,1993,4,0,1989,NA,21.5270869913379,NA,14.4002051085101,NA,1.56213017751479
id169,1990,1,0,1989,NA,5.7823568784738,NA,NA,NA,1.56213017751479
id169,1989,0,0,1989,NA,NA,NA,NA,NA,1.56213017751479
id169,1992,3,0,1989,NA,18.9272581408365,NA,14.4289383797908,NA,1.56213017751479
id169,1995,6,0,1989,NA,NA,NA,13.704020674528,NA,1.56213017751479
id169,1991,2,0,1989,NA,13.6526881799893,NA,NA,NA,1.56213017751479
id169,1994,5,0,1989,NA,NA,NA,13.8832366155427,NA,1.56213017751479
id169,1996,7,0,1989,NA,NA,NA,13.632048123783,NA,1.56213017751479
id776,1990,0,1,1990,NA,NA,NA,NA,0,NA
id404,1991,0,1,1991,NA,NA,NA,NA,0,NA
id222,1992,0,0,1992,NA,NA,NA,NA,NA,1.21428571428571
id519,1993,0,0,1993,NA,NA,NA,NA,NA,0
id956,1973,0,0,1973,NA,NA,NA,NA,NA,0.6
id956,1976,3,0,1973,NA,18.1065108957679,NA,13.423919876714,NA,0.6
id956,1975,2,0,1973,NA,18.8888704422813,NA,NA,NA,0.6
id886,1975,0,0,1975,NA,NA,NA,NA,NA,0
id289,1979,3,1,1976,56.9894017902679,NA,34.8028202187469,NA,1.02941176470588,NA
id289,1981,5,1,1976,NA,NA,43.5193140341655,NA,1.02941176470588,NA
id289,1978,2,1,1976,37.1581113242794,NA,23.6556801350739,NA,1.02941176470588,NA
id497,1982,1,0,1981,NA,16.0633681048203,NA,NA,NA,0.219178082191781
id497,1983,2,0,1981,NA,22.2525341892678,NA,13.8630475383236,NA,0.219178082191781
id1125,1985,1,0,1984,NA,16.4787815840426,NA,NA,NA,0.175824175824176
id1125,1984,0,0,1984,NA,NA,NA,NA,NA,0.175824175824176
id1101,1985,0,1,1985,NA,NA,NA,NA,1.38728323699422,NA
id1101,1986,1,1,1985,24.7001573489101,NA,NA,NA,1.38728323699422,NA
id168,1986,0,1,1986,NA,NA,NA,NA,0,NA
id1030,1990,3,1,1987,56.646815497891,NA,35.366497631585,NA,1.33720930232558,NA
id1030,1989,2,1,1987,41.5156377407357,NA,29.2119616844607,NA,1.33720930232558,NA
id1030,1987,0,1,1987,NA,NA,NA,NA,1.33720930232558,NA
id1030,1991,4,1,1987,67.9046999205106,NA,38.90995991689,NA,1.33720930232558,NA
id1030,1988,1,1,1987,26.3749411028826,NA,NA,NA,1.33720930232558,NA
id1030,1992,5,1,1987,NA,NA,42.1148368595615,NA,1.33720930232558,NA
id1045,1988,1,0,1987,NA,17.1103043053712,NA,NA,NA,0.577777777777778
id1045,1989,2,0,1987,NA,20.3361405017514,NA,13.3535361993451,NA,0.577777777777778
id1045,1991,4,0,1987,NA,26.1409069173713,NA,13.8011497856567,NA,0.577777777777778
id1045,1990,3,0,1987,NA,24.6541709410819,NA,13.9821421627741,NA,0.577777777777778
id678,1989,0,0,1989,NA,NA,NA,NA,NA,0
id1068,1990,0,0,1990,NA,NA,NA,NA,NA,0
id139,1997,6,1,1991,NA,NA,36.5567481998559,NA,2.65714285714286,NA
id139,1992,1,1,1991,15.6048214861328,NA,NA,NA,2.65714285714286,NA
id139,1995,4,1,1991,46.4496818789214,NA,33.7107847056434,NA,2.65714285714286,NA
id139,1991,0,1,1991,NA,NA,NA,NA,2.65714285714286,NA
id139,1993,2,1,1991,26.0358321369051,NA,20.1485986570804,NA,2.65714285714286,NA
id139,1994,3,1,1991,34.7743000076492,NA,26.8562415332531,NA,2.65714285714286,NA
id139,1996,5,1,1991,NA,NA,37.8796645856012,NA,2.65714285714286,NA
id220,1992,0,1,1992,NA,NA,NA,NA,NaN,NA
id11,1993,0,1,1993,NA,NA,NA,NA,0,NA
id141,1975,8,0,1967,NA,NA,NA,NA,NA,1
id201,1976,3,1,1973,58.9791221969681,NA,32.8889383227826,NA,0.978260869565218,NA
id201,1973,0,1,1973,NA,NA,NA,NA,0.978260869565218,NA
id201,1977,4,1,1973,70.1859039643639,NA,36.9496280323772,NA,0.978260869565218,NA
id201,1974,1,1,1973,NA,NA,NA,NA,0.978260869565218,NA
id201,1978,5,1,1973,NA,NA,38.2685355891807,NA,0.978260869565218,NA
id201,1975,2,1,1973,38.2179241315376,NA,23.7002234491567,NA,0.978260869565218,NA
id544,1975,0,0,1975,NA,NA,NA,NA,NA,0
id569,1978,0,1,1978,NA,NA,NA,NA,0,NA
id811,1982,0,1,1982,NA,NA,NA,NA,0.297297297297297,NA
id506,1990,6,0,1984,NA,NA,NA,13.7260589245325,NA,1.23076923076923
id506,1989,5,0,1984,NA,NA,NA,14.2898199680494,NA,1.23076923076923
id506,1991,7,0,1984,NA,NA,NA,13.5300673027467,NA,1.23076923076923
id506,1986,2,0,1984,NA,NA,NA,13.9796288947379,NA,1.23076923076923
id506,1988,4,0,1984,NA,21.1006831895767,NA,13.41076147657,NA,1.23076923076923
id506,1985,1,0,1984,NA,NA,NA,NA,NA,1.23076923076923
id506,1984,0,0,1984,NA,NA,NA,NA,NA,1.23076923076923
id506,1987,3,0,1984,NA,20.5653171489261,NA,13.5896100691791,NA,1.23076923076923
id1018,1988,3,1,1985,52.9412654506322,NA,32.7354906268263,NA,0.832369942196532,NA
id1018,1986,1,1,1985,20.1102310561966,NA,NA,NA,0.832369942196532,NA
id1018,1987,2,1,1985,35.3332782783678,NA,24.2269659503649,NA,0.832369942196532,NA
id1018,1985,0,1,1985,NA,NA,NA,NA,0.832369942196532,NA
id283,1992,6,0,1986,NA,NA,NA,14.2940372409655,NA,1.08333333333333
id283,1991,5,0,1986,NA,NA,NA,14.601392025528,NA,1.08333333333333
id283,1988,2,0,1986,NA,20.0640202190098,NA,12.8211454566964,NA,1.08333333333333
id283,1987,1,0,1986,NA,13.508685822755,NA,NA,NA,1.08333333333333
id283,1986,0,0,1986,NA,NA,NA,NA,NA,1.08333333333333
id283,1994,8,0,1986,NA,NA,NA,13.7016044438057,NA,1.08333333333333
id283,1990,4,0,1986,NA,24.7089150146943,NA,14.4229564332217,NA,1.08333333333333
id283,1989,3,0,1986,NA,22.7797690090004,NA,13.5898199680494,NA,1.08333333333333
id283,1993,7,0,1986,NA,NA,NA,14.3622849539132,NA,1.08333333333333
id736,1992,5,0,1987,NA,NA,NA,14.934033198299,NA,2.02222222222222
id736,1995,8,0,1987,NA,NA,NA,14.9996942824154,NA,2.02222222222222
id736,2000,13,0,1987,NA,NA,NA,14.2283585826108,NA,2.02222222222222
id736,2001,14,0,1987,NA,NA,NA,14.2299200033421,NA,2.02222222222222
id736,1994,7,0,1987,NA,NA,NA,14.687058947537,NA,2.02222222222222
id736,1990,3,0,1987,NA,22.7747423322995,NA,14.6876473365745,NA,2.02222222222222
id736,1996,9,0,1987,NA,NA,NA,14.7208234896473,NA,2.02222222222222
id736,1993,6,0,1987,NA,NA,NA,15.0958689062369,NA,2.02222222222222
id736,1988,1,0,1987,NA,13.2520670604735,NA,NA,NA,2.02222222222222
id736,1991,4,0,1987,NA,26.2302972476645,NA,15.2724519181967,NA,2.02222222222222
id736,1997,10,0,1987,NA,NA,NA,14.3843878148,NA,2.02222222222222
id736,1987,0,0,1987,NA,NA,NA,NA,NA,2.02222222222222
id736,1999,12,0,1987,NA,NA,NA,14.1417841457251,NA,2.02222222222222
id736,1998,11,0,1987,NA,NA,NA,15.1637730565489,NA,2.02222222222222
id736,1989,2,0,1987,NA,18.5634517624554,NA,13.662672811715,NA,2.02222222222222
id939,1989,1,0,1988,NA,8.3691757160516,NA,NA,NA,0.142857142857143
id939,1988,0,0,1988,NA,NA,NA,NA,NA,0.142857142857143
id381,1989,0,0,1989,NA,NA,NA,NA,NA,0.195266272189349
id381,1990,1,0,1989,NA,NA,NA,NA,NA,0.195266272189349
id514,1993,3,0,1990,NA,23.9694696478765,NA,14.2139998022616,NA,1.32183908045977
id514,1994,4,0,1990,NA,25.3018226333211,NA,13.5323338704574,NA,1.32183908045977
id514,1990,0,0,1990,NA,NA,NA,NA,NA,1.32183908045977
id514,1995,5,0,1990,NA,NA,NA,13.8526911033506,NA,1.32183908045977
id514,1991,1,0,1990,NA,14.8158306477844,NA,NA,NA,1.32183908045977
id514,1992,2,0,1990,NA,21.2885761068344,NA,13.8106373670326,NA,1.32183908045977
id670,1991,0,1,1991,NA,NA,NA,NA,1.32857142857143,NA
id670,1992,1,1,1991,14.6908020517877,NA,NA,NA,1.32857142857143,NA
id619,1992,0,0,1992,NA,NA,NA,NA,NA,0
id885,2001,8,1,1993,NA,NA,41.5044666240679,NA,3.39393939393939,NA
id885,1998,5,1,1993,NA,NA,36.2804443027599,NA,3.39393939393939,NA
id885,1994,1,1,1993,20.0814656247012,NA,NA,NA,3.39393939393939,NA
id885,1997,4,1,1993,47.7062424774655,NA,31.0753904265966,NA,3.39393939393939,NA
id885,1995,2,1,1993,22.7183690411671,NA,17.6548571028393,NA,3.39393939393939,NA
id885,1993,0,1,1993,NA,NA,NA,NA,3.39393939393939,NA
id885,1996,3,1,1993,35.0463488952838,NA,27.5492997722241,NA,3.39393939393939,NA
id885,1999,6,1,1993,NA,NA,38.3007369416038,NA,3.39393939393939,NA
id885,2000,7,1,1993,NA,NA,41.2225788324122,NA,3.39393939393939,NA
id421,1973,1,1,1972,NA,NA,NA,NA,0.193548387096774,NA
id1092,1988,10,0,1978,NA,NA,NA,13.794352039113,NA,1.92660550458716
id1092,1984,6,0,1978,NA,NA,NA,14.6667402567708,NA,1.92660550458716
id1092,1983,5,0,1978,NA,NA,NA,14.4861196775721,NA,1.92660550458716
id1092,1980,2,0,1978,NA,21.2186987902568,NA,14.1042958952355,NA,1.92660550458716
id1092,1979,1,0,1978,NA,15.4840483924861,NA,NA,NA,1.92660550458716
id1092,1986,8,0,1978,NA,NA,NA,15.02919941708,NA,1.92660550458716
id1092,1987,9,0,1978,NA,NA,NA,14.3276536820768,NA,1.92660550458716
id1092,1989,11,0,1978,NA,NA,NA,14.3398199680494,NA,1.92660550458716
id1092,1990,12,0,1978,NA,NA,NA,14.0347921990821,NA,1.92660550458716
id1092,1981,3,0,1978,NA,18.1475745846451,NA,14.8102823116948,NA,1.92660550458716
id1092,1993,15,0,1978,NA,NA,NA,14.6104680284887,NA,1.92660550458716
id1092,1985,7,0,1978,NA,NA,NA,14.9377194203978,NA,1.92660550458716
id1092,1991,13,0,1978,NA,NA,NA,13.907278982991,NA,1.92660550458716
id1092,1982,4,0,1978,NA,20.8986082439967,NA,14.5737830364154,NA,1.92660550458716
id1092,1978,0,0,1978,NA,NA,NA,NA,NA,1.92660550458716
id416,1986,4,0,1982,NA,27.5827250650428,NA,14.5920901529848,NA,0.827586206896552
id416,1988,6,0,1982,NA,NA,NA,NA,NA,0.827586206896552
id416,1985,3,0,1982,NA,27.1629382003051,NA,14.8149734094419,NA,0.827586206896552
id416,1987,5,0,1982,NA,NA,NA,15.1290752017168,NA,0.827586206896552
id416,1984,2,0,1982,NA,22.7173475291393,NA,14.2844637347584,NA,0.827586206896552
id416,1982,0,0,1982,NA,NA,NA,NA,NA,0.827586206896552
id416,1983,1,0,1982,NA,15.624468867364,NA,NA,NA,0.827586206896552
id699,1984,0,1,1984,NA,NA,NA,NA,2.28571428571429,NA
id699,1985,1,1,1984,24.9889885607013,NA,NA,NA,2.28571428571429,NA
id699,1986,2,1,1984,41.3054892051251,NA,29.98530953306,NA,2.28571428571429,NA
id723,1985,0,0,1985,NA,NA,NA,NA,NA,0
id468,1997,11,0,1986,NA,NA,NA,13.1492825649238,NA,1.89583333333333
id468,1996,10,0,1986,NA,NA,NA,13.7354041786638,NA,1.89583333333333
id468,1999,13,0,1986,NA,NA,NA,13.7815035867619,NA,1.89583333333333
id468,1995,9,0,1986,NA,NA,NA,13.8672943123931,NA,1.89583333333333
id468,2000,14,0,1986,NA,NA,NA,13.0955831709956,NA,1.89583333333333
id468,1991,5,0,1986,NA,NA,NA,14.0129131945376,NA,1.89583333333333
id468,1994,8,0,1986,NA,NA,NA,14.0209740526114,NA,1.89583333333333
id468,1990,4,0,1986,NA,23.7721979425811,NA,14.2891727231859,NA,1.89583333333333
id468,1992,6,0,1986,NA,NA,NA,14.4145010235079,NA,1.89583333333333
id468,1993,7,0,1986,NA,NA,NA,14.7283833729251,NA,1.89583333333333
id468,1987,1,0,1986,NA,13.8098783486344,NA,NA,NA,1.89583333333333
id468,1998,12,0,1986,NA,NA,NA,13.2984937476399,NA,1.89583333333333
id468,1989,3,0,1986,NA,22.1340848683181,NA,14.1513461930816,NA,1.89583333333333
id468,1988,2,0,1986,NA,18.9679510122984,NA,13.3477923382518,NA,1.89583333333333
id468,1986,0,0,1986,NA,NA,NA,NA,NA,1.89583333333333
id309,1997,10,0,1987,NA,NA,NA,13.2949944989061,NA,1.73333333333333
id309,1994,7,0,1987,NA,NA,NA,14.2499282559217,NA,1.73333333333333
id309,1996,9,0,1987,NA,NA,NA,13.5501533329702,NA,1.73333333333333
id309,1995,8,0,1987,NA,NA,NA,13.8267534045957,NA,1.73333333333333
id309,1992,5,0,1987,NA,NA,NA,14.3374648076397,NA,1.73333333333333
id309,1989,2,0,1987,NA,14.3088862546624,NA,13.6023071493156,NA,1.73333333333333
id309,1988,1,0,1987,NA,15.8316534471827,NA,NA,NA,1.73333333333333
id309,1990,3,0,1987,NA,21.2904490549398,NA,13.8311122453144,NA,1.73333333333333
id309,1993,6,0,1987,NA,NA,NA,14.274812383881,NA,1.73333333333333
id309,1987,0,0,1987,NA,NA,NA,NA,NA,1.73333333333333
id309,1998,11,0,1987,NA,NA,NA,13.5681806993038,NA,1.73333333333333
id309,1991,4,0,1987,NA,21.9485121520454,NA,14.3651913617559,NA,1.73333333333333
id812,1995,7,0,1988,NA,NA,NA,14.2406341748987,NA,1.85714285714286
id812,2000,12,0,1988,NA,NA,NA,13.7186372777404,NA,1.85714285714286
id812,1988,0,0,1988,NA,NA,NA,NA,NA,1.85714285714286
id812,2001,13,0,1988,NA,NA,NA,13.8879564463088,NA,1.85714285714286
id812,1991,3,0,1988,NA,22.9561621578141,NA,13.8487896279132,NA,1.85714285714286
id812,1993,5,0,1988,NA,NA,NA,14.9661226489098,NA,1.85714285714286
id812,1989,1,0,1988,NA,14.4662667929889,NA,NA,NA,1.85714285714286
id812,1992,4,0,1988,NA,26.5430338166738,NA,15.3523897170979,NA,1.85714285714286
id812,1999,11,0,1988,NA,NA,NA,13.7408145297191,NA,1.85714285714286
id812,1990,2,0,1988,NA,21.512853987173,NA,13.8008192101319,NA,1.85714285714286
id812,1998,10,0,1988,NA,NA,NA,14.1259447562967,NA,1.85714285714286
id812,1996,8,0,1988,NA,NA,NA,14.2034555625006,NA,1.85714285714286
id812,1994,6,0,1988,NA,NA,NA,14.1526698937453,NA,1.85714285714286
id812,1997,9,0,1988,NA,NA,NA,13.7255971439877,NA,1.85714285714286
id177,1996,7,1,1989,NA,NA,40.0617356975956,NA,2.1,NA
id177,1993,4,1,1989,70.1510223365517,NA,38.2518330185074,NA,2.1,NA
id177,1997,8,1,1989,NA,NA,38.6691989641929,NA,2.1,NA
id177,1992,3,1,1989,60.2699531460439,NA,34.3237275938431,NA,2.1,NA
id177,1989,0,1,1989,NA,NA,NA,NA,2.1,NA
id177,1995,6,1,1989,NA,NA,38.0517817955574,NA,2.1,NA
id177,1990,1,1,1989,25.3260388215047,NA,NA,NA,2.1,NA
id177,1994,5,1,1989,NA,NA,35.0060952247832,NA,2.1,NA
id177,1991,2,1,1989,44.797531689392,NA,28.7922866872972,NA,2.1,NA
id177,1998,9,1,1989,NA,NA,40.5641280257291,NA,2.1,NA
id713,1990,0,1,1990,NA,NA,NA,NA,0,NA
id463,1991,0,1,1991,NA,NA,NA,NA,0.442857142857143,NA
id710,1992,0,0,1992,NA,NA,NA,NA,NA,1.21428571428571
id582,1993,0,1,1993,NA,NA,NA,NA,0,NA
id825,1976,5,0,1971,NA,NA,NA,14.3579793982294,NA,1
id825,1975,4,0,1971,NA,NA,NA,NA,NA,1
id825,1977,6,0,1971,NA,NA,NA,14.9699967222064,NA,1
id661,1985,14,0,1971,NA,NA,NA,15.0009810022943,NA,0.5
id661,1984,13,0,1971,NA,NA,NA,13.9511585517538,NA,0.5
id661,1980,9,0,1971,NA,NA,NA,13.978323391719,NA,0.5
id661,1975,4,0,1971,NA,NA,NA,NA,NA,0.5
id661,1981,10,0,1971,NA,NA,NA,14.4602174948927,NA,0.5
id661,1976,5,0,1971,NA,NA,NA,13.5976622726397,NA,0.5
id661,1983,12,0,1971,NA,NA,NA,13.8464677130843,NA,0.5
id661,1979,8,0,1971,NA,NA,NA,14.2083905075616,NA,0.5
id661,1977,6,0,1971,NA,NA,NA,14.1444047145221,NA,0.5
id661,1982,11,0,1971,NA,NA,NA,13.5961094486589,NA,0.5
id661,1978,7,0,1971,NA,NA,NA,14.0716119221373,NA,0.5
id248,1976,3,0,1973,NA,19.769841994113,NA,12.7696909004063,NA,1
id248,1973,0,0,1973,NA,NA,NA,NA,NA,1
id248,1977,4,0,1973,NA,22.1504877407122,NA,13.3339423246727,NA,1
id248,1978,5,0,1973,NA,NA,NA,13.7882209657155,NA,1
id248,1975,2,0,1973,NA,16.7593981516269,NA,NA,NA,1
id936,1978,0,1,1978,NA,NA,NA,NA,0,NA
id936,1979,1,1,1978,19.6993149321906,NA,NA,NA,0,NA
id791,1982,0,1,1982,NA,NA,NA,NA,0,NA
id923,1987,2,0,1985,NA,19.7113304371708,NA,14.9562185922108,NA,0.975
id923,1990,5,0,1985,NA,NA,NA,14.3097943481391,NA,0.975
id923,1989,4,0,1985,NA,23.0080848685285,NA,14.709353956215,NA,0.975
id923,1986,1,0,1985,NA,14.329033466337,NA,NA,NA,0.975
id923,1988,3,0,1985,NA,21.6065263729737,NA,14.0849365172232,NA,0.975
id923,1985,0,0,1985,NA,NA,NA,NA,NA,0.975
id923,1991,6,0,1985,NA,NA,NA,13.9705861294959,NA,0.975
id944,1986,0,1,1986,NA,NA,NA,NA,1.31707317073171,NA
id944,1992,6,1,1986,NA,NA,40.6188244373111,NA,1.31707317073171,NA
id944,1991,5,1,1986,NA,NA,38.353159492663,NA,1.31707317073171,NA
id944,1987,1,1,1986,18.5026384374736,NA,NA,NA,1.31707317073171,NA
id944,1988,2,1,1986,35.9999408989043,NA,25.2272820304958,NA,1.31707317073171,NA
id944,1989,3,1,1986,51.1008394269307,NA,31.2358367442762,NA,1.31707317073171,NA
id917,1996,9,0,1987,NA,NA,NA,14.8631947829001,NA,1.44444444444444
id917,1991,4,0,1987,NA,22.9963357613022,NA,14.4024993761471,NA,1.44444444444444
id917,1990,3,0,1987,NA,21.0824323452915,NA,14.0359039955265,NA,1.44444444444444
id917,1992,5,0,1987,NA,NA,NA,14.9225509034345,NA,1.44444444444444
id917,1989,2,0,1987,NA,20.209098703808,NA,13.9560851615892,NA,1.44444444444444
id917,1988,1,0,1987,NA,15.8539936223258,NA,NA,NA,1.44444444444444
id917,1994,7,0,1987,NA,NA,NA,14.3793662008028,NA,1.44444444444444
id917,1993,6,0,1987,NA,NA,NA,14.893813897356,NA,1.44444444444444
id917,1987,0,0,1987,NA,NA,NA,NA,NA,1.44444444444444
id917,1995,8,0,1987,NA,NA,NA,14.6745217342616,NA,1.44444444444444
id917,1997,10,0,1987,NA,NA,NA,13.8106533724776,NA,1.44444444444444
id836,1988,1,0,1987,NA,10.6645675141649,NA,NA,NA,0.144444444444444
id762,1994,5,0,1989,NA,NA,NA,14.5113082117365,NA,1.56213017751479
id762,1996,7,0,1989,NA,NA,NA,14.2425927130081,NA,1.56213017751479
id762,1993,4,0,1989,NA,26.8417990190913,NA,15.1822218378891,NA,1.56213017751479
id762,1990,1,0,1989,NA,11.4087531000729,NA,NA,NA,1.56213017751479
id762,1995,6,0,1989,NA,NA,NA,14.6671325153497,NA,1.56213017751479
id762,1989,0,0,1989,NA,NA,NA,NA,NA,1.56213017751479
id762,1991,2,0,1989,NA,19.3116687608403,NA,13.6972858367254,NA,1.56213017751479
id762,1997,8,0,1989,NA,NA,NA,13.9039343388711,NA,1.56213017751479
id762,1992,3,0,1989,NA,24.3156579993288,NA,14.8164354193347,NA,1.56213017751479
id516,1990,0,0,1990,NA,NA,NA,NA,NA,0
id458,1991,0,0,1991,NA,NA,NA,NA,NA,0
id427,1992,0,0,1992,NA,NA,NA,NA,NA,0
id187,1993,0,0,1993,NA,NA,NA,NA,NA,0
id41,1976,7,0,1969,NA,NA,NA,13.8438958458357,NA,1
id253,1978,0,0,1978,NA,NA,NA,NA,NA,0
id149,1984,2,1,1982,36.7931981659616,NA,27.5888597335877,NA,2.37837837837838,NA
id149,1990,8,1,1982,NA,NA,41.4004306997896,NA,2.37837837837838,NA
id149,1987,5,1,1982,NA,NA,41.5696024110004,NA,2.37837837837838,NA
id149,1985,3,1,1982,51.7732630070524,NA,32.9175695063234,NA,2.37837837837838,NA
id149,1988,6,1,1982,NA,NA,41.4141793515333,NA,2.37837837837838,NA
id149,1986,4,1,1982,64.1061921159718,NA,40.6274755897123,NA,2.37837837837838,NA
id149,1989,7,1,1982,NA,NA,NA,NA,2.37837837837838,NA
id149,1982,0,1,1982,NA,NA,NA,NA,2.37837837837838,NA
id149,1983,1,1,1982,19.4821177498783,NA,NA,NA,2.37837837837838,NA
id226,1991,6,1,1985,NA,NA,44.6105017099876,NA,3.88439306358382,NA
id226,1987,2,1,1985,36.9125680271832,NA,27.244873045543,NA,3.88439306358382,NA
id226,1990,5,1,1985,NA,NA,43.6504306997896,NA,3.88439306358382,NA
id226,1995,10,1,1985,NA,NA,41.3665813840653,NA,3.88439306358382,NA
id226,1988,3,1,1985,52.6706880382495,NA,34.8726917253938,NA,3.88439306358382,NA
id226,1999,14,1,1985,NA,NA,40.8609852939686,NA,3.88439306358382,NA
id226,1986,1,1,1985,20.0546118235927,NA,NA,NA,3.88439306358382,NA
id226,1985,0,1,1985,NA,NA,NA,NA,3.88439306358382,NA
id226,1996,11,1,1985,NA,NA,43.3795666121511,NA,3.88439306358382,NA
id226,1989,4,1,1985,63.0930112015015,NA,38.6687399825143,NA,3.88439306358382,NA
id226,1993,8,1,1985,NA,NA,44.1695005057204,NA,3.88439306358382,NA
id226,1998,13,1,1985,NA,NA,40.7495883968469,NA,3.88439306358382,NA
id226,1992,7,1,1985,NA,NA,44.6188244373111,NA,3.88439306358382,NA
id993,1986,0,0,1986,NA,NA,NA,NA,NA,0
id345,1988,1,1,1987,19.5022267685683,NA,NA,NA,1.06976744186047,NA
id345,1989,2,1,1987,32.2921883631945,NA,23.438852854134,NA,1.06976744186047,NA
id345,1990,3,1,1987,45.5957494230478,NA,30.9059579586618,NA,1.06976744186047,NA
id345,1991,4,1,1987,59.7909949032452,NA,36.9210779109825,NA,1.06976744186047,NA
id345,1987,0,1,1987,NA,NA,NA,NA,1.06976744186047,NA
id64,1999,11,0,1988,NA,NA,NA,13.7964082969191,NA,2
id64,2001,13,0,1988,NA,NA,NA,14.0168115659573,NA,2
id64,2002,14,0,1988,NA,NA,NA,14.2505607685495,NA,2
id64,1994,6,0,1988,NA,NA,NA,14.6060345519378,NA,2
id64,1988,0,0,1988,NA,NA,NA,NA,NA,2
id64,1997,9,0,1988,NA,NA,NA,14.0205524736326,NA,2
id64,1990,2,0,1988,NA,20.0690662255421,NA,14.2492949199101,NA,2
id64,1998,10,0,1988,NA,NA,NA,14.265363984347,NA,2
id64,1991,3,0,1988,NA,22.5718036698742,NA,14.286189998651,NA,2
id64,1992,4,0,1988,NA,24.9258179113517,NA,15.1318756943574,NA,2
id64,1995,7,0,1988,NA,NA,NA,14.4523717552878,NA,2
id64,1993,5,0,1988,NA,NA,NA,15.5020130367264,NA,2
id64,1989,1,0,1988,NA,14.1637100547821,NA,NA,NA,2
id64,2000,12,0,1988,NA,NA,NA,13.7509264847338,NA,2
id64,1996,8,0,1988,NA,NA,NA,14.8148461700396,NA,2
id1103,1999,10,0,1989,NA,NA,NA,12.0302820103617,NA,2.14792899408284
id1103,1992,3,0,1989,NA,21.8894425821054,NA,13.3216883410389,NA,2.14792899408284
id1103,1991,2,0,1989,NA,17.8346209252712,NA,12.4428371397608,NA,2.14792899408284
id1103,1997,8,0,1989,NA,NA,NA,12.1579198178544,NA,2.14792899408284
id1103,1994,5,0,1989,NA,NA,NA,12.7507923156495,NA,2.14792899408284
id1103,1996,7,0,1989,NA,NA,NA,13.0150184535692,NA,2.14792899408284
id1103,1998,9,0,1989,NA,NA,NA,12.3515089316645,NA,2.14792899408284
id1103,1989,0,0,1989,NA,NA,NA,NA,NA,2.14792899408284
id1103,1990,1,0,1989,NA,11.2098192639814,NA,NA,NA,2.14792899408284
id1103,2000,11,0,1989,NA,NA,NA,11.9355794982115,NA,2.14792899408284
id1103,1993,4,0,1989,NA,22.4981767121078,NA,13.0487942587792,NA,2.14792899408284
id1103,1995,6,0,1989,NA,NA,NA,12.8200843944923,NA,2.14792899408284
id17,1990,0,0,1990,NA,NA,NA,NA,NA,0
id405,1992,1,0,1991,NA,9.91804204275039,NA,NA,NA,3.33333333333333
id405,2000,9,0,1991,NA,NA,NA,12.9180989047381,NA,3.33333333333333
id405,1999,8,0,1991,NA,NA,NA,13.0214934036759,NA,3.33333333333333
id405,2001,10,0,1991,NA,NA,NA,13.0397278537832,NA,3.33333333333333
id405,1993,2,0,1991,NA,15.8160361186511,NA,12.5417838128154,NA,3.33333333333333
id405,1991,0,0,1991,NA,NA,NA,NA,NA,3.33333333333333
id405,1997,6,0,1991,NA,NA,NA,13.0318071491834,NA,3.33333333333333
id405,1998,7,0,1991,NA,NA,NA,13.147094238892,NA,3.33333333333333
id405,1994,3,0,1991,NA,20.4860999711513,NA,13.7463574610865,NA,3.33333333333333
id405,1995,4,0,1991,NA,22.5559410489262,NA,14.017694151098,NA,3.33333333333333
id405,1996,5,0,1991,NA,NA,NA,13.9184705635527,NA,3.33333333333333
id1110,1992,0,0,1992,NA,NA,NA,NA,NA,0
id122,1993,0,1,1993,NA,NA,NA,NA,0,NA
id490,1973,0,1,1973,NA,NA,NA,NA,1.17391304347826,NA
id490,1978,5,1,1973,NA,NA,39.4782291277965,NA,1.17391304347826,NA
id490,1974,1,1,1973,NA,NA,NA,NA,1.17391304347826,NA
id490,1977,4,1,1973,65.9859039643639,NA,37.3496280323772,NA,1.17391304347826,NA
id490,1975,2,1,1973,41.1288217525347,NA,26.6843245432267,NA,1.17391304347826,NA
id1113,1978,0,0,1978,NA,NA,NA,NA,NA,0
id706,1983,1,1,1982,22.1334359231775,NA,NA,NA,1.18918918918919,NA
id706,1982,0,1,1982,NA,NA,NA,NA,1.18918918918919,NA
id706,1984,2,1,1982,37.7372258908151,NA,26.532758166102,NA,1.18918918918919,NA
id706,1985,3,1,1982,54.2833888435103,NA,34.5509583750313,NA,1.18918918918919,NA
id706,1986,4,1,1982,72.6303677406023,NA,44.8356226733402,NA,1.18918918918919,NA
id512,1988,3,1,1985,55.5425209558684,NA,34.9172293478586,NA,2.21965317919075,NA
id512,1993,8,1,1985,NA,NA,41.8326485949401,NA,2.21965317919075,NA
id512,1987,2,1,1985,39.4493007463205,NA,27.7534539949214,NA,2.21965317919075,NA
id512,1990,5,1,1985,NA,NA,41.5504306997896,NA,2.21965317919075,NA
id512,1986,1,1,1985,24.2800956156936,NA,NA,NA,2.21965317919075,NA
id512,1985,0,1,1985,NA,NA,NA,NA,2.21965317919075,NA
id512,1989,4,1,1985,68.1476695440102,NA,37.4701539734863,NA,2.21965317919075,NA
id512,1991,6,1,1985,NA,NA,42.1340563116946,NA,2.21965317919075,NA
id512,1992,7,1,1985,NA,NA,42.7188244373111,NA,2.21965317919075,NA
id621,2000,13,0,1987,NA,NA,NA,12.5270423587713,NA,2.02222222222222
id621,1994,7,0,1987,NA,NA,NA,14.1306359752955,NA,2.02222222222222
id621,1992,5,0,1987,NA,NA,NA,14.3222097792093,NA,2.02222222222222
id621,1987,0,0,1987,NA,NA,NA,NA,NA,2.02222222222222
id621,1995,8,0,1987,NA,NA,NA,13.2683095617287,NA,2.02222222222222
id621,1998,11,0,1987,NA,NA,NA,13.2870999951492,NA,2.02222222222222
id621,2001,14,0,1987,NA,NA,NA,12.9504938045184,NA,2.02222222222222
id621,1993,6,0,1987,NA,NA,NA,13.9972970755132,NA,2.02222222222222
id621,1989,2,0,1987,NA,17.3484886221019,NA,12.480268804288,NA,2.02222222222222
id621,1999,12,0,1987,NA,NA,NA,12.8362942975432,NA,2.02222222222222
id621,1988,1,0,1987,NA,13.7,NA,NA,NA,2.02222222222222
id621,1990,3,0,1987,NA,21.1417945413378,NA,13.5667804951249,NA,2.02222222222222
id621,1997,10,0,1987,NA,NA,NA,12.909791298219,NA,2.02222222222222
id621,1991,4,0,1987,NA,22.5204574455043,NA,13.4364179655449,NA,2.02222222222222
id621,1996,9,0,1987,NA,NA,NA,13.5400912820964,NA,2.02222222222222
id508,1988,0,1,1988,NA,NA,NA,NA,0.742574257425743,NA
id508,1990,2,1,1988,44.6575360535721,NA,32.9686692747665,NA,0.742574257425743,NA
id508,1991,3,1,1988,59.1706019954053,NA,34.7297819713479,NA,0.742574257425743,NA
id508,1989,1,1,1988,28.4458687931341,NA,NA,NA,0.742574257425743,NA
id205,1990,1,0,1989,NA,13.4251252089658,NA,NA,NA,1.56213017751479
id205,1993,4,0,1989,NA,26.485034787416,NA,14.6668381058069,NA,1.56213017751479
id205,1994,5,0,1989,NA,NA,NA,14.4027880986733,NA,1.56213017751479
id205,1989,0,0,1989,NA,NA,NA,NA,NA,1.56213017751479
id205,1992,3,0,1989,NA,25.3581131882766,NA,14.5350683539722,NA,1.56213017751479
id205,1995,6,0,1989,NA,NA,NA,14.2772133417675,NA,1.56213017751479
id205,1991,2,0,1989,NA,21.6710621685151,NA,13.819906092817,NA,1.56213017751479
id205,1997,8,0,1989,NA,NA,NA,13.5382394191493,NA,1.56213017751479
id205,1996,7,0,1989,NA,NA,NA,14.2724539344563,NA,1.56213017751479
id397,1996,6,0,1990,NA,NA,NA,13.5067923713571,NA,2.37931034482759
id397,1998,8,0,1990,NA,NA,NA,13.4658167625103,NA,2.37931034482759
id397,1993,3,0,1990,NA,18.8662246974086,NA,14.1801664112772,NA,2.37931034482759
id397,1992,2,0,1990,NA,15.7694298353084,NA,13.1004747175237,NA,2.37931034482759
id397,1990,0,0,1990,NA,NA,NA,NA,NA,2.37931034482759
id397,1999,9,0,1990,NA,NA,NA,12.8629386071015,NA,2.37931034482759
id397,1991,1,0,1990,NA,6.50916255761859,NA,NA,NA,2.37931034482759
id397,1997,7,0,1990,NA,NA,NA,13.5223211121376,NA,2.37931034482759
id397,1995,5,0,1990,NA,NA,NA,13.6622821769459,NA,2.37931034482759
id933,1991,0,1,1991,NA,NA,NA,NA,0,NA
id1116,1993,0,1,1993,NA,NA,NA,NA,0,NA
id430,1973,1,0,1972,NA,NA,NA,NA,NA,0.416666666666667
id105,1974,1,0,1973,NA,NA,NA,NA,NA,0.6
id105,1976,3,0,1973,NA,23.1456759111769,NA,13.6897915625824,NA,0.6
id105,1975,2,0,1973,NA,18.8888704422813,NA,NA,NA,0.6
id328,1976,2,0,1974,NA,11.7893591723959,NA,11.3566351736092,NA,0.7
id328,1977,3,0,1974,NA,15.1915773372148,NA,12.6239439734836,NA,0.7
id328,1975,1,0,1974,NA,9.63144777266339,NA,NA,NA,0.7
id768,1976,1,0,1975,NA,16.1267568885351,NA,NA,NA,0.578947368421053
id768,1977,2,0,1975,NA,20.2769064656561,NA,13.0959104372911,NA,0.578947368421053
id768,1978,3,0,1975,NA,22.8515260720679,NA,14.7307591502469,NA,0.578947368421053
id1063,1978,2,1,1976,33.6700960675823,NA,22.7209900934542,NA,1.23529411764706,NA
id1063,1977,1,1,1976,12.3813049059962,NA,NA,NA,1.23529411764706,NA
id1063,1981,5,1,1976,NA,NA,41.1696837803857,NA,1.23529411764706,NA
id1063,1979,3,1,1976,52.8199220252,NA,32.5730043443675,NA,1.23529411764706,NA
id921,1979,2,0,1977,NA,20.6052057396343,NA,14.1461737327981,NA,0.631578947368421
id921,1978,1,0,1977,NA,NA,NA,NA,NA,0.631578947368421
id921,1980,3,0,1977,NA,22.9937087849415,NA,14.0134425557359,NA,0.631578947368421
id1095,1979,0,1,1979,NA,NA,NA,NA,1.09090909090909,NA
id1095,1981,2,1,1979,51.9741137508269,NA,31.8846749046516,NA,1.09090909090909,NA
id1095,1980,1,1,1979,29.1276760806412,NA,NA,NA,1.09090909090909,NA
id160,1986,6,0,1980,NA,NA,NA,14.2689734054329,NA,0.830769230769231
id160,1982,2,0,1980,NA,16.8347775700875,NA,12.2451773700669,NA,0.830769230769231
id160,1984,4,0,1980,NA,21.12664297047,NA,14.3091941850553,NA,0.830769230769231
id160,1980,0,0,1980,NA,NA,NA,NA,NA,0.830769230769231
id160,1985,5,0,1980,NA,NA,NA,14.4626928883569,NA,0.830769230769231
id160,1983,3,0,1980,NA,20.2808248760064,NA,13.0244048020958,NA,0.830769230769231
id160,1981,1,0,1980,NA,11.4786444600063,NA,NA,NA,0.830769230769231
id691,1984,4,1,1980,72.1662102023213,NA,40.1678693547022,NA,1.36363636363636,NA
id691,1983,3,1,1980,60.9129976000532,NA,36.1600072931134,NA,1.36363636363636,NA
id691,1981,1,1,1980,27.4544621500229,NA,NA,NA,1.36363636363636,NA
id691,1982,2,1,1980,46.1744346669802,NA,31.76684467181,NA,1.36363636363636,NA
id591,1982,0,0,1982,NA,NA,NA,NA,NA,0.137931034482759
id1031,1993,10,0,1983,NA,NA,NA,14.2500642403412,NA,2.4390243902439
id1031,1986,3,0,1983,NA,25.3311623539816,NA,15.0195958363853,NA,2.4390243902439
id1031,1992,9,0,1983,NA,NA,NA,13.8077641575782,NA,2.4390243902439
id1031,1983,0,0,1983,NA,NA,NA,NA,NA,2.4390243902439
id1031,1991,8,0,1983,NA,NA,NA,13.3469733641577,NA,2.4390243902439
id1031,1990,7,0,1983,NA,NA,NA,13.6035649950386,NA,2.4390243902439
id1031,1985,2,0,1983,NA,22.6359355044743,NA,14.164262587552,NA,2.4390243902439
id1031,1984,1,0,1983,NA,15.3089221465147,NA,NA,NA,2.4390243902439
id1031,1989,6,0,1983,NA,NA,NA,NA,NA,2.4390243902439
id1031,1987,4,0,1983,NA,NA,NA,NA,NA,2.4390243902439
id1031,1988,5,0,1983,NA,NA,NA,NA,NA,2.4390243902439
id608,1986,3,0,1983,NA,24.3206427139163,NA,15.0161724875536,NA,1.70731707317073
id608,1990,7,0,1983,NA,NA,NA,13.7478901089245,NA,1.70731707317073
id608,1985,2,0,1983,NA,22.4502916929692,NA,14.1526989685374,NA,1.70731707317073
id608,1987,4,0,1983,NA,27.6838343889234,NA,15.1806954089176,NA,1.70731707317073
id608,1984,1,0,1983,NA,17.267154926286,NA,NA,NA,1.70731707317073
id608,1989,6,0,1983,NA,NA,NA,15.1103839473407,NA,1.70731707317073
id608,1988,5,0,1983,NA,NA,NA,NA,NA,1.70731707317073
id319,1996,12,0,1984,NA,NA,NA,13.1532623842093,NA,2.46153846153846
id319,1991,7,0,1984,NA,NA,NA,13.6040964249262,NA,2.46153846153846
id319,1992,8,0,1984,NA,NA,NA,14.121337764265,NA,2.46153846153846
id319,1988,4,0,1984,NA,17.8609039507392,NA,13.8014850302526,NA,2.46153846153846
id319,1993,9,0,1984,NA,NA,NA,13.6318905458391,NA,2.46153846153846
id319,1986,2,0,1984,NA,NA,NA,NA,NA,2.46153846153846
id319,1994,10,0,1984,NA,NA,NA,12.9821649697505,NA,2.46153846153846
id319,1995,11,0,1984,NA,NA,NA,13.1195075088746,NA,2.46153846153846
id319,1997,13,0,1984,NA,NA,NA,12.9711102097924,NA,2.46153846153846
id319,1989,5,0,1984,NA,NA,NA,14.1362158288167,NA,2.46153846153846
id319,1990,6,0,1984,NA,NA,NA,13.7124925515381,NA,2.46153846153846
id319,1987,3,0,1984,NA,16.2022548120271,NA,14.0408524100491,NA,2.46153846153846
id319,1998,14,0,1984,NA,NA,NA,13.4520601528488,NA,2.46153846153846
id319,1985,1,0,1984,NA,NA,NA,NA,NA,2.46153846153846
id787,1989,4,0,1985,NA,23.4994916688906,NA,14.1103839473407,NA,0.65
id787,1987,2,0,1985,NA,19.540228312497,NA,14.0867060517232,NA,0.65
id787,1988,3,0,1985,NA,21.2520731276329,NA,12.957122461631,NA,0.65
id787,1986,1,0,1985,NA,14.8378929468273,NA,NA,NA,0.65
id94,1994,8,0,1986,NA,NA,NA,14.5253472229956,NA,1.48958333333333
id94,1997,11,0,1986,NA,NA,NA,14.0978252602468,NA,1.48958333333333
id94,1992,6,0,1986,NA,NA,NA,15.0398853284847,NA,1.48958333333333
id94,1995,9,0,1986,NA,NA,NA,14.9903763060281,NA,1.48958333333333
id94,1988,2,0,1986,NA,19.987792138619,NA,13.858297813633,NA,1.48958333333333
id94,1990,4,0,1986,NA,24.1430442960181,NA,14.9568919134458,NA,1.48958333333333
id94,1987,1,0,1986,NA,16.7415960656862,NA,NA,NA,1.48958333333333
id94,1989,3,0,1986,NA,21.1518261272739,NA,14.1708400108546,NA,1.48958333333333
id94,1993,7,0,1986,NA,NA,NA,15.309135028834,NA,1.48958333333333
id94,1996,10,0,1986,NA,NA,NA,14.7221339229677,NA,1.48958333333333
id94,1991,5,0,1986,NA,NA,NA,14.9970437413064,NA,1.48958333333333
id687,1988,0,1,1988,NA,NA,NA,NA,0,NA
id53,1994,5,0,1989,NA,NA,NA,13.2429361589477,NA,1.17159763313609
id53,1990,1,0,1989,NA,12.6560272431564,NA,NA,NA,1.17159763313609
id53,1991,2,0,1989,NA,20.5648776310653,NA,13.544534387569,NA,1.17159763313609
id53,1992,3,0,1989,NA,23.5369545009988,NA,NA,NA,1.17159763313609
id53,1993,4,0,1989,NA,23.6243084687344,NA,13.9204265144378,NA,1.17159763313609
id53,1989,0,0,1989,NA,NA,NA,NA,NA,1.17159763313609
id81,1992,3,1,1989,50.4534950157891,NA,33.8188244373111,NA,2.1,NA
id81,1998,9,1,1989,NA,NA,42.7955704519076,NA,2.1,NA
id81,1995,6,1,1989,NA,NA,41.6769699106879,NA,2.1,NA
id81,1990,1,1,1989,20.0728434827683,NA,NA,NA,2.1,NA
id81,1994,5,1,1989,NA,NA,40.5682312319777,NA,2.1,NA
id81,1993,4,1,1989,59.9495185294441,NA,39.0473051561829,NA,2.1,NA
id81,1996,7,1,1989,NA,NA,43.500283270386,NA,2.1,NA
id81,1991,2,1,1989,34.1601164158881,NA,24.7605017099876,NA,2.1,NA
id875,1993,2,1,1991,34.2741310559824,NA,22.9468567837698,NA,2.65714285714286,NA
id875,1995,4,1,1991,55.7714514429345,NA,33.0458391550681,NA,2.65714285714286,NA
id875,1997,6,1,1991,NA,NA,35.3488419091042,NA,2.65714285714286,NA
id875,1992,1,1,1991,23.2975882310521,NA,NA,NA,2.65714285714286,NA
id875,1996,5,1,1991,NA,NA,35.4698796365202,NA,2.65714285714286,NA
id875,1991,0,1,1991,NA,NA,NA,NA,2.65714285714286,NA
id875,1994,3,1,1991,44.2704383642947,NA,26.5404264735311,NA,2.65714285714286,NA
id200,1996,5,0,1992,NA,NA,NA,14.0450049146823,NA,6.07142857142857
id200,1994,3,0,1992,NA,19.7754187825016,NA,13.0073537402841,NA,6.07142857142857
id200,1992,1,0,1992,NA,NA,NA,NA,NA,6.07142857142857
id200,1993,2,0,1992,NA,14.9874322447035,NA,NA,NA,6.07142857142857
id200,1995,4,0,1992,NA,21.8584893440513,NA,14.0522184705271,NA,6.07142857142857
id509,1992,0,0,1992,NA,NA,NA,NA,NA,0
id270,1993,0,0,1993,NA,NA,NA,NA,NA,0
id690,1994,0,1,1994,NA,NA,NA,NA,0,NA
id178,1977,5,1,1972,NA,NA,36.4268928275424,NA,1.16129032258065,NA
id178,1976,4,1,1972,75.2049103110197,NA,37.8368860618823,NA,1.16129032258065,NA
id178,1978,6,1,1972,NA,NA,37.0146957889952,NA,1.16129032258065,NA
id178,1973,1,1,1972,NA,NA,NA,NA,1.16129032258065,NA
id408,1983,1,1,1982,25.4039098320271,NA,NA,NA,0.297297297297297,NA
id408,1982,0,1,1982,NA,NA,NA,NA,0.297297297297297,NA
id367,1985,0,1,1985,NA,NA,NA,NA,0.554913294797688,NA
id367,1986,1,1,1985,26.933548223475,NA,NA,NA,0.554913294797688,NA
id33,1989,2,1,1987,39.8433779350443,NA,26.4219347891135,NA,1.06976744186047,NA
id33,1988,1,1,1987,24.16128540858,NA,NA,NA,1.06976744186047,NA
id33,1990,3,1,1987,55.3596905063977,NA,33.3922438059283,NA,1.06976744186047,NA
id33,1991,4,1,1987,70.4023500264585,NA,37.9764671271961,NA,1.06976744186047,NA
id33,1987,0,1,1987,NA,NA,NA,NA,1.06976744186047,NA
id784,1989,1,0,1988,NA,11.5249480398029,NA,NA,NA,0.428571428571429
id784,1988,0,0,1988,NA,NA,NA,NA,NA,0.428571428571429
id784,1990,2,0,1988,NA,21.5508533748464,NA,13.6728156565141,NA,0.428571428571429
id784,1991,3,0,1988,NA,24.9624618427844,NA,14.3899730923604,NA,0.428571428571429
id1118,1996,7,1,1989,NA,NA,41.413253259659,NA,2.1,NA
id1118,1991,2,1,1989,39.6957888675312,NA,27.3521312051821,NA,2.1,NA
id1118,1995,6,1,1989,NA,NA,39.9534205209703,NA,2.1,NA
id1118,1994,5,1,1989,NA,NA,38.2364748574187,NA,2.1,NA
id1118,1993,4,1,1989,63.5941826161828,NA,35.9880061982219,NA,2.1,NA
id1118,1989,0,1,1989,NA,NA,NA,NA,2.1,NA
id1118,1998,9,1,1989,NA,NA,39.7977012974323,NA,2.1,NA
id1118,1990,1,1,1989,21.751473964124,NA,NA,NA,2.1,NA
id1118,1997,8,1,1989,NA,NA,39.2525617854204,NA,2.1,NA
id1118,1992,3,1,1989,53.1499515006739,NA,32.6526592329661,NA,2.1,NA
id192,1992,2,0,1990,NA,14.5455593203295,NA,13.2467469486888,NA,1.58620689655172
id192,1996,6,0,1990,NA,NA,NA,13.8644298624321,NA,1.58620689655172
id192,1994,4,0,1990,NA,19.5409893909684,NA,14.1528385248469,NA,1.58620689655172
id192,1990,0,0,1990,NA,NA,NA,NA,NA,1.58620689655172
id192,1991,1,0,1990,NA,7.56818763677119,NA,NA,NA,1.58620689655172
id192,1995,5,0,1990,NA,NA,NA,14.114972706129,NA,1.58620689655172
id192,1993,3,0,1990,NA,16.7497954209998,NA,14.1407537656589,NA,1.58620689655172
id500,1991,0,1,1991,NA,NA,NA,NA,0,NA
id1124,1996,3,1,1993,49.540583902033,NA,31.8197544209618,NA,2.12121212121212,NA
id1124,1993,0,1,1993,NA,NA,NA,NA,2.12121212121212,NA
id1124,1998,5,1,1993,NA,NA,36.5752165594569,NA,2.12121212121212,NA
id1124,1994,1,1,1993,22.391651180995,NA,NA,NA,2.12121212121212,NA
id1124,1997,4,1,1993,59.4546932448437,NA,33.2700780132018,NA,2.12121212121212,NA
id1124,1995,2,1,1993,34.9946978616001,NA,24.5126870387594,NA,2.12121212121212,NA
id56,1975,4,1,1971,68.7980917817965,NA,39.9073105692629,NA,0.521739130434783,NA
id56,1976,5,1,1971,NA,NA,42.1714381055808,NA,0.521739130434783,NA
id396,1990,8,1,1982,NA,NA,44.0129652660968,NA,2.37837837837838,NA
id396,1988,6,1,1982,NA,NA,44.2292811263309,NA,2.37837837837838,NA
id396,1983,1,1,1982,19.3032974757963,NA,NA,NA,2.37837837837838,NA
id396,1987,5,1,1982,NA,NA,42.2196024110004,NA,2.37837837837838,NA
id396,1985,3,1,1982,50.6039072296441,NA,32.1722219764133,NA,2.37837837837838,NA
id396,1984,2,1,1982,35.9990058840077,NA,24.1322473658343,NA,2.37837837837838,NA
id396,1989,7,1,1982,NA,NA,41.9719272551378,NA,2.37837837837838,NA
id396,1982,0,1,1982,NA,NA,NA,NA,2.37837837837838,NA
id396,1986,4,1,1982,67.7303677406023,NA,41.4856226733402,NA,2.37837837837838,NA
id987,1991,6,1,1985,NA,NA,42.8278906108021,NA,1.66473988439306,NA
id987,1987,2,1,1985,42.4166036914202,NA,29.0013204840492,NA,1.66473988439306,NA
id987,1988,3,1,1985,59.3756721274668,NA,37.0566357562889,NA,1.66473988439306,NA
id987,1990,5,1,1985,NA,NA,39.2479275698707,NA,1.66473988439306,NA
id987,1985,0,1,1985,NA,NA,NA,NA,1.66473988439306,NA
id987,1989,4,1,1985,70.9058789096823,NA,40.6110887258942,NA,1.66473988439306,NA
id987,1986,1,1,1985,23.9825571750243,NA,NA,NA,1.66473988439306,NA
id79,1989,2,1,1987,41.8404936635175,NA,28.64385310286,NA,1.33720930232558,NA
id79,1988,1,1,1987,24.6952430960647,NA,NA,NA,1.33720930232558,NA
id79,1992,5,1,1987,NA,NA,NA,NA,1.33720930232558,NA
id79,1987,0,1,1987,NA,NA,NA,NA,1.33720930232558,NA
id79,1990,3,1,1987,56.0180786338969,NA,35.0302921056996,NA,1.33720930232558,NA
id79,1991,4,1,1987,67.4333099992809,NA,38.5326900974114,NA,1.33720930232558,NA
id648,2001,13,0,1988,NA,NA,NA,13.7517910932441,NA,1.85714285714286
id648,1999,11,0,1988,NA,NA,NA,13.5280790852904,NA,1.85714285714286
id648,1996,8,0,1988,NA,NA,NA,14.22938697491,NA,1.85714285714286
id648,1998,10,0,1988,NA,NA,NA,14.0823064525191,NA,1.85714285714286
id648,2000,12,0,1988,NA,NA,NA,13.5340937530495,NA,1.85714285714286
id648,1990,2,0,1988,NA,17.1974550639913,NA,13.3064356569893,NA,1.85714285714286
id648,1992,4,0,1988,NA,22.1124921158833,NA,15.145831147418,NA,1.85714285714286
id648,1988,0,0,1988,NA,NA,NA,NA,NA,1.85714285714286
id648,1991,3,0,1988,NA,19.3802854492427,NA,13.8952732241125,NA,1.85714285714286
id648,1994,6,0,1988,NA,NA,NA,14.5752531064685,NA,1.85714285714286
id648,1995,7,0,1988,NA,NA,NA,14.3177920183393,NA,1.85714285714286
id648,1997,9,0,1988,NA,NA,NA,13.5496412769335,NA,1.85714285714286
id648,1993,5,0,1988,NA,NA,NA,15.4087434123894,NA,1.85714285714286
id551,1989,0,0,1989,NA,NA,NA,NA,NA,1.17159763313609
id551,1994,5,0,1989,NA,NA,NA,15.0650106051854,NA,1.17159763313609
id551,1991,2,0,1989,NA,21.0409281474963,NA,14.0536413865679,NA,1.17159763313609
id551,1993,4,0,1989,NA,27.7755671485401,NA,15.9603452305894,NA,1.17159763313609
id551,1990,1,0,1989,NA,15.4867553312461,NA,NA,NA,1.17159763313609
id551,1992,3,0,1989,NA,26.24259123837,NA,15.7443223254655,NA,1.17159763313609
id551,1995,6,0,1989,NA,NA,NA,14.7856475107574,NA,1.17159763313609
id849,1990,0,0,1990,NA,NA,NA,NA,NA,0
id257,1991,0,1,1991,NA,NA,NA,NA,0,NA
id385,1993,0,0,1993,NA,NA,NA,NA,NA,0
id1,1981,17,0,1964,NA,NA,NA,13.5329768049831,NA,1
id1,1975,11,0,1964,NA,NA,NA,NA,NA,1
id1,1978,14,0,1964,NA,NA,NA,13.1378125523815,NA,1
id1,1977,13,0,1964,NA,NA,NA,12.9130611520708,NA,1
id1,1976,12,0,1964,NA,NA,NA,11.6270762853385,NA,1
id845,1975,12,0,1963,NA,NA,NA,NA,NA,1
id845,1976,13,0,1963,NA,NA,NA,12.7562318844598,NA,1
id829,1989,7,0,1982,NA,NA,NA,12.809353956215,NA,1.10344827586207
id829,1982,0,0,1982,NA,NA,NA,NA,NA,1.10344827586207
id829,1990,8,0,1982,NA,NA,NA,12.8631609334266,NA,1.10344827586207
id829,1985,3,0,1982,NA,21.1082806176848,NA,14.0555169689207,NA,1.10344827586207
id829,1986,4,0,1982,NA,22.7303428184351,NA,14.4790672830013,NA,1.10344827586207
id829,1983,1,0,1982,NA,5.05816166919636,NA,NA,NA,1.10344827586207
id829,1984,2,0,1982,NA,15.3004762882546,NA,12.3935473157945,NA,1.10344827586207
id829,1988,6,0,1982,NA,NA,NA,12.4978739325668,NA,1.10344827586207
id829,1987,5,0,1982,NA,NA,NA,12.9029156763322,NA,1.10344827586207
id225,1985,0,1,1985,NA,NA,NA,NA,1.66473988439306,NA
id225,1990,5,1,1985,NA,NA,41.5004306997896,NA,1.66473988439306,NA
id225,1987,2,1,1985,38.6041333309647,NA,29.2712764429644,NA,1.66473988439306,NA
id225,1991,6,1,1985,NA,NA,42.227890610802,NA,1.66473988439306,NA
id225,1986,1,1,1985,20.9823287293583,NA,NA,NA,1.66473988439306,NA
id225,1989,4,1,1985,61.169184278647,NA,38.089238888683,NA,1.66473988439306,NA
id225,1988,3,1,1985,52.1639224806132,NA,35.1672092912694,NA,1.66473988439306,NA
id48,1987,0,0,1987,NA,NA,NA,NA,NA,0
id501,1988,0,0,1988,NA,NA,NA,NA,NA,0
id69,1989,0,1,1989,NA,NA,NA,NA,1.16666666666667,NA
id69,1993,4,1,1989,67.5061756904054,NA,39.0368484696826,NA,1.16666666666667,NA
id69,1991,2,1,1989,41.2300924298933,NA,29.0468570867859,NA,1.16666666666667,NA
id69,1992,3,1,1989,56.4469113287294,NA,36.7977245251447,NA,1.16666666666667,NA
id69,1990,1,1,1989,24.9180508247641,NA,NA,NA,1.16666666666667,NA
id69,1994,5,1,1989,NA,NA,36.305027883618,NA,1.16666666666667,NA
id572,1990,0,1,1990,NA,NA,NA,NA,0,NA
id1023,1996,5,0,1991,NA,NA,NA,12.8055637829287,NA,3
id1023,1998,7,0,1991,NA,NA,NA,12.8384846244928,NA,3
id1023,1997,6,0,1991,NA,NA,NA,12.5246894238852,NA,3
id1023,1992,1,0,1991,NA,9.85856126372813,NA,NA,NA,3
id1023,1993,2,0,1991,NA,13.6432858829566,NA,12.4690620878695,NA,3
id1023,1999,8,0,1991,NA,NA,NA,12.6346830577763,NA,3
id1023,2000,9,0,1991,NA,NA,NA,12.0994818529464,NA,3
id1023,1994,3,0,1991,NA,16.9530102762897,NA,13.0027274268153,NA,3
id1023,1995,4,0,1991,NA,14.4751932827991,NA,12.9008044733867,NA,3
id1023,1991,0,0,1991,NA,NA,NA,NA,NA,3
id1090,1994,1,0,1993,NA,10.5620627275579,NA,NA,NA,1.8
id1090,1993,0,0,1993,NA,NA,NA,NA,NA,1.8
id1008,1976,5,0,1971,NA,NA,NA,14.5317814712626,NA,0.833333333333333
id1008,1975,4,0,1971,NA,28.0332860544631,NA,NA,NA,0.833333333333333
id850,1975,4,0,1971,NA,23.2575870109368,NA,NA,NA,1
id850,1976,5,0,1971,NA,NA,NA,13.2976622726397,NA,1
id850,1977,6,0,1971,NA,NA,NA,13.4271461698073,NA,1
id729,1982,0,1,1982,NA,NA,NA,NA,2.08108108108108,NA
id729,1987,5,1,1982,NA,NA,42.2196024110004,NA,2.08108108108108,NA
id729,1983,1,1,1982,23.3476225943233,NA,NA,NA,2.08108108108108,NA
id729,1984,2,1,1982,42.0875159888135,NA,27.6834513786107,NA,2.08108108108108,NA
id729,1985,3,1,1982,56.4854536959904,NA,33.6806175191227,NA,2.08108108108108,NA
id729,1989,7,1,1982,NA,NA,42.439238888683,NA,2.08108108108108,NA
id77,1985,0,1,1985,NA,NA,NA,NA,0,NA
id937,1993,6,1,1987,NA,NA,46.3444355418955,NA,1.6046511627907,NA
id937,1989,2,1,1987,48.3983138972172,NA,30.6173758623372,NA,1.6046511627907,NA
id937,1992,5,1,1987,NA,NA,47.6811466881657,NA,1.6046511627907,NA
id937,1990,3,1,1987,58.0806536976458,NA,36.8812669868248,NA,1.6046511627907,NA
id937,1988,1,1,1987,31.1159731258671,NA,NA,NA,1.6046511627907,NA
id937,1987,0,1,1987,NA,NA,NA,NA,1.6046511627907,NA
id937,1991,4,1,1987,76.8371860552397,NA,43.0535404539893,NA,1.6046511627907,NA
id73,1988,0,0,1988,NA,NA,NA,NA,NA,0.142857142857143
id657,1989,0,1,1989,NA,NA,NA,NA,0.233333333333333,NA
id657,1990,1,1,1989,15.8622485794942,NA,NA,NA,0.233333333333333,NA
id596,1990,0,0,1990,NA,NA,NA,NA,NA,0
id250,1999,8,1,1991,NA,NA,37.210950553544,NA,4.42857142857143,NA
id250,2001,10,1,1991,NA,NA,37.9044666240679,NA,4.42857142857143,NA
id250,1998,7,1,1991,NA,NA,36.6492149577174,NA,4.42857142857143,NA
id250,1994,3,1,1991,37.0395351423958,NA,23.6903983858975,NA,4.42857142857143,NA
id250,1992,1,1,1991,15.4604975745415,NA,NA,NA,4.42857142857143,NA
id250,1995,4,1,1991,49.8878145046778,NA,30.7802960530645,NA,4.42857142857143,NA
id250,1997,6,1,1991,NA,NA,34.7886606250289,NA,4.42857142857143,NA
id250,1993,2,1,1991,23.8890399357371,NA,17.7318676979563,NA,4.42857142857143,NA
id250,1991,0,1,1991,NA,NA,NA,NA,4.42857142857143,NA
id250,1996,5,1,1991,NA,NA,34.9672839335315,NA,4.42857142857143,NA
id161,1993,0,0,1993,NA,NA,NA,NA,NA,0
id863,1976,7,0,1969,NA,NA,NA,13.5694820068833,NA,1
id228,1992,10,0,1982,NA,NA,NA,14.3875834944341,NA,1.37931034482759
id228,1982,0,0,1982,NA,NA,NA,NA,NA,1.37931034482759
id228,1983,1,0,1982,NA,11.6854515033311,NA,NA,NA,1.37931034482759
id228,1989,7,0,1982,NA,NA,NA,15.3543883491574,NA,1.37931034482759
id228,1988,6,0,1982,NA,NA,NA,14.0800198751787,NA,1.37931034482759
id228,1987,5,0,1982,NA,NA,NA,15.1633773363204,NA,1.37931034482759
id228,1990,8,0,1982,NA,NA,NA,14.229876396266,NA,1.37931034482759
id228,1984,2,0,1982,NA,20.5848755437127,NA,14.3492460519552,NA,1.37931034482759
id228,1985,3,0,1982,NA,24.9550951707972,NA,15.0614398175499,NA,1.37931034482759
id228,1986,4,0,1982,NA,26.9293874475039,NA,15.6053106943753,NA,1.37931034482759
id228,1991,9,0,1982,NA,NA,NA,13.9210295023136,NA,1.37931034482759
id909,1989,1,1,1988,18.495552477968,NA,NA,NA,0.99009900990099,NA
id909,1992,4,1,1988,57.339129838488,NA,32.065104103922,NA,0.99009900990099,NA
id909,1991,3,1,1988,44.8177571509107,NA,27.5887634481523,NA,0.99009900990099,NA
id909,1988,0,1,1988,NA,NA,NA,NA,0.99009900990099,NA
id909,1990,2,1,1988,27.3827716973753,NA,19.649844766968,NA,0.99009900990099,NA
id1062,1996,7,0,1989,NA,NA,NA,15.114626841963,NA,1.56213017751479
id1062,1989,0,0,1989,NA,NA,NA,NA,NA,1.56213017751479
id1062,1992,3,0,1989,NA,22.0913921490284,NA,15.0089856588166,NA,1.56213017751479
id1062,1990,1,0,1989,NA,12.3593933178283,NA,NA,NA,1.56213017751479
id1062,1994,5,0,1989,NA,NA,NA,14.9065839443276,NA,1.56213017751479
id1062,1997,8,0,1989,NA,NA,NA,14.0158730801213,NA,1.56213017751479
id1062,1995,6,0,1989,NA,NA,NA,14.9790290510181,NA,1.56213017751479
id1062,1993,4,0,1989,NA,22.7265814360453,NA,15.2312718281821,NA,1.56213017751479
id1062,1991,2,0,1989,NA,15.7345971816,NA,13.0434467823846,NA,1.56213017751479
id897,1991,0,0,1991,NA,NA,NA,NA,NA,0.333333333333333
id897,1992,1,0,1991,NA,7.91300279422694,NA,NA,NA,0.333333333333333
id854,1995,2,0,1993,NA,20.1623412149494,NA,13.854257068709,NA,10.8
id854,1996,3,0,1993,NA,25.3914749344979,NA,15.3886583783575,NA,10.8
id854,1994,1,0,1993,NA,15.294743096339,NA,NA,NA,10.8
id854,1999,6,0,1993,NA,NA,NA,14.1335970182982,NA,10.8
id854,1997,4,0,1993,NA,27.7259412757399,NA,14.5027802212456,NA,10.8
id854,1998,5,0,1993,NA,NA,NA,14.6231151825229,NA,10.8
id854,1993,0,0,1993,NA,NA,NA,NA,NA,10.8
id989,1997,9,1,1988,NA,NA,39.0299151013399,NA,2.72277227722772,NA
id989,1998,10,1,1988,NA,NA,41.6141280257291,NA,2.72277227722772,NA
id989,1991,3,1,1988,55.3540593536307,NA,33.844585797056,NA,2.72277227722772,NA
id989,1989,1,1,1988,21.9592738641159,NA,NA,NA,2.72277227722772,NA
id989,1988,0,1,1988,NA,NA,NA,NA,2.72277227722772,NA
id989,1990,2,1,1988,40.4577635770064,NA,26.621204676012,NA,2.72277227722772,NA
id989,1999,11,1,1988,NA,NA,38.4215842445065,NA,2.72277227722772,NA
id989,1992,4,1,1988,68.8501169405312,NA,39.5973716543678,NA,2.72277227722772,NA
id989,1995,7,1,1988,NA,NA,41.0375534737628,NA,2.72277227722772,NA
id989,1994,6,1,1988,NA,NA,39.3471162663974,NA,2.72277227722772,NA
id989,1993,5,1,1988,NA,NA,41.7084393398764,NA,2.72277227722772,NA
id989,1996,8,1,1988,NA,NA,40.9378152739477,NA,2.72277227722772,NA
id725,1989,1,0,1988,NA,NA,NA,NA,NA,0.142857142857143
id1041,1991,0,1,1991,NA,NA,NA,NA,0,NA
id473,1993,0,0,1993,NA,NA,NA,NA,NA,0
id555,1988,0,1,1988,NA,NA,NA,NA,0.495049504950495,NA
id870,1989,0,0,1989,NA,NA,NA,NA,NA,0
id409,1991,0,1,1991,NA,NA,NA,NA,0.442857142857143,NA
id409,1992,1,1,1991,22.9489801379753,NA,NA,NA,0.442857142857143,NA
id85,1995,2,0,1993,NA,15.0628957215828,NA,12.2846117996491,NA,3.6
id85,1994,1,0,1993,NA,9.22570658845715,NA,NA,NA,3.6
id85,1993,0,0,1993,NA,NA,NA,NA,NA,3.6
id255,1976,4,1,1972,65.7049103110197,NA,37.8368860618823,NA,1.74193548387097,NA
id255,1977,5,1,1972,NA,NA,38.2948337773593,NA,1.74193548387097,NA
id255,1979,7,1,1972,NA,NA,43.0887484122503,NA,1.74193548387097,NA
id255,1978,6,1,1972,NA,NA,38.4046213228937,NA,1.74193548387097,NA
id1111,1995,7,0,1988,NA,NA,NA,13.2235595707206,NA,1.71428571428571
id1111,1990,2,0,1988,NA,17.730431597303,NA,12.9904897233565,NA,1.71428571428571
id1111,1993,5,0,1988,NA,NA,NA,13.8470692686337,NA,1.71428571428571
id1111,2000,12,0,1988,NA,NA,NA,12.8380809219974,NA,1.71428571428571
id1111,1989,1,0,1988,NA,10.6633105463291,NA,NA,NA,1.71428571428571
id1111,1988,0,0,1988,NA,NA,NA,NA,NA,1.71428571428571
id1111,1994,6,0,1988,NA,NA,NA,13.6235259789046,NA,1.71428571428571
id1111,1997,9,0,1988,NA,NA,NA,12.9195773079547,NA,1.71428571428571
id1111,1991,3,0,1988,NA,22.1774392127386,NA,14.0307274309827,NA,1.71428571428571
id1111,1996,8,0,1988,NA,NA,NA,13.7239239673403,NA,1.71428571428571
id1111,1992,4,0,1988,NA,24.1928892940585,NA,13.8619109239964,NA,1.71428571428571
id1111,1998,10,0,1988,NA,NA,NA,12.9197356714149,NA,1.71428571428571
id1111,1999,11,0,1988,NA,NA,NA,12.740669490167,NA,1.71428571428571
id491,1991,2,0,1989,NA,14.9256065148798,NA,12.7359400100555,NA,1.56213017751479
id491,1989,0,0,1989,NA,NA,NA,NA,NA,1.56213017751479
id491,1993,4,0,1989,NA,21.9155856694376,NA,14.5999855753433,NA,1.56213017751479
id491,1995,6,0,1989,NA,NA,NA,13.7658637582452,NA,1.56213017751479
id491,1990,1,0,1989,NA,9.61296745865681,NA,NA,NA,1.56213017751479
id491,1996,7,0,1989,NA,NA,NA,14.1228142100345,NA,1.56213017751479
id491,1992,3,0,1989,NA,19.7141064883251,NA,13.8564399161302,NA,1.56213017751479
id491,1997,8,0,1989,NA,NA,NA,13.2954471705496,NA,1.56213017751479
id491,1994,5,0,1989,NA,NA,NA,13.3870816448921,NA,1.56213017751479
id832,1991,0,1,1991,NA,NA,NA,NA,0,NA
id789,1993,0,0,1993,NA,NA,NA,NA,NA,0
id1053,1988,0,1,1988,NA,NA,NA,NA,0.495049504950495,NA
id1053,1989,1,1,1988,25.8473651407407,NA,NA,NA,0.495049504950495,NA
id1053,1990,2,1,1988,40.9871004242938,NA,25.7898610110564,NA,0.495049504950495,NA
id720,1991,2,1,1989,47.1618915859585,NA,31.6814508674708,NA,1.16666666666667,NA
id720,1989,0,1,1989,NA,NA,NA,NA,1.16666666666667,NA
id720,1990,1,1,1989,27.8954234270624,NA,NA,NA,1.16666666666667,NA
id720,1993,4,1,1989,70.1945237231298,NA,39.450694146795,NA,1.16666666666667,NA
id720,1992,3,1,1989,63.9877196556405,NA,39.7230207464716,NA,1.16666666666667,NA
id720,1994,5,1,1989,NA,NA,39.7393477177429,NA,1.16666666666667,NA
id896,1991,0,0,1991,NA,NA,NA,NA,NA,0
id896,1992,1,0,1991,NA,9.39599808257564,NA,NA,NA,0
id478,1993,0,1,1993,NA,NA,NA,NA,0,NA
id750,1979,8,1,1971,NA,NA,43.5872975240154,NA,1.56521739130435,NA
id750,1977,6,1,1971,NA,NA,40.19423306701,NA,1.56521739130435,NA
id750,1978,7,1,1971,NA,NA,40.7685355891807,NA,1.56521739130435,NA
id750,1975,4,1,1971,67.5948989120848,NA,37.3905018240363,NA,1.56521739130435,NA
id750,1976,5,1,1971,NA,NA,41.9730075054535,NA,1.56521739130435,NA
id431,1988,0,1,1988,NA,NA,NA,NA,0.247524752475248,NA
id431,1989,1,1,1988,17.7160768130367,NA,NA,NA,0.247524752475248,NA
id737,1989,0,0,1989,NA,NA,NA,NA,NA,0
id562,1996,5,0,1991,NA,NA,NA,13.9543432330947,NA,3.33333333333333
id562,2000,9,0,1991,NA,NA,NA,12.7076835168971,NA,3.33333333333333
id562,1999,8,0,1991,NA,NA,NA,12.9203817823682,NA,3.33333333333333
id562,1998,7,0,1991,NA,NA,NA,13.3768803377926,NA,3.33333333333333
id562,1994,3,0,1991,NA,21.9084764772295,NA,13.5578960905224,NA,3.33333333333333
id562,1995,4,0,1991,NA,23.958083186763,NA,13.7617849429052,NA,3.33333333333333
id562,2001,10,0,1991,NA,NA,NA,13.0679638065529,NA,3.33333333333333
id562,1991,0,0,1991,NA,NA,NA,NA,NA,3.33333333333333
id562,1997,6,0,1991,NA,NA,NA,13.2205886701107,NA,3.33333333333333
id562,1993,2,0,1991,NA,16.7011980963086,NA,12.4079014122522,NA,3.33333333333333
id562,1992,1,0,1991,NA,10.5903012970232,NA,NA,NA,3.33333333333333
id889,1993,0,0,1993,NA,NA,NA,NA,NA,0
id439,1973,1,1,1972,NA,NA,NA,NA,1.35483870967742,NA
id439,1979,7,1,1972,NA,NA,NA,NA,1.35483870967742,NA
id439,1978,6,1,1972,NA,NA,37.8518875873299,NA,1.35483870967742,NA
id439,1976,4,1,1972,73.0049103110197,NA,39.5868860618823,NA,1.35483870967742,NA
id439,1977,5,1,1972,NA,NA,38.1448337773593,NA,1.35483870967742,NA
id1034,1977,4,0,1973,NA,20.5667656078326,NA,12.7090533950799,NA,0.8
id1034,1976,3,0,1973,NA,20.4082369771872,NA,13.1489374379494,NA,0.8
id1034,1974,1,0,1973,NA,NA,NA,NA,NA,0.8
id1034,1975,2,0,1973,NA,18.8888704422813,NA,NA,NA,0.8
id47,1977,7,1,1970,NA,NA,38.1491655269317,NA,1.06666666666667,NA
id133,1976,1,1,1975,27.6906251443734,NA,NA,NA,0.466666666666667,NA
id347,1979,3,0,1976,NA,24.6870438125305,NA,14.7055291534005,NA,1.22448979591837
id347,1977,1,0,1976,NA,17.082963355572,NA,NA,NA,1.22448979591837
id347,1980,4,0,1976,NA,26.7776924522856,NA,14.3369496875572,NA,1.22448979591837
id347,1978,2,0,1976,NA,22.5274722000655,NA,13.8555468406378,NA,1.22448979591837
id274,1979,2,1,1977,42.4540506273907,NA,28.7430570861028,NA,0.571428571428571,NA
id274,1978,1,1,1977,25.9542268063596,NA,NA,NA,0.571428571428571,NA
id274,1984,7,1,1977,NA,NA,42.3922749631647,NA,0.571428571428571,NA
id274,1983,6,1,1977,NA,NA,42.0094749814835,NA,0.571428571428571,NA
id274,1980,3,1,1977,66.0491265023803,NA,40.1083458802358,NA,0.571428571428571,NA
id834,1981,2,0,1979,NA,20.4739306462306,NA,12.9663669166402,NA,1.41428571428571
id834,1988,9,0,1979,NA,NA,NA,12.5658218962736,NA,1.41428571428571
id834,1989,10,0,1979,NA,NA,NA,13.709353956215,NA,1.41428571428571
id834,1983,4,0,1979,NA,23.2035150224343,NA,13.8147392619824,NA,1.41428571428571
id834,1987,8,0,1979,NA,NA,NA,13.8265700649095,NA,1.41428571428571
id834,1982,3,0,1979,NA,21.3972557334462,NA,13.1723809142768,NA,1.41428571428571
id834,1990,11,0,1979,NA,NA,NA,13.2391118892451,NA,1.41428571428571
id834,1980,1,0,1979,NA,13.9289401472347,NA,NA,NA,1.41428571428571
id834,1986,7,0,1979,NA,NA,NA,14.3068985974398,NA,1.41428571428571
id834,1985,6,0,1979,NA,NA,NA,14.2778350640945,NA,1.41428571428571
id834,1984,5,0,1979,NA,NA,NA,14.3063048375812,NA,1.41428571428571
id834,1979,0,0,1979,NA,NA,NA,NA,NA,1.41428571428571
id419,1980,0,1,1980,NA,NA,NA,NA,0.818181818181818,NA
id419,1981,1,1,1980,29.9351780665142,NA,NA,NA,0.818181818181818,NA
id419,1983,3,1,1980,59.4872239279686,NA,34.3368047533626,NA,0.818181818181818,NA
id419,1982,2,1,1980,45.9491522916851,NA,29.3361799054505,NA,0.818181818181818,NA
id858,1986,6,1,1980,NA,NA,44.6274755897123,NA,2.72727272727273,NA
id858,1984,4,1,1980,69.6089206764539,NA,40.0918529322838,NA,2.72727272727273,NA
id858,1983,3,1,1980,58.3347396448826,NA,35.0094749814835,NA,2.72727272727273,NA
id858,1981,1,1,1980,26.5030437694752,NA,NA,NA,2.72727272727273,NA
id858,1989,9,1,1980,NA,NA,41.2552694327263,NA,2.72727272727273,NA
id858,1982,2,1,1980,42.8096657200364,NA,28.4298807974995,NA,2.72727272727273,NA
id858,1985,5,1,1980,NA,NA,40.5322245589483,NA,2.72727272727273,NA
id858,1990,10,1,1980,NA,NA,44.2059579586618,NA,2.72727272727273,NA
id313,1993,11,0,1982,NA,NA,NA,14.9888335595774,NA,1.6551724137931
id313,1991,9,0,1982,NA,NA,NA,14.3903367945781,NA,1.6551724137931
id313,1990,8,0,1982,NA,NA,NA,14.5047123371829,NA,1.6551724137931
id313,1983,1,0,1982,NA,15.0065463703536,NA,NA,NA,1.6551724137931
id313,1986,4,0,1982,NA,26.1532656320939,NA,16.1088581482876,NA,1.6551724137931
id313,1985,3,0,1982,NA,24.6797195065342,NA,15.9698477408366,NA,1.6551724137931
id313,1987,5,0,1982,NA,NA,NA,16.3971264101432,NA,1.6551724137931
id313,1989,7,0,1982,NA,NA,NA,15.2898199680494,NA,1.6551724137931
id313,1988,6,0,1982,NA,NA,NA,NA,NA,1.6551724137931
id313,1994,12,0,1982,NA,NA,NA,14.4608776563998,NA,1.6551724137931
id313,1984,2,0,1982,NA,22.4180811324808,NA,14.9503401842521,NA,1.6551724137931
id313,1992,10,0,1982,NA,NA,NA,14.6262170729684,NA,1.6551724137931
id313,1982,0,0,1982,NA,NA,NA,NA,NA,1.6551724137931
id894,1983,0,1,1983,NA,NA,NA,NA,0.311111111111111,NA
id894,1984,1,1,1983,28.0912576408656,NA,NA,NA,0.311111111111111,NA
id1129,1984,0,0,1984,NA,NA,NA,NA,NA,0
id352,1985,1,0,1984,NA,17.0195334577254,NA,NA,NA,0.175824175824176
id624,1988,3,0,1985,NA,17.3902155537393,NA,12.0465212314539,NA,1.625
id624,1992,7,0,1985,NA,NA,NA,13.8414148116296,NA,1.625
id624,1994,9,0,1985,NA,NA,NA,12.3949334909233,NA,1.625
id624,1990,5,0,1985,NA,NA,NA,13.5814954855581,NA,1.625
id624,1993,8,0,1985,NA,NA,NA,13.5785173738155,NA,1.625
id624,1987,2,0,1985,NA,16.6465214824389,NA,12.4106860441213,NA,1.625
id624,1991,6,0,1985,NA,NA,NA,12.7211696464606,NA,1.625
id624,1986,1,0,1985,NA,11.593566311264,NA,NA,NA,1.625
id624,1989,4,0,1985,NA,18.6797690090004,NA,12.6898199680494,NA,1.625
id507,1986,1,1,1985,18.3922913229114,NA,NA,NA,0.277456647398844,NA
id331,1997,11,0,1986,NA,NA,NA,13.6509535815869,NA,1.625
id331,1987,1,0,1986,NA,18.0801009457007,NA,NA,NA,1.625
id331,1994,8,0,1986,NA,NA,NA,14.2688271586477,NA,1.625
id331,1998,12,0,1986,NA,NA,NA,13.8582127542926,NA,1.625
id331,1992,6,0,1986,NA,NA,NA,14.8363929902181,NA,1.625
id331,1996,10,0,1986,NA,NA,NA,14.2672155747292,NA,1.625
id331,1995,9,0,1986,NA,NA,NA,14.1695587958125,NA,1.625
id331,1988,2,0,1986,NA,21.5080636229693,NA,14.5486827062634,NA,1.625
id331,1990,4,0,1986,NA,24.0647241623005,NA,14.5526881048263,NA,1.625
id331,1991,5,0,1986,NA,NA,NA,14.7784988826636,NA,1.625
id331,1989,3,0,1986,NA,24.2797690090004,NA,15.1898199680494,NA,1.625
id331,1993,7,0,1986,NA,NA,NA,NA,NA,1.625
id702,1989,2,1,1987,36.2419780068275,NA,23.8131776072663,NA,0.534883720930233,NA
id702,1988,1,1,1987,21.3246801195359,NA,NA,NA,0.534883720930233,NA
id730,1990,2,1,1988,43.6578892723155,NA,27.9055566384123,NA,0.99009900990099,NA
id730,1991,3,1,1988,62.0909949032452,NA,36.3210779109825,NA,0.99009900990099,NA
id730,1992,4,1,1988,76.839129838488,NA,42.265104103922,NA,0.99009900990099,NA
id730,1989,1,1,1988,30.2617485839943,NA,NA,NA,0.99009900990099,NA
id180,1990,0,1,1990,NA,NA,NA,NA,2.4,NA
id180,1991,1,1,1990,24.8419275164452,NA,NA,NA,2.4,NA
id180,1997,7,1,1990,NA,NA,41.1753904265966,NA,2.4,NA
id180,1995,5,1,1990,NA,NA,40.0073328358273,NA,2.4,NA
id180,1996,6,1,1990,NA,NA,39.268636616845,NA,2.4,NA
id180,1992,2,1,1990,41.0098421936724,NA,27.5546880981154,NA,2.4,NA
id180,1998,8,1,1990,NA,NA,39.7753806432147,NA,2.4,NA
id180,1994,4,1,1990,60.6420505020293,NA,36.3145396974374,NA,2.4,NA
id180,1993,3,1,1990,52.98702648133,NA,32.2928926520947,NA,2.4,NA
id874,1991,0,1,1991,NA,NA,NA,NA,0,NA
id389,1992,0,0,1992,NA,NA,NA,NA,NA,6.07142857142857
id389,1993,1,0,1992,NA,8.32879506892646,NA,NA,NA,6.07142857142857
id389,1997,5,0,1992,NA,NA,NA,13.1502980891862,NA,6.07142857142857
id389,1994,2,0,1992,NA,15.6523689399628,NA,12.2953609299919,NA,6.07142857142857
id389,1996,4,0,1992,NA,22.568928228488,NA,14.3463982445399,NA,6.07142857142857
id389,1995,3,0,1992,NA,19.6863945731909,NA,13.1879045364861,NA,6.07142857142857
id779,1993,0,1,1993,NA,NA,NA,NA,0,NA
id904,1994,0,1,1994,NA,NA,NA,NA,0,NA
id640,1988,0,0,1988,NA,NA,NA,NA,NA,1.85714285714286
id640,1999,11,0,1988,NA,NA,NA,13.4574892591095,NA,1.85714285714286
id640,1998,10,0,1988,NA,NA,NA,13.7507718299935,NA,1.85714285714286
id640,2001,13,0,1988,NA,NA,NA,13.4109143514379,NA,1.85714285714286
id640,1992,4,0,1988,NA,21.6014951271499,NA,14.8961430546566,NA,1.85714285714286
id640,1993,5,0,1988,NA,NA,NA,14.9391555470112,NA,1.85714285714286
id640,1991,3,0,1988,NA,22.8981999576568,NA,14.4581151885198,NA,1.85714285714286
id640,1995,7,0,1988,NA,NA,NA,13.9152404286941,NA,1.85714285714286
id640,1994,6,0,1988,NA,NA,NA,14.1746618472903,NA,1.85714285714286
id640,1997,9,0,1988,NA,NA,NA,13.5017824962393,NA,1.85714285714286
id640,1989,1,0,1988,NA,11.7801114500414,NA,NA,NA,1.85714285714286
id640,1996,8,0,1988,NA,NA,NA,13.9100261477546,NA,1.85714285714286
id640,2000,12,0,1988,NA,NA,NA,13.1560324958492,NA,1.85714285714286
id640,1990,2,0,1988,NA,18.0899888432455,NA,13.2850709649867,NA,1.85714285714286
id660,1999,10,0,1989,NA,NA,NA,13.3844647530485,NA,1.95266272189349
id660,1989,0,0,1989,NA,NA,NA,NA,NA,1.95266272189349
id660,1992,3,0,1989,NA,20.9793369510413,NA,13.4894379142082,NA,1.95266272189349
id660,1995,6,0,1989,NA,NA,NA,14.0879648016075,NA,1.95266272189349
id660,1993,4,0,1989,NA,16.2173086706535,NA,14.1572988540517,NA,1.95266272189349
id660,1990,1,0,1989,NA,10.5900046198913,NA,NA,NA,1.95266272189349
id660,1997,8,0,1989,NA,NA,NA,12.9881524839708,NA,1.95266272189349
id660,1996,7,0,1989,NA,NA,NA,13.6027620074868,NA,1.95266272189349
id660,1998,9,0,1989,NA,NA,NA,13.3443391657063,NA,1.95266272189349
id660,1991,2,0,1989,NA,16.8237359528614,NA,12.8037021772855,NA,1.95266272189349
id660,1994,5,0,1989,NA,NA,NA,13.5054868711317,NA,1.95266272189349
id844,1991,0,0,1991,NA,NA,NA,NA,NA,0
id882,1993,0,0,1993,NA,NA,NA,NA,NA,0
id28,1989,0,1,1989,NA,NA,NA,NA,0,NA
id794,1991,0,1,1991,NA,NA,NA,NA,0,NA
id324,2001,8,1,1993,NA,NA,37.1044666240679,NA,3.39393939393939,NA
id324,1993,0,1,1993,NA,NA,NA,NA,3.39393939393939,NA
id324,1999,6,1,1993,NA,NA,34.2125205314928,NA,3.39393939393939,NA
id324,1994,1,1,1993,16.475734720288,NA,NA,NA,3.39393939393939,NA
id324,2000,7,1,1993,NA,NA,35.9725788324122,NA,3.39393939393939,NA
id324,1995,2,1,1993,26.2343957839375,NA,19.9976606438865,NA,3.39393939393939,NA
id324,1996,3,1,1993,39.1343934846706,NA,27.1205046972503,NA,3.39393939393939,NA
id324,1997,4,1,1993,51.9548238964456,NA,29.9587719373272,NA,3.39393939393939,NA
id324,1998,5,1,1993,NA,NA,33.5018707774152,NA,3.39393939393939,NA
id663,1992,4,0,1988,NA,23.353868850496,NA,13.7935957609686,NA,0.714285714285714
id663,1991,3,0,1988,NA,22.2261647344264,NA,13.1544658700225,NA,0.714285714285714
id663,1989,1,0,1988,NA,10.0125153969097,NA,NA,NA,0.714285714285714
id663,1993,5,0,1988,NA,NA,NA,13.9190976208791,NA,0.714285714285714
id663,1988,0,0,1988,NA,NA,NA,NA,NA,0.714285714285714
id663,1990,2,0,1988,NA,17.921406963417,NA,12.4929987113627,NA,0.714285714285714
id165,1992,3,0,1989,NA,26.1610419181497,NA,13.9324314358949,NA,2.34319526627219
id165,1991,2,0,1989,NA,19.3989168144696,NA,12.9310598111602,NA,2.34319526627219
id165,1990,1,0,1989,NA,10.8740163800971,NA,NA,NA,2.34319526627219
id165,1993,4,0,1989,NA,27.833730785949,NA,14.4775984684554,NA,2.34319526627219
id165,1999,10,0,1989,NA,NA,NA,12.160680091341,NA,2.34319526627219
id165,1994,5,0,1989,NA,NA,NA,13.4106168171731,NA,2.34319526627219
id165,1989,0,0,1989,NA,NA,NA,NA,NA,2.34319526627219
id165,1995,6,0,1989,NA,NA,NA,13.8404893592143,NA,2.34319526627219
id165,2001,12,0,1989,NA,NA,NA,12.5920634105501,NA,2.34319526627219
id165,2000,11,0,1989,NA,NA,NA,12.0327165583577,NA,2.34319526627219
id165,1998,9,0,1989,NA,NA,NA,12.6141864757278,NA,2.34319526627219
id165,1997,8,0,1989,NA,NA,NA,12.6070426255565,NA,2.34319526627219
id165,1996,7,0,1989,NA,NA,NA,13.2881345104575,NA,2.34319526627219
id19,1991,0,0,1991,NA,NA,NA,NA,NA,0
id1032,1993,5,1,1988,NA,NA,38.9612182900218,NA,2.47524752475248,NA
id1032,1997,9,1,1988,NA,NA,39.5988419091042,NA,2.47524752475248,NA
id1032,1996,8,1,1988,NA,NA,40.5621270044669,NA,2.47524752475248,NA
id1032,1988,0,1,1988,NA,NA,NA,NA,2.47524752475248,NA
id1032,1998,10,1,1988,NA,NA,38.7230319218862,NA,2.47524752475248,NA
id1032,1994,6,1,1988,NA,NA,39.7198611896072,NA,2.47524752475248,NA
id1032,1990,2,1,1988,38.3607108945258,NA,26.0841118264023,NA,2.47524752475248,NA
id1032,1989,1,1,1988,21.8865980169287,NA,NA,NA,2.47524752475248,NA
id1032,1991,3,1,1988,53.4217743903606,NA,32.8738364780289,NA,2.47524752475248,NA
id1032,1992,4,1,1988,65.4699531460439,NA,37.7237275938431,NA,2.47524752475248,NA
id1032,1995,7,1,1988,NA,NA,40.5958902652457,NA,2.47524752475248,NA
id1022,1992,3,1,1989,49.6500956048401,NA,31.2605758025592,NA,2.1,NA
id1022,1991,2,1,1989,35.7400857342752,NA,26.9321663304592,NA,2.1,NA
id1022,1993,4,1,1989,58.270235341408,NA,33.3455727336798,NA,2.1,NA
id1022,1997,8,1,1989,NA,NA,35.5111190966398,NA,2.1,NA
id1022,1989,0,1,1989,NA,NA,NA,NA,2.1,NA
id1022,1996,7,1,1989,NA,NA,38.3597799077662,NA,2.1,NA
id1022,1998,9,1,1989,NA,NA,37.2123516293115,NA,2.1,NA
id1022,1995,6,1,1989,NA,NA,37.6619935383364,NA,2.1,NA
id1022,1994,5,1,1989,NA,NA,33.9782326849813,NA,2.1,NA
id1022,1990,1,1,1989,20.773027327118,NA,NA,NA,2.1,NA
id259,1991,0,1,1991,NA,NA,NA,NA,0.442857142857143,NA
id259,1992,1,1,1991,12.9096472122072,NA,NA,NA,0.442857142857143,NA
id384,1991,3,1,1988,48.8873748732828,NA,29.1351860343605,NA,0.742574257425743,NA
id384,1990,2,1,1988,31.8865226506351,NA,21.5000379497755,NA,0.742574257425743,NA
id384,1989,1,1,1988,18.3124387487105,NA,NA,NA,0.742574257425743,NA
id384,1988,0,1,1988,NA,NA,NA,NA,0.742574257425743,NA
id617,1992,3,1,1989,57.0651305297445,NA,34.872462009227,NA,1.86666666666667,NA
id617,1997,8,1,1989,NA,NA,39.8244104347422,NA,1.86666666666667,NA
id617,1995,6,1,1989,NA,NA,40.9002464648929,NA,1.86666666666667,NA
id617,1991,2,1,1989,39.4738483830664,NA,27.8494483249758,NA,1.86666666666667,NA
id617,1993,4,1,1989,67.6966001482978,NA,38.5926210030361,NA,1.86666666666667,NA
id617,1990,1,1,1989,21.0527255227102,NA,NA,NA,1.86666666666667,NA
id617,1989,0,1,1989,NA,NA,NA,NA,1.86666666666667,NA
id617,1996,7,1,1989,NA,NA,41.236441220209,NA,1.86666666666667,NA
id617,1994,5,1,1989,NA,NA,40.2718225945769,NA,1.86666666666667,NA
id775,1991,0,0,1991,NA,NA,NA,NA,NA,0
id46,1988,0,1,1988,NA,NA,NA,NA,0,NA
id278,1989,0,0,1989,NA,NA,NA,NA,NA,0.585798816568047
id278,1990,1,0,1989,NA,12.1703751708807,NA,NA,NA,0.585798816568047
id278,1991,2,0,1989,NA,17.5587456756402,NA,13.0465169444479,NA,0.585798816568047
id278,1992,3,0,1989,NA,21.9711487101477,NA,13.8664656491668,NA,0.585798816568047
id45,1991,0,0,1991,NA,NA,NA,NA,NA,0
id369,1989,1,1,1988,22.4627613009138,NA,NA,NA,0.495049504950495,NA
id369,1988,0,1,1988,NA,NA,NA,NA,0.495049504950495,NA
id369,1990,2,1,1988,38.1379457364637,NA,25.879534784911,NA,0.495049504950495,NA
id554,1989,0,0,1989,NA,NA,NA,NA,NA,0
id625,1991,0,1,1991,NA,NA,NA,NA,0,NA
id655,1989,1,0,1988,NA,NA,NA,NA,NA,0.142857142857143
id655,1988,0,0,1988,NA,NA,NA,NA,NA,0.142857142857143
id1126,1989,0,0,1989,NA,NA,NA,NA,NA,0.195266272189349
id530,1991,0,0,1991,NA,NA,NA,NA,NA,0
id838,1989,1,0,1988,NA,11.2521442305172,NA,NA,NA,0.285714285714286
id838,1990,2,0,1988,NA,18.1859550455921,NA,13.3013255405431,NA,0.285714285714286
id838,1988,0,0,1988,NA,NA,NA,NA,NA,0.285714285714286
id460,1989,0,0,1989,NA,NA,NA,NA,NA,0.195266272189349
id460,1990,1,0,1989,NA,9.34951216582936,NA,NA,NA,0.195266272189349
id765,2001,10,0,1991,NA,NA,NA,13.692103118551,NA,3.66666666666667
id765,1996,5,0,1991,NA,NA,NA,14.1218984920409,NA,3.66666666666667
id765,1995,4,0,1991,NA,25.676713257642,NA,13.8709243549716,NA,3.66666666666667
id765,2000,9,0,1991,NA,NA,NA,13.5437515945521,NA,3.66666666666667
id765,1994,3,0,1991,NA,24.1891531017385,NA,14.0717688673448,NA,3.66666666666667
id765,1997,6,0,1991,NA,NA,NA,13.3694002838865,NA,3.66666666666667
id765,2002,11,0,1991,NA,NA,NA,13.7307041369523,NA,3.66666666666667
id765,1991,0,0,1991,NA,NA,NA,NA,NA,3.66666666666667
id765,1998,7,0,1991,NA,NA,NA,14.169672800021,NA,3.66666666666667
id765,1999,8,0,1991,NA,NA,NA,13.5337645869842,NA,3.66666666666667
id765,1992,1,0,1991,NA,14.1579502284103,NA,NA,NA,3.66666666666667
id765,1993,2,0,1991,NA,20.5539541268325,NA,13.8061822140181,NA,3.66666666666667
id683,1989,1,1,1988,18.3200816448272,NA,NA,NA,1.73267326732673,NA
id683,1991,3,1,1988,45.6946496252748,NA,30.7684578470071,NA,1.73267326732673,NA
id683,1995,7,1,1988,NA,NA,40.5110903289599,NA,1.73267326732673,NA
id683,1988,0,1,1988,NA,NA,NA,NA,1.73267326732673,NA
id683,1990,2,1,1988,29.3649938215921,NA,22.4875356197945,NA,1.73267326732673,NA
id585,1995,6,0,1989,NA,NA,NA,13.9343111574722,NA,2.92899408284024
id585,1990,1,0,1989,NA,12.4732710574157,NA,NA,NA,2.92899408284024
id585,1999,10,0,1989,NA,NA,NA,13.4062267617891,NA,2.92899408284024
id585,2004,15,0,1989,NA,NA,NA,13.0146547997249,NA,2.92899408284024
id585,1994,5,0,1989,NA,NA,NA,13.8734763903962,NA,2.92899408284024
id585,2003,14,0,1989,NA,NA,NA,13.4820824526498,NA,2.92899408284024
id585,1992,3,0,1989,NA,19.0423514071248,NA,14.5270163740286,NA,2.92899408284024
id585,1997,8,0,1989,NA,NA,NA,13.2134441155394,NA,2.92899408284024
id585,2000,11,0,1989,NA,NA,NA,13.2440704554419,NA,2.92899408284024
id585,1991,2,0,1989,NA,13.6665265096393,NA,13.1404164612691,NA,2.92899408284024
id585,2001,12,0,1989,NA,NA,NA,13.4635141092476,NA,2.92899408284024
id585,2002,13,0,1989,NA,NA,NA,13.383061271077,NA,2.92899408284024
id585,1989,0,0,1989,NA,NA,NA,NA,NA,2.92899408284024
id585,1998,9,0,1989,NA,NA,NA,13.5941911781601,NA,2.92899408284024
id585,1996,7,0,1989,NA,NA,NA,13.9026231645733,NA,2.92899408284024
id585,1993,4,0,1989,NA,20.444761370014,NA,14.5641167372756,NA,2.92899408284024
id623,1991,0,0,1991,NA,NA,NA,NA,NA,0
id959,1975,8,0,1967,NA,NA,NA,NA,NA,1
id837,1975,7,0,1968,NA,NA,NA,NA,NA,0.842105263157895
id837,1976,8,0,1968,NA,NA,NA,14.074877783659,NA,0.842105263157895
id871,1976,4,0,1972,NA,22.8291794557522,NA,13.3536404514075,NA,1.04166666666667
id871,1975,3,0,1972,NA,24.024071405187,NA,NA,NA,1.04166666666667
id1096,1979,5,0,1974,NA,NA,NA,13.3704900615695,NA,1.16666666666667
id1096,1977,3,0,1974,NA,16.9523162935979,NA,13.3267528357317,NA,1.16666666666667
id1096,1975,1,0,1974,NA,11.4993127395689,NA,NA,NA,1.16666666666667
id1096,1976,2,0,1974,NA,19.3611793468729,NA,13.6462381832303,NA,1.16666666666667
id1096,1978,4,0,1974,NA,19.8163900016704,NA,14.0499534730494,NA,1.16666666666667
id953,1980,5,1,1975,NA,NA,45.7997682531554,NA,3.26666666666667,NA
id953,1981,6,1,1975,NA,NA,43.1981224304098,NA,3.26666666666667,NA
id953,1976,1,1,1975,17.7420476457269,NA,NA,NA,3.26666666666667,NA
id953,1978,3,1,1975,61.06186007017,NA,34.2368890597936,NA,3.26666666666667,NA
id953,1979,4,1,1975,73.6794325151553,NA,41.582774458261,NA,3.26666666666667,NA
id953,1982,7,1,1975,NA,NA,43.5277242023009,NA,3.26666666666667,NA
id953,1977,2,1,1975,42.5155426644411,NA,28.2956880119961,NA,3.26666666666667,NA
id446,1983,6,1,1977,NA,NA,40.5789535205625,NA,1.14285714285714,NA
id446,1979,2,1,1977,39.095884587939,NA,26.3765050017363,NA,1.14285714285714,NA
id446,1978,1,1,1977,NA,NA,NA,NA,1.14285714285714,NA
id446,1980,3,1,1977,65.5491265023803,NA,37.6083458802358,NA,1.14285714285714,NA
id446,1981,4,1,1977,71.7343936294573,NA,39.4350424084118,NA,1.14285714285714,NA
id446,1982,5,1,1977,NA,NA,38.0617204282033,NA,1.14285714285714,NA
id446,1977,0,1,1977,NA,NA,NA,NA,1.14285714285714,NA
id659,1978,0,1,1978,NA,NA,NA,NA,0.352941176470588,NA
id659,1979,1,1,1978,15.8790166377435,NA,NA,NA,0.352941176470588,NA
id304,1980,2,0,1978,NA,22.1833268169825,NA,13.3462494729443,NA,0.642201834862385
id304,1981,3,0,1978,NA,26.4097330725383,NA,14.6610028915366,NA,0.642201834862385
id304,1982,4,0,1978,NA,28.3351253856061,NA,14.8374600129581,NA,0.642201834862385
id304,1979,1,0,1978,NA,16.0570425105737,NA,NA,NA,0.642201834862385
id304,1983,5,0,1978,NA,NA,NA,14.3831339274783,NA,0.642201834862385
id527,1981,1,1,1980,20.7260496394711,NA,NA,NA,0.272727272727273,NA
id527,1980,0,1,1980,NA,NA,NA,NA,0.272727272727273,NA
id766,1981,0,0,1981,NA,NA,NA,NA,NA,0
id877,1990,8,0,1982,NA,NA,NA,12.8928697085574,NA,1.51724137931034
id877,1991,9,0,1982,NA,NA,NA,12.7134320715232,NA,1.51724137931034
id877,1983,1,0,1982,NA,11.3617784567476,NA,NA,NA,1.51724137931034
id877,1984,2,0,1982,NA,17.9403043451328,NA,13.2981567190687,NA,1.51724137931034
id877,1992,10,0,1982,NA,NA,NA,13.3684654551692,NA,1.51724137931034
id877,1987,5,0,1982,NA,NA,NA,13.8971034094052,NA,1.51724137931034
id877,1985,3,0,1982,NA,NA,NA,NA,NA,1.51724137931034
id877,1982,0,0,1982,NA,NA,NA,NA,NA,1.51724137931034
id877,1988,6,0,1982,NA,NA,NA,13.2300198751787,NA,1.51724137931034
id877,1993,11,0,1982,NA,NA,NA,13.1788996877377,NA,1.51724137931034
id877,1989,7,0,1982,NA,NA,NA,13.7103839473407,NA,1.51724137931034
id877,1986,4,0,1982,NA,24.9204959205505,NA,15.0080082568086,NA,1.51724137931034
id752,1988,5,0,1983,NA,NA,NA,14.381040490861,NA,1.95121951219512
id752,1983,0,0,1983,NA,NA,NA,NA,NA,1.95121951219512
id752,1985,2,0,1983,NA,19.5416215816556,NA,14.4892304890095,NA,1.95121951219512
id752,1989,6,0,1983,NA,NA,NA,15.2898199680494,NA,1.95121951219512
id752,1984,1,0,1983,NA,16.4131102068633,NA,NA,NA,1.95121951219512
id752,1991,8,0,1983,NA,NA,NA,13.3908257091359,NA,1.95121951219512
id752,1990,7,0,1983,NA,NA,NA,13.9193188958234,NA,1.95121951219512
id752,1987,4,0,1983,NA,23.9903397441181,NA,15.2410338019633,NA,1.95121951219512
id752,1986,3,0,1983,NA,23.6569795100276,NA,15.0215082406545,NA,1.95121951219512
id14,1984,0,1,1984,NA,NA,NA,NA,0,NA
id265,1989,5,0,1984,NA,NA,NA,15.4806140105083,NA,1.23076923076923
id265,1991,7,0,1984,NA,NA,NA,14.4687818774516,NA,1.23076923076923
id265,1988,4,0,1984,NA,25.8198055247959,NA,14.194352039113,NA,1.23076923076923
id265,1987,3,0,1984,NA,24.877617718622,NA,15.011730482916,NA,1.23076923076923
id265,1985,1,0,1984,NA,16.6702764828889,NA,NA,NA,1.23076923076923
id265,1990,6,0,1984,NA,NA,NA,14.4088003101374,NA,1.23076923076923
id265,1986,2,0,1984,NA,21.1720669432261,NA,15.2146353465496,NA,1.23076923076923
id106,1986,1,1,1985,21.4894476681182,NA,NA,NA,0.277456647398844,NA
id157,1987,2,1,1985,35.0752104320304,NA,25.0448486502321,NA,1.38728323699422,NA
id157,1989,4,1,1985,69.669184278647,NA,40.639238888683,NA,1.38728323699422,NA
id157,1988,3,1,1985,54.1672351660741,NA,34.7809817776051,NA,1.38728323699422,NA
id157,1986,1,1,1985,25.8894476681182,NA,NA,NA,1.38728323699422,NA
id157,1990,5,1,1985,NA,NA,44.2255378059958,NA,1.38728323699422,NA
id525,1990,3,1,1987,54.6315524166717,NA,34.4797174518954,NA,1.87209302325581,NA
id525,1989,2,1,1987,41.84438683927,NA,28.7297807511412,NA,1.87209302325581,NA
id525,1988,1,1,1987,26.8357392689105,NA,NA,NA,1.87209302325581,NA
id525,1991,4,1,1987,64.2337219799806,NA,37.1105448817389,NA,1.87209302325581,NA
id525,1987,0,1,1987,NA,NA,NA,NA,1.87209302325581,NA
id525,1992,5,1,1987,NA,NA,39.7584456245752,NA,1.87209302325581,NA
id525,1993,6,1,1987,NA,NA,39.9195005057204,NA,1.87209302325581,NA
id1012,1990,3,1,1987,49.5309970647529,NA,19.0398969328706,NA,1.33720930232558,NA
id1012,1989,2,1,1987,36.6180230295928,NA,26.1406151339665,NA,1.33720930232558,NA
id1012,1991,4,1,1987,61.2335450878475,NA,36.2990138553015,NA,1.33720930232558,NA
id1012,1988,1,1,1987,22.1613158878394,NA,NA,NA,1.33720930232558,NA
id1033,1990,1,1,1989,23.3970459024919,NA,NA,NA,0.466666666666667,NA
id1033,1989,0,1,1989,NA,NA,NA,NA,0.466666666666667,NA
id1033,1991,2,1,1989,43.6601164158881,NA,28.2605017099876,NA,0.466666666666667,NA
id948,1990,0,0,1990,NA,NA,NA,NA,NA,0
id118,1994,3,1,1991,41.9639524025859,NA,26.3634396336481,NA,2.21428571428571,NA
id118,1995,4,1,1991,49.0185607922318,NA,30.8087497708209,NA,2.21428571428571,NA
id118,1991,0,1,1991,NA,NA,NA,NA,2.21428571428571,NA
id118,1993,2,1,1991,33.36598324086,NA,NA,NA,2.21428571428571,NA
id118,1992,1,1,1991,22.5312975858161,NA,NA,NA,2.21428571428571,NA
id961,1992,0,0,1992,NA,NA,NA,NA,NA,0
id212,1993,0,0,1993,NA,NA,NA,NA,NA,0
id428,1994,0,1,1994,NA,NA,NA,NA,0,NA
id722,1989,1,1,1988,16.275133691551,NA,NA,NA,0.247524752475248,NA
id722,1988,0,1,1988,NA,NA,NA,NA,0.247524752475248,NA
id356,1999,10,0,1989,NA,NA,NA,12.7117522676154,NA,1.95266272189349
id356,1989,0,0,1989,NA,NA,NA,NA,NA,1.95266272189349
id356,1992,3,0,1989,NA,19.4811765322137,NA,13.8506382798639,NA,1.95266272189349
id356,1995,6,0,1989,NA,NA,NA,13.5411991095682,NA,1.95266272189349
id356,1991,2,0,1989,NA,15.9059508253057,NA,11.6592603070336,NA,1.95266272189349
id356,1993,4,0,1989,NA,20.5471244255573,NA,13.8807741192603,NA,1.95266272189349
id356,1994,5,0,1989,NA,NA,NA,13.6585866917018,NA,1.95266272189349
id356,1997,8,0,1989,NA,NA,NA,12.846414156847,NA,1.95266272189349
id356,1990,1,0,1989,NA,12.4800092397825,NA,NA,NA,1.95266272189349
id356,1996,7,0,1989,NA,NA,NA,13.3495428633302,NA,1.95266272189349
id356,1998,9,0,1989,NA,NA,NA,12.9537409247152,NA,1.95266272189349
id793,1994,3,0,1991,NA,19.1236814469689,NA,14.0419256136378,NA,2
id793,1992,1,0,1991,NA,7.27292431086067,NA,NA,NA,2
id793,1993,2,0,1991,NA,13.1160893456885,NA,12.9009732414494,NA,2
id793,1991,0,0,1991,NA,NA,NA,NA,NA,2
id793,1997,6,0,1991,NA,NA,NA,13.7421137492984,NA,2
id793,1996,5,0,1991,NA,NA,NA,14.7481540409441,NA,2
id793,1995,4,0,1991,NA,21.128481917178,NA,NA,NA,2
id1079,2000,12,0,1988,NA,NA,NA,13.2255072547547,NA,1.71428571428571
id1079,1988,0,0,1988,NA,NA,NA,NA,NA,1.71428571428571
id1079,1989,1,0,1988,NA,9.98264970277318,NA,NA,NA,1.71428571428571
id1079,1990,2,0,1988,NA,15.9733735130415,NA,13.6357648654056,NA,1.71428571428571
id1079,1993,5,0,1988,NA,NA,NA,14.7862724563914,NA,1.71428571428571
id1079,1998,10,0,1988,NA,NA,NA,13.7156425162591,NA,1.71428571428571
id1079,1999,11,0,1988,NA,NA,NA,13.3593176471979,NA,1.71428571428571
id1079,1997,9,0,1988,NA,NA,NA,13.4103235861641,NA,1.71428571428571
id1079,1996,8,0,1988,NA,NA,NA,13.9285964748882,NA,1.71428571428571
id1079,1991,3,0,1988,NA,18.8429730934877,NA,13.940307263517,NA,1.71428571428571
id1079,1995,7,0,1988,NA,NA,NA,13.8657937462005,NA,1.71428571428571
id1079,1994,6,0,1988,NA,NA,NA,13.8811889934151,NA,1.71428571428571
id1079,1992,4,0,1988,NA,21.1258179004936,NA,14.5307858570194,NA,1.71428571428571
id1071,1991,0,1,1991,NA,NA,NA,NA,0.442857142857143,NA
id878,1994,6,1,1988,NA,NA,41.5350395361479,NA,1.98019801980198,NA
id878,1989,1,1,1988,19.3431712556855,NA,NA,NA,1.98019801980198,NA
id878,1988,0,1,1988,NA,NA,NA,NA,1.98019801980198,NA
id878,1993,5,1,1988,NA,NA,41.2195005057204,NA,1.98019801980198,NA
id878,1990,2,1,1988,34.6411572949993,NA,24.7050932584834,NA,1.98019801980198,NA
id878,1992,4,1,1988,64.1395694274204,NA,39.4340584184799,NA,1.98019801980198,NA
id878,1991,3,1,1988,51.4909949032452,NA,33.4210779109825,NA,1.98019801980198,NA
id1105,1991,0,0,1991,NA,NA,NA,NA,NA,0
id130,1988,0,1,1988,NA,NA,NA,NA,1.23762376237624,NA
id15,1991,0,0,1991,NA,NA,NA,NA,NA,1.33333333333333
id15,1994,3,0,1991,NA,14.6710027763126,NA,12.7008099859481,NA,1.33333333333333
id15,1993,2,0,1991,NA,9.25953049277352,NA,11.3444228391082,NA,1.33333333333333
id15,1995,4,0,1991,NA,16.6883980893063,NA,12.6024851258714,NA,1.33333333333333
id15,1992,1,0,1991,NA,5.12594037195795,NA,NA,NA,1.33333333333333
id188,1991,0,0,1991,NA,NA,NA,NA,NA,2.33333333333333
id188,1992,1,0,1991,NA,10.7082852562444,NA,NA,NA,2.33333333333333
id188,1996,5,0,1991,NA,NA,NA,13.9045374304343,NA,2.33333333333333
id188,1994,3,0,1991,NA,19.4834234526585,NA,12.923850449793,NA,2.33333333333333
id188,1993,2,0,1991,NA,15.3890071549888,NA,12.2839219189266,NA,2.33333333333333
id188,1997,6,0,1991,NA,NA,NA,12.8700920497429,NA,2.33333333333333
id188,1998,7,0,1991,NA,NA,NA,13.0009153258346,NA,2.33333333333333
id188,1995,4,0,1991,NA,20.4017182685246,NA,12.6823667203453,NA,2.33333333333333
id273,1988,0,0,1988,NA,NA,NA,NA,NA,0.142857142857143
id125,1991,0,1,1991,NA,NA,NA,NA,0,NA
id370,1988,0,1,1988,NA,NA,NA,NA,0.247524752475248,NA
id420,1991,0,0,1991,NA,NA,NA,NA,NA,0.333333333333333
id420,1992,1,0,1991,NA,10.9657241194806,NA,NA,NA,0.333333333333333
id470,1995,7,1,1988,NA,NA,42.6824029513986,NA,2.22772277227723,NA
id470,1994,6,1,1988,NA,NA,40.1617268576924,NA,2.22772277227723,NA
id470,1996,8,1,1988,NA,NA,43.2117217739711,NA,2.22772277227723,NA
id470,1992,4,1,1988,63.1699531460439,NA,38.8237275938431,NA,2.22772277227723,NA
id470,1988,0,1,1988,NA,NA,NA,NA,2.22772277227723,NA
id470,1991,3,1,1988,48.7385716230735,NA,34.1588035318306,NA,2.22772277227723,NA
id470,1990,2,1,1988,31.1354571613785,NA,23.5005008469001,NA,2.22772277227723,NA
id470,1993,5,1,1988,NA,NA,45.9359161275537,NA,2.22772277227723,NA
id482,1995,7,0,1988,NA,NA,NA,13.8800613896358,NA,1.28571428571429
id482,1997,9,0,1988,NA,NA,NA,13.6299067168839,NA,1.28571428571429
id482,1994,6,0,1988,NA,NA,NA,13.8987928586262,NA,1.28571428571429
id482,1989,1,0,1988,NA,11.9254321311963,NA,NA,NA,1.28571428571429
id482,1990,2,0,1988,NA,16.7862992472732,NA,13.41738972403,NA,1.28571428571429
id482,1993,5,0,1988,NA,NA,NA,14.9184178169114,NA,1.28571428571429
id482,1996,8,0,1988,NA,NA,NA,14.1104383284031,NA,1.28571428571429
id482,1992,4,0,1988,NA,22.4470194056477,NA,14.8631356683986,NA,1.28571428571429
id482,1991,3,0,1988,NA,19.448110570438,NA,13.5711256880965,NA,1.28571428571429
id482,1988,0,0,1988,NA,NA,NA,NA,NA,1.28571428571429
id246,1976,6,0,1970,NA,NA,NA,14.6245550220493,NA,0.923076923076923
id974,1975,6,0,1969,NA,NA,NA,NA,NA,0.857142857142857
id782,1974,1,1,1973,NA,NA,NA,NA,0.195652173913043,NA
id1035,1978,4,1,1974,80.06186007017,NA,37.9868890597936,NA,3,NA
id1035,1977,3,1,1974,66.6021215753688,NA,33.8561040349334,NA,3,NA
id1035,1976,2,1,1974,47.3665348613573,NA,27.3302846790244,NA,3,NA
id1035,1975,1,1,1974,24.7616271529379,NA,NA,NA,3,NA
id251,1978,2,0,1976,NA,23.2945139514415,NA,14.0108377776484,NA,1.22448979591837
id251,1980,4,0,1976,NA,23.9272662450034,NA,13.819880264995,NA,1.22448979591837
id251,1979,3,0,1976,NA,25.2084095588683,NA,13.8486054144248,NA,1.22448979591837
id251,1976,0,0,1976,NA,NA,NA,NA,NA,1.22448979591837
id251,1977,1,0,1976,NA,17.2105404770562,NA,NA,NA,1.22448979591837
id1037,1979,2,1,1977,42.8125525337758,NA,29.1273277223736,NA,1.14285714285714,NA
id1037,1982,5,1,1977,NA,NA,43.0958434605649,NA,1.14285714285714,NA
id1037,1983,6,1,1977,NA,NA,44.7433551106365,NA,1.14285714285714,NA
id1037,1981,4,1,1977,75.1913556110409,NA,41.855232579617,NA,1.14285714285714,NA
id1037,1977,0,1,1977,NA,NA,NA,NA,1.14285714285714,NA
id1037,1980,3,1,1977,69.4491265023804,NA,41.5083458802358,NA,1.14285714285714,NA
id1037,1978,1,1,1977,24.6508925041159,NA,NA,NA,1.14285714285714,NA
id333,1984,7,0,1977,NA,NA,NA,13.7421558946531,NA,3.57894736842105
id333,1991,14,0,1977,NA,NA,NA,13.206986058095,NA,3.57894736842105
id333,1978,1,0,1977,NA,15.5538932924874,NA,NA,NA,3.57894736842105
id333,1980,3,0,1977,NA,19.9205032119941,NA,13.6457389090334,NA,3.57894736842105
id333,1985,8,0,1977,NA,NA,NA,14.0843108002072,NA,3.57894736842105
id333,1982,5,0,1977,NA,NA,NA,13.8498281340145,NA,3.57894736842105
id333,1987,10,0,1977,NA,NA,NA,13.4438476351242,NA,3.57894736842105
id333,1983,6,0,1977,NA,NA,NA,13.5834104499757,NA,3.57894736842105
id333,1979,2,0,1977,NA,22.5039354265643,NA,13.5914862623989,NA,3.57894736842105
id333,1993,16,0,1977,NA,NA,NA,14.2129729809989,NA,3.57894736842105
id333,1992,15,0,1977,NA,NA,NA,13.4715568399292,NA,3.57894736842105
id333,1981,4,0,1977,NA,20.7751141071499,NA,13.432598634552,NA,3.57894736842105
id333,1986,9,0,1977,NA,NA,NA,14.3023126224191,NA,3.57894736842105
id333,1989,12,0,1977,NA,NA,NA,13.359353956215,NA,3.57894736842105
id333,1988,11,0,1977,NA,NA,NA,13.4396449595153,NA,3.57894736842105
id333,1990,13,0,1977,NA,NA,NA,13.0322022860724,NA,3.57894736842105
id795,1987,8,0,1979,NA,NA,NA,14.1502793637988,NA,1.28571428571429
id795,1988,9,0,1979,NA,NA,NA,13.2210020867124,NA,1.28571428571429
id795,1983,4,0,1979,NA,24.1747839357229,NA,13.9652887903973,NA,1.28571428571429
id795,1985,6,0,1979,NA,NA,NA,14.573681229162,NA,1.28571428571429
id795,1979,0,0,1979,NA,NA,NA,NA,NA,1.28571428571429
id795,1980,1,0,1979,NA,12.585344140001,NA,NA,NA,1.28571428571429
id795,1982,3,0,1979,NA,22.5175037457358,NA,13.731764073398,NA,1.28571428571429
id795,1986,7,0,1979,NA,NA,NA,14.8728783312724,NA,1.28571428571429
id795,1984,5,0,1979,NA,NA,NA,14.307087151615,NA,1.28571428571429
id795,1981,2,0,1979,NA,21.1994012371602,NA,14.6117688739481,NA,1.28571428571429
id795,1989,10,0,1979,NA,NA,NA,14.309353956215,NA,1.28571428571429
id224,1981,1,0,1980,NA,12.6846455834715,NA,NA,NA,0.969230769230769
id224,1985,5,0,1980,NA,NA,NA,15.3725910694742,NA,0.969230769230769
id224,1984,4,0,1980,NA,23.9688983233993,NA,15.4279419605755,NA,0.969230769230769
id224,1983,3,0,1980,NA,23.0533196069668,NA,13.9500275589094,NA,0.969230769230769
id224,1982,2,0,1980,NA,19.3472562774402,NA,11.3557528383771,NA,0.969230769230769
id224,1986,6,0,1980,NA,NA,NA,15.3444459037796,NA,0.969230769230769
id224,1980,0,0,1980,NA,NA,NA,NA,NA,0.969230769230769
id172,1981,0,1,1981,NA,NA,NA,NA,0,NA
id857,1982,0,0,1982,NA,NA,NA,NA,NA,0
id731,1985,2,0,1983,NA,18.2850168129657,NA,13.7830303731242,NA,0.975609756097561
id731,1983,0,0,1983,NA,NA,NA,NA,NA,0.975609756097561
id731,1987,4,0,1983,NA,27.3601949374063,NA,15.5064954431398,NA,0.975609756097561
id731,1984,1,0,1983,NA,11.1865614992956,NA,NA,NA,0.975609756097561
id731,1986,3,0,1983,NA,23.1279225742392,NA,15.0203948325322,NA,0.975609756097561
id799,1984,0,1,1984,NA,NA,NA,NA,0,NA
id754,1986,2,0,1984,NA,20.8747876720689,NA,14.4826316102693,NA,2.46153846153846
id754,1996,12,0,1984,NA,NA,NA,14.1685792030901,NA,2.46153846153846
id754,1997,13,0,1984,NA,NA,NA,NA,NA,2.46153846153846
id754,1985,1,0,1984,NA,15.2702764828889,NA,NA,NA,2.46153846153846
id754,1998,14,0,1984,NA,NA,NA,13.4228230163688,NA,2.46153846153846
id754,1987,3,0,1984,NA,24.8101518011589,NA,14.8771771137034,NA,2.46153846153846
id754,1994,10,0,1984,NA,NA,NA,13.8996319966687,NA,2.46153846153846
id754,1990,6,0,1984,NA,NA,NA,13.9327257265244,NA,2.46153846153846
id754,1992,8,0,1984,NA,NA,NA,14.2486040751025,NA,2.46153846153846
id754,1995,11,0,1984,NA,NA,NA,14.2017298027447,NA,2.46153846153846
id754,1993,9,0,1984,NA,NA,NA,14.5256682488413,NA,2.46153846153846
id754,1991,7,0,1984,NA,NA,NA,14.1542201083094,NA,2.46153846153846
id754,1989,5,0,1984,NA,NA,NA,14.609353956215,NA,2.46153846153846
id754,1988,4,0,1984,NA,24.1370347519258,NA,13.4647692815891,NA,2.46153846153846
id802,1989,3,1,1986,56.4165822900206,NA,32.652646924461,NA,1.53658536585366,NA
id802,1993,7,1,1986,NA,NA,43.7132430040202,NA,1.53658536585366,NA
id802,1991,5,1,1986,NA,NA,42.1710779109825,NA,1.53658536585366,NA
id802,1987,1,1,1986,24.5447153399147,NA,NA,NA,1.53658536585366,NA
id802,1992,6,1,1986,NA,NA,45.1688244373111,NA,1.53658536585366,NA
id802,1986,0,1,1986,NA,NA,NA,NA,1.53658536585366,NA
id802,1988,2,1,1986,44.2152880860167,NA,27.936943924915,NA,1.53658536585366,NA
id802,1990,4,1,1986,68.9066183210689,NA,40.2255378059958,NA,1.53658536585366,NA
id628,1987,1,0,1986,NA,12.5675271537391,NA,NA,NA,0.135416666666667
id213,1992,5,0,1987,NA,NA,NA,14.286986983522,NA,0.722222222222222
id213,1989,2,0,1987,NA,11.958792560349,NA,12.0435819645197,NA,0.722222222222222
id213,1988,1,0,1987,NA,5.73012850407262,NA,NA,NA,0.722222222222222
id213,1991,4,0,1987,NA,18.8945746567418,NA,12.8624779106592,NA,0.722222222222222
id213,1990,3,0,1987,NA,17.804662239756,NA,13.344870760026,NA,0.722222222222222
id947,1992,3,0,1989,NA,26.1021538971337,NA,15.1515810352635,NA,1.56213017751479
id947,1996,7,0,1989,NA,NA,NA,14.6651093422353,NA,1.56213017751479
id947,1997,8,0,1989,NA,NA,NA,13.7298364022528,NA,1.56213017751479
id947,1991,2,0,1989,NA,20.5856442183823,NA,13.653621099261,NA,1.56213017751479
id947,1995,6,0,1989,NA,NA,NA,14.587156782767,NA,1.56213017751479
id947,1993,4,0,1989,NA,25.8270566869754,NA,14.7663891436911,NA,1.56213017751479
id947,1994,5,0,1989,NA,NA,NA,14.6289125926894,NA,1.56213017751479
id947,1990,1,0,1989,NA,12.855242610909,NA,NA,NA,1.56213017751479
id947,1989,0,0,1989,NA,NA,NA,NA,NA,1.56213017751479
id239,1993,3,0,1990,NA,24.1549956915687,NA,14.5404081245311,NA,0
id239,1994,4,0,1990,NA,27.4046633713563,NA,14.2919707205246,NA,0
id239,1990,0,0,1990,NA,NA,NA,NA,NA,0
id239,1991,1,0,1990,NA,6.31290845905977,NA,NA,NA,0
id239,1992,2,0,1990,NA,21.0675953218509,NA,13.9723545798956,NA,0
id120,1991,0,0,1991,NA,NA,NA,NA,NA,1
id120,1992,1,0,1991,NA,7.73543949716288,NA,NA,NA,1
id120,1994,3,0,1991,NA,15.086138568747,NA,11.9675065123083,NA,1
id120,1993,2,0,1991,NA,10.9105180437544,NA,11.5861308310681,NA,1
id202,1992,0,1,1992,NA,NA,NA,NA,NaN,NA
id282,1993,0,0,1993,NA,NA,NA,NA,NA,0
id1046,1997,3,1,1994,47.237379292281,NA,29.0759232286596,NA,2.33333333333333,NA
id1046,1996,2,1,1994,35.2611080584768,NA,25.4666348979375,NA,2.33333333333333,NA
id1046,1995,1,1,1994,21.2276246534527,NA,NA,NA,2.33333333333333,NA
id1046,1994,0,1,1994,NA,NA,NA,NA,2.33333333333333,NA
id703,1979,6,1,1973,NA,NA,43.9887484122503,NA,1.56521739130435,NA
id703,1978,5,1,1973,NA,NA,38.8334121156234,NA,1.56521739130435,NA
id703,1975,2,1,1973,36.1611358421553,NA,24.0074407409003,NA,1.56521739130435,NA
id703,1974,1,1,1973,NA,NA,NA,NA,1.56521739130435,NA
id703,1977,4,1,1973,66.8365399819734,NA,37.69423306701,NA,1.56521739130435,NA
id703,1981,8,1,1973,NA,NA,41.405232579617,NA,1.56521739130435,NA
id262,1975,0,1,1975,NA,NA,NA,NA,0,NA
id34,1978,2,0,1976,NA,18.5150616037892,NA,13.081536388049,NA,0.918367346938776
id34,1976,0,0,1976,NA,NA,NA,NA,NA,0.918367346938776
id34,1977,1,0,1976,NA,11.8071821788639,NA,NA,NA,0.918367346938776
id34,1979,3,0,1976,NA,19.6398488096611,NA,14.5621781442363,NA,0.918367346938776
id826,1980,3,1,1977,68.3491265023804,NA,39.0083458802358,NA,0.761904761904762,NA
id826,1978,1,1,1977,25.0676762567543,NA,NA,NA,0.761904761904762,NA
id826,1977,0,1,1977,NA,NA,NA,NA,0.761904761904762,NA
id826,1979,2,1,1977,43.4079278144297,NA,27.7943920540866,NA,0.761904761904762,NA
id826,1981,4,1,1977,74.5608823268724,NA,41.806722628979,NA,0.761904761904762,NA
id30,1984,6,0,1978,NA,NA,NA,13.6058974725678,NA,1.02752293577982
id30,1986,8,0,1978,NA,NA,NA,14.4736491620201,NA,1.02752293577982
id30,1985,7,0,1978,NA,NA,NA,14.394438767702,NA,1.02752293577982
id30,1979,1,0,1978,NA,14.0604756525183,NA,NA,NA,1.02752293577982
id30,1980,2,0,1978,NA,18.0052971367063,NA,13.3252116179259,NA,1.02752293577982
id30,1982,4,0,1978,NA,20.7683979168914,NA,13.0005526383972,NA,1.02752293577982
id30,1981,3,0,1978,NA,20.1475745846451,NA,13.0102823116948,NA,1.02752293577982
id30,1983,5,0,1978,NA,NA,NA,13.1563812506174,NA,1.02752293577982
id30,1978,0,0,1978,NA,NA,NA,NA,NA,1.02752293577982
id859,1984,5,0,1979,NA,NA,NA,14.5458114928685,NA,1.92857142857143
id859,1982,3,0,1979,NA,22.3845792162462,NA,14.2027554798582,NA,1.92857142857143
id859,1985,6,0,1979,NA,NA,NA,14.8559546048243,NA,1.92857142857143
id859,1989,10,0,1979,NA,NA,NA,14.909353956215,NA,1.92857142857143
id859,1986,7,0,1979,NA,NA,NA,15.7020411143159,NA,1.92857142857143
id859,1992,13,0,1979,NA,NA,NA,14.2481828479114,NA,1.92857142857143
id859,1994,15,0,1979,NA,NA,NA,13.6809699523629,NA,1.92857142857143
id859,1991,12,0,1979,NA,NA,NA,13.9447443175255,NA,1.92857142857143
id859,1988,9,0,1979,NA,NA,NA,13.994352039113,NA,1.92857142857143
id859,1980,1,0,1979,NA,16.2052524678146,NA,NA,NA,1.92857142857143
id859,1987,8,0,1979,NA,NA,NA,15.1051176459356,NA,1.92857142857143
id859,1979,0,0,1979,NA,NA,NA,NA,NA,1.92857142857143
id859,1981,2,0,1979,NA,21.3074364487681,NA,14.1303009310294,NA,1.92857142857143
id859,1983,4,0,1979,NA,24.3444900672326,NA,14.1534238388293,NA,1.92857142857143
id859,1993,14,0,1979,NA,NA,NA,13.9936963699573,NA,1.92857142857143
id859,1990,11,0,1979,NA,NA,NA,13.8827941468269,NA,1.92857142857143
id664,1981,1,1,1980,24.7534670030821,NA,NA,NA,1.36363636363636,NA
id664,1983,3,1,1980,63.379073325211,NA,36.3392439092431,NA,1.36363636363636,NA
id664,1982,2,1,1980,47.3918556227368,NA,29.0608696524882,NA,1.36363636363636,NA
id664,1980,0,1,1980,NA,NA,NA,NA,1.36363636363636,NA
id664,1984,4,1,1980,73.7984723593033,NA,41.7898852207804,NA,1.36363636363636,NA
id686,1988,8,0,1980,NA,NA,NA,12.7388007797419,NA,1.24615384615385
id686,1987,7,0,1980,NA,NA,NA,13.6399275083964,NA,1.24615384615385
id686,1982,2,0,1980,NA,21.366008156672,NA,12.5181752507144,NA,1.24615384615385
id686,1981,1,0,1980,NA,18.4515984271487,NA,NA,NA,1.24615384615385
id686,1984,4,0,1980,NA,24.9417774208755,NA,13.8170313383525,NA,1.24615384615385
id686,1985,5,0,1980,NA,NA,NA,13.5165999033084,NA,1.24615384615385
id686,1989,9,0,1980,NA,NA,NA,13.3836379472771,NA,1.24615384615385
id686,1983,3,0,1980,NA,23.5832349598916,NA,12.6446289678596,NA,1.24615384615385
id686,1986,6,0,1980,NA,NA,NA,14.5893095420933,NA,1.24615384615385
id952,1983,1,0,1982,NA,9.50077383379701,NA,NA,NA,0.689655172413793
id952,1985,3,0,1982,NA,21.7096073770019,NA,14.0394313564369,NA,0.689655172413793
id952,1987,5,0,1982,NA,NA,NA,13.9751468461212,NA,0.689655172413793
id952,1984,2,0,1982,NA,15.2571969785027,NA,12.6918744518971,NA,0.689655172413793
id952,1982,0,0,1982,NA,NA,NA,NA,NA,0.689655172413793
id952,1986,4,0,1982,NA,24.5476482403503,NA,15.1578262779741,NA,0.689655172413793
id388,1983,0,1,1983,NA,NA,NA,NA,0.933333333333333,NA
id388,1986,3,1,1983,62.3858375128748,NA,36.4778352876495,NA,0.933333333333333,NA
id388,1985,2,1,1983,41.4448832190495,NA,26.398749314652,NA,0.933333333333333,NA
id388,1984,1,1,1983,28.8218461065431,NA,NA,NA,0.933333333333333,NA
id1011,1984,0,0,1984,NA,NA,NA,NA,NA,0.175824175824176
id609,1989,5,1,1984,NA,NA,39.939238888683,NA,5.14285714285714,NA
id609,1986,2,1,1984,37.1411300289071,NA,28.1230011150095,NA,5.14285714285714,NA
id609,1991,7,1,1984,NA,NA,41.37834623945,NA,5.14285714285714,NA
id609,1985,1,1,1984,NA,NA,NA,NA,5.14285714285714,NA
id609,1990,6,1,1984,NA,NA,40.5255378059958,NA,5.14285714285714,NA
id609,1992,8,1,1984,NA,NA,39.4756675363337,NA,5.14285714285714,NA
id609,1987,3,1,1984,49.6404390326073,NA,33.5754875086873,NA,5.14285714285714,NA
id609,1988,4,1,1984,60.4706880382495,NA,37.9726917253938,NA,5.14285714285714,NA
id700,1992,6,0,1986,NA,NA,NA,13.9823755267563,NA,1.625
id700,1996,10,0,1986,NA,NA,NA,13.2490070860082,NA,1.625
id700,1998,12,0,1986,NA,NA,NA,12.9205535582283,NA,1.625
id700,1997,11,0,1986,NA,NA,NA,12.7082349429924,NA,1.625
id700,1991,5,0,1986,NA,NA,NA,13.4343285628976,NA,1.625
id700,1994,8,0,1986,NA,NA,NA,13.6508523214426,NA,1.625
id700,1988,2,0,1986,NA,16.3503580672371,NA,12.5378330743312,NA,1.625
id700,1990,4,0,1986,NA,22.9420585842857,NA,13.7444432360826,NA,1.625
id700,1993,7,0,1986,NA,NA,NA,13.9483101893526,NA,1.625
id700,1986,0,0,1986,NA,NA,NA,NA,NA,1.625
id700,1995,9,0,1986,NA,NA,NA,13.3350626312341,NA,1.625
id700,1989,3,0,1986,NA,20.8484886221019,NA,13.580268804288,NA,1.625
id984,1989,2,0,1987,NA,12.5185599468005,NA,12.9925244286947,NA,1.01111111111111
id984,1987,0,0,1987,NA,NA,NA,NA,NA,1.01111111111111
id984,1992,5,0,1987,NA,NA,NA,15.1778582844613,NA,1.01111111111111
id984,1988,1,0,1987,NA,12.6960114452682,NA,NA,NA,1.01111111111111
id984,1994,7,0,1987,NA,NA,NA,14.578438830722,NA,1.01111111111111
id984,1991,4,0,1987,NA,18.4261003672463,NA,14.4643954558355,NA,1.01111111111111
id984,1990,3,0,1987,NA,17.3237207862018,NA,14.4968669474256,NA,1.01111111111111
id984,1993,6,0,1987,NA,NA,NA,15.0545613660866,NA,1.01111111111111
id732,1989,1,0,1988,NA,17.8089803436697,NA,NA,NA,0.142857142857143
id732,1988,0,0,1988,NA,NA,NA,NA,NA,0.142857142857143
id822,1990,1,0,1989,NA,9.96517703924195,NA,NA,NA,0.585798816568047
id822,1989,0,0,1989,NA,NA,NA,NA,NA,0.585798816568047
id566,1990,0,0,1990,NA,NA,NA,NA,NA,0
id675,1995,5,0,1990,NA,NA,NA,13.6296790646162,NA,2.11494252873563
id675,1998,8,0,1990,NA,NA,NA,13.547363746292,NA,2.11494252873563
id675,1992,2,0,1990,NA,14.4791971535118,NA,13.093318778631,NA,2.11494252873563
id675,1991,1,0,1990,NA,6.43148618448881,NA,NA,NA,2.11494252873563
id675,1994,4,0,1990,NA,19.7741926068251,NA,13.7047649149593,NA,2.11494252873563
id675,1993,3,0,1990,NA,17.5980371552842,NA,13.6491432121908,NA,2.11494252873563
id675,1996,6,0,1990,NA,NA,NA,13.8289950966786,NA,2.11494252873563
id963,1992,0,0,1992,NA,NA,NA,NA,NA,0
id286,1993,0,0,1993,NA,NA,NA,NA,NA,10.8
id286,1997,4,0,1993,NA,22.9990236933357,NA,12.8112820443142,NA,10.8
id286,1995,2,0,1993,NA,14.9507163854093,NA,11.8406901566413,NA,10.8
id286,1998,5,0,1993,NA,NA,NA,12.92471113269,NA,10.8
id286,1994,1,0,1993,NA,9.61523696399223,NA,NA,NA,10.8
id286,1996,3,0,1993,NA,21.6530137976193,NA,13.8343504225438,NA,10.8
id286,1999,6,0,1993,NA,NA,NA,12.9195070514456,NA,10.8
id189,1996,2,0,1994,NA,18.1625789385289,NA,12.4494814898594,NA,0.615384615384615
id189,1995,1,0,1994,NA,9.3811361951413,NA,NA,NA,0.615384615384615
id189,1994,0,0,1994,NA,NA,NA,NA,NA,0.615384615384615
id230,1976,5,1,1971,NA,NA,41.8730075054535,NA,1.21739130434783,NA
id230,1975,4,1,1971,71.3948989120848,NA,39.1405018240363,NA,1.21739130434783,NA
id308,1975,0,0,1975,NA,NA,NA,NA,NA,0
id95,1988,13,0,1975,NA,NA,NA,13.9851956299888,NA,3.28070175438596
id95,1986,11,0,1975,NA,NA,NA,15.7097464019303,NA,3.28070175438596
id95,1978,3,0,1975,NA,23.2113682423978,NA,13.569704899684,NA,3.28070175438596
id95,1984,9,0,1975,NA,NA,NA,15.0492545765183,NA,3.28070175438596
id95,1977,2,0,1975,NA,20.88260377191,NA,13.7944047145221,NA,3.28070175438596
id95,1985,10,0,1975,NA,NA,NA,NA,NA,3.28070175438596
id95,1980,5,0,1975,NA,NA,NA,15.0017368242888,NA,3.28070175438596
id95,1991,16,0,1975,NA,NA,NA,14.545536468589,NA,3.28070175438596
id95,1981,6,0,1975,NA,NA,NA,15.9676697388483,NA,3.28070175438596
id95,1982,7,0,1975,NA,NA,NA,NA,NA,3.28070175438596
id95,1983,8,0,1975,NA,NA,NA,14.6746617804353,NA,3.28070175438596
id95,1990,15,0,1975,NA,NA,NA,14.3541977789533,NA,3.28070175438596
id95,1992,17,0,1975,NA,NA,NA,15.1655785970299,NA,3.28070175438596
id95,1979,4,0,1975,NA,24.6964504688041,NA,14.8388303246757,NA,3.28070175438596
id95,1989,14,0,1975,NA,NA,NA,15.3925244286947,NA,3.28070175438596
id95,1976,1,0,1975,NA,14.0615080661647,NA,NA,NA,3.28070175438596
id95,1987,12,0,1975,NA,NA,NA,15.1448651731715,NA,3.28070175438596
id166,1980,3,0,1977,NA,21.3415318718323,NA,14.3723756571429,NA,0.631578947368421
id166,1979,2,0,1977,NA,20.0529613514616,NA,14.8342544664502,NA,0.631578947368421
id166,1977,0,0,1977,NA,NA,NA,NA,NA,0.631578947368421
id166,1978,1,0,1977,NA,14.1600499579352,NA,NA,NA,0.631578947368421
id472,1983,5,0,1978,NA,NA,NA,14.1323067438963,NA,2.05504587155963
id472,1991,13,0,1978,NA,NA,NA,13.296287997353,NA,2.05504587155963
id472,1979,1,0,1978,NA,11.3337052053765,NA,NA,NA,2.05504587155963
id472,1981,3,0,1978,NA,22.4674829200772,NA,13.4994910743792,NA,2.05504587155963
id472,1989,11,0,1978,NA,NA,NA,14.009353956215,NA,2.05504587155963
id472,1984,6,0,1978,NA,NA,NA,14.2242619707539,NA,2.05504587155963
id472,1990,12,0,1978,NA,NA,NA,13.8015780839018,NA,2.05504587155963
id472,1994,16,0,1978,NA,NA,NA,13.2665103507402,NA,2.05504587155963
id472,1978,0,0,1978,NA,NA,NA,NA,NA,2.05504587155963
id472,1985,7,0,1978,NA,NA,NA,NA,NA,2.05504587155963
id472,1988,10,0,1978,NA,NA,NA,13.3978739325668,NA,2.05504587155963
id472,1982,4,0,1978,NA,23.9799024334093,NA,14.0920874158819,NA,2.05504587155963
id472,1980,2,0,1978,NA,19.2516325387594,NA,13.6979176878938,NA,2.05504587155963
id472,1992,14,0,1978,NA,NA,NA,13.7424672928026,NA,2.05504587155963
id472,1993,15,0,1978,NA,NA,NA,13.6073576960788,NA,2.05504587155963
id472,1986,8,0,1978,NA,NA,NA,14.1255495016083,NA,2.05504587155963
id472,1987,9,0,1978,NA,NA,NA,14.8379072214042,NA,2.05504587155963
id32,1979,0,1,1979,NA,NA,NA,NA,1.09090909090909,NA
id32,1982,3,1,1979,55.8310729012206,NA,33.0458434605649,NA,1.09090909090909,NA
id32,1980,1,1,1979,27.8890198576421,NA,NA,NA,1.09090909090909,NA
id800,1985,5,1,1980,NA,NA,41.6498587537815,NA,1.63636363636364,NA
id800,1980,0,1,1980,NA,NA,NA,NA,1.63636363636364,NA
id800,1982,2,1,1980,40.9231897158646,NA,28.6002093193628,NA,1.63636363636364,NA
id800,1983,3,1,1980,55.944600182792,NA,34.5289535205626,NA,1.63636363636364,NA
id800,1984,4,1,1980,69.0662102023213,NA,40.5178693547022,NA,1.63636363636364,NA
id800,1981,1,1,1980,22.6194815322132,NA,NA,NA,1.63636363636364,NA
id140,1983,3,1,1980,57.1261786104218,NA,34.4352455555302,NA,1.63636363636364,NA
id140,1982,2,1,1980,41.282675109979,NA,27.5534849089809,NA,1.63636363636364,NA
id140,1986,6,1,1980,NA,NA,43.5211181589615,NA,1.63636363636364,NA
id140,1985,5,1,1980,NA,NA,39.5322245589483,NA,1.63636363636364,NA
id140,1981,1,1,1980,27.4887226388586,NA,NA,NA,1.63636363636364,NA
id573,1982,0,0,1982,NA,NA,NA,NA,NA,0
id833,1984,1,1,1983,26.6444664517553,NA,NA,NA,0.311111111111111,NA
id833,1983,0,1,1983,NA,NA,NA,NA,0.311111111111111,NA
id598,1984,0,0,1984,NA,NA,NA,NA,NA,0
id138,1991,6,0,1985,NA,NA,NA,14.1875327651496,NA,1.7875
id138,1993,8,0,1985,NA,NA,NA,14.2447498254218,NA,1.7875
id138,1988,3,0,1985,NA,21.059461421763,NA,12.4593044440599,NA,1.7875
id138,1992,7,0,1985,NA,NA,NA,14.5255811293985,NA,1.7875
id138,1994,9,0,1985,NA,NA,NA,13.5841701059702,NA,1.7875
id138,1985,0,0,1985,NA,NA,NA,NA,NA,1.7875
id138,1989,4,0,1985,NA,20.4080848685285,NA,13.809353956215,NA,1.7875
id138,1987,2,0,1985,NA,19.5547249375015,NA,13.5537063889659,NA,1.7875
id138,1986,1,0,1985,NA,14.0748599142224,NA,NA,NA,1.7875
id138,1995,10,0,1985,NA,NA,NA,13.2934052810578,NA,1.7875
id138,1996,11,0,1985,NA,NA,NA,13.8515442302318,NA,1.7875
id138,1990,5,0,1985,NA,NA,NA,13.9716099474582,NA,1.7875
id1039,1989,3,1,1986,52.9196903357941,NA,33.3606581526166,NA,1.97560975609756,NA
id1039,1990,4,1,1986,63.174893705212,NA,37.9899328546847,NA,1.97560975609756,NA
id1039,1988,2,1,1986,37.8752032312812,NA,27.1927168994124,NA,1.97560975609756,NA
id1039,1992,6,1,1986,NA,NA,40.6659694653603,NA,1.97560975609756,NA
id1039,1986,0,1,1986,NA,NA,NA,NA,1.97560975609756,NA
id1039,1987,1,1,1986,24.8393917508399,NA,NA,NA,1.97560975609756,NA
id1039,1991,5,1,1986,NA,NA,40.1714212113006,NA,1.97560975609756,NA
id1039,1995,9,1,1986,NA,NA,41.1255328322656,NA,1.97560975609756,NA
id817,1987,0,1,1987,NA,NA,NA,NA,0,NA
id183,1992,4,1,1988,64.5166082590844,NA,36.8610071682949,NA,1.23762376237624,NA
id183,1991,3,1,1988,51.5743994161031,NA,30.8772603244961,NA,1.23762376237624,NA
id183,1993,5,1,1988,NA,NA,NA,NA,1.23762376237624,NA
id183,1990,2,1,1988,33.2381142431528,NA,22.5507568642582,NA,1.23762376237624,NA
id183,1988,0,1,1988,NA,NA,NA,NA,1.23762376237624,NA
id183,1989,1,1,1988,18.4185358854465,NA,NA,NA,1.23762376237624,NA
id176,1991,2,0,1989,NA,19.0808089443876,NA,NA,NA,1.75739644970414
id176,1992,3,0,1989,NA,22.788768699367,NA,15.5287250185485,NA,1.75739644970414
id176,1990,1,0,1989,NA,13.451363883456,NA,NA,NA,1.75739644970414
id176,1997,8,0,1989,NA,NA,NA,14.1058910867117,NA,1.75739644970414
id176,1998,9,0,1989,NA,NA,NA,14.2671058356571,NA,1.75739644970414
id176,1989,0,0,1989,NA,NA,NA,NA,NA,1.75739644970414
id176,1995,6,0,1989,NA,NA,NA,14.7258548711287,NA,1.75739644970414
id176,1994,5,0,1989,NA,NA,NA,15.1185639448624,NA,1.75739644970414
id176,1993,4,0,1989,NA,22.808794889432,NA,15.3659021391955,NA,1.75739644970414
id176,1996,7,0,1989,NA,NA,NA,14.9535007531734,NA,1.75739644970414
id990,1999,9,1,1990,NA,NA,34.8109852939686,NA,2.7,NA
id990,1996,6,1,1990,NA,NA,34.5076077372004,NA,2.7,NA
id990,1990,0,1,1990,NA,NA,NA,NA,2.7,NA
id990,1993,3,1,1990,35.7782624125914,NA,26.4660614955729,NA,2.7,NA
id990,1991,1,1,1990,16.0702129131031,NA,NA,NA,2.7,NA
id990,1995,5,1,1990,NA,NA,32.3528645705839,NA,2.7,NA
id990,1994,4,1,1990,44.0828039000084,NA,30.3163314373686,NA,2.7,NA
id990,1992,2,1,1990,32.4166774392491,NA,23.0505527346796,NA,2.7,NA
id990,1998,8,1,1990,NA,NA,35.6730172589089,NA,2.7,NA
id643,1991,0,0,1991,NA,NA,NA,NA,NA,0
id1094,1992,0,1,1992,NA,NA,NA,NA,NaN,NA
id504,1993,0,1,1993,NA,NA,NA,NA,0,NA
id8,1996,2,0,1994,NA,12.2022068880582,NA,14.0276413654442,NA,0.923076923076923
id8,1997,3,0,1994,NA,19.7486569842861,NA,13.1105238948828,NA,0.923076923076923
id8,1995,1,0,1994,NA,8.73359590514648,NA,NA,NA,0.923076923076923
id8,1994,0,0,1994,NA,NA,NA,NA,NA,0.923076923076923
id717,1973,0,0,1973,NA,NA,NA,NA,NA,0
id708,1976,2,0,1974,NA,20.0858853105226,NA,13.1690919980546,NA,2.33333333333333
id708,1975,1,0,1974,NA,11.4031743375426,NA,NA,NA,2.33333333333333
id708,1978,4,0,1974,NA,28.9209072591284,NA,14.3882209657155,NA,2.33333333333333
id708,1982,8,0,1974,NA,NA,NA,13.1425302993233,NA,2.33333333333333
id708,1983,9,0,1974,NA,NA,NA,13.7982536695054,NA,2.33333333333333
id708,1974,0,0,1974,NA,NA,NA,NA,NA,2.33333333333333
id708,1979,5,0,1974,NA,NA,NA,14.1061180554983,NA,2.33333333333333
id708,1980,6,0,1974,NA,NA,NA,13.8213220600497,NA,2.33333333333333
id708,1981,7,0,1974,NA,NA,NA,13.4739323935695,NA,2.33333333333333
id708,1977,3,0,1974,NA,24.6665189283964,NA,13.3445234729009,NA,2.33333333333333
id52,1975,0,0,1975,NA,NA,NA,NA,NA,0.385964912280702
id52,1976,1,0,1975,NA,14.1849702493019,NA,NA,NA,0.385964912280702
id52,1977,2,0,1975,NA,22.389660995478,NA,13.1940281403284,NA,0.385964912280702
id1054,1978,2,0,1976,NA,19.9945139514415,NA,12.8608377776484,NA,0.918367346938776
id1054,1979,3,0,1976,NA,24.7281112854476,NA,14.882076687535,NA,0.918367346938776
id1054,1976,0,0,1976,NA,NA,NA,NA,NA,0.918367346938776
id1054,1977,1,0,1976,NA,14.4262972393656,NA,NA,NA,0.918367346938776
id193,1979,3,0,1976,NA,20.4257465942033,NA,14.0467924526091,NA,1.22448979591837
id193,1978,2,0,1976,NA,20.8378006175611,NA,12.9445883041732,NA,1.22448979591837
id193,1980,4,0,1976,NA,20.8371794228127,NA,13.7696516888361,NA,1.22448979591837
id193,1977,1,0,1976,NA,14.1898431183825,NA,NA,NA,1.22448979591837
id306,1980,2,0,1978,NA,19.8426246615053,NA,14.1290785060538,NA,0
id306,1981,3,0,1978,NA,22.7677788049491,NA,14.6809096493985,NA,0
id306,1986,8,0,1978,NA,NA,NA,15.4275028373845,NA,0
id306,1982,4,0,1978,NA,23.8093660590577,NA,14.5242402279082,NA,0
id306,1979,1,0,1978,NA,13.5025046993268,NA,NA,NA,0
id306,1978,0,0,1978,NA,NA,NA,NA,NA,0
id306,1983,5,0,1978,NA,NA,NA,13.8757739369087,NA,0
id306,1984,6,0,1978,NA,NA,NA,14.1441140860254,NA,0
id306,1985,7,0,1978,NA,NA,NA,14.6485970755438,NA,0
id806,1980,1,0,1979,NA,14.0368626409389,NA,NA,NA,0.385714285714286
id806,1981,2,0,1979,NA,20.3497459699568,NA,14.0300302058545,NA,0.385714285714286
id806,1979,0,0,1979,NA,NA,NA,NA,NA,0.385714285714286
id806,1982,3,0,1979,NA,23.0782863460784,NA,14.0589742879395,NA,0.385714285714286
id123,1988,8,0,1980,NA,NA,NA,NA,NA,1.24615384615385
id123,1985,5,0,1980,NA,NA,NA,14.8867463736085,NA,1.24615384615385
id123,1981,1,0,1980,NA,15.1321957732801,NA,NA,NA,1.24615384615385
id123,1982,2,0,1980,NA,20.8387857757464,NA,13.8165571774003,NA,1.24615384615385
id123,1984,4,0,1980,NA,24.4895888799675,NA,14.7077562928466,NA,1.24615384615385
id123,1983,3,0,1980,NA,23.433807602347,NA,13.8714372064716,NA,1.24615384615385
id123,1989,9,0,1980,NA,NA,NA,14.8635547596763,NA,1.24615384615385
id123,1987,7,0,1980,NA,NA,NA,15.2611915404123,NA,1.24615384615385
id123,1980,0,0,1980,NA,NA,NA,NA,NA,1.24615384615385
id123,1986,6,0,1980,NA,NA,NA,15.5000502674696,NA,1.24615384615385
id1086,1987,6,1,1981,NA,NA,45.0696024110004,NA,1.5,NA
id1086,1986,5,1,1981,NA,NA,46.2356226733402,NA,1.5,NA
id1086,1983,2,1,1981,40.8604581444912,NA,28.1068107463092,NA,1.5,NA
id1086,1988,7,1,1981,NA,NA,44.8253262985119,NA,1.5,NA
id1086,1984,3,1,1981,59.0676210808328,NA,37.763363483468,NA,1.5,NA
id1086,1981,0,1,1981,NA,NA,NA,NA,1.5,NA
id1086,1982,1,1,1981,24.0809495862537,NA,NA,NA,1.5,NA
id1086,1985,4,1,1981,71.4981264373828,NA,42.0981626728491,NA,1.5,NA
id96,1992,11,0,1981,NA,NA,NA,14.0141035760476,NA,1.31506849315068
id96,1991,10,0,1981,NA,NA,NA,13.4913107296045,NA,1.31506849315068
id96,1988,7,0,1981,NA,NA,NA,13.494352039113,NA,1.31506849315068
id96,1982,1,0,1981,NA,14.3685062114591,NA,NA,NA,1.31506849315068
id96,1985,4,0,1981,NA,27.4112112898161,NA,15.0998024287892,NA,1.31506849315068
id96,1984,3,0,1981,NA,25.4907000953048,NA,14.8271477162199,NA,1.31506849315068
id96,1983,2,0,1981,NA,21.4727305357383,NA,13.4872080925053,NA,1.31506849315068
id96,1987,6,0,1981,NA,NA,NA,NA,NA,1.31506849315068
id96,1989,8,0,1981,NA,NA,NA,14.009353956215,NA,1.31506849315068
id96,1986,5,0,1981,NA,NA,NA,15.1090005796098,NA,1.31506849315068
id96,1990,9,0,1981,NA,NA,NA,13.8776349207819,NA,1.31506849315068
id96,1993,12,0,1981,NA,NA,NA,14.331691660726,NA,1.31506849315068
id413,1985,2,1,1983,42.111955881565,NA,28.5053252149653,NA,0.622222222222222,NA
id413,1984,1,1,1983,27.8490954418826,NA,NA,NA,0.622222222222222,NA
id413,1983,0,1,1983,NA,NA,NA,NA,0.622222222222222,NA
id1121,1984,0,1,1984,NA,NA,NA,NA,0,NA
id925,1988,3,1,1985,51.0501779857412,NA,33.9170972133826,NA,1.94219653179191,NA
id925,1986,1,1,1985,19.7809767379456,NA,NA,NA,1.94219653179191,NA
id925,1987,2,1,1985,35.3404390326073,NA,25.2254875086873,NA,1.94219653179191,NA
id101,1988,2,1,1986,40.127993822061,NA,34.2977514742737,NA,1.53658536585366,NA
id101,1990,4,1,1986,62.0957494230478,NA,38.0059579586618,NA,1.53658536585366,NA
id101,1989,3,1,1986,52.9652007141842,NA,34.3373916490561,NA,1.53658536585366,NA
id101,1986,0,1,1986,NA,NA,NA,NA,1.53658536585366,NA
id101,1987,1,1,1986,23.7305032230463,NA,NA,NA,1.53658536585366,NA
id101,1991,5,1,1986,NA,NA,40.6778906108021,NA,1.53658536585366,NA
id563,1988,1,1,1987,27.441210949579,NA,NA,NA,0.534883720930233,NA
id563,1987,0,1,1987,NA,NA,NA,NA,0.534883720930233,NA
id563,1989,2,1,1987,39.8893085769837,NA,26.6784104265702,NA,0.534883720930233,NA
id666,1997,9,1,1988,NA,NA,41.5733685533582,NA,2.47524752475248,NA
id666,1996,8,1,1988,NA,NA,42.1227732215562,NA,2.47524752475248,NA
id666,1994,6,1,1988,NA,NA,41.6138078449518,NA,2.47524752475248,NA
id666,1992,4,1,1988,66.2993237194446,NA,38.382552908121,NA,2.47524752475248,NA
id666,1991,3,1,1988,52.1447505929406,NA,32.3692812960992,NA,2.47524752475248,NA
id666,1988,0,1,1988,NA,NA,NA,NA,2.47524752475248,NA
id666,1989,1,1,1988,23.0819931962122,NA,NA,NA,2.47524752475248,NA
id666,1998,10,1,1988,NA,NA,41.5955704519076,NA,2.47524752475248,NA
id666,1993,5,1,1988,NA,NA,41.8600026408787,NA,2.47524752475248,NA
id666,1995,7,1,1988,NA,NA,40.9707228321518,NA,2.47524752475248,NA
id666,1990,2,1,1988,32.7926613517966,NA,22.8889760042348,NA,2.47524752475248,NA
id355,1989,0,0,1989,NA,NA,NA,NA,NA,0
id667,1995,5,0,1990,NA,NA,NA,13.0066830154921,NA,2.64367816091954
id667,1990,0,0,1990,NA,NA,NA,NA,NA,2.64367816091954
id667,1999,9,0,1990,NA,NA,NA,12.172274939566,NA,2.64367816091954
id667,1994,4,0,1990,NA,21.7079768562823,NA,13.2469047148735,NA,2.64367816091954
id667,1996,6,0,1990,NA,NA,NA,12.8226005820356,NA,2.64367816091954
id667,1998,8,0,1990,NA,NA,NA,12.7510891349571,NA,2.64367816091954
id667,1993,3,0,1990,NA,19.616206563094,NA,13.5972530986662,NA,2.64367816091954
id667,1991,1,0,1990,NA,8.11548525968162,NA,NA,NA,2.64367816091954
id667,2000,10,0,1990,NA,NA,NA,12.034100837331,NA,2.64367816091954
id667,1992,2,0,1990,NA,16.0170318287645,NA,12.6317314544915,NA,2.64367816091954
id667,1997,7,0,1990,NA,NA,NA,12.4484070778692,NA,2.64367816091954
id312,1991,0,1,1991,NA,NA,NA,NA,0,NA
id1004,1992,0,1,1992,NA,NA,NA,NA,NaN,NA
id1029,1993,0,0,1993,NA,NA,NA,NA,NA,0
id240,1994,0,1,1994,NA,NA,NA,NA,0,NA
id705,1979,7,0,1972,NA,NA,NA,13.0895236079273,NA,1.45833333333333
id705,1977,5,0,1972,NA,NA,NA,13.2399510021588,NA,1.45833333333333
id705,1973,1,0,1972,NA,NA,NA,NA,NA,1.45833333333333
id705,1978,6,0,1972,NA,NA,NA,13.903533077403,NA,1.45833333333333
id705,1975,3,0,1972,NA,22.7419580438372,NA,NA,NA,1.45833333333333
id705,1976,4,0,1972,NA,22.9698461289476,NA,14.1433648961476,NA,1.45833333333333
id808,1975,2,1,1973,43.3832108807115,NA,27.0656306582283,NA,0.58695652173913,NA
id808,1974,1,1,1973,NA,NA,NA,NA,0.58695652173913,NA
id175,1977,2,1,1975,36.6021215753688,NA,22.1061040349334,NA,0.933333333333333,NA
id175,1975,0,1,1975,NA,NA,NA,NA,0.933333333333333,NA
id175,1976,1,1,1975,20.5250729722961,NA,NA,NA,0.933333333333333,NA
id272,1976,0,0,1976,NA,NA,NA,NA,NA,0
id318,1977,0,0,1977,NA,NA,NA,NA,NA,0
id855,1978,0,1,1978,NA,NA,NA,NA,1.41176470588235,NA
id855,1981,3,1,1978,64.3448602120744,NA,35.7670748759731,NA,1.41176470588235,NA
id855,1979,1,1,1978,24.564423027105,NA,NA,NA,1.41176470588235,NA
id855,1982,4,1,1978,76.4944088074188,NA,39.0750289150058,NA,1.41176470588235,NA
id855,1980,2,1,1978,50.1805420025939,NA,30.1761419581991,NA,1.41176470588235,NA
id104,1984,5,0,1979,NA,NA,NA,13.8304536707226,NA,1.02857142857143
id104,1980,1,0,1979,NA,12.7303328543782,NA,NA,NA,1.02857142857143
id104,1981,2,0,1979,NA,18.7992863249894,NA,12.7778657420668,NA,1.02857142857143
id104,1987,8,0,1979,NA,NA,NA,14.4076467418147,NA,1.02857142857143
id104,1986,7,0,1979,NA,NA,NA,14.229595096983,NA,1.02857142857143
id104,1983,4,0,1979,NA,20.2629664372957,NA,12.9539386174844,NA,1.02857142857143
id104,1979,0,0,1979,NA,NA,NA,NA,NA,1.02857142857143
id104,1982,3,0,1979,NA,19.3725560393054,NA,13.0335352118865,NA,1.02857142857143
id104,1985,6,0,1979,NA,NA,NA,13.9874299003963,NA,1.02857142857143
id790,1981,1,1,1980,28.3658077060972,NA,NA,NA,1.36363636363636,NA
id790,1984,4,1,1980,69.5118695927011,NA,42.4513846220847,NA,1.36363636363636,NA
id790,1980,0,1,1980,NA,NA,NA,NA,1.36363636363636,NA
id790,1983,3,1,1980,57.8390021433353,NA,36.544143193677,NA,1.36363636363636,NA
id790,1982,2,1,1980,44.9241871997003,NA,30.8443272400473,NA,1.36363636363636,NA
id790,1985,5,1,1980,NA,NA,41.2188250439139,NA,1.36363636363636,NA
id967,1983,2,1,1981,38.3610749422336,NA,24.3600020018148,NA,1.28571428571429,NA
id967,1982,1,1,1981,18.5281873481997,NA,NA,NA,1.28571428571429,NA
id967,1986,5,1,1981,NA,NA,41.9711181589615,NA,1.28571428571429,NA
id967,1984,3,1,1981,52.2674497946196,NA,31.6457600798391,NA,1.28571428571429,NA
id967,1985,4,1,1981,61.3203809590629,NA,35.2086011377985,NA,1.28571428571429,NA
id967,1981,0,1,1981,NA,NA,NA,NA,1.28571428571429,NA
id72,1983,2,1,1981,36.0938542986476,NA,23.6017589559659,NA,0.857142857142857,NA
id72,1982,1,1,1981,NA,NA,NA,NA,0.857142857142857,NA
id72,1984,3,1,1981,53.9894643819268,NA,33.542414530774,NA,0.857142857142857,NA
id72,1985,4,1,1981,67.3517360374361,NA,38.8920473525183,NA,0.857142857142857,NA
id378,1984,1,1,1983,24.3276800902545,NA,NA,NA,0.933333333333333,NA
id378,1983,0,1,1983,NA,NA,NA,NA,0.933333333333333,NA
id378,1986,3,1,1983,61.2216747611996,NA,35.9765477113139,NA,0.933333333333333,NA
id378,1985,2,1,1983,44.752027517401,NA,28.1796627420467,NA,0.933333333333333,NA
id1091,1984,0,1,1984,NA,NA,NA,NA,0,NA
id601,1993,8,0,1985,NA,NA,NA,13.7216939667229,NA,1.625
id601,1985,0,0,1985,NA,NA,NA,NA,NA,1.625
id601,1995,10,0,1985,NA,NA,NA,12.876759347556,NA,1.625
id601,1987,2,0,1985,NA,20.1781363824807,NA,13.9174242481888,NA,1.625
id601,1991,6,0,1985,NA,NA,NA,13.3973124168039,NA,1.625
id601,1986,1,0,1985,NA,13.572305477098,NA,NA,NA,1.625
id601,1994,9,0,1985,NA,NA,NA,13.2747535411381,NA,1.625
id601,1992,7,0,1985,NA,NA,NA,13.3624601868966,NA,1.625
id601,1988,3,0,1985,NA,22.8578330350585,NA,13.3570974749634,NA,1.625
id601,1990,5,0,1985,NA,NA,NA,13.4713133366239,NA,1.625
id601,1989,4,0,1985,NA,24.6080848685285,NA,13.909353956215,NA,1.625
id546,1988,3,1,1985,61.103115636289,NA,37.8951377365794,NA,0.832369942196532,NA
id546,1986,1,1,1985,21.4818728392375,NA,NA,NA,0.832369942196532,NA
id546,1987,2,1,1985,45.0221265198917,NA,30.7411534695793,NA,0.832369942196532,NA
id499,1988,2,0,1986,NA,15.0807714643975,NA,12.7396449595153,NA,1.21875
id499,1989,3,0,1986,NA,21.7600144500944,NA,13.8110235918131,NA,1.21875
id499,1986,0,0,1986,NA,NA,NA,NA,NA,1.21875
id499,1987,1,0,1986,NA,15.6361482183239,NA,NA,NA,1.21875
id499,1992,6,0,1986,NA,NA,NA,13.8903032606903,NA,1.21875
id499,1995,9,0,1986,NA,NA,NA,13.3107572795703,NA,1.21875
id499,1993,7,0,1986,NA,NA,NA,13.7583318197168,NA,1.21875
id499,1990,4,0,1986,NA,23.8863485866577,NA,13.5701737655097,NA,1.21875
id499,1991,5,0,1986,NA,NA,NA,13.6466303542572,NA,1.21875
id499,1994,8,0,1986,NA,NA,NA,13.6172052603078,NA,1.21875
id1064,1988,1,1,1987,26.4239627493306,NA,NA,NA,0.802325581395349,NA
id1064,1990,3,1,1987,52.4254917796811,NA,31.3754019064038,NA,0.802325581395349,NA
id1064,1987,0,1,1987,NA,NA,NA,NA,0.802325581395349,NA
id1064,1989,2,1,1987,37.9452730922992,NA,25.9018018980158,NA,0.802325581395349,NA
id441,1990,2,0,1988,NA,22.7418845745535,NA,14.4243864121675,NA,1.85714285714286
id441,1998,10,0,1988,NA,NA,NA,14.8066178595218,NA,1.85714285714286
id441,2001,13,0,1988,NA,NA,NA,14.1694293160906,NA,1.85714285714286
id441,1988,0,0,1988,NA,NA,NA,NA,NA,1.85714285714286
id441,2000,12,0,1988,NA,NA,NA,14.0617011925598,NA,1.85714285714286
id441,1995,7,0,1988,NA,NA,NA,14.8597529569762,NA,1.85714285714286
id441,1997,9,0,1988,NA,NA,NA,14.3555699231134,NA,1.85714285714286
id441,1994,6,0,1988,NA,NA,NA,14.9852029953971,NA,1.85714285714286
id441,1999,11,0,1988,NA,NA,NA,14.157554159348,NA,1.85714285714286
id441,1992,4,0,1988,NA,27.4801286290627,NA,15.3323743450152,NA,1.85714285714286
id441,1993,5,0,1988,NA,NA,NA,15.793051459613,NA,1.85714285714286
id441,1991,3,0,1988,NA,24.9306363769127,NA,14.5640012067656,NA,1.85714285714286
id441,1996,8,0,1988,NA,NA,NA,15.5984189995088,NA,1.85714285714286
id441,1989,1,0,1988,NA,17.4088755343153,NA,NA,NA,1.85714285714286
id456,1990,1,0,1989,NA,8.87240665510724,NA,NA,NA,1.36686390532544
id456,1995,6,0,1989,NA,NA,NA,14.7531970703172,NA,1.36686390532544
id456,1991,2,0,1989,NA,17.1443396697259,NA,14.235669964643,NA,1.36686390532544
id456,1996,7,0,1989,NA,NA,NA,14.8465910492424,NA,1.36686390532544
id456,1992,3,0,1989,NA,21.4316791059162,NA,15.0042939941935,NA,1.36686390532544
id456,1993,4,0,1989,NA,21.5523878866632,NA,15.145949064304,NA,1.36686390532544
id456,1989,0,0,1989,NA,NA,NA,NA,NA,1.36686390532544
id456,1994,5,0,1989,NA,NA,NA,14.5547676027829,NA,1.36686390532544
id102,1990,0,1,1990,NA,NA,NA,NA,0,NA
id148,1991,0,1,1991,NA,NA,NA,NA,0,NA
id996,1992,0,1,1992,NA,NA,NA,NA,NaN,NA
id511,1993,0,1,1993,NA,NA,NA,NA,0.424242424242424,NA
id511,1994,1,1,1993,14.4493066851477,NA,NA,NA,0.424242424242424,NA
id271,1994,0,1,1994,NA,NA,NA,NA,0,NA
id520,1995,1,0,1994,NA,8.12183203149009,NA,NA,NA,0.307692307692308
id343,1997,2,1,1995,31.4831460532195,NA,22.2229892847364,NA,1.57142857142857,NA
id343,1996,1,1,1995,17.5095410256415,NA,NA,NA,1.57142857142857,NA
id343,1995,0,1,1995,NA,NA,NA,NA,1.57142857142857,NA
id983,1995,0,0,1995,NA,NA,NA,NA,NA,0.326086956521739
id848,1995,1,0,1994,NA,7.29205377624514,NA,NA,NA,0.307692307692308
id593,1995,0,1,1995,NA,NA,NA,NA,0,NA
id550,1999,4,0,1995,NA,22.9066659279886,NA,14.6195070514456,NA,1.30434782608696
id550,1996,1,0,1995,NA,11.5336064732805,NA,NA,NA,1.30434782608696
id550,1998,3,0,1995,NA,21.2656935336219,NA,13.8867751853939,NA,1.30434782608696
id550,1997,2,0,1995,NA,16.4472544846629,NA,11.9305750058105,NA,1.30434782608696
id1049,1995,0,1,1995,NA,NA,NA,NA,0,NA
id528,1995,0,0,1995,NA,NA,NA,NA,NA,0
id1043,2001,6,1,1995,NA,NA,39.1772653363364,NA,3.14285714285714,NA
id1043,2000,5,1,1995,NA,NA,37.0615896647944,NA,3.14285714285714,NA
id1043,1999,4,1,1995,55.6736550581469,NA,32.7218492188023,NA,3.14285714285714,NA
id1043,1997,2,1,1995,35.1149379008602,NA,23.0813676030538,NA,3.14285714285714,NA
id1043,1998,3,1,1995,45.5888305305512,NA,28.8738111521143,NA,3.14285714285714,NA
id1043,1996,1,1,1995,18.5143766236708,NA,NA,NA,3.14285714285714,NA
id1043,1995,0,1,1995,NA,NA,NA,NA,3.14285714285714,NA
id337,1995,0,0,1995,NA,NA,NA,NA,NA,0
id452,1995,0,0,1995,NA,NA,NA,NA,NA,0
id496,1996,1,0,1995,NA,10.9041109190074,NA,NA,NA,0.652173913043478
id496,1995,0,0,1995,NA,NA,NA,NA,NA,0.652173913043478
id496,1997,2,0,1995,NA,18.63254127033,NA,12.5335610991038,NA,0.652173913043478
id890,1999,4,0,1995,NA,18.0508399394492,NA,13.5659842529972,NA,1.95652173913043
id890,1997,2,0,1995,NA,13.2713249950879,NA,12.16557332469,NA,1.95652173913043
id890,1995,0,0,1995,NA,NA,NA,NA,NA,1.95652173913043
id890,1998,3,0,1995,NA,16.7008241202459,NA,13.6530726161107,NA,1.95652173913043
id890,1996,1,0,1995,NA,9.7739612848751,NA,NA,NA,1.95652173913043
id890,2000,5,0,1995,NA,NA,NA,13.8877240919517,NA,1.95652173913043
id890,2001,6,0,1995,NA,NA,NA,13.8416904815505,NA,1.95652173913043
id477,1995,0,0,1995,NA,NA,NA,NA,NA,0
id651,1996,1,0,1995,NA,12.4503896613263,NA,NA,NA,0.652173913043478
id651,1995,0,0,1995,NA,NA,NA,NA,NA,0.652173913043478
id651,1997,2,0,1995,NA,16.8395624013123,NA,11.7193330166401,NA,0.652173913043478
id531,1996,2,1,1994,28.3682261472534,NA,21.6698796365202,NA,1.55555555555556,NA
id531,1995,1,1,1994,18.3786353151646,NA,NA,NA,1.55555555555556,NA
id462,1995,0,1,1995,NA,NA,NA,NA,0,NA
id236,1995,0,1,1995,NA,NA,NA,NA,0,NA
id938,1995,0,0,1995,NA,NA,NA,NA,NA,0.326086956521739
id938,1996,1,0,1995,NA,9.10800882156895,NA,NA,NA,0.326086956521739
id398,1995,0,0,1995,NA,NA,NA,NA,NA,0
id830,1998,3,0,1995,NA,20.9870263640366,NA,13.4841690175238,NA,2.60869565217391
id830,2000,5,0,1995,NA,NA,NA,13.0715799644543,NA,2.60869565217391
id830,2002,7,0,1995,NA,NA,NA,13.6105125859924,NA,2.60869565217391
id830,1996,1,0,1995,NA,9.27399463310706,NA,NA,NA,2.60869565217391
id830,1999,4,0,1995,NA,22.7070058282465,NA,13.1601080442145,NA,2.60869565217391
id830,1997,2,0,1995,NA,16.1219019613699,NA,12.0280243577901,NA,2.60869565217391
id830,1995,0,0,1995,NA,NA,NA,NA,NA,2.60869565217391
id830,2001,6,0,1995,NA,NA,NA,13.2174911000661,NA,2.60869565217391
id443,1995,0,0,1995,NA,NA,NA,NA,NA,0
id249,1995,0,1,1995,NA,NA,NA,NA,0,NA
id198,1998,3,1,1995,47.9065830648903,NA,30.2952388522139,NA,1.57142857142857,NA
id198,1995,0,1,1995,NA,NA,NA,NA,1.57142857142857,NA
id198,1996,1,1,1995,19.8432853024251,NA,NA,NA,1.57142857142857,NA
id198,1997,2,1,1995,33.8236504804357,NA,22.4631913585159,NA,1.57142857142857,NA
id361,1995,0,1,1995,NA,NA,NA,NA,0,NA
id80,1995,0,1,1995,NA,NA,NA,NA,1.04761904761905,NA
id80,1997,2,1,1995,37.3680827983499,NA,24.712517619703,NA,1.04761904761905,NA
id80,1996,1,1,1995,21.8384735827128,NA,NA,NA,1.04761904761905,NA
id1114,1998,3,0,1995,NA,22.1779971921977,NA,14.4193139174918,NA,2.93478260869565
id1114,2002,7,0,1995,NA,NA,NA,14.047560157503,NA,2.93478260869565
id1114,1999,4,0,1995,NA,24.9882712513185,NA,13.4183127978071,NA,2.93478260869565
id1114,1995,0,0,1995,NA,NA,NA,NA,NA,2.93478260869565
id1114,2001,6,0,1995,NA,NA,NA,14.1077565091524,NA,2.93478260869565
id1114,2004,9,0,1995,NA,NA,NA,14.0520248785113,NA,2.93478260869565
id1114,2003,8,0,1995,NA,NA,NA,13.7234175525423,NA,2.93478260869565
id1114,1996,1,0,1995,NA,8.43594646870547,NA,NA,NA,2.93478260869565
id1114,2000,5,0,1995,NA,NA,NA,14.4097599925183,NA,2.93478260869565
id1114,1997,2,0,1995,NA,15.7699529266208,NA,11.3906126698159,NA,2.93478260869565
id862,1995,0,1,1995,NA,NA,NA,NA,0.523809523809524,NA
id607,2004,9,0,1995,NA,NA,NA,NA,NA,4.89130434782609
id607,2001,6,0,1995,NA,NA,NA,12.995555925636,NA,4.89130434782609
id607,1997,2,0,1995,NA,15.6975594576089,NA,11.8924498674094,NA,4.89130434782609
id607,2002,7,0,1995,NA,NA,NA,13.005077206208,NA,4.89130434782609
id607,2007,12,0,1995,NA,NA,NA,12.6755636344818,NA,4.89130434782609
id607,1995,0,0,1995,NA,NA,NA,NA,NA,4.89130434782609
id607,1999,4,0,1995,NA,20.3522050244053,NA,12.9675668430993,NA,4.89130434782609
id607,2005,10,0,1995,NA,NA,NA,12.8763161203894,NA,4.89130434782609
id607,2006,11,0,1995,NA,NA,NA,12.8053907150747,NA,4.89130434782609
id607,1998,3,0,1995,NA,18.6968871099497,NA,12.9801933897031,NA,4.89130434782609
id607,2008,13,0,1995,NA,NA,NA,12.5639510751316,NA,4.89130434782609
id607,2009,14,0,1995,NA,NA,NA,13.2608902306858,NA,4.89130434782609
id607,2000,5,0,1995,NA,NA,NA,12.4185743727833,NA,4.89130434782609
id607,2003,8,0,1995,NA,NA,NA,13.1848034462327,NA,4.89130434782609
id607,1996,1,0,1995,NA,10.0154636565379,NA,NA,NA,4.89130434782609
id607,2010,15,0,1995,NA,NA,NA,12.3498278788364,NA,4.89130434782609
id54,1996,1,0,1995,NA,11.7445798253043,NA,NA,NA,0.978260869565217
id54,1997,2,0,1995,NA,17.0895133717346,NA,12.2765035151083,NA,0.978260869565217
id54,1995,0,0,1995,NA,NA,NA,NA,NA,0.978260869565217
id941,1996,1,1,1995,22.285257841009,NA,NA,NA,0.523809523809524,NA
id941,1995,0,1,1995,NA,NA,NA,NA,0.523809523809524,NA
id57,1995,0,0,1995,NA,NA,NA,NA,NA,0
id910,1995,0,1,1995,NA,NA,NA,NA,0.523809523809524,NA
id910,1996,1,1,1995,17.5455554931038,NA,NA,NA,0.523809523809524,NA
id445,1995,1,1,1994,17.3668118660504,NA,NA,NA,0.777777777777778,NA
id603,1995,0,0,1995,NA,NA,NA,NA,NA,0
id841,1995,0,1,1995,NA,NA,NA,NA,0,NA
id955,1999,4,1,1995,54.7742102731025,NA,31.2388011554584,NA,2.61904761904762,NA
id955,1996,1,1,1995,20.3027236039594,NA,NA,NA,2.61904761904762,NA
id955,1997,2,1,1995,33.4937718891994,NA,20.7924298487465,NA,2.61904761904762,NA
id955,1995,0,1,1995,NA,NA,NA,NA,2.61904761904762,NA
id955,2000,5,1,1995,NA,NA,35.4513457429789,NA,2.61904761904762,NA
id955,1998,3,1,1995,45.6646981326178,NA,26.9645220791159,NA,2.61904761904762,NA
id244,1995,0,0,1995,NA,NA,NA,NA,NA,0
id698,2000,5,0,1995,NA,NA,NA,13.5532803579924,NA,5.54347826086956
id698,2006,11,0,1995,NA,NA,NA,13.5969534641016,NA,5.54347826086956
id698,2011,11,0,1995,NA,NA,NA,12.5701551523813,NA,5.54347826086956
id698,2005,10,0,1995,NA,NA,NA,12.9597499896804,NA,5.54347826086956
id698,1999,4,0,1995,NA,21.1978305725657,NA,13.62479508222,NA,5.54347826086956
id698,1997,2,0,1995,NA,15.6744333928384,NA,12.2942782669877,NA,5.54347826086956
id698,2010,15,0,1995,NA,NA,NA,12.9148402527268,NA,5.54347826086956
id698,2012,17,0,1995,NA,NA,NA,13.2740109107697,NA,5.54347826086956
id698,2001,6,0,1995,NA,NA,NA,13.8541624432933,NA,5.54347826086956
id698,2007,12,0,1995,NA,NA,NA,13.9093800138196,NA,5.54347826086956
id698,1996,1,0,1995,NA,9.92968351729533,NA,NA,NA,5.54347826086956
id698,1998,3,0,1995,NA,17.6027080876471,NA,13.4354407973582,NA,5.54347826086956
id698,2008,13,0,1995,NA,NA,NA,13.4295845285848,NA,5.54347826086956
id698,2003,8,0,1995,NA,NA,NA,13.4692720715567,NA,5.54347826086956
id698,2004,9,0,1995,NA,NA,NA,NA,NA,5.54347826086956
id698,1995,0,0,1995,NA,NA,NA,NA,NA,5.54347826086956
id698,2002,7,0,1995,NA,NA,NA,13.9678194346267,NA,5.54347826086956
id698,2009,14,0,1995,NA,NA,NA,13.0666996155795,NA,5.54347826086956
id411,1995,0,0,1995,NA,NA,NA,NA,NA,0.326086956521739
id411,1996,1,0,1995,NA,12.4760323314195,NA,NA,NA,0.326086956521739
id336,1995,0,1,1995,NA,NA,NA,NA,0,NA
id796,1997,2,1,1995,28.8628072594221,NA,21.5714165867083,NA,1.04761904761905,NA
id796,1996,1,1,1995,18.0971638239181,NA,NA,NA,1.04761904761905,NA
id796,1995,0,1,1995,NA,NA,NA,NA,1.04761904761905,NA
id571,1995,0,1,1995,NA,NA,NA,NA,2.0952380952381,NA
id571,1996,1,1,1995,15.6123202109414,NA,NA,NA,2.0952380952381,NA
id571,1997,2,1,1995,28.2361361299215,NA,20.6833169663447,NA,2.0952380952381,NA
id571,1998,3,1,1995,38.0025229409561,NA,25.7083344372258,NA,2.0952380952381,NA
id571,1999,4,1,1995,48.9278674886655,NA,30.0744719985961,NA,2.0952380952381,NA
id215,1995,0,0,1995,NA,NA,NA,NA,NA,0
id22,1995,0,0,1995,NA,NA,NA,NA,NA,0.652173913043478
id22,1996,1,0,1995,NA,12.7227433173666,NA,NA,NA,0.652173913043478
id22,1997,2,0,1995,NA,18.1837027389273,NA,12.2124260053571,NA,0.652173913043478
id1070,2005,10,0,1995,NA,NA,NA,11.6923293672291,NA,4.56521739130435
id1070,2003,8,0,1995,NA,NA,NA,13.0424727970159,NA,4.56521739130435
id1070,1998,3,0,1995,NA,21.8000395793408,NA,12.8514103179495,NA,4.56521739130435
id1070,2000,5,0,1995,NA,NA,NA,12.1672375622842,NA,4.56521739130435
id1070,2006,11,0,1995,NA,NA,NA,11.5222038533951,NA,4.56521739130435
id1070,2004,9,0,1995,NA,NA,NA,12.1269014555355,NA,4.56521739130435
id1070,1997,2,0,1995,NA,18.2956493801992,NA,11.9314567417972,NA,4.56521739130435
id1070,2001,6,0,1995,NA,NA,NA,12.5708074386413,NA,4.56521739130435
id1070,1999,4,0,1995,NA,22.8456757589474,NA,12.5495438252252,NA,4.56521739130435
id1070,1996,1,0,1995,NA,12.4601366745749,NA,NA,NA,4.56521739130435
id1070,2002,7,0,1995,NA,NA,NA,12.5302324646565,NA,4.56521739130435
id1070,1995,0,0,1995,NA,NA,NA,NA,NA,4.56521739130435
id1070,2008,13,0,1995,NA,NA,NA,NA,NA,4.56521739130435
id1070,2007,12,0,1995,NA,NA,NA,12.7928771403158,NA,4.56521739130435
id113,1996,1,1,1995,23.0841366945793,NA,NA,NA,1.04761904761905,NA
id113,1995,0,1,1995,NA,NA,NA,NA,1.04761904761905,NA
id891,1995,0,1,1995,NA,NA,NA,NA,0,NA
id1080,1995,0,0,1995,NA,NA,NA,NA,NA,1.30434782608696
id1080,1996,1,0,1995,NA,10.6118899025847,NA,NA,NA,1.30434782608696
id1080,1999,4,0,1995,NA,20.1035301913427,NA,13.7816022238592,NA,1.30434782608696
id1080,1998,3,0,1995,NA,20.4702574453721,NA,13.0966042411184,NA,1.30434782608696
id1080,1997,2,0,1995,NA,16.6638276751502,NA,11.621744673361,NA,1.30434782608696
id934,1995,0,0,1995,NA,NA,NA,NA,NA,0.326086956521739
id605,1995,1,1,1994,16.7679895280766,NA,NA,NA,1.55555555555556,NA
id268,1995,0,0,1995,NA,NA,NA,NA,NA,0
id461,1995,0,0,1995,NA,NA,NA,NA,NA,0
id645,1996,1,0,1995,NA,11.8988433204982,NA,NA,NA,0.326086956521739
id645,1995,0,0,1995,NA,NA,NA,NA,NA,0.326086956521739
id91,1995,1,1,1994,16.5481347342005,NA,NA,NA,0.777777777777778,NA
id436,1995,0,1,1995,NA,NA,NA,NA,0,NA
id864,2005,10,1,1995,NA,NA,38.8613850691346,NA,6.28571428571429,NA
id864,1998,3,1,1995,43.6828337924669,NA,29.3206567003301,NA,6.28571428571429,NA
id864,1995,0,1,1995,NA,NA,NA,NA,6.28571428571429,NA
id864,2002,7,1,1995,NA,NA,42.1006782002684,NA,6.28571428571429,NA
id864,2001,6,1,1995,NA,NA,41.287646326421,NA,6.28571428571429,NA
id864,2004,9,1,1995,NA,NA,40.5381165731657,NA,6.28571428571429,NA
id864,2000,5,1,1995,NA,NA,39.9993070080388,NA,6.28571428571429,NA
id864,1997,2,1,1995,33.1165405214406,NA,23.3631052400635,NA,6.28571428571429,NA
id864,2003,8,1,1995,NA,NA,40.2981551719731,NA,6.28571428571429,NA
id864,1996,1,1,1995,19.2289242706255,NA,NA,NA,6.28571428571429,NA
id864,1999,4,1,1995,53.2825020748442,NA,33.7546803295121,NA,6.28571428571429,NA
id575,1996,0,1,1996,NA,NA,NA,NA,0,NA
id208,1996,0,1,1996,NA,NA,NA,NA,0,NA
id920,1996,0,1,1996,NA,NA,NA,NA,0,NA
id502,1996,0,1,1996,NA,NA,NA,NA,0,NA
id758,1996,0,1,1996,NA,NA,NA,NA,0,NA
id1016,1996,0,1,1996,NA,NA,NA,NA,1.91666666666667,NA
id1016,1998,2,1,1996,28.3268829475884,NA,20.8842999936196,NA,1.91666666666667,NA
id1016,1997,1,1,1996,16.0116123251329,NA,NA,NA,1.91666666666667,NA
id979,1996,0,0,1996,NA,NA,NA,NA,NA,0
id26,1996,0,1,1996,NA,NA,NA,NA,0,NA
id780,1996,0,0,1996,NA,NA,NA,NA,NA,1
id780,1997,1,0,1996,NA,6.75327184379533,NA,NA,NA,1
id1044,1996,0,1,1996,NA,NA,NA,NA,0,NA
id171,1996,0,1,1996,NA,NA,NA,NA,0,NA
id338,1996,0,1,1996,NA,NA,NA,NA,0,NA
id393,1996,0,0,1996,NA,NA,NA,NA,NA,0
id707,1996,0,0,1996,NA,NA,NA,NA,NA,0
id709,1996,0,1,1996,NA,NA,NA,NA,0,NA
id62,1996,0,1,1996,NA,NA,NA,NA,0,NA
id276,1996,0,0,1996,NA,NA,NA,NA,NA,0
id839,1996,0,0,1996,NA,NA,NA,NA,NA,0
id422,1996,0,1,1996,NA,NA,NA,NA,0,NA
id374,1996,0,0,1996,NA,NA,NA,NA,NA,0
id688,1996,0,1,1996,NA,NA,NA,NA,0,NA
id532,1996,0,1,1996,NA,NA,NA,NA,0,NA
id111,1996,0,0,1996,NA,NA,NA,NA,NA,0
id229,1996,0,1,1996,NA,NA,NA,NA,0.958333333333333,NA
id229,1997,1,1,1996,16.1033959095629,NA,NA,NA,0.958333333333333,NA
id594,1997,1,1,1996,12.9877804561965,NA,NA,NA,4.79166666666667,NA
id594,2000,4,1,1996,45.2179221313603,NA,31.2338494808017,NA,4.79166666666667,NA
id594,1998,2,1,1996,24.7267029951395,NA,19.919799970025,NA,4.79166666666667,NA
id594,2001,5,1,1996,NA,NA,35.2153937444406,NA,4.79166666666667,NA
id594,1996,0,1,1996,NA,NA,NA,NA,4.79166666666667,NA
id594,1999,3,1,1996,36.0290600236805,NA,26.29726092892,NA,4.79166666666667,NA
id100,2003,7,0,1996,NA,NA,NA,13.6464748653239,NA,7
id100,1997,1,0,1996,NA,8.68871222791741,NA,NA,NA,7
id100,1996,0,0,1996,NA,NA,NA,NA,NA,7
id100,1998,2,0,1996,NA,14.8933574490387,NA,12.0959837244356,NA,7
id100,2002,6,0,1996,NA,NA,NA,13.9502522529616,NA,7
id100,1999,3,0,1996,NA,17.408949769573,NA,13.0505705671664,NA,7
id100,2001,5,0,1996,NA,NA,NA,13.8367783325481,NA,7
id100,2000,4,0,1996,NA,17.4474325754558,NA,13.6413688288413,NA,7
id35,1996,0,1,1996,NA,NA,NA,NA,0,NA
id813,1996,0,0,1996,NA,NA,NA,NA,NA,0
id769,1996,0,1,1996,NA,NA,NA,NA,0,NA
id927,1996,0,0,1996,NA,NA,NA,NA,NA,0
id556,1996,0,0,1996,NA,NA,NA,NA,NA,0
id620,1996,0,0,1996,NA,NA,NA,NA,NA,1
id620,1997,1,0,1996,NA,9.38098574793258,NA,NA,NA,1
id346,1996,0,0,1996,NA,NA,NA,NA,NA,0
id376,1996,0,0,1996,NA,NA,NA,NA,NA,0
id741,1997,1,0,1996,NA,6.26383460187094,NA,NA,NA,1
id741,1996,0,0,1996,NA,NA,NA,NA,NA,1
id949,1996,0,1,1996,NA,NA,NA,NA,0,NA
id296,1996,0,0,1996,NA,NA,NA,NA,NA,0
id1085,1996,0,0,1996,NA,NA,NA,NA,NA,0
id764,1996,0,1,1996,NA,NA,NA,NA,0,NA
id536,1996,0,0,1996,NA,NA,NA,NA,NA,0
id66,1996,1,0,1995,NA,12.5845047134274,NA,NA,NA,0.326086956521739
id263,1997,1,0,1996,NA,8.74237891876657,NA,NA,NA,1
id869,1997,0,0,1997,NA,NA,NA,NA,NA,0
id476,1997,0,0,1997,NA,NA,NA,NA,NA,0
id417,1997,0,1,1997,NA,NA,NA,NA,9,NA
id417,1998,1,1,1997,10.7315789473684,NA,NA,NA,9,NA
id269,1998,2,0,1996,NA,15.988891205256,NA,12.7782902264143,NA,7
id269,2000,4,0,1996,NA,21.3646330435028,NA,14.5295464840496,NA,7
id269,1999,3,0,1996,NA,20.9977563735537,NA,13.8793158900026,NA,7
id269,2001,5,0,1996,NA,NA,NA,14.0399372991108,NA,7
id269,1997,1,0,1996,NA,9.96509552196257,NA,NA,NA,7
id269,2002,6,0,1996,NA,NA,NA,14.1080573220044,NA,7
id269,2003,7,0,1996,NA,NA,NA,13.6412453250205,NA,7
id842,1997,0,0,1997,NA,NA,NA,NA,NA,3.85
id842,2003,6,0,1997,NA,NA,NA,13.6264291517447,NA,3.85
id842,2002,5,0,1997,NA,NA,NA,13.9930380174911,NA,3.85
id842,1999,2,0,1997,NA,17.9462193464408,NA,12.6627878979547,NA,3.85
id842,2000,3,0,1997,NA,22.4104852800456,NA,13.9916878653476,NA,3.85
id842,2007,10,0,1997,NA,NA,NA,13.9711026869997,NA,3.85
id842,2005,8,0,1997,NA,NA,NA,13.3007984433014,NA,3.85
id842,1998,1,0,1997,NA,11.4108869170392,NA,NA,NA,3.85
id842,2004,7,0,1997,NA,NA,NA,NA,NA,3.85
id842,2001,4,0,1997,NA,23.6305826859463,NA,13.6428314831764,NA,3.85
id842,2006,9,0,1997,NA,NA,NA,13.268387487328,NA,3.85
id842,2008,11,0,1997,NA,NA,NA,13.4063533529603,NA,3.85
id242,1997,0,1,1997,NA,NA,NA,NA,0,NA
id972,1997,0,0,1997,NA,NA,NA,NA,NA,0
id995,1997,0,1,1997,NA,NA,NA,NA,0,NA
id484,1997,0,1,1997,NA,NA,NA,NA,0,NA
id962,1997,0,0,1997,NA,NA,NA,NA,NA,0
id905,1997,1,0,1996,NA,4.50919459323963,NA,NA,NA,1
id658,1997,0,1,1997,NA,NA,NA,NA,0,NA
id647,1997,0,1,1997,NA,NA,NA,NA,0,NA
id1065,1998,1,0,1997,NA,10.6208675669375,NA,NA,NA,0.35
id1065,1997,0,0,1997,NA,NA,NA,NA,NA,0.35
id329,2000,4,0,1996,NA,20.7721012736869,NA,14.373370452855,NA,4
id329,1997,1,0,1996,NA,9.84362342198323,NA,NA,NA,4
id329,1999,3,0,1996,NA,18.6478454025906,NA,13.9528953725836,NA,4
id329,1998,2,0,1996,NA,13.1595310207201,NA,12.8763623483591,NA,4
id1082,1997,0,1,1997,NA,NA,NA,NA,0,NA
id696,1997,0,1,1997,NA,NA,NA,NA,0,NA
id6,2003,6,0,1997,NA,NA,NA,13.4397310614413,NA,2.8
id6,1997,0,0,1997,NA,NA,NA,NA,NA,2.8
id6,2005,8,0,1997,NA,NA,NA,13.0507299846579,NA,2.8
id6,2004,7,0,1997,NA,NA,NA,NA,NA,2.8
id6,2000,3,0,1997,NA,19.3064068783822,NA,12.9260580827588,NA,2.8
id6,1999,2,0,1997,NA,15.3567335115084,NA,11.9002169028388,NA,2.8
id6,2001,4,0,1997,NA,21.7967024064553,NA,13.4879556537924,NA,2.8
id6,1998,1,0,1997,NA,10.3538079461133,NA,NA,NA,2.8
id6,2002,5,0,1997,NA,NA,NA,13.7913950418761,NA,2.8
id218,1997,0,1,1997,NA,NA,NA,NA,0,NA
id426,1998,0,0,1998,NA,NA,NA,NA,NA,0
id631,1998,0,0,1998,NA,NA,NA,NA,NA,0
id1087,1998,0,0,1998,NA,NA,NA,NA,NA,0
id583,1998,0,1,1998,NA,NA,NA,NA,7.07142857142857,NA
id583,2007,9,1,1998,NA,NA,38.949627517505,NA,7.07142857142857,NA
id583,2000,2,1,1998,28.6040863395649,NA,20.64537102312,NA,7.07142857142857,NA
id583,1999,1,1,1998,16.5379321407709,NA,NA,NA,7.07142857142857,NA
id583,2005,7,1,1998,NA,NA,38.1371287421886,NA,7.07142857142857,NA
id583,2006,8,1,1998,NA,NA,38.3277055113214,NA,7.07142857142857,NA
id583,2002,4,1,1998,55.967564361748,NA,32.9477650597979,NA,7.07142857142857,NA
id583,2004,6,1,1998,NA,NA,38.9667335026495,NA,7.07142857142857,NA
id583,2003,5,1,1998,NA,NA,36.0239254180257,NA,7.07142857142857,NA
id583,2001,3,1,1998,45.905741374009,NA,29.1200442865868,NA,7.07142857142857,NA
id114,1998,0,1,1998,NA,NA,NA,NA,0,NA
id971,2004,6,0,1998,NA,NA,NA,12.3738399753334,NA,3.5
id971,2003,5,0,1998,NA,NA,NA,13.1461400538639,NA,3.5
id971,2002,4,0,1998,NA,24.5390422387038,NA,13.3181458370562,NA,3.5
id971,1999,1,0,1998,NA,11.1461984788403,NA,NA,NA,3.5
id971,2007,9,0,1998,NA,NA,NA,12.9201418261975,NA,3.5
id971,2000,2,0,1998,NA,16.4249532765346,NA,11.8200924758563,NA,3.5
id971,1998,0,0,1998,NA,NA,NA,NA,NA,3.5
id971,2006,8,0,1998,NA,NA,NA,12.458092680742,NA,3.5
id971,2001,3,0,1998,NA,20.9413640278556,NA,13.0866324068651,NA,3.5
id971,2009,11,0,1998,NA,NA,NA,12.53915137545,NA,3.5
id971,2008,10,0,1998,NA,NA,NA,12.7155156044542,NA,3.5
id971,2005,7,0,1998,NA,NA,NA,12.1997368422306,NA,3.5
id770,2000,2,1,1998,34.7853825462219,NA,22.2870257003902,NA,3.92857142857143,NA
id770,1999,1,1,1998,21.5609403257735,NA,NA,NA,3.92857142857143,NA
id770,2001,3,1,1998,54.2673493038527,NA,30.0606392806338,NA,3.92857142857143,NA
id770,1998,0,1,1998,NA,NA,NA,NA,3.92857142857143,NA
id770,2002,4,1,1998,66.8559302795816,NA,34.3878068485579,NA,3.92857142857143,NA
id770,2003,5,1,1998,NA,NA,36.7742224377422,NA,3.92857142857143,NA
id144,1998,0,1,1998,NA,NA,NA,NA,0,NA
id448,1998,0,1,1998,NA,NA,NA,NA,0,NA
id1028,1998,0,1,1998,NA,NA,NA,NA,0,NA
id203,1998,0,0,1998,NA,NA,NA,NA,NA,0
id600,1998,0,1,1998,NA,NA,NA,NA,0,NA
id522,1998,0,1,1998,NA,NA,NA,NA,0,NA
id616,1998,0,1,1998,NA,NA,NA,NA,0,NA
id159,2001,3,0,1998,NA,22.4511792135474,NA,12.8640118431621,NA,0.954545454545455
id159,2000,2,0,1998,NA,15.9653153933191,NA,11.5890058320533,NA,0.954545454545455
id159,1999,1,0,1998,NA,8.86602296543962,NA,NA,NA,0.954545454545455
id159,1998,0,0,1998,NA,NA,NA,NA,NA,0.954545454545455
id403,1998,0,1,1998,NA,NA,NA,NA,0,NA
id261,2006,8,0,1998,NA,NA,NA,13.6423177968884,NA,2.54545454545455
id261,2003,5,0,1998,NA,NA,NA,13.6210530922353,NA,2.54545454545455
id261,2005,7,0,1998,NA,NA,NA,13.3621857187533,NA,2.54545454545455
id261,2000,2,0,1998,NA,12.7916139810156,NA,11.4648355872235,NA,2.54545454545455
id261,1998,0,0,1998,NA,NA,NA,NA,NA,2.54545454545455
id261,2002,4,0,1998,NA,20.0100686969166,NA,13.6980829718232,NA,2.54545454545455
id261,2004,6,0,1998,NA,NA,NA,NA,NA,2.54545454545455
id261,1999,1,0,1998,NA,10.8107208968188,NA,NA,NA,2.54545454545455
id261,2001,3,0,1998,NA,16.9828253572133,NA,12.4052939568684,NA,2.54545454545455
id943,1998,0,1,1998,NA,NA,NA,NA,0,NA
id83,1999,0,0,1999,NA,NA,NA,NA,NA,0
id49,1999,0,1,1999,NA,NA,NA,NA,4.88888888888889,NA
id49,2001,2,1,1999,33.2594622702248,NA,22.7829944585552,NA,4.88888888888889,NA
id49,2000,1,1,1999,18.4652328616614,NA,NA,NA,4.88888888888889,NA
id49,2003,4,1,1999,54.5533384665314,NA,34.0665568675547,NA,4.88888888888889,NA
id49,2002,3,1,1999,45.3160053878437,NA,29.0228324968468,NA,4.88888888888889,NA
id868,2000,1,1,1999,23.4260196793453,NA,NA,NA,1.22222222222222,NA
id868,1999,0,1,1999,NA,NA,NA,NA,1.22222222222222,NA
id809,2002,3,0,1999,NA,24.1534111762077,NA,13.7201279358113,NA,2.78571428571429
id809,2005,6,0,1999,NA,NA,NA,12.9137511805633,NA,2.78571428571429
id809,2000,1,0,1999,NA,11.0276376533724,NA,NA,NA,2.78571428571429
id809,2001,2,0,1999,NA,17.5551521647131,NA,11.8528189224783,NA,2.78571428571429
id809,2006,7,0,1999,NA,NA,NA,12.8634297657812,NA,2.78571428571429
id809,2012,13,0,1999,NA,NA,NA,12.863338865857,NA,2.78571428571429
id809,2008,9,0,1999,NA,NA,NA,13.5672952043133,NA,2.78571428571429
id809,2007,8,0,1999,NA,NA,NA,13.5050428610967,NA,2.78571428571429
id809,2009,10,0,1999,NA,NA,NA,13.0383944872709,NA,2.78571428571429
id809,2004,5,0,1999,NA,NA,NA,NA,NA,2.78571428571429
id809,2010,11,0,1999,NA,NA,NA,12.8258028078046,NA,2.78571428571429
id809,2011,12,0,1999,NA,NA,NA,12.5224218177911,NA,2.78571428571429
id809,2003,4,0,1999,NA,26.1295039892257,NA,13.4456685291665,NA,2.78571428571429
id809,1999,0,0,1999,NA,NA,NA,NA,NA,2.78571428571429
id281,2001,2,0,1999,NA,20.4789293941059,NA,13.2113187894736,NA,1.92857142857143
id281,2004,5,0,1999,NA,NA,NA,NA,NA,1.92857142857143
id281,2000,1,0,1999,NA,14.3419152438999,NA,NA,NA,1.92857142857143
id281,2003,4,0,1999,NA,24.1912388891627,NA,13.6081898587318,NA,1.92857142857143
id281,2007,8,0,1999,NA,NA,NA,14.0900318668591,NA,1.92857142857143
id281,2008,9,0,1999,NA,NA,NA,14.001354049857,NA,1.92857142857143
id281,2006,7,0,1999,NA,NA,NA,13.4202263228207,NA,1.92857142857143
id281,2005,6,0,1999,NA,NA,NA,13.3292829226596,NA,1.92857142857143
id281,2002,3,0,1999,NA,22.444744957155,NA,14.1434183355113,NA,1.92857142857143
id281,1999,0,0,1999,NA,NA,NA,NA,NA,1.92857142857143
id804,1999,0,1,1999,NA,NA,NA,NA,0,NA
id694,1999,0,0,1999,NA,NA,NA,NA,NA,0
id1066,1999,0,0,1999,NA,NA,NA,NA,NA,0
id18,2005,6,0,1999,NA,NA,NA,13.4698468770077,NA,1.28571428571429
id18,1999,0,0,1999,NA,NA,NA,NA,NA,1.28571428571429
id18,2001,2,0,1999,NA,15.1804923753818,NA,12.174892942767,NA,1.28571428571429
id18,2003,4,0,1999,NA,21.0314256932974,NA,13.7428938622452,NA,1.28571428571429
id18,2000,1,0,1999,NA,NA,NA,NA,NA,1.28571428571429
id18,2004,5,0,1999,NA,NA,NA,NA,NA,1.28571428571429
id18,2002,3,0,1999,NA,18.0871616571461,NA,12.8302642588251,NA,1.28571428571429
id395,1999,0,1,1999,NA,NA,NA,NA,0,NA
id1017,1999,0,1,1999,NA,NA,NA,NA,0,NA
id913,1999,0,1,1999,NA,NA,NA,NA,0,NA
id982,2001,2,1,1999,36.6652717167556,NA,24.2541440001153,NA,4.88888888888889,NA
id982,1999,0,1,1999,NA,NA,NA,NA,4.88888888888889,NA
id982,2003,4,1,1999,60.8695527205076,NA,35.7083701032473,NA,4.88888888888889,NA
id982,2000,1,1,1999,19.9900208664917,NA,NA,NA,4.88888888888889,NA
id982,2002,3,1,1999,49.9132253989992,NA,30.7906489798286,NA,4.88888888888889,NA
id480,1999,0,1,1999,NA,NA,NA,NA,0,NA
id342,1999,0,1,1999,NA,NA,NA,NA,0,NA
id681,1999,0,1,1999,NA,NA,NA,NA,0,NA
id873,1999,0,1,1999,NA,NA,NA,NA,0,NA
id485,2012,12,0,2000,NA,NA,NA,14.026612917151,NA,2.76923076923077
id485,2007,7,0,2000,NA,NA,NA,15.3200374184076,NA,2.76923076923077
id485,2003,3,0,2000,NA,20.0094066790946,NA,13.8917504930972,NA,2.76923076923077
id485,2005,5,0,2000,NA,NA,NA,14.5925888931396,NA,2.76923076923077
id485,2011,11,0,2000,NA,NA,NA,13.7563499166853,NA,2.76923076923077
id485,2008,8,0,2000,NA,NA,NA,14.4223139134835,NA,2.76923076923077
id485,2004,4,0,2000,NA,22.3211291690354,NA,14.4560317943642,NA,2.76923076923077
id485,2000,0,0,2000,NA,NA,NA,NA,NA,2.76923076923077
id485,2010,10,0,2000,NA,NA,NA,14.0653593121428,NA,2.76923076923077
id485,2002,2,0,2000,NA,16.1808245488308,NA,13.1518389003206,NA,2.76923076923077
id485,2009,9,0,2000,NA,NA,NA,14.4173497421386,NA,2.76923076923077
id485,2001,1,0,2000,NA,9.72129566159252,NA,NA,NA,2.76923076923077
id485,2006,6,0,2000,NA,NA,NA,14.8016245825385,NA,2.76923076923077
id761,2000,0,0,2000,NA,NA,NA,NA,NA,0.692307692307692
id761,2001,1,0,2000,NA,10.4120688533961,NA,NA,NA,0.692307692307692
id761,2003,3,0,2000,NA,21.6863089914818,NA,13.4406351124778,NA,0.692307692307692
id761,2002,2,0,2000,NA,17.2289455822162,NA,12.6261607115248,NA,0.692307692307692
id642,2000,0,1,2000,NA,NA,NA,NA,0,NA
id1021,2003,3,1,2000,42.8620163924389,NA,28.784533295682,NA,2.72093023255814,NA
id1021,2008,8,1,2000,NA,NA,37.5257850858012,NA,2.72093023255814,NA
id1021,2006,6,1,2000,NA,NA,37.6670984525762,NA,2.72093023255814,NA
id1021,2004,4,1,2000,56.2470360239476,NA,34.4017166763805,NA,2.72093023255814,NA
id1021,2007,7,1,2000,NA,NA,38.3588746165072,NA,2.72093023255814,NA
id1021,2001,1,1,2000,17.4615476136789,NA,NA,NA,2.72093023255814,NA
id1021,2000,0,1,2000,NA,NA,NA,NA,2.72093023255814,NA
id1021,2011,11,1,2000,NA,NA,38.1463083987666,NA,2.72093023255814,NA
id1021,2012,12,1,2000,NA,NA,37.5859712117444,NA,2.72093023255814,NA
id1021,2002,2,1,2000,30.1527992113171,NA,22.0542337970516,NA,2.72093023255814,NA
id1021,2013,13,1,2000,NA,NA,NA,NA,2.72093023255814,NA
id1021,2005,5,1,2000,NA,NA,35.9712152789435,NA,2.72093023255814,NA
id1021,2010,10,1,2000,NA,NA,36.3398405389654,NA,2.72093023255814,NA
id451,2002,2,0,2000,NA,16.8573298090684,NA,12.6158411886197,NA,0.923076923076923
id451,2000,0,0,2000,NA,NA,NA,NA,NA,0.923076923076923
id451,2004,4,0,2000,NA,23.7021533937175,NA,13.586888543074,NA,0.923076923076923
id451,2003,3,0,2000,NA,21.1173509101931,NA,13.4341810120752,NA,0.923076923076923
id451,2001,1,0,2000,NA,9.37721463774923,NA,NA,NA,0.923076923076923
id300,2000,0,1,2000,NA,NA,NA,NA,0,NA
id879,2000,0,1,2000,NA,NA,NA,NA,1.46511627906977,NA
id879,2003,3,1,2000,47.3720267635634,NA,32.1163509353137,NA,1.46511627906977,NA
id879,2005,5,1,2000,NA,NA,40.0759139868532,NA,1.46511627906977,NA
id879,2001,1,1,2000,23.0186771420189,NA,NA,NA,1.46511627906977,NA
id879,2007,7,1,2000,NA,NA,42.2367078304899,NA,1.46511627906977,NA
id879,2004,4,1,2000,62.2657461225455,NA,40.4858613776917,NA,1.46511627906977,NA
id879,2002,2,1,2000,37.8182242113938,NA,25.4449562865367,NA,1.46511627906977,NA
id879,2006,6,1,2000,NA,NA,40.3894051203071,NA,1.46511627906977,NA
id162,2000,0,1,2000,NA,NA,NA,NA,0,NA
id344,2000,0,1,2000,NA,NA,NA,NA,0,NA
id70,2000,0,0,2000,NA,NA,NA,NA,NA,0.230769230769231
id70,2001,1,0,2000,NA,10.9003869907097,NA,NA,NA,0.230769230769231
id872,2000,0,0,2000,NA,NA,NA,NA,NA,0
id1130,2004,4,1,2000,59.0219728941956,NA,38.0958727433802,NA,0.837209302325581,NA
id1130,2003,3,1,2000,47.1725257599394,NA,32.1648281648729,NA,0.837209302325581,NA
id1130,2001,1,1,2000,21.2937561413035,NA,NA,NA,0.837209302325581,NA
id1130,2000,0,1,2000,NA,NA,NA,NA,0.837209302325581,NA
id1130,2002,2,1,2000,35.7725633184325,NA,25.604754639264,NA,0.837209302325581,NA
id928,2004,4,1,2000,55.6948116775773,NA,33.326975081851,NA,1.88372093023256,NA
id928,2007,7,1,2000,NA,NA,38.0521491045465,NA,1.88372093023256,NA
id928,2009,9,1,2000,NA,NA,36.9873600777049,NA,1.88372093023256,NA
id928,2002,2,1,2000,26.5625736279204,NA,19.4390844220659,NA,1.88372093023256,NA
id928,2003,3,1,2000,40.4760860467095,NA,26.7347398072258,NA,1.88372093023256,NA
id928,2001,1,1,2000,15.4904714048806,NA,NA,NA,1.88372093023256,NA
id928,2006,6,1,2000,NA,NA,39.0170984525762,NA,1.88372093023256,NA
id928,2005,5,1,2000,NA,NA,36.0497200531894,NA,1.88372093023256,NA
id928,2000,0,1,2000,NA,NA,NA,NA,1.88372093023256,NA
id928,2008,8,1,2000,NA,NA,38.2323872365146,NA,1.88372093023256,NA
id264,2001,0,0,2001,NA,NA,NA,NA,NA,0
id498,2001,8,1,1993,NA,NA,39.5544666240679,NA,4.66666666666667,NA
id866,2001,0,0,2001,NA,NA,NA,NA,NA,0
id724,2001,0,0,2001,NA,NA,NA,NA,NA,0
id1020,2001,0,1,2001,NA,NA,NA,NA,NaN,NA
id487,2008,7,0,2001,NA,NA,NA,13.612571919977,NA,NA
id487,2012,11,0,2001,NA,NA,NA,13.2446639815516,NA,NA
id487,2003,2,0,2001,NA,16.6515166097609,NA,13.1088087693366,NA,NA
id487,2007,6,0,2001,NA,NA,NA,14.0684878013724,NA,NA
id487,2001,0,0,2001,NA,NA,NA,NA,NA,NA
id487,2011,10,0,2001,NA,NA,NA,13.0603986855861,NA,NA
id487,2009,8,0,2001,NA,NA,NA,13.4849360247709,NA,NA
id487,2010,9,0,2001,NA,NA,NA,13.4400544473551,NA,NA
id487,2005,4,0,2001,NA,23.3471411165976,NA,13.5379345525519,NA,NA
id487,2006,5,0,2001,NA,NA,NA,13.6634270027567,NA,NA
id487,2004,3,0,2001,NA,21.6338188459738,NA,13.9023514835027,NA,NA
id487,2013,12,0,2001,NA,NA,NA,12.7036465168361,NA,NA
id487,2002,1,0,2001,NA,9.62466723651729,NA,NA,NA,NA
id964,2007,6,0,2001,NA,NA,NA,14.9496471046894,NA,5.25
id964,2001,0,0,2001,NA,NA,NA,NA,NA,5.25
id964,2004,3,0,2001,NA,23.8583122321511,NA,NA,NA,5.25
id964,2003,2,0,2001,NA,18.3047977692658,NA,13.1917534798269,NA,5.25
id964,2006,5,0,2001,NA,NA,NA,14.3497896867308,NA,5.25
id964,2002,1,0,2001,NA,11.1244535527829,NA,NA,NA,5.25
id964,2005,4,0,2001,NA,25.7832770996495,NA,14.1983605689968,NA,5.25
id964,2008,7,0,2001,NA,NA,NA,14.7752289734766,NA,5.25
id747,2001,0,1,2001,NA,NA,NA,NA,NaN,NA
id981,2001,0,1,2001,NA,NA,NA,NA,NaN,NA
id632,2001,0,1,2001,NA,NA,NA,NA,NaN,NA
id1059,2001,0,1,2001,NA,NA,NA,NA,NaN,NA
id827,2001,0,1,2001,NA,NA,NA,NA,NaN,NA
id65,2001,0,0,2001,NA,NA,NA,NA,NA,0
id568,2002,1,0,2001,NA,10.638922225234,NA,NA,NA,0.75
id568,2001,0,0,2001,NA,NA,NA,NA,NA,0.75
id867,2001,5,1,1996,NA,NA,39.1544666240679,NA,7.66666666666667,NA
id42,2001,5,1,1996,NA,NA,41.5044666240679,NA,7.66666666666667,NA
id526,2010,8,0,2002,NA,NA,NA,14.0949167911425,NA,1
id526,2012,10,0,2002,NA,NA,NA,NA,NA,1
id526,2008,6,0,2002,NA,NA,NA,14.336110371082,NA,1
id526,2007,5,0,2002,NA,NA,NA,15.3299034681396,NA,1
id526,2005,3,0,2002,NA,24.5936504329232,NA,14.0784685478625,NA,1
id526,2011,9,0,2002,NA,NA,NA,13.9453307090588,NA,1
id526,2003,1,0,2002,NA,8.93987381703471,NA,NA,NA,1
id526,2004,2,0,2002,NA,20.9928273784759,NA,13.2503485764168,NA,1
id526,2006,4,0,2002,NA,26.6586378693897,NA,14.7436931489499,NA,1
id526,2009,7,0,2002,NA,NA,NA,NA,NA,1
id526,2002,0,0,2002,NA,NA,NA,NA,NA,1
id973,2002,0,1,2002,NA,NA,NA,NA,0,NA
id469,2008,6,1,2002,NA,NA,40.678184688438,NA,4,NA
id469,2007,5,1,2002,NA,NA,38.5589598046076,NA,4,NA
id469,2010,8,1,2002,NA,NA,42.6324430916758,NA,4,NA
id469,2004,2,1,2002,41.1355451499493,NA,25.0736554279189,NA,4,NA
id469,2006,4,1,2002,70.3295689518838,NA,36.5144988288271,NA,4,NA
id469,2002,0,1,2002,NA,NA,NA,NA,4,NA
id469,2009,7,1,2002,NA,NA,39.0230693181863,NA,4,NA
id469,2003,1,1,2002,22.4031847133758,NA,NA,NA,4,NA
id469,2011,9,1,2002,NA,NA,39.9377465319418,NA,4,NA
id469,2005,3,1,2002,55.6801824537473,NA,32.0428296206297,NA,4,NA
id63,2002,0,1,2002,NA,NA,NA,NA,0,NA
id763,2002,0,1,2002,NA,NA,NA,NA,0,NA
id980,2003,0,0,2003,NA,NA,NA,NA,NA,0
id1058,2004,1,1,2003,21.0431044753804,NA,NA,NA,1.66666666666667,NA
id1058,2006,3,1,2003,50.1474641184732,NA,34.160819352377,NA,1.66666666666667,NA
id1058,2003,0,1,2003,NA,NA,NA,NA,1.66666666666667,NA
id1058,2005,2,1,2003,35.8376444928297,NA,26.2151041628747,NA,1.66666666666667,NA
id1058,2007,4,1,2003,61.6755686909235,NA,39.4981335031849,NA,1.66666666666667,NA
id860,2003,0,1,2003,NA,NA,NA,NA,0.416666666666667,NA
id860,2004,1,1,2003,18.1212742724427,NA,NA,NA,0.416666666666667,NA
id92,2003,0,1,2003,NA,NA,NA,NA,0,NA
id107,2013,10,0,2003,NA,NA,NA,13.2251251959476,NA,2.58823529411765
id107,2009,6,0,2003,NA,NA,NA,NA,NA,2.58823529411765
id107,2012,9,0,2003,NA,NA,NA,13.5424963355625,NA,2.58823529411765
id107,2005,2,0,2003,NA,19.7834892633494,NA,13.0747016350569,NA,2.58823529411765
id107,2008,5,0,2003,NA,NA,NA,14.0290653152041,NA,2.58823529411765
id107,2010,7,0,2003,NA,NA,NA,13.3306152428609,NA,2.58823529411765
id107,2006,3,0,2003,NA,NA,NA,NA,NA,2.58823529411765
id107,2003,0,0,2003,NA,NA,NA,NA,NA,2.58823529411765
id107,2007,4,0,2003,NA,27.6616351046861,NA,14.678816048203,NA,2.58823529411765
id107,2004,1,0,2003,NA,12.5342990822386,NA,NA,NA,2.58823529411765
id107,2011,8,0,2003,NA,NA,NA,13.0947523628056,NA,2.58823529411765
id876,2004,1,0,2003,NA,14.1332868454202,NA,NA,NA,1.41176470588235
id876,2007,4,0,2003,NA,22.393658076386,NA,13.7688465914144,NA,1.41176470588235
id876,2006,3,0,2003,NA,NA,NA,NA,NA,1.41176470588235
id876,2009,6,0,2003,NA,NA,NA,13.6116363947421,NA,1.41176470588235
id876,2005,2,0,2003,NA,12.5879148519329,NA,11.9034572212087,NA,1.41176470588235
id876,2003,0,0,2003,NA,NA,NA,NA,NA,1.41176470588235
id876,2008,5,0,2003,NA,NA,NA,NA,NA,1.41176470588235
id820,2003,0,0,2003,NA,NA,NA,NA,NA,0
id611,2003,0,1,2003,NA,NA,NA,NA,0,NA
id167,2007,3,1,2004,56.4896235382685,NA,35.125257831612,NA,2,NA
id167,2006,2,1,2004,42.3975210417199,NA,28.8469383211978,NA,2,NA
id167,2009,5,1,2004,NA,NA,42.6135130917061,NA,2,NA
id167,2005,1,1,2004,25.0691528261138,NA,NA,NA,2,NA
id167,2008,4,1,2004,68.336368954035,NA,41.0454406207835,NA,2,NA
id167,2004,0,1,2004,NA,NA,NA,NA,2,NA
id167,2010,6,1,2004,NA,NA,42.1657499318638,NA,2,NA
id529,2004,0,1,2004,NA,NA,NA,NA,0,NA
id665,2004,0,1,2004,NA,NA,NA,NA,0,NA
id435,2004,0,0,2004,NA,NA,NA,NA,NA,0
id581,2005,2,1,2003,42.1971215052805,NA,27.0403944793062,NA,2.91666666666667,NA
id581,2006,3,1,2003,57.1650615410432,NA,34.2277055113214,NA,2.91666666666667,NA
id581,2008,5,1,2003,NA,NA,40.3549408083953,NA,2.91666666666667,NA
id581,2009,6,1,2003,NA,NA,42.2927792085206,NA,2.91666666666667,NA
id581,2004,1,1,2003,23.6409055939926,NA,NA,NA,2.91666666666667,NA
id581,2007,4,1,2003,69.9229029697416,NA,38.5922103113818,NA,2.91666666666667,NA
id23,2004,0,0,2004,NA,NA,NA,NA,NA,0
id1120,2004,0,0,2004,NA,NA,NA,NA,NA,NA
id1120,2008,4,0,2004,NA,23.6535774987336,NA,14.35113411196,NA,NA
id1120,2011,7,0,2004,NA,NA,NA,13.8241542567622,NA,NA
id1120,2007,3,0,2004,NA,NA,NA,NA,NA,NA
id1120,2013,9,0,2004,NA,NA,NA,13.7935167579778,NA,NA
id1120,2012,8,0,2004,NA,NA,NA,14.1741124267847,NA,NA
id1120,2009,5,0,2004,NA,NA,NA,14.5201649703248,NA,NA
id1120,2006,2,0,2004,NA,18.5166904054439,NA,NA,NA,NA
id1120,2005,1,0,2004,NA,5.03576220849082,NA,NA,NA,NA
id1120,2010,6,0,2004,NA,NA,NA,NA,NA,NA
id380,2009,5,1,2004,NA,NA,38.4751820267118,NA,3,NA
id380,2011,7,1,2004,NA,NA,39.7538939121234,NA,3,NA
id380,2006,2,1,2004,40.9640428860161,NA,26.1023868447633,NA,3,NA
id380,2008,4,1,2004,65.7184561894199,NA,36.4808141329113,NA,3,NA
id380,2012,8,1,2004,NA,NA,39.9359712117444,NA,3,NA
id380,2004,0,1,2004,NA,NA,NA,NA,3,NA
id380,2013,9,1,2004,NA,NA,38.28205785735,NA,3,NA
id380,2005,1,1,2004,24.0738121658244,NA,NA,NA,3,NA
id380,2010,6,1,2004,NA,NA,42.2895913445499,NA,3,NA
id380,2007,3,1,2004,54.7370298074021,NA,32.2539672876941,NA,3,NA
id614,2004,0,0,2004,NA,NA,NA,NA,NA,0
id372,2006,2,0,2004,NA,22.6501803581407,NA,NA,NA,4
id372,2012,8,0,2004,NA,NA,NA,13.0695624528333,NA,4
id372,2008,4,0,2004,NA,24.4889484578214,NA,13.4281172811918,NA,4
id372,2005,1,0,2004,NA,14.1416861907572,NA,NA,NA,4
id372,2004,0,0,2004,NA,NA,NA,NA,NA,4
id372,2010,6,0,2004,NA,NA,NA,NA,NA,4
id372,2007,3,0,2004,NA,NA,NA,NA,NA,4
id372,2011,7,0,2004,NA,NA,NA,12.7737838141057,NA,4
id372,2009,5,0,2004,NA,NA,NA,13.3964959704708,NA,4
id36,2004,0,1,2004,NA,NA,NA,NA,0,NA
id360,2005,0,0,2005,NA,NA,NA,NA,NA,0
id182,2006,1,0,2005,NA,NA,NA,NA,NA,5
id182,2005,0,0,2005,NA,NA,NA,NA,NA,5
id93,2005,0,1,2005,NA,NA,NA,NA,0,NA
id918,2011,6,1,2005,NA,NA,37.3856703939194,NA,5,NA
id918,2007,2,1,2005,36.1573763134074,NA,24.5446204226105,NA,5,NA
id918,2008,3,1,2005,53.3242822208698,NA,30.934822643514,NA,5,NA
id918,2010,5,1,2005,NA,NA,35.9577446773623,NA,5,NA
id918,2005,0,1,2005,NA,NA,NA,NA,5,NA
id918,2006,1,1,2005,NA,NA,NA,NA,5,NA
id918,2009,4,1,2005,66.0677611823874,NA,34.9611442351905,NA,5,NA
id682,2005,0,1,2005,NA,NA,NA,NA,0,NA
id37,2005,0,0,2005,NA,NA,NA,NA,NA,0
id900,2005,0,1,2005,NA,NA,NA,NA,0,NA
id438,2005,0,0,2005,NA,NA,NA,NA,NA,0
id10,2005,0,1,2005,NA,NA,NA,NA,0,NA
id851,2005,0,0,2005,NA,NA,NA,NA,NA,0
id321,2012,6,1,2006,NA,NA,40.7859712117444,NA,2.91666666666667,NA
id321,2009,3,1,2006,51.5985056224963,NA,33.1292583461945,NA,2.91666666666667,NA
id321,2013,7,1,2006,NA,NA,NA,NA,2.91666666666667,NA
id321,2006,0,1,2006,NA,NA,NA,NA,2.91666666666667,NA
id321,2011,5,1,2006,NA,NA,39.8786754825997,NA,2.91666666666667,NA
id321,2010,4,1,2006,62.3319590143259,NA,38.7395913445499,NA,2.91666666666667,NA
id321,2007,1,1,2006,NA,NA,NA,NA,2.91666666666667,NA
id321,2008,2,1,2006,37.1858530884727,NA,25.174759838954,NA,2.91666666666667,NA
id335,2006,0,0,2006,NA,NA,NA,NA,NA,0.5
id335,2007,1,0,2006,NA,NA,NA,NA,NA,0.5
id335,2008,2,0,2006,NA,15.7380997202483,NA,NA,NA,0.5
id543,2006,0,1,2006,NA,NA,NA,NA,0.833333333333333,NA
id543,2008,2,1,2006,30.425783070949,NA,21.7219572226698,NA,0.833333333333333,NA
id543,2007,1,1,2006,NA,NA,NA,NA,0.833333333333333,NA
id662,2010,4,0,2006,NA,20.8492545073959,NA,13.8464658327089,NA,NA
id662,2007,1,0,2006,NA,NA,NA,NA,NA,NA
id662,2013,7,0,2006,NA,NA,NA,13.8002587164973,NA,NA
id662,2012,6,0,2006,NA,NA,NA,13.9219849193946,NA,NA
id662,2009,3,0,2006,NA,NA,NA,NA,NA,NA
id662,2008,2,0,2006,NA,20.5785021818196,NA,NA,NA,NA
id662,2006,0,0,2006,NA,NA,NA,NA,NA,NA
id662,2011,5,0,2006,NA,NA,NA,14.1633616730878,NA,NA
id589,2006,0,0,2006,NA,NA,NA,NA,NA,1.5
id589,2007,1,0,2006,NA,NA,NA,NA,NA,1.5
id589,2012,6,0,2006,NA,NA,NA,13.9600593426777,NA,1.5
id589,2009,3,0,2006,NA,NA,NA,NA,NA,1.5
id589,2011,5,0,2006,NA,NA,NA,13.5036314799251,NA,1.5
id589,2010,4,0,2006,NA,23.1205242449297,NA,13.7820187908131,NA,1.5
id589,2008,2,0,2006,NA,20.313099388851,NA,NA,NA,1.5
id906,2008,2,1,2006,38.7849993173648,NA,27.5061250479857,NA,1.25,NA
id906,2006,0,1,2006,NA,NA,NA,NA,1.25,NA
id906,2009,3,1,2006,51.5210889113008,NA,35.8863133528169,NA,1.25,NA
id906,2007,1,1,2006,NA,NA,NA,NA,1.25,NA
id884,2006,0,1,2006,NA,NA,NA,NA,0,NA
id254,2007,1,0,2006,NA,NA,NA,NA,NA,1
id254,2008,2,0,2006,NA,18.4170865567488,NA,NA,NA,1
id254,2006,0,0,2006,NA,NA,NA,NA,NA,1
id254,2010,4,0,2006,NA,24.8451098453115,NA,14.0567317020215,NA,1
id254,2009,3,0,2006,NA,NA,NA,NA,NA,1
id1127,2006,0,1,2006,NA,NA,NA,NA,0,NA
id437,2006,6,0,2000,NA,NA,NA,13.2625627222793,NA,1.38461538461538
id1000,2007,1,1,2006,NA,NA,NA,NA,NA,NA
id1000,2006,0,1,2006,NA,NA,NA,NA,NA,NA
id109,2007,0,1,2007,NA,NA,NA,NA,NA,NA
id341,2008,1,1,2007,NA,NA,NA,NA,NA,NA
id341,2013,6,1,2007,NA,NA,39.743872639613,NA,NA,NA
id341,2007,0,1,2007,NA,NA,NA,NA,NA,NA
id341,2010,3,1,2007,59.3490707321342,NA,36.8191148442021,NA,NA,NA
id341,2011,4,1,2007,69.119737205109,NA,40.1122742160574,NA,NA,NA
id341,2009,2,1,2007,42.4557472950637,NA,29.3767775860863,NA,NA,NA
id341,2012,5,1,2007,NA,NA,39.9227731690137,NA,NA,NA
id294,2012,5,0,2007,NA,NA,NA,14.1365155804309,NA,NA
id294,2010,3,0,2007,NA,NA,NA,NA,NA,NA
id294,2009,2,0,2007,NA,16.2017234301963,NA,NA,NA,NA
id294,2008,1,0,2007,NA,NA,NA,NA,NA,NA
id294,2011,4,0,2007,NA,22.2788998021816,NA,14.2783066650204,NA,NA
id294,2013,6,0,2007,NA,NA,NA,13.6198788974996,NA,NA
id294,2007,0,0,2007,NA,NA,NA,NA,NA,NA
id191,2007,0,1,2007,NA,NA,NA,NA,NA,NA
id633,2007,0,0,2007,NA,NA,NA,NA,NA,NA
id447,2007,0,0,2007,NA,NA,NA,NA,NA,NA
id557,2007,0,0,2007,NA,NA,NA,NA,NA,NA
id919,2007,0,1,2007,NA,NA,NA,NA,NA,NA
id260,2007,0,0,2007,NA,NA,NA,NA,NA,NA
id260,2009,2,0,2007,NA,16.8175890156603,NA,NA,NA,NA
id260,2008,1,0,2007,NA,NA,NA,NA,NA,NA
id578,2008,1,1,2007,NA,NA,NA,NA,NA,NA
id578,2007,0,1,2007,NA,NA,NA,NA,NA,NA
id595,2010,3,1,2007,59.7165078842091,NA,37.2816641315938,NA,NA,NA
id595,2011,4,1,2007,72.1191687427428,NA,41.1518408370428,NA,NA,NA
id595,2013,6,1,2007,NA,NA,41.214820060351,NA,NA,NA
id595,2007,0,1,2007,NA,NA,NA,NA,NA,NA
id595,2008,1,1,2007,NA,NA,NA,NA,NA,NA
id595,2012,5,1,2007,NA,NA,39.809644936162,NA,NA,NA
id595,2009,2,1,2007,43.3184050044143,NA,29.2410987774501,NA,NA,NA
id898,2007,0,0,2007,NA,NA,NA,NA,NA,NA
id898,2010,3,0,2007,NA,NA,NA,NA,NA,NA
id898,2008,1,0,2007,NA,NA,NA,NA,NA,NA
id898,2009,2,0,2007,NA,16.7708948965106,NA,NA,NA,NA
id126,2010,3,0,2007,NA,NA,NA,NA,NA,NA
id126,2009,2,0,2007,NA,16.0059938623609,NA,NA,NA,NA
id126,2007,0,0,2007,NA,NA,NA,NA,NA,NA
id126,2008,1,0,2007,NA,NA,NA,NA,NA,NA
id538,2010,3,0,2007,NA,NA,NA,NA,NA,NA
id538,2012,5,0,2007,NA,NA,NA,13.7073123316212,NA,NA
id538,2009,2,0,2007,NA,17.7106236639364,NA,NA,NA,NA
id538,2007,0,0,2007,NA,NA,NA,NA,NA,NA
id538,2011,4,0,2007,NA,24.2446807197876,NA,13.6666155789802,NA,NA
id538,2008,1,0,2007,NA,NA,NA,NA,NA,NA
id518,2011,4,1,2007,60.3692416006884,NA,40.1134919797951,NA,NA,NA
id518,2009,2,1,2007,34.1068452437207,NA,NA,NA,NA,NA
id518,2007,0,1,2007,NA,NA,NA,NA,NA,NA
id518,2012,5,1,2007,NA,NA,40.4809446071552,NA,NA,NA
id518,2010,3,1,2007,51.0807511587797,NA,36.8678800765973,NA,NA,NA
id518,2008,1,1,2007,NA,NA,NA,NA,NA,NA
id13,2008,1,0,2007,NA,NA,NA,NA,NA,NA
id13,2007,0,0,2007,NA,NA,NA,NA,NA,NA
id13,2010,3,0,2007,NA,NA,NA,NA,NA,NA
id13,2011,4,0,2007,NA,23.1216581036775,NA,12.9818445923291,NA,NA
id13,2013,6,0,2007,NA,NA,NA,12.4850403314331,NA,NA
id13,2009,2,0,2007,NA,17.4246206981608,NA,NA,NA,NA
id13,2012,5,0,2007,NA,NA,NA,13.1676551298196,NA,NA
id330,2007,7,1,2000,NA,NA,41.6356243910545,NA,2.09302325581395,NA
id726,2009,1,1,2008,NA,NA,NA,NA,NA,NA
id726,2013,5,1,2008,NA,NA,37.0513544354668,NA,NA,NA
id726,2010,2,1,2008,38.3793819932965,NA,26.242344425591,NA,NA,NA
id726,2008,0,1,2008,NA,NA,NA,NA,NA,NA
id726,2012,4,1,2008,63.3199311795495,NA,31.0744653037073,NA,NA,NA
id726,2011,3,1,2008,51.9978301428083,NA,32.3420216759658,NA,NA,NA
id852,2010,2,1,2008,46.6335066123373,NA,30.511119228244,NA,NA,NA
id852,2009,1,1,2008,NA,NA,NA,NA,NA,NA
id852,2008,0,1,2008,NA,NA,NA,NA,NA,NA
id852,2011,3,1,2008,60.1336416429071,NA,36.5263980291073,NA,NA,NA
id852,2012,4,1,2008,72.2890649941118,NA,40.7155449957142,NA,NA,NA
id852,2013,5,1,2008,NA,NA,40.1859151366026,NA,NA,NA
id368,2008,0,0,2008,NA,NA,NA,NA,NA,NA
id718,2008,0,0,2008,NA,NA,NA,NA,NA,NA
id929,2009,1,1,2008,NA,NA,NA,NA,NA,NA
id929,2008,0,1,2008,NA,NA,NA,NA,NA,NA
id929,2013,5,1,2008,NA,NA,40.3352226585976,NA,NA,NA
id929,2011,3,1,2008,53.4821756324169,NA,33.2999723148821,NA,NA,NA
id929,2012,4,1,2008,66.6252125679959,NA,38.6958727903075,NA,NA,NA
id929,2010,2,1,2008,40.9563354341477,NA,27.2532568211641,NA,NA,NA
id50,2009,1,0,2008,NA,NA,NA,NA,NA,NA
id50,2011,3,0,2008,NA,NA,NA,NA,NA,NA
id50,2010,2,0,2008,NA,23.1534070213136,NA,NA,NA,NA
id50,2008,0,0,2008,NA,NA,NA,NA,NA,NA
id552,2011,3,0,2008,NA,NA,NA,NA,NA,NA
id552,2009,1,0,2008,NA,NA,NA,NA,NA,NA
id552,2012,4,0,2008,NA,23.4041123005241,NA,13.9585534469182,NA,NA
id552,2013,5,0,2008,NA,NA,NA,13.7200301463839,NA,NA
id552,2010,2,0,2008,NA,20.3052164998003,NA,NA,NA,NA
id552,2008,0,0,2008,NA,NA,NA,NA,NA,NA
id232,2009,1,1,2008,NA,NA,NA,NA,NA,NA
id232,2011,3,1,2008,50.3955928234037,NA,30.1522314200363,NA,NA,NA
id232,2010,2,1,2008,36.6014615983019,NA,24.4647690021448,NA,NA,NA
id232,2012,4,1,2008,63.7386983766242,NA,33.7278716212055,NA,NA,NA
id232,2008,0,1,2008,NA,NA,NA,NA,NA,NA
id232,2013,5,1,2008,NA,NA,35.7859918908519,NA,NA,NA
id907,2008,0,0,2008,NA,NA,NA,NA,NA,NA
id907,2009,1,0,2008,NA,NA,NA,NA,NA,NA
id907,2011,3,0,2008,NA,NA,NA,NA,NA,NA
id907,2012,4,0,2008,NA,25.7570862679178,NA,15.3367703017099,NA,NA
id907,2010,2,0,2008,NA,20.6023270866971,NA,NA,NA,NA
id853,2009,1,1,2008,NA,NA,NA,NA,NA,NA
id853,2008,0,1,2008,NA,NA,NA,NA,NA,NA
id843,2009,1,0,2008,NA,NA,NA,NA,NA,NA
id843,2008,0,0,2008,NA,NA,NA,NA,NA,NA
id379,2011,3,1,2008,45.6226428308732,NA,29.3033086711756,NA,NA,NA
id379,2010,2,1,2008,32.4610895827539,NA,23.232949133122,NA,NA,NA
id379,2009,1,1,2008,NA,NA,NA,NA,NA,NA
id379,2008,0,1,2008,NA,NA,NA,NA,NA,NA
id295,2009,0,0,2009,NA,NA,NA,NA,NA,NA
id704,2009,0,1,2009,NA,NA,NA,NA,NA,NA
id59,2013,4,0,2009,NA,25.6996026620834,NA,14.0710835759406,NA,NA
id59,2009,0,0,2009,NA,NA,NA,NA,NA,NA
id59,2011,2,0,2009,NA,22.6309856901657,NA,NA,NA,NA
id59,2012,3,0,2009,NA,24.3527792883576,NA,14.3329416800171,NA,NA
id59,2010,1,0,2009,NA,NA,NA,NA,NA,NA
id521,2013,4,0,2009,NA,28.2729128777658,NA,13.3641104052365,NA,NA
id521,2009,0,0,2009,NA,NA,NA,NA,NA,NA
id521,2010,1,0,2009,NA,NA,NA,NA,NA,NA
id521,2012,3,0,2009,NA,21.4116363197478,NA,13.8350962026423,NA,NA
id521,2011,2,0,2009,NA,23.4324584814065,NA,NA,NA,NA
id565,2013,4,1,2009,NA,NA,NA,NA,NA,NA
id565,2010,1,1,2009,NA,NA,NA,NA,NA,NA
id565,2011,2,1,2009,34.8456465878862,NA,23.7931035493977,NA,NA,NA
id565,2009,0,1,2009,NA,NA,NA,NA,NA,NA
id565,2012,3,1,2009,48.2785157109869,NA,29.3792721874077,NA,NA,NA
id1038,2012,3,0,2009,NA,23.3416076347189,NA,13.9734850634947,NA,NA
id1038,2012,3,0,2009,NA,23.3416076347189,NA,13.9734850634947,NA,NA
id1038,2009,0,0,2009,NA,NA,NA,NA,NA,NA
id1038,2009,0,0,2009,NA,NA,NA,NA,NA,NA
id1038,2011,2,0,2009,NA,22.2663190096763,NA,NA,NA,NA
id1038,2011,2,0,2009,NA,22.2663190096763,NA,NA,NA,NA
id1038,2010,1,0,2009,NA,NA,NA,NA,NA,NA
id1038,2010,1,0,2009,NA,NA,NA,NA,NA,NA
id1027,2009,0,0,2009,NA,NA,NA,NA,NA,NA
id1027,2010,1,0,2009,NA,NA,NA,NA,NA,NA
id1027,2011,2,0,2009,NA,15.5905016317718,NA,NA,NA,NA
id131,2009,0,0,2009,NA,NA,NA,NA,NA,NA
id586,2009,0,0,2009,NA,NA,NA,NA,NA,NA
id586,2013,4,0,2009,NA,26.2471783782078,NA,14.1599687645215,NA,NA
id586,2012,3,0,2009,NA,25.58360508092,NA,13.9626888397042,NA,NA
id586,2011,2,0,2009,NA,21.4300342264276,NA,NA,NA,NA
id586,2010,1,0,2009,NA,NA,NA,NA,NA,NA
id1051,2012,3,1,2009,NA,NA,NA,NA,NA,NA
id1051,2010,1,1,2009,NA,NA,NA,NA,NA,NA
id1051,2009,0,1,2009,NA,NA,NA,NA,NA,NA
id1051,2013,4,1,2009,NA,NA,NA,NA,NA,NA
id958,2009,0,1,2009,NA,NA,NA,NA,NA,NA
id219,2009,0,1,2009,NA,NA,NA,NA,NA,NA
id679,2011,1,0,2010,NA,NA,NA,NA,NA,NA
id679,2013,3,0,2010,NA,21.4049383644644,NA,14.1130182591694,NA,NA
id679,2010,0,0,2010,NA,NA,NA,NA,NA,NA
id679,2012,2,0,2010,NA,19.7712687143821,NA,14.3459517197696,NA,NA
id535,2011,1,0,2010,NA,NA,NA,NA,NA,NA
id535,2010,0,0,2010,NA,NA,NA,NA,NA,NA
id535,2012,2,0,2010,NA,17.5855910036087,NA,12.7598048906123,NA,NA
id323,2012,2,0,2010,NA,17.4561908793537,NA,12.7445247685606,NA,NA
id323,2011,1,0,2010,NA,NA,NA,NA,NA,NA
id323,2013,3,0,2010,NA,22.7284341355474,NA,13.7570151169956,NA,NA
id323,2010,0,0,2010,NA,NA,NA,NA,NA,NA
id510,2010,0,1,2010,NA,NA,NA,NA,NA,NA
id733,2010,0,0,2010,NA,NA,NA,NA,NA,NA
id733,2013,3,0,2010,NA,23.7081314009883,NA,13.1350341805843,NA,NA
id733,2012,2,0,2010,NA,19.3470109155024,NA,13.5299383838862,NA,NA
id733,2011,1,0,2010,NA,NA,NA,NA,NA,NA
id574,2010,0,1,2010,NA,NA,NA,NA,NA,NA
id479,2011,1,0,2010,NA,NA,NA,NA,NA,NA
id479,2010,0,0,2010,NA,NA,NA,NA,NA,NA
id479,2013,3,0,2010,NA,20.9346147731152,NA,13.4220583680629,NA,NA
id479,2012,2,0,2010,NA,15.7008829909957,NA,12.320990607165,NA,NA
id1075,2012,2,1,2010,37.1104661725556,NA,27.3815142109405,NA,NA,NA
id1075,2011,1,1,2010,NA,NA,NA,NA,NA,NA
id1075,2010,0,1,2010,NA,NA,NA,NA,NA,NA
id1075,2013,3,1,2010,50.2057322408283,NA,32.9109037632931,NA,NA,NA
id977,2010,0,1,2010,NA,NA,NA,NA,NA,NA
id977,2011,1,1,2010,NA,NA,NA,NA,NA,NA
id418,2011,1,1,2010,NA,NA,NA,NA,NA,NA
id418,2013,3,1,2010,46.9577506482093,NA,29.7165265097453,NA,NA,NA
id418,2012,2,1,2010,36.2399656988365,NA,25.1036904652126,NA,NA,NA
id418,2010,0,1,2010,NA,NA,NA,NA,NA,NA
id1005,2011,1,1,2010,NA,NA,NA,NA,NA,NA
id1005,2010,0,1,2010,NA,NA,NA,NA,NA,NA
id1003,2010,0,1,2010,NA,NA,NA,NA,NA,NA
id560,2010,0,0,2010,NA,NA,NA,NA,NA,NA
id560,2012,2,0,2010,NA,7.063159290086,NA,12.3345800969709,NA,NA
id560,2013,3,0,2010,NA,18.9632200253829,NA,13.6332828010593,NA,NA
id560,2011,1,0,2010,NA,NA,NA,NA,NA,NA
id883,2013,3,1,2010,46.329960618338,NA,28.4448830867971,NA,NA,NA
id883,2011,1,1,2010,NA,NA,NA,NA,NA,NA
id883,2012,2,1,2010,33.2681690193191,NA,23.7945262230845,NA,NA,NA
id883,2010,0,1,2010,NA,NA,NA,NA,NA,NA
id301,2010,0,1,2010,NA,NA,NA,NA,NA,NA
id615,2010,0,1,2010,NA,NA,NA,NA,NA,NA
id615,2011,1,1,2010,NA,NA,NA,NA,NA,NA
id1072,2011,1,1,2010,NA,NA,NA,NA,NA,NA
id1072,2010,0,1,2010,NA,NA,NA,NA,NA,NA
id976,2010,0,0,2010,NA,NA,NA,NA,NA,NA
id622,2011,1,1,2010,NA,NA,NA,NA,NA,NA
id622,2013,3,1,2010,52.8721844052842,NA,30.147226776535,NA,NA,NA
id622,2012,2,1,2010,38.9196349257331,NA,26.2391246929508,NA,NA,NA
id622,2010,0,1,2010,NA,NA,NA,NA,NA,NA
id587,2011,0,1,2011,NA,NA,NA,NA,NA,NA
id136,2011,0,1,2011,NA,NA,NA,NA,NA,NA
id136,2012,1,1,2011,24.0983048418447,NA,NA,NA,NA,NA
id136,2013,2,1,2011,37.6823407767502,NA,24.243116917715,NA,NA,NA
id1123,2013,2,1,2011,30.3630159843247,NA,21.5168116787185,NA,NA,NA
id1123,2011,0,1,2011,NA,NA,NA,NA,NA,NA
id1123,2012,1,1,2011,19.1050622461879,NA,NA,NA,NA,NA
id1084,2012,1,0,2011,NA,14.1817425754177,NA,NA,NA,NA
id1084,2011,0,0,2011,NA,NA,NA,NA,NA,NA
id1084,2013,2,0,2011,NA,21.8470330572845,NA,12.8293000726494,NA,NA
id150,2011,0,0,2011,NA,NA,NA,NA,NA,NA
id150,2012,1,0,2011,NA,8.78506259441927,NA,NA,NA,NA
id150,2013,2,0,2011,NA,15.8624734146893,NA,11.7417609593336,NA,NA
id87,2011,0,1,2011,NA,NA,NA,NA,NA,NA
id293,2011,0,0,2011,NA,NA,NA,NA,NA,NA
id577,2012,1,0,2011,NA,10.6104462644181,NA,NA,NA,NA
id577,2011,0,0,2011,NA,NA,NA,NA,NA,NA
id577,2013,2,0,2011,NA,16.5002320482627,NA,12.2655476955687,NA,NA
id5,2013,2,1,2011,35.3357970304754,NA,24.2972162827773,NA,NA,NA
id5,2012,1,1,2011,21.0616893829647,NA,NA,NA,NA,NA
id5,2011,0,1,2011,NA,NA,NA,NA,NA,NA
id153,2012,1,1,2011,20.2889998307859,NA,NA,NA,NA,NA
id153,2011,0,1,2011,NA,NA,NA,NA,NA,NA
id371,2011,0,1,2011,NA,NA,NA,NA,NA,NA
id387,2012,1,1,2011,21.5958356065068,NA,NA,NA,NA,NA
id387,2013,2,1,2011,36.7363914095352,NA,25.084181905937,NA,NA,NA
id387,2011,0,1,2011,NA,NA,NA,NA,NA,NA
id865,2012,1,0,2011,NA,9.57321440119799,NA,NA,NA,NA
id865,2013,2,0,2011,NA,16.1223683638096,NA,13.2627107533536,NA,NA
id865,2011,0,0,2011,NA,NA,NA,NA,NA,NA
id351,2011,0,1,2011,NA,NA,NA,NA,NA,NA
id1056,2013,1,0,2012,NA,13.8330814295672,NA,NA,NA,NA
id1056,2012,0,0,2012,NA,NA,NA,NA,NA,NA
id618,2012,0,1,2012,NA,NA,NA,NA,NA,NA
id749,2012,0,0,2012,NA,NA,NA,NA,NA,NA
id588,2012,0,0,2012,NA,NA,NA,NA,NA,NA
id588,2013,1,0,2012,NA,16.8432603209068,NA,NA,NA,NA
id121,2012,0,0,2012,NA,NA,NA,NA,NA,NA
id121,2013,1,0,2012,NA,14.5003457965115,NA,NA,NA,NA
id315,2012,0,0,2012,NA,NA,NA,NA,NA,NA
id712,2012,0,0,2012,NA,NA,NA,NA,NA,NA
id74,2012,0,1,2012,NA,NA,NA,NA,NA,NA
id74,2013,1,1,2012,11.2838356166437,NA,NA,NA,NA,NA
id67,2012,0,1,2012,NA,NA,NA,NA,NA,NA
id540,2012,0,1,2012,NA,NA,NA,NA,NA,NA
id540,2013,1,1,2012,20.0203405627133,NA,NA,NA,NA,NA
id567,2012,0,0,2012,NA,NA,NA,NA,NA,NA
id567,2013,1,0,2012,NA,13.0957422406628,NA,NA,NA,NA
id354,2012,0,1,2012,NA,NA,NA,NA,NA,NA
id685,2013,1,0,2012,NA,16.4828795027407,NA,NA,NA,NA
id685,2012,0,0,2012,NA,NA,NA,NA,NA,NA
id1019,2012,0,1,2012,NA,NA,NA,NA,NA,NA
id61,2012,0,1,2012,NA,NA,NA,NA,NA,NA
id1067,2012,0,0,2012,NA,NA,NA,NA,NA,NA
id650,2013,0,0,2013,NA,NA,NA,NA,NA,NA
id912,2013,0,0,2013,NA,NA,NA,NA,NA,NA
id38,2013,0,1,2013,NA,NA,NA,NA,NA,NA
id819,2013,0,0,2013,NA,NA,NA,NA,NA,NA
id1097,2013,0,1,2013,NA,NA,NA,NA,NA,NA
id310,2013,0,0,2013,NA,NA,NA,NA,NA,NA
id400,2013,0,0,2013,NA,NA,NA,NA,NA,NA
id816,2013,0,0,2013,NA,NA,NA,NA,NA,NA
id382,2013,0,1,2013,NA,NA,NA,NA,NA,NA
id716,2013,0,0,2013,NA,NA,NA,NA,NA,NA
id1117,2013,0,0,2013,NA,NA,NA,NA,NA,NA
id785,1995,1,1,1994,18.3319983512163,NA,NA,NA,0.777777777777778,NA
